Date,ticker,finbert_positive,finbert_negative,finbert_neutral,finbert_confidence,finbert_score,news_count
2023-05-01,NVDA,0.35808718444444443,0.3739422971111111,0.2679705087777778,0.8407767700000001,-0.015855107111111103,9
2023-05-02,NVDA,0.35569802687499996,0.37344939575,0.27085255725,0.83658813,-0.01775136325,8
2023-05-03,NVDA,0.3581419705466667,0.2937636658466667,0.34809435980000003,0.817197316,0.06437830646666667,15
2023-05-04,NVDA,0.3896071333636364,0.07275995809090909,0.5376329187272727,0.7922795972727272,0.3168471830909091,11
2023-05-05,NVDA,0.275475405125,0.317212555625,0.40731206724999997,0.844691255,-0.04173715874999999,8
2023-05-06,NVDA,0.113484525,0.01236011075,0.8741554,0.8741554,0.101124416,2
2023-05-07,NVDA,0.175965497,0.4095619668,0.41447255,0.69451023,-0.23359646000000006,5
2023-05-08,NVDA,0.6833591958181818,0.040500093545454544,0.27614070472727276,0.87538697,0.6428590936363636,11
2023-05-09,NVDA,0.35953599772727274,0.19368238372727273,0.4467816054090909,0.85018247,0.1658536098181818,11
2023-05-10,NVDA,0.37009538462499997,0.136350275,0.49355434875,0.8723358125,0.23374511278750001,8
2023-05-11,NVDA,0.28819906853846156,0.19836232784615385,0.5134386106923077,0.8501953130769231,0.08983674376923077,13
2023-05-12,NVDA,0.33539405763636365,0.16745825827272728,0.49714767827272727,0.8284473627272727,0.16793580690909093,11
2023-05-13,NVDA,0.053351764,0.014435148,0.93221307,0.93221307,0.038916618,1
2023-05-14,NVDA,0.1342669575,0.01190507625,0.853827965,0.853827965,0.122361885,2
2023-05-15,NVDA,0.17956721674999998,0.257628543875,0.56280421375,0.7722752075,-0.078061329,8
2023-05-16,NVDA,0.24475730315384617,0.12121697161538461,0.6340257007692307,0.847769956923077,0.12354033199999999,13
2023-05-17,NVDA,0.412648108,0.15403884261111112,0.4333130437777778,0.7632209155555556,0.25860926265555556,9
2023-05-18,NVDA,0.492762727826087,0.13508409161304347,0.372153169,0.7962936047826087,0.3576786375217392,23
2023-05-19,NVDA,0.2138615373157895,0.20488619281578946,0.5812522785789473,0.8465327052631579,0.008975342384210527,19
2023-05-20,NVDA,0.3956428125,0.02792571075,0.57643146,0.81777912,0.367717101625,4
2023-05-21,NVDA,0.4396257907272727,0.026109848954545455,0.5342643555454546,0.8583108963636363,0.4135159475363636,11
2023-05-22,NVDA,0.3106922887307692,0.36435719013461537,0.32495052023076926,0.7859493461538462,-0.05366489419230769,26
2023-05-23,NVDA,0.3896204939617647,0.1380327463382353,0.47234675400000004,0.824455315,0.2515877452147059,34
2023-05-24,NVDA,0.29844537930645165,0.35569894429032256,0.34585568,0.8383950835483871,-0.05725356438709678,31
2023-05-25,NVDA,0.45820664236567166,0.32522041952238806,0.2165729445522388,0.8414028007462686,0.13298622464179105,67
2023-05-26,NVDA,0.38272856792105264,0.2130216284736842,0.4042498096315789,0.8028563615789474,0.16970694381578946,38
2023-05-27,NVDA,0.20012612344444444,0.2720600478888889,0.5278138283333333,0.7982663233333334,-0.07193391977222222,18
2023-05-28,NVDA,0.43047522200000005,0.10192115460000001,0.4676035903636364,0.8059394518181818,0.3285540675454545,11
2023-05-29,NVDA,0.33597940219047623,0.11385017942857142,0.5501704095714286,0.7795455671428572,0.2221292173333333,21
2023-05-30,NVDA,0.3087890652682927,0.21305387497560974,0.4781570578536586,0.8210750741463415,0.09573519100243903,41
2023-05-31,NVDA,0.3607622395777778,0.3057682417111111,0.3334695200666667,0.8034694480000001,0.05499399533333334,45
2023-06-01,NVDA,0.413724025931579,0.15314227767105262,0.43313368836842103,0.8093039536842105,0.2605817513947368,38
2023-06-02,NVDA,0.37591495449999995,0.11219719482142856,0.5118878513571429,0.8353333903571428,0.2637177676785714,28
2023-06-03,NVDA,0.33857551259999996,0.201778549365,0.45964594295000005,0.8048553610000001,0.13679696605,20
2023-06-04,NVDA,0.293046585375,0.1735054959375,0.5334478981249999,0.80586327,0.11954109575,8
2023-06-05,NVDA,0.2161805985,0.41470885705555555,0.3691105505,0.7830173377777778,-0.19852826405555557,18
2023-06-06,NVDA,0.41776490316666665,0.2109517715,0.37128333327777774,0.7405488238888889,0.20681313774722224,18
2023-06-07,NVDA,0.34557104354545454,0.3240373870681818,0.3303915572272727,0.8871184472727273,0.02153365790909091,22
2023-06-08,NVDA,0.31858893084,0.13260694238,0.54880412812,0.804756084,0.1859819903336,25
2023-06-09,NVDA,0.4010805125333333,0.14180573742,0.4571137516,0.774590094,0.25927478238,15
2023-06-10,NVDA,0.2230505121666667,0.028846003166666665,0.7481034876666667,0.8826716600000001,0.19420450823333332,6
2023-06-11,NVDA,0.30585172439999997,0.28631829,0.40782997639999996,0.778310992,0.019533448480000003,5
2023-06-12,NVDA,0.4926432608181818,0.10402426261363637,0.40333247636363634,0.8762517750000001,0.38861899836363634,22
2023-06-13,NVDA,0.33120530321428576,0.18543666176785714,0.48335802582142856,0.8164431346428572,0.14576864135357143,28
2023-06-14,NVDA,0.3573768393157895,0.21304886484210525,0.42957426731578946,0.745774582631579,0.14432797184210527,19
2023-06-15,NVDA,0.2745604122285714,0.13326788039999998,0.5921716961428571,0.8138952557142857,0.14129252886028573,35
2023-06-16,NVDA,0.2515568242380952,0.08707807606904762,0.6613651022380952,0.8393274364285714,0.16447874885714286,42
2023-06-17,NVDA,0.311338538,0.11031885379999999,0.5783426010999999,0.804792935,0.20101968030099998,10
2023-06-18,NVDA,0.20793744175,0.067344081875,0.72471848125,0.73660401,0.140593360075,8
2023-06-19,NVDA,0.36091573024999996,0.16684875675,0.4722355045,0.7484234683333333,0.19406697911666668,12
2023-06-20,NVDA,0.2137887327647059,0.20650147332352942,0.579709798117647,0.8184949252941176,0.00728726029411764,17
2023-06-21,NVDA,0.30644403937500003,0.31560904528125,0.3779469225,0.72249914,-0.009165008937499997,16
2023-06-22,NVDA,0.3413497719333333,0.22092804590416668,0.437722178,0.79130140375,0.12042172295833335,24
2023-06-23,NVDA,0.3333226694117647,0.1925787651764706,0.47409854676470586,0.8003732729411766,0.1407439049411765,17
2023-06-24,NVDA,0.186417015375,0.1952066655,0.61837628825,0.81057724125,-0.008789644499999985,8
2023-06-25,NVDA,0.2164801148333333,0.3179823471666667,0.4655375373333333,0.70799541,-0.10150222599999999,6
2023-06-26,NVDA,0.3013239707470588,0.1616518832352941,0.5370241495294118,0.79005954,0.13967209170588232,17
2023-06-27,NVDA,0.41627663719354835,0.1418308023064516,0.4418925442903226,0.7938800706451613,0.27444583662903227,31
2023-06-28,NVDA,0.2944753632972973,0.32234802304054055,0.38317660770270273,0.834558074054054,-0.027872662810810817,37
2023-06-29,NVDA,0.3674248595166667,0.3802019877125,0.25237316616666666,0.8692878016666667,-0.012777122916666656,24
2023-06-30,NVDA,0.5024977470384615,0.147075139,0.3504271119615385,0.822339808076923,0.35542261073076925,26
2023-07-01,NVDA,0.179731911,0.2807821179090909,0.5394859689090908,0.8259022736363636,-0.10105020872727272,11
2023-07-02,NVDA,0.26566467650000003,0.14606601962500002,0.58826933125,0.80682025625,0.11959865624999999,8
2023-07-03,NVDA,0.37182910343478265,0.17916565423913045,0.4490052460869565,0.8536452730434781,0.19266344960869564,23
2023-07-04,NVDA,0.18943139033333334,0.1246359156111111,0.6859327011111112,0.7869463555555556,0.064795477,9
2023-07-05,NVDA,0.39052910111538464,0.0827814336923077,0.5266894600769231,0.7950652753846155,0.3077476692307692,26
2023-07-06,NVDA,0.36581831603846154,0.20615293113846153,0.4280287477307692,0.7982331415384615,0.15966538103846156,26
2023-07-07,NVDA,0.35339317659523806,0.22541610004761906,0.42119072795238094,0.8056958771428572,0.12797707238095238,21
2023-07-08,NVDA,0.2653374094666667,0.13453194293333331,0.6001306504666667,0.8009015413333334,0.13080547073333335,15
2023-07-09,NVDA,0.19374134,0.008795657,0.797463,0.797463,0.18494567,1
2023-07-10,NVDA,0.39943905272222224,0.36785419255555557,0.23270678711111112,0.7811641411111112,0.0315848588888889,9
2023-07-11,NVDA,0.4295257812580645,0.1209897736451613,0.4494844372903226,0.8459114829032258,0.3085360036,31
2023-07-12,NVDA,0.3515834604285714,0.1591567485238095,0.48925977580952384,0.7525419995238095,0.19242671357142857,21
2023-07-13,NVDA,0.5451067557058823,0.18501188150588235,0.2698813674705883,0.8096603894117648,0.3600948721705882,17
2023-07-14,NVDA,0.3707664937333333,0.1791865220666667,0.4500469887333333,0.8199341713333334,0.19157996619999998,15
2023-07-15,NVDA,0.14896849085714287,0.029802165428571427,0.8212293442857143,0.8212293442857143,0.11916632314285713,7
2023-07-16,NVDA,0.18827555733333334,0.18515868700000002,0.6265657633333334,0.8248669,0.0031168775000000007,6
2023-07-17,NVDA,0.32453459621739134,0.2312892410652174,0.44417616713043473,0.8209231017391304,0.09324535226086957,23
2023-07-18,NVDA,0.38953136195,0.13445700379999997,0.47601162859999996,0.8346864115000001,0.255074362,20
2023-07-19,NVDA,0.3897547360625,0.1596997364125,0.450545536875,0.798864766875,0.23005499743750002,16
2023-07-20,NVDA,0.43341899600000006,0.2882114713666667,0.2783695176666667,0.7966326039999999,0.14520751866666667,15
2023-07-21,NVDA,0.37959894505,0.299718964775,0.32068208625,0.765439765,0.07987998594999998,20
2023-07-22,NVDA,0.34985057666666664,0.3184583705,0.331691069,0.82193276,0.03139220450000002,6
2023-07-23,NVDA,0.2616816966666667,0.032710526499999996,0.7056077799999999,0.7056077799999999,0.22897116333333334,3
2023-07-24,NVDA,0.3530620142631579,0.1307847561842105,0.5161532162631579,0.793298335263158,0.2222772602631579,19
2023-07-25,NVDA,0.40575400134375,0.25023494459375,0.3440110630625,0.73617202,0.15551906233124999,16
2023-07-26,NVDA,0.35184964629629634,0.34204558523703704,0.30610476644444445,0.8390676644444445,0.009804062629629628,27
2023-07-27,NVDA,0.39894970628000004,0.22154943488,0.37950086336,0.8967722668,0.17740027168,25
2023-07-28,NVDA,0.2389525318181818,0.08515247303636364,0.6758949854545455,0.7814344309090909,0.15380005423636364,11
2023-07-29,NVDA,0.307036377,0.25331564283333335,0.43964800249999997,0.75260304,0.05372074566666666,6
2023-07-30,NVDA,0.07446460666666667,0.018775186333333332,0.9067601733333334,0.9067601733333334,0.055689419,3
2023-07-31,NVDA,0.2638299295625,0.2291807816875,0.5069892969375,0.77826648375,0.03464915443750001,16
2023-08-01,NVDA,0.3622090775294118,0.19146999461764708,0.4463209405882353,0.7848482835294118,0.17073908662941176,17
2023-08-02,NVDA,0.42375928678947367,0.22317987168421052,0.3530608354736842,0.814524774736842,0.20057941994736841,19
2023-08-03,NVDA,0.38948567261904765,0.33725058357142856,0.27326374961904765,0.8413695333333334,0.052235085285714286,21
2023-08-04,NVDA,0.5910448980588235,0.1568078300588235,0.2521472474117647,0.8815999264705882,0.4342370704117647,17
2023-08-05,NVDA,0.4061805102857143,0.1604282682857143,0.4333912047142857,0.7900111799999999,0.2457522415428571,7
2023-08-06,NVDA,0.019777413,0.56698567,0.4132369,0.56698567,-0.54720825,1
2023-08-07,NVDA,0.5835969783333333,0.14549641654285714,0.27090658728571426,0.8521364042857142,0.43810056476190473,21
2023-08-08,NVDA,0.41031176475000003,0.2090185575,0.38066966733333335,0.8075160525,0.20129321183333335,24
2023-08-09,NVDA,0.41035027653333334,0.3028573332,0.2867924028,0.8169186493333334,0.10749294462666666,15
2023-08-10,NVDA,0.39872862713793106,0.22608257886206895,0.37518879003448274,0.8617291906896551,0.17264604508965517,29
2023-08-11,NVDA,0.379424545625,0.26310618674999997,0.35746927925,0.789366766875,0.11631835062500001,16
2023-08-12,NVDA,0.2002968854,0.24232558275000002,0.5573775187,0.808802244,-0.04202869660000001,10
2023-08-13,NVDA,0.422725782,0.015380754800000002,0.561893488,0.8531985519999999,0.40734504000000005,5
2023-08-14,NVDA,0.554030519665,0.16956639540000001,0.2764030878,0.899118505,0.3844641264,20
2023-08-15,NVDA,0.4643166798846154,0.28728642465384613,0.24839690675,0.8347238223076924,0.1770302538076923,26
2023-08-16,NVDA,0.41367669552380953,0.19387624126190475,0.39244705157142856,0.8319954714285713,0.2198004441904762,21
2023-08-17,NVDA,0.43954212952,0.168342158016,0.39211569595999995,0.8402776131999999,0.27119998144,25
2023-08-18,NVDA,0.35652608520833334,0.2512134796666667,0.39226043941666666,0.83942397,0.10531261058750001,24
2023-08-19,NVDA,0.33978280428571433,0.056747878071428566,0.60346931,0.7647897471428572,0.2830349207142857,7
2023-08-20,NVDA,0.479023705,0.0201686155,0.50080768,0.9213411,0.4588550835,2
2023-08-21,NVDA,0.41653777057142855,0.1800913172285714,0.4033709029714286,0.7896125765714286,0.2364464513,35
2023-08-22,NVDA,0.42579645741666666,0.16192852442708333,0.4122750142291667,0.807231695,0.263867933775,48
2023-08-23,NVDA,0.3646645430454546,0.21872766877272729,0.41660778822727274,0.8199893611363636,0.14593687490454543,44
2023-08-24,NVDA,0.4668105033384615,0.2567976823,0.27639180603076924,0.846254654,0.21001281954261536,65
2023-08-25,NVDA,0.3987810656896552,0.22295573903448276,0.37826319503448275,0.8134864762068965,0.17582532875862067,29
2023-08-26,NVDA,0.4871959274444444,0.025385504399999998,0.487418547,0.8241337655555555,0.46181042288888885,9
2023-08-27,NVDA,0.18083602566666665,0.04160825783333333,0.7775557083333333,0.7843272083333334,0.139227767,6
2023-08-28,NVDA,0.31564720012499997,0.11858360404166668,0.565769203,0.8503151741666667,0.19706359403333332,24
2023-08-29,NVDA,0.41931394413157896,0.1819297131026316,0.39875632222368423,0.8140807657894736,0.23738423000000003,38
2023-08-30,NVDA,0.33689905901515155,0.2503965655060606,0.41270436203030303,0.851273699090909,0.08650249245454544,33
2023-08-31,NVDA,0.3878354702692307,0.07602458262692308,0.5361399514615385,0.8160761246153846,0.31181088224615383,26
2023-09-01,NVDA,0.38137506969999996,0.12153976925000001,0.49708516529999996,0.810910414,0.2598353049,20
2023-09-02,NVDA,0.31591507,0.036078965571428576,0.6480059585714286,0.7766458414285714,0.2798361034285714,7
2023-09-03,NVDA,0.41984208325000005,0.0259563745,0.554201571,0.8441229775,0.39388569425000003,4
2023-09-04,NVDA,0.34513353329999996,0.0153780631,0.6394884165,0.880868188,0.3297554673,10
2023-09-05,NVDA,0.24632934289473685,0.24309360860526316,0.5105770374210526,0.7571607547368421,0.003235733457894729,19
2023-09-06,NVDA,0.3613253035652174,0.24718499502173913,0.39148972360869566,0.7827713069565216,0.11414030634782608,23
2023-09-07,NVDA,0.29678027845454547,0.27969716475,0.4235225631818182,0.8000208504545454,0.017083119181818193,22
2023-09-08,NVDA,0.3173635329090909,0.2494392787409091,0.43319719072727275,0.802011285,0.06792425480909091,22
2023-09-09,NVDA,0.1898592884181818,0.23487281995454545,0.575267889909091,0.8293358554545454,-0.04501352890909091,11
2023-09-10,NVDA,0.35362956225000003,0.03439934125,0.6119710970000001,0.8444466575,0.3192302134,4
2023-09-11,NVDA,0.37908024485,0.10837403000000001,0.5125457246,0.747913782,0.27070621748,20
2023-09-12,NVDA,0.39152282925,0.09730714345833334,0.511170039875,0.82558435875,0.294215681,24
2023-09-13,NVDA,0.4192749183096774,0.09940315985806451,0.4813219253548387,0.8089840212903225,0.31987175959677416,31
2023-09-14,NVDA,0.3568977975909091,0.16646755736363636,0.47663465963636364,0.8439813054545454,0.19043024081818183,22
2023-09-15,NVDA,0.3663194743448276,0.2608515217586207,0.372828989137931,0.8210131424137931,0.10546796183793103,29
2023-09-16,NVDA,0.216868185375,0.023208694874999998,0.75992312,0.86681162375,0.1936594945,8
2023-09-17,NVDA,0.3364762616666666,0.015954645,0.647569099,0.7825229716666667,0.3205216186666667,6
2023-09-18,NVDA,0.4541859438125,0.091784957375,0.4540290905,0.83115346375,0.36240098375,16
2023-09-19,NVDA,0.2918101367307692,0.20986757846153845,0.49832228288461533,0.8156902746153847,0.08194255888461538,26
2023-09-20,NVDA,0.5428134084137931,0.13503646105517242,0.32215014889655175,0.832929795862069,0.40777694444827584,29
2023-09-21,NVDA,0.39752753741176466,0.14348357491764704,0.4589888893529412,0.7994814211764706,0.25404396244117644,17
2023-09-22,NVDA,0.43814388276000005,0.22579480616000003,0.3360613066,0.8310023848,0.21234907215999999,25
2023-09-23,NVDA,0.295043836,0.16322971811111112,0.5417264457777777,0.8331251900000001,0.13181412266666664,9
2023-09-24,NVDA,0.21258760933333332,0.3001784773333333,0.48723390549999995,0.8545700066666667,-0.087590862,6
2023-09-25,NVDA,0.47338552878571427,0.2070270225238095,0.31958744871428574,0.8512398080952381,0.26635850495238095,21
2023-09-26,NVDA,0.4577046160384616,0.17052227615384613,0.37177309807692305,0.8323370607692309,0.28718234592307695,13
2023-09-27,NVDA,0.2999920970608696,0.27699788680434784,0.4230100253043478,0.891157592173913,0.022994206943478267,23
2023-09-28,NVDA,0.45869070235000003,0.20902444284333332,0.33228484578333334,0.7880333626666667,0.2496662553,30
2023-09-29,NVDA,0.3361698166666667,0.055041007645833334,0.608789176125,0.8220450379166667,0.28112880592916667,24
2023-09-30,NVDA,0.10950153166666667,0.32137092899999997,0.5691275619999999,0.8506365300000001,-0.21186937366666667,3
2023-10-01,NVDA,0.4345152583333333,0.014251375166666668,0.5512334016666667,0.8128340966666667,0.42026388533333336,6
2023-10-02,NVDA,0.289871613,0.166406443375,0.543721953125,0.83150308625,0.123465170375,16
2023-10-03,NVDA,0.42536731124137933,0.25908643946551724,0.31554625231034483,0.8159969913793104,0.16628086980689655,29
2023-10-04,NVDA,0.35370560447272725,0.19647218690909088,0.44982222813636363,0.8462218304545455,0.15723341681818181,22
2023-10-05,NVDA,0.4598649113103448,0.26475725750689655,0.2753778153448276,0.8016707148275862,0.1951076497724138,29
2023-10-06,NVDA,0.36523750444827585,0.1954009930862069,0.4393615145862069,0.7794203782758621,0.16983651026551724,29
2023-10-07,NVDA,0.061278775375000004,0.30957003725,0.629151187,0.8683068825,-0.2482912694968,4
2023-10-08,NVDA,0.23865277,0.015173917333333335,0.7461733066666666,0.7461733066666666,0.22347884866666667,3
2023-10-09,NVDA,0.31762688065,0.13609114465,0.5462819846,0.8610864185,0.18153573484500002,20
2023-10-10,NVDA,0.4677637842,0.07933488022,0.4529013452,0.790371394,0.38842890368,25
2023-10-11,NVDA,0.3735479241538462,0.105551259,0.5209008313461538,0.819677926923077,0.2679966581153846,26
2023-10-12,NVDA,0.4209981644730769,0.1085248446423077,0.47047698734615384,0.7927006907692308,0.31247332082307694,26
2023-10-13,NVDA,0.3671226586521739,0.22053744892173913,0.41233988782608694,0.8386197513043478,0.14658521824347828,23
2023-10-14,NVDA,0.3913744175,0.2945609125,0.31406466575,0.6602823600000001,0.09681348000000002,4
2023-10-15,NVDA,0.06026105699999999,0.4863154345,0.45342353599999996,0.915577885,-0.42605438,2
2023-10-16,NVDA,0.40177238379230773,0.11480956396153846,0.4834180539615385,0.7868839103846154,0.2869628193846154,26
2023-10-17,NVDA,0.3077131338387097,0.2800896419258065,0.41219722727419356,0.8492284577419356,0.027623500096774195,31
2023-10-18,NVDA,0.3477297816515152,0.2586425206060606,0.39362769954545457,0.8012127024242425,0.08908725615151517,33
2023-10-19,NVDA,0.19648239267222223,0.27056629340555555,0.5329513190555555,0.8573594066666668,-0.074083901,18
2023-10-20,NVDA,0.258995223925,0.3425110358,0.39849373725000004,0.8637369335,-0.083515805,20
2023-10-21,NVDA,0.040354323,0.35941263925,0.6002330275,0.81295995,-0.31905832525,4
2023-10-22,NVDA,0.6149338175,0.014769862750000001,0.3702963375,0.8083361575,0.600163935,4
2023-10-23,NVDA,0.44739310585,0.18113359562,0.37147331005,0.8633481104999999,0.266259517,20
2023-10-24,NVDA,0.36995603404347827,0.21400778191304348,0.41603619917391305,0.7931021686956522,0.15594825360869566,23
2023-10-25,NVDA,0.5391383149047618,0.20334733686666664,0.25751434552380953,0.7680460528571429,0.33579097566666666,21
2023-10-26,NVDA,0.3799128112045455,0.3737089459090909,0.24637825086363635,0.8708402504545455,0.006203860045454554,22
2023-10-27,NVDA,0.242906025725,0.308613299,0.44848066875,0.8297975225,-0.0657072725,16
2023-10-28,NVDA,0.19273069454,0.43157486454000005,0.3756944412,0.884783708,-0.23884416000000003,5
2023-10-29,NVDA,0.33202196116666666,0.16763963016666664,0.5003383983333333,0.808749075,0.164382318,6
2023-10-30,NVDA,0.4445687067407408,0.1385779347962963,0.41685336785185184,0.829331012962963,0.30599077181481477,27
2023-10-31,NVDA,0.38788433392,0.22620499774,0.38591066335999996,0.8715948448,0.161679340208,25
2023-11-01,NVDA,0.2958674213,0.22332829147500002,0.48080429355,0.8553009684999999,0.07253912146,20
2023-11-02,NVDA,0.3539610609375,0.38337257113125,0.26266636625,0.832439548125,-0.029411514812499998,16
2023-11-03,NVDA,0.554924093,0.22853046125,0.21654545328571428,0.8928095503571428,0.32639362967857144,28
2023-11-04,NVDA,0.21135745014285715,0.5054377022857143,0.2832048305714286,0.7653853242857143,-0.2940802478857143,7
2023-11-05,NVDA,0.09234454549999999,0.6279686433888889,0.27968681455555555,0.8731788188888889,-0.5356241057777777,9
2023-11-06,NVDA,0.32252417375,0.125232773525,0.5522430665833333,0.8139651308333334,0.19729139679166666,24
2023-11-07,NVDA,0.39525376442857146,0.14464226361428573,0.46010398380952383,0.82907988,0.2506115033809524,21
2023-11-08,NVDA,0.3062106679230769,0.15890405315384618,0.5348852774615385,0.8914505030769231,0.14730661607692308,13
2023-11-09,NVDA,0.43157842253333334,0.08598583823333333,0.4824357568666667,0.7596267673333333,0.3455925838,15
2023-11-10,NVDA,0.5325574936818183,0.08299823519999999,0.3844442804545455,0.7864674913636364,0.4495592556590909,22
2023-11-11,NVDA,0.31281286175,0.02675921775,0.66042788,0.8542563224999999,0.2860536434,4
2023-11-12,NVDA,0.08509452,0.011784530500000001,0.903120975,0.903120975,0.0733099885,2
2023-11-13,NVDA,0.2639747124444444,0.21719363244444445,0.5188316644074074,0.8202075266666666,0.04678108574074074,27
2023-11-14,NVDA,0.4382058318387097,0.28305032406451613,0.27874385451612904,0.8419260161290323,0.1551555017096774,31
2023-11-15,NVDA,0.4498811482,0.14381906591666666,0.4062998031333333,0.8077544929999999,0.3060620817666667,30
2023-11-16,NVDA,0.5219073141923076,0.06023259885,0.41786008996153845,0.8275958223076922,0.4616747124423077,26
2023-11-17,NVDA,0.5123445216896552,0.17327195770689655,0.31438352555172416,0.7948322893103448,0.33907256282758624,29
2023-11-18,NVDA,0.11775840250000001,0.1886415925,0.6936000333333333,0.8435941583333334,-0.0708831884,6
2023-11-19,NVDA,0.2629134096666667,0.148688817,0.5883977733333333,0.7762401533333333,0.11422459233333333,6
2023-11-20,NVDA,0.3932809503783784,0.13073802234054055,0.47598102581081086,0.7973128308108108,0.2625429300567568,37
2023-11-21,NVDA,0.4504969282282609,0.18988338024130436,0.3596196874782609,0.8422685384782609,0.2606135483102174,46
2023-11-22,NVDA,0.5169180340333333,0.18017099313333335,0.3029109542444445,0.8363521464444444,0.33674704227777774,45
2023-11-23,NVDA,0.6548420927272727,0.07873659081818181,0.26642128627272726,0.7450887863636364,0.5761055039999999,11
2023-11-24,NVDA,0.372246753037037,0.2603255298888889,0.3674277068148148,0.8098637937037038,0.11192122514074072,27
2023-11-25,NVDA,0.46876891000000004,0.014597519666666668,0.51663355,0.7658051,0.45417140333333333,3
2023-11-26,NVDA,0.3375195,0.012411367,0.6500692,0.6500692,0.32510814,1
2023-11-27,NVDA,0.3191627741724138,0.19885193203793103,0.48198528234482757,0.8506809572413793,0.12031084468965517,29
2023-11-28,NVDA,0.25782974047619045,0.14951641514285713,0.5926538530000001,0.8247160661904761,0.10831332861904762,21
2023-11-29,NVDA,0.5195232305999999,0.17714518784,0.30333158628,0.8264621884000001,0.34237804780799996,25
2023-11-30,NVDA,0.5364608295000001,0.20919566654545454,0.2543434955,0.8416053922727272,0.3272651685909091,22
2023-12-01,NVDA,0.5666799379999999,0.16978755088235295,0.2635325076470588,0.8567003182352941,0.3968923810588235,17
2023-12-02,NVDA,0.3890445125454546,0.12241633031818182,0.4885391481818182,0.7514114363636364,0.2666281809090909,11
2023-12-03,NVDA,0.37672501,0.1932703249,0.4300046458,0.8418700680000001,0.1834546905,10
2023-12-04,NVDA,0.4316578323809524,0.03395574410476191,0.5343864462857143,0.8730770676190477,0.39770208654761907,21
2023-12-05,NVDA,0.4426353831904762,0.11452955316666667,0.4428350704761905,0.8369662466666666,0.3281058296666667,21
2023-12-06,NVDA,0.2993264014642857,0.23514902771428572,0.46552456553571425,0.8159549689285714,0.06417737003571429,28
2023-12-07,NVDA,0.5204147609090909,0.1175936665,0.36199157018181816,0.7627758527272728,0.40282109554545453,22
2023-12-08,NVDA,0.4226892740833333,0.04579050247916666,0.5315202204166667,0.8201201433333334,0.37689876825,24
2023-12-09,NVDA,0.2317834771666667,0.04248979466666667,0.72572674025,0.8512699858333334,0.189293682,12
2023-12-10,NVDA,0.4595814671428572,0.011853615642857142,0.52856493,0.82012485,0.44772785428571427,7
2023-12-11,NVDA,0.4372560221428571,0.05939421539285714,0.5033497626428571,0.8631221114285713,0.37786181307214284,14
2023-12-12,NVDA,0.40120105633333336,0.11540827456666668,0.48339067266666663,0.8083618559259259,0.2857927799259259,27
2023-12-13,NVDA,0.49064911333333333,0.1217047475925926,0.3876461345185185,0.8325459355555554,0.3689443641422222,27
2023-12-14,NVDA,0.4381399310833333,0.2864638984166667,0.2753961601666666,0.8164488108333333,0.15167604375,12
2023-12-15,NVDA,0.4527783653333334,0.11173185675238095,0.4354897782857143,0.8336764142857143,0.34104650633333333,21
2023-12-16,NVDA,0.45726823066666666,0.024490881500000002,0.518240895,0.8203166783333332,0.43277735366666664,6
2023-12-17,NVDA,0.3313858745,0.013680670416666665,0.6549334533333333,0.7124685833333334,0.31770521300000004,6
2023-12-18,NVDA,0.38531141583333334,0.07169344844999999,0.5429951132777778,0.8118610644444444,0.3136179748888889,18
2023-12-19,NVDA,0.5106221007857142,0.11706134659523809,0.37231656271428576,0.8666247276190477,0.39356074902380955,21
2023-12-20,NVDA,0.41329679908695655,0.08699393581304349,0.49970927095652173,0.8589866482608697,0.32630285853913044,23
2023-12-21,NVDA,0.37001499152173917,0.21208592926086958,0.4178990827826087,0.7857374347826088,0.15792906417391303,23
2023-12-22,NVDA,0.4960977262272728,0.06148479722727273,0.4424174621363636,0.8425552186363636,0.4346129269545455,22
2023-12-23,NVDA,0.3972906574,0.074039303,0.528670041,0.77939324,0.32325135655,10
2023-12-24,NVDA,0.6474634149999999,0.12619552485714286,0.22634105999999998,0.8452072571428572,0.5212679057142857,7
2023-12-25,NVDA,0.2323101235,0.012987021750000001,0.754702845,0.7669532,0.2193230965,4
2023-12-26,NVDA,0.5224652145,0.035398803754166666,0.44213597337500005,0.7636699779166666,0.48706641,24
2023-12-27,NVDA,0.34260378521739127,0.10566220852173913,0.5517340185652174,0.8654507069565218,0.23694157264347826,23
2023-12-28,NVDA,0.4722681981111111,0.059128884138888886,0.4686029151111111,0.8207162483333333,0.4131393083888889,18
2023-12-29,NVDA,0.3425376943846154,0.16263248938846153,0.4948297998461539,0.8685814607692308,0.17990520771000001,26
2023-12-30,NVDA,0.23008627750000002,0.23306088668421054,0.5368528385263158,0.8133761578947368,-0.002974607999999992,19
2023-12-31,NVDA,0.5521927867222222,0.11881665722222223,0.32899057233333334,0.8450737022222222,0.4333761266666667,9
2024-01-01,NVDA,0.228175486875,0.09604062375,0.67578388625,0.8257530024999999,0.13213487062499998,8
2024-01-02,NVDA,0.26414140720833335,0.2807154839166667,0.45514312545833335,0.84250198125,-0.01657407116666666,24
2024-01-03,NVDA,0.28337253994444445,0.3131198147185185,0.40350765259259264,0.8624255422222222,-0.029747279844444443,27
2024-01-04,NVDA,0.3945855326258064,0.1491153088032258,0.45629917012903226,0.8145853358064516,0.24547022232258064,31
2024-01-05,NVDA,0.38336178447368424,0.3156136017631579,0.30102460857894736,0.852240112631579,0.06774818905263158,19
2024-01-06,NVDA,0.335723463,0.13750200268749999,0.52677454375,0.7230741,0.198221473875,8
2024-01-07,NVDA,0.19511115166666668,0.037165579,0.767723305,0.8310502816666667,0.15794557333333334,6
2024-01-08,NVDA,0.44348621351612905,0.10036633929032258,0.4561474497419355,0.7906583922580644,0.34311986690645163,31
2024-01-09,NVDA,0.4795981936285714,0.13811501695714284,0.3822867886857143,0.8013434368571428,0.3414831778,35
2024-01-10,NVDA,0.5566967951081081,0.09511153943243243,0.3481916638378378,0.803348828108108,0.46158525108108106,37
2024-01-11,NVDA,0.5979956726153847,0.023279721384615384,0.37872461507692307,0.8040582884615385,0.5747159476153846,13
2024-01-12,NVDA,0.49182385825,0.0883936139875,0.41978251925,0.810785064375,0.4034302446,16
2024-01-13,NVDA,0.467564664375,0.0422279743125,0.4902073705,0.820624540625,0.4253366844375,16
2024-01-14,NVDA,0.3413236488,0.09277457010000001,0.5659017976999999,0.720824998,0.248549079,10
2024-01-15,NVDA,0.3790200127142857,0.02180403221428571,0.5991759478571429,0.8393678635714286,0.3572159777857143,14
2024-01-16,NVDA,0.32107090719473685,0.2700482132105263,0.40888087431578946,0.7749957373684211,0.0510227007631579,19
2024-01-17,NVDA,0.43965209470588235,0.15983204059411765,0.40051586870588235,0.8135426023529412,0.27982006411764704,17
2024-01-18,NVDA,0.522186753875,0.18832682604166665,0.28948643158333337,0.8363345799999999,0.33385993129166663,24
2024-01-19,NVDA,0.7205578592857143,0.09989519480476192,0.17954693823809523,0.81944554,0.6206626647619048,21
2024-01-20,NVDA,0.3244783309285714,0.060032102857142854,0.6154895785714285,0.7885510064285715,0.2644462279285714,14
2024-01-21,NVDA,0.37803404625000003,0.21325980525,0.40870615250000003,0.75739437875,0.16477423875,8
2024-01-22,NVDA,0.30816878762068967,0.1950977030586207,0.4967335099310345,0.8195785193103449,0.11307108362068966,29
2024-01-23,NVDA,0.3167719657142857,0.18958428457142856,0.4936437310714286,0.8474674928571428,0.12718767932142858,28
2024-01-24,NVDA,0.4980859015238095,0.0660545075952381,0.43585957333333336,0.8597722623809523,0.4320313966666667,21
2024-01-25,NVDA,0.31603661335714284,0.23487057032142858,0.4490928197857143,0.8209177507142857,0.08116604438214285,28
2024-01-26,NVDA,0.5034131629999999,0.13183033941666666,0.36475650583333336,0.8265751355555556,0.371582825,18
2024-01-27,NVDA,0.3692767673125,0.25265390815625,0.3780693180625,0.809229019375,0.11662286320625,16
2024-01-28,NVDA,0.7039255166666667,0.03377824588888889,0.26229624744444446,0.7756656122222222,0.6701472744444444,9
2024-01-29,NVDA,0.34734457935714286,0.1956618496392857,0.45699356217857146,0.8140380935714286,0.15168273285714287,28
2024-01-30,NVDA,0.4770607427272727,0.20114680027272727,0.32179244036363636,0.8710630018181817,0.2759139357695454,22
2024-01-31,NVDA,0.3533352702307692,0.20713339207692305,0.4395313516923077,0.844810496923077,0.1462018776692308,26
2024-02-01,NVDA,0.3505361036666667,0.147719800875,0.5017440855,0.8359861975,0.20281630227083333,24
2024-02-02,NVDA,0.3881142097407407,0.13960450593703705,0.47228127433333333,0.7978026074074074,0.24850969445555557,27
2024-02-03,NVDA,0.3967669925,0.12810086625,0.475132136,0.806498194375,0.2686661331525,16
2024-02-04,NVDA,0.3890676178,0.22245836400000002,0.38847399559999995,0.899111502,0.16660925529999998,5
2024-02-05,NVDA,0.4420050599285714,0.18197228324999998,0.37602266275,0.8345692682142857,0.26003277151785714,28
2024-02-06,NVDA,0.5982407301739131,0.1274695842173913,0.27428967295652174,0.8380955817391305,0.4707711462173913,23
2024-02-07,NVDA,0.5235813560625,0.177840597921875,0.2985780376875,0.7847366328125,0.345740757625,32
2024-02-08,NVDA,0.3968254419642857,0.128465550875,0.4747090078571428,0.8259393271428571,0.26835988641785713,28
2024-02-09,NVDA,0.38518945054545456,0.17343630252272726,0.44137424013636367,0.8505767454545455,0.21175314491363634,22
2024-02-10,NVDA,0.4750140576363636,0.022349403136363636,0.5026365601818182,0.828241370909091,0.4526646546454545,11
2024-02-11,NVDA,0.249200435625,0.071675333875,0.6791242625,0.776416065,0.177525104125,8
2024-02-12,NVDA,0.3314231409736842,0.22702770759210525,0.44154914400000006,0.807398267368421,0.10439542707894738,38
2024-02-13,NVDA,0.4421611279714286,0.1959038776142857,0.3619350008857143,0.8378556457142856,0.24625724657142856,35
2024-02-14,NVDA,0.42052397072413794,0.10859551908275862,0.4708805203448275,0.8677259586206897,0.3119284484206897,29
2024-02-15,NVDA,0.3720001214146342,0.2382407140365854,0.38975916441463415,0.8197212192682927,0.1337594052804878,41
2024-02-16,NVDA,0.36932729503030304,0.2631176655454545,0.36755503381818183,0.8390513996969696,0.10620962477575757,33
2024-02-17,NVDA,0.41729299635294115,0.13678093338823527,0.44592606723529415,0.7681275711764706,0.28051205698235293,17
2024-02-18,NVDA,0.2726483125384615,0.03603820996153846,0.691313488076923,0.8508614830769231,0.2366101040769231,13
2024-02-19,NVDA,0.5266823547916667,0.09969800899999999,0.37361964029166667,0.8539035104166667,0.4269843405416667,24
2024-02-20,NVDA,0.4194037722469388,0.20773232166734693,0.37286390302040817,0.8143946238775511,0.21167144454081635,49
2024-02-21,NVDA,0.31161889087358496,0.34294044035283017,0.3454406699433963,0.796443726226415,-0.03132154843396227,53
2024-02-22,NVDA,0.5197048324259259,0.1787311235962963,0.30156403805555554,0.8471928657407408,0.3409737128148148,54
2024-02-23,NVDA,0.5124020835212766,0.16465848564468083,0.3229394288085106,0.8252315163829786,0.3477436030531915,47
2024-02-24,NVDA,0.4428277254583333,0.19949234404166669,0.3576799312916667,0.7712858691666667,0.24333538245833333,24
2024-02-25,NVDA,0.4792591507272727,0.2543819487818182,0.26635892681818185,0.8071485763636363,0.22487719000000003,11
2024-02-26,NVDA,0.41528879997222223,0.19934758076388887,0.3853636215277778,0.8539138244444444,0.21594121840833333,36
2024-02-27,NVDA,0.36953174048780485,0.23986723798292683,0.39060103480487807,0.8234254,0.12966450123170734,41
2024-02-28,NVDA,0.4359791053111111,0.08539046422666667,0.4786304356666667,0.834420850888889,0.3505886410888889,45
2024-02-29,NVDA,0.4908342976444445,0.12000393066666667,0.38916176446666667,0.7983610413333333,0.37083036540000003,45
2024-03-01,NVDA,0.44993535675,0.104428634775,0.44563601434999994,0.8522392240000001,0.34550672793174997,40
2024-03-02,NVDA,0.39777503833333333,0.05806222216666667,0.5441627287916667,0.8361958379166666,0.33971281266666664,24
2024-03-03,NVDA,0.2351576937,0.05180062355,0.713041681,0.811450166,0.18335706747,10
2024-03-04,NVDA,0.5218244745880952,0.17699923373333334,0.30117629133333335,0.8187798850000001,0.34482524126666664,42
2024-03-05,NVDA,0.39499191594736843,0.20157279959473684,0.4034352846052632,0.7804912365789474,0.1934191164868421,38
2024-03-06,NVDA,0.4127629577096774,0.1500673941548387,0.43716965661290325,0.8060693116129032,0.2626955623225806,31
2024-03-07,NVDA,0.4437917416625,0.16644872065625,0.389759539125,0.7880029550000001,0.27734302503125,32
2024-03-08,NVDA,0.33961867464473683,0.2189224743131579,0.4414588457631579,0.8372173078947368,0.1206961974368421,38
2024-03-09,NVDA,0.44093724942857143,0.13192631607142857,0.4271364203809524,0.8508619385714286,0.30901093221904763,21
2024-03-10,NVDA,0.40159890675000004,0.038376928708333334,0.56002416625,0.8041618599999999,0.3632219821666667,12
2024-03-11,NVDA,0.4291849756809524,0.1964833801261905,0.3743316571904762,0.8150028447619048,0.23270158945238095,42
2024-03-12,NVDA,0.4432146964761905,0.17873064333333333,0.3780546695952381,0.8015359519047619,0.2644840509523809,42
2024-03-13,NVDA,0.406967757,0.14012733586410256,0.45290491033333335,0.7980096548717949,0.266840426,39
2024-03-14,NVDA,0.37346016822580647,0.2679298432903226,0.3586099840322581,0.7647262487096774,0.10553032450000001,31
2024-03-15,NVDA,0.4368745983611111,0.22836703020833335,0.33475838594444446,0.8150370002777777,0.20850756630555556,36
2024-03-16,NVDA,0.493029181,0.031445994978260866,0.4755248253478261,0.8143398717391305,0.4615831852173913,23
2024-03-17,NVDA,0.3963474996,0.04125184566666666,0.5624006564666666,0.7572947246666667,0.35509565264000004,15
2024-03-18,NVDA,0.495466608546875,0.0486958904609375,0.4558374934375,0.7776071610937499,0.4467707211296875,64
2024-03-19,NVDA,0.4923185316862745,0.1589212070137255,0.34876025962745094,0.7907426801960784,0.33339732576470593,51
2024-03-20,NVDA,0.5419064990097561,0.11008636418292682,0.3480071342195122,0.7858359804878048,0.4318201403414634,41
2024-03-21,NVDA,0.4892387730476191,0.0663309835452381,0.44443024723809527,0.7838994654761904,0.42290778961904757,42
2024-03-22,NVDA,0.4466898795653846,0.12302756435000001,0.4302825631923077,0.8153724103846154,0.3236623135346154,26
2024-03-23,NVDA,0.3051882116,0.0839708148,0.61084097,0.7694557200000001,0.22121739690000003,10
2024-03-24,NVDA,0.15693309718181817,0.25058629163636365,0.5924805987272728,0.8388306936363636,-0.09365319452727273,11
2024-03-25,NVDA,0.44581181059999997,0.06950901326,0.48467917985,0.7791261665,0.37630279460000005,40
2024-03-26,NVDA,0.5160521831304348,0.017613040217391306,0.466334765,0.7872351426086956,0.4984391431521739,23
2024-03-27,NVDA,0.3955074652304348,0.14585134319565218,0.4586411883043478,0.845797587826087,0.24965611465217388,23
2024-03-28,NVDA,0.41766964415625,0.060419659175,0.52191069309375,0.8133842571875,0.357249987978125,32
2024-03-29,NVDA,0.3681131696,0.2708930017,0.3609938343,0.795417829,0.09722016680000001,10
2024-03-30,NVDA,0.3175309983333333,0.03756835201111111,0.6449006555555555,0.8269658055555555,0.27996265188888886,9
2024-03-31,NVDA,0.29100320425,0.12912666380625,0.579870110625,0.8091786125,0.1618765458125,16
2024-04-01,NVDA,0.3683452391875,0.0597650202375,0.57188975346875,0.81082226375,0.308580220084375,32
2024-04-02,NVDA,0.27306926042857144,0.07213984005357142,0.6547909031428573,0.8400125421428571,0.200929418975,28
2024-04-03,NVDA,0.41304651414285715,0.17952514905357142,0.40742833026785713,0.7871779542857142,0.2335213742857143,28
2024-04-04,NVDA,0.5360611560454546,0.06917443499545455,0.3947644067727273,0.7765361613636365,0.4668867235454545,22
2024-04-05,NVDA,0.38133366112,0.135062833852,0.48360350080000003,0.8009816139999999,0.24627082672,25
2024-04-06,NVDA,0.3295608295833333,0.032394473416666666,0.638044706,0.7777466366666667,0.29716635325,12
2024-04-07,NVDA,0.3062623426875,0.163584835,0.530152815375,0.7994682375,0.142677503125,8
2024-04-08,NVDA,0.52578635425,0.0731719388625,0.4010417154166667,0.8110102475000001,0.45261440633333333,24
2024-04-09,NVDA,0.48343083444999996,0.24327974879411762,0.2732894165,0.826569196764706,0.24015108514705882,34
2024-04-10,NVDA,0.3907980962195122,0.13121297814146343,0.4779889276585366,0.8250163531707317,0.2595851160585366,41
2024-04-11,NVDA,0.4580347878148148,0.11571624366666666,0.4262489785925926,0.7883734488888889,0.34231854458518524,27
2024-04-12,NVDA,0.4200286320666667,0.15261402363333335,0.42735734519999996,0.7991806819999999,0.26741460812,30
2024-04-13,NVDA,0.344980446,0.08067913094444444,0.5743404253888889,0.7903429966666667,0.2643013073888889,18
2024-04-14,NVDA,0.324336348,0.02918584275,0.6464778275,0.68839031375,0.2951505,8
2024-04-15,NVDA,0.44144459551851856,0.11795894946666667,0.44059645396296293,0.8136420148148148,0.32348564731481483,27
2024-04-16,NVDA,0.4539622075185185,0.2404144355925926,0.30562337933333333,0.8305370322222223,0.21354777481481482,27
2024-04-17,NVDA,0.5361305955714286,0.07304312183714286,0.3908262855714286,0.7872106085714285,0.4630874722285715,35
2024-04-18,NVDA,0.38012983598387096,0.11720137447096773,0.5026688033870967,0.8149365732258065,0.26292846525806446,31
2024-04-19,NVDA,0.24150222128695653,0.4011054454347826,0.3573923337826087,0.8621291769565218,-0.15960322465217391,23
2024-04-20,NVDA,0.27539454566666666,0.1136832981,0.6109221604166667,0.8716845258333333,0.16171124966666664,12
2024-04-21,NVDA,0.2424975823142857,0.2009130652857143,0.5565893509285714,0.8106545192857143,0.04158452185714285,14
2024-04-22,NVDA,0.24681591620588234,0.2975967897058823,0.45558728020588235,0.8292350585294118,-0.05078087832617647,34
2024-04-23,NVDA,0.2792757511481482,0.07649596483333333,0.6442282751851851,0.8238870614814815,0.20277978556666665,27
2024-04-24,NVDA,0.41745966188461536,0.06832392815384615,0.5142164155,0.8230637115384615,0.3491357285384616,26
2024-04-25,NVDA,0.3716460353478261,0.13613217126086957,0.492221779826087,0.8224381204347826,0.23551386147826087,23
2024-04-26,NVDA,0.441428776625,0.18706876525000002,0.3715024546666667,0.8522122441666666,0.2543600112916667,24
2024-04-27,NVDA,0.3358493646071428,0.08832539871428571,0.5758252272857144,0.8310508192857142,0.24752396978571428,14
2024-04-28,NVDA,0.3516881605,0.0215023140625,0.6268095112500001,0.844425475,0.330185857,8
2024-04-29,NVDA,0.4407268602727273,0.06225127263636363,0.49702186890909095,0.8488663204545456,0.3784755826363636,22
2024-04-30,NVDA,0.4140082624,0.19986571158,0.38612602686,0.8069679211999999,0.21414255584,25
2024-05-01,NVDA,0.3527846603846154,0.20156338802692308,0.4456519508076923,0.8711109196153846,0.15122126884615386,26
2024-05-02,NVDA,0.4354355238275862,0.1676328615689655,0.3969316148965517,0.8091902851724139,0.26780265444827583,29
2024-05-03,NVDA,0.47118806122727275,0.2975077069545455,0.2313042348181818,0.8783206322727272,0.17368035329545453,22
2024-05-04,NVDA,0.437070972,0.015308049199999998,0.5476209742,0.9122155160000001,0.4217629346,5
2024-05-05,NVDA,0.32669647142857144,0.03030150092857143,0.6430020485714286,0.8741585799999999,0.29639496871428567,7
2024-05-06,NVDA,0.4952785029090909,0.19085779195454544,0.3138637013181818,0.8304237104545454,0.3044207077989545,44
2024-05-07,NVDA,0.4168878307352941,0.23065644587058823,0.3524557270882353,0.8704976764705882,0.1862313921852941,34
2024-05-08,NVDA,0.5348247827666667,0.14555074476666666,0.31962446343333334,0.8644524473333334,0.3892740433666667,30
2024-05-09,NVDA,0.5751208798125,0.13605342181250002,0.288825698125,0.889800805,0.4390674570625,16
2024-05-10,NVDA,0.560690132609375,0.11349342525,0.325816463375,0.8415315440625,0.447196705290625,32
2024-05-11,NVDA,0.16510320566666667,0.21300931409999999,0.6218874806666667,0.8252541116666667,-0.047906121,6
2024-05-12,NVDA,0.41490621999999994,0.1556693675714286,0.4294244157142857,0.8441525471428571,0.2592368464285714,7
2024-05-13,NVDA,0.42051242984,0.20326699388000002,0.37622057595999997,0.8175326344,0.21724543568,25
2024-05-14,NVDA,0.45055678140000005,0.18746935161666667,0.36197387096666667,0.7834952186666667,0.2630874307666667,30
2024-05-15,NVDA,0.5692652135999999,0.06059995238571428,0.37013481722857144,0.8276928717142856,0.5086652697714286,35
2024-05-16,NVDA,0.4946408033793103,0.07993859305517241,0.42542060758620687,0.7904996306896552,0.4147022106344828,29
2024-05-17,NVDA,0.39340388420833333,0.11603108194166667,0.490565038375,0.7717329020833333,0.27737279983333335,24
2024-05-18,NVDA,0.40485923725,0.0545561353125,0.540584632,0.83599345625,0.35030308755,8
2024-05-19,NVDA,0.4562760879090909,0.024188250863636362,0.5195356755454545,0.82016247,0.4320878345454545,11
2024-05-20,NVDA,0.3623708734857143,0.10865544842857143,0.5289736846571428,0.8345102137142858,0.25371542656,35
2024-05-21,NVDA,0.40684554061764705,0.2520554630794118,0.3410989871764706,0.8575145700000001,0.15479007752941176,34
2024-05-22,NVDA,0.4772528857142857,0.17389927161714286,0.3488478445,0.8340128674285714,0.3033536163628571,35
2024-05-23,NVDA,0.47060599971153844,0.16170377479807693,0.3676902224615385,0.8658315590384615,0.3089022218461538,52
2024-05-24,NVDA,0.44631839835,0.10361618608,0.450065405025,0.833392491,0.3427022135,40
2024-05-25,NVDA,0.18608744685714287,0.09418395764285714,0.7197285857142858,0.7615786971428572,0.09190349085714287,7
2024-05-26,NVDA,0.37474209799999997,0.048518231700000004,0.5767396650000001,0.780145713,0.3262238665,10
2024-05-27,NVDA,0.3970571497142857,0.0459483285,0.5569945307857143,0.8126399171428572,0.3511088171428572,14
2024-05-28,NVDA,0.3959614089302326,0.1008866915232558,0.503151896744186,0.8177371776744187,0.2950747159955814,43
2024-05-29,NVDA,0.5166399338157895,0.14977214904736844,0.3335879101052632,0.8196455826315789,0.3668677791894737,38
2024-05-30,NVDA,0.38495252773684213,0.17964697722894737,0.4354005077105263,0.8164870831578948,0.20530555196052633,38
2024-05-31,NVDA,0.42688046065625,0.13969998634375,0.4334195623125,0.8613056315625,0.2871804691875,32
2024-06-01,NVDA,0.24230118242857143,0.16679381714285715,0.5909050135714286,0.790063295,0.07550736542857142,14
2024-06-02,NVDA,0.31919015270370366,0.05368873698888889,0.6271211181481482,0.761863597037037,0.26550141711111114,27
2024-06-03,NVDA,0.5077643647567567,0.10642892575675675,0.3858067101891892,0.8455531856756756,0.4013354423254054,37
2024-06-04,NVDA,0.4727900350116279,0.10223456610697675,0.4249753966511628,0.8244891493023255,0.37055546464418604,43
2024-06-05,NVDA,0.45120370910526314,0.09270635343421052,0.4560899509473684,0.7892139681578947,0.3584973539842105,38
2024-06-06,NVDA,0.5903405825869565,0.08571038905434783,0.3239490267391304,0.8189966693478261,0.5046301950000001,46
2024-06-07,NVDA,0.3825541509,0.11517974123750001,0.502266113725,0.8539835310000001,0.26737441472125,40
2024-06-08,NVDA,0.2784287146470588,0.14663875905882354,0.5749325264705882,0.817915224117647,0.13178995605882352,17
2024-06-09,NVDA,0.23755259289999997,0.2518682584,0.5105791585,0.802745157,-0.014315669499999994,10
2024-06-10,NVDA,0.47727071645652175,0.07838188479347825,0.4443473865217391,0.8148944860869566,0.39888883102173917,46
2024-06-11,NVDA,0.3455893265897436,0.2068882196410256,0.4475224653589744,0.8363061128205127,0.13870110305128205,39
2024-06-12,NVDA,0.4250342874210526,0.0388924705131579,0.5360732314210527,0.7998798147368421,0.3861418189963158,38
2024-06-13,NVDA,0.37635026555555556,0.19099857015925925,0.4326511564074074,0.8367310751851852,0.18535169862962964,27
2024-06-14,NVDA,0.4560873957,0.21199704887666665,0.33191554261666667,0.8384867706666667,0.24409034963333334,30
2024-06-15,NVDA,0.4060450006,0.15220269530000002,0.44175230373333335,0.806783094,0.2538423063333333,15
2024-06-16,NVDA,0.3131624724615385,0.07297609419230769,0.6138614288461539,0.7875863584615386,0.24018638079230767,13
2024-06-17,NVDA,0.38213975216216217,0.10668419043243244,0.5111760552162162,0.8476870216216217,0.2754555636027027,37
2024-06-18,NVDA,0.49827333257894735,0.06264701138157895,0.43907964592105264,0.8585348128947369,0.4356263243157895,38
2024-06-19,NVDA,0.55272614956,0.16152287188285713,0.28575097177142855,0.8214426282857143,0.39120327503714286,35
2024-06-20,NVDA,0.4099125641388889,0.15198871223888888,0.4380987141944444,0.8021195180555556,0.25792385619166663,36
2024-06-21,NVDA,0.41143684973749994,0.1371402610325,0.45142288732499997,0.8472765602500001,0.2742965877675,40
2024-06-22,NVDA,0.22596978825,0.359691938625,0.414338269375,0.8038741337499999,-0.133722155825,8
2024-06-23,NVDA,0.33998224047500003,0.1789397713,0.48107799240000004,0.7736532819999999,0.161042466665,20
2024-06-24,NVDA,0.34104682210526316,0.30744198738684214,0.3515111997105263,0.8120062294736842,0.03360483492105264,38
2024-06-25,NVDA,0.3442709972142857,0.11795595343809523,0.5377730452380952,0.8280382738095239,0.22631504648809525,42
2024-06-26,NVDA,0.4234054438571428,0.13045820860238097,0.4461363448809524,0.811774485952381,0.2929472358809524,42
2024-06-27,NVDA,0.3860614187333334,0.21748355982888887,0.3964550243111111,0.8253517053333334,0.16857785895555555,45
2024-06-28,NVDA,0.34709113076923076,0.2193758656153846,0.4335330104615384,0.7851593084615385,0.12771526861153845,26
2024-06-29,NVDA,0.3337646088,0.1220552618,0.5441801297333334,0.8156785353333333,0.2117093466666667,15
2024-06-30,NVDA,0.2698054734736842,0.0779837922631579,0.652210732631579,0.7797911094736842,0.1918216844736842,19
2024-07-01,NVDA,0.42457164948275866,0.22290302012068966,0.3525253232413793,0.8698117527586207,0.20166862893103446,29
2024-07-02,NVDA,0.3590249357903226,0.21347537266129032,0.42749969196774196,0.7867854093548386,0.1455495617548387,31
2024-07-03,NVDA,0.5890616383157895,0.16447310756578948,0.24646524318421054,0.8484735505263159,0.4245885366842105,38
2024-07-04,NVDA,0.6170208108499999,0.17825519876,0.20472399719999998,0.8073669454999999,0.43876560849999996,20
2024-07-05,NVDA,0.41008367790476197,0.23014108989999998,0.35977521957142855,0.7779997433333333,0.179942585,21
2024-07-06,NVDA,0.4977201918636364,0.2279305925,0.2743492059090909,0.86594419,0.2697895975818182,11
2024-07-07,NVDA,0.5001890611250001,0.19010906094166669,0.3097018790833333,0.7695106441666667,0.31007999033333333,12
2024-07-08,NVDA,0.5587705792272728,0.1762976742909091,0.26493174177272727,0.8650161272727274,0.3824729041363636,22
2024-07-09,NVDA,0.4819325269090909,0.24799805674242423,0.27006942009090906,0.8079817366666667,0.2339344742121212,33
2024-07-10,NVDA,0.561854041875,0.161971271046875,0.276174678515625,0.8618886428125,0.399882769290625,32
2024-07-11,NVDA,0.44164687430000005,0.333117759725,0.22523538665,0.8915615585,0.10852911165000001,20
2024-07-12,NVDA,0.45472249795652175,0.21175655866956522,0.33352093643478264,0.7975390934782609,0.24296593852173912,23
2024-07-13,NVDA,0.5541201076875,0.2330019308125,0.212877965,0.804244710625,0.3211181856875,16
2024-07-14,NVDA,0.5728247492857143,0.0848285965,0.3423466394285714,0.7199076307142857,0.48799615114285716,14
2024-07-15,NVDA,0.5136445813103448,0.19917261245517243,0.28718280003448277,0.8412074427586207,0.3144719730068965,29
2024-07-16,NVDA,0.521691496,0.14416981399999998,0.3341386806818182,0.8107593354545455,0.3775216806363636,22
2024-07-17,NVDA,0.40185845263636366,0.401863597130303,0.19627796333333333,0.8607013918181818,-5.143424242424401e-06,33
2024-07-18,NVDA,0.6543935842857144,0.019927795785714287,0.3256786401428572,0.8459817057142857,0.63446579,7
2024-07-19,NVDA,0.40525861577272726,0.27263034077272724,0.32211103236363636,0.8746899554545454,0.13262827427272728,22
2024-07-20,NVDA,0.34967611463636367,0.3254141010272727,0.324909775,0.840590509090909,0.024262013090909088,11
2024-07-21,NVDA,0.522251938,0.2197782768333333,0.2579697544444445,0.7860408733333333,0.30247365888888894,9
2024-07-22,NVDA,0.35836654860416667,0.2564355269375,0.38519791025,0.82373849875,0.101931033125,24
2024-07-23,NVDA,0.42682572084210524,0.26376124831578945,0.30941302168421053,0.8074405342105263,0.1630644781578947,19
2024-07-24,NVDA,0.42504515888235295,0.3558748851176471,0.21907995511764708,0.7752324882352941,0.06917027794117647,17
2024-07-25,NVDA,0.2919765351666667,0.32856703433333334,0.37945643999999995,0.7539964333333332,-0.036590500000000005,3
2024-07-26,NVDA,0.5588307430833334,0.3041383618083333,0.13703087575,0.8424334825,0.2546923816666667,12
2024-07-27,NVDA,0.2535040913888889,0.11380772577777777,0.6326881893333334,0.8279362772222222,0.13969637514444444,18
2024-07-28,NVDA,0.46209547766666664,0.324652627,0.21325187666666667,0.7705606366666666,0.1374428333333333,3
2024-07-29,NVDA,0.6777745578235295,0.12662838338235294,0.19559705417647058,0.824169055882353,0.5511461717647058,17
2024-07-30,NVDA,0.35030795495625,0.43816316278125,0.2115288693125,0.84679749875,-0.08785521024999998,16
2024-07-31,NVDA,0.5795673482142858,0.12787597207142856,0.2925566922142857,0.782042435,0.4516913725714286,14
2024-08-01,NVDA,0.4180100958083333,0.31094840591666667,0.27104149375,0.8029811699999999,0.10706170441666667,12
2024-08-02,NVDA,0.3867684464166667,0.42551656604166666,0.18771500016666667,0.8950947450000001,-0.03874811383333333,12
2024-08-03,NVDA,0.794513044,0.0253568514,0.18013016759999997,0.90215581,0.769156192,5
2024-08-04,NVDA,0.523920115,0.3956552306666667,0.08042463466666666,0.8095039733333333,0.12826488166666666,6
2024-08-05,NVDA,0.09573168425,0.6843730376416667,0.21989528375,0.8551519858333334,-0.5886413575,12
2024-08-06,NVDA,0.36952020687500003,0.241083769675,0.38939602625,0.8384887725,0.128436441,8
2024-08-07,NVDA,0.45439345188888886,0.22703172055555557,0.3185748218888889,0.81611642,0.22736173442222224,9
2024-08-08,NVDA,0.4287552317777778,0.2361632830333333,0.3350814638888889,0.8729921655555555,0.19259194833333332,9
2024-08-09,NVDA,0.379665955,0.222765385,0.397568645,0.506807075,0.15690057,2
2024-08-10,NVDA,0.851520208,0.012378257,0.1361015416,0.851520208,0.8391419280000001,5
2024-08-11,NVDA,0.4574701833333334,0.2946340182,0.24789583933333334,0.80109905,0.16283617666666667,3
2024-08-12,NVDA,0.31032065666666664,0.4446228268888889,0.2450565037777778,0.8022650222222222,-0.13430217099999997,9
2024-08-13,NVDA,0.3008617697833333,0.4864576893333334,0.21268053733333334,0.8375728483333332,-0.18559591549999999,6
2024-08-14,NVDA,0.2745928325,0.454499137,0.2709080445714286,0.8763602514285714,-0.17990630714285713,7
2024-08-15,NVDA,0.5337170103333333,0.24233935627777775,0.2239436451111111,0.8177583444444445,0.29137765377777775,9
2024-08-16,NVDA,0.44596927913636364,0.36524971427272723,0.1887810148181818,0.9045599254545454,0.08071956454545454,11
2024-08-17,NVDA,0.3464616645,0.261850559,0.391687758,0.717907975,0.08461110875,8
2024-08-18,NVDA,0.42168020344444446,0.35841911477777777,0.2199006801111111,0.8162977166666666,0.06326108555555555,9
2024-08-19,NVDA,0.484432275,0.21843584103333336,0.29713186075,0.7704338974999999,0.26599643808333334,12
2024-08-20,NVDA,0.33655918464285717,0.31185408,0.3515867232857143,0.8757706214285715,0.02470509085714285,7
2024-08-21,NVDA,0.7571718984,0.035978574969999996,0.2068495163,0.876483557,0.7211933191,10
2024-08-22,NVDA,0.5242973452352941,0.05867627645882353,0.41702637176470586,0.8062268452941176,0.46562106511764706,17
2024-08-23,NVDA,0.5488057664285714,0.28231606035714285,0.16887817942857142,0.8168270007142857,0.2664897114285714,14
2024-08-24,NVDA,0.552660011125,0.2746000865,0.17273993925,0.8022873025,0.27805992749999997,8
2024-08-25,NVDA,0.71586448,0.06311120814000001,0.2210243026,0.8007814019999999,0.652753282,5
2024-08-26,NVDA,0.4090038722857143,0.2571015379904762,0.33389458285714285,0.8303408904761905,0.1519023401904762,21
2024-08-27,NVDA,0.5068777672666667,0.1701049842,0.3230172358666667,0.8338118833333333,0.33677278306666664,15
2024-08-28,NVDA,0.5970605115714286,0.18824921049999999,0.21469030707142858,0.8041933692857144,0.4088112945,14
2024-08-29,NVDA,0.4049646899,0.46705235611764706,0.1279829754117647,0.855343345882353,-0.062087668588235286,17
2024-08-30,NVDA,0.42006460886363634,0.27176467765,0.3081707276363636,0.7858544763636364,0.14829993735454547,22
2024-08-31,NVDA,0.5240937366666666,0.2205658815,0.25534039766666666,0.8231018483333333,0.303527865,6
2024-09-01,NVDA,0.519235003,0.393307136,0.08745787,0.8379440800000001,0.12592786666666667,3
2024-09-02,NVDA,0.1560767640625,0.336491145,0.507432088,0.8974671025000001,-0.1804143834375,8
2024-09-03,NVDA,0.33638211911363636,0.4859415365,0.17767634768181817,0.8573811472727272,-0.1495594188181818,22
2024-09-04,NVDA,0.34213067353846155,0.4019653747192308,0.2559039524230769,0.8197838823076923,-0.05983470099999999,26
2024-09-05,NVDA,0.3063485929,0.33393633855,0.35971505545000004,0.8088197600000001,-0.027587745284999993,20
2024-09-06,NVDA,0.5626922109411765,0.25307113342352944,0.1842366713529412,0.8616943247058824,0.309621078,17
2024-09-07,NVDA,0.5087907569333333,0.10948912876666665,0.38172011413333334,0.7257287973333334,0.3993016336666667,15
2024-09-08,NVDA,0.37124210308333333,0.31419985054166666,0.31455803616666667,0.7763934141666667,0.05704225275,12
2024-09-09,NVDA,0.3580588614,0.4770135615333333,0.16492758140000002,0.8303749026666666,-0.11895470533333333,15
2024-09-10,NVDA,0.3004923468125,0.49793416375,0.20157347706249998,0.823160716875,-0.19744182024999998,16
2024-09-11,NVDA,0.3702926148666667,0.41924634116666665,0.2104610214,0.861586114,-0.04895373373333333,15
2024-09-12,NVDA,0.6329097348333333,0.2538537241666667,0.11323653366666668,0.7913142116666667,0.37905601266666666,6
2024-09-13,NVDA,0.483335974375,0.248556746625,0.2681072778125,0.9092852849999999,0.23477922126875,16
2024-09-14,NVDA,0.657343818,0.16600290245454546,0.17665327063636363,0.8729159454545455,0.4913409179090909,11
2024-09-15,NVDA,0.160545736,0.6069801164,0.232474144,0.787124808,-0.44643438599999996,5
2024-09-16,NVDA,0.39356786379166664,0.2780557186666667,0.32837640316666666,0.8199858133333334,0.11551214916666667,12
2024-09-17,NVDA,0.34379587321428573,0.2109843709642857,0.4452197408571429,0.8651062335714286,0.13281149478571427,14
2024-09-18,NVDA,0.49503945095238094,0.17040265108571429,0.33455791804761903,0.804917650952381,0.3246367886666667,21
2024-09-19,NVDA,0.5579361023809524,0.20094544237619047,0.2411184571904762,0.8191731057142858,0.35699065504761907,21
2024-09-20,NVDA,0.5674284086,0.15549717233333335,0.2770744327333333,0.848533962,0.4119312310666666,15
2024-09-21,NVDA,0.5468370486923078,0.24764089084615384,0.20552207273076922,0.8224620184615384,0.2991961623076923,13
2024-09-22,NVDA,0.663416894625,0.128172297,0.208410810375,0.8484512075,0.53524459875,8
2024-09-23,NVDA,0.6082394807692307,0.10105096843076923,0.2907095335384616,0.7904363115384616,0.5071885215384615,13
2024-09-24,NVDA,0.5274690520769231,0.12897759734615383,0.3435533454615385,0.7435549723076923,0.3984914561538462,13
2024-09-25,NVDA,0.575098480625,0.138142328675,0.28675917525,0.89624695,0.43695614925,8
2024-09-26,NVDA,0.645606065375,0.11271437840625,0.2416795555625,0.824433131875,0.5328916754375,16
2024-09-27,NVDA,0.4784393228888889,0.2663761933333333,0.25518448883333333,0.7763845488888889,0.21206312122222223,18
2024-09-28,NVDA,0.5109199795454545,0.09033081954545454,0.39874919327272723,0.80982773,0.42058915636363636,11
2024-09-29,NVDA,0.5934970633333333,0.06843474516666667,0.3380681943333333,0.815952405,0.5250623358333333,6
2024-09-30,NVDA,0.4850896638,0.19635517500000002,0.3185551633,0.840741786,0.2887344975,10
2024-10-01,NVDA,0.394285528,0.31252987064,0.2931846026,0.8371855726666666,0.08175564973333334,15
2024-10-02,NVDA,0.50783669325,0.20463069687500002,0.2875326134375,0.8117024675,0.303205991625,16
2024-10-03,NVDA,0.5752251322222223,0.11668977435555555,0.30808508777777777,0.7338837377777777,0.45853536111111115,9
2024-10-04,NVDA,0.44263812342307696,0.12628131065384615,0.43108057884615386,0.8555765153846154,0.31635680792307697,13
2024-10-05,NVDA,0.5381055847,0.20103129367,0.2608631276,0.8721345169999999,0.337074304,10
2024-10-06,NVDA,0.9054188433333333,0.013264052833333333,0.08131711533333334,0.9054188433333333,0.8921547666666667,3
2024-10-07,NVDA,0.45785923361111114,0.20228218106666665,0.33985859288888887,0.8182235644444444,0.2555770462222222,9
2024-10-08,NVDA,0.49897239,0.21407088975294117,0.28695674676470584,0.8106464099999999,0.2849014905882353,17
2024-10-09,NVDA,0.39540268391666666,0.18405657021666666,0.42054073033333333,0.7688953941666666,0.21134610558333333,12
2024-10-10,NVDA,0.38050010373529414,0.3867884254058824,0.232711466,0.8577712841176471,-0.00628832164705883,17
2024-10-11,NVDA,0.621212265,0.045838014,0.3329497198333333,0.7672215766666667,0.5753742616666667,6
2024-10-12,NVDA,0.554017228,0.19200903689999999,0.25397371150000003,0.7442722940000001,0.362008181,10
2024-10-13,NVDA,0.89675825,0.012076447,0.091165293,0.89675825,0.88468182,2
2024-10-14,NVDA,0.7714211599999999,0.06521631146,0.1633625133,0.782702752,0.70620485,10
2024-10-15,NVDA,0.39730624875000004,0.37238172225000005,0.23031205733333335,0.8014702758333333,0.024924517499999996,12
2024-10-16,NVDA,0.625939704142857,0.14698723112142859,0.22707306771428573,0.85548647,0.47895247885714287,14
2024-10-17,NVDA,0.53484898245,0.09557147218999999,0.369579522,0.8264096320000001,0.43927750885000005,20
2024-10-18,NVDA,0.5962906183333333,0.030858305475,0.37285108625,0.80209075,0.5654323033333334,12
2024-10-19,NVDA,0.63600287,0.10909928856250001,0.25489783325,0.82193104375,0.52690358125,8
2024-10-20,NVDA,0.6311231586470588,0.09807111749411766,0.2708057301764706,0.8182592905882353,0.5330520411764706,17
2024-10-21,NVDA,0.44651257328571425,0.09205426483571429,0.46143315028571424,0.8322011342857143,0.354458303,14
2024-10-22,NVDA,0.421541617,0.13603030477777778,0.4424280732222222,0.7881288716666667,0.2855113125,18
2024-10-23,NVDA,0.49812273785714284,0.15572992728571428,0.34614735735714286,0.828014127142857,0.34239280950000006,14
2024-10-24,NVDA,0.4715694528666667,0.2632829666666667,0.2651475912,0.8850357713333333,0.20828648733333335,15
2024-10-25,NVDA,0.42038321809090906,0.2577247440545455,0.3218920546363636,0.8805150663636364,0.1626584820909091,11
2024-10-26,NVDA,0.72818,0.0186798472,0.25314013859999995,0.89256914,0.7095001599999999,5
2024-10-27,NVDA,0.5397851992,0.38825026399999996,0.0719645156,0.89913676,0.151534942,5
2024-10-28,NVDA,0.6696634712727273,0.018594340027272727,0.3117421840909091,0.8718272990909092,0.6510691318181818,11
2024-10-29,NVDA,0.5139279217692307,0.24590052398461537,0.2401715492307692,0.8431058092307692,0.26802739584615387,13
2024-10-30,NVDA,0.5338373425,0.187083905375,0.27907876075,0.8672088233333334,0.34675343554166665,12
2024-10-31,NVDA,0.4702824308181818,0.29361784145454545,0.23609972736363635,0.7937262127272727,0.17666458145454544,11
2024-11-01,NVDA,0.3688570043333333,0.19956459883333333,0.4315783948333333,0.7711885616666666,0.16929240633333334,12
2024-11-02,NVDA,0.6595498645,0.068342928875,0.27210722175,0.78262423,0.591206935,8
2024-11-03,NVDA,0.557895573875,0.294329079625,0.147775355375,0.81088774375,0.2635664975,8
2024-11-04,NVDA,0.41500083425,0.23795290849999998,0.34704626158333335,0.8565352266666667,0.17704792591666665,12
2024-11-05,NVDA,0.604902680047619,0.1571636600952381,0.23793365819047615,0.8243899980952382,0.44773902000000004,21
2024-11-06,NVDA,0.4313434570625,0.3172269300625,0.25142959675,0.80002097625,0.114116505,8
2024-11-07,NVDA,0.7918092754545455,0.022394078418181817,0.1857966590909091,0.84884382,0.7694151981818181,11
2024-11-08,NVDA,0.572093437625,0.0382297108125,0.389676860875,0.8499979037500001,0.53386373125,8
2024-11-09,NVDA,0.18922023837500002,0.3338335893125,0.476946157,0.8790208675,-0.14461335525,8
2024-11-10,NVDA,0.667918138,0.17768024,0.15440167740000002,0.782319108,0.49023786999999996,5
2024-11-11,NVDA,0.4393812353636364,0.34313464493636364,0.21748413854545454,0.9180802027272726,0.09624658763636364,11
2024-11-12,NVDA,0.5237674154545454,0.10486073081818183,0.37137184500000003,0.7333618518181818,0.4189066830909091,11
2024-11-13,NVDA,0.5056594699230769,0.21598802507692308,0.27835251165384617,0.8366171807692309,0.28967144682307694,13
2024-11-14,NVDA,0.43863404193333333,0.20966166265333333,0.3517042824,0.887323934,0.22897236940000001,15
2024-11-15,NVDA,0.6400305838333333,0.16865088877777779,0.19131853322222223,0.8307981683333333,0.47137970411111113,18
2024-11-16,NVDA,0.4258636845384615,0.22873934561538461,0.3453969578461539,0.7827504030769231,0.19712433787692307,13
2024-11-17,NVDA,0.30959556180000003,0.031009213600000002,0.659395226,0.7898558,0.27858635672,5
2024-11-18,NVDA,0.46206991889285715,0.27517502871428573,0.2627550478571429,0.8610255,0.18689489465,14
2024-11-19,NVDA,0.6389737207619047,0.17071908027142857,0.1903072051904762,0.8669500028571429,0.4682546366047619,21
2024-11-20,NVDA,0.35037716112307693,0.4223432240000001,0.22727960615384615,0.8740065576923077,-0.07196605961538463,13
2024-11-21,NVDA,0.4576876746666667,0.4109956509166667,0.13131668961111112,0.8663324311111111,0.046692029999999995,18
2024-11-22,NVDA,0.6290447569285714,0.24522475868571428,0.125730499,0.8138910178571429,0.3838200001975714,14
2024-11-23,NVDA,0.47084192399999997,0.2001607078,0.32899736339999996,0.820874928,0.27068121,5
2024-11-24,NVDA,0.51288131125,0.019647040049999998,0.467471652125,0.80203376875,0.49323426662500003,8
2024-11-25,NVDA,0.41680784574999996,0.3460895825833334,0.23710259599999997,0.8156283266666667,0.07071825860833332,12
2024-11-26,NVDA,0.6114377663636363,0.07128975866363636,0.317272479,0.8036606554545455,0.5401480096363637,11
2024-11-27,NVDA,0.7043116707,0.1050332555,0.1906550799,0.832846754,0.599278402,10
2024-11-28,NVDA,0.5867054223076923,0.18576757926923076,0.2275269909230769,0.7911565076923076,0.40093784330769233,13
2024-11-29,NVDA,0.43785832676923075,0.22382289246153847,0.33831877915384617,0.8088453684615384,0.21403543692307692,13
2024-11-30,NVDA,0.9346200499999999,0.0195074965,0.045872389,0.9346200499999999,0.9151125499999999,2
2024-12-01,NVDA,0.43604202480000004,0.20542172220000002,0.3585362264,0.887745196,0.23062028799999998,5
2024-12-02,NVDA,0.5117142576153847,0.11101649703846153,0.3772692252307692,0.83736475,0.40069775830769233,13
2024-12-03,NVDA,0.5001574252222222,0.28329507831111106,0.21654752655555554,0.8296446066666667,0.21686234999999998,9
2024-12-04,NVDA,0.38737383902666667,0.17795706173333334,0.43466910193333336,0.797993002,0.20941677066666664,15
2024-12-05,NVDA,0.540142357,0.09511111925238094,0.36474651423809523,0.8485582833333334,0.4450312414761905,21
2024-12-06,NVDA,0.690430648,0.08375644146666668,0.2258129217333333,0.8132867739999999,0.606674206,15
2024-12-07,NVDA,0.5462004989090908,0.17782747789090908,0.2759720426363636,0.793088890909091,0.3683730072727273,11
2024-12-08,NVDA,0.614268688,0.13462770210000002,0.2511036392,0.845685567,0.479640969,10
2024-12-09,NVDA,0.41034072817647055,0.304623457,0.28503580776470594,0.7981408976470589,0.10571727652941176,17
2024-12-10,NVDA,0.47950013085,0.23636208931500002,0.2841377605,0.8704328889999999,0.24313803890000002,20
2024-12-11,NVDA,0.47871718368181815,0.329171665,0.19211115054545455,0.8582101127272727,0.14954551909090907,11
2024-12-12,NVDA,0.40750580466666664,0.028071704791666666,0.5644224994166667,0.8500331491666667,0.3794340983333333,12
2024-12-13,NVDA,0.6473081956470589,0.16343764761764706,0.18925417135294118,0.8477629017647059,0.48387054282352937,17
2024-12-14,NVDA,0.622452437,0.035369497099999994,0.3421780452,0.802965002,0.587082925,10
2024-12-15,NVDA,0.3821905715,0.17345534215,0.4443540787,0.794899494,0.20873522700000002,10
2024-12-16,NVDA,0.6085810966666666,0.08917420264999999,0.30224472333333335,0.7747145541666667,0.5194068846666667,12
2024-12-17,NVDA,0.4259675622857143,0.3061894769857143,0.26784294628571426,0.8507198535714285,0.11977808867142857,14
2024-12-18,NVDA,0.3452886644181818,0.20166351290909093,0.4530478335454546,0.7817017199999999,0.14362514972727272,11
2024-12-19,NVDA,0.384443169,0.195958233625,0.41959858787500004,0.7736386550000001,0.1884849439375,8
2024-12-20,NVDA,0.4533219327272727,0.34429733815454544,0.2023807151818182,0.8009099154545454,0.10902459777272729,11
2024-12-21,NVDA,0.6828228153,0.2221945046,0.094982664,0.861659116,0.46062831299999996,10
2024-12-22,NVDA,0.36336162514285714,0.32922222314285715,0.3074161542857143,0.83938338,0.03413939285714288,7
2024-12-23,NVDA,0.6486103403333333,0.11474849854166667,0.23664115333333333,0.8190242816666666,0.533861845,12
2024-12-24,NVDA,0.45252073283333333,0.019471393208333333,0.5280078811666666,0.7361166250000001,0.43304934016666663,12
2024-12-25,NVDA,0.783359438,0.0172022758,0.1994382742,0.783359438,0.766157166,5
2024-12-26,NVDA,0.50141793075,0.121265758125,0.37731632849999996,0.769863945,0.380152167125,8
2024-12-27,NVDA,0.3451471710909091,0.18222382454545452,0.47262900700000005,0.7920687645454546,0.16292335819818182,11
2024-12-28,NVDA,0.72430427625,0.1247078475,0.150987889,0.82150803625,0.59959644,8
2024-12-29,NVDA,0.4622918009,0.35733849110000004,0.1803696984,0.788272129,0.104953301,10
2024-12-30,NVDA,0.527943014875,0.1460202041875,0.326036759,0.875355025,0.381922812,8
2024-12-31,NVDA,0.6062064085000001,0.14859258570238096,0.2452010084761905,0.8422000171428572,0.4576138220476191,42
2025-01-01,NVDA,0.6195706000000001,0.09133952549999999,0.28908992499999997,0.667690355,0.52823107,4
2025-01-02,NVDA,0.4300885116666667,0.16989660085000002,0.4000148956666667,0.8446102241666668,0.2601919008333333,12
2025-01-03,NVDA,0.5101433731111111,0.19267785244444446,0.29717879055555557,0.8692386222222223,0.3174655123333333,9
2025-01-04,NVDA,0.521150165,0.0356859415,0.44316387749999997,0.790968465,0.4854642175,4
2025-01-05,NVDA,0.5045290885,0.10854911585,0.38692179860000003,0.8131370920000001,0.395979978,10
2025-01-06,NVDA,0.6091715601515151,0.09585526875757576,0.2949731756969697,0.8162032248484848,0.513316291030303,33
2025-01-07,NVDA,0.46663539615277777,0.33858904852222227,0.19477555144444444,0.8431499163888889,0.128046355,36
2025-01-08,NVDA,0.3460653561277778,0.3553412355277778,0.29859339977777777,0.8113993561111111,-0.009275878888888893,18
2025-01-09,NVDA,0.394477269,0.48656577305,0.1189569559,0.8647043630000001,-0.09208851899999998,10
2025-01-10,NVDA,0.5565541782105263,0.10975824775263159,0.33368758363157897,0.8172035742105264,0.4467959317105263,19
2025-01-11,NVDA,0.49711351964285716,0.09494608767857142,0.40794039728571424,0.8416667414285713,0.402167435,14
2025-01-12,NVDA,0.5914598824444445,0.11588860263333335,0.29265150766666664,0.7483059488888889,0.4755712811111111,9
2025-01-13,NVDA,0.3383115772608695,0.3974081468130435,0.26428028786956526,0.8045453026086957,-0.05909657108695653,23
2025-01-14,NVDA,0.43977159211764705,0.2846970948411765,0.2755313207058824,0.7968952305882353,0.15507449376470586,17
2025-01-15,NVDA,0.4058947569411765,0.4211281423235294,0.17297712376470586,0.8345668594117647,-0.015233385882352941,17
2025-01-16,NVDA,0.60891914385,0.11945687525,0.2716239699,0.8329520134999999,0.4894622625,20
2025-01-17,NVDA,0.6117311128571429,0.024869106571428573,0.36339975992857143,0.8396374421428572,0.5868620164285714,14
2025-01-18,NVDA,0.46584870375,0.08147788025,0.452673445,0.78766178875,0.38437081625,8
2025-01-19,NVDA,0.5306809367777778,0.15774479066666666,0.3115742724444444,0.8182698133333334,0.3729361491111111,9
2025-01-20,NVDA,0.5977056793333334,0.12230986613333333,0.27998444033333336,0.8656634844444445,0.47539580444444446,9
2025-01-21,NVDA,0.4121776935,0.17663875294,0.4111835643,0.799042813,0.23553894544,10
2025-01-22,NVDA,0.6125416153125,0.20398981440625,0.183468565375,0.854437821875,0.40855180146875,16
2025-01-23,NVDA,0.3942850763846154,0.39119813330769226,0.21451679092307693,0.7732911076923077,0.0030869476923076965,13
2025-01-24,NVDA,0.37308573397,0.20457889972999999,0.42233536359999996,0.804465201,0.1685068283,10
2025-01-25,NVDA,0.66785801625,0.016686760374999998,0.315455223,0.8168177925,0.6511712625,8
2025-01-26,NVDA,0.49695112550000003,0.160997283,0.3420516283333333,0.80889714,0.3359538366666667,6
2025-01-27,NVDA,0.335406903885,0.44333202795000004,0.22126105575000002,0.88628568,-0.10792512679999999,20
2025-01-28,NVDA,0.3467777603518518,0.3696582481444444,0.28356398766666663,0.8195837766666666,-0.02288048814814814,27
2025-01-29,NVDA,0.41174042855000004,0.39977305925,0.18848651605,0.866038354,0.0119673663,20
2025-01-30,NVDA,0.48817528472499994,0.310255357525,0.20156935835,0.850895556,0.17791991950000002,20
2025-01-31,NVDA,0.3850325052857143,0.26522026567857143,0.3497472104285714,0.7864119592857143,0.11981223771428572,14
2025-02-01,NVDA,0.7010940800000001,0.20870563296000003,0.0902003248,0.797286288,0.492388434,5
2025-02-02,NVDA,0.3869835048,0.42349575984000004,0.18952073630000002,0.8557034079999999,-0.036512256,10
2025-02-03,NVDA,0.4872444207857143,0.3371268551428571,0.175628732,0.8658457578571428,0.15011755574285715,14
2025-02-04,NVDA,0.5668388787142857,0.21716544492857143,0.2159956775,0.8897114992857142,0.3496734297142857,14
2025-02-05,NVDA,0.6673442175250001,0.18310960706666665,0.14954617283333335,0.8989725216666667,0.4842346229166667,12
2025-02-06,NVDA,0.4291779954,0.26234736973333334,0.30847463746666665,0.809490284,0.16683063536,15
2025-02-07,NVDA,0.3791968946111111,0.23208880863888887,0.38871430211111113,0.8755764966666667,0.14710808338888887,18
2025-02-08,NVDA,0.4409874086666667,0.2210656908888889,0.337946918,0.7990974788888888,0.21992171644444442,9
2025-02-09,NVDA,0.23630157250000003,0.378855482875,0.38484296758333336,0.8071598025000001,-0.14255390833333334,12
2025-02-10,NVDA,0.4079440531818182,0.407372029,0.18468391936363637,0.7622259836363636,0.0005720302727272712,11
2025-02-11,NVDA,0.493907371875,0.17176687646875,0.334325729625,0.754344996875,0.3221404925,16
2025-02-12,NVDA,0.368527781875,0.294916555,0.33655566318749996,0.8474753675,0.07361123783124998,16
2025-02-13,NVDA,0.6581075801818183,0.23213320581818178,0.10975920500000001,0.806215649090909,0.4259743758181818,11
2025-02-14,NVDA,0.39647804424074073,0.44411529963333335,0.15940665262962964,0.8813268862962963,-0.047637249259259266,27
2025-02-15,NVDA,0.543880247,0.33029659066666667,0.12582313199999998,0.8633594566666667,0.21358363333333333,3
2025-02-16,NVDA,0.6515210436000001,0.0569157795,0.291563174,0.826089678,0.5946052664,5
2025-02-17,NVDA,0.691957264,0.08003362935,0.22800910770000002,0.853389813,0.6119236261000001,10
2025-02-18,NVDA,0.49673520128888893,0.32935369433333334,0.17391112555555555,0.8862611911111111,0.16738151588888886,9
2025-02-19,NVDA,0.5409870083529412,0.12470691973529412,0.33430608211764706,0.8192173311764706,0.41628009411764705,17
2025-02-20,NVDA,0.6911281428571429,0.04714600149999999,0.26172583,0.7420328457142856,0.6439821400000001,7
2025-02-21,NVDA,0.48408497219047614,0.22613646007142857,0.28977857314285715,0.8782560247619048,0.2579485147619048,21
2025-02-22,NVDA,0.23351672522222222,0.5123267469777777,0.2541565492222222,0.90110204,-0.27881003066666665,9
2025-02-23,NVDA,0.36640018725,0.4682799265,0.16531989119999999,0.781244342,-0.10187974780000002,10
2025-02-24,NVDA,0.25709881315185185,0.6008224614814814,0.14207872312962963,0.8652545603703703,-0.343723652962963,27
2025-02-25,NVDA,0.275654373732,0.527126384828,0.19721925304,0.8499385456,-0.2514720156,25
2025-02-26,NVDA,0.5036441234375,0.29824065781250003,0.1981152194375,0.8515794865625,0.20540347546874999,32
2025-02-27,NVDA,0.48684886166666663,0.2872900921541667,0.2258610565,0.8328777070833334,0.199558773125,24
2025-02-28,NVDA,0.44809763208333336,0.48045777620833335,0.07144457658333334,0.9101922033333333,-0.03236015083333333,12
2025-03-01,NVDA,0.33676895770000004,0.48180042714999993,0.1814305996,0.885681234,-0.14503147600000002,10
2025-03-02,NVDA,0.5897208931666666,0.2258199807083333,0.18445913133333333,0.8389459775,0.3639009183333333,12
2025-03-03,NVDA,0.36718216058947367,0.5144814876842105,0.11833635989473686,0.9119433989473684,-0.14729932357894737,19
2025-03-04,NVDA,0.4934084855,0.22351842747,0.28307308125,0.827018878,0.2698900582,20
2025-03-05,NVDA,0.3850777679444444,0.26734562696666664,0.3475765942222222,0.7551646911111111,0.11773214527777778,18
2025-03-06,NVDA,0.3350615861230769,0.4818438730769231,0.18309455038461536,0.8887345407692308,-0.14678228838461538,13
2025-03-07,NVDA,0.3040078055,0.475435877625,0.22055629975,0.8627993375,-0.17142806,8
2025-03-08,NVDA,0.3697667766666667,0.4431885487777778,0.18704468888888892,0.837058418888889,-0.07342177166666666,9
2025-03-09,NVDA,0.535007362,0.2023378382,0.2626548252,0.8199969599999999,0.33266951499999997,5
2025-03-10,NVDA,0.4672023788571429,0.27959836789285714,0.2531992454285714,0.8249888992857143,0.18760400607142858,14
2025-03-11,NVDA,0.4708011862,0.26137531506,0.267823507,0.7982286673333333,0.209425868,15
2025-03-12,NVDA,0.503730007030303,0.2448284152848485,0.2514415858181818,0.8461261503030304,0.2589015953636364,33
2025-03-13,NVDA,0.5510678095,0.250838444875,0.198093719,0.84518170625,0.30022936,8
2025-03-14,NVDA,0.222306799,0.40674989415,0.370943304,0.8061534160000001,-0.18444310946,10
2025-03-15,NVDA,0.4401638195,0.33053865825,0.229297509,0.8274257035714285,0.10962516142857144,14
2025-03-16,NVDA,0.230807072525,0.42581330708333337,0.343379598,0.7941347666666667,-0.19500624383333334,12
2025-03-17,NVDA,0.47807095214285716,0.40781174985714286,0.11411730185714286,0.8534818814285714,0.07025920142857145,7
2025-03-18,NVDA,0.5618211117560975,0.10247716408292683,0.33570173324390246,0.7487620814634146,0.45934394882926827,41
2025-03-19,NVDA,0.63318186724,0.023851932588000002,0.34296620868,0.7795619288000001,0.6093299332400001,25
2025-03-20,NVDA,0.5577679447217391,0.22935816273913043,0.21287387421739132,0.8254731652173912,0.32840978760869566,23
2025-03-21,NVDA,0.48606496985,0.21714776384545456,0.2967872604090909,0.8180410618181818,0.2689172100227273,22
2025-03-22,NVDA,0.7045258000000001,0.1227544848,0.172719744,0.7045258000000001,0.581771308,5
2025-03-23,NVDA,0.4117643438333333,0.26906151,0.3191741695,0.8403095366666666,0.14270284583333334,6
2025-03-24,NVDA,0.4618235533333333,0.3231996125,0.21497685708333333,0.7747564158333334,0.13862394333333333,12
2025-03-25,NVDA,0.492795002,0.27807122100000004,0.2291338115,0.8810472975,0.21472377825,4
2025-03-26,NVDA,0.3985205150476191,0.41284880063809526,0.18863069333333332,0.8907056204761904,-0.014328278333333336,21
2025-03-27,NVDA,0.43217127203125,0.1629949685625,0.40483376043749997,0.720613135625,0.269176299375,16
2025-03-28,NVDA,0.44702198925000003,0.47085446125,0.0821235455,0.8910910975,-0.023832489999999984,4
2025-03-29,NVDA,0.474485854,0.45369847900000004,0.071815671,0.90551996,0.02078735750000002,4
2025-03-30,NVDA,0.6023653334000001,0.2524214888,0.1452131702,0.785892224,0.34994384,5
2025-03-31,NVDA,0.3030967338,0.17543312626000002,0.52147013585,0.8699373605,0.127663609382,20
2025-04-01,NVDA,0.08806180226315789,0.22067440163157895,0.6912637943947368,0.9177484100000001,-0.13261259846315787,19
2025-04-02,NVDA,0.13990886747,0.41260219104999996,0.44748895839999997,0.8390797194999999,-0.27269332506,20
2025-04-03,NVDA,0.35980838482800004,0.39533555156,0.24485606104,0.8958607872000001,-0.035527158760000004,25
2025-04-04,NVDA,0.22713116802307692,0.5633828978692308,0.20948593815384614,0.8616462484615385,-0.3362517359,13
2025-04-05,NVDA,0.42119863125,0.09659622875,0.48220512975,0.74884329625,0.324602398,8
2025-04-06,NVDA,0.34166646608333334,0.34745990411666666,0.31087361524999996,0.7621323483333334,-0.0057934421749999965,12
2025-04-07,NVDA,0.39217034283333335,0.3319046526666667,0.27592501366666666,0.8971965683333334,0.06026571333333334,6
2025-04-08,NVDA,0.35155521471428575,0.35145342635714283,0.29699137714285717,0.8077647728571428,0.00010178814285715416,14
2025-04-09,NVDA,0.45792105008333334,0.38878098271666667,0.15329798541666667,0.7843416416666668,0.06914006833333333,12
2025-04-10,NVDA,0.29414535557142857,0.3792033232142857,0.32665132514285716,0.8584763957142857,-0.08505795571428572,7
2025-04-11,NVDA,0.5177096620555556,0.3284970341111111,0.15379329,0.8448606588888888,0.18921261888888888,9
2025-04-12,NVDA,0.13753334192857142,0.31338108142857146,0.5490856064285714,0.8116136342857143,-0.17584774714285714,7
2025-04-13,NVDA,0.5492293948,0.1572706736,0.2934999336,0.7977829,0.391958714,5
2025-04-14,NVDA,0.5688922525,0.09503210354999998,0.336075632,0.8431662433333332,0.47386014616666666,12
2025-04-15,NVDA,0.4015585984230769,0.3577010414153846,0.24074036053846154,0.8242627523076924,0.04385755538461538,13
2025-04-16,NVDA,0.2854514172307692,0.5207834680000001,0.19376512834615384,0.8629008488461539,-0.23533205511538463,26
2025-04-17,NVDA,0.57887376125,0.253675050575,0.16745121749999997,0.847461625,0.3251987,4
2025-04-18,NVDA,0.33020728899999996,0.5336527446,0.1361399922,0.807343923,-0.203445447,10
2025-04-19,NVDA,0.9237042,0.05519494,0.021100866,0.9237042,0.8685093,1
2025-04-20,NVDA,0.18278718633333332,0.6508529283333333,0.166359814,0.8227699433333333,-0.4680657666666666,3
2025-04-21,NVDA,0.35762209004545453,0.3924991990909091,0.2498787127727273,0.839088,-0.03487711054545455,11
2025-04-22,NVDA,0.3161162591428571,0.37291909791428574,0.3109646401428572,0.8325508042857143,-0.05680285142857141,7
2025-04-23,NVDA,0.45362116872727276,0.2734667946727272,0.27291203254545454,0.8166078818181819,0.18015436363636364,11
2025-04-24,NVDA,0.5653544977894737,0.08956147738947369,0.34508402205263156,0.8399289805263157,0.47579301823684217,19
2025-04-25,NVDA,0.3161780702,0.2047575502,0.4790643642,0.838123964,0.11142053079999999,5
2025-04-26,NVDA,0.540669541,0.23629376975,0.223036669125,0.85892132375,0.304375779375,8
2025-04-27,NVDA,0.6931643783333333,0.14125110124999998,0.16558453033333334,0.7919298366666667,0.5519132666666666,6
2025-04-28,NVDA,0.41654485496666666,0.3422491324166666,0.24120602133333333,0.8587432349999999,0.07429573,6
2025-04-29,NVDA,0.5741787549090909,0.13446364227272725,0.29135762181818187,0.7673424009090909,0.43971511545454545,11
2025-04-30,NVDA,0.33837081041666667,0.37066387870833334,0.29096530049999997,0.8651767158333333,-0.032293063426666664,24
2025-05-01,NVDA,0.5413982644285714,0.16212899585714283,0.29647274242857147,0.85164591,0.3792692657142857,7
2025-05-02,NVDA,0.6423784315555555,0.19597556967777777,0.16164602477777779,0.7586985900000001,0.44640284611111114,9
2025-05-03,NVDA,0.4426237605714286,0.28204049214285715,0.2753357555714286,0.8989240114285714,0.1605832657142857,7
2025-05-04,NVDA,0.495715503,0.066853505,0.43743099375,0.7606963849999999,0.42886199525,4
2025-05-05,NVDA,0.50965050125,0.123932341375,0.36641713587499997,0.84915899375,0.385718153425,8
2025-05-06,NVDA,0.4409888229411765,0.33623524601764704,0.22277591152941176,0.8430186282352942,0.10475357317647059,17
2025-05-07,NVDA,0.4766047623333333,0.23044998616666668,0.29294523820833335,0.8245476704166667,0.2461547768333333,24
2025-05-08,NVDA,0.6573280481428572,0.1304385602857143,0.21223339757142856,0.8064744464285714,0.5268894835714286,14
2025-05-09,NVDA,0.4383040050714286,0.38203815185714285,0.17965782228571428,0.83359012,0.05626585700000001,7
2025-05-10,NVDA,0.48463819939999997,0.2030689847,0.3122928172,0.851421155,0.2815692129,10
2025-05-11,NVDA,0.5538614111111111,0.024206964066666663,0.4219316043333333,0.8430719944444445,0.5296544511111111,9
2025-05-12,NVDA,0.6130364972,0.024311512440000002,0.36265199670000003,0.849814083,0.58872499,10
2025-05-13,NVDA,0.639397417357143,0.16388420789285713,0.19671839207142858,0.77199976,0.47551319992857144,14
2025-05-14,NVDA,0.6455259358000001,0.18494308968,0.1695309847,0.826349926,0.46058285349999994,20
2025-05-15,NVDA,0.5900072340833333,0.2891888784416667,0.12080392075,0.7849425408333334,0.30081835658333334,12
2025-05-16,NVDA,0.674961136875,0.1418564264375,0.18318242875,0.871166656875,0.53310470975,16
2025-05-17,NVDA,0.6235152391666666,0.15414642,0.222338328,0.8524142333333332,0.4693688208333333,6
2025-05-18,NVDA,0.52707327775,0.099008864415,0.37391785715000003,0.717314918,0.42806442,20
2025-05-19,NVDA,0.5502711728888889,0.06777629422222223,0.38195251722222223,0.8082778483333333,0.4824948683333333,18
2025-05-20,NVDA,0.5568100016470588,0.19309095161764706,0.25009904158823526,0.8114983564705882,0.36371904235294117,17
2025-05-21,NVDA,0.6219060144444444,0.09821597855555556,0.27987797522222224,0.7215794844444444,0.5236900311111111,9
2025-05-22,NVDA,0.5901953805,0.07286969125,0.3369349474166667,0.7992574,0.5173256975,12
2025-05-23,NVDA,0.7540271060000001,0.12319935554545455,0.1227735159090909,0.8400129436363636,0.6308277436363636,11
2025-05-24,NVDA,0.3346436327142857,0.1307639537142857,0.5345924031428572,0.8506097242857142,0.2038796723857143,7
2025-05-25,NVDA,0.39419209400000005,0.39567974164285713,0.21012818485714285,0.77437974,-0.0014876471428571434,7
2025-05-26,NVDA,0.7203992450000001,0.026946799,0.25265394,0.7203992450000001,0.69345242,2
2025-05-27,NVDA,0.42095544766666665,0.2916960319523809,0.28734852304761904,0.7690347700000001,0.12925941419047618,21
2025-05-28,NVDA,0.513482136173913,0.30409991610869563,0.18241793808695653,0.7966014726086956,0.2093822206521739,23
2025-05-29,NVDA,0.5411772156,0.2761436879,0.18267908155,0.8644926930000001,0.2650335205,20
2025-05-30,NVDA,0.6373877310769231,0.16154008330769232,0.201072193,0.8606899284615385,0.4758476503076923,13
2025-05-31,NVDA,0.7555366,0.16748062,0.07698275,0.7555366,0.58805597,1
2025-06-01,NVDA,0.50715013125,0.12982202325,0.3630278515,0.82435415375,0.37732809025,8
2025-06-02,NVDA,0.6192842538888889,0.06634011555555556,0.3143756507777778,0.7691732177777778,0.5529441277777778,9
2025-06-03,NVDA,0.5948696357333334,0.21346535352,0.1916650114,0.7934137480000001,0.3814042846666667,15
2025-06-04,NVDA,0.6173194469565217,0.05133137401304348,0.33134917482608695,0.8001727747826087,0.5659880714782609,23
2025-06-05,NVDA,0.5038559526666666,0.17739690191333332,0.3187471225333333,0.8452748626666666,0.32645904226666667,15
2025-06-06,NVDA,0.5855775156923078,0.15940107320000002,0.2550213952307692,0.8314022838461538,0.4261764484076923,13
2025-06-07,NVDA,0.47907078,0.16650810264285715,0.35442112014285715,0.82558646,0.3125626685714286,7
2025-06-08,NVDA,0.49521733333333334,0.22184086933333333,0.28294178866666664,0.7852499866666666,0.27337646,3
2025-06-09,NVDA,0.5087856502,0.17422208733333333,0.3169922708666667,0.8123367953333334,0.33456356653333336,15
2025-06-10,NVDA,0.6309629044444445,0.014118482166666665,0.35491864377777776,0.8229827333333333,0.6168444347777778,9
2025-06-11,NVDA,0.5935741490833334,0.1357428725,0.270682962875,0.8237396341666666,0.45783128229166664,24
2025-06-12,NVDA,0.5504990652307692,0.02951981039230769,0.4199811246153846,0.8259944615384616,0.5209792538823077,13
2025-06-13,NVDA,0.49043272772727275,0.09927685589999999,0.41029044309090906,0.8770332818181817,0.3911558727272727,11
2025-06-14,NVDA,0.6991717234285714,0.11198426385714287,0.188844024,0.7758995814285715,0.5871874771428571,7
2025-06-15,NVDA,0.26555307625,0.42734440825000003,0.3071024465,0.772557915,-0.16179133,4
2025-06-16,NVDA,0.6798094030666667,0.10500575815999999,0.21518484740000002,0.8319394726666667,0.5748036451333333,15
2025-06-17,NVDA,0.7590944187499999,0.0727688749125,0.16813672925,0.8003695575,0.68632554925,8
2025-06-18,NVDA,0.6944922147272727,0.09451724440909091,0.21099053868181816,0.8590418336363637,0.5999749680727272,22
2025-06-19,NVDA,0.46708568733333333,0.02222152711111111,0.5106927746666667,0.8020785155555555,0.4448641702777778,9
2025-06-20,NVDA,0.39679304018181816,0.37709806739090906,0.22610889136363638,0.8550489781818182,0.019694974545454536,11
2025-06-21,NVDA,0.49071611387499997,0.2363580815,0.272925788125,0.802982375,0.25435804250000005,8
2025-06-22,NVDA,0.5868489533333333,0.012622837666666666,0.40052815133333336,0.8021373466666667,0.5742261266666667,3
2025-06-23,NVDA,0.5148597521333333,0.23745603780666666,0.2476842289333333,0.8016535699999999,0.2774037066666667,15
2025-06-24,NVDA,0.4934471702307693,0.15341018153846153,0.353142629,0.8523620561538461,0.3400370007692307,13
2025-06-25,NVDA,0.6582543325789474,0.18184946140526315,0.15989620631578946,0.8704399810526315,0.47640486647368424,19
2025-06-26,NVDA,0.6090607861851851,0.08659220365185186,0.3043470170740741,0.8348660522222223,0.5224685800740742,27
2025-06-27,NVDA,0.5373594427272728,0.2766157276818182,0.18602482636363638,0.8199604954545454,0.26074371718181816,11
2025-06-28,NVDA,0.515234353875,0.41316553775,0.071600091625,0.863814085,0.10206882875,8
2025-06-29,NVDA,0.58016996,0.14598154012222223,0.2738485028888889,0.8690564844444445,0.4341884314444444,9
2025-06-30,NVDA,0.6041519797,0.1470363073,0.24881173679999996,0.834002827,0.4571156768,10
2025-07-01,NVDA,0.5006243094545455,0.10561587399999998,0.3937598220909091,0.8459288963636364,0.395008427,11
2025-07-02,NVDA,0.5322727276666667,0.3982313377777778,0.06949592166666667,0.9043948766666667,0.13404137333333332,9
2025-07-03,NVDA,0.512919196,0.045969734199999994,0.4411111192,0.76995359,0.46694945280000005,5
2025-07-04,NVDA,0.5787528486,0.0231049259,0.39814221839999997,0.8015487350000001,0.5556479227,10
2025-07-05,NVDA,0.572561106125,0.2466061744375,0.1808327145,0.8656292475,0.32595494375,8
2025-07-06,NVDA,0.706654595,0.20836094875,0.084984431875,0.87706437125,0.4982936375,8
2025-07-07,NVDA,0.5601905308454546,0.2504206815,0.18938877572727272,0.8398681545454546,0.3097698372727273,11
2025-07-08,NVDA,0.6685113361538462,0.16491653016153848,0.16657212415384615,0.84192365,0.5035948107692307,13
2025-07-09,NVDA,0.8051518045625,0.143705901475,0.05114229175,0.916989064375,0.6614459025,16
2025-07-10,NVDA,0.6299293056190477,0.10536356826190477,0.26470711571428573,0.8288267514285714,0.5245657365238096,21
2025-07-11,NVDA,0.6185538380869565,0.1535382301304348,0.22790793517391303,0.8450574569565217,0.46501561234782607,23
2025-07-12,NVDA,0.5680907947777778,0.3097697962222222,0.12213939933333334,0.85697748,0.25832099444444445,9
2025-07-13,NVDA,0.8230006958,0.10433590046,0.0726633981,0.915690201,0.718664799,10
2025-07-14,NVDA,0.5873298467777778,0.1423652868888889,0.27030486461111114,0.8715636233333333,0.44496456056649997,18
2025-07-15,NVDA,0.6856299838333333,0.0918784349888889,0.2224915927777778,0.8482000305555556,0.5937515496111111,18
2025-07-16,NVDA,0.5204904313500001,0.28487691980999996,0.19463265547500003,0.906192724,0.23561349866999998,20
2025-07-17,NVDA,0.7336702906666667,0.11797216429583333,0.14835755541666668,0.8510141616666668,0.6156981220833333,24
2025-07-18,NVDA,0.8081011235333333,0.10482551053333333,0.0870733734,0.8686577013333333,0.7032756066666667,15
2025-07-19,NVDA,0.5643863266666667,0.02248191166666667,0.413131757,0.8626763383333333,0.5419044066666666,6
2025-07-20,NVDA,0.6695015384615384,0.05553878346153846,0.2749596846923077,0.7947477892307693,0.6139627576923077,13
2025-07-21,NVDA,0.6920422369090908,0.10994837163636363,0.1980093955,0.8833126400000001,0.5820938559090909,22
2025-07-22,NVDA,0.5628786712238095,0.2933623728714286,0.143758954,0.8429233752380951,0.26951629476190475,21
2025-07-23,NVDA,0.48675869745238093,0.1958125197142857,0.31742876823809524,0.8362509580952381,0.2909461816190476,21
2025-07-24,NVDA,0.7035094567647058,0.10925114179411766,0.18723940029411765,0.8518649717647059,0.5942583067058824,17
2025-07-25,NVDA,0.43145084063636363,0.3833586265909091,0.18519052786363635,0.8560285090909091,0.048092212363636366,22
2025-07-26,NVDA,0.7351738016666666,0.05456886441666667,0.21025734041666666,0.8286832249999999,0.6806049449999999,12
2025-07-27,NVDA,0.813863602,0.01026429328,0.17587210999999997,0.813863602,0.803599316,5
2025-07-28,NVDA,0.6477522629333333,0.14207840968666666,0.21016931733333333,0.8243359873333334,0.5056738541333333,15
2025-07-29,NVDA,0.5549589351818182,0.1541599569090909,0.29088109495454545,0.8541959445454546,0.4007989758181818,22
2025-07-30,NVDA,0.46290754149999996,0.27912763895454545,0.2579648318636364,0.8116308413636364,0.1837798987272727,22
2025-07-31,NVDA,0.5325529305,0.088473230078125,0.378973843,0.846407935625,0.4440796979021875,32
2025-08-01,NVDA,0.4565957656111111,0.21552031572222222,0.3278839305,0.8657386755555555,0.2410754422222222,18
2025-08-02,NVDA,0.5410723575833333,0.054994618641666666,0.4039330270833333,0.8510021083333333,0.4860777383833333,12
2025-08-03,NVDA,0.6605128835,0.135264090625,0.20422304675,0.82314997125,0.52524879125,8
2025-08-04,NVDA,0.6354171462352941,0.14152664714705881,0.22305620929411765,0.8104464652941177,0.4938904964705882,17
2025-08-05,NVDA,0.5637023742857143,0.24540158215714283,0.19089603995238094,0.8420327876190477,0.3183007857142857,21
2025-08-06,NVDA,0.4266197416,0.4088799272,0.16450032480000001,0.8885149653333334,0.01773980833333333,15
2025-08-07,NVDA,0.6285667567272727,0.19251203027272726,0.1789212333181818,0.86468976,0.4360547275,22
2025-08-08,NVDA,0.49827421507142855,0.18344972492857142,0.3182760567857143,0.82484867,0.31482448805714286,14
2025-08-09,NVDA,0.5559284029285714,0.07889318567857143,0.36517839914285716,0.79438228,0.4770352146785714,14
2025-08-10,NVDA,0.80540884625,0.051564813,0.143026328875,0.82856919875,0.75384404,8
2025-08-11,NVDA,0.5902525203333333,0.16994872488888887,0.23979874450000002,0.7660452216666667,0.4203037916666667,18
2025-08-12,NVDA,0.561492490973077,0.22661323061538463,0.21189428769230767,0.8760073792307692,0.3348792646538462,26
2025-08-13,NVDA,0.6821838477272727,0.1416213084090909,0.17619485686363637,0.8357695150000001,0.5405625440909091,22
2025-08-14,NVDA,0.6061315450882353,0.1811415527882353,0.2127269072352941,0.8158485041176471,0.4249899904705882,17
2025-08-15,NVDA,0.5861973371052632,0.1543863065263158,0.2594163547368421,0.8342327757894737,0.4318110363157895,19
2025-08-16,NVDA,0.6260077184444444,0.11745545538888888,0.25653681133333334,0.7790662188888889,0.5085522555555556,9
2025-08-17,NVDA,0.6356259961111111,0.11736596611111111,0.24700804555555556,0.8539915455555556,0.518260032,9
2025-08-18,NVDA,0.5190438896153846,0.21652672548461538,0.26442939169230767,0.8449821038461539,0.30251716407692303,13
2025-08-19,NVDA,0.4897865113315789,0.2855256812473684,0.22468781757894735,0.8322739778947369,0.20426083052631577,19
2025-08-20,NVDA,0.5087415335347826,0.2302742518478261,0.26098418682608693,0.8384182104347826,0.2784672822478261,23
2025-08-21,NVDA,0.5175133140555556,0.35118804988888885,0.13129864961111112,0.8848827744444444,0.16632527166666666,18
2025-08-22,NVDA,0.6198105964074074,0.23007024527777778,0.15011915127777778,0.8457282762962963,0.3897403461481481,27
2025-08-23,NVDA,0.5786091345714286,0.10764671518571428,0.31374413,0.8498677347619047,0.47096242623809526,21
2025-08-24,NVDA,0.570148165,0.2807152984307692,0.1491365263846154,0.8291571623076923,0.2894328723076923,13
2025-08-25,NVDA,0.5380039639615385,0.2770893726384615,0.18490665984615384,0.8234807434615384,0.26091458781923077,26
2025-08-26,NVDA,0.5688826378,0.17721303292399998,0.25390433180000005,0.7975970812,0.3916695988,25
2025-08-27,NVDA,0.5866921543529412,0.21919794562941175,0.19410990097058822,0.8483623876470588,0.36749421547058825,34
2025-08-28,NVDA,0.6118910845882353,0.27558552860588237,0.11252337388235294,0.8493260052941176,0.3363055520588235,34
2025-08-29,NVDA,0.4768393203,0.22009171190000001,0.3030689694,0.8375443920000001,0.2567476036,20
2025-08-30,NVDA,0.3228802505,0.1834046435,0.49371511749999997,0.812964865,0.13947560675,4
2025-08-31,NVDA,0.6799685050666666,0.15709109953333333,0.16294040299999998,0.8337033779999999,0.5228774053333333,15
2025-09-01,NVDA,0.5752698596666667,0.018964912333333334,0.40576519916666665,0.7267562433333333,0.55630495,6
2025-09-02,NVDA,0.4112266301,0.3940271095733333,0.19474627206666667,0.8911671046666666,0.017199509666666668,15
2025-09-03,NVDA,0.54900615216,0.179473687532,0.27152016848,0.829957746,0.36953245776000004,25
2025-09-04,NVDA,0.507165692125,0.16193885752083334,0.3308954439583333,0.7839111808333333,0.34522683800000004,24
2025-09-05,NVDA,0.6434269470799999,0.19619810832399998,0.1603749414,0.8073677168000001,0.4472288396,25
2025-09-06,NVDA,0.5206646608,0.25561256849999997,0.22372277533333335,0.8362829266666666,0.265052098,15
2025-09-07,NVDA,0.7890379114285714,0.05761435098571428,0.153347749,0.8439125071428571,0.7314235678571429,14
2025-09-08,NVDA,0.4405537527857143,0.23321945920714285,0.32622676064285716,0.7850370328571429,0.20733429671428574,14
2025-09-09,NVDA,0.6247135598392858,0.08266354797142857,0.29262290521428574,0.8335667285714286,0.5420500115357143,28
2025-09-10,NVDA,0.5768001967,0.18525421954666665,0.2379455701333333,0.8524641346666667,0.3915459712566667,30
2025-09-11,NVDA,0.7707015064285715,0.11831598248928572,0.11098252489285713,0.8792974064285713,0.6523855228571429,28
2025-09-12,NVDA,0.6080619495833334,0.10034079889583332,0.29159723758333334,0.7699600895833334,0.507721148125,24
2025-09-13,NVDA,0.4535520770833334,0.30858469220833334,0.23786322033333332,0.7830123824999999,0.144967389675,12
2025-09-14,NVDA,0.7140434337272727,0.06825685087272727,0.21769971481818182,0.8464611690909091,0.6457865885454546,11
2025-09-15,NVDA,0.53273830172,0.24373304332,0.22352863892000002,0.893855826,0.28900526296,25
2025-09-16,NVDA,0.7960538730434783,0.030847330073913045,0.17309879056521738,0.877288582173913,0.7652065450434782,23
2025-09-17,NVDA,0.5339549004594595,0.21042597418108108,0.25561912354054056,0.8165656262162162,0.32352892691891894,37
2025-09-18,NVDA,0.598295601225,0.12821811319499998,0.2734862754,0.8600872765,0.47007749183499997,20
2025-09-19,NVDA,0.4805450746666666,0.25404716039444447,0.2654077758888889,0.7759567783333333,0.22649791205555556,18
2025-09-20,NVDA,0.59800476,0.0241515425,0.3778437115,0.8406828,0.573853225,2
2025-09-21,NVDA,0.95023865,0.01612139,0.033639956,0.95023865,0.93411726,1
2025-09-22,NVDA,0.5441733030555556,0.09481484822222223,0.3610118448333333,0.8310325166666667,0.44935846188888884,18
2025-09-23,NVDA,0.6501081688181819,0.2038412800909091,0.14605057863636361,0.7945810927272727,0.4462668863636364,11
2025-09-24,NVDA,0.63741629336,0.09036971808000001,0.27221399044,0.8665514252,0.547046583,25
2025-09-25,NVDA,0.6418025413125,0.15197526725,0.2062222116875,0.822827473125,0.48982727578124996,16
2025-09-26,NVDA,0.4800391016666667,0.07395432296666667,0.446006557,0.7482587,0.40608477916666663,12
2025-09-27,NVDA,0.62385871475,0.23488099163333334,0.14126030958333333,0.7927301641666666,0.3889777191666666,12
2025-09-28,NVDA,0.7284893118666667,0.09043018916666666,0.181080506,0.8672506693333334,0.6380591193333333,15
2025-09-29,NVDA,0.6595949451578947,0.11729783652105263,0.22310723000000002,0.8808553010526317,0.5422971077894737,19
2025-09-30,NVDA,0.5324092083809523,0.09390518157142858,0.3736856215714286,0.8366290885714287,0.43850403158095236,21
2025-10-01,NVDA,0.6516922049583334,0.16440532082083334,0.18390247525,0.8569395408333333,0.48728688970833334,24
2025-10-02,NVDA,0.7508908371428572,0.05098667946428571,0.1981225050357143,0.8696967067857143,0.6999041576428572,28
2025-10-03,NVDA,0.6274748765454545,0.12892405745454547,0.24360105154545453,0.831855805,0.49855081949999996,22
2025-10-04,NVDA,0.5526372324285714,0.3790457597142857,0.06831700271428572,0.9086406114285713,0.17359145571428572,7
2025-10-05,NVDA,0.7656831024117646,0.03859060316470588,0.1957263148235294,0.8554329882352941,0.7270924914917647,17
2025-10-06,NVDA,0.751229648388889,0.11240599865277777,0.13636434216666665,0.8713566552777778,0.6388236484444445,36
2025-10-07,NVDA,0.6579017051818182,0.16526214130909092,0.17683614584848484,0.8265986075757575,0.4926395670909091,33
2025-10-08,NVDA,0.7621603197500001,0.09412149872142857,0.14371817817857144,0.8511306957142857,0.6680388153571428,28
2025-10-09,NVDA,0.6849868931142856,0.1380355327542857,0.17697758119999998,0.8593808945714285,0.5469513705714285,35
2025-10-10,NVDA,0.6155762537692309,0.17001521588846155,0.21440852261538462,0.8406820192307692,0.445561039,26
2025-10-11,NVDA,0.5605596524418605,0.20076803430930232,0.23867230911627907,0.8732815969767441,0.35979161200000004,43
2025-10-12,NVDA,0.5097905597237763,0.22805634712307693,0.2621530962167832,0.8234494912587412,0.281734211086014,143
2025-10-13,NVDA,0.6070627567094786,0.15400947913601895,0.23892776704028437,0.8297526143443917,0.453053276678989,633
2025-10-14,NVDA,0.5769137217987896,0.18832611129046897,0.23476016869213312,0.8305350712102875,0.38858760866656583,661
2025-10-15,NVDA,0.6227476809136858,0.15404016205505444,0.22321215287869364,0.8338515959720062,0.4687075200171696,643
2025-10-16,NVDA,0.6273547438673759,0.1496737101606383,0.22297154388563828,0.8457942871099291,0.47768103330631206,564
2025-10-17,NVDA,0.5604644516693718,0.19423837928376964,0.24529717145287958,0.8329299290052357,0.3662260757185864,382
2025-10-18,NVDA,0.6084729667237624,0.14366787579158416,0.2478591549950495,0.8393264718811881,0.4648050905,202
2025-10-19,NVDA,0.5627457111472728,0.1846555140169697,0.2525987791151515,0.8417357372727272,0.3780901981551515,165
2025-10-20,NVDA,0.6328876182040817,0.08950151738163264,0.27761087130612244,0.8353753304081633,0.5433861000391836,49
2025-10-21,NVDA,0.5659942830857142,0.24761947071428572,0.1863862390714286,0.8340983557142857,0.3183748117142857,35
2025-10-22,NVDA,0.6665466493000001,0.12380930156,0.209644051025,0.8552096097499999,0.5427373444,40
2025-10-23,NVDA,0.5104951904411765,0.22542028941764708,0.2640845168823529,0.8604146391176472,0.28507490928823526,34
2025-10-24,NVDA,0.6058953644305556,0.20797715276666667,0.1861274783611111,0.8286249041666667,0.3979182136666667,36
2025-10-25,NVDA,0.7274904736,0.015607636099999999,0.2569019286,0.857635992,0.711882828,10
2025-10-26,NVDA,0.5494952577307692,0.20960223588076923,0.24090249865384614,0.8041986115384615,0.33989302646153846,26
2025-10-27,NVDA,0.65901343016,0.101038209416,0.23994836792000002,0.8539583815999999,0.55797521604,25
2025-10-28,NVDA,0.6756538900416666,0.12457233938958334,0.19977376587499998,0.8283364227083333,0.5510815539583334,48
2025-10-29,NVDA,0.6393578889333333,0.15005381727777778,0.2105882840222222,0.8581887708888889,0.48930407728888886,45
2025-10-30,NVDA,0.6057173377346938,0.12407143387142856,0.2702112075714286,0.8358686428571428,0.4816459013918367,49
2025-10-31,NVDA,0.5134804759456522,0.20515263139130435,0.2813668874130435,0.8481370030434782,0.3083278401195652,46
2025-11-01,NVDA,0.6545644178421053,0.016387641684210526,0.329047947368421,0.8495896436842105,0.6381767798421053,19
2025-11-02,NVDA,0.5804740475083333,0.22630921701833331,0.19321673461666666,0.8455531538333333,0.35416482758333334,60
2025-11-03,NVDA,0.5883828944571429,0.15539589365857143,0.2562212211,0.8509635437142856,0.4329870009371429,70
2025-11-04,NVDA,0.6144628188717949,0.21519660044230768,0.17034057861538462,0.8597947394871795,0.39926621734615386,78
2025-11-05,NVDA,0.5171133667500001,0.27339795423970586,0.20948868429411766,0.8482405413235294,0.24371541355882353,68
2025-11-06,NVDA,0.5021445970666666,0.2986275942416666,0.19922781116666669,0.8153549851666667,0.203517001145,60
2025-11-07,NVDA,0.49184875842542375,0.35809281211016947,0.1500584262542373,0.8546319477966102,0.13375594374576272,59
2025-11-08,NVDA,0.5391130019387755,0.24274374639591836,0.21814325993877554,0.837069883877551,0.29636925810204084,49
2025-11-09,NVDA,0.5376842493205128,0.2753663323333333,0.18694942907692308,0.8202598548717949,0.26231791507692304,39
2025-11-10,NVDA,0.6231416998103448,0.20288002510172412,0.17397827899999999,0.8525118948275862,0.4202616763206896,58
2025-11-11,NVDA,0.5521265475736842,0.2630241778736842,0.18484927850877195,0.845520814736842,0.28910236771929826,57
2025-11-12,NVDA,0.5945727769358974,0.1872139357948718,0.21821327953846156,0.8752619061538461,0.4073588390523077,39
2025-11-13,NVDA,0.6126568678387097,0.2300215967096774,0.1573215497096774,0.8522025393548387,0.3826352690322581,31
2025-11-14,NVDA,0.48738076442,0.21823808254,0.29438114401,0.8251953138,0.26914268414,50
2025-11-15,NVDA,0.45938298284,0.20567179608,0.33494522775999996,0.865762514,0.25371118548,25
2025-11-16,NVDA,0.576963663828125,0.269214999340625,0.15382133715625,0.884941313125,0.30774866909375,32
2025-11-17,NVDA,0.47858158765447156,0.2915525037626016,0.22986591125203254,0.8296720021951219,0.1870290848231707,123
2025-11-18,NVDA,0.4477402030426829,0.3301502111317073,0.2221095885914634,0.8480065276829268,0.11758998655365854,82
2025-11-19,NVDA,0.5642890333693694,0.2624499511171171,0.17326101413513514,0.8664338599099098,0.3018390834306306,111
2025-11-20,NVDA,0.5329953961559634,0.2614244077174312,0.205580198293578,0.8475882340366973,0.271570986733945,109
2025-11-21,NVDA,0.47612762717241375,0.2601329090922414,0.26373947284913796,0.8521146781034483,0.2159947163236207,116
2025-11-22,NVDA,0.4406871740588235,0.36421699108529415,0.19509583711764705,0.8544361744117647,0.07647018702941177,34
2025-11-23,NVDA,0.36975061595652176,0.3274563800869565,0.30279300758695654,0.8219867758695653,0.04229423512826086,46
2025-11-24,NVDA,0.5687404638851351,0.23143191325743243,0.19982762519594593,0.8579790644594595,0.3373085504777027,148
2025-11-25,NVDA,0.5620035705211764,0.2637662747823529,0.1742301462,0.8597662522352941,0.2982372958,85
2025-11-26,NVDA,0.6234261412307692,0.22845442319871795,0.1481194396025641,0.856199896025641,0.39497171668846154,78
2025-11-27,NVDA,0.5988229566,0.26763794519,0.13353910768,0.8382737742,0.33118501334,50
2025-11-28,NVDA,0.6084011094693877,0.2561648288489796,0.1354340695102041,0.8854801865306123,0.35223628017755104,49
2025-11-29,NVDA,0.573557461625,0.2456964310375,0.180746108575,0.8677411475,0.32786102910000003,40
2025-11-30,NVDA,0.6052929249272727,0.19534746345272727,0.19935961263636362,0.8376069323636363,0.40994546178181823,55
2025-12-01,NVDA,0.5406293604318182,0.22393468342272727,0.23543595373636364,0.8471295975454546,0.3166946735781818,110
2025-12-02,NVDA,0.524526348685567,0.3312738366773196,0.14419981046391753,0.8549443250515464,0.19325251379896907,97
2025-12-03,NVDA,0.5130948094711538,0.2797647214519231,0.20714047891346155,0.8437080749038461,0.23333008273076924,104
2025-12-04,NVDA,0.6202890416791208,0.19770512928571427,0.18200582227472525,0.8430916876923077,0.42258391095582415,91
2025-12-05,NVDA,0.5876740993981481,0.20984759588148147,0.2024783063148148,0.8579783278703703,0.3778265043755556,108
2025-12-06,NVDA,0.6072132759196428,0.2252928754375,0.16749384023214287,0.8415853444642857,0.3819204055535714,56
2025-12-07,NVDA,0.6180565983660714,0.20172501874999998,0.18021838367857143,0.8683961860714285,0.41633157699999995,56
2025-12-08,NVDA,0.5822341863237114,0.1966665370412371,0.2210992773505155,0.8534851825773196,0.38556764859793813,97
2025-12-09,NVDA,0.5951590140278572,0.23286731422,0.1719736707142857,0.8411138795714286,0.3622917007714286,140
2025-12-10,NVDA,0.5256441557857143,0.26999726137346935,0.20435858335204082,0.8467773463265307,0.2556468972867347,98
2025-12-11,NVDA,0.5720934608406779,0.2953155080016949,0.13259103593644067,0.8687664687288136,0.2767779508076271,118
2025-12-12,NVDA,0.5658856625327433,0.2598532802283186,0.17426105054867258,0.8589511744247788,0.306032380280531,113
2025-12-13,NVDA,0.5432440453857142,0.27914588479107144,0.17761007862500003,0.8421661871428572,0.2640981643035714,56
2025-12-14,NVDA,0.46662286937288133,0.26634114515084745,0.26703598098305087,0.8244094632203389,0.20028172015254236,59
2025-12-15,NVDA,0.49788649476982755,0.278786594912931,0.22332690593965518,0.8548848456896552,0.21909989726724138,116
2025-12-16,NVDA,0.5165710651150442,0.22640857892920352,0.2570203583982301,0.837205365840708,0.2901624865973451,113
2025-12-17,NVDA,0.5778869723250001,0.2654178124525,0.1566952210125,0.8470510121666667,0.31246915956666665,120
2025-12-18,NVDA,0.5847918914342105,0.20938460967192982,0.20582349985964912,0.850436613508772,0.3754072851403509,114
2025-12-19,NVDA,0.6650112400443038,0.19311055598734175,0.14187821387974683,0.8794341425316456,0.47190068269620256,79
2025-12-20,NVDA,0.6203488017966102,0.16928888384745763,0.2103623030338983,0.8403817361016949,0.4510599207118644,59
2025-12-21,NVDA,0.561133416682353,0.21950438579411766,0.21936219720588235,0.8334140277941176,0.3416290265294118,68
2025-12-22,NVDA,0.6791441701854167,0.208419743928125,0.11243608257291667,0.8686543990625001,0.47072442626041666,96
2025-12-23,NVDA,0.6033300704414063,0.20031539399765624,0.1963545391640625,0.838772884296875,0.4030146761903906,128
2025-12-24,NVDA,0.4843262853231708,0.31356049661219515,0.20211323406097562,0.8448991357317074,0.17076578562195122,82
2025-12-25,NVDA,0.5462354485454545,0.2562429078272727,0.19752164711363634,0.8559113131818182,0.2899925426590909,44
2025-12-26,NVDA,0.5679001444166666,0.20124262410555555,0.2308572167013889,0.8626940098611111,0.36665752352500003,72
2025-12-27,NVDA,0.48117260813999996,0.23590355977,0.28292382814,0.8388296192,0.24526904220999998,50
2025-12-28,NVDA,0.4647122741222222,0.3297290798333333,0.2055586522888889,0.8312157626666667,0.1349831933111111,45
2025-12-29,NVDA,0.5541947095441442,0.31952220887117116,0.1262830844774775,0.8834943641441441,0.23467250156756758,111
2025-12-30,NVDA,0.5969879977588235,0.20020691472000002,0.20280508677647058,0.8313481710588235,0.3967810806376471,85
2025-12-31,NVDA,0.5400106359477778,0.28092673417777775,0.17906262562222222,0.8646603133333334,0.25908389709,90
2026-01-01,NVDA,0.47293413902432435,0.3284611214608108,0.19860473767567569,0.8318742859459459,0.14447302187162162,74
2026-01-02,NVDA,0.6290491189999999,0.23313188124226802,0.13781900480927836,0.8754130451546391,0.3959172351237113,97
2026-01-03,NVDA,0.6121681603068182,0.16141245462954545,0.22641936625,0.8197356347727273,0.4507557055227273,44
2026-01-04,NVDA,0.6091961718409091,0.2431728772340909,0.1476309401818182,0.8242006161363636,0.36602329659090904,44
2026-01-05,NVDA,0.6236860920930233,0.16963779951104652,0.20667610803197672,0.8366069530232558,0.45404828810465114,172
2026-01-06,NVDA,0.5846281010238532,0.22795144732522934,0.18742045034862387,0.8519890583944955,0.35667665361866974,218
2026-01-07,NVDA,0.5654914423471338,0.23142487097388537,0.20308368836305732,0.8279548891719746,0.3340665709808917,157
2026-01-08,NVDA,0.5584039744761006,0.2713954115742138,0.17020061708805032,0.8304428201257861,0.28700856504402517,159
2026-01-09,NVDA,0.6234934021320755,0.1636119569198113,0.21289464400943395,0.8570191888679245,0.45988144208490567,106
2026-01-10,NVDA,0.5241189290508474,0.2735052563135594,0.20237581642372882,0.8274576406779661,0.2506136744762712,59
2026-01-11,NVDA,0.5180413017192982,0.2757987020456141,0.20615999594736845,0.83316999,0.2422425974210526,57
2026-01-12,NVDA,0.5810240282561984,0.20599681776363638,0.21297914732231404,0.8315161855371901,0.37502721234710745,121
2026-01-13,NVDA,0.63336602728125,0.18902294163680555,0.17761103580555557,0.8523753445833333,0.4443430859486111,144
2026-01-14,NVDA,0.551777086797351,0.2803601843198676,0.16786272521192055,0.8528036512582782,0.2714169034503311,151
2026-01-15,NVDA,0.6365418067956522,0.22402386844202898,0.13943431508333334,0.8628283740579711,0.4125179389565217,138
2026-01-16,NVDA,0.623814148557377,0.20603665359918033,0.17014919638934425,0.8475673218852459,0.41777749401639347,122
2026-01-17,NVDA,0.6192515532328767,0.19046367216438356,0.1902847750958904,0.8054621249315069,0.4287878830684932,73
2026-01-18,NVDA,0.49195708451162795,0.29641249400581393,0.2116304176511628,0.8414414354651163,0.1955445868604651,86
2026-01-19,NVDA,0.5196298670124999,0.27853709712249997,0.20183304230000002,0.83286585875,0.24109276975,80
2026-01-20,NVDA,0.5217364461282051,0.34831094275811963,0.12995260736752137,0.8642600811111111,0.1734255032991453,117
2026-01-21,NVDA,0.6159551676269841,0.23804548826507937,0.14599934201587303,0.8583978443650794,0.37790968100555555,126
2026-01-22,NVDA,0.6106774193633093,0.230210316052518,0.15911226253956834,0.8451008501438849,0.38046710047194243,139
2026-01-23,NVDA,0.4995561772504854,0.34037979247669903,0.16006403191262136,0.878486434660194,0.15917638671844658,103
2026-01-24,NVDA,0.5913993797936508,0.2637302968730159,0.14487032680952383,0.8272956093650794,0.32766907973015874,63
2026-01-25,NVDA,0.5356189465229729,0.2816077238445946,0.18277332454054054,0.815739697972973,0.2540112173378378,74
2026-01-26,NVDA,0.5516767336163793,0.24568196088275862,0.20264130321551724,0.8393121426724137,0.30599477257758617,116
2026-01-27,NVDA,0.6103379680201613,0.22673013753709678,0.1629318975483871,0.8509515228225806,0.3836078279516129,124
2026-01-28,NVDA,0.6704055254031497,0.17367519187874014,0.15591929074803149,0.8520417448818898,0.49673033295669294,127
2026-01-29,NVDA,0.5552403702632653,0.24769642129115646,0.19706320843537414,0.8384103517687075,0.30754394856564626,147
2026-01-30,NVDA,0.6022102712068965,0.2446996221060345,0.15309010947413793,0.8672938245689655,0.3575106525862069,116
2026-01-31,NVDA,0.5287411509225,0.281081370185,0.19017747302500002,0.8373508695,0.24765978141750003,80
2026-02-01,NVDA,0.5668872304927537,0.3105453097,0.12256746098550725,0.8447452485507246,0.2563419207246377,69
2026-02-02,NVDA,0.5122136392015874,0.28587406676428573,0.20191229174603176,0.8442884257936508,0.22633957063095236,126
2026-02-03,NVDA,0.5818604351879433,0.2962056341943262,0.12193393184397164,0.8711428379432624,0.28565480028368795,141
2026-02-04,NVDA,0.5542862115586666,0.31678429338,0.12892949434333334,0.8784636523999999,0.23750191436266666,150
2026-02-05,NVDA,0.5280649621690141,0.34732658329577465,0.12460845534507042,0.8706484417605634,0.1807383823661972,142
2026-02-06,NVDA,0.618828202,0.24818642708376068,0.13298537580341882,0.8755340992307692,0.37064177394017095,117
2026-02-07,NVDA,0.5753934607936507,0.26160300082539684,0.1630035335873016,0.8557000092063493,0.31379046106349207,63
2026-02-08,NVDA,0.6234697179583333,0.21195974223194444,0.16457054547222222,0.8649027536111111,0.411509976625,72
2026-02-09,NVDA,0.6197050971379311,0.23030594213793104,0.14998896326724137,0.8508453635344828,0.38939915252586205,116
2026-02-10,NVDA,0.5007917176154929,0.3637652327971831,0.1354430481971831,0.8673191256338029,0.13702648435915493,142
2026-02-11,NVDA,0.6032097018589744,0.23754121327777777,0.1592490896025641,0.8712391272649572,0.3656684885982906,117
2026-02-12,NVDA,0.5547537447363015,0.2598731802630137,0.18537308066438354,0.8599705521232877,0.2948805673287671,146
2026-02-13,NVDA,0.5518171085046729,0.30362085696728974,0.14456202996261683,0.8794496407476635,0.2481962519962617,107
2026-02-14,NVDA,0.5381054504864865,0.28636205571216217,0.17553249587837838,0.8278661366216216,0.251743395,74
2026-02-15,NVDA,0.5833865613205128,0.24914808592179488,0.1674653536025641,0.8537661542307692,0.33423847849230764,78
2026-02-16,NVDA,0.5123076489347826,0.3365201616315217,0.15117218778260869,0.860582176847826,0.1757874894347826,92
2026-02-17,NVDA,0.5956145324902985,0.24896087778955223,0.15542458470149254,0.838452181119403,0.3466536498955224,134
2026-02-18,NVDA,0.46123365535714284,0.33814239909495797,0.20062394005042017,0.8513331364705882,0.12309125709579832,119
2026-02-19,NVDA,0.5010951076260001,0.2772601964686667,0.22164470099333333,0.8611401926666667,0.22383491138666667,150
2026-02-20,NVDA,0.5543089179414141,0.303658617789899,0.14203247096969696,0.8609145905050506,0.25065029668181815,99
2026-02-21,NVDA,0.5715723063030304,0.22318754822727271,0.20524015296969697,0.8437732185858586,0.34838475917171713,99
2026-02-22,NVDA,0.3918524581212121,0.4499740531363636,0.15817347687878788,0.8407968398484849,-0.058121592401515154,66
2026-02-23,NVDA,0.5283657380127119,0.2694248490601695,0.2022094077584746,0.8531072005084747,0.2589408883135593,118
2026-02-24,NVDA,0.5796215914414414,0.24805879081171173,0.1723196133018018,0.8357825509009009,0.3315627993144144,111
2026-02-25,NVDA,0.583664070664394,0.22665712019924245,0.18967881271969697,0.8334878183333334,0.35700694894128787,132
2026-02-26,NVDA,0.46965880439999996,0.42872202745266663,0.1016191693,0.8800545390666668,0.040936778826666666,150
2026-02-27,NVDA,0.5782491455270833,0.2647542137138889,0.1569966413298611,0.8562454763888889,0.3134949313298611,144
2026-02-28,NVDA,0.5021388875742574,0.3297854843623762,0.1680756259009901,0.8614058401980198,0.17235340517158418,101
2026-03-01,NVDA,0.5633578200714285,0.24000098021428573,0.19664120387142855,0.856235492,0.32335683958492856,70
2026-03-02,NVDA,0.555478449531496,0.28531762507874014,0.1592039257086614,0.8581786902362204,0.27016082417716536,127
2026-03-03,NVDA,0.4647526804053846,0.37370670344307694,0.1615406181846154,0.8565138207692308,0.0910459751,130
2026-03-04,NVDA,0.539413335754074,0.28910331723111116,0.17148334596666667,0.8571908765925926,0.250310019362963,135
2026-03-05,NVDA,0.5301620605198413,0.34222059985714287,0.12761734389682539,0.8718075393650794,0.18794145837968254,126
2026-03-06,NVDA,0.5663050138260001,0.264602817779,0.1690921727,0.8761092944000001,0.30170219758,100
2026-03-07,NVDA,0.5513596694868852,0.2626422688737705,0.18599805647540985,0.8675937990163934,0.2887173988295082,61
2026-03-08,NVDA,0.5816125507934783,0.2819126465695652,0.13647480613043478,0.8759292445652175,0.29969990705434785,46
2026-03-09,NVDA,0.5445518104384615,0.29454067412999996,0.16090751948461537,0.8479917286153846,0.2500111370769231,130
2026-03-10,NVDA,0.6052860391724137,0.2436351811834483,0.15107879033793103,0.8468959720689655,0.3616508609310345,145
2026-03-11,NVDA,0.6169867141061947,0.24925789198141593,0.13375538936283185,0.8473259908849557,0.367728819460177,113
2026-03-12,NVDA,0.5516324259406781,0.2720631678779661,0.17630440923305082,0.8502210952542373,0.2795692571355933,118
2026-03-13,NVDA,0.5150380461098901,0.2358712852978022,0.24909067412087912,0.8534810572527471,0.27916676011868136,91
2026-03-14,NVDA,0.5156212804666667,0.26650258751904765,0.21787613125714286,0.855990450952381,0.24911869023333333,105
2026-03-15,NVDA,0.5281904290471698,0.32713277288679243,0.14467679389622642,0.862337233490566,0.20105765673962264,106
2026-03-16,NVDA,0.6006948472337963,0.1450600077875,0.25424515135648146,0.8230693999074075,0.4556348416782407,216
2026-03-17,NVDA,0.5909451069684685,0.1974838206954955,0.21157107125675678,0.8328019220270271,0.39346128700180183,222
2026-03-18,NVDA,0.6404249017443182,0.1715401877346591,0.1880349189090909,0.8487953525568183,0.46888471450511365,176
2026-03-19,NVDA,0.5997339527185714,0.2354106038857143,0.16485544795,0.8502674171428571,0.36432334772857145,140
2026-03-20,NVDA,0.5126286410091464,0.3338054803518293,0.15356587329268293,0.8719707394512195,0.17882316059756098,164
2026-03-21,NVDA,0.50287689373,0.2545199065677778,0.24260320404444444,0.8512475700000001,0.24835698784444446,90
2026-03-22,NVDA,0.5961537318474576,0.20361057086610168,0.20023570131355933,0.8906372708474576,0.39254316127118644,59
2026-03-23,NVDA,0.5580295274166667,0.20804249836916666,0.23392797825,0.8497488758333333,0.34998703138166665,120
2026-03-24,NVDA,0.5757522257152542,0.24978293209661018,0.17446483689830508,0.8482653384745762,0.32596929486864407,118
2026-03-25,NVDA,0.6598676075342466,0.17185683435342466,0.16827556692465753,0.8724754294520548,0.4880107703972603,146
2026-03-26,NVDA,0.5306684997705426,0.2485002657147287,0.2208312411007752,0.8536902924806201,0.2821682316193798,129
2026-03-27,NVDA,0.35534030932032523,0.35827519681056913,0.2863844895365854,0.8598160988617886,-0.0029348880008943103,123
2026-03-28,NVDA,0.5349730630285715,0.229449560025974,0.23557738124675323,0.8524863492207793,0.30552350107792203,77
2026-03-29,NVDA,0.5479450717164179,0.22814989530597016,0.22390502967164178,0.8492625873134328,0.3197951694895522,67
2026-03-30,NVDA,0.5158064752137614,0.23926050883486238,0.24493301420642202,0.8777342352293579,0.2765459649357798,109
2026-03-31,NVDA,0.5405681086344828,0.23137360490275863,0.22805829037241382,0.8674265288275862,0.3091945041482758,145
2026-04-01,NVDA,0.6047791627892563,0.22808096788677687,0.16713986225619834,0.8607583705785125,0.37669819310826447,121
2026-04-02,NVDA,0.5284760283578431,0.31120819818235296,0.16031578434803923,0.8518080068627452,0.21726782610490197,102
2026-04-03,NVDA,0.51211730360989,0.24229132970329673,0.2455913602967033,0.868786216043956,0.2698259774131868,91
2026-04-04,NVDA,0.4838337625952381,0.2757483841428572,0.2404178503968254,0.8249976333333333,0.2080853756326984,63
2026-04-05,NVDA,0.5706599733023257,0.22639558248837208,0.2029444451860465,0.8622046376744186,0.3442643915813953,43
2026-04-06,NVDA,0.5607495217034884,0.22272095395,0.216529523872093,0.8790434206976745,0.3380285687290698,86
2026-04-07,NVDA,0.5329412461917648,0.25841723797529415,0.20864150012941177,0.844099852117647,0.2745240078588235,85
2026-04-08,NVDA,0.620201601865,0.201559857761,0.178238542665,0.8580442632,0.4186417453713,100
2026-04-09,NVDA,0.6902694398898305,0.18726065026525424,0.12246991365254237,0.861527020338983,0.5030087918805085,118
2026-04-10,NVDA,0.7355218453304347,0.1262645446721739,0.13821361890434783,0.8698233875652174,0.6092573023452175,115
2026-04-11,NVDA,0.655504529368421,0.1597366538508772,0.18475881391228072,0.8434188403508772,0.4957678783912281,57
2026-04-12,NVDA,0.5507289634482759,0.2842814877706896,0.16498954929310344,0.8644042367241379,0.2664474725034483,58
2026-04-13,NVDA,0.6109167756394231,0.20777341288173076,0.18130981444230768,0.8614887050961539,0.4031433664615385,104
2026-04-14,NVDA,0.6408475381543625,0.14457530243221475,0.2145771628724832,0.83841407147651,0.49627223709651,149
2026-04-15,NVDA,0.6723081613131783,0.15783693953333333,0.16985489991472869,0.8382967634108527,0.5144712224266667,129
2026-04-16,NVDA,0.6311810224964538,0.20745208565531914,0.16136689024822695,0.864572895177305,0.42372894015957446,141
2026-04-17,NVDA,0.6014330687578126,0.19801068918046874,0.2005562440703125,0.850941969921875,0.40342237882765625,128
2026-04-18,NVDA,0.6617314465705882,0.17497751231029413,0.1632910305147059,0.8745367398529412,0.4867539268823529,68
2026-04-19,NVDA,0.6463994226271186,0.16892121738305085,0.18467936411864408,0.8513775389830509,0.4774782090338983,59
2026-04-20,NVDA,0.6587367111621212,0.13360149376136363,0.2076617968030303,0.8655615952272727,0.5251352183477273,132
2026-04-21,NVDA,0.6151498398571428,0.19443877705630253,0.19041138264285715,0.8498020666386555,0.42071106289327725,119
2026-04-22,NVDA,0.7065676322683333,0.1583626124525,0.135069755825,0.8841406627499999,0.5482050184333332,120
2026-04-23,NVDA,0.6758205854608696,0.1713958507547826,0.15278355843913044,0.8754199166086957,0.5044247366956521,115
2026-04-24,NVDA,0.6464907569256945,0.20913567736111113,0.14437356825694445,0.8879918803472222,0.43735507878472224,144
2026-04-25,NVDA,0.5764934594791667,0.2248671810625,0.1986393594375,0.8694826004166667,0.35162628215624997,48
2026-04-26,NVDA,0.5643153913362069,0.20549752349827585,0.23018707413793102,0.8466618948275861,0.3588178612155173,58
2026-04-27,NVDA,0.5386756310822784,0.28022567505886076,0.18109869784177215,0.8575412697468354,0.2584499566607595,158
2026-04-28,NVDA,0.5624374802556962,0.31947739216582277,0.11808512674050632,0.8692231656962025,0.24296009060759494,158
2026-04-29,NVDA,0.6044824676834646,0.21342605514173227,0.18209148074409448,0.8717706118897637,0.3910564122047244,127
2026-04-30,NVDA,0.6102176395371901,0.20845330418347108,0.1813290534173554,0.861786211322314,0.40176433633471076,121
