Date,ticker,llm_positive,llm_negative,llm_neutral,llm_confidence,llm_score,llm_relevance,llm_impact_magnitude,llm_uncertainty,news_count
2023-05-01,AMZN,0.1813392857142857,0.16175714285714288,0.6568892857142857,0.6725214285714286,0.04682857142857143,0.35857142857142854,0.08960714285714286,0.1601,28
2023-05-02,AMZN,0.15936190476190476,0.171,0.6696190476190477,0.6869952380952381,-0.021938095238095236,0.20761904761904765,0.05869523809523809,0.1439047619047619,21
2023-05-03,AMZN,0.18471249999999997,0.1555375,0.6597416666666667,0.6831166666666667,0.0661875,0.345,0.07800416666666667,0.13489583333333333,24
2023-05-04,AMZN,0.19932857142857144,0.14455714285714286,0.6561095238095238,0.6781714285714285,0.11305714285714286,0.34,0.07168571428571428,0.13865714285714287,21
2023-05-05,AMZN,0.1691,0.17847826086956523,0.6524086956521739,0.6905217391304348,0.010021739130434784,0.3704347826086956,0.0778695652173913,0.12321304347826087,23
2023-05-06,AMZN,0.19213333333333335,0.15336666666666668,0.6545,0.6700166666666667,0.08246666666666666,0.41,0.1477,0.12518333333333334,6
2023-05-07,AMZN,0.14595,0.19555,0.6585000000000001,0.6605000000000001,-0.1173,0.25,0.07055,0.13075,2
2023-05-08,AMZN,0.19585,0.15492,0.64923,0.64211,0.10116,0.304,0.09855,0.14762,10
2023-05-09,AMZN,0.18688823529411766,0.16091764705882353,0.6521823529411764,0.6725176470588236,0.05190588235294118,0.25882352941176473,0.06964705882352941,0.13091176470588234,17
2023-05-10,AMZN,0.23896470588235297,0.16263529411764707,0.5983705882352941,0.6755529411764707,0.10943529411764706,0.31882352941176473,0.1594529411764706,0.14202352941176472,17
2023-05-11,AMZN,0.17801111111111112,0.1457,0.6762888888888888,0.6837555555555556,0.08005555555555555,0.2822222222222222,0.06161666666666667,0.1312,18
2023-05-12,AMZN,0.14989473684210525,0.1483263157894737,0.7017684210526316,0.7027368421052632,0.007257894736842105,0.3242105263157895,0.04676315789473685,0.12495789473684212,19
2023-05-13,AMZN,0.13932,0.13504,0.72562,0.72562,0.014119999999999999,0.1,0.0166,0.13658,5
2023-05-14,AMZN,0.22835,0.238,0.53365,0.6141,-0.02099999999999999,0.55,0.1479,0.089,2
2023-05-15,AMZN,0.17473125,0.173525,0.65173125,0.65844375,0.00906875,0.2275,0.09949375,0.14425,16
2023-05-16,AMZN,0.2047142857142857,0.14527142857142858,0.6500142857142858,0.6911214285714286,0.1145357142857143,0.2842857142857143,0.10107142857142858,0.13967857142857143,14
2023-05-17,AMZN,0.2197,0.14320555555555556,0.6370888888888889,0.6668277777777778,0.13982777777777777,0.18333333333333332,0.07169444444444445,0.12944444444444445,18
2023-05-18,AMZN,0.18699523809523808,0.14685238095238096,0.6661523809523809,0.6769666666666667,0.09465238095238096,0.2857142857142857,0.0797,0.13557142857142856,21
2023-05-19,AMZN,0.20584999999999998,0.14507727272727272,0.6490681818181818,0.6841681818181818,0.11379545454545453,0.31,0.09155454545454546,0.12776363636363636,22
2023-05-20,AMZN,0.18883333333333333,0.14873333333333333,0.6624333333333333,0.6816,0.09146666666666665,0.25999999999999995,0.06573333333333332,0.146,6
2023-05-21,AMZN,0.18129090909090909,0.14496363636363638,0.6737272727272727,0.7044363636363636,0.062227272727272714,0.23090909090909092,0.05377272727272728,0.12693636363636365,11
2023-05-22,AMZN,0.18355454545454544,0.14530909090909092,0.6711272727272728,0.6793545454545454,0.09527272727272727,0.29636363636363633,0.06219090909090908,0.12273636363636363,11
2023-05-23,AMZN,0.175425,0.14643,0.678145,0.67885,0.07316,0.271,0.045994999999999994,0.120265,20
2023-05-24,AMZN,0.1871,0.1530166666666667,0.6598833333333334,0.6797555555555556,0.06992777777777777,0.38999999999999996,0.1343,0.13061666666666666,18
2023-05-25,AMZN,0.1921157894736842,0.14802631578947367,0.6598526315789474,0.6622157894736842,0.10775263157894736,0.2136842105263158,0.06709999999999999,0.12742105263157893,19
2023-05-26,AMZN,0.2007,0.14721666666666666,0.6520944444444444,0.6926333333333333,0.09939444444444445,0.24000000000000002,0.10139999999999999,0.12327222222222223,18
2023-05-27,AMZN,0.20452857142857142,0.1429642857142857,0.6524928571428571,0.6916285714285715,0.11728571428571428,0.27142857142857146,0.1015642857142857,0.12755,14
2023-05-28,AMZN,0.164,0.1431,0.6929333333333334,0.6929333333333334,0.05673333333333333,0.4000000000000001,0.06313333333333333,0.12933333333333333,3
2023-05-29,AMZN,0.14353333333333332,0.1363,0.7201666666666666,0.7201666666666666,0.023533333333333333,0.10000000000000002,0.005533333333333334,0.11763333333333333,3
2023-05-30,AMZN,0.21305555555555555,0.1457388888888889,0.6411944444444445,0.6892499999999999,0.10385,0.23333333333333334,0.09879444444444445,0.12614444444444445,18
2023-05-31,AMZN,0.22342,0.13698,0.6395866666666666,0.70194,0.14556666666666668,0.22,0.09012666666666666,0.13243333333333332,15
2023-06-01,AMZN,0.21001666666666666,0.14670833333333333,0.6432708333333333,0.6761583333333334,0.13185833333333333,0.2325,0.10328749999999999,0.11992916666666666,24
2023-06-02,AMZN,0.18845357142857141,0.15657142857142858,0.6549750000000001,0.66735,0.07687857142857143,0.35214285714285715,0.08831071428571428,0.14643928571428572,28
2023-06-03,AMZN,0.16210000000000002,0.19012666666666667,0.6477733333333333,0.70726,0.007380000000000001,0.232,0.08695333333333334,0.12205333333333333,15
2023-06-04,AMZN,0.156625,0.146775,0.6965625,0.6965625,0.025500000000000002,0.16,0.035275,0.1364125,8
2023-06-05,AMZN,0.20059,0.14899,0.65042,0.68042,0.103075,0.178,0.11407,0.141735,20
2023-06-06,AMZN,0.16545925925925928,0.19082222222222225,0.6437222222222223,0.6832444444444445,-0.010033333333333335,0.3,0.10611851851851853,0.11824074074074074,27
2023-06-07,AMZN,0.21432777777777778,0.16635555555555553,0.6193055555555556,0.6809944444444445,0.05120555555555555,0.3933333333333333,0.12121666666666668,0.12715555555555558,18
2023-06-08,AMZN,0.21432400000000001,0.149184,0.636484,0.694076,0.117452,0.3328,0.114692,0.12034399999999999,25
2023-06-09,AMZN,0.19877727272727272,0.17954545454545456,0.6216636363636364,0.6701818181818182,0.08280454545454545,0.32545454545454544,0.10956818181818181,0.1294590909090909,22
2023-06-10,AMZN,0.17814615384615384,0.14411538461538462,0.6777461538461539,0.6806461538461538,0.08747692307692308,0.14461538461538462,0.048523076923076926,0.12163846153846156,13
2023-06-11,AMZN,0.20915,0.1452,0.645675,0.670025,0.1391,0.21999999999999997,0.073725,0.128575,4
2023-06-12,AMZN,0.24361363636363634,0.14325454545454547,0.6131272727272727,0.6943772727272728,0.15562272727272727,0.30727272727272725,0.15461818181818182,0.10937272727272727,22
2023-06-13,AMZN,0.19074545454545452,0.1474409090909091,0.6617909090909091,0.6798363636363637,0.09886363636363636,0.1490909090909091,0.08411363636363636,0.12377727272727274,22
2023-06-14,AMZN,0.164235,0.142415,0.69335,0.696635,0.058975,0.187,0.03832,0.138135,20
2023-06-15,AMZN,0.19356363636363635,0.13998636363636363,0.6664545454545455,0.6990090909090909,0.09263181818181819,0.3390909090909091,0.07776363636363637,0.12440909090909091,22
2023-06-16,AMZN,0.20484285714285716,0.1389142857142857,0.6562371428571429,0.71052,0.08838857142857143,0.2782857142857143,0.11006,0.12072285714285713,35
2023-06-17,AMZN,0.150775,0.1377,0.7115,0.7055750000000001,0.035275,0.16,0.0207625,0.1220875,8
2023-06-18,AMZN,0.19385,0.1496,0.656525,0.6605,0.1121,0.22,0.097575,0.131275,4
2023-06-19,AMZN,0.15155,0.14152499999999998,0.7069083333333334,0.7069083333333334,0.027241666666666664,0.325,0.038358333333333335,0.12735,12
2023-06-20,AMZN,0.21510833333333335,0.14659166666666665,0.6382833333333334,0.702925,0.11524166666666667,0.38833333333333336,0.11517500000000001,0.12493333333333334,12
2023-06-21,AMZN,0.20758125,0.15210625,0.640325,0.66193125,0.1204875,0.43375,0.09854375,0.114675,16
2023-06-22,AMZN,0.27144,0.16335333333333332,0.5652066666666666,0.70638,0.15163333333333334,0.43533333333333335,0.20465,0.12559333333333333,30
2023-06-23,AMZN,0.21634166666666665,0.1564,0.62725,0.6535083333333334,0.1329,0.395,0.107825,0.14841666666666667,12
2023-06-24,AMZN,0.15635000000000002,0.13928000000000001,0.70435,0.70698,0.04348,0.262,0.03115,0.11563999999999999,10
2023-06-25,AMZN,0.1829,0.14511428571428572,0.6719714285714286,0.6634857142857143,0.09852857142857142,0.2542857142857143,0.05631428571428571,0.13585714285714284,7
2023-06-26,AMZN,0.17205882352941176,0.16698823529411766,0.6609588235294117,0.6774823529411765,0.02998823529411765,0.27999999999999997,0.07654117647058824,0.1301,17
2023-06-27,AMZN,0.2116111111111111,0.14726666666666666,0.6411407407407408,0.6783333333333333,0.11826666666666667,0.2733333333333333,0.08957777777777778,0.11605925925925925,27
2023-06-28,AMZN,0.20457916666666667,0.15669583333333334,0.6387291666666667,0.7065958333333334,0.08126666666666667,0.405,0.11620000000000001,0.11388749999999999,24
2023-06-29,AMZN,0.19491052631578948,0.1543842105263158,0.6506894736842105,0.6622631578947369,0.09337894736842105,0.3621052631578947,0.0857842105263158,0.1217578947368421,19
2023-06-30,AMZN,0.17694666666666667,0.16083333333333333,0.6622333333333333,0.68512,0.04564000000000001,0.23600000000000002,0.07698666666666668,0.13604666666666668,15
2023-07-01,AMZN,0.16099,0.15994,0.67906,0.69078,0.014969999999999997,0.178,0.03902,0.12461,10
2023-07-02,AMZN,0.16777777777777778,0.13964444444444446,0.6925555555555556,0.7166111111111112,0.05054444444444445,0.24000000000000002,0.042222222222222223,0.13836666666666667,9
2023-07-03,AMZN,0.2049235294117647,0.14628235294117647,0.6487882352941177,0.6685529411764707,0.1353470588235294,0.33999999999999997,0.0724235294117647,0.13558235294117646,17
2023-07-04,AMZN,0.24682500000000002,0.148475,0.6047125,0.6939,0.1427,0.4,0.157575,0.1294875,8
2023-07-05,AMZN,0.2101304347826087,0.1413695652173913,0.6485043478260869,0.7012999999999999,0.10676086956521738,0.3426086956521739,0.10243913043478262,0.12404347826086956,23
2023-07-06,AMZN,0.14729285714285714,0.1875642857142857,0.6651428571428573,0.7154071428571429,-0.052707142857142855,0.33142857142857146,0.11722142857142857,0.1303,14
2023-07-07,AMZN,0.196805,0.15573,0.64747,0.689805,0.06140000000000001,0.223,0.09383,0.136155,20
2023-07-08,AMZN,0.18296428571428572,0.16138571428571427,0.65565,0.6785071428571429,0.05223571428571429,0.21571428571428572,0.0717,0.13975,14
2023-07-09,AMZN,0.13145,0.13145,0.7371000000000001,0.7371000000000001,0.0,0.1,0.0,0.14250000000000002,2
2023-07-10,AMZN,0.2474642857142857,0.1853357142857143,0.5671857142857143,0.7084214285714285,0.0917,0.5971428571428571,0.23788571428571428,0.11674285714285715,14
2023-07-11,AMZN,0.2526333333333333,0.1531909090909091,0.5941606060606062,0.6844454545454546,0.16454848484848486,0.45999999999999996,0.1671030303030303,0.12441818181818183,33
2023-07-12,AMZN,0.19825714285714285,0.1573607142857143,0.6443821428571429,0.674075,0.08932142857142857,0.35214285714285715,0.11342857142857143,0.12805714285714284,28
2023-07-13,AMZN,0.20156666666666667,0.15708750000000002,0.6413458333333334,0.7013458333333333,0.07241666666666667,0.21666666666666667,0.10675,0.1215375,24
2023-07-14,AMZN,0.20973043478260872,0.14850000000000002,0.6417695652173913,0.6986260869565217,0.08349565217391304,0.2617391304347826,0.13016956521739131,0.13226086956521738,23
2023-07-15,AMZN,0.17098888888888888,0.13914444444444443,0.6898777777777778,0.7064555555555556,0.06746666666666666,0.29333333333333333,0.05002222222222222,0.13325555555555557,9
2023-07-16,AMZN,0.18206666666666668,0.1441,0.6738,0.6677666666666666,0.09916666666666667,0.3,0.03693333333333333,0.12506666666666666,3
2023-07-17,AMZN,0.19209285714285712,0.14820714285714284,0.6596857142857143,0.6827785714285713,0.09527857142857143,0.2671428571428572,0.058885714285714284,0.11487857142857143,14
2023-07-18,AMZN,0.20399333333333333,0.15782666666666667,0.6381666666666667,0.7059066666666667,0.04644000000000001,0.316,0.10808,0.13237333333333334,15
2023-07-19,AMZN,0.18324285714285712,0.15885,0.6579071428571428,0.6589071428571429,0.06311428571428572,0.2542857142857143,0.06278571428571429,0.13356428571428572,14
2023-07-20,AMZN,0.21586666666666668,0.15571666666666667,0.6284277777777778,0.6500944444444445,0.13205,0.34,0.13240555555555555,0.1274,18
2023-07-21,AMZN,0.1966470588235294,0.1552058823529412,0.6481294117647058,0.7086823529411765,0.042835294117647055,0.18823529411764706,0.10494705882352941,0.13081176470588235,17
2023-07-22,AMZN,0.20989999999999998,0.15145,0.63865,0.6400666666666667,0.13915,0.27999999999999997,0.11246666666666667,0.12856666666666666,6
2023-07-23,AMZN,0.14723999999999998,0.13612,0.71664,0.71664,0.03086,0.25599999999999995,0.0083,0.12591999999999998,5
2023-07-24,AMZN,0.1942809523809524,0.1467,0.6590190476190476,0.6865476190476191,0.09128571428571429,0.3276190476190476,0.055580952380952384,0.11674761904761903,21
2023-07-25,AMZN,0.2027125,0.17170625,0.62556875,0.6718437500000001,0.06590625,0.41500000000000004,0.11259374999999999,0.11524375,16
2023-07-26,AMZN,0.18867777777777778,0.15450555555555556,0.6568111111111111,0.6570333333333334,0.08277777777777778,0.2866666666666667,0.059961111111111104,0.11545555555555555,18
2023-07-27,AMZN,0.17377142857142858,0.15915714285714286,0.6670857142857143,0.6839904761904763,0.03471904761904762,0.3657142857142857,0.09676190476190476,0.1560952380952381,21
2023-07-28,AMZN,0.17587999999999998,0.15860000000000002,0.66551,0.6845100000000001,0.04505,0.273,0.07944999999999999,0.11909499999999999,20
2023-07-29,AMZN,0.151525,0.137625,0.71085,0.71085,0.038575,0.21999999999999997,0.010375,0.11615,4
2023-07-30,AMZN,0.14635,0.137025,0.7166125,0.7166125,0.0267875,0.295,0.0188875,0.1229375,8
2023-07-31,AMZN,0.25425416666666667,0.14438333333333334,0.6013541666666667,0.6876041666666667,0.18177083333333333,0.2866666666666667,0.16017916666666668,0.11939166666666666,24
2023-08-01,AMZN,0.25483684210526314,0.15336315789473684,0.5917736842105263,0.6658684210526316,0.16497894736842103,0.4221052631578947,0.1636,0.11839473684210526,19
2023-08-02,AMZN,0.2195625,0.172125,0.60831875,0.653325,0.09205624999999999,0.305,0.13271875,0.1320875,16
2023-08-03,AMZN,0.26789999999999997,0.16125,0.570840625,0.6693625,0.162859375,0.466875,0.22014999999999998,0.159453125,32
2023-08-04,AMZN,0.346928947368421,0.1432342105263158,0.5098421052631579,0.6830868421052632,0.29076315789473683,0.5005263157894737,0.28801578947368417,0.1634,38
2023-08-05,AMZN,0.1328,0.1328,0.7344,0.7344,0.0,0.1,0.0,0.12,2
2023-08-06,AMZN,0.1839,0.14854,0.66758,0.66758,0.10110000000000001,0.352,0.06758,0.12788,5
2023-08-07,AMZN,0.2315318181818182,0.17080454545454546,0.5976545454545454,0.6780863636363637,0.0957590909090909,0.3563636363636364,0.18181363636363634,0.16843636363636363,22
2023-08-08,AMZN,0.1923130434782609,0.14786521739130434,0.6597999999999999,0.6752130434782608,0.08924782608695653,0.3086956521739131,0.1030695652173913,0.1425695652173913,23
2023-08-09,AMZN,0.238764,0.156492,0.604752,0.674988,0.14651999999999998,0.4296,0.11282400000000001,0.1164,25
2023-08-10,AMZN,0.17355588235294117,0.14858823529411763,0.6778441176470589,0.6921029411764706,0.060061764705882356,0.32941176470588235,0.043332352941176475,0.12556470588235294,34
2023-08-11,AMZN,0.2361625,0.15048125,0.6133500000000001,0.67815625,0.12452500000000001,0.4,0.1653625,0.11703125,16
2023-08-12,AMZN,0.18482,0.14718,0.6679999999999999,0.6652199999999999,0.10258,0.268,0.048519999999999994,0.10974999999999999,10
2023-08-13,AMZN,0.148175,0.1374,0.7144,0.7144,0.0353,0.1,0.0083,0.1277,4
2023-08-14,AMZN,0.1894357142857143,0.14300000000000002,0.6675642857142857,0.6901,0.10288571428571427,0.33571428571428574,0.06293571428571429,0.12899285714285716,14
2023-08-15,AMZN,0.23868750000000002,0.15352916666666666,0.6077666666666667,0.6796875,0.14933333333333335,0.27166666666666667,0.12100416666666668,0.11969166666666665,24
2023-08-16,AMZN,0.21522222222222223,0.14532222222222224,0.6394611111111111,0.676711111111111,0.14545555555555556,0.16,0.09402222222222222,0.13656666666666667,18
2023-08-17,AMZN,0.164815,0.1689,0.666285,0.699405,0.018855,0.31,0.06233000000000001,0.12308999999999999,20
2023-08-18,AMZN,0.2422941176470588,0.14144117647058824,0.6162411764705883,0.6910176470588236,0.1630764705882353,0.40941176470588236,0.1276529411764706,0.12317647058823529,17
2023-08-19,AMZN,0.16076666666666667,0.13973333333333335,0.6994777777777778,0.7012,0.05607777777777777,0.18666666666666665,0.032233333333333336,0.1343777777777778,9
2023-08-20,AMZN,0.1613888888888889,0.14022222222222222,0.6983555555555556,0.6918111111111112,0.061211111111111105,0.18666666666666665,0.02571111111111111,0.13886666666666667,9
2023-08-21,AMZN,0.1846,0.1485277777777778,0.6668666666666667,0.6809944444444445,0.0729611111111111,0.3333333333333333,0.07239444444444444,0.14210555555555557,18
2023-08-22,AMZN,0.23438095238095236,0.1405952380952381,0.6250095238095238,0.6867428571428571,0.15450476190476192,0.25333333333333335,0.13914761904761905,0.1432047619047619,21
2023-08-23,AMZN,0.17632962962962964,0.15245185185185187,0.6712185185185185,0.6814481481481481,0.05813703703703704,0.22444444444444442,0.04744814814814814,0.11679629629629629,27
2023-08-24,AMZN,0.20713333333333336,0.14669166666666666,0.6461791666666666,0.6694708333333333,0.13029583333333333,0.2591666666666667,0.09949583333333334,0.13134583333333333,24
2023-08-25,AMZN,0.17771333333333333,0.14958666666666667,0.67268,0.6790333333333334,0.06490666666666665,0.27599999999999997,0.05589333333333334,0.13429333333333335,15
2023-08-26,AMZN,0.15824,0.15009999999999998,0.6916300000000001,0.68501,0.025009999999999998,0.148,0.030300000000000004,0.11775,10
2023-08-27,AMZN,0.1725625,0.152775,0.67465,0.6748875,0.0473875,0.2725,0.045325000000000004,0.132825,8
2023-08-28,AMZN,0.191,0.1439611111111111,0.6650333333333334,0.7012111111111111,0.09203888888888889,0.39666666666666667,0.054,0.11672222222222223,18
2023-08-29,AMZN,0.3350090909090909,0.1410818181818182,0.5239090909090909,0.6807636363636363,0.3078454545454546,0.5527272727272727,0.22183636363636364,0.10968181818181817,11
2023-08-30,AMZN,0.19934444444444444,0.16672777777777778,0.6339444444444444,0.66385,0.07774444444444445,0.29333333333333333,0.13656666666666667,0.13585,18
2023-08-31,AMZN,0.16177600000000003,0.146976,0.69124,0.702744,0.037516,0.2632,0.045087999999999996,0.13314,25
2023-09-01,AMZN,0.19538823529411764,0.1468,0.6578117647058823,0.677964705882353,0.11208823529411764,0.4235294117647059,0.05488235294117647,0.11588823529411764,17
2023-09-02,AMZN,0.24348333333333336,0.14576666666666668,0.6107666666666667,0.7091666666666666,0.12348333333333333,0.3,0.08993333333333335,0.10821666666666667,6
2023-09-03,AMZN,0.14734,0.1429,0.70974,0.70974,0.014119999999999999,0.16,0.016599999999999997,0.13374,5
2023-09-04,AMZN,0.1458142857142857,0.13662857142857143,0.7175285714285715,0.7175285714285715,0.02775714285714286,0.2542857142857143,0.011271428571428571,0.12364285714285714,7
2023-09-05,AMZN,0.2097733333333333,0.16274,0.6274733333333333,0.66276,0.10132666666666666,0.3906666666666666,0.09775333333333333,0.14226666666666665,15
2023-09-06,AMZN,0.17468235294117648,0.14588823529411765,0.6794117647058824,0.6966352941176471,0.06353529411764706,0.31176470588235294,0.05187058823529412,0.1248235294117647,17
2023-09-07,AMZN,0.17421666666666666,0.16022777777777777,0.6655277777777777,0.6905277777777779,0.027066666666666666,0.3466666666666667,0.08623888888888889,0.12762777777777778,18
2023-09-08,AMZN,0.17135714285714285,0.1525892857142857,0.6760428571428572,0.68625,0.040721428571428575,0.27785714285714286,0.07055714285714286,0.1354607142857143,28
2023-09-09,AMZN,0.15745714285714288,0.13864285714285715,0.7039285714285715,0.6926714285714286,0.053028571428571425,0.18571428571428572,0.029428571428571425,0.15325714285714284,7
2023-09-10,AMZN,0.22845,0.151025,0.62055,0.64985,0.170575,0.25,0.1075,0.114175,4
2023-09-11,AMZN,0.2127142857142857,0.15951904761904762,0.6277666666666667,0.6727380952380952,0.11126666666666668,0.25142857142857145,0.10781428571428571,0.12335714285714286,21
2023-09-12,AMZN,0.20262592592592593,0.14556666666666665,0.6518074074074074,0.6761962962962963,0.11874444444444444,0.30814814814814817,0.062459259259259256,0.12524814814814814,27
2023-09-13,AMZN,0.17609999999999998,0.14604999999999999,0.6778500000000001,0.688505,0.069545,0.321,0.0521,0.135825,20
2023-09-14,AMZN,0.2194666666666667,0.14027142857142857,0.6402571428571429,0.6943380952380953,0.12333333333333332,0.3504761904761905,0.0862,0.12007142857142858,21
2023-09-15,AMZN,0.1769909090909091,0.19057727272727273,0.6324363636363637,0.6799272727272728,0.028254545454545452,0.25545454545454543,0.12005909090909092,0.12134545454545455,22
2023-09-16,AMZN,0.1691090909090909,0.1531909090909091,0.6777,0.6777,0.04794545454545454,0.3018181818181818,0.06305454545454546,0.12794545454545456,11
2023-09-17,AMZN,0.17301666666666668,0.1436,0.6833666666666667,0.681075,0.0768,0.26999999999999996,0.05370833333333333,0.12731666666666666,12
2023-09-18,AMZN,0.18893333333333331,0.1686,0.6424500000000001,0.7121916666666667,0.03865833333333334,0.32,0.08604166666666667,0.11740833333333334,12
2023-09-19,AMZN,0.1795076923076923,0.1740576923076923,0.6464269230769232,0.6938923076923077,0.02402307692307692,0.33153846153846156,0.10728076923076922,0.13656538461538462,26
2023-09-20,AMZN,0.206572,0.14234,0.651084,0.696724,0.09268000000000001,0.2944,0.095572,0.136416,25
2023-09-21,AMZN,0.19620666666666667,0.14018666666666668,0.6635933333333334,0.70548,0.10468666666666666,0.22000000000000003,0.07645333333333333,0.12453333333333333,15
2023-09-22,AMZN,0.21993333333333331,0.14502857142857142,0.6350238095238095,0.676204761904762,0.1481,0.40380952380952384,0.09531428571428571,0.11375714285714286,21
2023-09-23,AMZN,0.1847125,0.148725,0.6665625,0.672875,0.092125,0.17500000000000002,0.056625,0.1427875,8
2023-09-24,AMZN,0.18172222222222223,0.14487777777777777,0.6734111111111112,0.6734555555555555,0.08843333333333334,0.3133333333333333,0.06601111111111112,0.11614444444444444,9
2023-09-25,AMZN,0.21618387096774191,0.15412903225806454,0.6296838709677419,0.6674903225806451,0.12252258064516129,0.3690322580645161,0.12518064516129032,0.12668709677419354,31
2023-09-26,AMZN,0.23003428571428572,0.15003142857142857,0.6199371428571429,0.6962942857142858,0.12543142857142858,0.4022857142857143,0.12562571428571429,0.11168857142857143,35
2023-09-27,AMZN,0.19391538461538463,0.2281846153846154,0.5779,0.6948192307692308,-0.020230769230769222,0.38923076923076927,0.14685384615384617,0.1348769230769231,26
2023-09-28,AMZN,0.18742105263157893,0.15013684210526315,0.6624315789473684,0.6691842105263157,0.08536315789473684,0.2736842105263158,0.06269473684210526,0.14163684210526317,19
2023-09-29,AMZN,0.168612,0.16576000000000002,0.665632,0.67656,0.018224000000000004,0.3016,0.06325599999999999,0.116824,25
2023-09-30,AMZN,0.15553333333333333,0.1615,0.6829666666666667,0.6893833333333333,-0.01335,0.26,0.037275,0.126725,12
2023-10-01,AMZN,0.1473625,0.1842125,0.6684125000000001,0.7149875,-0.040575,0.2725,0.063625,0.1323,8
2023-10-02,AMZN,0.17121764705882356,0.15127058823529413,0.6775058823529412,0.6816882352941176,0.04501764705882353,0.34,0.06717058823529412,0.1353294117647059,17
2023-10-03,AMZN,0.221672,0.159752,0.618572,0.69396,0.08702,0.36560000000000004,0.143888,0.128548,25
2023-10-04,AMZN,0.1667722222222222,0.1562611111111111,0.6769611111111111,0.7270166666666668,0.009783333333333335,0.3788888888888889,0.07993333333333334,0.14277777777777778,18
2023-10-05,AMZN,0.15674583333333333,0.1892208333333333,0.6540166666666667,0.6990458333333334,-0.0396125,0.2808333333333333,0.0903875,0.14161666666666667,24
2023-10-06,AMZN,0.17475263157894738,0.1704157894736842,0.6548368421052632,0.6684631578947369,0.012673684210526316,0.2894736842105263,0.11443684210526317,0.17903157894736843,19
2023-10-07,AMZN,0.1354,0.14263333333333333,0.7219666666666668,0.7219666666666668,-0.023533333333333333,0.10000000000000002,0.005533333333333334,0.13263333333333335,3
2023-10-08,AMZN,0.16865999999999998,0.14744,0.6838599999999999,0.67708,0.056440000000000004,0.1,0.028220000000000002,0.1295,5
2023-10-09,AMZN,0.16614705882352943,0.1481705882352941,0.6856705882352941,0.6810352941176471,0.04515294117647058,0.3211764705882353,0.03315882352941176,0.11756470588235293,17
2023-10-10,AMZN,0.1966758620689655,0.16478275862068964,0.6385344827586208,0.6814137931034483,0.07770689655172414,0.2737931034482759,0.08775862068965518,0.11941379310344828,29
2023-10-11,AMZN,0.185428,0.142396,0.6721720000000001,0.6922280000000001,0.09236000000000001,0.2944,0.057699999999999994,0.137184,25
2023-10-12,AMZN,0.21457,0.171955,0.613465,0.67371,0.105355,0.199,0.13439,0.1708,20
2023-10-13,AMZN,0.2457125,0.15518333333333334,0.5991041666666667,0.6748250000000001,0.16083333333333333,0.315,0.14997916666666666,0.12172499999999999,24
2023-10-14,AMZN,0.15021111111111113,0.14386666666666667,0.7059333333333334,0.7059333333333334,0.017144444444444445,0.23333333333333334,0.04256666666666667,0.13097777777777778,9
2023-10-15,AMZN,0.17572857142857143,0.14537142857142857,0.6788857142857143,0.6742714285714285,0.08118571428571429,0.3485714285714286,0.05915714285714286,0.1183,7
2023-10-16,AMZN,0.19967894736842104,0.1436105263157895,0.6567157894736843,0.7004526315789473,0.08737894736842106,0.19789473684210526,0.09004736842105264,0.12992631578947367,19
2023-10-17,AMZN,0.23108695652173913,0.14493478260869566,0.6239826086956521,0.688213043478261,0.14226521739130435,0.30869565217391304,0.1360391304347826,0.12386521739130435,23
2023-10-18,AMZN,0.2085421052631579,0.14117894736842104,0.6502684210526316,0.6946263157894738,0.10408421052631579,0.29894736842105263,0.08990526315789474,0.12949473684210525,19
2023-10-19,AMZN,0.23131818181818184,0.1441909090909091,0.6244863636363637,0.686559090909091,0.16449999999999998,0.2990909090909091,0.08784545454545455,0.11926363636363636,22
2023-10-20,AMZN,0.21892608695652174,0.14361739130434784,0.6374478260869566,0.6814,0.1280391304347826,0.2669565217391304,0.1120608695652174,0.11721304347826086,23
2023-10-21,AMZN,0.1361,0.14044,0.72346,0.72346,-0.014119999999999999,0.1,0.0166,0.11857999999999999,5
2023-10-22,AMZN,0.30879999999999996,0.133625,0.557525,0.70705,0.275275,0.4,0.12295,0.092475,4
2023-10-23,AMZN,0.3044322580645161,0.1627548387096774,0.5327935483870968,0.6860419354838709,0.20981935483870967,0.35935483870967744,0.24135483870967742,0.13079354838709675,31
2023-10-24,AMZN,0.2164263157894737,0.13726315789473684,0.646321052631579,0.7065,0.11697368421052633,0.37473684210526315,0.12942631578947367,0.14412631578947369,19
2023-10-25,AMZN,0.2674392857142857,0.14166428571428571,0.5908928571428572,0.6743499999999999,0.20435714285714288,0.32071428571428573,0.15459642857142858,0.14450357142857143,28
2023-10-26,AMZN,0.27555769230769234,0.1539,0.5705384615384615,0.6897769230769231,0.16407307692307693,0.42769230769230765,0.2117423076923077,0.13634615384615384,26
2023-10-27,AMZN,0.2593447368421053,0.1797078947368421,0.5609394736842105,0.6912473684210527,0.1291684210526316,0.4594736842105263,0.22055526315789473,0.13727105263157893,38
2023-10-28,AMZN,0.1778833333333333,0.1495,0.6726166666666668,0.6878833333333333,0.06063333333333334,0.15,0.05093333333333333,0.11798333333333333,6
2023-10-29,AMZN,0.22287777777777779,0.1486888888888889,0.6284444444444445,0.6496,0.16695555555555555,0.32666666666666666,0.07743333333333333,0.11828888888888889,9
2023-10-30,AMZN,0.23118461538461538,0.15369615384615384,0.6151000000000001,0.6781538461538462,0.13989615384615384,0.3946153846153846,0.19163076923076924,0.19505384615384613,26
2023-10-31,AMZN,0.2509117647058824,0.13832941176470587,0.6107470588235294,0.6972411764705883,0.1715764705882353,0.31176470588235294,0.1771529411764706,0.13195882352941177,17
2023-11-01,AMZN,0.20993809523809523,0.1450857142857143,0.6449809523809524,0.7029761904761904,0.10792857142857144,0.39714285714285713,0.07167142857142858,0.15041428571428572,21
2023-11-02,AMZN,0.21600588235294116,0.1448470588235294,0.6391294117647058,0.7009823529411765,0.12538235294117647,0.31058823529411766,0.09467058823529412,0.11902352941176471,17
2023-11-03,AMZN,0.17151363636363637,0.1466590909090909,0.6818272727272727,0.6782636363636364,0.06205454545454545,0.25272727272727274,0.051540909090909096,0.1303090909090909,22
2023-11-04,AMZN,0.17242727272727273,0.1698181818181818,0.6577363636363637,0.6817090909090909,0.026099999999999998,0.2090909090909091,0.10136363636363636,0.12160000000000001,11
2023-11-05,AMZN,0.1665,0.14077499999999998,0.6926749999999999,0.68235,0.0681,0.295,0.04905,0.158175,4
2023-11-06,AMZN,0.24493809523809523,0.14828571428571427,0.6067761904761905,0.6688000000000001,0.173,0.29714285714285715,0.1173952380952381,0.11781428571428572,21
2023-11-07,AMZN,0.24556499999999998,0.14822,0.606215,0.6784749999999999,0.157575,0.30700000000000005,0.191415,0.123115,20
2023-11-08,AMZN,0.19107619047619048,0.14407619047619047,0.6648428571428572,0.6849809523809525,0.09629523809523809,0.29428571428571426,0.05230476190476191,0.12187619047619049,21
2023-11-09,AMZN,0.18906363636363635,0.15123636363636364,0.6597000000000001,0.6729090909090909,0.07928181818181818,0.20363636363636362,0.0794,0.15327272727272725,11
2023-11-10,AMZN,0.22218888888888888,0.15073333333333333,0.6270722222222223,0.686038888888889,0.11041111111111111,0.2788888888888889,0.10815000000000001,0.13372777777777778,18
2023-11-11,AMZN,0.18080000000000002,0.14446,0.67472,0.67934,0.09352,0.1,0.05145999999999999,0.12864,5
2023-11-12,AMZN,0.19143333333333334,0.14643333333333333,0.6621333333333334,0.6818,0.10708333333333332,0.35000000000000003,0.0771,0.12428333333333334,6
2023-11-13,AMZN,0.16550526315789474,0.17363684210526317,0.6608631578947368,0.6970421052631579,0.014768421052631577,0.2231578947368421,0.07915789473684211,0.1187157894736842,19
2023-11-14,AMZN,0.185064,0.146788,0.6681400000000001,0.680796,0.086376,0.31120000000000003,0.08226800000000001,0.13902,25
2023-11-15,AMZN,0.18392592592592594,0.1590037037037037,0.6570592592592592,0.6799518518518518,0.054596296296296296,0.2644444444444444,0.0632851851851852,0.1262,27
2023-11-16,AMZN,0.2045157894736842,0.15510526315789475,0.640378947368421,0.6536157894736842,0.1150157894736842,0.22947368421052633,0.08746842105263157,0.12924736842105264,19
2023-11-17,AMZN,0.17869444444444443,0.1417388888888889,0.6795666666666667,0.6922,0.08588888888888889,0.3644444444444444,0.038144444444444446,0.11390555555555555,18
2023-11-18,AMZN,0.17428181818181818,0.1421272727272727,0.6835727272727273,0.6888181818181818,0.08144545454545454,0.17090909090909093,0.04430909090909091,0.1363909090909091,11
2023-11-19,AMZN,0.16385,0.1446875,0.69145,0.6913625,0.044825,0.3375,0.0696875,0.153125,8
2023-11-20,AMZN,0.21290526315789476,0.14831052631578948,0.6387789473684211,0.6649736842105263,0.1466263157894737,0.4189473684210526,0.0844578947368421,0.12191052631578947,19
2023-11-21,AMZN,0.1953541666666667,0.14207083333333334,0.6625541666666667,0.6923583333333334,0.0997,0.27166666666666667,0.06410416666666667,0.12842916666666668,24
2023-11-22,AMZN,0.18956190476190476,0.15098095238095238,0.6594619047619048,0.6929333333333334,0.0723047619047619,0.3657142857142857,0.09562380952380951,0.1369857142857143,21
2023-11-23,AMZN,0.2263090909090909,0.19235454545454544,0.5813272727272728,0.7486181818181818,0.03777272727272727,0.3,0.21730909090909092,0.11973636363636363,11
2023-11-24,AMZN,0.18580869565217392,0.16304782608695653,0.6511391304347827,0.6888434782608696,0.029239130434782608,0.41043478260869565,0.1316304347826087,0.15514782608695651,23
2023-11-25,AMZN,0.16243636363636363,0.1485181818181818,0.6890181818181819,0.6890181818181819,0.038627272727272725,0.2527272727272727,0.048427272727272735,0.15350909090909093,11
2023-11-26,AMZN,0.1892666666666667,0.14543333333333333,0.6652666666666667,0.6763666666666667,0.10603333333333333,0.32,0.083,0.1544,3
2023-11-27,AMZN,0.19570714285714286,0.14175357142857142,0.6625285714285714,0.6933214285714285,0.10168571428571428,0.38357142857142856,0.09266785714285715,0.14932499999999999,28
2023-11-28,AMZN,0.2349423076923077,0.16745,0.5976,0.6790538461538461,0.12822307692307694,0.5738461538461539,0.1485923076923077,0.13430384615384616,26
2023-11-29,AMZN,0.24682272727272725,0.1421181818181818,0.6110545454545455,0.7001136363636363,0.13531818181818184,0.39909090909090905,0.1578409090909091,0.13337272727272728,22
2023-11-30,AMZN,0.2441227272727273,0.1485090909090909,0.6073863636363637,0.65975,0.19265,0.28,0.12323181818181818,0.1293681818181818,22
2023-12-01,AMZN,0.21310500000000002,0.14594000000000001,0.64095,0.69252,0.10594,0.229,0.109625,0.12827,20
2023-12-02,AMZN,0.15983,0.14084999999999998,0.69931,0.69931,0.055310000000000005,0.16,0.04316,0.14597,10
2023-12-03,AMZN,0.154675,0.14091666666666666,0.7044,0.7015166666666667,0.03179166666666667,0.26,0.04568333333333333,0.13813333333333333,12
2023-12-04,AMZN,0.2945380952380952,0.1349761904761905,0.5704857142857143,0.7054,0.25334761904761904,0.4466666666666666,0.1536857142857143,0.11823809523809524,21
2023-12-05,AMZN,0.196795,0.142595,0.66062,0.6933900000000001,0.10444,0.36,0.09883499999999999,0.13206,20
2023-12-06,AMZN,0.17341363636363638,0.1414409090909091,0.6851409090909091,0.7007500000000001,0.07118636363636364,0.2772727272727273,0.04694090909090909,0.13564545454545454,22
2023-12-07,AMZN,0.18087333333333333,0.15810666666666667,0.6610133333333333,0.6732600000000001,0.04197333333333333,0.28800000000000003,0.08593333333333333,0.11262,15
2023-12-08,AMZN,0.16662352941176473,0.14531176470588236,0.6880529411764705,0.6878882352941177,0.05178235294117647,0.29411764705882354,0.03351176470588235,0.1335529411764706,17
2023-12-09,AMZN,0.2118875,0.1502375,0.63788125,0.6580125,0.125525,0.22375,0.07488125000000001,0.11898125,16
2023-12-10,AMZN,0.16923333333333335,0.14335,0.6873833333333333,0.6805,0.06935000000000001,0.31,0.04958333333333333,0.12055,6
2023-12-11,AMZN,0.1874,0.1469,0.6656962962962963,0.6809296296296297,0.0876074074074074,0.1614814814814815,0.04975185185185185,0.12567407407407408,27
2023-12-12,AMZN,0.18571666666666667,0.161825,0.6524666666666666,0.7024583333333334,0.014908333333333329,0.26,0.09475833333333333,0.141475,12
2023-12-13,AMZN,0.21222272727272726,0.1444409090909091,0.6433409090909091,0.6863681818181818,0.1257590909090909,0.2772727272727273,0.0969,0.14182272727272727,22
2023-12-14,AMZN,0.18920555555555554,0.14478333333333335,0.6660055555555555,0.6820722222222222,0.10758888888888889,0.3266666666666667,0.04898888888888889,0.11673888888888889,18
2023-12-15,AMZN,0.18254,0.148668,0.6688,0.67228,0.08121600000000001,0.1984,0.058407999999999995,0.12782,25
2023-12-16,AMZN,0.1588923076923077,0.13949999999999999,0.7016000000000001,0.7002076923076923,0.0533,0.29846153846153844,0.025007692307692307,0.12851538461538461,13
2023-12-17,AMZN,0.1621142857142857,0.14011428571428572,0.6977714285714286,0.6929285714285714,0.05992857142857143,0.16857142857142857,0.024900000000000002,0.12685714285714286,7
2023-12-18,AMZN,0.18173636363636364,0.14734999999999998,0.6709181818181819,0.6772,0.07695909090909091,0.3281818181818182,0.04167272727272728,0.1360590909090909,22
2023-12-19,AMZN,0.22263793103448276,0.14526896551724136,0.6320896551724138,0.6711862068965517,0.16031724137931033,0.32482758620689656,0.07815862068965516,0.11948275862068965,29
2023-12-20,AMZN,0.18084545454545456,0.14652727272727273,0.6726272727272727,0.6926863636363637,0.07376363636363636,0.2927272727272727,0.060190909090909094,0.12294545454545455,22
2023-12-21,AMZN,0.2104966666666667,0.13832333333333333,0.6511833333333333,0.7184066666666666,0.09895666666666666,0.26,0.09418333333333333,0.12830333333333332,30
2023-12-22,AMZN,0.19024615384615384,0.14876538461538463,0.6609807692307693,0.6806807692307693,0.09013846153846153,0.42076923076923073,0.06129615384615385,0.1258423076923077,26
2023-12-23,AMZN,0.15245,0.13841,0.70915,0.70915,0.04192,0.178,0.030300000000000004,0.14730000000000001,10
2023-12-24,AMZN,0.15594,0.1851,0.6589600000000001,0.6925000000000001,-0.041260000000000005,0.348,0.033440000000000004,0.14288,5
2023-12-25,AMZN,0.159025,0.13947500000000002,0.7015250000000001,0.6919500000000001,0.0492,0.4,0.02905,0.115075,4
2023-12-26,AMZN,0.17863636363636362,0.14626363636363637,0.6750545454545455,0.6750545454545455,0.09073636363636363,0.2636363636363636,0.048981818181818175,0.11501818181818181,11
2023-12-27,AMZN,0.1924625,0.14444375,0.6630812500000001,0.66620625,0.11655625,0.22375,0.056675,0.1449,16
2023-12-28,AMZN,0.18936666666666666,0.15192777777777777,0.6586944444444445,0.6852,0.06836666666666666,0.37222222222222223,0.04853333333333333,0.13010555555555556,18
2023-12-29,AMZN,0.1899470588235294,0.1502764705882353,0.6597941176470589,0.6783117647058824,0.08718823529411765,0.26588235294117646,0.07161176470588236,0.11937647058823529,17
2023-12-30,AMZN,0.14184285714285713,0.1394,0.7187642857142856,0.7158,0.0053071428571428575,0.13428571428571429,0.021942857142857146,0.13679285714285713,14
2023-12-31,AMZN,0.1771181818181818,0.18593636363636365,0.636909090909091,0.6703454545454546,0.01731818181818182,0.2581818181818182,0.07476818181818182,0.13394999999999999,22
2024-01-01,AMZN,0.13705714285714285,0.14809999999999998,0.7148428571428571,0.7148428571428571,-0.03212857142857143,0.2285714285714286,0.0083,0.11678571428571428,7
2024-01-02,AMZN,0.17585384615384617,0.16217692307692305,0.6619730769230769,0.7053461538461538,0.039799999999999995,0.33,0.05180384615384615,0.12231923076923076,26
2024-01-03,AMZN,0.22585454545454545,0.14895454545454545,0.6251863636363636,0.6799545454545455,0.134,0.29090909090909095,0.11215454545454545,0.13383636363636364,22
2024-01-04,AMZN,0.17172,0.1501,0.67818,0.678324,0.048636,0.3272,0.054196,0.12758,25
2024-01-05,AMZN,0.184485,0.142565,0.67293,0.696465,0.08884,0.24300000000000002,0.052500000000000005,0.126155,20
2024-01-06,AMZN,0.17582,0.14171,0.68247,0.68937,0.08434,0.274,0.040150000000000005,0.13406,10
2024-01-07,AMZN,0.15459090909090908,0.15356363636363637,0.6918454545454545,0.6866363636363636,0.004827272727272728,0.1981818181818182,0.02,0.1370818181818182,11
2024-01-08,AMZN,0.17511875,0.1487125,0.676175,0.70330625,0.0502375,0.34875,0.05539375,0.125175,16
2024-01-09,AMZN,0.207425,0.15125625,0.6413125000000001,0.6729125,0.108625,0.2975,0.10575625,0.14260625,16
2024-01-10,AMZN,0.19996666666666668,0.15521666666666667,0.6448,0.6715277777777778,0.10085000000000001,0.4388888888888889,0.08119444444444444,0.14335555555555557,18
2024-01-11,AMZN,0.2128470588235294,0.1438764705882353,0.6432764705882353,0.6995058823529412,0.09027647058823529,0.31529411764705884,0.10537058823529412,0.12453529411764705,17
2024-01-12,AMZN,0.2320909090909091,0.12992727272727272,0.6379818181818182,0.7194090909090909,0.14114545454545455,0.33454545454545453,0.13095454545454546,0.14270000000000002,11
2024-01-13,AMZN,0.19535833333333333,0.14451666666666665,0.660125,0.6756666666666667,0.11980833333333334,0.18999999999999997,0.0535,0.130525,12
2024-01-14,AMZN,0.1481,0.1910125,0.6609,0.7153,-0.044425,0.29500000000000004,0.067,0.1531125,8
2024-01-15,AMZN,0.15948947368421051,0.14700000000000002,0.6935157894736842,0.703421052631579,0.03313684210526316,0.308421052631579,0.029289473684210525,0.12756842105263158,19
2024-01-16,AMZN,0.2068875,0.14631875,0.6467937500000001,0.67959375,0.1199,0.47875,0.074825,0.14932499999999999,16
2024-01-17,AMZN,0.23074375,0.1443625,0.62489375,0.69283125,0.1215625,0.2725,0.1318375,0.1238875,16
2024-01-18,AMZN,0.18690769230769233,0.1623230769230769,0.6507692307692309,0.6731076923076924,0.0717923076923077,0.33076923076923076,0.08621538461538461,0.11465384615384615,13
2024-01-19,AMZN,0.2105857142857143,0.18699523809523808,0.6024095238095238,0.6700952380952382,0.05289523809523809,0.3028571428571429,0.15809523809523812,0.15168095238095236,21
2024-01-20,AMZN,0.18785000000000002,0.14362857142857144,0.6685,0.6829642857142858,0.10421428571428572,0.20285714285714285,0.05142142857142857,0.1256357142857143,14
2024-01-21,AMZN,0.19402,0.15182,0.65417,0.65734,0.10711,0.16,0.0702,0.11238999999999999,10
2024-01-22,AMZN,0.22046896551724138,0.16924827586206898,0.6103,0.6772793103448277,0.08578275862068967,0.31172413793103443,0.12567586206896553,0.13580344827586208,29
2024-01-23,AMZN,0.2270434782608696,0.14355652173913044,0.629395652173913,0.6841826086956522,0.14611304347826087,0.3834782608695652,0.1170608695652174,0.11846521739130435,23
2024-01-24,AMZN,0.19756190476190474,0.15496190476190477,0.6474809523809524,0.6632095238095238,0.10051904761904762,0.26571428571428574,0.0893952380952381,0.11368571428571428,21
2024-01-25,AMZN,0.21058499999999997,0.14906,0.640345,0.662115,0.13817,0.33999999999999997,0.087715,0.133465,20
2024-01-26,AMZN,0.21356470588235293,0.16508235294117646,0.621335294117647,0.6712235294117647,0.10921176470588236,0.41411764705882353,0.12418823529411763,0.1361,17
2024-01-27,AMZN,0.21611249999999999,0.14085,0.643025,0.68725,0.1464875,0.31,0.072675,0.1391,8
2024-01-28,AMZN,0.18654444444444446,0.16418888888888888,0.6492666666666667,0.6608222222222222,0.06231111111111111,0.2,0.07495555555555555,0.12192222222222221,9
2024-01-29,AMZN,0.26067674418604647,0.15085116279069768,0.5884651162790697,0.6758162790697674,0.1697279069767442,0.3925581395348837,0.18575813953488374,0.1361720930232558,43
2024-01-30,AMZN,0.23014,0.15035,0.61951,0.69145,0.12397,0.304,0.11105000000000001,0.11192500000000001,20
2024-01-31,AMZN,0.18589999999999998,0.1490642857142857,0.6650285714285714,0.6715821428571429,0.09028571428571429,0.2857142857142857,0.07103571428571429,0.13037857142857143,28
2024-02-01,AMZN,0.23881794871794873,0.16679230769230768,0.5943974358974359,0.6665641025641025,0.11686666666666667,0.3820512820512821,0.15831794871794871,0.12838205128205127,39
2024-02-02,AMZN,0.32703023255813957,0.1317813953488372,0.5411720930232558,0.6876511627906976,0.28264883720930234,0.41813953488372096,0.2532860465116279,0.1501,43
2024-02-03,AMZN,0.18978666666666666,0.14707333333333333,0.66316,0.6623933333333334,0.10987333333333332,0.12000000000000001,0.06076666666666666,0.12101333333333333,15
2024-02-04,AMZN,0.15829,0.14005,0.70167,0.70167,0.051649999999999995,0.19,0.02656,0.12383999999999999,10
2024-02-05,AMZN,0.2481,0.15273461538461539,0.5991653846153846,0.6656692307692308,0.15955769230769232,0.37153846153846154,0.12946538461538462,0.11701153846153846,26
2024-02-06,AMZN,0.22134736842105265,0.14432105263157896,0.6343421052631579,0.6849473684210526,0.13524210526315789,0.3452631578947369,0.08430526315789474,0.12575263157894737,19
2024-02-07,AMZN,0.22739999999999996,0.14658333333333334,0.6260111111111111,0.6794,0.15173333333333333,0.29444444444444445,0.10643333333333332,0.14190555555555556,18
2024-02-08,AMZN,0.21803684210526314,0.18266315789473686,0.5993052631578948,0.667721052631579,0.11155263157894736,0.3231578947368421,0.12421578947368421,0.12543157894736842,19
2024-02-09,AMZN,0.240205,0.152065,0.6077049999999999,0.669555,0.166985,0.314,0.11349000000000001,0.127505,20
2024-02-10,AMZN,0.2187,0.14377333333333334,0.63754,0.68608,0.13566666666666669,0.24400000000000002,0.08932,0.12324,15
2024-02-11,AMZN,0.22298999999999997,0.1487,0.62828,0.67183,0.16228,0.238,0.0978,0.12625999999999998,10
2024-02-12,AMZN,0.2243962962962963,0.14395925925925926,0.6316296296296297,0.6824148148148148,0.13732222222222223,0.4562962962962963,0.0937074074074074,0.1357,27
2024-02-13,AMZN,0.181640625,0.16594375,0.6524093750000001,0.68363125,0.0500125,0.39125,0.080621875,0.137503125,32
2024-02-14,AMZN,0.21205172413793102,0.17591034482758622,0.612048275862069,0.6754862068965518,0.055303448275862074,0.3703448275862069,0.11700344827586207,0.12694827586206897,29
2024-02-15,AMZN,0.197375,0.14147083333333335,0.6611375,0.7003875,0.0813,0.2366666666666667,0.08407916666666666,0.11847916666666668,24
2024-02-16,AMZN,0.21677916666666666,0.16679583333333334,0.6164208333333333,0.6689375000000001,0.10520833333333333,0.34,0.15035416666666665,0.143175,24
2024-02-17,AMZN,0.1492,0.13720000000000002,0.7135857142857143,0.7135857142857143,0.03768571428571428,0.14285714285714285,0.023642857142857143,0.15480000000000002,7
2024-02-18,AMZN,0.16788333333333336,0.14241666666666666,0.6897000000000001,0.6897000000000001,0.07148333333333333,0.10000000000000002,0.04011666666666667,0.13536666666666666,6
2024-02-19,AMZN,0.1673,0.14034615384615384,0.6923615384615385,0.7038615384615384,0.0639,0.3538461538461538,0.04329230769230769,0.12745384615384617,13
2024-02-20,AMZN,0.2484714285714286,0.1382357142857143,0.6132892857142858,0.7042571428571429,0.17009642857142857,0.3057142857142857,0.16081071428571428,0.12067142857142857,28
2024-02-21,AMZN,0.20752916666666665,0.15856666666666666,0.6339,0.6690208333333333,0.1100125,0.2916666666666667,0.1035375,0.1256125,24
2024-02-22,AMZN,0.2132642857142857,0.13037857142857143,0.6563571428571429,0.7106928571428571,0.11911428571428571,0.2928571428571428,0.09855714285714286,0.11451428571428571,14
2024-02-23,AMZN,0.208605,0.14244,0.6489550000000001,0.683605,0.13071000000000002,0.288,0.07556,0.12042,20
2024-02-24,AMZN,0.17696153846153845,0.14174615384615386,0.6812923076923076,0.6890615384615385,0.0845846153846154,0.12307692307692308,0.0448,0.1323,13
2024-02-25,AMZN,0.24023333333333333,0.15496666666666667,0.6047833333333333,0.6383500000000001,0.17583333333333337,0.23,0.10759999999999999,0.11505,6
2024-02-26,AMZN,0.1949875,0.15119583333333333,0.6538166666666667,0.6692083333333333,0.10095,0.31416666666666665,0.0601875,0.12776666666666667,24
2024-02-27,AMZN,0.16065833333333332,0.15535833333333335,0.6839833333333334,0.6816666666666666,0.014499999999999999,0.295,0.04881666666666667,0.11625833333333334,12
2024-02-28,AMZN,0.19608461538461538,0.14736153846153846,0.6565384615384615,0.6832999999999999,0.10186153846153846,0.31153846153846154,0.07858846153846154,0.13066538461538463,26
2024-02-29,AMZN,0.237044,0.141528,0.6214200000000001,0.6891760000000001,0.159812,0.36160000000000003,0.11927199999999999,0.11368,25
2024-03-01,AMZN,0.17694736842105263,0.1426736842105263,0.6803842105263158,0.6974052631578948,0.07742105263157895,0.36,0.04147894736842105,0.12098421052631578,19
2024-03-02,AMZN,0.1489,0.14052727272727272,0.7105545454545455,0.7105545454545455,0.025318181818181816,0.1,0.024145454545454546,0.13253636363636365,11
2024-03-03,AMZN,0.2109,0.1372875,0.6518125,0.6991125,0.1341125,0.25,0.055087500000000005,0.1290875,8
2024-03-04,AMZN,0.21156250000000001,0.145625,0.6427875000000001,0.6724687500000001,0.13994375,0.26875,0.092575,0.13693125,16
2024-03-05,AMZN,0.20155,0.14403636363636363,0.6544181818181818,0.6922181818181818,0.11627727272727273,0.2218181818181818,0.06740909090909092,0.1308318181818182,22
2024-03-06,AMZN,0.1855238095238095,0.15416666666666667,0.6603,0.6765666666666666,0.07150952380952381,0.2828571428571428,0.06980952380952381,0.1363,21
2024-03-07,AMZN,0.16759166666666667,0.14779166666666665,0.6846083333333334,0.6877166666666668,0.046224999999999995,0.255,0.07125833333333333,0.13176666666666667,12
2024-03-08,AMZN,0.24864999999999998,0.14153888888888888,0.6098,0.69,0.18493888888888887,0.28555555555555556,0.10197222222222223,0.11820555555555555,18
2024-03-09,AMZN,0.17172727272727273,0.1645909090909091,0.6636818181818183,0.6823454545454545,0.035709090909090906,0.18181818181818182,0.0655090909090909,0.12552727272727274,11
2024-03-10,AMZN,0.22734285714285712,0.15175714285714287,0.6208857142857143,0.6412428571428571,0.17588571428571426,0.18571428571428572,0.08577142857142858,0.10882857142857143,7
2024-03-11,AMZN,0.21706666666666666,0.15284166666666668,0.6300958333333334,0.6715458333333334,0.1330875,0.19166666666666668,0.09035,0.11901250000000001,24
2024-03-12,AMZN,0.20649444444444442,0.14755555555555555,0.6459444444444444,0.6850722222222223,0.11481111111111113,0.3244444444444444,0.09241666666666666,0.12923333333333334,18
2024-03-13,AMZN,0.21329062499999998,0.147221875,0.639475,0.67726875,0.132184375,0.293125,0.090765625,0.1115125,32
2024-03-14,AMZN,0.20447058823529413,0.15122352941176473,0.6443117647058824,0.678329411764706,0.10622352941176472,0.2823529411764706,0.07567647058823529,0.12568235294117647,17
2024-03-15,AMZN,0.20801052631578948,0.15065263157894737,0.6413315789473684,0.6759105263157895,0.10579473684210526,0.30736842105263157,0.0892421052631579,0.13179473684210527,19
2024-03-16,AMZN,0.16348333333333334,0.14058333333333334,0.6959333333333334,0.6928833333333334,0.06286666666666667,0.22999999999999998,0.029924999999999997,0.13246666666666665,12
2024-03-17,AMZN,0.19749,0.15253,0.6499900000000001,0.6686799999999999,0.09165999999999999,0.178,0.06795,0.12917,10
2024-03-18,AMZN,0.23682,0.14752666666666667,0.6156466666666667,0.6844666666666667,0.15978666666666666,0.27599999999999997,0.14138666666666666,0.11807333333333334,15
2024-03-19,AMZN,0.18859444444444443,0.1704388888888889,0.6409722222222223,0.7160611111111111,0.03986666666666667,0.27222222222222225,0.09266666666666666,0.11124444444444445,18
2024-03-20,AMZN,0.18567727272727275,0.16975909090909092,0.6445590909090909,0.6645772727272727,0.04194090909090909,0.31727272727272726,0.08989090909090909,0.1249,22
2024-03-21,AMZN,0.24664583333333334,0.15300833333333333,0.6003375000000001,0.6768916666666667,0.1655875,0.275,0.139875,0.12264166666666666,24
2024-03-22,AMZN,0.22477894736842108,0.1575105263157895,0.6177052631578948,0.6907052631578947,0.10328421052631578,0.3673684210526316,0.1248736842105263,0.11971052631578949,19
2024-03-23,AMZN,0.15895,0.14021666666666668,0.7008333333333333,0.7008333333333333,0.055266666666666665,0.18000000000000002,0.0339,0.14446666666666666,6
2024-03-24,AMZN,0.1533,0.1380125,0.7087,0.7039125,0.0400625,0.1975,0.0327,0.13848749999999999,8
2024-03-25,AMZN,0.19492380952380953,0.1477190476190476,0.6573476190476191,0.6653809523809524,0.11870952380952382,0.32571428571428573,0.07168095238095239,0.12955238095238095,21
2024-03-26,AMZN,0.21674166666666664,0.14907499999999999,0.6341916666666667,0.6738,0.13239166666666666,0.39999999999999997,0.105825,0.13490833333333332,12
2024-03-27,AMZN,0.22776000000000002,0.17151,0.60071,0.6458999999999999,0.12012,0.27999999999999997,0.12881,0.12233000000000001,10
2024-03-28,AMZN,0.1723888888888889,0.1480388888888889,0.6795944444444445,0.6849888888888889,0.052755555555555556,0.21777777777777776,0.03583888888888889,0.12117777777777777,18
2024-03-29,AMZN,0.26745555555555556,0.12454444444444444,0.6080000000000001,0.7419333333333333,0.18334444444444442,0.31777777777777777,0.15781111111111112,0.12166666666666666,9
2024-03-30,AMZN,0.15056666666666665,0.1424,0.7070166666666667,0.7070166666666667,0.022883333333333335,0.10000000000000002,0.022133333333333335,0.13785,6
2024-03-31,AMZN,0.1656,0.14235,0.6920333333333334,0.6920333333333334,0.06638333333333334,0.33,0.03805,0.12836666666666666,6
2024-04-01,AMZN,0.2681722222222222,0.13986666666666667,0.5919666666666666,0.7098111111111112,0.1959611111111111,0.5444444444444445,0.13037222222222222,0.11351111111111112,18
2024-04-02,AMZN,0.20979047619047617,0.15375714285714284,0.6364476190476192,0.6736714285714286,0.11880952380952381,0.27142857142857146,0.09443333333333333,0.12027142857142857,21
2024-04-03,AMZN,0.18125,0.14603750000000001,0.6727,0.6883333333333334,0.07380416666666667,0.2325,0.05734583333333334,0.13654583333333334,24
2024-04-04,AMZN,0.23592222222222223,0.14666666666666667,0.6174222222222222,0.6801555555555556,0.16175555555555554,0.30666666666666664,0.1615,0.12882222222222223,9
2024-04-05,AMZN,0.23343333333333333,0.14051333333333332,0.62604,0.6821933333333334,0.14085999999999999,0.34400000000000003,0.14772666666666667,0.13107333333333332,15
2024-04-06,AMZN,0.19808888888888887,0.14421111111111112,0.6577,0.6821222222222222,0.11896666666666667,0.24000000000000002,0.06135555555555556,0.1181,9
2024-04-07,AMZN,0.17682142857142855,0.1454357142857143,0.6777428571428572,0.6841142857142858,0.08302857142857142,0.26285714285714284,0.03251428571428571,0.12353571428571429,14
2024-04-08,AMZN,0.1711,0.145825,0.6830375,0.69285,0.06085625,0.35125,0.03444375,0.1202125,16
2024-04-09,AMZN,0.2268333333333333,0.15758571428571427,0.6155619047619048,0.6643666666666667,0.1341190476190476,0.3057142857142857,0.10307142857142856,0.12942380952380952,21
2024-04-10,AMZN,0.18381,0.14776499999999998,0.668415,0.67682,0.08476,0.211,0.069265,0.11928000000000001,20
2024-04-11,AMZN,0.23506111111111108,0.14311666666666667,0.6218055555555556,0.68365,0.16905,0.22,0.11600555555555554,0.13059444444444443,18
2024-04-12,AMZN,0.21846923076923078,0.15036923076923078,0.6311538461538462,0.6526384615384616,0.14794615384615384,0.36153846153846153,0.11856153846153847,0.11557692307692308,13
2024-04-13,AMZN,0.18710000000000002,0.14905,0.6638333333333334,0.6582,0.10536666666666666,0.22999999999999998,0.07791666666666666,0.13195,6
2024-04-14,AMZN,0.20028,0.1498,0.64992,0.63594,0.13296000000000002,0.316,0.060239999999999995,0.1157,5
2024-04-15,AMZN,0.2187235294117647,0.15856470588235294,0.6227176470588235,0.6783882352941176,0.0844235294117647,0.3035294117647059,0.11565294117647058,0.12180000000000002,17
2024-04-16,AMZN,0.22583000000000003,0.16958,0.60458,0.672515,0.08452499999999999,0.244,0.153555,0.12359,20
2024-04-17,AMZN,0.23773125,0.1726125,0.58965,0.6833875,0.1020625,0.41125,0.19845625,0.16151875,16
2024-04-18,AMZN,0.2650277777777778,0.13706666666666667,0.5979055555555556,0.6862277777777778,0.18574444444444443,0.3466666666666667,0.16692777777777779,0.13239444444444443,18
2024-04-19,AMZN,0.2149090909090909,0.16176363636363636,0.6233272727272727,0.6398727272727273,0.10496363636363636,0.28,0.1317818181818182,0.1524909090909091,11
2024-04-20,AMZN,0.154675,0.13803333333333334,0.7072833333333334,0.7132833333333334,0.039924999999999995,0.13999999999999999,0.03596666666666667,0.13100833333333334,12
2024-04-21,AMZN,0.15896666666666667,0.14084444444444444,0.7001666666666666,0.7001666666666666,0.054044444444444444,0.15333333333333332,0.03135555555555555,0.1295888888888889,9
2024-04-22,AMZN,0.23998571428571427,0.14479523809523812,0.6151952380952381,0.6812142857142858,0.16245238095238096,0.2885714285714286,0.1371952380952381,0.1174095238095238,21
2024-04-23,AMZN,0.21240000000000003,0.14821600000000001,0.639376,0.667628,0.142876,0.3392,0.093756,0.123704,25
2024-04-24,AMZN,0.24170666666666665,0.13610666666666665,0.6221866666666667,0.7023133333333333,0.16636666666666666,0.35866666666666663,0.11995333333333333,0.12736666666666668,15
2024-04-25,AMZN,0.2505210526315789,0.1471263157894737,0.6023421052631579,0.6855631578947369,0.16248947368421052,0.2831578947368421,0.1999842105263158,0.14857368421052633,19
2024-04-26,AMZN,0.22288461538461538,0.14787692307692307,0.6292346153846153,0.6755038461538461,0.15187692307692308,0.23384615384615384,0.11148461538461539,0.12518076923076923,26
2024-04-27,AMZN,0.1362846153846154,0.1382,0.7255076923076923,0.7255076923076923,-0.005130769230769231,0.12307692307692308,0.0063846153846153835,0.1287846153846154,13
2024-04-28,AMZN,0.1594142857142857,0.14141428571428571,0.6991428571428572,0.6991428571428572,0.05461428571428571,0.27142857142857146,0.03388571428571429,0.12738571428571427,7
2024-04-29,AMZN,0.23130833333333334,0.14334583333333334,0.6253375,0.6816541666666667,0.1572,0.33083333333333337,0.13689583333333333,0.1248875,24
2024-04-30,AMZN,0.2371814814814815,0.14850740740740742,0.6143111111111111,0.688711111111111,0.12711851851851852,0.32888888888888884,0.16106296296296296,0.13792222222222222,27
2024-05-01,AMZN,0.36664,0.12889,0.50446,0.6977366666666666,0.33415,0.5406666666666666,0.27243666666666666,0.12376333333333332,30
2024-05-02,AMZN,0.22193125,0.1589875,0.619075,0.691625,0.1175625,0.305,0.1231,0.15418125,16
2024-05-03,AMZN,0.1963294117647059,0.14754117647058823,0.6561117647058824,0.6665176470588235,0.12070588235294118,0.1988235294117647,0.08098823529411765,0.14233529411764706,17
2024-05-04,AMZN,0.25007999999999997,0.14648,0.60344,0.68182,0.20104000000000002,0.328,0.10582,0.10888,5
2024-05-05,AMZN,0.15505,0.13895,0.7059875,0.7024875,0.0441,0.1975,0.023862500000000002,0.1212,8
2024-05-06,AMZN,0.21543,0.15424,0.6303150000000001,0.667705,0.10966000000000001,0.43099999999999994,0.11627000000000001,0.15462,20
2024-05-07,AMZN,0.17377058823529412,0.15311176470588236,0.6730941176470588,0.6767,0.04841764705882353,0.26941176470588235,0.05511176470588235,0.13416470588235296,17
2024-05-08,AMZN,0.23155454545454546,0.15419545454545455,0.6142409090909091,0.6491454545454546,0.1696181818181818,0.2854545454545454,0.11378181818181819,0.11827727272727273,22
2024-05-09,AMZN,0.26471538461538463,0.1442,0.5911000000000001,0.6733846153846154,0.1986153846153846,0.4938461538461538,0.1697846153846154,0.14058461538461536,13
2024-05-10,AMZN,0.20465714285714284,0.14812857142857142,0.6472285714285714,0.6630428571428572,0.1292357142857143,0.30142857142857143,0.09789285714285714,0.13279285714285713,14
2024-05-11,AMZN,0.17567777777777777,0.1425,0.6818000000000001,0.6957333333333333,0.08078888888888888,0.24000000000000002,0.056577777777777775,0.1369111111111111,9
2024-05-12,AMZN,0.21253000000000002,0.14806,0.63941,0.6635500000000001,0.14650000000000002,0.27399999999999997,0.0763,0.11433,10
2024-05-13,AMZN,0.18558125,0.14340625,0.6710125,0.6893,0.09684999999999999,0.3825,0.0572375,0.12155625,16
2024-05-14,AMZN,0.19238125,0.14650625,0.6611125,0.6635375,0.10956250000000001,0.23125,0.0762625,0.1259125,16
2024-05-15,AMZN,0.2405923076923077,0.15646923076923078,0.6029307692307693,0.6691615384615385,0.15716923076923078,0.19230769230769232,0.1444923076923077,0.12156153846153847,13
2024-05-16,AMZN,0.29962999999999995,0.13996,0.5604,0.66845,0.26017999999999997,0.296,0.16328,0.10747,10
2024-05-17,AMZN,0.19529333333333335,0.14720666666666665,0.6575000000000001,0.6589466666666667,0.12022000000000001,0.24400000000000002,0.06384666666666666,0.12597333333333333,15
2024-05-18,AMZN,0.19309,0.14706999999999998,0.65984,0.67135,0.10413000000000001,0.196,0.05395,0.12167000000000001,10
2024-05-19,AMZN,0.2003818181818182,0.1472,0.6524090909090909,0.661490909090909,0.12866363636363637,0.18727272727272729,0.061872727272727274,0.11939090909090909,11
2024-05-20,AMZN,0.19198571428571426,0.14675,0.6612714285714285,0.6876428571428572,0.08397142857142857,0.3614285714285714,0.055107142857142855,0.1402,14
2024-05-21,AMZN,0.15793000000000001,0.14365,0.69842,0.70476,0.029459999999999997,0.23199999999999998,0.025729999999999996,0.12322,10
2024-05-22,AMZN,0.25761,0.14228000000000002,0.6001000000000001,0.69526,0.18604,0.194,0.18021,0.12391,10
2024-05-23,AMZN,0.2000727272727273,0.14072727272727273,0.6592,0.7058727272727272,0.10687272727272727,0.34909090909090906,0.09497272727272726,0.12567272727272727,11
2024-05-24,AMZN,0.20743999999999999,0.14977000000000001,0.64276,0.67708,0.12219,0.394,0.08648,0.11086,10
2024-05-25,AMZN,0.16585454545454545,0.15266363636363636,0.681490909090909,0.6780090909090909,0.035945454545454544,0.23090909090909092,0.03811818181818182,0.12380909090909092,11
2024-05-26,AMZN,0.17366666666666666,0.14333333333333334,0.6829666666666666,0.6829666666666666,0.08700000000000001,0.36000000000000004,0.05396666666666666,0.1713,3
2024-05-27,AMZN,0.17568,0.17478,0.64954,0.6712,0.010120000000000007,0.1,0.07304,0.11604,5
2024-05-28,AMZN,0.20852727272727273,0.15064545454545455,0.6408363636363636,0.6522363636363636,0.1411090909090909,0.33454545454545453,0.0900909090909091,0.12224545454545455,11
2024-05-29,AMZN,0.21212916666666667,0.163625,0.6242291666666667,0.7180875000000001,0.08082083333333333,0.30416666666666664,0.12535,0.11842916666666665,24
2024-05-30,AMZN,0.248825,0.16281875,0.58833125,0.66034375,0.16885624999999999,0.31,0.121675,0.1364375,16
2024-05-31,AMZN,0.24094615384615384,0.14903846153846154,0.6100307692307692,0.6661615384615385,0.19143076923076924,0.3215384615384615,0.10245384615384616,0.11470000000000001,13
2024-06-01,AMZN,0.17500909090909092,0.1501818181818182,0.6748090909090909,0.6713272727272727,0.0681,0.22545454545454546,0.04915454545454545,0.12697272727272726,11
2024-06-02,AMZN,0.21491111111111114,0.1548,0.6302666666666668,0.6577777777777778,0.13394444444444445,0.24000000000000002,0.10163333333333334,0.12430000000000001,9
2024-06-03,AMZN,0.2764,0.1358,0.5877636363636364,0.7175272727272728,0.21369999999999997,0.28545454545454546,0.16372727272727272,0.12316363636363636,11
2024-06-04,AMZN,0.23049999999999998,0.15298571428571428,0.6165071428571428,0.6651142857142858,0.15877142857142856,0.17714285714285713,0.1384142857142857,0.1191857142857143,14
2024-06-05,AMZN,0.21495,0.15530555555555556,0.6297444444444444,0.6608666666666667,0.10690555555555556,0.23666666666666666,0.11424999999999999,0.11482777777777778,18
2024-06-06,AMZN,0.23542000000000002,0.14815,0.61641,0.6869,0.16182,0.376,0.10333,0.12874000000000002,10
2024-06-07,AMZN,0.19890714285714287,0.15515714285714285,0.6459428571428572,0.6653928571428571,0.09477857142857142,0.29714285714285715,0.11615,0.12999285714285716,14
2024-06-08,AMZN,0.14656666666666665,0.1455,0.7079166666666667,0.7079166666666667,-0.0006499999999999978,0.10000000000000002,0.022133333333333335,0.14535,6
2024-06-09,AMZN,0.14846666666666666,0.15243333333333334,0.6990666666666666,0.6990666666666666,-0.011066666666666669,0.19999999999999998,0.024733333333333333,0.12916666666666668,3
2024-06-10,AMZN,0.20206923076923078,0.14607692307692308,0.6518769230769231,0.6665230769230769,0.12836153846153847,0.2753846153846154,0.07386153846153846,0.1314076923076923,13
2024-06-11,AMZN,0.23821333333333333,0.14386000000000002,0.6179133333333334,0.68094,0.15072666666666665,0.36000000000000004,0.14777333333333334,0.13327333333333333,15
2024-06-12,AMZN,0.27685882352941177,0.15642352941176468,0.5667176470588235,0.6420705882352942,0.21598235294117646,0.29058823529411765,0.18331764705882353,0.11416470588235295,17
2024-06-13,AMZN,0.3166,0.14203636363636363,0.5413545454545455,0.6726818181818182,0.25378181818181816,0.5490909090909091,0.2636090909090909,0.10546363636363636,11
2024-06-14,AMZN,0.17952222222222222,0.15057777777777778,0.6698999999999999,0.6915333333333333,0.05873333333333334,0.3444444444444444,0.02965555555555556,0.11435555555555554,9
2024-06-15,AMZN,0.17282000000000003,0.14191,0.68527,0.6915600000000001,0.07468999999999999,0.178,0.04566,0.12152,10
2024-06-16,AMZN,0.15426666666666666,0.13888333333333333,0.7068166666666666,0.7068166666666666,0.04641666666666666,0.10000000000000002,0.0332,0.15285,6
2024-06-17,AMZN,0.2131090909090909,0.16876363636363637,0.6181272727272727,0.6815636363636364,0.06590000000000001,0.27454545454545454,0.13358181818181816,0.11160909090909091,11
2024-06-18,AMZN,0.18086666666666668,0.15784666666666666,0.6612933333333333,0.6802266666666666,0.04466666666666667,0.22666666666666666,0.07468000000000001,0.1358,15
2024-06-19,AMZN,0.20196,0.15045999999999998,0.6475666666666666,0.6639866666666666,0.11884666666666667,0.3186666666666667,0.054459999999999995,0.12683333333333333,15
2024-06-20,AMZN,0.2019375,0.1428,0.6552375,0.7059375,0.1094,0.29500000000000004,0.054275000000000004,0.1241625,8
2024-06-21,AMZN,0.20820000000000002,0.15136666666666668,0.6404500000000001,0.6726833333333334,0.11456666666666666,0.305,0.1078,0.12875833333333334,12
2024-06-22,AMZN,0.1661,0.14550000000000002,0.6883750000000001,0.6854750000000001,0.044225,0.17500000000000002,0.03735,0.15705,4
2024-06-23,AMZN,0.15358750000000002,0.1360125,0.7104,0.7181500000000001,0.03845,0.21250000000000002,0.02075,0.1274,8
2024-06-24,AMZN,0.1564142857142857,0.14617857142857144,0.6974071428571429,0.6956642857142857,0.023107142857142857,0.5014285714285714,0.024814285714285712,0.1299357142857143,14
2024-06-25,AMZN,0.21436153846153846,0.15193076923076923,0.6336999999999999,0.6721461538461538,0.13246923076923076,0.3523076923076923,0.09369230769230769,0.1254076923076923,13
2024-06-26,AMZN,0.240228,0.147972,0.6118,0.6741320000000001,0.1565,0.4264,0.111344,0.112064,25
2024-06-27,AMZN,0.206075,0.14525000000000002,0.64868,0.70642,0.093105,0.43,0.095345,0.12321,20
2024-06-28,AMZN,0.16536,0.14338,0.69126,0.6937533333333333,0.05602666666666667,0.292,0.04072,0.1459133333333333,15
2024-06-29,AMZN,0.20912000000000003,0.14632,0.6446,0.66376,0.14268,0.256,0.07742,0.14174,5
2024-06-30,AMZN,0.22321666666666665,0.14208333333333334,0.6347166666666667,0.71785,0.11335,0.35000000000000003,0.15635000000000002,0.15131666666666668,6
2024-07-01,AMZN,0.16915714285714284,0.15779285714285712,0.6730357142857143,0.6878857142857143,0.0322,0.17714285714285713,0.06341428571428571,0.11424999999999999,14
2024-07-02,AMZN,0.213205,0.155935,0.63086,0.664495,0.110025,0.29100000000000004,0.152265,0.12627,20
2024-07-03,AMZN,0.25104074074074073,0.1492259259259259,0.5997259259259259,0.6578740740740741,0.18615185185185185,0.44888888888888884,0.13118518518518518,0.13847777777777778,27
2024-07-04,AMZN,0.2740111111111111,0.14732222222222224,0.5786777777777777,0.6604,0.2357222222222222,0.36666666666666664,0.19217777777777778,0.19086666666666666,9
2024-07-05,AMZN,0.2633086956521739,0.1550695652173913,0.581608695652174,0.6734391304347827,0.18931304347826086,0.48869565217391303,0.15645652173913044,0.1284695652173913,23
2024-07-06,AMZN,0.3334166666666667,0.14205,0.5245000000000001,0.7006166666666668,0.2945666666666667,0.36000000000000004,0.19286666666666666,0.11820000000000001,6
2024-07-07,AMZN,0.36475,0.16285,0.4724,0.6295,0.38205,0.5800000000000001,0.3227,0.1718,2
2024-07-08,AMZN,0.18713571428571427,0.19958571428571428,0.6132928571428572,0.6559285714285714,-0.012385714285714283,0.3914285714285714,0.11537142857142857,0.13987857142857144,14
2024-07-09,AMZN,0.33555,0.1442125,0.52024375,0.66544375,0.30624375,0.4675,0.20135,0.1157875,16
2024-07-10,AMZN,0.2554318181818182,0.1491090909090909,0.5954727272727273,0.6646318181818182,0.20390454545454545,0.4354545454545455,0.14609090909090908,0.11596818181818182,22
2024-07-11,AMZN,0.275515,0.166485,0.558,0.66329,0.17833,0.457,0.20524,0.114995,20
2024-07-12,AMZN,0.2656,0.14813076923076923,0.586276923076923,0.6704384615384615,0.22523076923076923,0.49230769230769234,0.1381153846153846,0.12517692307692307,13
2024-07-13,AMZN,0.30847,0.15014,0.54139,0.64807,0.29,0.61,0.18173,0.1135,10
2024-07-14,AMZN,0.28681,0.14776,0.56545,0.66166,0.25612,0.4720000000000001,0.15702,0.12138,10
2024-07-15,AMZN,0.23791153846153845,0.18092692307692307,0.5811615384615385,0.6515423076923077,0.1157076923076923,0.46692307692307694,0.1627346153846154,0.13181153846153848,26
2024-07-16,AMZN,0.2687157894736842,0.1581578947368421,0.5731105263157895,0.6398368421052631,0.20996315789473685,0.5073684210526316,0.15483157894736843,0.12406842105263158,19
2024-07-17,AMZN,0.234925,0.20007999999999998,0.56499,0.646055,0.076345,0.577,0.2004,0.131515,20
2024-07-18,AMZN,0.34884,0.15689999999999998,0.49424,0.65352,0.35347999999999996,0.41200000000000003,0.25444,0.12067999999999998,5
2024-07-19,AMZN,0.21441,0.14771,0.63787,0.67867,0.13928000000000001,0.178,0.11938,0.13306,10
2024-07-20,AMZN,0.26942857142857146,0.1557714285714286,0.5748285714285714,0.6399285714285714,0.22551428571428572,0.4257142857142857,0.20382857142857144,0.1296,7
2024-07-21,AMZN,0.1918,0.14615,0.66205,0.689625,0.099875,0.1,0.097525,0.12125,4
2024-07-22,AMZN,0.3428285714285714,0.1429214285714286,0.5142714285714286,0.6800142857142857,0.3291428571428571,0.39571428571428574,0.21560714285714286,0.11744285714285714,14
2024-07-23,AMZN,0.2135695652173913,0.16694347826086958,0.6194826086956522,0.6638260869565218,0.09842173913043478,0.43826086956521737,0.1285,0.1304695652173913,23
2024-07-24,AMZN,0.24414375,0.1546,0.6012375,0.66105,0.168275,0.17875,0.1690875,0.1375,16
2024-07-25,AMZN,0.1746,0.1516,0.6738,0.6738,0.0706,0.1,0.1162,0.1129,1
2024-07-26,AMZN,0.21746,0.26078,0.52174,0.6468999999999999,-0.014339999999999986,0.472,0.25464000000000003,0.12556,5
2024-07-27,AMZN,0.316,0.1589,0.5251,0.6152,0.3308,1.0,0.16,0.1319,1
2024-07-28,AMZN,0.2184,0.15,0.6316,0.6615666666666667,0.15386666666666668,0.7000000000000001,0.11063333333333332,0.13460000000000003,3
2024-07-29,AMZN,0.2672,0.15544166666666667,0.5773583333333333,0.64445,0.20685833333333334,0.29,0.20258333333333334,0.16828333333333334,12
2024-07-30,AMZN,0.275625,0.1634,0.560975,0.6562375,0.18737499999999999,0.33999999999999997,0.1659,0.121975,8
2024-07-31,AMZN,0.25936666666666663,0.1900111111111111,0.5506222222222221,0.6558333333333333,0.12057777777777777,0.26,0.19185555555555556,0.1325888888888889,9
2024-08-01,AMZN,0.31473333333333336,0.1502666666666667,0.5349833333333334,0.63415,0.2972666666666666,0.29,0.20963333333333334,0.13526666666666667,6
2024-08-02,AMZN,0.2773111111111111,0.16922222222222225,0.5534777777777777,0.6622333333333335,0.16774444444444445,0.38666666666666666,0.23454444444444444,0.1611111111111111,9
2024-08-03,AMZN,0.17145,0.16135,0.6672,0.6672,0.026550000000000004,0.33999999999999997,0.08510000000000001,0.13275,2
2024-08-04,AMZN,0.4150333333333333,0.14893333333333333,0.43603333333333333,0.6762333333333334,0.46399999999999997,0.45999999999999996,0.2288,0.10359999999999998,3
2024-08-05,AMZN,0.20331818181818181,0.15127272727272725,0.6453727272727273,0.6777909090909091,0.1003181818181818,0.1981818181818182,0.11201818181818181,0.12374545454545455,11
2024-08-06,AMZN,0.23011666666666666,0.14825,0.6215833333333334,0.7139500000000001,0.09538333333333333,0.37000000000000005,0.12088333333333333,0.1258,6
2024-08-07,AMZN,0.27049,0.15601,0.57347,0.6826800000000001,0.15899000000000002,0.43,0.18657,0.14138,10
2024-08-08,AMZN,0.18788,0.15688,0.65524,0.6517999999999999,0.06910000000000001,0.352,0.12450000000000001,0.15394000000000002,5
2024-08-09,AMZN,0.16868333333333332,0.19565000000000002,0.6357,0.6412166666666667,-0.0539,0.25,0.07305,0.15615,6
2024-08-10,AMZN,0.5275000000000001,0.11545,0.35705000000000003,0.7496,0.54015,0.64,0.48005,0.11097499999999999,4
2024-08-11,AMZN,0.2970333333333333,0.16043333333333334,0.5425,0.6286666666666667,0.23888333333333334,0.65,0.2057,0.14381666666666668,6
2024-08-12,AMZN,0.31031666666666663,0.14555833333333332,0.5441333333333334,0.6754166666666667,0.250375,0.33499999999999996,0.21725000000000003,0.12166666666666666,12
2024-08-13,AMZN,0.23267142857142858,0.14205714285714285,0.6252571428571428,0.6838285714285715,0.16652857142857141,0.3314285714285714,0.1207,0.15477142857142856,7
2024-08-14,AMZN,0.18660000000000002,0.15354,0.65987,0.67638,0.07193000000000001,0.22600000000000003,0.0995,0.15836999999999998,10
2024-08-15,AMZN,0.25328,0.14773999999999998,0.5989599999999999,0.67142,0.2015,0.244,0.16526000000000002,0.16284,5
2024-08-16,AMZN,0.15725714285714285,0.1591857142857143,0.6835285714285714,0.6835285714285714,-0.004142857142857143,0.35714285714285715,0.08102857142857144,0.15757142857142856,7
2024-08-17,AMZN,0.18347777777777777,0.16836666666666666,0.6481555555555556,0.6755444444444445,0.023533333333333326,0.31333333333333335,0.10969999999999999,0.14241111111111113,9
2024-08-18,AMZN,0.2529,0.1560857142857143,0.5910428571428571,0.6378142857142857,0.18839999999999998,0.58,0.1541857142857143,0.15604285714285715,7
2024-08-19,AMZN,0.19105000000000003,0.15215,0.6567999999999999,0.67545,0.08700000000000001,0.29,0.09101666666666668,0.11645,6
2024-08-20,AMZN,0.28785555555555553,0.16266666666666665,0.5494777777777778,0.6777000000000001,0.18946666666666667,0.2733333333333333,0.22418888888888888,0.11872222222222223,9
2024-08-21,AMZN,0.22132857142857146,0.15092857142857144,0.6277142857142858,0.6625,0.15132857142857142,0.2714285714285714,0.15017142857142857,0.14985714285714286,7
2024-08-22,AMZN,0.232575,0.150925,0.6164875,0.637275,0.1784,0.445,0.13547499999999998,0.1584,8
2024-08-23,AMZN,0.30062,0.14616,0.55324,0.6734,0.27240000000000003,0.7,0.174,0.11974,5
2024-08-24,AMZN,0.16364,0.14066,0.6957000000000001,0.70596,0.0495,0.292,0.0664,0.12405999999999999,5
2024-08-25,AMZN,0.2584222222222222,0.15707777777777776,0.5844777777777778,0.6123,0.22590000000000002,0.25333333333333335,0.13755555555555554,0.11241111111111111,9
2024-08-26,AMZN,0.24337272727272727,0.17404545454545456,0.5825636363636364,0.6333181818181818,0.15766363636363637,0.1981818181818182,0.17633636363636362,0.16268181818181818,11
2024-08-27,AMZN,0.1968857142857143,0.15057142857142858,0.6525571428571428,0.6501857142857144,0.11460000000000001,0.34,0.13308571428571428,0.1628285714285714,7
2024-08-28,AMZN,0.29975,0.17776666666666666,0.5224833333333333,0.6167,0.2121833333333333,0.41,0.25928333333333337,0.15664999999999998,6
2024-08-29,AMZN,0.233475,0.167,0.5995,0.654825,0.1053,0.5650000000000001,0.1509,0.15587499999999999,4
2024-08-30,AMZN,0.23812000000000003,0.17082999999999998,0.59106,0.6524099999999999,0.11141000000000001,0.20800000000000002,0.17211,0.12643,10
2024-08-31,AMZN,0.22014999999999998,0.14215,0.63765,0.67455,0.16795,0.1,0.0581,0.17070000000000002,2
2024-09-01,AMZN,0.304075,0.160175,0.53575,0.6179250000000001,0.296825,0.53,0.22935,0.16905,4
2024-09-02,AMZN,0.16853333333333334,0.16793333333333335,0.6635333333333333,0.6732166666666667,0.011799999999999996,0.24,0.04601666666666667,0.13821666666666668,6
2024-09-03,AMZN,0.3075,0.1352111111111111,0.557288888888889,0.7008,0.26064444444444446,0.4466666666666666,0.1968888888888889,0.12893333333333334,9
2024-09-04,AMZN,0.24045,0.14774,0.6117900000000001,0.6875600000000001,0.12768,0.256,0.15053,0.13381,10
2024-09-05,AMZN,0.24118333333333333,0.12338333333333333,0.6354333333333334,0.7468,0.14965,0.34,0.1198,0.16086666666666669,6
2024-09-06,AMZN,0.25006666666666666,0.16283333333333336,0.5871000000000001,0.6619833333333334,0.15136666666666668,0.29,0.11548333333333334,0.12685,6
2024-09-07,AMZN,0.39602499999999996,0.1274,0.4766,0.689825,0.38387499999999997,0.475,0.25615,0.11535,4
2024-09-08,AMZN,0.3388,0.16895,0.492225,0.65475,0.279475,0.535,0.28835,0.13019999999999998,4
2024-09-09,AMZN,0.26171666666666665,0.18384999999999999,0.55445,0.6208166666666667,0.15273333333333333,0.24,0.2506,0.11068333333333334,6
2024-09-10,AMZN,0.2452125,0.1613125,0.5934875000000001,0.6528875,0.1644625,0.3325,0.1846,0.133875,8
2024-09-11,AMZN,0.22970000000000002,0.15797,0.6123299999999999,0.68335,0.09589,0.298,0.15677000000000002,0.13412,10
2024-09-12,AMZN,0.2429625,0.15335000000000001,0.6036750000000001,0.6795375,0.139475,0.325,0.168975,0.1461875,8
2024-09-13,AMZN,0.1944142857142857,0.14427142857142858,0.6613285714285715,0.7039714285714286,0.09267142857142859,0.35714285714285715,0.13368571428571427,0.13644285714285714,7
2024-09-14,AMZN,0.2309,0.14786666666666667,0.6213000000000001,0.6831333333333333,0.16803333333333334,0.42,0.15366666666666667,0.1782,3
2024-09-15,AMZN,0.408,0.15215,0.4399,0.72105,0.30324999999999996,0.55,0.48525,0.19325,2
2024-09-16,AMZN,0.24834545454545454,0.1769909090909091,0.5746909090909091,0.6202909090909091,0.14695454545454545,0.4763636363636364,0.15263636363636365,0.12048181818181819,11
2024-09-17,AMZN,0.24087777777777777,0.17278333333333334,0.5863388888888889,0.6384833333333333,0.13365555555555556,0.37,0.15645,0.11579444444444444,18
2024-09-18,AMZN,0.27734166666666665,0.19265833333333335,0.53,0.6723333333333333,0.16869166666666668,0.38999999999999996,0.24416666666666667,0.13914166666666666,12
2024-09-19,AMZN,0.24108181818181817,0.15837272727272728,0.6005545454545455,0.6472272727272728,0.15973636363636362,0.28545454545454546,0.16035454545454544,0.14535454545454546,11
2024-09-20,AMZN,0.20696666666666666,0.14163333333333333,0.6514000000000001,0.6955166666666667,0.13303333333333334,0.34,0.06076666666666667,0.12918333333333334,6
2024-09-21,AMZN,0.2970375,0.145,0.557925,0.6784375,0.234225,0.5275,0.2602,0.1134375,8
2024-09-22,AMZN,0.28400000000000003,0.1564,0.55965,0.5953999999999999,0.28564999999999996,0.79,0.1091,0.13640000000000002,2
2024-09-23,AMZN,0.15907,0.23081999999999997,0.61012,0.68739,-0.09096,0.382,0.14851,0.12905,10
2024-09-24,AMZN,0.45024444444444445,0.14212222222222223,0.4076222222222222,0.6866111111111111,0.4628333333333333,0.48000000000000004,0.3969888888888889,0.11372222222222222,9
2024-09-25,AMZN,0.26175384615384617,0.15403846153846154,0.5842153846153846,0.6555615384615384,0.21042307692307693,0.3261538461538462,0.15951538461538461,0.12208461538461537,13
2024-09-26,AMZN,0.25396153846153846,0.15883076923076922,0.5872,0.6388923076923076,0.18196923076923077,0.34923076923076923,0.13496923076923076,0.11843076923076924,13
2024-09-27,AMZN,0.32335,0.1619375,0.5147125,0.6573,0.26051250000000004,0.4675,0.30835,0.0963,8
2024-09-28,AMZN,0.19592857142857142,0.14395714285714287,0.6601,0.6824857142857143,0.10825714285714286,0.27999999999999997,0.08335714285714287,0.12202857142857144,7
2024-09-29,AMZN,0.16806666666666667,0.247,0.5848666666666666,0.6811333333333334,-0.1119,0.7200000000000001,0.13693333333333332,0.11246666666666666,3
2024-09-30,AMZN,0.2663692307692308,0.15997692307692307,0.5736615384615384,0.654276923076923,0.19663076923076922,0.28,0.18194615384615384,0.12921538461538462,13
2024-10-01,AMZN,0.20425000000000001,0.204275,0.5914625,0.6661625,0.012262500000000006,0.2425,0.2073375,0.106725,8
2024-10-02,AMZN,0.26234615384615384,0.14834615384615385,0.5892999999999999,0.6703769230769231,0.2126846153846154,0.39076923076923076,0.16057692307692306,0.12643846153846153,13
2024-10-03,AMZN,0.2597,0.1648888888888889,0.5754333333333334,0.6669,0.1406888888888889,0.5066666666666666,0.13053333333333333,0.13993333333333335,9
2024-10-04,AMZN,0.28106,0.15158,0.5673999999999999,0.6765,0.19354000000000002,0.364,0.17409999999999998,0.1399,5
2024-10-05,AMZN,0.36543333333333333,0.13923333333333335,0.4953,0.6802166666666666,0.3527666666666667,0.5499999999999999,0.24178333333333332,0.10723333333333333,6
2024-10-06,AMZN,0.18766666666666665,0.14526666666666668,0.6670666666666666,0.6702,0.10603333333333333,0.10000000000000002,0.083,0.1694,3
2024-10-07,AMZN,0.24042857142857144,0.16315714285714286,0.5963857142857142,0.6331714285714286,0.17052857142857142,0.3914285714285714,0.12814285714285714,0.10582857142857142,7
2024-10-08,AMZN,0.24351875,0.15031250000000002,0.60618125,0.6525375,0.18791875,0.2875,0.14248125,0.1265125,16
2024-10-09,AMZN,0.48366,0.1303,0.38605999999999996,0.69952,0.5111600000000001,0.592,0.38418,0.08686,5
2024-10-10,AMZN,0.23224444444444448,0.1723222222222222,0.5954222222222223,0.6918444444444445,0.11196666666666667,0.6333333333333333,0.1349888888888889,0.11916666666666667,9
2024-10-11,AMZN,0.22062500000000002,0.15355,0.6258,0.611675,0.162775,0.325,0.10250000000000001,0.114975,4
2024-10-12,AMZN,0.3280666666666667,0.16103333333333333,0.5109333333333334,0.6663,0.27836666666666665,0.41999999999999993,0.14676666666666668,0.17300000000000001,3
2024-10-13,AMZN,0.22396666666666668,0.1541,0.6219333333333333,0.6435333333333334,0.16643333333333332,0.69,0.13516666666666668,0.14836666666666667,6
2024-10-14,AMZN,0.1452,0.1797,0.6751,0.6751,-0.0972,0.10000000000000002,0.03596666666666667,0.1253,3
2024-10-15,AMZN,0.3157866666666667,0.132,0.5522133333333333,0.7025066666666666,0.27377333333333337,0.4,0.21091333333333337,0.13162,15
2024-10-16,AMZN,0.26372142857142855,0.14935,0.5869214285714286,0.6643642857142857,0.21605,0.5028571428571429,0.13035,0.12308571428571428,14
2024-10-17,AMZN,0.2890111111111111,0.15107777777777778,0.5598888888888889,0.6545555555555556,0.2498888888888889,0.3866666666666667,0.14684444444444444,0.10342222222222223,9
2024-10-18,AMZN,0.2369272727272727,0.17228181818181817,0.5907818181818182,0.6639,0.11159090909090909,0.24727272727272728,0.1620909090909091,0.14366363636363635,11
2024-10-19,AMZN,0.323475,0.152725,0.5238,0.682025,0.282625,0.22,0.3176,0.13675,4
2024-10-20,AMZN,0.1857,0.14898,0.66536,0.68604,0.08168,0.364,0.0703,0.15398,5
2024-10-21,AMZN,0.23249090909090908,0.17927272727272728,0.5882363636363637,0.6617909090909091,0.1226,0.34,0.14642727272727274,0.1307,11
2024-10-22,AMZN,0.24737058823529412,0.15568823529411766,0.5969176470588236,0.6621823529411764,0.16966470588235294,0.37882352941176467,0.13148823529411766,0.12046470588235293,17
2024-10-23,AMZN,0.24208,0.15564,0.60228,0.64253,0.18061,0.472,0.15296,0.14101000000000002,10
2024-10-24,AMZN,0.20558333333333334,0.15403333333333333,0.6404,0.6775666666666668,0.09565000000000001,0.19999999999999998,0.09573333333333334,0.12835,6
2024-10-25,AMZN,0.32563333333333333,0.15776666666666667,0.5166166666666666,0.6398,0.3023166666666667,0.46,0.19798333333333332,0.14631666666666668,6
2024-10-26,AMZN,0.22388333333333332,0.1515,0.6246166666666667,0.65425,0.1668333333333333,0.45,0.119,0.1483,6
2024-10-27,AMZN,0.38122,0.14418,0.4746,0.66612,0.39418000000000003,0.304,0.2425,0.12556,5
2024-10-28,AMZN,0.35661428571428566,0.151,0.4924,0.6624571428571429,0.3552571428571429,0.25428571428571434,0.26524285714285717,0.1294857142857143,7
2024-10-29,AMZN,0.21851818181818183,0.1546090909090909,0.6268818181818182,0.6492272727272727,0.14081818181818181,0.2690909090909091,0.13391818181818183,0.12918181818181818,11
2024-10-30,AMZN,0.32592,0.14654,0.52754,0.66609,0.29280999999999996,0.33399999999999996,0.24398999999999998,0.10422000000000001,10
2024-10-31,AMZN,0.33392222222222223,0.13403333333333334,0.5320222222222222,0.7131777777777777,0.22895555555555555,0.4,0.27282222222222224,0.11082222222222221,9
2024-11-01,AMZN,0.34905714285714284,0.15848571428571429,0.49247142857142856,0.6353857142857143,0.3374142857142857,0.33142857142857146,0.34195714285714285,0.16338571428571427,7
2024-11-02,AMZN,0.23755714285714286,0.14511428571428572,0.6173285714285714,0.6997714285714286,0.14472857142857146,0.33999999999999997,0.0931142857142857,0.1273142857142857,7
2024-11-03,AMZN,0.22218,0.14784000000000003,0.6300000000000001,0.6784800000000001,0.15550000000000003,0.16,0.09452,0.10444,5
2024-11-04,AMZN,0.23690714285714284,0.15119285714285713,0.6119,0.6741214285714285,0.12635714285714286,0.2885714285714286,0.18635000000000002,0.13869285714285715,14
2024-11-05,AMZN,0.22556363636363636,0.1504090909090909,0.6240363636363636,0.6545363636363636,0.17068181818181818,0.18727272727272729,0.10208181818181818,0.13565454545454544,11
2024-11-06,AMZN,0.32858181818181814,0.1751,0.4963181818181818,0.6739090909090909,0.25723636363636365,0.5472727272727272,0.26222727272727275,0.11983636363636364,11
2024-11-07,AMZN,0.22717142857142858,0.1508857142857143,0.6219357142857144,0.64405,0.17299285714285714,0.23285714285714285,0.1146642857142857,0.14768571428571428,14
2024-11-08,AMZN,0.2877454545454545,0.15922727272727275,0.5530545454545455,0.6325181818181819,0.23529999999999998,0.29636363636363633,0.2517454545454545,0.15138181818181817,11
2024-11-09,AMZN,0.27618,0.15606,0.56774,0.64734,0.2339,0.48,0.1373,0.13878,5
2024-11-10,AMZN,0.31215,0.1494,0.53845,0.7133,0.239,0.25,0.1669,0.1565,2
2024-11-11,AMZN,0.15184999999999998,0.1473,0.70085,0.70085,0.011975000000000003,0.445,0.039425,0.15935,4
2024-11-12,AMZN,0.2318375,0.1512,0.61693125,0.6877625,0.142175,0.28375,0.12519375,0.1416375,16
2024-11-13,AMZN,0.23513846153846155,0.1607076923076923,0.6041538461538462,0.6558307692307692,0.13169999999999998,0.40923076923076923,0.1287230769230769,0.12464615384615385,13
2024-11-14,AMZN,0.30055,0.1478,0.55165,0.6763,0.268725,0.34,0.18746249999999998,0.1099875,8
2024-11-15,AMZN,0.2166818181818182,0.20719090909090906,0.5760909090909091,0.6706090909090908,0.0090909090909091,0.24727272727272726,0.14673636363636364,0.13255454545454545,11
2024-11-16,AMZN,0.21810000000000002,0.15232222222222222,0.6295777777777778,0.6745333333333333,0.11887777777777779,0.4933333333333334,0.1353111111111111,0.12036666666666666,9
2024-11-17,AMZN,0.30922499999999997,0.209925,0.48085,0.719875,0.11507499999999998,0.505,0.34545,0.10794999999999999,4
2024-11-18,AMZN,0.20281875,0.15391875,0.64325,0.6637125,0.10186875000000001,0.1975,0.1013625,0.12078125,16
2024-11-19,AMZN,0.24169090909090907,0.14958181818181818,0.6087181818181818,0.68,0.17324545454545454,0.41090909090909095,0.17906363636363637,0.13540909090909092,11
2024-11-20,AMZN,0.22921999999999998,0.15501,0.61577,0.66403,0.15017999999999998,0.41200000000000003,0.14033,0.1254,10
2024-11-21,AMZN,0.21731666666666669,0.15113333333333334,0.6315333333333334,0.6422333333333333,0.15501666666666666,0.31,0.09741666666666667,0.119475,12
2024-11-22,AMZN,0.23392727272727273,0.1881909090909091,0.5778727272727273,0.6970454545454546,0.09847272727272728,0.33818181818181814,0.1714090909090909,0.12967272727272727,11
2024-11-23,AMZN,0.2333,0.16512,0.60156,0.646,0.12744,0.472,0.19058,0.14650000000000002,5
2024-11-24,AMZN,0.41100000000000003,0.14965,0.439325,0.7001,0.3958,0.565,0.3089,0.143475,4
2024-11-25,AMZN,0.23475,0.16574999999999998,0.5995,0.6505333333333333,0.12668333333333334,0.29,0.1288,0.14415,6
2024-11-26,AMZN,0.3612777777777778,0.15610000000000002,0.4826222222222223,0.6957333333333333,0.2711888888888889,0.5666666666666667,0.2959555555555555,0.1131,9
2024-11-27,AMZN,0.2825625,0.1566125,0.5608375,0.6512,0.2509125,0.4,0.1808625,0.094925,8
2024-11-28,AMZN,0.2697181818181818,0.14814545454545455,0.5821000000000001,0.6640818181818182,0.19084545454545454,0.43818181818181823,0.1835909090909091,0.11446363636363638,11
2024-11-29,AMZN,0.23217500000000002,0.1423,0.6255125,0.6997125000000001,0.158675,0.4375,0.1244625,0.126625,8
2024-11-30,AMZN,0.22894285714285714,0.16640000000000002,0.6046857142857143,0.6633142857142857,0.11849999999999998,0.23714285714285716,0.12292857142857143,0.15747142857142857,7
2024-12-01,AMZN,0.24630000000000002,0.1513,0.6024,0.67858,0.15216000000000002,0.4,0.11076,0.13528,5
2024-12-02,AMZN,0.41921818181818177,0.13963636363636364,0.44113636363636366,0.7015545454545454,0.4091818181818182,0.5418181818181819,0.37270000000000003,0.09543636363636364,11
2024-12-03,AMZN,0.2631888888888889,0.17526666666666665,0.5615333333333333,0.6513888888888889,0.1646222222222222,0.36666666666666664,0.20665555555555556,0.16653333333333334,9
2024-12-04,AMZN,0.29188461538461535,0.1757923076923077,0.5323384615384615,0.6871846153846154,0.20024615384615385,0.556923076923077,0.2106076923076923,0.11109999999999999,13
2024-12-05,AMZN,0.3029181818181818,0.18860000000000002,0.5084909090909091,0.6869181818181818,0.20848181818181818,0.3890909090909091,0.21076363636363638,0.11457272727272727,11
2024-12-06,AMZN,0.19899166666666668,0.1832,0.6178166666666667,0.6415666666666667,0.059033333333333333,0.295,0.135325,0.12926666666666667,12
2024-12-07,AMZN,0.19751,0.14584999999999998,0.65665,0.65622,0.12707,0.238,0.05922000000000001,0.1433,10
2024-12-08,AMZN,0.22142,0.16333999999999999,0.61522,0.65222,0.12143999999999999,0.52,0.14634,0.1299,5
2024-12-09,AMZN,0.21512857142857142,0.15141428571428572,0.6334571428571429,0.6614000000000001,0.13077142857142857,0.27999999999999997,0.08995714285714286,0.1300857142857143,7
2024-12-10,AMZN,0.24398499999999998,0.147115,0.6088899999999999,0.69366,0.15014,0.388,0.15192999999999998,0.131155,20
2024-12-11,AMZN,0.23969999999999997,0.17332999999999998,0.58698,0.62065,0.13593000000000002,0.244,0.16657,0.13873,10
2024-12-12,AMZN,0.2866571428571429,0.14974285714285715,0.5635857142857142,0.6687142857142857,0.24795714285714285,0.2942857142857143,0.19188571428571427,0.12090000000000001,7
2024-12-13,AMZN,0.21426153846153848,0.15203076923076925,0.6336999999999999,0.6602307692307693,0.13555384615384616,0.28923076923076924,0.10016153846153847,0.12561538461538463,13
2024-12-14,AMZN,0.27115,0.1592,0.56965,0.5778,0.2547,0.25,0.165,0.162,2
2024-12-15,AMZN,0.2016,0.15706666666666666,0.6413000000000001,0.6626333333333333,0.09643333333333333,0.20000000000000004,0.07906666666666667,0.12063333333333333,3
2024-12-16,AMZN,0.2445166666666667,0.14425,0.6112333333333334,0.6673,0.19888333333333333,0.17999999999999997,0.11833333333333333,0.18261666666666668,6
2024-12-17,AMZN,0.1998,0.15960000000000002,0.64062,0.6603800000000001,0.07996,0.292,0.08466,0.11484000000000001,5
2024-12-18,AMZN,0.23179285714285713,0.15209999999999999,0.6161071428571429,0.6549285714285714,0.17168571428571427,0.2928571428571428,0.08982142857142858,0.12383571428571429,14
2024-12-19,AMZN,0.1274,0.1274,0.7452,0.7452,0.0,0.4,0.0,0.21,1
2024-12-20,AMZN,0.18370000000000003,0.14296,0.67332,0.7029799999999999,0.08452,0.1,0.08134,0.12054000000000001,5
2024-12-21,AMZN,0.20729999999999998,0.15076,0.64196,0.64494,0.13338,0.1,0.15106,0.18764,5
2024-12-22,AMZN,0.2645,0.16015000000000001,0.57535,0.6312,0.22935,0.1,0.1826,0.1196,2
2024-12-23,AMZN,0.3267833333333333,0.14825,0.52495,0.6584,0.29395,0.26,0.19226666666666667,0.11823333333333334,6
2024-12-24,AMZN,0.13995000000000002,0.157,0.70305,0.70305,-0.0519,0.4,0.0122,0.1148,2
2024-12-25,AMZN,0.24356,0.15696,0.59952,0.6363,0.18912,0.556,0.17687999999999998,0.12808,5
2024-12-26,AMZN,0.29005,0.14625,0.563675,0.686,0.20552499999999999,0.4,0.19640000000000002,0.0959,4
2024-12-27,AMZN,0.218225,0.16035,0.621425,0.6089249999999999,0.13905,0.43,0.0989,0.169125,4
2024-12-28,AMZN,0.3032333333333333,0.1555,0.5412666666666667,0.6508666666666666,0.2886666666666667,0.32,0.21166666666666667,0.15113333333333334,3
2024-12-29,AMZN,0.14075,0.16210000000000002,0.6971,0.6971,-0.0706,0.1,0.0166,0.15789999999999998,2
2024-12-30,AMZN,0.160475,0.14255,0.696975,0.696975,0.051975,0.31,0.045649999999999996,0.1148,4
2024-12-31,AMZN,0.28319636363636363,0.15147272727272726,0.5653254545454546,0.6730618181818182,0.21896181818181817,0.4807272727272727,0.19878727272727276,0.1249509090909091,55
2025-01-01,AMZN,0.20451666666666668,0.14958333333333332,0.6459,0.6508333333333333,0.13851666666666665,0.15,0.08413333333333334,0.14363333333333334,6
2025-01-02,AMZN,0.19527999999999998,0.26536,0.5393800000000001,0.6788000000000001,-0.02474,0.4,0.18612,0.14412,5
2025-01-03,AMZN,0.3305285714285714,0.1319857142857143,0.5374714285714285,0.6926857142857142,0.2916142857142857,0.4257142857142857,0.2312857142857143,0.11012857142857144,7
2025-01-04,AMZN,0.2853875,0.14626250000000002,0.5683375,0.6657875,0.20804999999999998,0.415,0.18078750000000002,0.11825,8
2025-01-05,AMZN,0.2085,0.1561,0.6354,0.6354,0.1437,0.76,0.1013,0.1056,1
2025-01-06,AMZN,0.301675,0.188925,0.50935,0.6154999999999999,0.201725,0.44499999999999995,0.2449,0.13185,4
2025-01-07,AMZN,0.3109733333333333,0.1612,0.5278266666666667,0.6518866666666666,0.2631533333333333,0.308,0.21162,0.11351333333333334,15
2025-01-08,AMZN,0.205175,0.1381875,0.6565875,0.7147125,0.1147,0.19,0.09280000000000001,0.1366375,8
2025-01-09,AMZN,0.3230625,0.13875,0.5382,0.707125,0.2840625,0.33,0.2143375,0.108475,8
2025-01-10,AMZN,0.2099625,0.15510000000000002,0.6349375,0.6262375,0.1407625,0.21250000000000002,0.13547499999999998,0.139675,8
2025-01-11,AMZN,0.41777999999999993,0.15004,0.43216,0.66554,0.44208,0.664,0.32274,0.11180000000000001,5
2025-01-12,AMZN,0.48783333333333334,0.1463,0.3658666666666666,0.7000666666666667,0.5369333333333334,0.58,0.42086666666666667,0.14133333333333334,3
2025-01-13,AMZN,0.23857142857142857,0.1518,0.6096428571428572,0.6637428571428572,0.17992857142857144,0.4342857142857143,0.15262857142857142,0.13415714285714286,7
2025-01-14,AMZN,0.22654615384615384,0.1548846153846154,0.6185615384615384,0.6542461538461539,0.14714615384615384,0.2753846153846154,0.09414615384615385,0.10916153846153846,13
2025-01-15,AMZN,0.25355833333333333,0.14726666666666668,0.599175,0.6946666666666667,0.18004166666666666,0.27,0.174875,0.13455833333333334,12
2025-01-16,AMZN,0.22025384615384616,0.15878461538461539,0.6209461538461538,0.6332230769230769,0.13547692307692308,0.2846153846153846,0.10178461538461538,0.14033076923076923,13
2025-01-17,AMZN,0.34521428571428575,0.1587,0.49610000000000004,0.6482857142857144,0.3505,0.39142857142857146,0.24245714285714287,0.10421428571428572,7
2025-01-18,AMZN,0.26875714285714286,0.1528,0.5784285714285715,0.6490571428571429,0.23145714285714286,0.3057142857142857,0.16521428571428573,0.12901428571428572,7
2025-01-19,AMZN,0.30866666666666664,0.15003333333333332,0.5413,0.6725666666666666,0.25543333333333335,0.56,0.15826666666666667,0.13473333333333334,3
2025-01-20,AMZN,0.32875,0.174275,0.496975,0.649,0.265725,0.295,0.29005000000000003,0.10905000000000001,4
2025-01-21,AMZN,0.213125,0.14655,0.640325,0.65045,0.158,0.265,0.06675,0.16045,4
2025-01-22,AMZN,0.19304444444444446,0.1436888888888889,0.6632333333333333,0.6980666666666667,0.09982222222222221,0.26,0.09698888888888889,0.1300111111111111,9
2025-01-23,AMZN,0.26035555555555556,0.15245555555555557,0.5871999999999999,0.6607777777777778,0.19214444444444442,0.3466666666666667,0.14082222222222224,0.14234444444444444,9
2025-01-24,AMZN,0.28909999999999997,0.15180000000000002,0.5591,0.6748,0.25976666666666665,0.62,0.1728333333333333,0.10903333333333333,3
2025-01-25,AMZN,0.289225,0.119225,0.59155,0.7609250000000001,0.200525,0.505,0.1826,0.12245,4
2025-01-26,AMZN,0.23096666666666668,0.1546,0.6144333333333334,0.6156,0.18556666666666666,0.20000000000000004,0.10706666666666666,0.13143333333333332,3
2025-01-27,AMZN,0.21534444444444445,0.16475555555555554,0.6199,0.6400444444444444,0.11147777777777779,0.22666666666666668,0.10901111111111111,0.1275777777777778,9
2025-01-28,AMZN,0.2754888888888889,0.14441111111111113,0.5801000000000001,0.6711666666666667,0.20298888888888889,0.43333333333333335,0.22010000000000002,0.1287,9
2025-01-29,AMZN,0.28227142857142856,0.1886857142857143,0.5290571428571429,0.6439571428571428,0.16444285714285714,0.38,0.21601428571428571,0.09667142857142859,7
2025-01-30,AMZN,0.3002636363636364,0.1481909090909091,0.5515454545454546,0.6675818181818182,0.2561181818181818,0.2581818181818182,0.24070909090909093,0.1312,11
2025-01-31,AMZN,0.19712222222222223,0.1537888888888889,0.6490888888888889,0.6383555555555556,0.11097777777777779,0.3133333333333333,0.09507777777777777,0.13232222222222223,9
2025-02-01,AMZN,0.5566,0.11165,0.3318,0.7241500000000001,0.57965,0.7,0.4571,0.10705,2
2025-02-02,AMZN,0.2770125,0.1427625,0.580225,0.66125,0.244225,0.4375,0.133225,0.154325,8
2025-02-03,AMZN,0.21220000000000003,0.15175,0.63605,0.6194833333333333,0.15141666666666667,0.21,0.08853333333333334,0.12735,6
2025-02-04,AMZN,0.236175,0.17227499999999998,0.5915416666666666,0.652,0.12321666666666668,0.335,0.15461666666666665,0.125225,12
2025-02-05,AMZN,0.19164444444444445,0.15564444444444445,0.652711111111111,0.6716666666666666,0.07313333333333333,0.22,0.08796666666666667,0.11806666666666667,9
2025-02-06,AMZN,0.22905555555555557,0.1605,0.6104666666666667,0.6479777777777778,0.1380222222222222,0.28,0.13006666666666666,0.12656666666666666,9
2025-02-07,AMZN,0.2552153846153846,0.19242307692307692,0.5523769230769231,0.6510692307692308,0.11935384615384614,0.5061538461538462,0.23163846153846152,0.11534615384615385,13
2025-02-08,AMZN,0.24086,0.15162,0.60753,0.64372,0.18736999999999998,0.28600000000000003,0.14675,0.14176,10
2025-02-09,AMZN,0.28193999999999997,0.15885,0.5591999999999999,0.65305,0.2171,0.418,0.21915,0.13989000000000001,10
2025-02-10,AMZN,0.23124285714285714,0.16479285714285716,0.603957142857143,0.6442785714285714,0.1379,0.20714285714285716,0.16859285714285716,0.13994285714285715,14
2025-02-11,AMZN,0.23114615384615386,0.15744615384615385,0.6113999999999999,0.6552615384615385,0.14696153846153848,0.3584615384615385,0.12513076923076924,0.1393769230769231,13
2025-02-12,AMZN,0.24420666666666666,0.15133333333333335,0.60444,0.6845133333333333,0.15296,0.36000000000000004,0.20488,0.12104666666666668,15
2025-02-13,AMZN,0.2595882352941177,0.1724470588235294,0.5679529411764707,0.6805882352941177,0.12144705882352941,0.40705882352941175,0.19344117647058823,0.11212941176470588,17
2025-02-14,AMZN,0.27646000000000004,0.15495,0.56861,0.65339,0.22679,0.292,0.17787999999999998,0.10939000000000002,10
2025-02-15,AMZN,0.22010000000000002,0.14595,0.63395,0.67195,0.15895,0.52,0.0769,0.1266,2
2025-02-16,AMZN,0.3004,0.15501666666666666,0.5445833333333333,0.6487333333333333,0.2902666666666667,0.47,0.16319999999999998,0.11348333333333332,6
2025-02-17,AMZN,0.25109,0.1592,0.5896899999999999,0.64781,0.18955,0.388,0.15038,0.13429,10
2025-02-18,AMZN,0.2628083333333333,0.15714166666666665,0.5800666666666666,0.629475,0.22935833333333333,0.245,0.161325,0.12706666666666666,12
2025-02-19,AMZN,0.26693,0.14079999999999998,0.59225,0.6933,0.197,0.388,0.16351,0.14839,10
2025-02-20,AMZN,0.2373125,0.146725,0.6159625,0.6833625,0.176475,0.37,0.1332875,0.1417375,8
2025-02-21,AMZN,0.23842857142857143,0.15412857142857142,0.60745,0.6607642857142857,0.15919285714285714,0.3485714285714286,0.14266428571428572,0.1460142857142857,14
2025-02-22,AMZN,0.22512,0.16444,0.6104200000000001,0.66718,0.10200000000000001,0.5559999999999999,0.10416,0.12768,5
2025-02-23,AMZN,0.26204444444444447,0.14116666666666666,0.5968111111111111,0.6950555555555555,0.207,0.3933333333333333,0.14144444444444443,0.1342888888888889,9
2025-02-24,AMZN,0.2870285714285714,0.14994285714285716,0.5630571428571428,0.660357142857143,0.2561285714285714,0.47714285714285715,0.20364285714285715,0.17152857142857142,7
2025-02-25,AMZN,0.24826842105263158,0.1624315789473684,0.5893,0.6477894736842105,0.15318421052631578,0.2673684210526316,0.1747,0.14148947368421053,19
2025-02-26,AMZN,0.2685,0.1490375,0.582475,0.6711125,0.22312500000000002,0.28,0.169975,0.13145,8
2025-02-27,AMZN,0.37848333333333334,0.14013333333333333,0.4814,0.69545,0.3409,0.38000000000000006,0.3611333333333333,0.11591666666666667,6
2025-02-28,AMZN,0.3665,0.14053749999999998,0.492975,0.68195,0.336875,0.3925,0.30075,0.1031875,8
2025-03-01,AMZN,0.2544,0.15442,0.5911799999999999,0.6138399999999999,0.21726,0.16,0.15318,0.15226,5
2025-03-02,AMZN,0.27228,0.17999,0.54775,0.62239,0.13755,0.19,0.21996000000000002,0.18387,10
2025-03-03,AMZN,0.241025,0.163725,0.59525,0.6542749999999999,0.1358875,0.265,0.1607625,0.138925,8
2025-03-04,AMZN,0.1663923076923077,0.18436153846153847,0.6492538461538462,0.676523076923077,-0.012292307692307693,0.2569230769230769,0.09896153846153846,0.13172307692307691,13
2025-03-05,AMZN,0.27778,0.15428,0.56794,0.66662,0.20036,0.41200000000000003,0.23491999999999996,0.13314,5
2025-03-06,AMZN,0.2111357142857143,0.17295,0.6158928571428571,0.6329,0.08957857142857142,0.2928571428571428,0.16117857142857142,0.13239285714285715,14
2025-03-07,AMZN,0.24274615384615383,0.1537,0.6035461538461538,0.6826538461538461,0.14692307692307693,0.3261538461538462,0.12422307692307692,0.14473846153846154,13
2025-03-08,AMZN,0.215675,0.16617500000000002,0.61815,0.61995,0.11412499999999999,0.25,0.142425,0.12587500000000001,4
2025-03-09,AMZN,0.19163333333333332,0.16018333333333332,0.6481666666666667,0.6704333333333333,0.061599999999999995,0.2866666666666667,0.10254999999999999,0.14465,6
2025-03-10,AMZN,0.2487083333333333,0.162,0.5892833333333334,0.6480083333333334,0.16454166666666667,0.205,0.16826666666666668,0.12158333333333333,12
2025-03-11,AMZN,0.21358333333333335,0.165875,0.6205416666666667,0.6540833333333333,0.10945833333333332,0.22999999999999998,0.11063333333333335,0.11428333333333333,12
2025-03-12,AMZN,0.24273333333333333,0.16770833333333335,0.5895583333333333,0.6289916666666667,0.15124166666666666,0.31,0.13495,0.11321666666666667,12
2025-03-13,AMZN,0.21933125,0.173625,0.6070625000000001,0.6676375,0.0849,0.325,0.13454375,0.12091249999999999,16
2025-03-14,AMZN,0.26880000000000004,0.14317,0.58804,0.7106600000000001,0.15455000000000002,0.41200000000000003,0.16621999999999998,0.12913999999999998,10
2025-03-15,AMZN,0.23393333333333333,0.14986666666666668,0.61615,0.6577833333333333,0.17759999999999998,0.33,0.10709999999999999,0.1391,6
2025-03-16,AMZN,0.21913999999999997,0.14607,0.6348100000000001,0.68098,0.14769000000000002,0.382,0.11316,0.13673,10
2025-03-17,AMZN,0.2853333333333333,0.18831111111111112,0.5263444444444444,0.6705555555555556,0.1436222222222222,0.30000000000000004,0.22218888888888888,0.10476666666666666,9
2025-03-18,AMZN,0.35215625,0.144325,0.5035125,0.6866125,0.2954625,0.3625,0.34011875,0.10081875,16
2025-03-19,AMZN,0.2094375,0.1497,0.6408875,0.6482,0.144575,0.2725,0.0907375,0.1393,8
2025-03-20,AMZN,0.24195000000000003,0.15868,0.59938,0.63505,0.17738,0.32199999999999995,0.14789999999999998,0.15550000000000003,10
2025-03-21,AMZN,0.28536153846153844,0.16056923076923077,0.5540461538461539,0.6443923076923077,0.1992153846153846,0.28923076923076924,0.20380769230769233,0.1350846153846154,13
2025-03-22,AMZN,0.2306,0.15225,0.6171833333333333,0.6225166666666667,0.17056666666666667,0.36000000000000004,0.0757,0.19696666666666665,6
2025-03-23,AMZN,0.29202,0.15048,0.5575,0.68496,0.24824000000000002,0.592,0.22568000000000002,0.12218,5
2025-03-24,AMZN,0.20901428571428574,0.17647142857142858,0.6145285714285714,0.6542,0.08085714285714286,0.24571428571428572,0.10734999999999999,0.11782857142857142,14
2025-03-25,AMZN,0.2492375,0.1494125,0.6013375,0.681825,0.19055,0.5425,0.17975,0.1540625,8
2025-03-26,AMZN,0.28126923076923077,0.1656076923076923,0.5531384615384615,0.6478999999999999,0.2031923076923077,0.3538461538461538,0.17646923076923077,0.13066153846153847,13
2025-03-27,AMZN,0.214375,0.16849999999999998,0.6171,0.6661250000000001,0.0788875,0.25,0.12375,0.130625,8
2025-03-28,AMZN,0.20742,0.1534,0.6391600000000001,0.6610199999999999,0.1213,0.23200000000000004,0.13801999999999998,0.1251,5
2025-03-29,AMZN,0.2845,0.1568,0.5586,0.6051,0.2893,0.4,0.0732,0.0911,1
2025-03-30,AMZN,0.21830000000000002,0.1497,0.6320333333333333,0.6935000000000001,0.12736666666666666,0.19999999999999998,0.1811,0.12226666666666668,3
2025-03-31,AMZN,0.2511538461538461,0.15708461538461538,0.5917538461538462,0.6585923076923077,0.1727,0.3076923076923077,0.14693846153846155,0.11285384615384617,13
2025-04-01,AMZN,0.19514615384615383,0.13774615384615385,0.6670923076923077,0.7203615384615385,0.09707692307692307,0.4230769230769231,0.08689230769230769,0.13451538461538462,13
2025-04-02,AMZN,0.25760833333333333,0.17027499999999998,0.5720916666666667,0.6717666666666666,0.12771666666666667,0.33,0.15889166666666668,0.154925,12
2025-04-03,AMZN,0.2344,0.1537,0.611875,0.6401249999999999,0.1805,0.17500000000000002,0.13205,0.12442500000000001,4
2025-04-04,AMZN,0.1695111111111111,0.1491111111111111,0.6813777777777779,0.6964777777777778,0.04243333333333334,0.4066666666666666,0.08682222222222222,0.1427,9
2025-04-05,AMZN,0.1743125,0.1517375,0.6739125,0.680825,0.0541125,0.37,0.0533375,0.1439625,8
2025-04-06,AMZN,0.24531818181818182,0.15733636363636364,0.5973545454545455,0.6778818181818181,0.1527090909090909,0.33454545454545453,0.14629999999999999,0.12430909090909091,11
2025-04-07,AMZN,0.2468,0.1830857142857143,0.5701285714285714,0.6777571428571428,0.10325714285714285,0.40857142857142853,0.17227142857142858,0.1745857142857143,7
2025-04-08,AMZN,0.17736666666666667,0.16734444444444443,0.6552888888888889,0.6815888888888889,0.017322222222222218,0.23333333333333334,0.08511111111111111,0.1282222222222222,9
2025-04-09,AMZN,0.2035,0.16367692307692308,0.6328153846153846,0.6724846153846153,0.06911538461538462,0.26153846153846155,0.09236923076923077,0.15381538461538463,13
2025-04-10,AMZN,0.23807999999999999,0.18907000000000002,0.57284,0.6757,0.09254,0.47800000000000004,0.13391,0.13518000000000002,10
2025-04-11,AMZN,0.21601666666666666,0.15048333333333333,0.6334833333333333,0.6749333333333333,0.12688333333333332,0.52,0.08566666666666667,0.17816666666666667,6
2025-04-12,AMZN,0.22760833333333333,0.18086666666666665,0.5915416666666666,0.6561166666666667,0.07404999999999999,0.35000000000000003,0.15419166666666667,0.13253333333333334,12
2025-04-13,AMZN,0.3202833333333333,0.15518333333333334,0.5245333333333334,0.63915,0.3163333333333333,0.45999999999999996,0.2132166666666667,0.14086666666666667,6
2025-04-14,AMZN,0.19324444444444444,0.15715555555555558,0.6496111111111111,0.6601888888888889,0.08104444444444443,0.34,0.06295555555555556,0.1363,9
2025-04-15,AMZN,0.34805555555555556,0.14955555555555555,0.5024111111111111,0.6942333333333334,0.2517,0.4,0.2871222222222222,0.12217777777777777,9
2025-04-16,AMZN,0.20439,0.15527,0.64033,0.6885600000000001,0.09195,0.20800000000000002,0.10024,0.12849,10
2025-04-17,AMZN,0.18421,0.15659,0.65923,0.68117,0.05222,0.376,0.09154999999999999,0.15357,10
2025-04-18,AMZN,0.2963125,0.1424625,0.5612375000000001,0.6933125,0.2512,0.3025,0.2152875,0.1511375,8
2025-04-19,AMZN,0.24893333333333334,0.1434,0.6076333333333334,0.6924333333333333,0.20386666666666667,0.5599999999999999,0.07773333333333333,0.11463333333333332,3
2025-04-20,AMZN,0.2771555555555556,0.1438111111111111,0.5790333333333333,0.6878666666666667,0.2376666666666667,0.5533333333333332,0.13771111111111112,0.12122222222222222,9
2025-04-21,AMZN,0.27978000000000003,0.1859,0.53434,0.61364,0.18294,0.292,0.2602,0.12798,5
2025-04-22,AMZN,0.2572375,0.15385,0.58890625,0.68229375,0.17244375,0.4075,0.16045625,0.14328125,16
2025-04-23,AMZN,0.23165,0.15141666666666667,0.6169416666666666,0.661975,0.156575,0.5033333333333333,0.11717499999999999,0.13955833333333334,12
2025-04-24,AMZN,0.3306375,0.1642125,0.505175,0.6326499999999999,0.2916,0.40750000000000003,0.2552125,0.1369625,8
2025-04-25,AMZN,0.20914615384615384,0.1507153846153846,0.6401230769230769,0.661876923076923,0.13161538461538463,0.3215384615384615,0.10426923076923078,0.14382307692307691,13
2025-04-26,AMZN,0.20007999999999998,0.14824,0.65168,0.6724,0.12525999999999998,0.34,0.08638,0.13446,5
2025-04-27,AMZN,0.258625,0.15695,0.58445,0.61315,0.23095000000000002,0.325,0.14947500000000002,0.15315,4
2025-04-28,AMZN,0.2375909090909091,0.15177272727272728,0.6106363636363636,0.6733090909090909,0.1626090909090909,0.2254545454545455,0.16712727272727274,0.14335454545454546,11
2025-04-29,AMZN,0.22564,0.16055,0.61381,0.66711,0.11611,0.40599999999999997,0.16419999999999998,0.15223,10
2025-04-30,AMZN,0.23424705882352942,0.16698235294117647,0.5987588235294118,0.6738176470588235,0.09165882352941175,0.36117647058823527,0.16939411764705883,0.1421764705882353,17
2025-05-01,AMZN,0.26080000000000003,0.16341875,0.57578125,0.65045,0.16055,0.40375,0.2470125,0.17523125,16
2025-05-02,AMZN,0.2928,0.14894444444444443,0.5582777777777778,0.6674444444444444,0.2352,0.4666666666666667,0.2405222222222222,0.20348888888888889,9
2025-05-03,AMZN,0.137475,0.1483,0.714225,0.714225,-0.030925,0.22,0.05295,0.17315,4
2025-05-04,AMZN,0.25432499999999997,0.1351625,0.610525,0.711075,0.1618,0.3625,0.16172499999999998,0.152675,8
2025-05-05,AMZN,0.4008333333333333,0.13183333333333333,0.4673333333333334,0.6948,0.38545555555555555,0.47333333333333333,0.3202777777777778,0.14145555555555556,9
2025-05-06,AMZN,0.287125,0.16276666666666667,0.5501166666666667,0.63345,0.23718333333333333,0.33,0.23185833333333336,0.12399166666666667,12
2025-05-07,AMZN,0.33320714285714287,0.1492357142857143,0.5175714285714286,0.66415,0.2947357142857143,0.3871428571428571,0.2838357142857143,0.13594285714285714,14
2025-05-08,AMZN,0.3401875,0.138575,0.52125,0.6933125,0.28407499999999997,0.4975,0.358925,0.18409999999999999,8
2025-05-09,AMZN,0.21651666666666666,0.15883333333333333,0.6246333333333333,0.6498499999999999,0.11778333333333334,0.26,0.12318333333333333,0.11908333333333333,6
2025-05-10,AMZN,0.23596,0.1512,0.61284,0.66498,0.16686,0.556,0.19902000000000003,0.17032,5
2025-05-11,AMZN,0.29072,0.1477,0.56158,0.6788399999999999,0.26326,0.28,0.16232,0.12966,5
2025-05-12,AMZN,0.24489,0.16053,0.59458,0.6291599999999999,0.17272,0.166,0.12647999999999998,0.11678,10
2025-05-13,AMZN,0.35567777777777776,0.1455,0.4988111111111111,0.6762555555555555,0.32864444444444446,0.5733333333333334,0.29936666666666667,0.11213333333333335,9
2025-05-14,AMZN,0.32728666666666667,0.14474,0.52796,0.6791333333333333,0.2847133333333333,0.48800000000000004,0.2699,0.10952,15
2025-05-15,AMZN,0.234,0.1534,0.612575,0.61995,0.186325,0.1,0.10997499999999999,0.12385,4
2025-05-16,AMZN,0.30920909090909093,0.14745454545454545,0.5433545454545455,0.671,0.2759909090909091,0.3781818181818182,0.2309363636363636,0.13920000000000002,11
2025-05-17,AMZN,0.2460125,0.1483,0.6056875,0.65395,0.1949625,0.3025,0.1400875,0.1511125,8
2025-05-18,AMZN,0.30932,0.15058,0.54012,0.68728,0.25342000000000003,0.4720000000000001,0.18250000000000002,0.12652,5
2025-05-19,AMZN,0.2687,0.14579999999999999,0.5854999999999999,0.6712142857142858,0.22157142857142856,0.4685714285714285,0.14832857142857142,0.11712857142857144,7
2025-05-20,AMZN,0.23817500000000003,0.154825,0.606975,0.60795,0.200925,0.1,0.09545000000000001,0.12240000000000001,4
2025-05-21,AMZN,0.20727,0.15589,0.63685,0.65722,0.10613999999999998,0.42400000000000004,0.11739,0.1196,10
2025-05-22,AMZN,0.2163,0.1580625,0.6256375000000001,0.6487625,0.119325,0.3025,0.115225,0.1208375,8
2025-05-23,AMZN,0.25444666666666665,0.20504,0.5405,0.6683733333333334,0.11262,0.492,0.15800666666666666,0.11698,15
2025-05-24,AMZN,0.1627,0.16168,0.67562,0.67562,0.002599999999999997,0.42400000000000004,0.02346,0.11909999999999998,5
2025-05-25,AMZN,0.2470375,0.1557375,0.597225,0.6341375,0.1996125,0.25,0.1651,0.1394,8
2025-05-26,AMZN,0.20035,0.1555,0.64415,0.64415,0.12184999999999999,0.1,0.16599999999999998,0.17535,2
2025-05-27,AMZN,0.144625,0.15810000000000002,0.697325,0.677625,-0.03155,0.1,0.0498,0.19205,4
2025-05-28,AMZN,0.2624285714285714,0.15565714285714286,0.5819285714285715,0.67315,0.1927357142857143,0.37857142857142856,0.20222857142857142,0.12135714285714284,14
2025-05-29,AMZN,0.27605555555555555,0.16234444444444446,0.5615777777777777,0.6265444444444443,0.22101111111111113,0.42666666666666664,0.241,0.12632222222222222,9
2025-05-30,AMZN,0.24455999999999997,0.16233,0.59311,0.6761,0.15171,0.352,0.16044,0.12642,10
2025-05-31,AMZN,0.23663333333333333,0.15553333333333333,0.6078,0.6310666666666666,0.19213333333333335,0.42,0.13356666666666667,0.14576666666666668,3
2025-06-01,AMZN,0.21771666666666667,0.14121666666666666,0.6410333333333333,0.6871833333333334,0.15239999999999998,0.5,0.10003333333333335,0.1906,6
2025-06-02,AMZN,0.2078,0.17185,0.6203375,0.6517875,0.0853375,0.33999999999999997,0.09195,0.10815,8
2025-06-03,AMZN,0.2620272727272727,0.1538,0.5841727272727273,0.6601272727272728,0.19427272727272726,0.28,0.17183636363636362,0.1308,11
2025-06-04,AMZN,0.2711421052631579,0.15116315789473686,0.5777157894736842,0.6688999999999999,0.20826842105263157,0.3684210526315789,0.17711052631578947,0.11865263157894737,19
2025-06-05,AMZN,0.22098333333333334,0.17851666666666666,0.6005,0.66305,0.07623333333333333,0.37999999999999995,0.1032,0.12148333333333333,6
2025-06-06,AMZN,0.31012,0.14770666666666665,0.5421866666666666,0.6929333333333333,0.24323333333333333,0.328,0.20647333333333334,0.11295999999999999,15
2025-06-07,AMZN,0.22012500000000002,0.15257500000000002,0.62725,0.6275999999999999,0.170225,0.295,0.08635,0.1367,4
2025-06-08,AMZN,0.33699999999999997,0.1547666666666667,0.5082333333333333,0.6648,0.3356666666666667,0.36000000000000004,0.2184,0.10143333333333333,3
2025-06-09,AMZN,0.24082666666666666,0.16131333333333334,0.5978466666666667,0.6564,0.15485999999999997,0.4,0.14952,0.11517333333333334,15
2025-06-10,AMZN,0.25890833333333335,0.14814166666666667,0.5929666666666668,0.664825,0.21320833333333333,0.42,0.127575,0.10991666666666666,12
2025-06-11,AMZN,0.2610923076923077,0.1460076923076923,0.5929153846153846,0.6764846153846154,0.19597692307692308,0.27076923076923076,0.19262307692307695,0.12808461538461538,13
2025-06-12,AMZN,0.23168000000000002,0.15476,0.61357,0.68028,0.1343,0.23199999999999998,0.14315,0.13391,10
2025-06-13,AMZN,0.22414,0.15367999999999998,0.62218,0.66318,0.147,0.33399999999999996,0.15624,0.14026,10
2025-06-14,AMZN,0.3665,0.13685,0.49665,0.7152333333333334,0.33464999999999995,0.48,0.291,0.10903333333333333,6
2025-06-15,AMZN,0.26195,0.1578,0.5802499999999999,0.6252,0.2363,0.8999999999999999,0.1335,0.11885000000000001,2
2025-06-16,AMZN,0.327,0.16567142857142855,0.5073285714285715,0.6403,0.2844642857142857,0.4471428571428571,0.2659285714285714,0.1195642857142857,14
2025-06-17,AMZN,0.22571666666666668,0.16281666666666667,0.61145,0.6578666666666667,0.11471666666666668,0.36000000000000004,0.11770000000000001,0.14593333333333333,6
2025-06-18,AMZN,0.23977692307692305,0.1628846153846154,0.5973307692307692,0.6543153846153846,0.1427076923076923,0.2846153846153846,0.14053076923076924,0.11703076923076924,13
2025-06-19,AMZN,0.23338888888888887,0.15022222222222223,0.6163777777777778,0.6816222222222222,0.14859999999999998,0.36666666666666664,0.13303333333333334,0.1570888888888889,9
2025-06-20,AMZN,0.2136909090909091,0.15478181818181816,0.6315000000000001,0.659190909090909,0.11950909090909091,0.3890909090909091,0.11750909090909091,0.1872909090909091,11
2025-06-21,AMZN,0.32959999999999995,0.1339,0.5365000000000001,0.6959333333333334,0.2977,0.48,0.17989999999999998,0.10523333333333333,3
2025-06-22,AMZN,0.279,0.160375,0.5606,0.636675,0.22997499999999998,0.475,0.14479999999999998,0.104725,4
2025-06-23,AMZN,0.3342777777777778,0.14906666666666668,0.5166555555555555,0.6851111111111111,0.29194444444444445,0.35333333333333333,0.2228222222222222,0.11775555555555556,9
2025-06-24,AMZN,0.22946153846153844,0.15162307692307692,0.6189076923076923,0.6862076923076923,0.14047692307692308,0.3123076923076923,0.14646153846153845,0.1429,13
2025-06-25,AMZN,0.29911875,0.1440375,0.5568562499999999,0.670575,0.26553125,0.385,0.1835625,0.13281875,16
2025-06-26,AMZN,0.274945,0.16065000000000002,0.5644,0.67043,0.20013999999999998,0.361,0.197215,0.11808,20
2025-06-27,AMZN,0.25295,0.16233999999999998,0.5847,0.64438,0.17709,0.22599999999999998,0.15011999999999998,0.14856,10
2025-06-28,AMZN,0.22742857142857145,0.1665857142857143,0.606,0.6236142857142857,0.14064285714285713,0.39999999999999997,0.09405714285714287,0.11272857142857143,7
2025-06-29,AMZN,0.238675,0.156675,0.60465,0.6408375,0.17527500000000001,0.1,0.1296875,0.117575,8
2025-06-30,AMZN,0.2747846153846154,0.15744615384615385,0.5677923076923077,0.6512846153846154,0.21396153846153845,0.3584615384615385,0.17115384615384616,0.10599230769230769,13
2025-07-01,AMZN,0.21711764705882353,0.16188235294117645,0.6210058823529412,0.6472294117647059,0.11061176470588234,0.20588235294117646,0.10927647058823531,0.13440588235294118,17
2025-07-02,AMZN,0.24692105263157893,0.15836842105263157,0.5947,0.6528315789473684,0.17721052631578948,0.28,0.15466315789473684,0.12790526315789474,19
2025-07-03,AMZN,0.24071428571428571,0.14992857142857144,0.6093500000000001,0.6666,0.18365,0.18142857142857144,0.13195714285714286,0.11770714285714286,14
2025-07-04,AMZN,0.3138571428571429,0.14704285714285711,0.5391,0.6665285714285715,0.2619857142857143,0.38285714285714284,0.22544285714285714,0.12391428571428571,7
2025-07-05,AMZN,0.22462,0.16377999999999998,0.61158,0.6463599999999999,0.12704,0.1,0.12616,0.11982,5
2025-07-06,AMZN,0.3152142857142857,0.15384285714285714,0.5309285714285714,0.6565714285714286,0.30032857142857144,0.5028571428571429,0.20557142857142857,0.10925714285714286,7
2025-07-07,AMZN,0.2618642857142857,0.15323571428571428,0.584907142857143,0.6616285714285715,0.21607142857142855,0.3914285714285714,0.16655,0.11446428571428571,14
2025-07-08,AMZN,0.27640434782608697,0.15403478260869566,0.5695521739130435,0.6623695652173913,0.22750434782608694,0.48869565217391303,0.18283478260869568,0.11566521739130434,23
2025-07-09,AMZN,0.29081,0.1654,0.54381,0.6631549999999999,0.209915,0.39699999999999996,0.20360999999999999,0.105715,20
2025-07-10,AMZN,0.2813157894736842,0.1636736842105263,0.5550105263157894,0.6413315789473684,0.22047894736842105,0.2736842105263158,0.1810736842105263,0.1193578947368421,19
2025-07-11,AMZN,0.2164625,0.15066875,0.6328625,0.6401375,0.15846875,0.1975,0.1031125,0.154775,16
2025-07-12,AMZN,0.22676,0.20444,0.5687800000000001,0.7137,0.03713999999999999,0.508,0.17224,0.13128,5
2025-07-13,AMZN,0.2745285714285714,0.16874285714285714,0.5567285714285715,0.6414857142857143,0.18617142857142857,0.27142857142857146,0.1955428571428571,0.12610000000000002,7
2025-07-14,AMZN,0.2901923076923077,0.15327692307692306,0.5565307692307693,0.6404692307692308,0.2667,0.3123076923076923,0.16233846153846151,0.1037076923076923,13
2025-07-15,AMZN,0.23541428571428571,0.14796428571428571,0.6166357142857143,0.6732928571428571,0.1636142857142857,0.2671428571428572,0.08857142857142856,0.11131428571428571,14
2025-07-16,AMZN,0.26019375,0.1657875,0.574025,0.6592875,0.17375625,0.26125,0.1787625,0.13144375,16
2025-07-17,AMZN,0.21273333333333333,0.15785333333333332,0.62942,0.6604933333333334,0.12018666666666666,0.24800000000000003,0.09255333333333333,0.12484,15
2025-07-18,AMZN,0.3264625,0.1448125,0.5287375,0.68481875,0.29788749999999997,0.39999999999999997,0.23309375,0.12115625,16
2025-07-19,AMZN,0.2586375,0.1670375,0.5743625,0.6221875,0.187375,0.295,0.1464375,0.107225,8
2025-07-20,AMZN,0.22822222222222222,0.1534888888888889,0.6182777777777777,0.6347555555555555,0.1696888888888889,0.2,0.12523333333333334,0.11801111111111112,9
2025-07-21,AMZN,0.2289888888888889,0.1524888888888889,0.6185333333333333,0.6498222222222222,0.16592222222222222,0.19333333333333333,0.16052222222222223,0.15563333333333335,9
2025-07-22,AMZN,0.2211076923076923,0.15036153846153846,0.6285307692307692,0.6427923076923078,0.16542307692307692,0.27076923076923076,0.10136923076923078,0.1480692307692308,13
2025-07-23,AMZN,0.33185333333333333,0.14699333333333334,0.5211466666666666,0.6770733333333333,0.3072533333333333,0.45999999999999996,0.23950666666666667,0.11026666666666667,15
2025-07-24,AMZN,0.2155142857142857,0.20982142857142858,0.5746428571428571,0.7017857142857142,0.018435714285714278,0.29571428571428576,0.15305714285714286,0.12162857142857142,14
2025-07-25,AMZN,0.24901999999999996,0.15846,0.5925,0.65959,0.17735,0.19,0.16377,0.12201,10
2025-07-26,AMZN,0.22075,0.15386666666666668,0.6253833333333333,0.6712666666666666,0.11795,0.43,0.13933333333333334,0.11973333333333334,6
2025-07-27,AMZN,0.2669,0.1646,0.5685,0.64918,0.19786,0.32799999999999996,0.21562,0.09738,5
2025-07-28,AMZN,0.23882352941176468,0.1832,0.5779823529411764,0.650035294117647,0.11284117647058822,0.28705882352941176,0.18438235294117647,0.11361176470588236,17
2025-07-29,AMZN,0.23550666666666667,0.16089333333333336,0.6035866666666667,0.6486466666666666,0.14269333333333334,0.252,0.13404000000000002,0.13624,15
2025-07-30,AMZN,0.25777692307692307,0.15348461538461539,0.5887384615384615,0.6672153846153847,0.19006153846153848,0.18769230769230769,0.1956692307692308,0.11729230769230768,13
2025-07-31,AMZN,0.3358,0.1483846153846154,0.5158230769230769,0.6852615384615385,0.2959,0.2476923076923077,0.3111769230769231,0.12156153846153847,13
2025-08-01,AMZN,0.28195,0.14960416666666668,0.5684458333333333,0.6861625,0.21698333333333333,0.2675,0.2197,0.14052499999999998,24
2025-08-02,AMZN,0.2782833333333333,0.15136666666666668,0.57035,0.6809,0.21698333333333333,0.47,0.24891666666666667,0.1208,6
2025-08-03,AMZN,0.2431125,0.1568,0.6000875,0.6282,0.1988875,0.3325,0.1326375,0.11135,8
2025-08-04,AMZN,0.22355,0.1516375,0.624825,0.6441875,0.1616375,0.16,0.1079,0.1094625,8
2025-08-05,AMZN,0.26294210526315787,0.1654842105263158,0.5715736842105263,0.6669578947368421,0.1817736842105263,0.23894736842105263,0.1802,0.11997894736842105,19
2025-08-06,AMZN,0.3114133333333333,0.15518,0.5334066666666666,0.6721466666666667,0.2683933333333333,0.312,0.19815333333333332,0.14898,15
2025-08-07,AMZN,0.27084705882352944,0.1605235294117647,0.5686352941176471,0.6616117647058823,0.19412941176470588,0.25176470588235295,0.20990588235294116,0.12054705882352942,17
2025-08-08,AMZN,0.18080833333333335,0.15119166666666667,0.668,0.6849250000000001,0.06505,0.2783333333333333,0.10917500000000001,0.146325,12
2025-08-09,AMZN,0.20820000000000002,0.1503875,0.6414125,0.6561875,0.120425,0.23500000000000001,0.1042,0.1343,8
2025-08-10,AMZN,0.2578111111111111,0.15914444444444445,0.5830222222222222,0.6589777777777778,0.17526666666666668,0.24000000000000002,0.21603333333333335,0.1489111111111111,9
2025-08-11,AMZN,0.23830714285714286,0.17805714285714286,0.5836214285714286,0.6510285714285714,0.1331857142857143,0.22428571428571428,0.18507142857142858,0.15397857142857144,14
2025-08-12,AMZN,0.2828416666666667,0.15740833333333334,0.5597583333333334,0.6782833333333333,0.19699999999999998,0.4066666666666667,0.1655,0.09788333333333334,12
2025-08-13,AMZN,0.24693076923076923,0.16222307692307694,0.5908615384615385,0.6647692307692308,0.15705384615384615,0.2153846153846154,0.1472923076923077,0.11273076923076923,13
2025-08-14,AMZN,0.21742142857142857,0.15164285714285716,0.6308928571428571,0.6694857142857142,0.12989285714285714,0.2285714285714286,0.11712857142857143,0.12104285714285713,14
2025-08-15,AMZN,0.2240875,0.19337500000000002,0.58255,0.642925,0.04525,0.33999999999999997,0.1839,0.1429125,8
2025-08-16,AMZN,0.2896125,0.18409999999999999,0.5262875,0.683025,0.1738625,0.5125,0.22211250000000002,0.117625,8
2025-08-17,AMZN,0.26084,0.18459,0.55456,0.65578,0.16389,0.358,0.19109,0.11172,10
2025-08-18,AMZN,0.25585,0.15358,0.59057,0.65077,0.20465,0.268,0.17807,0.12654,10
2025-08-19,AMZN,0.24084285714285716,0.15291904761904762,0.606252380952381,0.6573095238095238,0.1769952380952381,0.26571428571428574,0.1528142857142857,0.16686190476190474,21
2025-08-20,AMZN,0.20784117647058825,0.16522941176470587,0.6269294117647058,0.6528529411764705,0.08556470588235295,0.17058823529411768,0.11497647058823529,0.12268823529411765,17
2025-08-21,AMZN,0.26534444444444444,0.20954444444444442,0.5251222222222222,0.6539777777777778,0.08492222222222222,0.26,0.1892222222222222,0.1035,9
2025-08-22,AMZN,0.20046666666666668,0.14913333333333334,0.650411111111111,0.6744222222222223,0.11351111111111112,0.24000000000000002,0.13548888888888888,0.14364444444444444,9
2025-08-23,AMZN,0.22772727272727272,0.15087272727272727,0.6213909090909091,0.6696545454545455,0.15530909090909092,0.2581818181818182,0.111,0.11545454545454546,11
2025-08-24,AMZN,0.1774111111111111,0.14785555555555555,0.6747555555555556,0.6664333333333333,0.07880000000000001,0.20666666666666667,0.06617777777777778,0.13596666666666668,9
2025-08-25,AMZN,0.2156,0.17462,0.60976,0.6479299999999999,0.06523,0.11800000000000002,0.15704,0.1601,10
2025-08-26,AMZN,0.3041941176470588,0.1550529411764706,0.540735294117647,0.6522176470588236,0.23370000000000002,0.3788235294117647,0.26986470588235295,0.11942941176470588,17
2025-08-27,AMZN,0.2843357142857143,0.18503571428571428,0.5306357142857142,0.6329357142857143,0.18427857142857143,0.2842857142857143,0.2143,0.1329,14
2025-08-28,AMZN,0.26015652173913045,0.16746521739130435,0.5723826086956522,0.6309,0.18709565217391305,0.2826086956521739,0.19211739130434785,0.1403,23
2025-08-29,AMZN,0.22553333333333334,0.15303333333333333,0.6214333333333334,0.63635,0.16500833333333334,0.26,0.13740833333333333,0.141,12
2025-08-30,AMZN,0.28776666666666667,0.20146666666666668,0.51075,0.6834666666666666,0.14564999999999997,0.42,0.2511666666666667,0.10293333333333334,6
2025-08-31,AMZN,0.31128333333333336,0.1564,0.5323166666666667,0.6827666666666666,0.24005,0.4566666666666667,0.2937166666666667,0.1668333333333333,6
2025-09-01,AMZN,0.20986666666666667,0.14875,0.6414000000000001,0.6582166666666667,0.14253333333333332,0.26,0.08161666666666666,0.12074999999999998,6
2025-09-02,AMZN,0.2574,0.165025,0.5775875,0.6444875,0.1675375,0.2425,0.2008,0.12055,8
2025-09-03,AMZN,0.23729333333333333,0.16407999999999998,0.5986333333333334,0.65218,0.14185999999999999,0.28,0.19002,0.12834666666666666,15
2025-09-04,AMZN,0.2624375,0.15096666666666667,0.5865875,0.6649958333333333,0.18574166666666667,0.33,0.21017916666666667,0.11103750000000001,24
2025-09-05,AMZN,0.2549,0.1515,0.5936375,0.6546625,0.20845,0.2875,0.14245,0.1160375,8
2025-09-06,AMZN,0.2541,0.1643090909090909,0.5815727272727272,0.6748545454545455,0.13953636363636363,0.18727272727272729,0.16318181818181818,0.13005454545454545,11
2025-09-07,AMZN,0.23734444444444444,0.19136666666666666,0.5713222222222222,0.632,0.09981111111111113,0.16666666666666666,0.15225555555555553,0.10562222222222223,9
2025-09-08,AMZN,0.21231111111111112,0.1555,0.6322111111111111,0.6783777777777779,0.10627777777777778,0.41333333333333333,0.13153333333333334,0.1304888888888889,9
2025-09-09,AMZN,0.25856521739130434,0.15567391304347825,0.5857391304347827,0.6588565217391305,0.19471304347826085,0.331304347826087,0.19214347826086955,0.11118260869565218,23
2025-09-10,AMZN,0.27982105263157897,0.15128947368421053,0.5688736842105263,0.6685631578947369,0.2290578947368421,0.2263157894736842,0.18762105263157894,0.12205263157894737,19
2025-09-11,AMZN,0.27260999999999996,0.15179,0.57557,0.65673,0.23333000000000004,0.298,0.17473,0.12815000000000001,10
2025-09-12,AMZN,0.21912,0.16481333333333334,0.61608,0.65082,0.10712666666666666,0.22000000000000003,0.16761333333333334,0.1379133333333333,15
2025-09-13,AMZN,0.1973,0.1509125,0.6517875000000001,0.6785125000000001,0.093475,0.4375,0.12328750000000001,0.1257625,8
2025-09-14,AMZN,0.23406,0.14898,0.61696,0.68102,0.16874,0.316,0.13768,0.12114,5
2025-09-15,AMZN,0.23019411764705883,0.15439411764705882,0.6154117647058823,0.6360294117647058,0.16466470588235294,0.25529411764705884,0.10912941176470588,0.12304117647058822,17
2025-09-16,AMZN,0.26991875,0.156225,0.5738625,0.6506,0.21820625,0.25,0.17938125,0.11095624999999999,16
2025-09-17,AMZN,0.23697619047619045,0.15257142857142855,0.6104333333333334,0.6634333333333333,0.15934761904761904,0.2,0.13259047619047618,0.13783809523809523,21
2025-09-18,AMZN,0.222925,0.14643125,0.63065,0.68431875,0.1454375,0.14875,0.1207625,0.1436375,16
2025-09-19,AMZN,0.1647875,0.191925,0.643275,0.6431875,-0.0551875,0.3775,0.120575,0.151675,8
2025-09-20,AMZN,0.2907,0.147,0.5623,0.6649666666666666,0.24846666666666664,0.20000000000000004,0.21020000000000003,0.14013333333333333,3
2025-09-21,AMZN,0.146475,0.18885,0.664675,0.6821,-0.0954,0.17500000000000002,0.1119,0.1442,4
2025-09-22,AMZN,0.2418388888888889,0.16265000000000002,0.5955111111111111,0.6425055555555556,0.14653888888888889,0.20666666666666667,0.1653111111111111,0.16174444444444444,18
2025-09-23,AMZN,0.25576666666666664,0.21100833333333333,0.533225,0.6299,0.09698333333333335,0.305,0.201925,0.12370833333333332,12
2025-09-24,AMZN,0.2625857142857143,0.16686428571428571,0.5705357142857143,0.6527071428571428,0.1767642857142857,0.2285714285714286,0.1687357142857143,0.1339857142857143,14
2025-09-25,AMZN,0.196,0.19904545454545455,0.6049454545454546,0.6646909090909091,0.01624545454545454,0.16,0.13642727272727273,0.12935454545454547,11
2025-09-26,AMZN,0.2235,0.1603875,0.6161125000000001,0.6580625,0.12027499999999999,0.2575,0.129075,0.18505,8
2025-09-27,AMZN,0.2492875,0.155325,0.595375,0.6408,0.202875,0.235,0.165125,0.1390625,8
2025-09-28,AMZN,0.24481999999999998,0.15839,0.59679,0.6595099999999999,0.16115,0.292,0.15632000000000001,0.13135999999999998,10
2025-09-29,AMZN,0.25944285714285714,0.16125714285714285,0.579292857142857,0.63295,0.18389285714285714,0.30142857142857143,0.16945000000000002,0.14327142857142855,14
2025-09-30,AMZN,0.28223157894736844,0.15827368421052632,0.5595,0.6298157894736842,0.24873157894736844,0.28,0.20831578947368423,0.12438947368421052,19
2025-10-01,AMZN,0.2598666666666667,0.1458111111111111,0.5943222222222223,0.6692555555555555,0.20583333333333334,0.26333333333333336,0.15049444444444443,0.12192222222222221,18
2025-10-02,AMZN,0.21386000000000002,0.17063,0.61554,0.63232,0.09752999999999999,0.178,0.12161,0.11156000000000002,10
2025-10-03,AMZN,0.24053846153846153,0.16036153846153844,0.5991000000000001,0.6699076923076923,0.13643846153846154,0.29846153846153844,0.14922307692307693,0.1244,13
2025-10-04,AMZN,0.26968333333333333,0.15974999999999998,0.57055,0.6358166666666667,0.2174,0.43,0.20020000000000002,0.15921666666666667,6
2025-10-05,AMZN,0.22643,0.15031,0.62327,0.65836,0.16024,0.274,0.13202,0.12648,10
2025-10-06,AMZN,0.24744,0.16088666666666668,0.59168,0.6432599999999999,0.169,0.18400000000000002,0.16026666666666667,0.13627333333333333,15
2025-10-07,AMZN,0.1678,0.15753999999999999,0.67466,0.67843,0.02445,0.166,0.06591,0.12028000000000001,10
2025-10-08,AMZN,0.25938333333333335,0.15214166666666665,0.5884833333333334,0.6539416666666668,0.21635833333333332,0.245,0.15011666666666668,0.12085833333333333,12
2025-10-09,AMZN,0.31556875,0.1535125,0.53091875,0.6619625,0.27403125,0.3325,0.23813125,0.11619375,16
2025-10-10,AMZN,0.23866153846153845,0.17349230769230772,0.5878615384615384,0.6763692307692307,0.117,0.4,0.14433846153846153,0.1358076923076923,13
2025-10-11,AMZN,0.25393461538461537,0.16461153846153845,0.581476923076923,0.6528576923076923,0.1677923076923077,0.2823076923076923,0.1927423076923077,0.1311423076923077,26
2025-10-12,AMZN,0.2428482142857143,0.15688035714285714,0.6002660714285714,0.6378571428571428,0.1851732142857143,0.35178571428571426,0.13700892857142857,0.12726428571428572,56
2025-10-13,AMZN,0.2674626728110599,0.15853456221198156,0.5740004608294931,0.6601654377880184,0.19397972350230416,0.34423963133640556,0.18629631336405528,0.1343447004608295,217
2025-10-14,AMZN,0.2734498245614035,0.16243754385964912,0.5641119298245614,0.6613957894736843,0.19475684210526314,0.4146666666666667,0.19149754385964912,0.11327087719298247,285
2025-10-15,AMZN,0.2610678233438486,0.16563690851735016,0.5732921135646688,0.65688738170347,0.1679700315457413,0.45192429022082015,0.19714605678233438,0.12395047318611986,317
2025-10-16,AMZN,0.26442185185185185,0.16113481481481481,0.5744333333333334,0.6605074074074073,0.17950407407407407,0.4379259259259259,0.18958851851851852,0.12445074074074075,270
2025-10-17,AMZN,0.24694768518518517,0.16568657407407408,0.5873592592592592,0.6597393518518518,0.14724212962962963,0.3886111111111111,0.17290925925925926,0.12454305555555555,216
2025-10-18,AMZN,0.22570919540229886,0.15693563218390805,0.6173471264367817,0.665648275862069,0.1328758620689655,0.3845977011494253,0.12409080459770115,0.1281758620689655,87
2025-10-19,AMZN,0.2697342105263158,0.15433026315789475,0.5759302631578948,0.6610092105263158,0.20307236842105264,0.4676315789473684,0.17983026315789474,0.12126315789473684,76
2025-10-20,AMZN,0.2047,0.15518333333333334,0.6401055555555556,0.6797944444444445,0.08712222222222223,0.5188888888888888,0.11694444444444445,0.12898333333333334,18
2025-10-21,AMZN,0.2275304347826087,0.15168260869565217,0.6207826086956522,0.6714347826086956,0.13127826086956523,0.27217391304347827,0.10998260869565217,0.13201304347826087,23
2025-10-22,AMZN,0.29600000000000004,0.16221818181818182,0.5417818181818181,0.6157,0.27543636363636365,0.19272727272727275,0.23466363636363638,0.12928181818181816,11
2025-10-23,AMZN,0.28846315789473687,0.14692631578947368,0.5646052631578947,0.6781368421052631,0.21976315789473685,0.33263157894736844,0.20646315789473685,0.12421052631578947,19
2025-10-24,AMZN,0.285255,0.154315,0.56043,0.661905,0.20463,0.37,0.23335499999999998,0.11797500000000001,20
2025-10-25,AMZN,0.2519285714285714,0.17055714285714285,0.5775285714285714,0.6734428571428571,0.1044,0.4857142857142857,0.17874285714285715,0.12927142857142856,7
2025-10-26,AMZN,0.24117000000000002,0.16530499999999998,0.593525,0.66995,0.12632000000000002,0.265,0.182615,0.131605,20
2025-10-27,AMZN,0.2742875,0.15734166666666669,0.5683708333333334,0.6747208333333333,0.18530000000000002,0.285,0.21974583333333333,0.1268625,24
2025-10-28,AMZN,0.298765,0.15783,0.54339,0.65538,0.25612,0.238,0.23454000000000003,0.11994,20
2025-10-29,AMZN,0.19204444444444443,0.17114444444444443,0.6368,0.6559555555555555,0.046405555555555554,0.26666666666666666,0.15226666666666666,0.13930555555555554,18
2025-10-30,AMZN,0.24080000000000001,0.15781290322580646,0.6013903225806452,0.6440741935483871,0.15971612903225807,0.2161290322580645,0.1846774193548387,0.15323548387096775,31
2025-10-31,AMZN,0.255025641025641,0.15811538461538463,0.5868615384615384,0.6546666666666666,0.18083589743589742,0.2246153846153846,0.18323333333333333,0.14064358974358976,39
2025-11-01,AMZN,0.3049571428571428,0.15634761904761904,0.5386904761904762,0.6683904761904762,0.25005714285714287,0.3685714285714286,0.23583809523809526,0.10741428571428571,21
2025-11-02,AMZN,0.3127153846153846,0.14429999999999998,0.5429788461538462,0.6861057692307693,0.2626826923076923,0.3215384615384615,0.22036923076923076,0.11253076923076924,52
2025-11-03,AMZN,0.35507538461538457,0.14657384615384617,0.49835230769230765,0.6842107692307693,0.3022507692307692,0.38984615384615384,0.30556153846153844,0.11796,65
2025-11-04,AMZN,0.2942383333333333,0.152415,0.5533483333333334,0.6644766666666667,0.23326333333333335,0.3686666666666667,0.239995,0.11578166666666667,60
2025-11-05,AMZN,0.27845853658536585,0.17138292682926828,0.550170731707317,0.6691853658536585,0.19171463414634146,0.3078048780487805,0.22104634146341465,0.10934634146341464,41
2025-11-06,AMZN,0.30758431372549017,0.1538843137254902,0.5385196078431372,0.6695647058823531,0.2479078431372549,0.42352941176470593,0.22412549019607844,0.12897843137254902,51
2025-11-07,AMZN,0.2947342857142857,0.16551714285714286,0.5397314285714285,0.6845142857142856,0.23417714285714283,0.49942857142857144,0.1903142857142857,0.10780857142857142,35
2025-11-08,AMZN,0.2893409090909091,0.19054090909090912,0.5201318181818182,0.6766681818181818,0.16843636363636363,0.2772727272727273,0.26492727272727273,0.11627727272727273,22
2025-11-09,AMZN,0.26308,0.152575,0.584355,0.666995,0.181725,0.31,0.17983500000000002,0.137465,20
2025-11-10,AMZN,0.30085757575757577,0.1615060606060606,0.5376424242424243,0.6895272727272728,0.23221212121212123,0.3581818181818182,0.1965848484848485,0.1239030303030303,33
2025-11-11,AMZN,0.21606470588235294,0.1981529411764706,0.5857705882352942,0.6596823529411764,0.06860588235294118,0.29411764705882354,0.14352941176470588,0.1318235294117647,17
2025-11-12,AMZN,0.29075,0.15731,0.55194,0.6413,0.24967999999999999,0.292,0.21796500000000002,0.127555,20
2025-11-13,AMZN,0.26463809523809523,0.17171904761904763,0.5636476190476191,0.6522523809523809,0.14926190476190476,0.22571428571428573,0.26480952380952383,0.1586809523809524,21
2025-11-14,AMZN,0.18409696969696968,0.17144242424242426,0.6444575757575758,0.6796454545454546,0.057763636363636364,0.26545454545454544,0.12316969696969698,0.12128181818181819,33
2025-11-15,AMZN,0.3699375,0.14931250000000001,0.48075,0.6780125,0.3589625,0.4675,0.31835,0.1291125,8
2025-11-16,AMZN,0.23994705882352943,0.15196470588235295,0.608064705882353,0.6523823529411765,0.16313529411764705,0.31529411764705884,0.1275294117647059,0.13644117647058823,17
2025-11-17,AMZN,0.29243846153846154,0.14923076923076922,0.5583230769230769,0.6666942307692308,0.23999423076923077,0.40692307692307694,0.21284999999999998,0.11327115384615385,52
2025-11-18,AMZN,0.22201363636363636,0.18117954545454545,0.5968068181818181,0.65335,0.09364772727272727,0.3768181818181818,0.15863863636363637,0.14107727272727272,44
2025-11-19,AMZN,0.2705,0.1635296875,0.56596875,0.6681875,0.1771828125,0.41875,0.200771875,0.116865625,64
2025-11-20,AMZN,0.2752487804878049,0.15494146341463413,0.5698048780487805,0.6629341463414634,0.21328780487804877,0.47317073170731705,0.1892609756097561,0.1161170731707317,41
2025-11-21,AMZN,0.25867,0.16444,0.576878,0.633296,0.186278,0.5068,0.183592,0.12163600000000001,50
2025-11-22,AMZN,0.2754357142857143,0.16355,0.5610035714285714,0.651075,0.20580714285714286,0.6721428571428572,0.2013464285714286,0.11290714285714286,28
2025-11-23,AMZN,0.2860947368421053,0.15485263157894738,0.5590368421052632,0.6575947368421053,0.23612894736842108,0.44263157894736843,0.18592368421052632,0.11212894736842106,38
2025-11-24,AMZN,0.268890625,0.15250625,0.578596875,0.6751359375,0.19074531249999999,0.431875,0.1787390625,0.12025625,64
2025-11-25,AMZN,0.27239423076923075,0.15840384615384615,0.5691884615384615,0.6803634615384616,0.17417884615384616,0.4519230769230769,0.19724423076923078,0.12524807692307693,52
2025-11-26,AMZN,0.25271489361702126,0.16826382978723406,0.5790063829787234,0.6536765957446808,0.16194255319148937,0.4676595744680851,0.1901978723404255,0.12460425531914893,47
2025-11-27,AMZN,0.2847617647058824,0.1521,0.5631294117647059,0.6637117647058823,0.22836764705882354,0.5341176470588236,0.173,0.11708529411764707,34
2025-11-28,AMZN,0.25465625,0.16106041666666668,0.5842833333333334,0.6575479166666667,0.15847708333333332,0.51625,0.19287708333333334,0.14722291666666668,48
2025-11-29,AMZN,0.3223285714285714,0.15895714285714285,0.5187035714285714,0.6645607142857143,0.26535000000000003,0.61,0.28293214285714285,0.12474642857142858,28
2025-11-30,AMZN,0.2681903225806452,0.1691451612903226,0.5626548387096774,0.6503838709677419,0.21015161290322582,0.5954838709677419,0.17328709677419354,0.11771935483870967,31
2025-12-01,AMZN,0.32756521739130434,0.1558536231884058,0.5165753623188406,0.6746275362318841,0.25663043478260866,0.5,0.29392028985507246,0.1182913043478261,69
2025-12-02,AMZN,0.37415692307692305,0.14607076923076923,0.4797584615384615,0.6807430769230769,0.33295846153846154,0.5633846153846154,0.3301076923076923,0.10747538461538461,65
2025-12-03,AMZN,0.3026031746031746,0.1523793650793651,0.5450174603174603,0.6633888888888889,0.24053333333333335,0.4247619047619048,0.2687460317460318,0.1366984126984127,63
2025-12-04,AMZN,0.2997471428571428,0.16048285714285715,0.53976,0.6549314285714285,0.22804142857142856,0.47,0.24801571428571428,0.11769,70
2025-12-05,AMZN,0.332825,0.158775,0.5084068181818182,0.6563522727272727,0.2792727272727273,0.3781818181818182,0.2962772727272727,0.12119999999999999,44
2025-12-06,AMZN,0.3177041666666667,0.15214166666666668,0.5301541666666666,0.6637375,0.27198333333333335,0.4025,0.27248333333333336,0.12724583333333334,24
2025-12-07,AMZN,0.26905454545454544,0.162,0.5689318181818183,0.6502318181818182,0.1935863636363636,0.26636363636363636,0.2174681818181818,0.15735,22
2025-12-08,AMZN,0.2577469696969697,0.16321666666666665,0.5790348484848485,0.6536712121212122,0.1733560606060606,0.3209090909090909,0.20928484848484846,0.13071363636363637,66
2025-12-09,AMZN,0.31343461538461537,0.15235192307692308,0.5342288461538461,0.6580038461538462,0.25493461538461537,0.3261538461538462,0.2588884615384615,0.1268826923076923,52
2025-12-10,AMZN,0.24939230769230772,0.15996923076923078,0.590651923076923,0.6521346153846154,0.17309615384615384,0.33999999999999997,0.16168269230769233,0.12623076923076923,52
2025-12-11,AMZN,0.32761090909090906,0.16868909090909093,0.5036999999999999,0.6753145454545454,0.24274545454545454,0.4501818181818181,0.31946545454545455,0.12067636363636364,55
2025-12-12,AMZN,0.2673285714285714,0.1687061224489796,0.5639612244897959,0.6388755102040816,0.16970204081632653,0.27510204081632655,0.23059183673469386,0.13879183673469386,49
2025-12-13,AMZN,0.20126571428571427,0.15173142857142857,0.6470057142857143,0.6626628571428572,0.11289714285714286,0.18057142857142858,0.10652,0.1335742857142857,35
2025-12-14,AMZN,0.3034724137931034,0.15025172413793106,0.5462793103448276,0.6786310344827586,0.22457586206896551,0.29586206896551726,0.2737586206896552,0.13721379310344828,29
2025-12-15,AMZN,0.237564,0.177122,0.585304,0.65885,0.112382,0.2812,0.20099599999999998,0.13464,50
2025-12-16,AMZN,0.23087558139534883,0.16603023255813953,0.6030872093023255,0.6489720930232558,0.12751744186046512,0.25,0.14945232558139535,0.13054883720930233,86
2025-12-17,AMZN,0.27013493975903613,0.1579879518072289,0.5718734939759036,0.6596180722891566,0.2007325301204819,0.2930120481927711,0.21866626506024098,0.14571927710843374,83
2025-12-18,AMZN,0.28851333333333334,0.1602,0.551285,0.6493183333333333,0.22260166666666667,0.24000000000000002,0.23518,0.13754833333333333,60
2025-12-19,AMZN,0.2665516666666667,0.159195,0.5742483333333334,0.6555316666666666,0.19780333333333333,0.225,0.173615,0.12454833333333333,60
2025-12-20,AMZN,0.25988235294117645,0.16727058823529412,0.5728382352941177,0.6791735294117647,0.14116470588235294,0.2658823529411765,0.19808823529411765,0.12868529411764706,34
2025-12-21,AMZN,0.30410625,0.168621875,0.52726875,0.664171875,0.21711249999999999,0.364375,0.274675,0.1384375,32
2025-12-22,AMZN,0.27621964285714284,0.16522857142857145,0.5585553571428571,0.6606821428571428,0.20030535714285716,0.3292857142857143,0.21488214285714285,0.13054285714285715,56
2025-12-23,AMZN,0.25238360655737707,0.1596688524590164,0.5879377049180328,0.643855737704918,0.1702967213114754,0.26229508196721313,0.19836065573770492,0.14941311475409835,61
2025-12-24,AMZN,0.29496774193548386,0.14751290322580643,0.5575225806451614,0.6822806451612904,0.2217193548387097,0.2954838709677419,0.2587193548387097,0.12839032258064517,31
2025-12-25,AMZN,0.2570695652173913,0.1957304347826087,0.5472,0.6294956521739131,0.12961739130434782,0.31043478260869567,0.23474347826086955,0.15058695652173912,23
2025-12-26,AMZN,0.3026,0.1621344827586207,0.5352413793103449,0.6496827586206897,0.23093793103448274,0.3724137931034483,0.2776379310344827,0.1344551724137931,29
2025-12-27,AMZN,0.2552548387096774,0.16441290322580646,0.5803258064516129,0.6291483870967741,0.18933225806451612,0.18129032258064517,0.19760645161290322,0.16473870967741938,31
2025-12-28,AMZN,0.25571363636363637,0.1617681818181818,0.5825136363636364,0.6429863636363636,0.18649545454545455,0.23363636363636367,0.1725,0.12251363636363637,22
2025-12-29,AMZN,0.2844,0.15487674418604652,0.5607209302325582,0.6607906976744187,0.21111627906976743,0.26930232558139533,0.23595813953488373,0.1270767441860465,43
2025-12-30,AMZN,0.2750270833333333,0.15804583333333333,0.5669229166666666,0.6568937499999999,0.20109375,0.26,0.21071874999999998,0.14496041666666667,48
2025-12-31,AMZN,0.2887209302325581,0.16502558139534884,0.5462511627906977,0.6514162790697674,0.2045604651162791,0.30186046511627906,0.22362790697674417,0.12896046511627907,43
2026-01-01,AMZN,0.2804764705882353,0.16263235294117645,0.5568794117647059,0.6533617647058824,0.2013441176470588,0.2747058823529412,0.24453529411764705,0.138,34
2026-01-02,AMZN,0.2910142857142857,0.1791081632653061,0.529873469387755,0.6675775510204082,0.181269387755102,0.34938775510204084,0.2923489795918367,0.14107142857142857,49
2026-01-03,AMZN,0.2974904761904762,0.17745714285714284,0.5250571428571428,0.6524666666666666,0.1859142857142857,0.2742857142857143,0.25536190476190473,0.12029523809523808,21
2026-01-04,AMZN,0.24095238095238095,0.17513333333333334,0.5839285714285714,0.6441666666666667,0.10265238095238095,0.2542857142857143,0.186,0.1453047619047619,21
2026-01-05,AMZN,0.2658132352941176,0.1572088235294118,0.5769794117647059,0.6527308823529412,0.19011617647058823,0.2723529411764706,0.17091323529411764,0.14204558823529412,68
2026-01-06,AMZN,0.2689981818181818,0.1500236363636364,0.5809781818181818,0.6665836363636364,0.22232000000000002,0.32581818181818184,0.17859636363636366,0.13160727272727274,55
2026-01-07,AMZN,0.2789135593220339,0.16321186440677968,0.5578813559322033,0.6402474576271187,0.21432881355932204,0.27491525423728813,0.223,0.14308305084745762,59
2026-01-08,AMZN,0.2554258620689655,0.16838103448275862,0.5761827586206896,0.6508172413793103,0.1603551724137931,0.3296551724137931,0.22319827586206895,0.13956896551724138,58
2026-01-09,AMZN,0.3209728813559322,0.15330338983050848,0.5257237288135593,0.673835593220339,0.2512440677966102,0.3498305084745763,0.26438813559322033,0.12541694915254237,59
2026-01-10,AMZN,0.21490370370370368,0.16575925925925927,0.6193407407407407,0.6380407407407408,0.10574074074074075,0.24000000000000002,0.14624814814814815,0.14407037037037038,27
2026-01-11,AMZN,0.31021176470588235,0.14363529411764708,0.5461529411764705,0.6722,0.2621294117647059,0.31529411764705884,0.2581411764705882,0.13996470588235294,17
2026-01-12,AMZN,0.304205,0.14949833333333334,0.5462849999999999,0.6536966666666667,0.263015,0.274,0.23418666666666665,0.12348333333333333,60
2026-01-13,AMZN,0.2846279411764706,0.17482058823529412,0.5405411764705882,0.6589117647058823,0.1892264705882353,0.2805882352941177,0.2375441176470588,0.12846470588235293,68
2026-01-14,AMZN,0.2932456140350877,0.15587894736842103,0.5508719298245613,0.6454315789473685,0.23763333333333334,0.25157894736842107,0.23192280701754386,0.1211561403508772,57
2026-01-15,AMZN,0.2569568965517241,0.16732241379310347,0.5757120689655173,0.6448258620689655,0.1609655172413793,0.2872413793103448,0.21640689655172415,0.14678103448275862,58
2026-01-16,AMZN,0.30523469387755103,0.18891632653061224,0.5058469387755102,0.6638448979591837,0.1847795918367347,0.3889795918367347,0.3026326530612245,0.13485714285714284,49
2026-01-17,AMZN,0.27013333333333334,0.15474444444444446,0.5751111111111111,0.6826,0.1743888888888889,0.34,0.22224999999999998,0.12324444444444443,18
2026-01-18,AMZN,0.27358,0.16645666666666667,0.5599500000000001,0.6427533333333333,0.18580666666666668,0.214,0.21528333333333333,0.14413666666666666,30
2026-01-19,AMZN,0.34052608695652176,0.1521608695652174,0.507308695652174,0.6565391304347826,0.2857391304347826,0.34782608695652173,0.2969,0.13696086956521739,23
2026-01-20,AMZN,0.26689607843137253,0.14972156862745098,0.5833843137254903,0.6673019607843138,0.2064392156862745,0.3141176470588235,0.1799313725490196,0.13365882352941177,51
2026-01-21,AMZN,0.3107078431372549,0.15929215686274512,0.5299980392156863,0.6624921568627451,0.2366921568627451,0.3705882352941176,0.24930588235294118,0.14059019607843137,51
2026-01-22,AMZN,0.2760225,0.15070250000000002,0.5732775,0.664695,0.2042275,0.27949999999999997,0.2001325,0.1579625,40
2026-01-23,AMZN,0.276508,0.179208,0.544276,0.65321,0.16388999999999998,0.316,0.23473400000000003,0.124406,50
2026-01-24,AMZN,0.29772380952380956,0.1497904761904762,0.5524761904761905,0.6672285714285715,0.23363333333333333,0.3314285714285714,0.20824285714285715,0.1472238095238095,21
2026-01-25,AMZN,0.2591125,0.1605,0.5803666666666667,0.6369041666666667,0.19175,0.2125,0.18652500000000002,0.13709583333333333,24
2026-01-26,AMZN,0.2619235294117647,0.16322156862745096,0.5748529411764706,0.6381450980392157,0.18534901960784314,0.3035294117647059,0.20196274509803921,0.12310392156862744,51
2026-01-27,AMZN,0.27854626865671644,0.17095074626865672,0.5505,0.6434462686567164,0.2113626865671642,0.3280597014925373,0.23978358208955225,0.1278223880597015,67
2026-01-28,AMZN,0.2942842857142857,0.1654642857142857,0.54025,0.6601871428571429,0.20819714285714286,0.32971428571428574,0.2548842857142857,0.12537285714285715,70
2026-01-29,AMZN,0.3151507246376812,0.1513,0.5335449275362318,0.6662188405797101,0.26397681159420294,0.3452173913043478,0.26992463768115943,0.13062028985507246,69
2026-01-30,AMZN,0.3084363636363636,0.15921636363636363,0.5323563636363636,0.6464454545454545,0.2583109090909091,0.2898181818181818,0.2711672727272727,0.15351818181818183,55
2026-01-31,AMZN,0.27317272727272723,0.18173939393939392,0.5450818181818182,0.6631545454545454,0.1843030303030303,0.27454545454545454,0.21416363636363636,0.13171818181818182,33
2026-02-01,AMZN,0.2702235294117647,0.15685882352941175,0.5729147058823529,0.640885294117647,0.2061441176470588,0.20411764705882354,0.21843529411764706,0.16891470588235294,34
2026-02-02,AMZN,0.28041884057971017,0.17580144927536231,0.5437855072463769,0.6577521739130435,0.1853695652173913,0.34956521739130436,0.25596811594202895,0.15129710144927538,69
2026-02-03,AMZN,0.3444175824175824,0.15671868131868133,0.4988593406593407,0.6622813186813187,0.2973802197802198,0.3874725274725275,0.31136593406593405,0.11887692307692307,91
2026-02-04,AMZN,0.33216351351351353,0.15509054054054056,0.5127391891891893,0.6640648648648648,0.277154054054054,0.39351351351351355,0.2960432432432432,0.12967702702702702,74
2026-02-05,AMZN,0.30095,0.16648191489361702,0.5325702127659574,0.6520882978723405,0.22024468085106383,0.2812765957446809,0.2694531914893617,0.14626489361702127,94
2026-02-06,AMZN,0.3077131313131313,0.16996868686868685,0.522310101010101,0.6444676767676768,0.2308919191919192,0.2684848484848485,0.28425252525252526,0.14406868686868687,99
2026-02-07,AMZN,0.31754375,0.15854375,0.52390625,0.6613375,0.25891041666666664,0.265,0.26959375,0.12553541666666665,48
2026-02-08,AMZN,0.34095000000000003,0.15360555555555555,0.5054416666666667,0.6627222222222222,0.3052361111111111,0.24000000000000002,0.27365,0.12397222222222222,36
2026-02-09,AMZN,0.35294133333333333,0.14562266666666665,0.5014253333333334,0.675168,0.304216,0.41333333333333333,0.30794,0.13136533333333333,75
2026-02-10,AMZN,0.27061846153846153,0.1732,0.5561784615384616,0.6418923076923077,0.17030153846153845,0.3584615384615385,0.2690353846153846,0.14396307692307692,65
2026-02-11,AMZN,0.31946375,0.155195,0.52535,0.66912125,0.2623475,0.354,0.28697,0.13807750000000002,80
2026-02-12,AMZN,0.28386744186046514,0.16941046511627908,0.5467162790697675,0.6470093023255814,0.18967906976744187,0.2311627906976744,0.2336139534883721,0.1288767441860465,86
2026-02-13,AMZN,0.31969333333333333,0.15830666666666668,0.5220066666666666,0.6474933333333334,0.2661266666666667,0.322,0.27712333333333333,0.13849333333333333,60
2026-02-14,AMZN,0.24214242424242424,0.17542424242424243,0.5824363636363636,0.6435363636363636,0.11488787878787879,0.2890909090909091,0.21566060606060605,0.15504545454545454,33
2026-02-15,AMZN,0.36367352941176473,0.1531529411764706,0.48315882352941175,0.68235,0.27641764705882355,0.3647058823529412,0.42957647058823534,0.16896764705882353,34
2026-02-16,AMZN,0.33516410256410256,0.1524,0.5124410256410256,0.6717666666666667,0.2704102564102564,0.33076923076923076,0.31955384615384613,0.15020769230769232,39
2026-02-17,AMZN,0.2823095890410959,0.1596178082191781,0.5580780821917808,0.6559534246575343,0.20823424657534248,0.3084931506849315,0.2580520547945206,0.14022465753424657,73
2026-02-18,AMZN,0.29923064516129033,0.16241290322580645,0.5383548387096774,0.6548612903225807,0.2212225806451613,0.3348387096774193,0.24721612903225806,0.1316274193548387,62
2026-02-19,AMZN,0.297655,0.15538666666666667,0.5469566666666666,0.6517166666666667,0.24568833333333334,0.301,0.23442833333333332,0.122865,60
2026-02-20,AMZN,0.34163015873015873,0.14690158730158728,0.5114634920634921,0.675931746031746,0.2894793650793651,0.3561904761904762,0.3066571428571429,0.12822698412698413,63
2026-02-21,AMZN,0.2819830508474576,0.16814237288135594,0.5498694915254237,0.6724559322033898,0.18543389830508475,0.31152542372881353,0.22554745762711864,0.12132203389830509,59
2026-02-22,AMZN,0.26251363636363634,0.16010454545454544,0.5773681818181818,0.6493681818181818,0.18401818181818183,0.26636363636363636,0.21719999999999998,0.11693636363636363,44
2026-02-23,AMZN,0.2795105263157895,0.1662434210526316,0.5542407894736843,0.6534223684210526,0.19669999999999999,0.2752631578947369,0.24523552631578946,0.13303026315789473,76
2026-02-24,AMZN,0.29507692307692307,0.1663923076923077,0.5385276923076923,0.6442692307692307,0.23653076923076924,0.3276923076923077,0.23919384615384617,0.1259307692307692,65
2026-02-25,AMZN,0.30966969696969693,0.17231212121212122,0.5180121212121213,0.6641181818181818,0.22714242424242426,0.3209090909090909,0.3014969696969697,0.13388939393939395,66
2026-02-26,AMZN,0.2748671052631579,0.16537894736842104,0.5597618421052631,0.6450947368421053,0.20104868421052632,0.29157894736842105,0.2518184210526316,0.14984473684210525,76
2026-02-27,AMZN,0.28962857142857146,0.1717204081632653,0.538645918367347,0.6452836734693878,0.21360714285714286,0.30714285714285716,0.2746336734693878,0.1289295918367347,98
2026-02-28,AMZN,0.24839545454545456,0.17872424242424242,0.5728681818181818,0.6439651515151515,0.1387939393939394,0.3481818181818182,0.2255530303030303,0.1451181818181818,66
2026-03-01,AMZN,0.28450697674418607,0.1640046511627907,0.5514790697674419,0.6328790697674418,0.22691627906976744,0.36279069767441857,0.28129302325581396,0.17293255813953487,43
2026-03-02,AMZN,0.2763409836065574,0.16704590163934427,0.5566147540983606,0.6463672131147541,0.20090655737704918,0.4118032786885246,0.2524459016393443,0.13774426229508197,61
2026-03-03,AMZN,0.314856,0.156236,0.5289013333333333,0.6557653333333333,0.256108,0.42213333333333336,0.29074933333333336,0.14321599999999998,75
2026-03-04,AMZN,0.2872266666666667,0.17162266666666667,0.5411373333333334,0.6506053333333334,0.203512,0.39013333333333333,0.27508266666666664,0.13826266666666667,75
2026-03-05,AMZN,0.2968152777777778,0.16252083333333334,0.5406541666666667,0.6607083333333333,0.21238055555555554,0.3416666666666667,0.2557138888888889,0.1312361111111111,72
2026-03-06,AMZN,0.2791703703703704,0.17437962962962963,0.5464518518518519,0.6572148148148149,0.1769851851851852,0.3055555555555556,0.24815185185185185,0.13842962962962962,54
2026-03-07,AMZN,0.273328125,0.1547125,0.57195,0.66221875,0.221821875,0.29125,0.213365625,0.14258125,32
2026-03-08,AMZN,0.2942469387755102,0.15606326530612244,0.5496897959183673,0.6448632653061224,0.23875510204081632,0.3889795918367347,0.2440938775510204,0.14876938775510204,49
2026-03-09,AMZN,0.259228125,0.174328125,0.566446875,0.6444625,0.1544796875,0.2865625,0.2476953125,0.15175468749999999,64
2026-03-10,AMZN,0.26349354838709677,0.16343064516129033,0.5730725806451613,0.651241935483871,0.1816774193548387,0.35903225806451616,0.21993870967741935,0.14229516129032257,62
2026-03-11,AMZN,0.3030701492537313,0.1571283582089552,0.5397985074626865,0.6537402985074627,0.2545955223880597,0.38029850746268656,0.2694582089552239,0.13892537313432834,67
2026-03-12,AMZN,0.2720393442622951,0.17041639344262297,0.5575377049180328,0.6408934426229508,0.1818918032786885,0.41475409836065574,0.25909016393442624,0.1303655737704918,61
2026-03-13,AMZN,0.26163559322033897,0.17154745762711865,0.5668135593220339,0.6532389830508475,0.15767457627118645,0.36135593220338985,0.22058305084745763,0.13116610169491527,59
2026-03-14,AMZN,0.26397,0.16424333333333332,0.57177,0.6522866666666667,0.17003333333333334,0.45,0.22124666666666667,0.16094666666666668,30
2026-03-15,AMZN,0.2531707692307692,0.16918615384615385,0.5776384615384615,0.647983076923077,0.15379384615384614,0.3630769230769231,0.21329692307692308,0.14211846153846155,65
2026-03-16,AMZN,0.29164242424242426,0.1594742424242424,0.5488833333333334,0.6551287878787879,0.2154742424242424,0.3409090909090909,0.23745454545454547,0.13245151515151515,66
2026-03-17,AMZN,0.2817551282051282,0.15845384615384617,0.5598025641025641,0.6471820512820512,0.2175948717948718,0.298974358974359,0.23006538461538462,0.12655384615384616,78
2026-03-18,AMZN,0.30840806451612907,0.16332741935483872,0.5282645161290322,0.6533112903225806,0.24064032258064516,0.3338709677419355,0.25031290322580646,0.12463870967741936,62
2026-03-19,AMZN,0.2531347222222222,0.1641513888888889,0.5827111111111111,0.657025,0.16022777777777777,0.24000000000000002,0.19370555555555555,0.1401097222222222,72
2026-03-20,AMZN,0.25282666666666664,0.16551,0.581665,0.6426983333333334,0.16774333333333333,0.257,0.20511,0.12789,60
2026-03-21,AMZN,0.30466363636363636,0.15747575757575757,0.5378515151515151,0.660490909090909,0.23483939393939393,0.3890909090909091,0.26975757575757575,0.15565151515151515,33
2026-03-22,AMZN,0.2703029411764706,0.16023529411764706,0.5694676470588235,0.6536411764705883,0.19701470588235295,0.31882352941176473,0.2232764705882353,0.1713323529411765,34
2026-03-23,AMZN,0.2651462686567164,0.16046567164179107,0.574379104477612,0.6531417910447761,0.18207611940298507,0.24328358208955225,0.21612686567164177,0.14043731343283583,67
2026-03-24,AMZN,0.2657684931506849,0.1693013698630137,0.5649301369863013,0.655313698630137,0.16916575342465753,0.32109589041095893,0.22288904109589042,0.12714383561643836,73
2026-03-25,AMZN,0.2493597701149425,0.16705747126436782,0.5835735632183908,0.6425701149425287,0.147683908045977,0.28413793103448276,0.19360344827586207,0.13359310344827585,87
2026-03-26,AMZN,0.2693714285714286,0.16485079365079366,0.5657761904761905,0.648179365079365,0.18604761904761905,0.29809523809523814,0.23003333333333334,0.12982539682539682,63
2026-03-27,AMZN,0.22829714285714287,0.17457857142857142,0.59713,0.65688,0.09992285714285715,0.32,0.19311999999999999,0.15914142857142857,70
2026-03-28,AMZN,0.23597272727272725,0.17728181818181818,0.5867409090909091,0.6496568181818182,0.12326590909090909,0.3890909090909091,0.20245909090909092,0.13568636363636363,44
2026-03-29,AMZN,0.2694102564102564,0.16482051282051283,0.5657666666666668,0.6575794871794872,0.1810794871794872,0.35538461538461535,0.2177230769230769,0.14602051282051282,39
2026-03-30,AMZN,0.2661301587301588,0.16303809523809523,0.5708222222222222,0.6703952380952382,0.15806984126984125,0.3666666666666667,0.21725238095238095,0.13140476190476189,63
2026-03-31,AMZN,0.3030414414414414,0.15276216216216218,0.5441990990990991,0.6664783783783784,0.2419144144144144,0.37729729729729733,0.2481891891891892,0.13016306306306308,111
2026-04-01,AMZN,0.3111103448275862,0.15769080459770113,0.531187356321839,0.6584678160919539,0.24662298850574713,0.3524137931034483,0.252151724137931,0.1265942528735632,87
2026-04-02,AMZN,0.2692121621621622,0.16822837837837837,0.5625527027027027,0.6455324324324324,0.17838648648648647,0.37405405405405406,0.21919459459459462,0.13769864864864864,74
2026-04-03,AMZN,0.2757677966101695,0.16777118644067798,0.5564542372881355,0.6597254237288136,0.17141525423728815,0.48711864406779665,0.2173271186440678,0.14248644067796612,59
2026-04-04,AMZN,0.25407272727272723,0.16361212121212124,0.5823060606060606,0.655439393939394,0.1610181818181818,0.4248484848484848,0.1804909090909091,0.14794242424242426,33
2026-04-05,AMZN,0.2879962962962963,0.1590888888888889,0.5529259259259259,0.6615000000000001,0.21564814814814814,0.3755555555555556,0.24062962962962964,0.12966296296296298,27
2026-04-06,AMZN,0.2947526315789474,0.15506973684210526,0.5501736842105264,0.6506342105263158,0.25065789473684214,0.3255263157894737,0.20688552631578946,0.1310184210526316,76
2026-04-07,AMZN,0.26401176470588233,0.16614117647058824,0.5698435294117647,0.6465541176470588,0.17944941176470589,0.2748235294117647,0.1968141176470588,0.13424235294117648,85
2026-04-08,AMZN,0.3425260273972603,0.15616575342465755,0.501304109589041,0.6570835616438356,0.2995616438356164,0.3183561643835617,0.2883164383561644,0.1330835616438356,73
2026-04-09,AMZN,0.3234463157894737,0.15475263157894736,0.521798947368421,0.6690515789473684,0.2695442105263158,0.33242105263157895,0.2674957894736842,0.11813052631578948,95
2026-04-10,AMZN,0.3022939024390244,0.15225853658536587,0.5454329268292682,0.6738841463414634,0.2201341463414634,0.3880487804878049,0.2640719512195122,0.13411341463414636,82
2026-04-11,AMZN,0.24971470588235292,0.16398235294117647,0.5862882352941176,0.6486088235294117,0.16276764705882354,0.22117647058823528,0.19810882352941175,0.14906764705882353,34
2026-04-12,AMZN,0.28126923076923077,0.1574769230769231,0.5612384615384616,0.6672025641025642,0.20211282051282053,0.31538461538461543,0.2333871794871795,0.12765897435897436,39
2026-04-13,AMZN,0.2723357142857143,0.17033714285714285,0.5573285714285714,0.6511699999999999,0.18861,0.3357142857142857,0.23503714285714286,0.13530285714285714,70
2026-04-14,AMZN,0.278155905511811,0.1669716535433071,0.5548732283464567,0.6437574803149606,0.19702677165354332,0.3494488188976378,0.24053464566929134,0.12970236220472442,127
2026-04-15,AMZN,0.2748988095238095,0.15830952380952382,0.5667880952380953,0.651547619047619,0.2048940476190476,0.31,0.21455357142857143,0.12419166666666667,84
2026-04-16,AMZN,0.3135951612903226,0.15130645161290324,0.5351112903225806,0.6592741935483871,0.27086935483870966,0.3719354838709677,0.2615467741935484,0.12671774193548388,62
2026-04-17,AMZN,0.280268,0.166804,0.5529306666666667,0.6468413333333334,0.205436,0.28959999999999997,0.22799866666666668,0.13161066666666665,75
2026-04-18,AMZN,0.28544545454545456,0.16226363636363636,0.5522818181818182,0.6594490909090909,0.20222181818181817,0.3530909090909091,0.2546818181818182,0.13333454545454546,55
2026-04-19,AMZN,0.242042,0.16116399999999997,0.596778,0.65033,0.155472,0.23800000000000002,0.181064,0.13742000000000001,50
2026-04-20,AMZN,0.27888965517241376,0.1646655172413793,0.5564362068965517,0.6473827586206897,0.20357327586206897,0.2924137931034483,0.23265689655172414,0.13769137931034484,116
2026-04-21,AMZN,0.30112135922330097,0.16843106796116505,0.530447572815534,0.6564194174757281,0.2157349514563107,0.3749514563106796,0.27985631067961164,0.12953689320388348,103
2026-04-22,AMZN,0.2672896551724138,0.15672586206896552,0.5759827586206897,0.6555827586206897,0.2033241379310345,0.2789655172413793,0.19582413793103448,0.1272844827586207,58
2026-04-23,AMZN,0.29274406779661016,0.15156101694915255,0.5556881355932204,0.6691406779661018,0.2337915254237288,0.32881355932203393,0.22803220338983052,0.12832881355932202,59
2026-04-24,AMZN,0.3796558823529412,0.14859558823529412,0.4717397058823529,0.6780117647058823,0.35438970588235297,0.42911764705882355,0.33233235294117647,0.11214117647058824,68
2026-04-25,AMZN,0.23614137931034485,0.17907241379310346,0.5847758620689656,0.6449137931034483,0.0987896551724138,0.39999999999999997,0.2379758620689655,0.14941724137931034,29
2026-04-26,AMZN,0.2976925,0.1526475,0.5496475000000001,0.6559975,0.24470999999999998,0.23199999999999998,0.24599500000000002,0.1510275,40
2026-04-27,AMZN,0.2786162162162162,0.15893648648648648,0.562454054054054,0.6459824324324325,0.2258891891891892,0.2702702702702703,0.24301081081081083,0.14856486486486487,74
2026-04-28,AMZN,0.2714125,0.15956625,0.5690262500000001,0.6487087500000001,0.19339,0.244,0.22620875,0.14362375,80
2026-04-29,AMZN,0.32665877192982457,0.1478938596491228,0.5254543859649123,0.6757087719298246,0.27280789473684214,0.32999999999999996,0.27605,0.13907894736842105,114
2026-04-30,AMZN,0.3641936170212766,0.1562851063829787,0.47951914893617015,0.659918085106383,0.3274393617021277,0.2914893617021277,0.3494627659574468,0.1255531914893617,94
