Date,ticker,llm_positive,llm_negative,llm_neutral,llm_confidence,llm_score,llm_relevance,llm_impact_magnitude,llm_uncertainty,news_count
2023-05-01,GOOGL,0.088692375,0.08426,0.827047125,0.745466625,0.010008375,0.268125,0.2849125,0.4868595,16
2023-05-02,GOOGL,0.08381389473684211,0.052268421052631575,0.8639175789473684,0.773096105263158,0.02853847368421052,0.2897368421052631,0.27456315789473684,0.5116155789473684,19
2023-05-03,GOOGL,0.08580935714285713,0.037995,0.8761953571428572,0.7752451428571429,0.04952321428571428,0.21321428571428572,0.23570714285714287,0.5457828571428571,14
2023-05-04,GOOGL,0.0874163,0.060308099999999996,0.8522752,0.7652907,0.0277862,0.2145,0.27543,0.5044396,10
2023-05-05,GOOGL,0.065925625,0.027105375,0.90696875,0.80999575,0.039911,0.20625,0.231375,0.519948125,8
2023-05-06,GOOGL,0.09716866666666667,0.07951333333333334,0.823318,0.741183,0.015270666666666663,0.19499999999999998,0.22296666666666667,0.4903476666666667,3
2023-05-07,GOOGL,0.08945066666666668,0.076654,0.833895,0.7537033333333333,0.011833333333333335,0.22999999999999998,0.25320000000000004,0.4870286666666666,3
2023-05-08,GOOGL,0.09492733333333332,0.06957344444444444,0.8354987777777778,0.7546941111111111,0.02425555555555555,0.26166666666666666,0.24174444444444443,0.4831367777777778,9
2023-05-09,GOOGL,0.11257218181818182,0.10490354545454546,0.7825240909090909,0.6983076363636364,0.013450636363636364,0.2318181818181818,0.3210909090909091,0.5159710909090909,11
2023-05-10,GOOGL,0.07438944444444445,0.05538333333333333,0.8702271111111111,0.7853794444444444,0.017952777777777776,0.28833333333333333,0.2813666666666667,0.4882094444444445,9
2023-05-11,GOOGL,0.15995028571428574,0.04319585714285714,0.7968538571428571,0.7299400714285714,0.09945235714285715,0.3489285714285714,0.3686357142857143,0.4492223571428572,14
2023-05-12,GOOGL,0.0924053,0.0530937,0.8545006,0.7709073,0.0398243,0.2895,0.29742999999999997,0.48602930000000005,10
2023-05-13,GOOGL,0.041473125,0.06292162500000001,0.895605,0.7948651250000001,-0.022187500000000002,0.15562499999999999,0.22791250000000002,0.537632625,8
2023-05-14,GOOGL,0.02806425,0.08407775,0.887858,0.7975425,-0.05174375,0.3,0.31825,0.4998085,4
2023-05-15,GOOGL,0.07822506666666666,0.0363316,0.8854431333333334,0.7877302666666667,0.04267106666666667,0.196,0.25664000000000003,0.5329554000000001,15
2023-05-16,GOOGL,0.07698673913043477,0.045618391304347826,0.8773948260869566,0.7895345652173913,0.03195221739130435,0.29739130434782607,0.2667652173913044,0.4964903913043478,23
2023-05-17,GOOGL,0.07286925,0.027177375,0.8999529375,0.801555,0.046560937499999996,0.2034375,0.23385625000000002,0.527288375,16
2023-05-18,GOOGL,0.13847814285714286,0.04892052380952381,0.8126009999999999,0.7332278095238095,0.08244566666666667,0.2892857142857143,0.3259761904761905,0.4797920476190476,21
2023-05-19,GOOGL,0.08436021428571429,0.038273999999999996,0.8773655714285714,0.7886380714285715,0.04491071428571428,0.2571428571428572,0.25064285714285717,0.4993235714285714,14
2023-05-20,GOOGL,0.09723914285714286,0.08182542857142858,0.8209354285714285,0.7420047142857144,0.014841142857142855,0.21642857142857141,0.2250142857142857,0.4818911428571428,7
2023-05-21,GOOGL,0.08039475,0.030487125,0.8891178750000001,0.792456375,0.051449499999999995,0.226875,0.2227625,0.52621025,8
2023-05-22,GOOGL,0.1536728,0.043636,0.8026911,0.7184357,0.09847779999999999,0.29100000000000004,0.25044,0.5155193,10
2023-05-23,GOOGL,0.09463585,0.0368012,0.86856275,0.7820275999999999,0.0578774,0.3,0.278,0.49537034999999996,20
2023-05-24,GOOGL,0.07169744444444444,0.03654983333333333,0.891752611111111,0.8022220555555556,0.03330933333333333,0.34055555555555556,0.30106666666666665,0.49637161111111117,18
2023-05-25,GOOGL,0.1292862777777778,0.028222999999999998,0.8424903333333333,0.7533608333333333,0.10227738888888889,0.20416666666666666,0.2619166666666667,0.5134646666666667,18
2023-05-26,GOOGL,0.10652835294117648,0.03690935294117647,0.8565621764705883,0.766493,0.0672685294117647,0.25588235294117645,0.3193529411764706,0.5101488235294118,17
2023-05-27,GOOGL,0.083214,0.07309144444444444,0.8436943333333333,0.7555768888888889,0.011790777777777777,0.285,0.3191222222222222,0.4950492222222222,9
2023-05-28,GOOGL,0.060878749999999995,0.0267665,0.9123545,0.81049025,0.0349125,0.18,0.2637,0.5352972500000001,4
2023-05-29,GOOGL,0.025918,0.025918,0.948164,0.839979,0.0,0.15,0.1985,0.547,2
2023-05-30,GOOGL,0.11708458823529411,0.061393352941176475,0.8215219411764706,0.7473078235294118,0.04753029411764706,0.2973529411764706,0.3163941176470588,0.5031430588235295,17
2023-05-31,GOOGL,0.07490514285714286,0.05279507142857143,0.8722997142857143,0.7774010714285715,0.0261875,0.26035714285714284,0.26494999999999996,0.5244568571428572,14
2023-06-01,GOOGL,0.13540946666666667,0.028280466666666667,0.8363098,0.7490505333333334,0.10377326666666667,0.20199999999999999,0.27468000000000004,0.5051890666666667,15
2023-06-02,GOOGL,0.03698690909090909,0.05978463636363636,0.9032281818181818,0.8066613636363636,-0.02195681818181818,0.2618181818181818,0.2726545454545455,0.5196513636363637,11
2023-06-03,GOOGL,0.04497485714285714,0.12744885714285714,0.8275761428571429,0.7639598571428571,-0.06661257142857142,0.21642857142857141,0.2435857142857143,0.508478,7
2023-06-04,GOOGL,0.07651971428571429,0.04815414285714286,0.8753258571428572,0.7832705714285714,0.027496428571428567,0.1992857142857143,0.21132857142857145,0.5137455714285715,7
2023-06-05,GOOGL,0.061115499999999996,0.06345025,0.87543425,0.7806246666666666,-0.005069583333333333,0.18125,0.23829166666666668,0.52045975,12
2023-06-06,GOOGL,0.09507436363636365,0.14440772727272727,0.7605178181818182,0.7459366363636364,-0.036045818181818186,0.40090909090909094,0.35676363636363634,0.43234881818181814,11
2023-06-07,GOOGL,0.12334372727272727,0.07730027272727273,0.7993559090909091,0.7232223636363636,0.04516909090909091,0.30818181818181817,0.32841818181818183,0.47628618181818183,11
2023-06-08,GOOGL,0.09083492857142858,0.03217721428571429,0.8769875,0.7921078571428571,0.05955692857142857,0.37714285714285717,0.3335857142857143,0.48527157142857147,14
2023-06-09,GOOGL,0.09367031249999999,0.0495749375,0.8567544375,0.7686749375,0.0387331875,0.26437499999999997,0.269575,0.49904312500000003,16
2023-06-10,GOOGL,0.11466042857142857,0.027600714285714284,0.8577384285714286,0.7715865714285715,0.08998757142857142,0.15642857142857142,0.2281857142857143,0.4969924285714286,7
2023-06-11,GOOGL,0.12041425,0.02839125,0.8511945000000001,0.77057425,0.09016874999999999,0.256875,0.2417125,0.474796375,8
2023-06-12,GOOGL,0.07260158333333333,0.042016083333333336,0.8853820833333333,0.7969013333333334,0.029166666666666664,0.27,0.27596666666666664,0.4941716666666667,12
2023-06-13,GOOGL,0.11762429411764705,0.029978117647058822,0.8523972352941176,0.7662498823529412,0.0900424705882353,0.1888235294117647,0.25890588235294115,0.5002398235294118,17
2023-06-14,GOOGL,0.057771176470588236,0.09924723529411765,0.842981294117647,0.7763675882352942,-0.030168058823529412,0.24794117647058822,0.24871176470588233,0.4930032941176471,17
2023-06-15,GOOGL,0.11288514999999999,0.028426800000000002,0.8586879,0.7713318,0.08117375,0.26925,0.315295,0.49638545,20
2023-06-16,GOOGL,0.10050355555555554,0.027952944444444443,0.8715432222222222,0.7799261666666667,0.07227305555555556,0.23250000000000004,0.3154388888888889,0.511211388888889,18
2023-06-17,GOOGL,0.07981375,0.027079375,0.8931065,0.7952995,0.0525525,0.1725,0.229275,0.527421625,8
2023-06-18,GOOGL,0.025918,0.025918,0.948164,0.839979,0.0,0.15,0.226,0.547,1
2023-06-19,GOOGL,0.06973685714285714,0.038468999999999996,0.8917938571428571,0.7937775714285714,0.03187757142857143,0.16285714285714284,0.22537142857142858,0.5291745714285715,7
2023-06-20,GOOGL,0.06011921428571428,0.028742928571428572,0.9111374285714285,0.8146627142857144,0.031836142857142855,0.25607142857142856,0.27777857142857143,0.516718,14
2023-06-21,GOOGL,0.046483500000000004,0.0510785,0.9024378333333334,0.8079915,-0.004437500000000001,0.18999999999999997,0.3037666666666667,0.5134388333333334,6
2023-06-22,GOOGL,0.069269625,0.02716625,0.903564,0.8048745,0.0406715,0.211875,0.2726625,0.525174875,8
2023-06-23,GOOGL,0.08909327272727273,0.08080863636363636,0.8300978181818182,0.7504604545454545,0.011029545454545452,0.23727272727272727,0.2824909090909091,0.4782246363636364,11
2023-06-24,GOOGL,0.0825646,0.027301399999999997,0.8901338000000001,0.796899,0.05325,0.192,0.23328,0.5090049999999999,5
2023-06-25,GOOGL,0.0272775,0.0992865,0.873436,0.7757155,-0.0754375,0.15,0.22600000000000003,0.533764,2
2023-06-26,GOOGL,0.1088229090909091,0.028827727272727276,0.8623490909090908,0.7724563636363636,0.07455454545454544,0.3422727272727273,0.28819090909090905,0.5044404545454545,11
2023-06-27,GOOGL,0.09311966666666666,0.08481541666666666,0.8220644583333333,0.7695138333333333,0.017673083333333332,0.34625,0.32522500000000004,0.46904474999999995,24
2023-06-28,GOOGL,0.11379286666666667,0.04112553333333333,0.8450812666666666,0.7847372,0.0636022,0.26366666666666666,0.27464666666666665,0.49277139999999997,15
2023-06-29,GOOGL,0.10208466666666666,0.08039611111111111,0.8175188888888889,0.7399778888888888,0.02111944444444444,0.2,0.26744444444444443,0.47941733333333336,9
2023-06-30,GOOGL,0.12268190909090909,0.02956590909090909,0.847752,0.7599222727272728,0.09399,0.18409090909090908,0.22122727272727272,0.5067848181818182,11
2023-07-01,GOOGL,0.06339957142857143,0.09457714285714285,0.8420235714285714,0.7575241428571429,-0.027510714285714288,0.1757142857142857,0.2061714285714286,0.49422214285714283,7
2023-07-02,GOOGL,0.027668666666666664,0.092875,0.8794563333333333,0.785358,-0.06275833333333333,0.23,0.25320000000000004,0.5138440000000001,3
2023-07-03,GOOGL,0.161003,0.050341666666666667,0.7886551111111112,0.7152284444444444,0.10750733333333333,0.25666666666666665,0.3094888888888889,0.4670672222222222,9
2023-07-04,GOOGL,0.1276595,0.02803733333333333,0.8443026666666666,0.7537628333333334,0.1008875,0.19000000000000003,0.20293333333333333,0.5203875,6
2023-07-05,GOOGL,0.1274996923076923,0.06460507692307692,0.8078948461538461,0.7391076153846154,0.057867461538461534,0.21,0.2890923076923077,0.5032706153846154,13
2023-07-06,GOOGL,0.07673861538461538,0.12350976923076923,0.7997513846153846,0.7711578461538462,-0.03683223076923077,0.3765384615384615,0.3018692307692308,0.4741858461538462,13
2023-07-07,GOOGL,0.11805399999999999,0.07421,0.8077354,0.7280546,0.046332599999999995,0.174,0.25616000000000005,0.48981700000000006,5
2023-07-08,GOOGL,0.07553425,0.037802375,0.886663125,0.7864895625,0.0400988125,0.1828125,0.20403125,0.5409050625,16
2023-07-09,GOOGL,0.12223099999999999,0.028341999999999996,0.849427,0.7562176666666667,0.09502499999999998,0.245,0.23996666666666666,0.5297863333333334,3
2023-07-10,GOOGL,0.13946125,0.055573750000000005,0.804964875,0.726035875,0.075204875,0.32625,0.3028,0.4754935,8
2023-07-11,GOOGL,0.10678864705882353,0.05555341176470588,0.8376576470588235,0.7542938235294118,0.05101847058823529,0.25852941176470584,0.26937058823529414,0.4927009411764706,17
2023-07-12,GOOGL,0.0922335,0.027668928571428573,0.8800972857142858,0.7877954285714287,0.066975,0.21321428571428572,0.22392142857142858,0.5126405,14
2023-07-13,GOOGL,0.10209611111111111,0.06355111111111111,0.8343524444444445,0.7494475555555555,0.037492333333333336,0.295,0.25307777777777773,0.4976313333333333,9
2023-07-14,GOOGL,0.10543766666666665,0.06766466666666666,0.8268974166666667,0.7481925833333333,0.038032166666666666,0.26625,0.2859416666666667,0.47776425000000006,12
2023-07-15,GOOGL,0.0756581111111111,0.027046,0.8972958888888889,0.7995278888888889,0.05024444444444445,0.17833333333333334,0.2111888888888889,0.5258567777777778,9
2023-07-16,GOOGL,0.025918,0.025918,0.948164,0.839979,0.0,0.15,0.171,0.547,1
2023-07-17,GOOGL,0.0999677,0.0317282,0.8683038,0.7783508,0.06882440000000001,0.261,0.27874,0.5094216,10
2023-07-18,GOOGL,0.09723871428571429,0.09731321428571428,0.8054477142857143,0.7244468571428572,0.004615142857142858,0.2292857142857143,0.2915285714285714,0.4932535714285714,14
2023-07-19,GOOGL,0.06873658333333334,0.04063275,0.8906304166666666,0.8018978333333333,0.02884375,0.32875,0.29594166666666666,0.49685391666666673,12
2023-07-20,GOOGL,0.06607500000000001,0.05975291666666666,0.8741719166666666,0.7799730833333333,0.005811999999999998,0.23375,0.2961416666666667,0.5213033333333333,12
2023-07-21,GOOGL,0.1181255909090909,0.047415363636363644,0.8344588636363636,0.777217090909091,0.05931963636363636,0.29363636363636364,0.3159727272727273,0.4908135,22
2023-07-22,GOOGL,0.0739685,0.03519375,0.89083775,0.80598025,0.0391125,0.31125,0.29957500000000004,0.48232425,4
2023-07-23,GOOGL,0.1453285,0.02909175,0.8255797500000001,0.750821,0.10853499999999999,0.30000000000000004,0.3095,0.455391,4
2023-07-24,GOOGL,0.11054243478260868,0.02840778260869565,0.8610495652173913,0.7780633913043479,0.07722369565217392,0.2823913043478261,0.28470869565217394,0.4921058260869565,23
2023-07-25,GOOGL,0.12522484375,0.030194875,0.84458015625,0.7658201875,0.0857596875,0.3703125,0.33434375,0.48708759375,32
2023-07-26,GOOGL,0.18862309756097562,0.04718636585365854,0.7641903414634147,0.7190093902439024,0.12248341463414635,0.36,0.39130243902439027,0.4683075853658536,41
2023-07-27,GOOGL,0.08730136842105263,0.031803157894736846,0.8808953157894737,0.7886896315789474,0.052685368421052634,0.2802631578947368,0.2937105263157895,0.5086801578947369,19
2023-07-28,GOOGL,0.15497163636363637,0.049876363636363635,0.7951517272727273,0.7245908181818183,0.09438645454545452,0.4063636363636364,0.3386181818181818,0.44897672727272725,11
2023-07-29,GOOGL,0.08381471428571428,0.04856314285714286,0.8676217142857142,0.7797822857142858,0.03609642857142857,0.23142857142857146,0.21439999999999998,0.5020301428571429,7
2023-07-30,GOOGL,0.0937306,0.027579,0.8786898000000001,0.789887,0.066745,0.20700000000000002,0.20137999999999998,0.4984178,5
2023-07-31,GOOGL,0.14037208695652173,0.04924921739130435,0.8103783913043479,0.733475695652174,0.08279543478260869,0.32456521739130434,0.3262217391304348,0.472581652173913,23
2023-08-01,GOOGL,0.08707113333333334,0.041885599999999995,0.8710429333333334,0.7781966666666666,0.0471794,0.201,0.2606733333333333,0.5173095333333334,15
2023-08-02,GOOGL,0.0931135,0.05640483333333333,0.8504811666666666,0.76595925,0.0377125,0.21125000000000002,0.27890833333333337,0.4918035,12
2023-08-03,GOOGL,0.10922,0.054476416666666666,0.8363033333333334,0.7548394166666667,0.05528333333333333,0.21375,0.24309166666666668,0.48803158333333335,12
2023-08-04,GOOGL,0.09259546153846153,0.05360184615384615,0.8538024615384615,0.7668226153846154,0.04212261538461538,0.25384615384615383,0.2755384615384615,0.4982256923076923,13
2023-08-05,GOOGL,0.16450183333333332,0.029015166666666665,0.8064825,0.7275028333333333,0.13752083333333334,0.225,0.25483333333333336,0.4929055,6
2023-08-06,GOOGL,0.1301832,0.0283526,0.8414638,0.7567316,0.10045,0.231,0.25354,0.4969370000000001,5
2023-08-07,GOOGL,0.09923799999999999,0.028568777777777776,0.8721931111111111,0.7811189999999999,0.06807833333333334,0.3116666666666667,0.28763333333333335,0.5113376666666667,9
2023-08-08,GOOGL,0.043267571428571426,0.026632142857142858,0.9301,0.8228714285714286,0.01775,0.19714285714285712,0.25774285714285716,0.550615,7
2023-08-09,GOOGL,0.13295583333333333,0.028020166666666665,0.8390233333333333,0.753019,0.10739166666666666,0.17,0.21446666666666667,0.502942,6
2023-08-10,GOOGL,0.0730187,0.0420346,0.8849465000000001,0.7895671,0.0326637,0.22349999999999998,0.26949,0.5243971000000001,10
2023-08-11,GOOGL,0.08367684615384616,0.02869,0.8876328461538462,0.7942881538461539,0.05337969230769231,0.3496153846153846,0.3207923076923077,0.5123364615384616,13
2023-08-12,GOOGL,0.026293555555555556,0.039123777777777785,0.9345825555555556,0.8223021111111112,-0.0133,0.16833333333333333,0.22834444444444443,0.5663402222222222,9
2023-08-13,GOOGL,0.0894532,0.0273408,0.8832058,0.7892912,0.0638576,0.183,0.22622,0.516257,5
2023-08-14,GOOGL,0.147042,0.0539115,0.7990463333333334,0.7243148333333332,0.08632916666666667,0.3325,0.27888333333333337,0.46974133333333334,6
2023-08-15,GOOGL,0.150695,0.05339338461538461,0.7959113846153846,0.7209749230769231,0.0940336923076923,0.24923076923076926,0.2993538461538462,0.4731537692307693,13
2023-08-16,GOOGL,0.09226366666666667,0.04178958333333333,0.8659466666666668,0.7773299166666666,0.048834416666666665,0.25625000000000003,0.288375,0.5047116666666667,12
2023-08-17,GOOGL,0.10550322222222222,0.04641488888888889,0.8480817777777778,0.7682823333333333,0.059888666666666666,0.23666666666666666,0.2538,0.47580544444444445,9
2023-08-18,GOOGL,0.07846511111111111,0.05467577777777778,0.8668586666666667,0.7778881111111111,0.023144444444444443,0.19499999999999998,0.22518888888888888,0.5059392222222222,9
2023-08-19,GOOGL,0.10204225,0.02732825,0.870629,0.77492125,0.07765625000000001,0.15,0.18475000000000003,0.5325657500000001,4
2023-08-20,GOOGL,0.16696566666666668,0.028531,0.8045023333333333,0.7223476666666667,0.14495833333333333,0.15,0.18933333333333335,0.505389,3
2023-08-21,GOOGL,0.139978125,0.061357875,0.798663625,0.708531125,0.07663225000000001,0.225,0.332125,0.545101375,8
2023-08-22,GOOGL,0.14835925,0.0301485625,0.8214916875,0.7414790625,0.11263893750000001,0.25406249999999997,0.32013125,0.4797705625,16
2023-08-23,GOOGL,0.0795704375,0.073401125,0.8470280625,0.7798998125,0.014820625,0.2578125,0.24234375,0.4976608125,16
2023-08-24,GOOGL,0.10528799999999999,0.028135888888888887,0.8665757777777778,0.7758411666666667,0.07688822222222222,0.24916666666666668,0.25360555555555553,0.5081081111111111,18
2023-08-25,GOOGL,0.059046799999999997,0.0351186,0.9058341999999999,0.7984676,0.022465599999999995,0.258,0.22972,0.5568806000000001,5
2023-08-26,GOOGL,0.0779792,0.0776978,0.8443225999999999,0.761969,0.006962600000000002,0.24900000000000003,0.27466,0.48380900000000004,5
2023-08-27,GOOGL,0.027456,0.099465,0.8730785,0.784628,-0.0754375,0.1725,0.26115,0.501314,2
2023-08-28,GOOGL,0.1064671,0.0734443,0.8200884,0.7421959,0.041089,0.27149999999999996,0.25481000000000004,0.4709639,10
2023-08-29,GOOGL,0.17495229166666668,0.03669879166666667,0.7883487499999999,0.7191708333333334,0.12346545833333333,0.4222916666666667,0.4648291666666666,0.4444602916666667,24
2023-08-30,GOOGL,0.19980766666666666,0.030739,0.7694527777777778,0.7240923333333333,0.15127388888888887,0.42166666666666663,0.38170000000000004,0.41567844444444446,9
2023-08-31,GOOGL,0.1350480588235294,0.049192705882352944,0.8157592352941176,0.735549,0.08056176470588236,0.2823529411764706,0.31011764705882355,0.48518594117647057,17
2023-09-01,GOOGL,0.0868960625,0.028008375,0.885095375,0.7937804375,0.0592421875,0.26625,0.2770875,0.5066216875,16
2023-09-02,GOOGL,0.1686095,0.028837250000000002,0.80255275,0.7286205,0.145075,0.19125,0.185025,0.47333425,4
2023-09-03,GOOGL,0.026713,0.026713,0.9465736666666666,0.828878,0.0,0.24500000000000002,0.22163333333333335,0.5811000000000001,3
2023-09-04,GOOGL,0.10338625,0.02867225,0.86794075,0.78498325,0.07765625000000001,0.3,0.2495,0.48581575,4
2023-09-05,GOOGL,0.0901095,0.029593666666666667,0.8802965,0.7986106666666667,0.05681666666666666,0.45,0.27299999999999996,0.4686523333333333,6
2023-09-06,GOOGL,0.11208318181818182,0.06472963636363636,0.8231867272727272,0.7452303636363635,0.04583663636363637,0.2563636363636364,0.2989818181818182,0.47106490909090915,11
2023-09-07,GOOGL,0.0785378125,0.0665841875,0.854877875,0.7630453125,0.011837,0.21187499999999998,0.2714125,0.5201280625,16
2023-09-08,GOOGL,0.0867523076923077,0.02791969230769231,0.8853276153846154,0.7900036923076924,0.05923076923076923,0.25961538461538464,0.2801923076923077,0.5247462307692308,13
2023-09-09,GOOGL,0.0625582857142857,0.02809142857142857,0.9093502857142858,0.8016302857142856,0.029574999999999997,0.34500000000000003,0.30015714285714284,0.5509865714285714,7
2023-09-10,GOOGL,0.1118276,0.028032,0.8601402,0.7680434,0.0837376,0.21600000000000003,0.30744,0.5202618,5
2023-09-11,GOOGL,0.12301492307692308,0.046057692307692306,0.8309270769230769,0.7459263076923077,0.07776884615384615,0.21807692307692308,0.2733769230769231,0.5008418461538462,13
2023-09-12,GOOGL,0.08403776923076924,0.05885238461538462,0.8571096923076923,0.7655403076923076,0.02084907692307692,0.2573076923076923,0.27671538461538464,0.5182755384615384,13
2023-09-13,GOOGL,0.07957082352941176,0.058053058823529416,0.8623758823529412,0.7787319411764706,0.028503705882352938,0.24882352941176467,0.2684235294117647,0.5087766470588235,17
2023-09-14,GOOGL,0.08369085714285715,0.0574715,0.8588376428571428,0.7724862857142857,0.026242000000000005,0.21642857142857141,0.24215714285714288,0.494811,14
2023-09-15,GOOGL,0.083971625,0.06368125,0.85234675,0.762983375,0.0221875,0.225,0.30025,0.5093561249999999,8
2023-09-16,GOOGL,0.096122,0.027456142857142856,0.8764212857142857,0.7840994285714286,0.07265,0.18214285714285713,0.19764285714285715,0.5164118571428572,7
2023-09-17,GOOGL,0.09730079999999999,0.027432,0.8752666,0.7841594000000001,0.07455,0.174,0.24516,0.512463,5
2023-09-18,GOOGL,0.06595855555555556,0.063751,0.8702902222222222,0.7791187777777778,0.002638888888888885,0.24333333333333332,0.25995555555555555,0.5071650000000001,9
2023-09-19,GOOGL,0.0449386875,0.039784625,0.9152765,0.8115393750000001,0.006637499999999999,0.2134375,0.27069375,0.5434005000000001,16
2023-09-20,GOOGL,0.08481435714285714,0.07272364285714286,0.8424616428571429,0.7608117142857144,0.013643785714285716,0.2292857142857143,0.23224285714285714,0.4830397142857143,14
2023-09-21,GOOGL,0.05608546153846154,0.08002546153846155,0.8638891538461538,0.7764376153846153,-0.02241246153846154,0.25153846153846154,0.2705230769230769,0.49983800000000006,13
2023-09-22,GOOGL,0.0856213076923077,0.052103461538461536,0.8622750769230769,0.7748807692307693,0.033646538461538464,0.2226923076923077,0.25802307692307697,0.4989088461538462,13
2023-09-23,GOOGL,0.11223766666666667,0.08902133333333333,0.798741,0.7223196666666668,0.018662333333333336,0.285,0.2719,0.48031766666666664,3
2023-09-24,GOOGL,0.043434571428571433,0.050934,0.9056312857142857,0.8003394285714286,-0.006475000000000001,0.16714285714285712,0.2161142857142857,0.5519905714285714,7
2023-09-25,GOOGL,0.189716,0.06226625,0.7480175,0.7239724166666667,0.10911358333333333,0.3383333333333333,0.3362833333333333,0.45332683333333335,12
2023-09-26,GOOGL,0.1323232,0.05414046666666667,0.8135363333333333,0.7424888000000001,0.07014726666666667,0.228,0.32985333333333333,0.4888359333333333,15
2023-09-27,GOOGL,0.0751095,0.05728905555555556,0.8676011666666666,0.7718131666666667,0.01834416666666667,0.24916666666666668,0.2569388888888889,0.5308741111111112,18
2023-09-28,GOOGL,0.11714899999999999,0.04155783333333333,0.841293,0.7613770833333334,0.0714125,0.3645833333333333,0.28520833333333334,0.4797335833333333,12
2023-09-29,GOOGL,0.054909200000000005,0.0673124,0.8777782000000001,0.7878138,-0.011658700000000003,0.21000000000000002,0.2189,0.5028399,10
2023-09-30,GOOGL,0.026590199999999998,0.026590199999999998,0.9468194000000001,0.8344619999999999,0.0,0.231,0.27554,0.56218,5
2023-10-01,GOOGL,0.11511179999999999,0.0276702,0.8572178000000001,0.7633332,0.0883818,0.16799999999999998,0.27312000000000003,0.5283138000000001,5
2023-10-02,GOOGL,0.09920828571428572,0.039436285714285715,0.8613552142857143,0.7700097857142857,0.058034357142857144,0.21321428571428572,0.21999285714285716,0.5121463571428572,14
2023-10-03,GOOGL,0.08981588888888889,0.05506411111111112,0.8551197777777778,0.7676426666666667,0.035126055555555556,0.26499999999999996,0.2745444444444444,0.5023193888888888,18
2023-10-04,GOOGL,0.06796288235294118,0.053170352941176474,0.8788665294117647,0.7923171176470588,0.016616529411764704,0.29205882352941176,0.32841764705882354,0.4909836470588235,17
2023-10-05,GOOGL,0.10301369999999999,0.0761625,0.8208236,0.7315624,0.026636699999999992,0.318,0.26711999999999997,0.5182727,10
2023-10-06,GOOGL,0.1290329090909091,0.06640563636363638,0.8045612727272726,0.7286691818181819,0.05346790909090909,0.3377272727272727,0.29664545454545455,0.4735470909090909,11
2023-10-07,GOOGL,0.054593833333333334,0.05555633333333334,0.8898495,0.8023515,-0.002941666666666671,0.305,0.25120000000000003,0.49256916666666667,6
2023-10-08,GOOGL,0.073764,0.07628700000000001,0.8499486666666667,0.765777,-0.003741666666666671,0.23,0.2532,0.495439,3
2023-10-09,GOOGL,0.13437225,0.07214683333333334,0.7934804999999999,0.7291914166666666,0.055624,0.35125,0.253175,0.4273235833333333,12
2023-10-10,GOOGL,0.11496729411764706,0.094338,0.7906947058823529,0.7420803529411765,0.019070882352941174,0.2885294117647059,0.3286882352941176,0.48169582352941176,17
2023-10-11,GOOGL,0.11917853333333334,0.04348446666666667,0.8373368666666666,0.7535228666666666,0.06722373333333334,0.3476666666666667,0.32020666666666664,0.48888566666666666,15
2023-10-12,GOOGL,0.08107266666666667,0.02753,0.891397,0.794292,0.053773555555555554,0.22999999999999998,0.27153333333333335,0.5248066666666666,9
2023-10-13,GOOGL,0.13808438095238096,0.04290519047619048,0.819010238095238,0.7622802380952381,0.08112885714285714,0.3740476190476191,0.39003333333333334,0.4641074285714286,21
2023-10-14,GOOGL,0.058320500000000004,0.065665,0.87601475,0.771499,-0.00696575,0.1725,0.23365000000000002,0.5581817499999999,4
2023-10-15,GOOGL,0.08578171428571428,0.027600000000000003,0.886618,0.7923844285714285,0.058574999999999995,0.2207142857142857,0.2529,0.5155265714285714,7
2023-10-16,GOOGL,0.1583770909090909,0.03204145454545455,0.809581090909091,0.727794,0.12531754545454546,0.2127272727272727,0.29460000000000003,0.49660736363636365,11
2023-10-17,GOOGL,0.11265860000000001,0.03637615,0.8509651500000001,0.7913379500000001,0.06389059999999999,0.27349999999999997,0.29024,0.5010535500000001,20
2023-10-18,GOOGL,0.07470984615384615,0.04104553846153846,0.8842445384615385,0.7947296153846154,0.034578846153846154,0.2734615384615385,0.30336153846153846,0.5033427692307693,13
2023-10-19,GOOGL,0.0755690909090909,0.04545627272727273,0.8789744545454545,0.7916126363636363,0.03088918181818182,0.24818181818181817,0.3012,0.49462409090909093,11
2023-10-20,GOOGL,0.09622122727272728,0.043993227272727274,0.8597851818181819,0.7809876818181819,0.04775454545454545,0.255,0.3003363636363636,0.49529040909090905,22
2023-10-21,GOOGL,0.0637788,0.0310052,0.9052158,0.8086932000000001,0.0330956,0.225,0.2185,0.5191146,5
2023-10-22,GOOGL,0.1385152,0.0281646,0.8333194,0.7543986,0.114905,0.174,0.26716,0.4796712,5
2023-10-23,GOOGL,0.0673715,0.041028214285714286,0.8916000714285713,0.7968826428571428,0.023599607142857144,0.30910714285714286,0.3333107142857143,0.5170927142857142,28
2023-10-24,GOOGL,0.14267123999999998,0.05478648,0.80254192,0.7298727599999999,0.08029523999999999,0.3258,0.322772,0.45625588,25
2023-10-25,GOOGL,0.11714097142857144,0.0944034,0.7884555714285715,0.7160508857142857,0.019978114285714287,0.36128571428571427,0.37898000000000004,0.4568046857142857,35
2023-10-26,GOOGL,0.06692089999999999,0.07502349999999999,0.8580555000000001,0.7678588000000001,-0.006405799999999998,0.2895,0.30393,0.51300365,20
2023-10-27,GOOGL,0.049557739130434784,0.08849491304347826,0.8619472608695652,0.7728148695652174,-0.03611704347826087,0.25826086956521743,0.2654173913043478,0.5040587391304348,23
2023-10-28,GOOGL,0.08742541666666666,0.042499249999999995,0.8700749999999999,0.7826109166666667,0.04577708333333333,0.2225,0.23398333333333332,0.49892800000000004,12
2023-10-29,GOOGL,0.08111233333333333,0.027349666666666664,0.8915378333333334,0.795227,0.05465833333333333,0.205,0.26303333333333334,0.5237178333333333,6
2023-10-30,GOOGL,0.12001817647058824,0.050698705882352944,0.8292829411764706,0.7428952352941177,0.06535929411764706,0.27705882352941175,0.3850823529411765,0.5142636470588234,17
2023-10-31,GOOGL,0.093177,0.051752,0.8550707,0.7677305999999999,0.03933,0.37350000000000005,0.32599,0.49840280000000003,10
2023-11-01,GOOGL,0.07220586666666667,0.04527966666666667,0.8825140666666668,0.7836417999999999,0.028299133333333334,0.219,0.21412666666666666,0.5371230666666666,15
2023-11-02,GOOGL,0.07245016666666666,0.055302416666666666,0.8722473333333333,0.7851020833333333,0.01414683333333333,0.30875,0.25580833333333336,0.4932975,12
2023-11-03,GOOGL,0.06856455555555556,0.11383511111111111,0.8176,0.7325587777777778,-0.034855555555555556,0.25333333333333335,0.2655777777777778,0.49928133333333335,9
2023-11-04,GOOGL,0.05310444444444445,0.04818088888888889,0.8987144444444445,0.8011877777777778,0.006344444444444444,0.205,0.24470000000000003,0.5268392222222222,9
2023-11-05,GOOGL,0.026250600000000002,0.0297448,0.9440044000000001,0.8327056,-0.0039938000000000005,0.183,0.28121999999999997,0.5595834,5
2023-11-06,GOOGL,0.12364271428571429,0.0285445,0.8478126428571429,0.7612722142857143,0.09019999999999999,0.26571428571428574,0.2878428571428571,0.49640628571428574,14
2023-11-07,GOOGL,0.160767,0.0296268,0.8096057999999999,0.7416028,0.13006500000000001,0.30300000000000005,0.34102,0.4431048000000001,5
2023-11-08,GOOGL,0.10839157142857143,0.059245714285714283,0.8323624285714286,0.7516662857142856,0.05363042857142857,0.22500000000000003,0.23864285714285716,0.4856425714285714,7
2023-11-09,GOOGL,0.049732,0.05542925,0.8948385,0.79139225,-0.004992125,0.15562499999999999,0.20041250000000002,0.5454060000000001,8
2023-11-10,GOOGL,0.17317975,0.14210775,0.6847125,0.62151775,0.03328425,0.39749999999999996,0.4164,0.4563235,4
2023-11-11,GOOGL,0.025918,0.025918,0.948164,0.839979,0.0,0.15,0.281,0.547,1
2023-11-12,GOOGL,0.02875933333333333,0.02875933333333333,0.942481,0.8525136666666667,0.0,0.43500000000000005,0.35956666666666665,0.4843,3
2023-11-13,GOOGL,0.0865003,0.028071000000000002,0.8854279999999999,0.7979393,0.061770000000000005,0.2625,0.24425,0.4943942,10
2023-11-14,GOOGL,0.07706733333333333,0.08459233333333332,0.8383401666666667,0.7540580833333334,-0.0007201666666666676,0.245,0.26163333333333333,0.49268908333333333,12
2023-11-15,GOOGL,0.0756178,0.0280472,0.8963348999999999,0.8014369,0.0436835,0.30300000000000005,0.29102,0.5117509,10
2023-11-16,GOOGL,0.1423945,0.0308929,0.8267124000000001,0.7653711000000001,0.1029026,0.2955,0.29047,0.4790483,10
2023-11-17,GOOGL,0.10067000000000001,0.027706799999999997,0.8716226,0.7813994,0.07455,0.20099999999999998,0.22134,0.5065228,5
2023-11-18,GOOGL,0.0992768,0.05674440000000001,0.8439783999999999,0.754159,0.04553,0.16799999999999998,0.22111999999999998,0.5188648,5
2023-11-19,GOOGL,0.07608319999999999,0.1338858,0.7900306,0.7133578,-0.04788,0.25799999999999995,0.29972000000000004,0.48770860000000005,5
2023-11-20,GOOGL,0.08471428571428571,0.027561,0.8877241428571429,0.7906795714285714,0.06070228571428571,0.2207142857142857,0.25575714285714285,0.5300921428571429,7
2023-11-21,GOOGL,0.10474871428571429,0.03962157142857143,0.8556293571428571,0.7627143571428572,0.06665892857142856,0.15964285714285714,0.24785,0.5266185,14
2023-11-22,GOOGL,0.07206009090909092,0.029279545454545454,0.8986604545454546,0.7967834545454546,0.04179045454545455,0.2509090909090909,0.27894545454545455,0.5502725454545455,11
2023-11-23,GOOGL,0.17381625,0.033339125,0.7928445,0.766229125,0.117849125,0.43875,0.43479999999999996,0.461006875,8
2023-11-24,GOOGL,0.09743787500000001,0.029884375,0.872677375,0.79444475,0.063881,0.44625,0.3386,0.46107925,8
2023-11-25,GOOGL,0.271921,0.030785,0.6972935,0.619865,0.2328375,0.21000000000000002,0.28390000000000004,0.5455675,2
2023-11-26,GOOGL,0.026406,0.026406,0.947188,0.8428615,0.0,0.21000000000000002,0.19140000000000001,0.5338,2
2023-11-27,GOOGL,0.14506477777777776,0.030759111111111112,0.8241757777777778,0.7598973333333334,0.10104833333333334,0.2833333333333333,0.3307777777777778,0.5094801111111111,9
2023-11-28,GOOGL,0.04264585714285714,0.059765428571428574,0.8975887142857143,0.8031341428571429,-0.016203571428571432,0.2871428571428571,0.2754857142857143,0.5145341428571429,7
2023-11-29,GOOGL,0.08084427272727274,0.029403181818181814,0.8897521818181818,0.7899384545454545,0.05045072727272728,0.24000000000000002,0.22841818181818183,0.5379049090909092,11
2023-11-30,GOOGL,0.12621553333333332,0.027996533333333334,0.8457874666666666,0.7578705333333333,0.1002844,0.181,0.21953999999999999,0.5080264,15
2023-12-01,GOOGL,0.09061738461538461,0.040379692307692304,0.8690026923076923,0.7756283846153846,0.05024315384615385,0.21576923076923074,0.24990000000000004,0.5207446923076924,13
2023-12-02,GOOGL,0.10002657142857142,0.048459999999999996,0.8515131428571429,0.7603444285714286,0.05192142857142857,0.18,0.20477142857142858,0.5205132857142857,7
2023-12-03,GOOGL,0.10752275,0.0278085,0.86466825,0.77147975,0.08150625,0.2025,0.2026,0.5189365,4
2023-12-04,GOOGL,0.14001457142857143,0.029386642857142858,0.8305986428571429,0.7377255714285714,0.10195164285714285,0.33749999999999997,0.31903571428571426,0.5219911428571429,14
2023-12-05,GOOGL,0.147878,0.048929099999999996,0.8031924,0.7235146,0.09705749999999999,0.264,0.27426,0.49317530000000004,10
2023-12-06,GOOGL,0.11894175,0.0292580625,0.8517998125,0.76424925,0.0889535,0.223125,0.22336250000000002,0.502154625,16
2023-12-07,GOOGL,0.13113278260869565,0.049362652173913044,0.8195043043478261,0.7423116956521739,0.07343060869565217,0.29608695652173916,0.3406695652173913,0.4697177391304348,23
2023-12-08,GOOGL,0.1864975,0.07429628571428572,0.7392059285714286,0.6858346428571428,0.09997199999999999,0.3267857142857143,0.3075357142857143,0.4322485714285714,14
2023-12-09,GOOGL,0.12325275000000001,0.02775875,0.84898825,0.76484425,0.09856875,0.15562499999999999,0.2235375,0.49253525000000004,8
2023-12-10,GOOGL,0.12976875,0.06889200000000001,0.8013392500000001,0.7200995,0.046695,0.39375000000000004,0.470125,0.48342875,4
2023-12-11,GOOGL,0.1269660769230769,0.06390538461538461,0.8091284615384615,0.7255361538461538,0.053869230769230766,0.2642307692307692,0.3175307692307693,0.4962585384615385,13
2023-12-12,GOOGL,0.08864035714285713,0.05753364285714286,0.8538258571428571,0.7635373571428571,0.02703571428571428,0.32142857142857145,0.2621428571428571,0.5074834285714286,14
2023-12-13,GOOGL,0.09907076190476191,0.05269628571428572,0.8482325238095237,0.7692343333333334,0.05167371428571429,0.2671428571428572,0.3001142857142857,0.49003966666666665,21
2023-12-14,GOOGL,0.11019778571428572,0.03088842857142857,0.8589136428571429,0.7749243571428571,0.0758415,0.3075,0.25347857142857144,0.48480564285714284,14
2023-12-15,GOOGL,0.06162573333333333,0.03949713333333334,0.8988768666666667,0.8056986666666667,0.02001453333333333,0.29,0.25526666666666664,0.5070749333333333,15
2023-12-16,GOOGL,0.08923357142857144,0.060349714285714284,0.8504164285714285,0.763764,0.031444714285714284,0.16285714285714284,0.17537142857142857,0.5001315714285715,7
2023-12-17,GOOGL,0.1781665,0.0287385,0.793094,0.722385,0.15531250000000002,0.15,0.1985,0.463131,2
2023-12-18,GOOGL,0.12360308333333332,0.06129025,0.8151065000000001,0.7379862500000001,0.05561750000000001,0.31125,0.27665833333333334,0.47038141666666666,12
2023-12-19,GOOGL,0.12824046666666666,0.050614200000000005,0.8211451333333334,0.7420255333333333,0.0776574,0.206,0.27570666666666666,0.4829015333333333,15
2023-12-20,GOOGL,0.11740788888888888,0.07335844444444445,0.8092333888888888,0.7352220555555555,0.04574633333333333,0.2766666666666666,0.24989999999999998,0.46258861111111105,18
2023-12-21,GOOGL,0.10076109090909093,0.028209363636363637,0.8710294545454546,0.7745087272727272,0.06616818181818182,0.2822727272727273,0.2777909090909091,0.5271691818181818,11
2023-12-22,GOOGL,0.14353733333333332,0.0433086,0.8131539333333334,0.7582669333333333,0.08457699999999999,0.4806666666666667,0.33376,0.4331492,15
2023-12-23,GOOGL,0.06274388888888888,0.03785955555555556,0.8993963333333332,0.803732,0.024605555555555554,0.16499999999999998,0.2149888888888889,0.517633,9
2023-12-24,GOOGL,0.0751276,0.0270812,0.8977912,0.7947462,0.050855000000000004,0.183,0.18222,0.5452782,5
2023-12-25,GOOGL,0.10534066666666668,0.02770866666666667,0.8669500000000001,0.7816313333333333,0.08283333333333333,0.19000000000000003,0.18460000000000001,0.49347,3
2023-12-26,GOOGL,0.096906125,0.0689713125,0.8341220625,0.765484125,0.034751750000000005,0.3440625,0.25666875,0.465136125,16
2023-12-27,GOOGL,0.08886013333333334,0.045254800000000005,0.865885,0.7724218,0.047154999999999996,0.26,0.24406666666666668,0.5214210666666667,15
2023-12-28,GOOGL,0.11204446666666666,0.07682593333333333,0.8111292666666666,0.7409638,0.03017973333333334,0.301,0.2776733333333333,0.481063,15
2023-12-29,GOOGL,0.11293830769230769,0.04640723076923077,0.8406542307692307,0.7612241538461538,0.06147207692307692,0.3565384615384615,0.2993,0.47510730769230763,13
2023-12-30,GOOGL,0.079409,0.08886169230769231,0.8317288461538462,0.7886091538461539,0.0011689230769230802,0.23423076923076921,0.2534846153846154,0.5150226923076923,13
2023-12-31,GOOGL,0.1464426,0.07335953333333332,0.7801975999999999,0.7095767333333334,0.07311586666666667,0.24100000000000002,0.27427333333333337,0.4632626666666667,15
2024-01-01,GOOGL,0.099939,0.027622,0.8724384285714286,0.7810684285714286,0.07313485714285714,0.19714285714285715,0.23702857142857142,0.51285,7
2024-01-02,GOOGL,0.11387473333333334,0.09181493333333333,0.7943101333333333,0.7278857999999999,0.02779666666666667,0.415,0.3017666666666666,0.43179473333333335,15
2024-01-03,GOOGL,0.11989799999999999,0.028628285714285714,0.8514737142857143,0.7664328571428571,0.08386878571428572,0.28500000000000003,0.28654285714285715,0.4888405714285714,14
2024-01-04,GOOGL,0.06105090909090909,0.047827090909090916,0.8911219090909092,0.7979025454545454,0.016045272727272727,0.22227272727272726,0.2173909090909091,0.5121143636363636,11
2024-01-05,GOOGL,0.10674736,0.05388356,0.83936888,0.7569806,0.05193504,0.2952,0.25196799999999997,0.49032623999999997,25
2024-01-06,GOOGL,0.05995628571428572,0.026685428571428572,0.913358,0.8085572857142856,0.0355,0.16714285714285712,0.17682857142857142,0.5476300000000001,7
2024-01-07,GOOGL,0.11452775,0.10990325,0.7755685,0.701956,0.009918750000000004,0.21,0.2239,0.4744715,4
2024-01-08,GOOGL,0.0909677,0.0666474,0.8423844,0.7607949,0.0327562,0.264,0.25926,0.48018700000000003,10
2024-01-09,GOOGL,0.1329628125,0.0461815625,0.8208556875,0.7479448125,0.07901687499999999,0.316875,0.31398750000000003,0.4771284375,16
2024-01-10,GOOGL,0.14695990909090909,0.028603,0.824437,0.7448891818181818,0.11909554545454547,0.21545454545454545,0.22507272727272729,0.48328845454545455,11
2024-01-11,GOOGL,0.10856676923076923,0.028345846153846152,0.8630868461538461,0.7800216153846153,0.08282884615384616,0.2676923076923077,0.2490923076923077,0.4848416923076923,13
2024-01-12,GOOGL,0.12868491666666668,0.06332033333333333,0.8079945,0.7360436666666667,0.06559941666666667,0.33,0.37011666666666665,0.44661866666666666,12
2024-01-13,GOOGL,0.0865047,0.0274251,0.8860701000000001,0.7916226,0.0604363,0.20400000000000001,0.21686,0.5189844,10
2024-01-14,GOOGL,0.10859975,0.027788125,0.863611625,0.771671625,0.084840625,0.193125,0.20878750000000001,0.519198625,8
2024-01-15,GOOGL,0.08053033333333333,0.04396255555555555,0.8755067777777777,0.7870341111111111,0.039099999999999996,0.23500000000000001,0.22434444444444443,0.5013032222222222,9
2024-01-16,GOOGL,0.04180622222222222,0.0727981111111111,0.8853952222222223,0.7949925555555555,-0.024931999999999996,0.38166666666666665,0.28865555555555555,0.4982155555555555,9
2024-01-17,GOOGL,0.09673691666666667,0.04061091666666667,0.8626520000000001,0.7799188333333333,0.052796916666666666,0.29125,0.26944166666666663,0.47841925,12
2024-01-18,GOOGL,0.0848265,0.048975875,0.866197625,0.7750915,0.03390625,0.241875,0.2528625,0.5123295,8
2024-01-19,GOOGL,0.139347,0.06059494117647059,0.8000579411764706,0.7252478823529412,0.07538352941176471,0.3317647058823529,0.32515294117647064,0.4742369411764706,17
2024-01-20,GOOGL,0.14923791666666666,0.03091758333333333,0.8198444166666666,0.7351985833333333,0.11678575000000001,0.21125000000000002,0.265575,0.5000785,12
2024-01-21,GOOGL,0.05619566666666667,0.10329683333333334,0.8405076666666668,0.7621093333333334,-0.039871,0.3775,0.30668333333333336,0.46549766666666664,6
2024-01-22,GOOGL,0.11413356250000001,0.102618875,0.7832474375,0.7071160625,0.013020500000000003,0.253125,0.28200000000000003,0.4826531875,16
2024-01-23,GOOGL,0.1384347777777778,0.030359666666666667,0.8312051111111111,0.7781384444444445,0.09423344444444444,0.24166666666666664,0.27161111111111114,0.49364444444444444,9
2024-01-24,GOOGL,0.10128178571428571,0.03518757142857143,0.8635304285714286,0.7779839285714285,0.06694285714285714,0.225,0.2532857142857143,0.4939922857142857,14
2024-01-25,GOOGL,0.11935611111111112,0.04639977777777778,0.8342438333333333,0.7501433888888889,0.07118788888888888,0.2858333333333334,0.2835722222222222,0.49917055555555556,18
2024-01-26,GOOGL,0.10820937500000001,0.05468525,0.837104875,0.7624368125,0.04840675,0.3215625,0.30745625,0.4786245,16
2024-01-27,GOOGL,0.09152633333333333,0.02773516666666667,0.8807383333333334,0.7800021666666667,0.06311666666666667,0.22999999999999998,0.21986666666666665,0.5411503333333333,6
2024-01-28,GOOGL,0.025918,0.025918,0.948164,0.839979,0.0,0.15,0.171,0.547,1
2024-01-29,GOOGL,0.09149860606060606,0.042128848484848484,0.8663724848484848,0.7735175151515151,0.04985530303030303,0.2959090909090909,0.3304575757575758,0.5197613939393939,33
2024-01-30,GOOGL,0.10815,0.030020782608695652,0.8618288260869565,0.7788920434782609,0.07534330434782609,0.3332608695652174,0.3107,0.48180352173913044,23
2024-01-31,GOOGL,0.12369706818181818,0.062492590909090914,0.8138102272727273,0.7448564318181817,0.052693386363636366,0.355,0.35945,0.49088884090909085,44
2024-02-01,GOOGL,0.11261391304347827,0.058952086956521745,0.828433695652174,0.7485851304347826,0.04921169565217391,0.28108695652173915,0.2844826086956522,0.4804368260869565,23
2024-02-02,GOOGL,0.157424,0.030071235294117645,0.8125046470588235,0.7325228235294118,0.12089188235294118,0.2373529411764706,0.28305294117647056,0.48772594117647056,17
2024-02-03,GOOGL,0.09453341176470588,0.036994882352941176,0.8684714117647059,0.782584705882353,0.059492647058823525,0.22941176470588234,0.24652941176470589,0.4938434117647059,17
2024-02-04,GOOGL,0.0475105,0.055781874999999995,0.896707375,0.806995875,-0.006490625,0.28125,0.270625,0.493688375,8
2024-02-05,GOOGL,0.10398606666666667,0.05118033333333334,0.8448334000000001,0.7657463999999999,0.051291333333333335,0.275,0.2625,0.4710505333333333,15
2024-02-06,GOOGL,0.11405788888888889,0.07278194444444444,0.81316,0.7350523333333334,0.03496116666666666,0.3005555555555556,0.33663333333333334,0.4800973333333334,18
2024-02-07,GOOGL,0.10756009090909092,0.03732790909090909,0.8551120909090909,0.7656817272727273,0.06654172727272728,0.2659090909090909,0.3240454545454545,0.505111,11
2024-02-08,GOOGL,0.09320126666666666,0.09461306666666666,0.8121855333333333,0.7377682,0.006697000000000003,0.35666666666666663,0.3186,0.4660384,15
2024-02-09,GOOGL,0.14089335714285714,0.059699714285714287,0.7994066428571429,0.7203706428571428,0.0758392857142857,0.33178571428571424,0.32352142857142857,0.4899496428571429,14
2024-02-10,GOOGL,0.0887852857142857,0.03796342857142857,0.8732509285714285,0.7789292142857143,0.048660714285714286,0.2089285714285714,0.23032142857142857,0.5196915000000001,14
2024-02-11,GOOGL,0.08590266666666667,0.055836,0.8582608333333334,0.7663838333333334,0.0338625,0.17,0.2511333333333334,0.5212908333333334,6
2024-02-12,GOOGL,0.11624835714285715,0.05868842857142857,0.8250629285714286,0.7442746428571428,0.05928664285714286,0.1907142857142857,0.23877142857142858,0.48583135714285713,14
2024-02-13,GOOGL,0.052986454545454545,0.08329854545454546,0.8637148181818183,0.7961213636363635,-0.018565727272727275,0.25363636363636366,0.27305454545454544,0.513145,11
2024-02-14,GOOGL,0.0958393846153846,0.07205238461538462,0.832108,0.7510666923076923,0.02104192307692308,0.2792307692307692,0.2914769230769231,0.48042946153846156,13
2024-02-15,GOOGL,0.0728046,0.0351756,0.8920194666666668,0.7987062666666667,0.03918253333333333,0.22,0.2218,0.5128230666666667,15
2024-02-16,GOOGL,0.11174857142857143,0.04444664285714286,0.8438043571428572,0.7623211428571429,0.06630428571428572,0.2978571428571429,0.3277,0.4856575714285714,14
2024-02-17,GOOGL,0.048757,0.04988711111111111,0.901355888888889,0.8006342222222222,-0.0019607777777777805,0.205,0.23470000000000002,0.5348812222222222,9
2024-02-18,GOOGL,0.14639775,0.07663625,0.776965625,0.701358625,0.066328875,0.3075,0.302675,0.47924325,8
2024-02-19,GOOGL,0.10949199999999999,0.028829166666666666,0.8616783333333333,0.7768681666666667,0.08082083333333333,0.32,0.2838,0.49345666666666665,6
2024-02-20,GOOGL,0.16572683333333335,0.04819316666666667,0.7860798333333333,0.7089712499999999,0.11126916666666666,0.21125000000000002,0.33140833333333336,0.4805715,12
2024-02-21,GOOGL,0.08336908333333333,0.039689666666666665,0.8769411666666667,0.7844371666666667,0.043047916666666665,0.21375,0.24934166666666668,0.51448375,12
2024-02-22,GOOGL,0.1322587857142857,0.03912142857142857,0.8286198571428571,0.7469736428571428,0.08778207142857143,0.26035714285714284,0.32030714285714285,0.48332307142857145,14
2024-02-23,GOOGL,0.09191977777777777,0.08155111111111112,0.8265290000000001,0.7424007777777777,0.00856666666666666,0.22,0.2559111111111111,0.4992876666666667,9
2024-02-24,GOOGL,0.09331346666666666,0.027346,0.8793399999999999,0.7851472666666666,0.06875166666666667,0.17200000000000001,0.22014666666666666,0.5197007333333333,15
2024-02-25,GOOGL,0.15557133333333334,0.028539666666666668,0.8158886666666666,0.7236006666666667,0.12520666666666666,0.19000000000000003,0.24626666666666666,0.5255883333333333,3
2024-02-26,GOOGL,0.11160586666666666,0.030035266666666668,0.8583585333333333,0.7702518,0.08224786666666667,0.242,0.25994666666666666,0.5060404666666667,15
2024-02-27,GOOGL,0.09161591666666667,0.029443916666666667,0.8789398333333334,0.7884895833333334,0.06340158333333333,0.24375000000000002,0.25954166666666667,0.50859075,12
2024-02-28,GOOGL,0.10298561111111111,0.05846422222222222,0.8385497222222222,0.7522901111111111,0.04724166666666667,0.215,0.21143333333333333,0.5030440555555555,18
2024-02-29,GOOGL,0.12052913333333333,0.050659800000000005,0.8288108,0.7496720666666667,0.0683556,0.253,0.27835333333333334,0.4809148,15
2024-03-01,GOOGL,0.07797953333333334,0.03749846666666667,0.8845218666666667,0.7966627333333334,0.04156666666666667,0.252,0.22401333333333331,0.4949176,15
2024-03-02,GOOGL,0.109507875,0.049727,0.840765,0.7551985,0.0535055,0.28125,0.26375000000000004,0.49987487500000005,8
2024-03-03,GOOGL,0.0275692,0.066693,0.9057378,0.810638,-0.037655,0.27,0.2338,0.5112664,5
2024-03-04,GOOGL,0.14781435294117645,0.030960411764705882,0.8212248235294117,0.764181,0.10463588235294118,0.38352941176470584,0.3618705882352941,0.4678118823529412,17
2024-03-05,GOOGL,0.06997870588235294,0.0457244705882353,0.8842965882352941,0.7902681176470588,0.021861,0.2938235294117647,0.27490000000000003,0.5162913529411766,17
2024-03-06,GOOGL,0.09221941176470588,0.05426911764705883,0.8535113529411765,0.7621129411764707,0.03888864705882353,0.18705882352941178,0.27889411764705885,0.5163418823529412,17
2024-03-07,GOOGL,0.08438142857142858,0.052094357142857144,0.8635242142857144,0.7785960714285715,0.0336895,0.34607142857142853,0.28766428571428576,0.4848400714285714,14
2024-03-08,GOOGL,0.094023,0.027554,0.8784222500000001,0.7832985,0.069890625,0.196875,0.2075625,0.526446625,8
2024-03-09,GOOGL,0.10905971428571429,0.085538,0.8054021428571428,0.7253202857142858,0.03242542857142857,0.1757142857142857,0.2533142857142857,0.4864282857142857,7
2024-03-10,GOOGL,0.1131962,0.028139199999999996,0.8586642,0.7687116,0.0861,0.24,0.2566,0.513706,5
2024-03-11,GOOGL,0.08160166666666667,0.055987916666666665,0.8624100833333334,0.7769819166666667,0.027004166666666662,0.24750000000000003,0.23331666666666664,0.494615,12
2024-03-12,GOOGL,0.09076849999999999,0.03982016666666666,0.8694110833333334,0.779133,0.052402250000000004,0.21125000000000002,0.259325,0.5099824166666667,12
2024-03-13,GOOGL,0.1216807142857143,0.029618952380952385,0.8487000476190476,0.7665151904761904,0.088497,0.2978571428571429,0.29746190476190476,0.481370380952381,21
2024-03-14,GOOGL,0.1299088,0.0382744,0.8318167333333334,0.7509936666666667,0.08623566666666665,0.249,0.23566,0.47878973333333336,15
2024-03-15,GOOGL,0.12421549999999999,0.044043900000000004,0.8317403000000001,0.7520595,0.076086,0.366,0.27393999999999996,0.48059899999999994,10
2024-03-16,GOOGL,0.097804,0.048693,0.853503,0.7673252857142857,0.04827142857142857,0.2207142857142857,0.22647142857142857,0.49781271428571433,7
2024-03-17,GOOGL,0.12629200000000002,0.028538285714285714,0.8451694285714285,0.756134142857143,0.09614500000000001,0.2592857142857143,0.2738714285714286,0.5103244285714286,7
2024-03-18,GOOGL,0.19861795238095237,0.04215357142857143,0.7592282857142857,0.7180549523809524,0.13730714285714285,0.3619047619047619,0.4078095238095238,0.4870567619047619,21
2024-03-19,GOOGL,0.15337,0.06955381818181817,0.7770759545454545,0.7123331818181818,0.07308622727272727,0.41818181818181815,0.3676363636363637,0.4615713181818182,22
2024-03-20,GOOGL,0.09956664705882354,0.08852229411764706,0.8119108235294118,0.7290982352941177,0.013167470588235294,0.2373529411764706,0.2786411764705883,0.4984148235294117,17
2024-03-21,GOOGL,0.08885109090909092,0.05898740909090909,0.8521611818181818,0.7595207272727272,0.03049772727272727,0.2365909090909091,0.30066818181818183,0.5267555,22
2024-03-22,GOOGL,0.09305109090909092,0.08392354545454546,0.8230251818181817,0.7423591818181818,0.012426000000000005,0.2672727272727273,0.2863272727272727,0.48298127272727276,11
2024-03-23,GOOGL,0.043426,0.0271874,0.9293866,0.823577,0.016071,0.27,0.2488,0.5449216,5
2024-03-24,GOOGL,0.07096025,0.02729225,0.901747,0.799543125,0.04659375,0.21,0.225775,0.543014375,8
2024-03-25,GOOGL,0.06776205882352941,0.054916,0.8773217647058823,0.7830017647058823,0.01513476470588235,0.26117647058823534,0.27144705882352943,0.5216036470588236,17
2024-03-26,GOOGL,0.10819275,0.053395625,0.83841125,0.7502236250000001,0.0599383125,0.1875,0.22062500000000002,0.5077709375,16
2024-03-27,GOOGL,0.10323778571428573,0.07170142857142857,0.8250604285714286,0.7486904285714286,0.03403157142857143,0.27749999999999997,0.28149285714285716,0.46972364285714285,14
2024-03-28,GOOGL,0.0864750769230769,0.05853707692307692,0.8549873846153846,0.7656443846153846,0.030447153846153843,0.2053846153846154,0.21521538461538461,0.5108694615384616,13
2024-03-29,GOOGL,0.05761375,0.02666775,0.9157185,0.812952,0.03250625,0.1725,0.19240000000000002,0.5382465000000001,4
2024-03-30,GOOGL,0.08140283333333333,0.051643166666666664,0.8669538333333334,0.7755205,0.029512499999999997,0.18499999999999997,0.1920666666666667,0.5145391666666667,6
2024-03-31,GOOGL,0.09598957142857142,0.027351857142857143,0.8766584285714286,0.7810174285714285,0.07265,0.1692857142857143,0.24041428571428572,0.5270974285714286,7
2024-04-01,GOOGL,0.111641875,0.046315,0.842042875,0.7553228750000001,0.063485,0.223125,0.2764875,0.5037625,8
2024-04-02,GOOGL,0.09980944444444445,0.06789416666666666,0.8322961666666667,0.7509238888888888,0.03714866666666667,0.25666666666666665,0.2694888888888889,0.48563333333333336,18
2024-04-03,GOOGL,0.14516572727272728,0.042005999999999995,0.812828090909091,0.7482780000000001,0.09357700000000001,0.2563636363636364,0.30261818181818184,0.48705618181818183,11
2024-04-04,GOOGL,0.06686411111111111,0.044942555555555555,0.8881929999999999,0.7917018888888889,0.021891666666666663,0.36333333333333334,0.2946444444444445,0.5251402222222222,9
2024-04-05,GOOGL,0.14747727272727273,0.07193363636363635,0.7805888181818182,0.727016,0.06481709090909091,0.4268181818181818,0.3487545454545455,0.4527091818181818,11
2024-04-06,GOOGL,0.08743000000000001,0.027372,0.885198,0.787341,0.06356875000000001,0.19125,0.25377500000000003,0.53109775,4
2024-04-07,GOOGL,0.0459145,0.0265065,0.9275786666666667,0.8210208333333333,0.020708333333333332,0.1775,0.19868333333333332,0.5481008333333334,6
2024-04-08,GOOGL,0.11111199999999999,0.0438418,0.8450459,0.7621375,0.061572499999999995,0.3585,0.28789,0.49008640000000003,10
2024-04-09,GOOGL,0.21193733333333334,0.04267008333333333,0.7453925,0.7207943333333334,0.14331075000000001,0.35625,0.42654166666666665,0.45344108333333333,12
2024-04-10,GOOGL,0.22049014285714286,0.07084642857142857,0.7086632857142857,0.7343313333333333,0.11304633333333333,0.4004761904761905,0.4144952380952381,0.43178814285714284,21
2024-04-11,GOOGL,0.10756846153846154,0.02819984615384615,0.8642317692307693,0.7718935384615384,0.0761306923076923,0.26076923076923075,0.3302,0.5153664615384616,13
2024-04-12,GOOGL,0.08776600000000001,0.028446833333333334,0.8837871666666667,0.7985276666666667,0.059715833333333336,0.3175,0.2587833333333333,0.48707016666666664,6
2024-04-13,GOOGL,0.10423125000000001,0.02768325,0.8680855000000001,0.77765725,0.0791,0.19125,0.253775,0.50896075,4
2024-04-14,GOOGL,0.06806,0.026798666666666665,0.9051416666666666,0.7934923333333334,0.04334166666666667,0.165,0.24943333333333337,0.5752953333333334,3
2024-04-15,GOOGL,0.1308795,0.07824033333333334,0.7908797499999999,0.7181025,0.05724041666666666,0.33375,0.35014166666666663,0.469447,12
2024-04-16,GOOGL,0.147623,0.059616,0.7927607142857143,0.7372130714285714,0.07527507142857141,0.27749999999999997,0.3379214285714286,0.4786035714285714,14
2024-04-17,GOOGL,0.060373500000000004,0.02885542857142857,0.9107707142857143,0.8138001428571429,0.030903999999999997,0.2625,0.2813928571428571,0.5197357142857143,14
2024-04-18,GOOGL,0.11167118749999999,0.063681875,0.8246465625,0.74433,0.049844562499999995,0.22125,0.2721,0.4871808125,16
2024-04-19,GOOGL,0.07808141666666667,0.07401683333333332,0.8479016666666667,0.7560305833333333,0.0007562500000000046,0.28125,0.28770833333333334,0.5158725833333334,12
2024-04-20,GOOGL,0.08743000000000001,0.027372,0.885198,0.79174275,0.06356875000000001,0.19125,0.240025,0.51734775,4
2024-04-21,GOOGL,0.04905781818181818,0.040306,0.9106360909090909,0.8039365454545454,0.007948272727272727,0.2290909090909091,0.2797090909090909,0.5554948181818182,11
2024-04-22,GOOGL,0.09582393333333333,0.09060696666666666,0.813569,0.7357973333333334,0.004490233333333333,0.2955,0.33930333333333335,0.4860447,30
2024-04-23,GOOGL,0.06767838888888889,0.028904111111111113,0.9034173333333333,0.8083553333333333,0.03933227777777778,0.2916666666666667,0.29055555555555557,0.5147847222222223,18
2024-04-24,GOOGL,0.12260099999999999,0.04671130769230769,0.8306876923076923,0.7483330769230769,0.07037838461538462,0.29538461538461536,0.34196923076923075,0.4904728461538462,13
2024-04-25,GOOGL,0.13429123529411763,0.052514882352941175,0.8131936470588235,0.7266213529411765,0.07445041176470589,0.35382352941176476,0.40588823529411766,0.5136694705882353,17
2024-04-26,GOOGL,0.2386235652173913,0.03719030434782609,0.724186,0.6984182608695653,0.1728431304347826,0.43543478260869567,0.4576130434782609,0.4442261739130435,23
2024-04-27,GOOGL,0.064115375,0.026758375,0.909125875,0.807487125,0.038828125000000005,0.166875,0.20423750000000002,0.5360702500000001,8
2024-04-28,GOOGL,0.07179125,0.081073875,0.8471345,0.757806,-0.005229625000000002,0.2025,0.2026,0.51667975,8
2024-04-29,GOOGL,0.09577502857142857,0.0517996,0.8524250571428571,0.7747974857142857,0.042976571428571426,0.3132857142857143,0.2832314285714286,0.48215977142857147,35
2024-04-30,GOOGL,0.11634233333333333,0.045703125000000004,0.8379544583333334,0.7548089583333333,0.06770425000000001,0.265,0.30135,0.48974129166666663,24
2024-05-01,GOOGL,0.1499544347826087,0.03534978260869565,0.8146955217391304,0.734137347826087,0.1085958695652174,0.2647826086956522,0.30676521739130436,0.48785773913043473,23
2024-05-02,GOOGL,0.1350542142857143,0.05121214285714286,0.8137336428571428,0.7386562142857143,0.08033007142857142,0.2710714285714286,0.30037857142857144,0.467882,14
2024-05-03,GOOGL,0.155271125,0.028726,0.81600225,0.728999,0.12788125,0.21,0.26265,0.51974425,8
2024-05-04,GOOGL,0.1298695,0.028455,0.8416757500000001,0.75790775,0.098525,0.24,0.24785000000000001,0.48774649999999997,4
2024-05-05,GOOGL,0.08496491666666667,0.027495333333333333,0.88753925,0.7941644166666667,0.059514583333333336,0.21375,0.23850833333333332,0.5145870833333334,12
2024-05-06,GOOGL,0.12905983333333335,0.068942,0.801998,0.7393689444444445,0.06270294444444444,0.3125,0.30319444444444443,0.4665665,18
2024-05-07,GOOGL,0.09637664285714286,0.08786964285714285,0.8157533571428571,0.7367239999999999,0.010399071428571426,0.21642857142857141,0.2921571428571429,0.4812214285714286,14
2024-05-08,GOOGL,0.14255985714285715,0.07389357142857143,0.7835462142857142,0.7198180714285715,0.06782935714285714,0.2871428571428571,0.31227142857142853,0.4628935714285714,14
2024-05-09,GOOGL,0.17368783333333335,0.051140083333333336,0.7751718333333333,0.70357675,0.10565425,0.24375,0.3287083333333333,0.5319729166666667,12
2024-05-10,GOOGL,0.0927924,0.0474512,0.8597562,0.7752614,0.04428873333333334,0.26,0.2660666666666667,0.4884600666666667,15
2024-05-11,GOOGL,0.1645044,0.0286532,0.806842,0.7262565999999999,0.141295,0.177,0.21318,0.4977606,5
2024-05-12,GOOGL,0.0545588,0.027268999999999998,0.9181718,0.8171226,0.02793,0.255,0.25070000000000003,0.5308178,5
2024-05-13,GOOGL,0.1487397,0.031097600000000003,0.8201626,0.7428697,0.1124366,0.255,0.2987,0.47166009999999997,10
2024-05-14,GOOGL,0.12997983333333332,0.029870055555555552,0.8401496666666666,0.7592178333333334,0.09372794444444445,0.2947222222222222,0.31603888888888887,0.47907194444444445,18
2024-05-15,GOOGL,0.12194407692307692,0.10903053846153846,0.7690248461538461,0.701692923076923,0.02111930769230769,0.32076923076923075,0.3225230769230769,0.464022,13
2024-05-16,GOOGL,0.1362585625,0.029092125,0.834649125,0.75381475,0.101768,0.309375,0.2655,0.4776078125,16
2024-05-17,GOOGL,0.14428982352941175,0.029170529411764706,0.8265394705882353,0.7482707647058824,0.11243029411764706,0.2858823529411765,0.30925882352941175,0.4790405294117647,17
2024-05-18,GOOGL,0.1244416,0.027955200000000003,0.8476028,0.7647482,0.0979172,0.183,0.25222,0.4868646,5
2024-05-19,GOOGL,0.09538066666666667,0.027574416666666667,0.8770446666666666,0.78255,0.06920375,0.1975,0.2684,0.5220966666666667,12
2024-05-20,GOOGL,0.103271375,0.028727875,0.868000625,0.7818915,0.075665625,0.3075,0.2383,0.49211550000000004,8
2024-05-21,GOOGL,0.16152233333333335,0.029390733333333332,0.8090866666666667,0.7298969999999999,0.12422046666666667,0.289,0.33126000000000005,0.4795011333333334,15
2024-05-22,GOOGL,0.186124875,0.0294485625,0.784426125,0.722579875,0.1464290625,0.26437499999999997,0.35457500000000003,0.4626068125,16
2024-05-23,GOOGL,0.08378835294117647,0.06719394117647058,0.8490175294117648,0.7612935882352941,0.01816770588235294,0.1923529411764706,0.27098823529411764,0.5055606470588235,17
2024-05-24,GOOGL,0.0942067,0.0420137,0.8637792000000001,0.7710005,0.0531604,0.174,0.25266,0.5187189,10
2024-05-25,GOOGL,0.0882735,0.027467333333333333,0.884259,0.786749,0.059470833333333334,0.21,0.2647333333333333,0.5291858333333334,6
2024-05-26,GOOGL,0.122029,0.02805,0.84992075,0.76405675,0.09342375,0.2025,0.2901,0.49875125000000003,4
2024-05-27,GOOGL,0.1378276,0.0941942,0.767978,0.6922904,0.045168,0.246,0.25564,0.48031120000000005,5
2024-05-28,GOOGL,0.1283967777777778,0.03674305555555555,0.8348600555555555,0.7548160555555555,0.08818577777777778,0.26416666666666666,0.27731666666666666,0.4774328333333333,18
2024-05-29,GOOGL,0.187513625,0.030276874999999998,0.7822089999999999,0.7320045,0.142684,0.35250000000000004,0.3136,0.459260875,8
2024-05-30,GOOGL,0.1379971875,0.047118125,0.81488425,0.7306644375,0.08771562499999999,0.2559375,0.30920625,0.50408425,16
2024-05-31,GOOGL,0.11887307142857143,0.02980985714285714,0.8513166428571429,0.7641527857142857,0.08781735714285713,0.2592857142857143,0.31172857142857147,0.5014953571428571,14
2024-06-01,GOOGL,0.056094,0.026982,0.9169235,0.804824,0.0310625,0.21375,0.233925,0.57120125,4
2024-06-02,GOOGL,0.10760866666666667,0.027531333333333335,0.8648600000000001,0.7689050000000001,0.08475833333333334,0.165,0.2494333333333333,0.534597,6
2024-06-03,GOOGL,0.088408,0.028227125,0.8833645625,0.7939440625,0.0604625,0.2775,0.2856,0.50005025,16
2024-06-04,GOOGL,0.15042458333333333,0.040266083333333334,0.80930875,0.735863,0.10348641666666668,0.26375,0.29384166666666667,0.4574960833333333,12
2024-06-05,GOOGL,0.14566636363636365,0.10561490909090909,0.7487185454545454,0.7246235454545454,0.04367000000000001,0.27954545454545454,0.29550000000000004,0.459746,11
2024-06-06,GOOGL,0.193054,0.030015666666666663,0.7769301111111111,0.7620837777777778,0.14225555555555555,0.3466666666666667,0.3667555555555555,0.44383344444444445,9
2024-06-07,GOOGL,0.1426258,0.06164753333333333,0.7957264666666667,0.7245200666666667,0.07984426666666668,0.27899999999999997,0.28619333333333336,0.4673564666666667,15
2024-06-08,GOOGL,0.09295233333333335,0.08207733333333334,0.8249703333333334,0.7418336666666666,0.008064666666666664,0.165,0.2127666666666667,0.49617500000000003,3
2024-06-09,GOOGL,0.11075499999999999,0.02795866666666667,0.8612863333333333,0.7752786666666666,0.077525,0.22999999999999998,0.25320000000000004,0.48753666666666673,3
2024-06-10,GOOGL,0.0992965,0.0423503125,0.8583528125,0.7670395,0.057076625,0.2259375,0.28181875,0.5151338125,16
2024-06-11,GOOGL,0.16854934782608694,0.04430352173913043,0.7871468260869565,0.7094684782608696,0.11567282608695652,0.31217391304347825,0.4130956521739131,0.4850740869565217,23
2024-06-12,GOOGL,0.14399026666666667,0.030092666666666667,0.8259170666666668,0.7430086666666667,0.1110404,0.261,0.35607333333333335,0.49418046666666665,15
2024-06-13,GOOGL,0.15766914285714284,0.02931257142857143,0.8130178571428572,0.7394697857142857,0.12749749999999999,0.26999999999999996,0.29322857142857145,0.46353700000000003,14
2024-06-14,GOOGL,0.0969735,0.029008375,0.8740177499999999,0.7930373749999999,0.068709375,0.345,0.28105,0.473872,8
2024-06-15,GOOGL,0.02659775,0.06260225,0.9108,0.80846375,-0.03771875,0.15,0.18475000000000003,0.540382,4
2024-06-16,GOOGL,0.13452820000000001,0.0284444,0.8370272,0.7470464,0.1045568,0.231,0.30154000000000003,0.5167194,5
2024-06-17,GOOGL,0.12628221428571426,0.0286825,0.845035,0.7630574285714287,0.09305171428571428,0.28285714285714286,0.27152857142857145,0.47930921428571427,14
2024-06-18,GOOGL,0.12136826315789474,0.03760405263157895,0.8410274736842105,0.7575293157894737,0.08203552631578948,0.25894736842105265,0.26830526315789477,0.4893565789473684,19
2024-06-19,GOOGL,0.12233475,0.0423865,0.8352783125,0.7525470625,0.08219243749999999,0.1725,0.243025,0.4927025625,16
2024-06-20,GOOGL,0.07405838461538462,0.038989615384615386,0.886951923076923,0.7939369999999999,0.031821153846153846,0.26884615384615385,0.22986923076923077,0.5080593076923077,13
2024-06-21,GOOGL,0.10870354545454547,0.035785000000000004,0.855511,0.7687722727272728,0.07245109090909091,0.25636363636363635,0.28761818181818183,0.5008872727272727,11
2024-06-22,GOOGL,0.026406,0.026406,0.947188,0.8350390000000001,0.0,0.21000000000000002,0.23265,0.5613,4
2024-06-23,GOOGL,0.220008,0.029693333333333335,0.750298,0.6811323333333332,0.19215000000000002,0.18000000000000002,0.25453333333333333,0.473306,3
2024-06-24,GOOGL,0.123268875,0.095361,0.78136975,0.713655375,0.0281925,0.328125,0.2846875,0.447347,8
2024-06-25,GOOGL,0.0979306,0.0445645,0.8575047,0.7754083,0.050151299999999996,0.30300000000000005,0.27652,0.4795261,10
2024-06-26,GOOGL,0.10714792307692307,0.0602543076923077,0.8325975384615384,0.7504923076923077,0.04276738461538462,0.36576923076923074,0.3547461538461538,0.48323084615384615,13
2024-06-27,GOOGL,0.05141422222222222,0.026429333333333332,0.9221563333333334,0.8166522222222222,0.024849999999999997,0.155,0.19936666666666666,0.5447032222222222,9
2024-06-28,GOOGL,0.15325544444444444,0.09612933333333333,0.7506148888888888,0.6953431111111111,0.05035388888888889,0.24000000000000002,0.2916,0.447279,9
2024-06-29,GOOGL,0.06928133333333333,0.030043666666666666,0.9006746666666667,0.7969006666666667,0.040655166666666666,0.1975,0.22381666666666666,0.5476685,6
2024-06-30,GOOGL,0.0870758,0.057013,0.8559104,0.763562,0.028764999999999995,0.24,0.2566,0.523078,5
2024-07-01,GOOGL,0.10479686666666668,0.06685346666666667,0.8283494666666668,0.7487436,0.03781453333333333,0.27799999999999997,0.27952,0.48354193333333334,15
2024-07-02,GOOGL,0.09166192307692309,0.05079676923076923,0.857541,0.7693643846153846,0.03880946153846154,0.2734615384615385,0.3133615384615384,0.5034283076923077,13
2024-07-03,GOOGL,0.13818786666666666,0.030330133333333332,0.8314818,0.7519177333333334,0.10350073333333333,0.306,0.3147066666666667,0.48101853333333333,15
2024-07-04,GOOGL,0.23893550000000002,0.032222299999999995,0.7288419,0.6911175,0.18806810000000002,0.288,0.33792,0.469496,10
2024-07-05,GOOGL,0.20317821428571428,0.03351057142857143,0.7633107142857144,0.7115377857142857,0.15363614285714286,0.3567857142857143,0.3148785714285714,0.44629357142857146,14
2024-07-06,GOOGL,0.12031757142857144,0.02802242857142857,0.8516597142857142,0.7516018571428571,0.092517,0.19714285714285712,0.2556,0.5495265714285714,7
2024-07-07,GOOGL,0.19311240000000002,0.0300334,0.7768536,0.6957836000000001,0.15669499999999997,0.30300000000000005,0.39202,0.5057248000000001,5
2024-07-08,GOOGL,0.1561603,0.0409018,0.8029377,0.7183593,0.11194330000000001,0.25949999999999995,0.28573,0.5148018999999999,10
2024-07-09,GOOGL,0.1742274,0.0584994,0.767273,0.6948394,0.1089452,0.312,0.35208,0.4763699,10
2024-07-10,GOOGL,0.1049226842105263,0.10443284210526316,0.7906442631578947,0.7141387368421053,0.0025364210526315767,0.2692105263157895,0.33547894736842104,0.48666242105263163,19
2024-07-11,GOOGL,0.07345933333333333,0.051835,0.8747055833333333,0.7842525,0.021420916666666664,0.23124999999999998,0.299875,0.5085338333333334,12
2024-07-12,GOOGL,0.14608306666666668,0.07094286666666667,0.7829741333333333,0.7099288,0.06584413333333333,0.266,0.2891066666666667,0.46756386666666666,15
2024-07-13,GOOGL,0.15862083333333335,0.048213000000000006,0.7931659999999999,0.7085965000000001,0.11198033333333333,0.18500000000000003,0.3554,0.5214513333333334,6
2024-07-14,GOOGL,0.153134,0.034316400000000004,0.8125492,0.726398,0.11320559999999999,0.375,0.3615,0.5193206,5
2024-07-15,GOOGL,0.11179623076923077,0.05771484615384616,0.8304888461538462,0.7434186153846155,0.054824615384615374,0.2469230769230769,0.2804923076923077,0.5118940769230769,13
2024-07-16,GOOGL,0.15844722222222224,0.11323288888888888,0.7283198888888889,0.740075,0.04763622222222222,0.4766666666666667,0.4315111111111111,0.448922,9
2024-07-17,GOOGL,0.11026941176470588,0.048621647058823526,0.8411086470588236,0.7600813529411765,0.057949588235294114,0.3185294117647059,0.3688882352941177,0.4803619411764706,17
2024-07-18,GOOGL,0.11544800000000001,0.036374500000000004,0.8481777500000001,0.75456475,0.07148175,0.25125000000000003,0.394175,0.5184040000000001,4
2024-07-19,GOOGL,0.13200458333333334,0.049617749999999995,0.8183775833333334,0.7477811666666666,0.07218975,0.3175,0.3308666666666667,0.47531799999999996,12
2024-07-20,GOOGL,0.179588,0.05752622222222222,0.7628857777777778,0.6895971111111111,0.11561866666666666,0.2466666666666667,0.4083111111111111,0.4807093333333333,9
2024-07-21,GOOGL,0.09724192307692309,0.05788184615384616,0.844876076923077,0.7516039999999999,0.04008630769230769,0.23076923076923078,0.28192307692307694,0.52805,13
2024-07-22,GOOGL,0.14867817647058823,0.09824605882352941,0.7530753529411766,0.6967345882352941,0.053208470588235295,0.3079411764705883,0.29293529411764707,0.4634173529411765,17
2024-07-23,GOOGL,0.15266525714285714,0.0649581142857143,0.7823764571428571,0.7073321714285714,0.07856477142857142,0.3098571428571429,0.37192285714285717,0.4736016,35
2024-07-24,GOOGL,0.10198086666666667,0.06985386666666667,0.8281651333333334,0.7523928333333333,0.032970000000000006,0.338,0.36692,0.4640829666666667,30
2024-07-25,GOOGL,0.27454566666666663,0.03286833333333333,0.6925866666666667,0.6444376666666667,0.21338333333333334,0.48500000000000004,0.5182333333333333,0.3777683333333333,3
2024-07-26,GOOGL,0.152457875,0.03219025,0.815351875,0.735272625,0.105627625,0.39,0.404475,0.477667125,8
2024-07-27,GOOGL,0.06546666666666666,0.026650666666666666,0.9078823333333333,0.8046293333333333,0.041416666666666664,0.15,0.29933333333333334,0.5429683333333334,3
2024-07-28,GOOGL,0.08325366666666667,0.11277783333333334,0.8039686666666667,0.7231903333333333,-0.029457333333333335,0.245,0.39080000000000004,0.4911081666666666,6
2024-07-29,GOOGL,0.13644536363636364,0.045841454545454546,0.8177131818181818,0.7258239090909091,0.08655418181818181,0.2468181818181818,0.32937272727272726,0.5303510909090909,11
2024-07-30,GOOGL,0.19334725,0.048194375000000005,0.758458125,0.685953625,0.13857287499999998,0.275625,0.39058750000000003,0.47916525,8
2024-07-31,GOOGL,0.0661451,0.0556476,0.8782072,0.7895149,0.013296800000000003,0.354,0.40236,0.5003328,10
2024-08-01,GOOGL,0.2415773333333333,0.030453333333333332,0.7279686666666666,0.6601653333333334,0.20699566666666666,0.23,0.44320000000000004,0.4726223333333333,3
2024-08-02,GOOGL,0.1028965,0.107707625,0.789395875,0.713528875,-0.009201500000000008,0.195,0.31067500000000003,0.48210575,8
2024-08-03,GOOGL,0.075506,0.07639566666666667,0.8480979999999999,0.750056,-0.0008453333333333368,0.22999999999999998,0.3515333333333333,0.548875,3
2024-08-04,GOOGL,0.09138316666666667,0.13113333333333335,0.7774833333333334,0.6953105,-0.03682183333333334,0.2775,0.42268333333333336,0.5151326666666667,6
2024-08-05,GOOGL,0.231438,0.03357514285714286,0.7349867142857143,0.7340305714285714,0.16937200000000002,0.3192857142857143,0.33927142857142856,0.46832514285714283,7
2024-08-06,GOOGL,0.19333883333333332,0.03285066666666667,0.7738103333333334,0.6989991666666667,0.14610433333333334,0.3075,0.33205,0.4791455,6
2024-08-07,GOOGL,0.14470475,0.029096,0.826199,0.74241725,0.11144,0.30000000000000004,0.33699999999999997,0.4950725,4
2024-08-08,GOOGL,0.12960575,0.02843525,0.8419585,0.7540865,0.09896250000000001,0.2325,0.34155,0.50291025,4
2024-08-09,GOOGL,0.026627,0.038324,0.9350495000000001,0.795437,-0.0133125,0.21000000000000002,0.25639999999999996,0.664111,2
2024-08-10,GOOGL,0.2908088,0.0319814,0.6772094,0.623714,0.23996940000000003,0.34500000000000003,0.3263,0.42951639999999996,5
2024-08-11,GOOGL,0.14089970000000002,0.11104660000000002,0.7480532,0.6778392999999999,0.0384181,0.27,0.3223,0.519753,10
2024-08-12,GOOGL,0.1356665,0.02822825,0.8361045,0.75118275,0.113125,0.19125,0.272525,0.5043375,4
2024-08-13,GOOGL,0.14734957142857144,0.028620857142857142,0.8240295714285715,0.7366828571428572,0.11843714285714287,0.2207142857142857,0.29504285714285716,0.5146297142857142,7
2024-08-14,GOOGL,0.05672677777777778,0.11705811111111111,0.8262148888888889,0.7411195555555555,-0.053197999999999995,0.23500000000000001,0.20601111111111112,0.49846066666666666,9
2024-08-15,GOOGL,0.1399626,0.0289742,0.831063,0.7534828,0.1075828,0.288,0.32492,0.46954519999999994,5
2024-08-16,GOOGL,0.09922033333333334,0.03483266666666667,0.8659468333333334,0.7754181666666667,0.06384033333333333,0.325,0.3105,0.5131315,6
2024-08-17,GOOGL,0.08936099999999998,0.04454233333333333,0.8660964999999999,0.7756693333333334,0.0423625,0.25,0.25416666666666665,0.5104541666666667,6
2024-08-18,GOOGL,0.172241,0.029908857142857143,0.7978494285714286,0.717411,0.1384142857142857,0.30642857142857144,0.3449,0.5006991428571429,7
2024-08-19,GOOGL,0.10051025,0.03446275,0.86502675,0.77301775,0.05830775,0.41250000000000003,0.384,0.506704,4
2024-08-20,GOOGL,0.1724416,0.0833204,0.744238,0.6806178,0.071885,0.375,0.4465,0.43949819999999995,5
2024-08-21,GOOGL,0.15340775,0.028610875,0.817981,0.7268225,0.124007,0.19125,0.3944,0.532836125,8
2024-08-22,GOOGL,0.1594665,0.029002375,0.811530875,0.718690375,0.12570937499999998,0.230625,0.36903749999999996,0.5301295,8
2024-08-23,GOOGL,0.17876266666666665,0.029489666666666664,0.7917478333333333,0.718803,0.14382799999999998,0.2525,0.33168333333333333,0.4651161666666667,6
2024-08-24,GOOGL,0.15410449999999998,0.0792185,0.766677,0.693549,0.0630375,0.27,0.44179999999999997,0.48405,2
2024-08-25,GOOGL,0.123809,0.03158,0.844611,0.77305,0.087615,0.63,0.5742,0.449088,1
2024-08-26,GOOGL,0.20196677777777777,0.031761444444444446,0.7662713333333334,0.6923997777777777,0.16393255555555555,0.25333333333333335,0.3800222222222222,0.4761246666666666,9
2024-08-27,GOOGL,0.1008022,0.05664260000000001,0.8425547999999999,0.7460798000000001,0.044375000000000005,0.15,0.30300000000000005,0.5454488,5
2024-08-28,GOOGL,0.134176125,0.207254,0.6585695,0.718225,-0.026589124999999998,0.28500000000000003,0.382525,0.46339425,8
2024-08-29,GOOGL,0.076279,0.18254825,0.7411725,0.72078025,-0.07840925,0.33,0.36595,0.47086275,4
2024-08-30,GOOGL,0.136628,0.11981744444444445,0.7435543333333333,0.7295127777777778,0.03033577777777777,0.30833333333333335,0.3865,0.4554362222222223,9
2024-08-31,GOOGL,0.1878745,0.05482075,0.75730475,0.689178,0.12619375,0.27375,0.333075,0.46412549999999997,4
2024-09-01,GOOGL,0.187272,0.037319,0.7754093333333333,0.693435,0.1432,0.23,0.3398666666666667,0.5158203333333334,3
2024-09-02,GOOGL,0.1741285,0.028996499999999998,0.7968743333333334,0.718916,0.148979,0.1975,0.28881666666666667,0.49276800000000004,6
2024-09-03,GOOGL,0.15304728571428572,0.061408000000000004,0.7855442857142857,0.6962842857142857,0.0962597142857143,0.23142857142857146,0.31225714285714284,0.5394578571428571,7
2024-09-04,GOOGL,0.1401288,0.0447088,0.8151617999999999,0.7249088,0.0927686,0.20700000000000002,0.40738,0.5314688000000001,5
2024-09-05,GOOGL,0.028627833333333335,0.1347015,0.8366708333333334,0.7435273333333333,-0.10461150000000001,0.2575,0.26005,0.5310265,6
2024-09-06,GOOGL,0.12569716666666667,0.14102166666666666,0.733281,0.6580501666666666,-0.013968500000000009,0.22999999999999998,0.37986666666666663,0.5030178333333334,6
2024-09-07,GOOGL,0.24845766666666666,0.031947666666666666,0.7195943333333333,0.6467786666666667,0.2016,0.43,0.3828666666666667,0.5048693333333333,3
2024-09-08,GOOGL,0.09776299999999999,0.1314305,0.7708065,0.6808435,-0.0328715,0.21000000000000002,0.25639999999999996,0.5506385,2
2024-09-09,GOOGL,0.111350375,0.077711125,0.810938,0.7227527499999999,0.039397999999999996,0.2025,0.36135,0.520939875,8
2024-09-10,GOOGL,0.119989625,0.113974,0.76603625,0.6884755,0.0029333750000000054,0.226875,0.2846375,0.48805587500000003,8
2024-09-11,GOOGL,0.1410041111111111,0.030439444444444446,0.8285562222222222,0.7328753333333333,0.11217144444444443,0.2,0.3291111111111111,0.5463645555555555,9
2024-09-12,GOOGL,0.08368042857142857,0.05048557142857143,0.8658338571428572,0.7717681428571429,0.03366157142857142,0.15,0.24742857142857147,0.5260355714285715,7
2024-09-13,GOOGL,0.18598900000000002,0.0796085,0.7344021,0.6796877,0.1045539,0.30300000000000005,0.33002,0.4689101,10
2024-09-14,GOOGL,0.0477986,0.0267822,0.9254192,0.8024979999999999,0.02343,0.20700000000000002,0.25338000000000005,0.609808,5
2024-09-15,GOOGL,0.07962775,0.06885625000000001,0.85151575,0.74425825,0.011748500000000002,0.21,0.4214,0.59192725,4
2024-09-16,GOOGL,0.145597,0.04657999999999999,0.8078225,0.7277215,0.09584,0.2525,0.33168333333333333,0.48930199999999996,6
2024-09-17,GOOGL,0.15743349999999998,0.02874866666666667,0.8138175,0.7350793333333333,0.12780833333333333,0.21,0.29556666666666664,0.483117,6
2024-09-18,GOOGL,0.08089957142857143,0.04425814285714286,0.8748422857142858,0.768482,0.03810514285714285,0.20785714285714288,0.3249571428571429,0.5727537142857143,7
2024-09-19,GOOGL,0.10924533333333335,0.06007016666666667,0.83068425,0.7468635833333334,0.046450083333333336,0.2625,0.30258333333333337,0.4947759166666667,12
2024-09-20,GOOGL,0.1302964,0.028043400000000003,0.8416598000000001,0.7517956,0.10224,0.174,0.22016,0.5195104,5
2024-09-21,GOOGL,0.22767700000000002,0.0311085,0.7412145,0.6781505,0.1894815,0.375,0.385,0.45018,2
2024-09-22,GOOGL,0.02663966666666667,0.02663966666666667,0.9467203333333334,0.833565,0.0,0.23500000000000001,0.1999,0.5649666666666667,3
2024-09-23,GOOGL,0.1258936,0.028898800000000002,0.8452078000000001,0.7490676000000001,0.09286459999999999,0.315,0.3741,0.5375532,5
2024-09-24,GOOGL,0.17663242857142855,0.028911285714285712,0.794456,0.7191642857142858,0.14847314285714286,0.1842857142857143,0.41122857142857144,0.474996,7
2024-09-25,GOOGL,0.15963283333333333,0.09458533333333334,0.7457815,0.6814874999999999,0.07398,0.21,0.3847333333333333,0.4425168333333333,6
2024-09-26,GOOGL,0.098466625,0.092292625,0.80924,0.742658375,0.021158,0.23062500000000002,0.2584125,0.48802049999999997,8
2024-09-27,GOOGL,0.0807996,0.0601386,0.8590617999999999,0.7599772,0.019872599999999997,0.27,0.4548,0.5514044,5
2024-09-28,GOOGL,0.15160125,0.02851025,0.81988825,0.729768,0.12448624999999999,0.19125,0.286275,0.5257025,4
2024-09-29,GOOGL,0.165286,0.22692050000000002,0.6077935,0.569285,-0.04376250000000001,0.33,0.3347,0.37703,2
2024-09-30,GOOGL,0.134401,0.26902125,0.5965775,0.6545639999999999,-0.089887,0.5700000000000001,0.6813,0.32240875,4
2024-10-01,GOOGL,0.23539500000000002,0.029913500000000003,0.734691,0.6640395,0.2014375,0.1725,0.46365,0.4882735,2
2024-10-02,GOOGL,0.1642687142857143,0.02899685714285714,0.806734,0.7270984285714286,0.134458,0.21857142857142858,0.33645714285714284,0.49073557142857144,7
2024-10-03,GOOGL,0.06033825,0.1318935,0.8077685,0.7236042500000001,-0.06832025,0.22125,0.22772499999999998,0.5134879999999999,4
2024-10-04,GOOGL,0.07265125,0.02704925,0.900299,0.79760225,0.04659375,0.18375,0.29247500000000004,0.54191425,4
2024-10-05,GOOGL,0.28224266666666664,0.03261733333333333,0.68514,0.6295926666666667,0.228591,0.45999999999999996,0.5580666666666666,0.42869433333333334,3
2024-10-06,GOOGL,0.285203,0.030722,0.684075,0.622274,0.2485,0.15,0.301,0.46781,1
2024-10-07,GOOGL,0.09467616666666666,0.08582166666666667,0.8195016666666666,0.7426675,0.00855833333333333,0.27,0.2793,0.473265,6
2024-10-08,GOOGL,0.168739,0.0769645,0.7542960833333333,0.68714025,0.08231833333333334,0.28375,0.358975,0.49332166666666666,12
2024-10-09,GOOGL,0.13774042857142857,0.10199899999999999,0.7602604285714286,0.6863802857142858,0.036391428571428575,0.2914285714285714,0.31408571428571425,0.4791532857142857,7
2024-10-10,GOOGL,0.14290675,0.08055087500000001,0.77654175,0.7022295,0.06987950000000001,0.27,0.361175,0.476043875,8
2024-10-11,GOOGL,0.07454566666666666,0.049273333333333336,0.8761806666666666,0.773739,0.026,0.38000000000000006,0.5308666666666667,0.5518323333333334,3
2024-10-12,GOOGL,0.2627155,0.031366,0.705918,0.6475839999999999,0.221025,0.33,0.3147,0.44304699999999997,2
2024-10-13,GOOGL,0.035121,0.321215,0.643664,0.578711,-0.244375,0.75,0.43,0.503038,1
2024-10-14,GOOGL,0.09856185714285715,0.08762257142857144,0.8138155714285714,0.7261872857142857,0.010853714285714291,0.2592857142857143,0.33172857142857143,0.5120925714285715,7
2024-10-15,GOOGL,0.15831683333333332,0.0801515,0.7615313333333332,0.6848553333333333,0.07137433333333333,0.23750000000000002,0.35741666666666666,0.4977108333333333,6
2024-10-16,GOOGL,0.19957644444444445,0.03253366666666667,0.7678897777777778,0.7009814444444444,0.15998400000000002,0.29833333333333334,0.3236555555555556,0.4496152222222222,9
2024-10-17,GOOGL,0.1545378888888889,0.052617222222222225,0.7928448888888888,0.7195678888888889,0.09770899999999999,0.2816666666666667,0.3752111111111111,0.4700597777777778,9
2024-10-18,GOOGL,0.14324333333333333,0.081376,0.7753803333333333,0.7045756666666667,0.061837555555555555,0.22666666666666668,0.2381777777777778,0.4668704444444444,9
2024-10-19,GOOGL,0.09947433333333333,0.02810283333333333,0.8724225,0.7687416666666667,0.07395133333333333,0.245,0.33830000000000005,0.5594996666666666,6
2024-10-20,GOOGL,0.10959777777777778,0.03975133333333333,0.8506504444444444,0.7589808888888889,0.06771066666666667,0.29500000000000004,0.2941888888888889,0.5207562222222222,9
2024-10-21,GOOGL,0.0796606,0.0269814,0.8933576000000001,0.7931382,0.0553586,0.15899999999999997,0.31406,0.5371264,5
2024-10-22,GOOGL,0.11066207692307692,0.049784923076923074,0.839552923076923,0.7651577692307693,0.05413707692307691,0.38884615384615384,0.40797692307692307,0.48110415384615385,13
2024-10-23,GOOGL,0.24520988888888887,0.07514244444444446,0.6796475555555556,0.6232305555555555,0.1538572222222222,0.3916666666666667,0.4026111111111111,0.4261123333333333,9
2024-10-24,GOOGL,0.14415971428571428,0.029529714285714288,0.8263102857142857,0.7460562857142856,0.10855000000000001,0.3514285714285714,0.31805714285714287,0.47549728571428573,7
2024-10-25,GOOGL,0.30861099999999997,0.0320094,0.6593796000000001,0.599758,0.257663,0.312,0.46208,0.46022179999999996,5
2024-10-26,GOOGL,0.23522666666666667,0.03005266666666667,0.7347203333333333,0.661118,0.20467500000000002,0.19000000000000003,0.2962666666666667,0.5010086666666667,3
2024-10-27,GOOGL,0.18295566666666666,0.03652433333333333,0.7805196666666667,0.7069796666666667,0.131956,0.42,0.47113333333333335,0.46415500000000004,3
2024-10-28,GOOGL,0.19028375,0.033438875,0.77627725,0.70808875,0.148901375,0.31124999999999997,0.41895,0.44812575,8
2024-10-29,GOOGL,0.18090525000000002,0.030135,0.78895975,0.70586275,0.14360175,0.34125,0.452275,0.50988025,4
2024-10-30,GOOGL,0.13942369999999998,0.07434769999999999,0.7862282,0.7107507,0.0738503,0.306,0.34004,0.47868279999999996,10
2024-10-31,GOOGL,0.20185783333333332,0.06810783333333333,0.730034,0.658881,0.12885433333333332,0.1975,0.29465,0.48123249999999995,6
2024-11-01,GOOGL,0.11610066666666667,0.11325633333333333,0.7706428333333334,0.7013676666666666,0.013184833333333331,0.38999999999999996,0.45176666666666665,0.46029116666666664,6
2024-11-02,GOOGL,0.11444216666666666,0.05821316666666667,0.8273446666666667,0.7427345000000001,0.049964833333333326,0.27,0.3101333333333333,0.4971376666666667,6
2024-11-03,GOOGL,0.2188609,0.0454771,0.7356619,0.6695884000000001,0.1562936,0.35550000000000004,0.40837,0.4536774,10
2024-11-04,GOOGL,0.1653517272727273,0.04638609090909091,0.788262,0.7116260909090909,0.11521436363636363,0.31090909090909097,0.40798181818181817,0.48630436363636365,11
2024-11-05,GOOGL,0.17271275,0.05086225,0.7764248333333333,0.7036041666666666,0.114442,0.32875,0.461775,0.46907441666666666,12
2024-11-06,GOOGL,0.151175,0.0544186,0.7944066000000001,0.7086212,0.0772864,0.384,0.41656000000000004,0.5411066,5
2024-11-07,GOOGL,0.10926157142857143,0.06910999999999999,0.8216281428571428,0.7407884285714286,0.044038428571428576,0.21428571428571427,0.23785714285714285,0.49074757142857145,7
2024-11-08,GOOGL,0.22407414285714283,0.030116714285714285,0.7458088571428572,0.7429707142857144,0.17022285714285715,0.30642857142857144,0.40275714285714287,0.474348,7
2024-11-09,GOOGL,0.27870525,0.0680005,0.653294,0.617425,0.17596875,0.33,0.3522,0.43540449999999997,4
2024-11-10,GOOGL,0.032811,0.366647,0.600542,0.556563,-0.305235,0.27,0.3968,0.410773,1
2024-11-11,GOOGL,0.285203,0.030722,0.684075,0.622274,0.2485,0.15,0.246,0.46781,1
2024-11-12,GOOGL,0.16545783333333333,0.028770833333333332,0.8057705000000001,0.7312701666666667,0.1397375,0.18999999999999997,0.25793333333333335,0.4719081666666667,6
2024-11-13,GOOGL,0.209918125,0.030667875,0.759413875,0.6978561249999999,0.17058125000000002,0.36,0.33865,0.429311125,8
2024-11-14,GOOGL,0.0946535,0.062712625,0.842633375,0.745499375,0.037194500000000005,0.28500000000000003,0.2444,0.546553125,8
2024-11-15,GOOGL,0.1907701,0.0742915,0.7349382,0.6694785999999999,0.11286559999999998,0.3075,0.40305,0.45638860000000003,10
2024-11-16,GOOGL,0.14055516666666665,0.051742666666666666,0.8077018333333333,0.7198073333333334,0.0894125,0.2925,0.34528333333333333,0.5259451666666667,6
2024-11-17,GOOGL,0.1404725,0.0280405,0.831487,0.7240495,0.111825,0.15,0.20850000000000002,0.5966145,2
2024-11-18,GOOGL,0.09965727272727273,0.09069363636363637,0.8096486363636365,0.7285506363636363,0.014202454545454553,0.19772727272727272,0.30904545454545457,0.4948752727272728,11
2024-11-19,GOOGL,0.166849,0.0374265,0.795724,0.715244,0.12314049999999999,0.15,0.34600000000000003,0.497221,2
2024-11-20,GOOGL,0.2358885,0.1477625,0.616349,0.567556,0.0493315,0.51,0.5134,0.4014525,2
2024-11-21,GOOGL,0.123983875,0.12594349999999999,0.75007225,0.682263,0.010595374999999997,0.35625,0.28049999999999997,0.45934162500000003,8
2024-11-22,GOOGL,0.09496575,0.14363066666666666,0.7614036666666667,0.7006288333333334,-0.03133166666666667,0.37125,0.35205833333333336,0.46293516666666673,12
2024-11-23,GOOGL,0.21637983333333333,0.037801499999999995,0.7458186666666666,0.67374,0.16960116666666666,0.29750000000000004,0.4394833333333333,0.4886516666666667,6
2024-11-24,GOOGL,0.1444446666666667,0.040216999999999996,0.815338,0.717323,0.104173,0.36500000000000005,0.39076666666666665,0.5610273333333333,3
2024-11-25,GOOGL,0.028088250000000002,0.130128,0.8417835,0.74289775,-0.09300275000000001,0.18,0.3512,0.5614542499999999,4
2024-11-26,GOOGL,0.124556,0.042921,0.8325225714285714,0.7420730000000001,0.0786972857142857,0.255,0.29598571428571424,0.5195391428571429,7
2024-11-27,GOOGL,0.20429233333333335,0.03773822222222222,0.7579692222222223,0.6901362222222223,0.1494718888888889,0.4066666666666667,0.41771111111111114,0.45402655555555554,9
2024-11-28,GOOGL,0.08556166666666666,0.03172166666666667,0.8827161666666666,0.7707403333333334,0.057275,0.18000000000000002,0.26703333333333334,0.5867335,6
2024-11-29,GOOGL,0.2099845,0.030352749999999998,0.75966225,0.6974175,0.1745625,0.3,0.3645,0.43348624999999996,4
2024-11-30,GOOGL,0.31885825,0.0327395,0.64840175,0.59412025,0.2548875,0.42375,0.45282500000000003,0.43320075,4
2024-12-01,GOOGL,0.16109449999999997,0.08110300000000001,0.7578024999999999,0.6993240000000001,0.055075000000000006,0.51,0.44089999999999996,0.4080495,2
2024-12-02,GOOGL,0.127417,0.02779833333333333,0.8447840000000001,0.7476436666666667,0.10354166666666668,0.15,0.3176666666666667,0.5460876666666666,3
2024-12-03,GOOGL,0.1672606,0.1021026,0.7306364000000001,0.6566758,0.0660144,0.318,0.33111999999999997,0.4843324,5
2024-12-04,GOOGL,0.07598099999999999,0.0650694,0.8589496000000001,0.7704364,0.013947399999999999,0.207,0.28237999999999996,0.5090682,5
2024-12-05,GOOGL,0.16089733333333334,0.05113988888888889,0.7879624444444445,0.7076958888888889,0.10872644444444445,0.245,0.28274444444444446,0.499795,9
2024-12-06,GOOGL,0.2042205,0.029907800000000002,0.7658714,0.6934528999999999,0.1700487,0.25949999999999995,0.33723000000000003,0.4750838,10
2024-12-07,GOOGL,0.21177,0.029814,0.758416,0.691703,0.1826125,0.21749999999999997,0.23145,0.46103950000000005,2
2024-12-08,GOOGL,0.1188435,0.0276395,0.8535165,0.761326,0.0931875,0.15,0.336,0.524179,2
2024-12-09,GOOGL,0.16612749999999998,0.033603,0.8002695,0.710005,0.1196395,0.255,0.36295,0.52584175,4
2024-12-10,GOOGL,0.07624057142857142,0.15414885714285714,0.7696105714285714,0.7068218571428571,-0.05856514285714286,0.20785714285714288,0.3828142857142857,0.5220565714285714,7
2024-12-11,GOOGL,0.17211557142857142,0.08618028571428571,0.7417041428571428,0.6834235714285715,0.068215,0.36214285714285716,0.33312857142857144,0.4111011428571429,7
2024-12-12,GOOGL,0.2199873333333333,0.0302915,0.7497208333333334,0.6740806666666667,0.1741215,0.2975,0.44198333333333334,0.4938578333333334,6
2024-12-13,GOOGL,0.18916899999999998,0.0322056,0.7786253000000001,0.7012396,0.1503804,0.24450000000000002,0.32713000000000003,0.48586169999999995,10
2024-12-14,GOOGL,0.035188750000000005,0.0284885,0.93632225,0.82414825,0.00760725,0.42000000000000004,0.44655,0.5659922500000001,4
2024-12-15,GOOGL,0.1146198888888889,0.12575188888888889,0.7596282222222223,0.7131124444444444,-0.0030393333333333323,0.31333333333333335,0.33097777777777776,0.4926153333333334,9
2024-12-16,GOOGL,0.2120241111111111,0.029951777777777775,0.758024,0.6828573333333333,0.1774472222222222,0.24666666666666665,0.28831111111111113,0.491023,9
2024-12-17,GOOGL,0.22456849999999998,0.030259499999999998,0.7451716666666667,0.6772441666666666,0.18326066666666666,0.27,0.36846666666666666,0.45830600000000005,6
2024-12-18,GOOGL,0.1947715,0.029434500000000002,0.7757937500000001,0.7083470000000001,0.15934625,0.22125,0.31522500000000003,0.445278,4
2024-12-19,GOOGL,0.1356567142857143,0.04967185714285714,0.8146712857142857,0.7226497142857143,0.08488471428571429,0.255,0.33812857142857144,0.541213,7
2024-12-20,GOOGL,0.250273,0.060993,0.6887341666666668,0.6234663333333333,0.17979166666666666,0.24750000000000003,0.44331666666666664,0.47917683333333333,6
2024-12-21,GOOGL,0.07459966666666666,0.027483333333333332,0.8979166666666667,0.7868166666666667,0.049446333333333335,0.23,0.2965333333333333,0.5760323333333334,3
2024-12-22,GOOGL,0.079451,0.02691,0.893639,0.78541,0.058575,0.15,0.521,0.57037,1
2024-12-23,GOOGL,0.06197766666666666,0.06730166666666666,0.8707203333333333,0.7657943333333334,-0.006002333333333332,0.19000000000000003,0.2896,0.5683546666666667,3
2024-12-24,GOOGL,0.1283838,0.0920532,0.7795626,0.6987462,0.0338576,0.231,0.27554,0.5076798,5
2024-12-25,GOOGL,0.183604,0.096974,0.7194219999999999,0.6515443333333334,0.06311666666666667,0.445,0.46130000000000004,0.4798773333333333,3
2024-12-26,GOOGL,0.152893,0.03358266666666666,0.813524,0.7368708333333333,0.11333700000000001,0.28250000000000003,0.3968833333333333,0.4695896666666666,6
2024-12-27,GOOGL,0.1244085,0.0288365,0.8467545000000001,0.757961,0.100034,0.2925,0.47695,0.516632,2
2024-12-28,GOOGL,0.20585499999999998,0.05456885714285715,0.7395762857142857,0.6772731428571428,0.14365999999999998,0.26571428571428574,0.3867714285714286,0.4413747142857143,7
2024-12-29,GOOGL,0.0269455,0.0367655,0.936289,0.829952,-0.0109125,0.255,0.2617,0.545507,2
2024-12-30,GOOGL,0.20310333333333333,0.03537066666666667,0.7615256666666667,0.6881606666666666,0.15980766666666665,0.19000000000000003,0.3746,0.48138166666666665,3
2024-12-31,GOOGL,0.14864495,0.08714345,0.7642113,0.6914934500000001,0.060809999999999996,0.213,0.33242,0.4781638,20
2025-01-01,GOOGL,0.0908195,0.02823275,0.88094775,0.78249375,0.063461,0.2925,0.39444999999999997,0.53638125,4
2025-01-02,GOOGL,0.18491657142857143,0.036328428571428574,0.7787551428571428,0.7069714285714286,0.13189599999999999,0.33,0.4450571428571429,0.45360385714285717,7
2025-01-03,GOOGL,0.18036942857142857,0.07910114285714286,0.7405294285714286,0.6702811428571429,0.08844185714285714,0.2957142857142857,0.34697142857142854,0.468673,7
2025-01-04,GOOGL,0.12312942857142857,0.051607571428571426,0.8252625714285714,0.73994,0.07108128571428571,0.20785714285714288,0.2221,0.5088147142857143,7
2025-01-05,GOOGL,0.2436182,0.0344154,0.7219664,0.6570144,0.1943198,0.312,0.33308,0.4571142,5
2025-01-06,GOOGL,0.1736021,0.0442591,0.7821386,0.7056148999999999,0.1174565,0.3045,0.38353,0.4773536,10
2025-01-07,GOOGL,0.19590414285714286,0.050650428571428575,0.7534452857142858,0.677677,0.12906157142857141,0.3,0.3748571428571429,0.49101900000000004,7
2025-01-08,GOOGL,0.0575795,0.03271825,0.9097025000000001,0.79827375,0.0205415,0.36,0.42615000000000003,0.566816,4
2025-01-09,GOOGL,0.1101831111111111,0.04409911111111112,0.8457176666666667,0.7544274444444444,0.06626555555555555,0.19666666666666666,0.29742222222222225,0.5256227777777778,9
2025-01-10,GOOGL,0.101,0.08994275,0.80905725,0.72241225,0.012705749999999998,0.238125,0.3184625,0.517102625,8
2025-01-11,GOOGL,0.22985899999999998,0.030089,0.740051,0.65865225,0.19343125,0.225,0.38025000000000003,0.52229725,4
2025-01-12,GOOGL,0.13088233333333332,0.073243,0.7958746666666667,0.7309066666666667,0.05021500000000001,0.525,0.4885,0.4331213333333333,3
2025-01-13,GOOGL,0.19567633333333334,0.029896500000000003,0.7744270000000001,0.6886916666666667,0.156695,0.285,0.3335666666666666,0.5151846666666667,6
2025-01-14,GOOGL,0.06403025,0.0271635,0.90880625,0.8028935,0.038779,0.22125,0.315225,0.5516345,4
2025-01-15,GOOGL,0.17978322222222223,0.05848088888888889,0.7617354444444444,0.6815263333333333,0.11248644444444444,0.26333333333333336,0.40397777777777777,0.5021747777777779,9
2025-01-16,GOOGL,0.15870366666666666,0.03444366666666667,0.8068524166666666,0.7212149999999999,0.11758608333333333,0.30875,0.3416416666666667,0.5116450833333334,12
2025-01-17,GOOGL,0.146657,0.028914,0.8244288571428572,0.7380822857142857,0.1119732857142857,0.27214285714285713,0.39895714285714284,0.5068058571428572,7
2025-01-18,GOOGL,0.07509500000000001,0.08485633333333333,0.8400483333333333,0.7372976666666666,-0.009839333333333334,0.165,0.38443333333333335,0.5766516666666667,3
2025-01-19,GOOGL,0.12593939999999998,0.0325758,0.841484,0.7400450000000001,0.0932662,0.246,0.29164,0.5586684,5
2025-01-20,GOOGL,0.224907,0.055115833333333336,0.7199773333333334,0.6652278333333334,0.1568155,0.3275,0.35135,0.4144455,6
2025-01-21,GOOGL,0.04681116666666666,0.0308015,0.9223868333333334,0.816201,0.01696766666666667,0.27,0.23929999999999998,0.5532308333333333,6
2025-01-22,GOOGL,0.08777599999999999,0.14154871428571428,0.770675,0.6912964285714286,-0.04426514285714286,0.225,0.27578571428571425,0.4938124285714286,7
2025-01-23,GOOGL,0.17672000000000002,0.1052378,0.718042,0.66094,0.055147599999999984,0.297,0.29097999999999996,0.42955160000000003,5
2025-01-24,GOOGL,0.2356343333333333,0.030681166666666666,0.7336845,0.6522228333333334,0.19637933333333332,0.285,0.3644,0.5212553333333333,6
2025-01-25,GOOGL,0.089720625,0.07716025,0.833118625,0.752202,0.015693000000000006,0.245625,0.2635125,0.486366875,8
2025-01-26,GOOGL,0.165761,0.029312,0.804926,0.737669,0.13965,0.27,0.2668,0.445189,1
2025-01-27,GOOGL,0.11685969230769232,0.07938,0.8037601538461538,0.7240703846153846,0.0349446923076923,0.2896153846153846,0.3927,0.48716607692307695,13
2025-01-28,GOOGL,0.09679009999999999,0.033583600000000005,0.8696262000000001,0.7727689,0.06377150000000001,0.21000000000000002,0.3054,0.5312689,10
2025-01-29,GOOGL,0.157313875,0.068514875,0.7741715,0.7035645,0.078239,0.24562499999999998,0.4085125,0.45970825,8
2025-01-30,GOOGL,0.197669375,0.030165875,0.7721645,0.703246,0.161504625,0.2925,0.35757500000000003,0.4628125,8
2025-01-31,GOOGL,0.122368125,0.06547075000000001,0.812160875,0.724143625,0.054863375,0.2775,0.36185,0.5244092499999999,8
2025-02-01,GOOGL,0.205877,0.076588,0.7175344000000001,0.6667034000000001,0.11205559999999999,0.33599999999999997,0.43624,0.45705480000000004,5
2025-02-02,GOOGL,0.21243225,0.0985095,0.68905825,0.62842,0.10599700000000001,0.29625,0.30822499999999997,0.45765875,4
2025-02-03,GOOGL,0.16305,0.065198,0.77175175,0.69587575,0.09801574999999998,0.16125,0.331075,0.4921105,4
2025-02-04,GOOGL,0.12760987499999998,0.089767,0.782622875,0.70805425,0.03887275,0.24,0.353475,0.4726905,8
2025-02-05,GOOGL,0.18988025,0.029220875,0.78089825,0.7045343749999999,0.16086875,0.195,0.264425,0.484605875,8
2025-02-06,GOOGL,0.15097328571428573,0.10761614285714285,0.7414101428571429,0.677088,0.040515999999999996,0.26999999999999996,0.32465714285714287,0.4432685714285714,7
2025-02-07,GOOGL,0.11646699999999999,0.09355228571428571,0.7899804285714286,0.7152424285714286,0.026303142857142855,0.2871428571428572,0.32048571428571426,0.4763121428571429,7
2025-02-08,GOOGL,0.16648049999999998,0.0288675,0.80465175,0.7136972500000001,0.13756975,0.2025,0.35009999999999997,0.5299125,4
2025-02-09,GOOGL,0.08349,0.02782557142857143,0.8886841428571428,0.7847992857142857,0.057171428571428574,0.2592857142857143,0.3553,0.5549417142857143,7
2025-02-10,GOOGL,0.10765916666666668,0.061832500000000006,0.8305078333333333,0.73936525,0.0443685,0.24250000000000002,0.3357833333333333,0.5254663333333333,12
2025-02-11,GOOGL,0.193293125,0.03734125,0.769365875,0.7038475,0.144067625,0.43125,0.430375,0.44212687500000003,8
2025-02-12,GOOGL,0.1185683,0.03527,0.8461614000000001,0.7600884,0.08592059999999999,0.2625,0.39325,0.5073575,10
2025-02-13,GOOGL,0.1134955,0.031150375,0.855353875,0.751528875,0.0845375,0.22875,0.271525,0.5698055,8
2025-02-14,GOOGL,0.17024966666666666,0.029306999999999996,0.8004428888888889,0.7198081111111111,0.138825,0.24000000000000002,0.38548888888888894,0.49501211111111115,9
2025-02-15,GOOGL,0.025918,0.025918,0.9481639999999999,0.839979,0.0,0.15,0.18933333333333335,0.547,3
2025-02-16,GOOGL,0.16248,0.06904575,0.7684745,0.698137,0.08463825,0.21000000000000002,0.3439,0.45751475,4
2025-02-17,GOOGL,0.11374557142857143,0.07727414285714286,0.8089797142857142,0.7238207142857143,0.038024999999999996,0.2357142857142857,0.3022857142857143,0.5102834285714286,7
2025-02-18,GOOGL,0.19343554545454547,0.04517681818181818,0.7613873636363636,0.6940559090909091,0.1462640909090909,0.22363636363636363,0.4283090909090909,0.46016827272727273,11
2025-02-19,GOOGL,0.1782628888888889,0.03340311111111111,0.7883335555555555,0.7187033333333334,0.13736333333333334,0.32833333333333337,0.3583,0.4483396666666667,9
2025-02-20,GOOGL,0.17873133333333335,0.029090666666666667,0.7921776666666668,0.7065926666666668,0.14406866666666665,0.205,0.34303333333333336,0.5121030000000001,3
2025-02-21,GOOGL,0.088787875,0.10412425,0.807087875,0.727518875,-0.016975000000000004,0.30000000000000004,0.302625,0.49136825,8
2025-02-22,GOOGL,0.059603399999999994,0.08034,0.8600566000000001,0.7600009999999999,-0.024648800000000002,0.22200000000000003,0.30648,0.5503588,5
2025-02-23,GOOGL,0.21291233333333334,0.03288066666666667,0.754207,0.6815526666666667,0.16847399999999998,0.30000000000000004,0.36144444444444446,0.4687181111111111,9
2025-02-24,GOOGL,0.1542635,0.1112052,0.7345314000000001,0.6670672,0.04586150000000001,0.3465,0.44031000000000003,0.44806280000000004,10
2025-02-25,GOOGL,0.11935642857142857,0.042737000000000004,0.8379064285714285,0.7531045714285715,0.07191985714285713,0.2764285714285714,0.34541428571428573,0.4951992857142857,7
2025-02-26,GOOGL,0.1648157,0.031467800000000004,0.8037160999999999,0.7227318,0.12412450000000001,0.3165,0.48861,0.4906862,10
2025-02-27,GOOGL,0.11311357142857144,0.074841,0.8120452857142857,0.7305734285714286,0.03981785714285714,0.21857142857142858,0.31788571428571427,0.49528557142857144,7
2025-02-28,GOOGL,0.202892125,0.063422125,0.733685375,0.680313125,0.12661999999999998,0.44062500000000004,0.3573125,0.443603375,8
2025-03-01,GOOGL,0.13426633333333335,0.1193975,0.746336,0.6831193333333334,0.020209166666666663,0.325,0.45133333333333336,0.43902949999999996,6
2025-03-02,GOOGL,0.11009833333333334,0.035082499999999996,0.854819,0.7605045,0.0782875,0.1925,0.25295,0.5324868333333334,6
2025-03-03,GOOGL,0.123975875,0.045806625000000004,0.830217375,0.73562575,0.073733875,0.200625,0.3794625,0.536999875,8
2025-03-04,GOOGL,0.07844933333333333,0.17376866666666668,0.747782111111111,0.6781286666666666,-0.08782733333333333,0.29666666666666663,0.3764222222222222,0.5085127777777778,9
2025-03-05,GOOGL,0.10306560000000001,0.0700102,0.8269238,0.7408750000000001,0.03196349999999999,0.27149999999999996,0.29881,0.5126928000000001,10
2025-03-06,GOOGL,0.14281966666666668,0.06804955555555556,0.7891309999999999,0.7163282222222223,0.06589377777777777,0.35500000000000004,0.3757,0.4614862222222222,9
2025-03-07,GOOGL,0.025918,0.025918,0.948164,0.839979,0.0,0.15,0.336,0.547,1
2025-03-08,GOOGL,0.14892166666666667,0.0489715,0.8021065,0.7190303333333333,0.09616616666666666,0.28,0.3868666666666667,0.5077055,6
2025-03-09,GOOGL,0.0878085,0.0274755,0.8847160000000001,0.7874945,0.0623435,0.21000000000000002,0.2564,0.5276345,2
2025-03-10,GOOGL,0.082298125,0.129773125,0.7879285,0.710292,-0.037442249999999996,0.28875,0.38817500000000005,0.479210875,8
2025-03-11,GOOGL,0.15851366666666666,0.06840183333333334,0.773084,0.7181765000000001,0.08644383333333333,0.445,0.3904666666666667,0.39816483333333336,6
2025-03-12,GOOGL,0.13338144444444444,0.052008,0.8146111111111112,0.7358088888888888,0.07965833333333333,0.29333333333333333,0.34084444444444445,0.48447077777777775,9
2025-03-13,GOOGL,0.1796517142857143,0.050462428571428575,0.769886,0.6995112857142857,0.1261695714285714,0.26357142857142857,0.2939,0.46989071428571433,7
2025-03-14,GOOGL,0.10127925,0.143602125,0.755118375,0.685443,-0.040892875,0.215625,0.3201875,0.463115125,8
2025-03-15,GOOGL,0.1599616,0.0635106,0.7765274,0.7020882,0.094955,0.246,0.27364,0.48197600000000007,5
2025-03-16,GOOGL,0.11855145454545454,0.06021872727272728,0.8212294545454545,0.7370593636363636,0.05758345454545455,0.2672727272727273,0.32087272727272725,0.5057506363636364,11
2025-03-17,GOOGL,0.15594977777777777,0.038941222222222224,0.8051086666666667,0.7320573333333333,0.11214544444444445,0.335,0.33390000000000003,0.4603051111111111,9
2025-03-18,GOOGL,0.09497384615384614,0.06662576923076922,0.8384002307692308,0.7603963846153847,0.023717000000000002,0.4407692307692308,0.43101538461538463,0.4663599230769231,13
2025-03-19,GOOGL,0.228964375,0.030639875,0.7403955,0.678693875,0.18849749999999998,0.30562500000000004,0.3232875,0.438473875,8
2025-03-20,GOOGL,0.08031920000000001,0.1307574,0.7889231999999999,0.725122,-0.04956699999999999,0.384,0.38656,0.4295178,5
2025-03-21,GOOGL,0.1761973,0.06553220000000001,0.7582701000000001,0.6822437,0.0985262,0.29100000000000004,0.33694,0.49047999999999997,10
2025-03-22,GOOGL,0.15117,0.13086266666666665,0.7179666666666668,0.657816,0.029299999999999993,0.26,0.3617333333333333,0.44450066666666666,3
2025-03-23,GOOGL,0.068256,0.0289765,0.9027675,0.8221,0.03927,0.435,0.4979,0.463094,2
2025-03-24,GOOGL,0.08163633333333334,0.07569366666666667,0.8426694444444445,0.749323,0.010950666666666668,0.19166666666666668,0.27905555555555556,0.5309181111111111,9
2025-03-25,GOOGL,0.15617,0.133987625,0.709842125,0.688618375,0.028382875000000002,0.35625,0.443625,0.422586625,8
2025-03-26,GOOGL,0.129141,0.05283714285714286,0.8180212857142858,0.7266279999999999,0.07945,0.21428571428571427,0.2557142857142857,0.5345055714285715,7
2025-03-27,GOOGL,0.1280125,0.041092000000000004,0.830895125,0.744859625,0.084539,0.256875,0.2604625,0.504709,8
2025-03-28,GOOGL,0.188431,0.030548,0.78102,0.723895,0.15505,0.39,0.4176,0.410473,1
2025-03-29,GOOGL,0.18400850000000002,0.0304765,0.7855155,0.722503,0.139545,0.39,0.4001,0.4188455,2
2025-03-30,GOOGL,0.22256779999999998,0.0303762,0.7470551999999999,0.6853488000000001,0.18935,0.27,0.38079999999999997,0.44035080000000004,5
2025-03-31,GOOGL,0.14581336363636363,0.02884736363636364,0.8253391818181818,0.7476368181818182,0.11614745454545455,0.2427272727272727,0.25980000000000003,0.47388027272727273,11
2025-04-01,GOOGL,0.11743624999999999,0.0284605,0.85410275,0.7672265,0.090903125,0.260625,0.3004875,0.50107475,8
2025-04-02,GOOGL,0.131901375,0.06393675,0.8041615,0.725259375,0.06490812500000001,0.256875,0.3292125,0.48450262499999996,8
2025-04-03,GOOGL,0.2057216666666667,0.09398933333333333,0.7002885555555556,0.6488136666666667,0.10765766666666665,0.3383333333333333,0.3594777777777778,0.4075171111111111,9
2025-04-04,GOOGL,0.10324979999999999,0.0993224,0.7974272,0.7296663999999999,-0.0010224000000000066,0.41400000000000003,0.31976,0.4477334,5
2025-04-05,GOOGL,0.22838642857142857,0.030107142857142857,0.7415058571428571,0.6764785714285715,0.19602071428571427,0.22500000000000003,0.25721428571428573,0.4560774285714286,7
2025-04-06,GOOGL,0.03942028571428572,0.14255157142857142,0.8180278571428571,0.7252082857142856,-0.09582471428571428,0.23142857142857146,0.29368571428571427,0.5434721428571428,7
2025-04-07,GOOGL,0.18022575,0.029760250000000002,0.790014,0.71585075,0.14796425,0.2925,0.42195,0.47699925,4
2025-04-08,GOOGL,0.1363556,0.0632784,0.8003658,0.7212270000000001,0.06472200000000002,0.294,0.30096,0.47674199999999994,5
2025-04-09,GOOGL,0.13872230000000002,0.049463,0.8118149000000001,0.7391615,0.07903879999999999,0.3675,0.43245000000000006,0.451527,10
2025-04-10,GOOGL,0.10716342857142858,0.05827385714285714,0.8345624285714285,0.7393681428571428,0.04815714285714286,0.2871428571428572,0.30691428571428575,0.5375968571428571,7
2025-04-11,GOOGL,0.05857500000000001,0.07160866666666667,0.8698165000000001,0.7697456666666667,-0.012743833333333334,0.31,0.3262333333333333,0.5384041666666667,6
2025-04-12,GOOGL,0.12279416666666666,0.06377050000000001,0.8134353333333334,0.7312508333333333,0.0534125,0.37000000000000005,0.3533,0.48926583333333334,6
2025-04-13,GOOGL,0.11222166666666666,0.02942533333333333,0.8583526666666667,0.7774326666666665,0.077525,0.38999999999999996,0.34426666666666667,0.47067,3
2025-04-14,GOOGL,0.168207,0.029398200000000003,0.8023939999999999,0.7288789999999999,0.1383026,0.273,0.26782,0.4672568,5
2025-04-15,GOOGL,0.23779816666666667,0.030924916666666667,0.7312765,0.66762,0.19164250000000002,0.34500000000000003,0.38605,0.44316425,12
2025-04-16,GOOGL,0.17496230000000002,0.0480164,0.7770212,0.7026908,0.11955629999999999,0.2265,0.39401,0.47764550000000006,10
2025-04-17,GOOGL,0.152104125,0.143484125,0.7044115,0.69552525,0.026552374999999996,0.335625,0.3834875,0.422708,8
2025-04-18,GOOGL,0.11949675,0.07107925,0.8094239999999999,0.72185575,0.045172,0.28500000000000003,0.45065,0.52811,4
2025-04-19,GOOGL,0.175677,0.12644666666666668,0.6978763333333333,0.669813,0.06006666666666666,0.4925,0.40995000000000004,0.47045866666666664,6
2025-04-20,GOOGL,0.025918,0.025918,0.948164,0.839979,0.0,0.15,0.171,0.547,1
2025-04-21,GOOGL,0.13245933333333335,0.040236749999999995,0.8273035833333333,0.7372583333333332,0.09342133333333334,0.22375,0.2789916666666667,0.5268951666666667,12
2025-04-22,GOOGL,0.060269125,0.125730625,0.814000375,0.74401725,-0.054764125,0.315,0.346475,0.501991125,8
2025-04-23,GOOGL,0.088066,0.13654775,0.775386375,0.69020675,-0.046395250000000006,0.27,0.349925,0.5255945,8
2025-04-24,GOOGL,0.14039736363636363,0.07296709090909091,0.7866351818181818,0.7455017272727272,0.056893,0.31227272727272726,0.41162727272727273,0.47886690909090907,11
2025-04-25,GOOGL,0.1223349090909091,0.08456427272727272,0.7931006363636364,0.7197848181818182,0.031439272727272725,0.375,0.4547727272727272,0.4673530909090909,11
2025-04-26,GOOGL,0.10903939999999998,0.0741884,0.8167718,0.7142636,0.0353258,0.198,0.26132,0.5784808,5
2025-04-27,GOOGL,0.19025699999999998,0.054569285714285716,0.7551734285714286,0.6817614285714286,0.12247385714285715,0.32142857142857145,0.3557142857142857,0.4820747142857143,7
2025-04-28,GOOGL,0.174255875,0.048065125,0.777678625,0.701720625,0.11812325,0.3225,0.4659,0.479895375,8
2025-04-29,GOOGL,0.1532293076923077,0.05819423076923077,0.7885764615384616,0.7134482307692308,0.08890076923076923,0.2711538461538462,0.36642307692307696,0.4748503846153846,13
2025-04-30,GOOGL,0.12383971428571429,0.10202457142857144,0.7741355714285714,0.7020015714285714,0.020986857142857144,0.30642857142857144,0.3791857142857143,0.4666952857142857,7
2025-05-01,GOOGL,0.11890566666666667,0.03449,0.8466043333333333,0.7548412222222223,0.08419744444444445,0.29333333333333333,0.3386222222222222,0.5246287777777777,9
2025-05-02,GOOGL,0.03607025,0.165344125,0.798585625,0.726844625,-0.121611,0.290625,0.34068750000000003,0.45623525,8
2025-05-03,GOOGL,0.11670825,0.029018500000000003,0.85427275,0.76438275,0.08728125,0.33375,0.247225,0.51444325,4
2025-05-04,GOOGL,0.1250085,0.06396575,0.8110255,0.7083470000000001,0.04469699999999999,0.33375,0.367225,0.553614,4
2025-05-05,GOOGL,0.16300475,0.052331625,0.7846635,0.71160025,0.105577,0.31125,0.423325,0.471924125,8
2025-05-06,GOOGL,0.1193545,0.06340860000000001,0.8172368999999999,0.7268021,0.0536273,0.20249999999999999,0.33985,0.5280695,10
2025-05-07,GOOGL,0.12701792307692308,0.08432138461538462,0.7886603846153846,0.7184984615384615,0.04863392307692308,0.34153846153846157,0.39189230769230765,0.47236123076923076,13
2025-05-08,GOOGL,0.06893883333333334,0.13619016666666667,0.7948713333333334,0.706287,-0.058868833333333336,0.37000000000000005,0.4366333333333334,0.5264196666666666,6
2025-05-09,GOOGL,0.06624755555555556,0.11282433333333335,0.8209281111111111,0.7408927777777777,-0.036977777777777776,0.3766666666666667,0.3586222222222222,0.4862145555555555,9
2025-05-10,GOOGL,0.2175216666666667,0.029687333333333333,0.7527903333333333,0.6773336666666667,0.18733166666666667,0.19000000000000003,0.3012666666666667,0.4920406666666666,3
2025-05-11,GOOGL,0.28599475,0.0324425,0.68156225,0.62299925,0.22666874999999997,0.45,0.443,0.46002825,4
2025-05-12,GOOGL,0.1589584,0.0707246,0.7703165999999999,0.697488,0.0887424,0.207,0.29738000000000003,0.47735700000000003,5
2025-05-13,GOOGL,0.10875566666666665,0.027773500000000003,0.8634706666666667,0.7732070000000001,0.08117833333333334,0.1975,0.31298333333333334,0.511047,6
2025-05-14,GOOGL,0.0756988,0.0276832,0.8966182,0.7922271999999999,0.0488745,0.2595,0.27623,0.5515177,10
2025-05-15,GOOGL,0.188724,0.03704466666666666,0.7742311666666667,0.7039886666666666,0.14254316666666667,0.33,0.4863666666666666,0.45969716666666666,6
2025-05-16,GOOGL,0.09937722222222221,0.07572866666666667,0.824894,0.738825,0.021477111111111113,0.22999999999999998,0.34542222222222224,0.5036392222222221,9
2025-05-17,GOOGL,0.151365,0.08080666666666668,0.7678280000000001,0.6798573333333334,0.06631233333333333,0.24500000000000002,0.3499666666666667,0.5434519999999999,3
2025-05-18,GOOGL,0.178028,0.08657859999999999,0.735393,0.6769968,0.09188199999999999,0.36,0.31639999999999996,0.42140880000000003,5
2025-05-19,GOOGL,0.1194376,0.029561900000000002,0.8510002999999999,0.7768967,0.078099,0.41850000000000004,0.40379,0.4818149,10
2025-05-20,GOOGL,0.1107342,0.0725657,0.8166998,0.7269658999999999,0.041696199999999996,0.2475,0.28565,0.5294254,10
2025-05-21,GOOGL,0.11570949999999998,0.03392116666666667,0.8503691666666667,0.762874,0.08111349999999999,0.29,0.2986,0.503689,6
2025-05-22,GOOGL,0.14249099999999998,0.032506,0.8250027692307692,0.7441004615384615,0.10610738461538462,0.35423076923076924,0.38928461538461534,0.48827530769230765,13
2025-05-23,GOOGL,0.20545614285714286,0.029691,0.7648527142857143,0.6818554285714286,0.17210057142857144,0.21428571428571427,0.3407142857142857,0.5184942857142857,7
2025-05-24,GOOGL,0.027272499999999998,0.0380435,0.9346840000000001,0.8385585,-0.011686,0.2925,0.38444999999999996,0.5093395,2
2025-05-25,GOOGL,0.15765659999999998,0.0334654,0.8088778,0.7095278,0.119205,0.20999999999999996,0.3424,0.5626782,5
2025-05-26,GOOGL,0.21429849999999998,0.03057775,0.7551235000000001,0.6714175,0.1743385,0.33,0.36595,0.5370075,4
2025-05-27,GOOGL,0.14513225,0.05381766666666667,0.80105,0.7164855,0.08395308333333333,0.235,0.29365,0.511478,12
2025-05-28,GOOGL,0.17904433333333333,0.098255,0.7227005000000001,0.6612533333333334,0.08285916666666666,0.2725,0.35431666666666667,0.4387111666666667,6
2025-05-29,GOOGL,0.02741475,0.05879625,0.91378925,0.79890575,-0.03328125,0.25125000000000003,0.389175,0.589253,4
2025-05-30,GOOGL,0.16653716666666665,0.028916999999999998,0.8045456666666667,0.7231741666666668,0.13617083333333332,0.2175,0.28895,0.4952843333333334,6
2025-05-31,GOOGL,0.1453625,0.0503945,0.8042425,0.7572955,0.08252799999999999,0.735,0.5349,0.356269,2
2025-06-01,GOOGL,0.16986625,0.036226999999999995,0.79390675,0.713837,0.12129424999999999,0.30375,0.343275,0.48083875,4
2025-06-02,GOOGL,0.0838883,0.0396598,0.8764514999999999,0.7891614,0.0440831,0.294,0.31196,0.49523930000000005,10
2025-06-03,GOOGL,0.14346133333333333,0.03133933333333334,0.8251988888888888,0.7422381111111112,0.11236733333333333,0.2833333333333333,0.29411111111111116,0.5034810000000001,9
2025-06-04,GOOGL,0.08400869230769231,0.08741807692307693,0.828573,0.7341694615384615,-0.001847307692307692,0.21461538461538462,0.2722,0.5399093846153846,13
2025-06-05,GOOGL,0.18768880000000002,0.028975,0.7833358,0.7069282,0.16268,0.15899999999999997,0.36506,0.4901726,5
2025-06-06,GOOGL,0.16484585714285713,0.08414971428571429,0.7510038571428571,0.6776438571428571,0.08126428571428572,0.18,0.3097714285714286,0.4922405714285714,7
2025-06-07,GOOGL,0.144564,0.028116,0.827319,0.722273,0.12425,0.15,0.226,0.589905,1
2025-06-08,GOOGL,0.317972,0.033392,0.648636,0.595499,0.255675,0.51,0.4584,0.439736,1
2025-06-09,GOOGL,0.11143309090909091,0.04135609090909091,0.8472106363636364,0.7619564545454545,0.07028409090909091,0.21954545454545454,0.3151,0.4989334545454545,11
2025-06-10,GOOGL,0.10416783333333333,0.06277966666666666,0.833052,0.750641,0.0400395,0.27,0.3493,0.48876650000000005,6
2025-06-11,GOOGL,0.0978533,0.0479681,0.8541779999999999,0.7616224,0.048572500000000005,0.294,0.27896,0.5274696000000001,10
2025-06-12,GOOGL,0.16859625,0.04115658333333333,0.7902469166666667,0.7102734166666668,0.12132258333333333,0.28250000000000003,0.39563333333333334,0.49407358333333334,12
2025-06-13,GOOGL,0.0411404,0.0570986,0.9017611999999999,0.7895398,-0.013691199999999997,0.294,0.35296,0.5801114,5
2025-06-14,GOOGL,0.20060083333333334,0.0644215,0.7349773333333333,0.6635398333333333,0.11846083333333333,0.2775,0.42018333333333335,0.4734965,6
2025-06-15,GOOGL,0.164049,0.0289985,0.806952,0.72246,0.1353865,0.2325,0.23654999999999998,0.510741,2
2025-06-16,GOOGL,0.16470125,0.03313875,0.8021595,0.72660375,0.1324265,0.18,0.4337,0.47724825000000004,4
2025-06-17,GOOGL,0.09978566666666666,0.07582966666666667,0.8243843333333333,0.7339775,0.026487499999999997,0.225,0.3006666666666667,0.5223131666666666,6
2025-06-18,GOOGL,0.11590125,0.075173375,0.808925,0.727083375,0.041047375,0.185625,0.3324875,0.50045175,8
2025-06-19,GOOGL,0.12102622222222223,0.05773877777777778,0.8212346666666667,0.7411563333333333,0.059875,0.24333333333333332,0.2766222222222222,0.48610966666666666,9
2025-06-20,GOOGL,0.1380055,0.053251400000000004,0.8087427999999999,0.7254415,0.08058570000000001,0.27149999999999996,0.36680999999999997,0.5045376,10
2025-06-21,GOOGL,0.233425,0.127019,0.639556,0.5824413333333333,0.08907766666666667,0.36500000000000005,0.36743333333333333,0.46383133333333326,3
2025-06-22,GOOGL,0.15413999999999997,0.028829000000000004,0.8170303333333333,0.7406100000000001,0.130079,0.23,0.2782,0.4774906666666667,3
2025-06-23,GOOGL,0.18936733333333333,0.028946,0.7816856666666667,0.7091476666666666,0.16566666666666666,0.15,0.29933333333333334,0.47587333333333337,3
2025-06-24,GOOGL,0.1800695,0.0307763,0.7891538,0.7072198000000001,0.1485718,0.186,0.28474,0.5061945999999999,10
2025-06-25,GOOGL,0.15930525,0.085775125,0.754919125,0.688807375,0.07661475,0.3225,0.34465,0.454135875,8
2025-06-26,GOOGL,0.105480625,0.0810405,0.8134785,0.72526225,0.026705000000000003,0.255,0.3217,0.51847675,8
2025-06-27,GOOGL,0.16519757142857142,0.050623714285714286,0.7841787142857143,0.7117755714285714,0.10173785714285714,0.3364285714285714,0.35009999999999997,0.45919814285714283,7
2025-06-28,GOOGL,0.07425333333333332,0.07677633333333334,0.84897,0.7683260000000001,-0.003741666666666671,0.285,0.2719,0.48333899999999996,3
2025-06-29,GOOGL,0.19099716666666666,0.06795766666666667,0.7410448333333334,0.6637103333333333,0.122596,0.1975,0.33715,0.5121121666666667,6
2025-06-30,GOOGL,0.1215355,0.02981175,0.8486525,0.773653,0.09095149999999999,0.39749999999999996,0.29264999999999997,0.45718625,4
2025-07-01,GOOGL,0.163194,0.14223333333333335,0.694572,0.633959,0.03020500000000001,0.23,0.3698666666666666,0.4582043333333334,3
2025-07-02,GOOGL,0.08313862500000001,0.08817037500000001,0.828690875,0.745418375,0.006431000000000001,0.28500000000000003,0.34565,0.4910545,8
2025-07-03,GOOGL,0.10404766666666666,0.10508833333333333,0.790864,0.7086946666666667,-0.0008873333333333419,0.19000000000000003,0.33793333333333336,0.5122066666666667,3
2025-07-04,GOOGL,0.14140350000000002,0.07828,0.7803165,0.6916745,0.058574999999999995,0.15,0.27349999999999997,0.5403595,2
2025-07-05,GOOGL,0.10815079999999999,0.05498000000000001,0.8368688000000001,0.7428584,0.0508512,0.21600000000000003,0.34443999999999997,0.5408518,5
2025-07-06,GOOGL,0.15693474999999998,0.08471999999999999,0.758345,0.68757375,0.06605325000000001,0.3225,0.34465,0.47123675,4
2025-07-07,GOOGL,0.121455875,0.092555625,0.785988625,0.723676375,0.04454925,0.28125,0.35125,0.47930700000000004,8
2025-07-08,GOOGL,0.15847833333333333,0.030976444444444442,0.8105448888888889,0.7270616666666666,0.12768955555555556,0.23166666666666666,0.2948777777777778,0.5065735555555555,9
2025-07-09,GOOGL,0.1449725,0.028491875,0.8265355,0.735842375,0.116821875,0.200625,0.3357125,0.520903875,8
2025-07-10,GOOGL,0.10400100000000001,0.050163,0.8458354615384616,0.7622101538461539,0.057709538461538465,0.22384615384615386,0.3064923076923077,0.4939521538461538,13
2025-07-11,GOOGL,0.172884375,0.03398625,0.793128875,0.708368625,0.132570625,0.23625,0.29469999999999996,0.51258625,8
2025-07-12,GOOGL,0.11528183333333332,0.09102516666666666,0.7936925,0.7144741666666667,0.023013833333333327,0.1975,0.24548333333333336,0.4928955,6
2025-07-13,GOOGL,0.129908,0.028638,0.84145325,0.751438,0.103775,0.2625,0.31925000000000003,0.52121125,4
2025-07-14,GOOGL,0.11630510000000001,0.05278780000000001,0.8309067000000001,0.7413068,0.0620513,0.219,0.30096,0.520016,10
2025-07-15,GOOGL,0.1873938888888889,0.029776444444444446,0.7828296666666668,0.7124723333333333,0.14993022222222221,0.27666666666666667,0.3429555555555555,0.4565043333333334,9
2025-07-16,GOOGL,0.11051575,0.133213875,0.75627025,0.6814614999999999,-0.013794624999999998,0.18562499999999998,0.3581125,0.483658125,8
2025-07-17,GOOGL,0.13156816666666668,0.05291216666666667,0.8155195000000001,0.7368375,0.07244583333333333,0.245,0.3166333333333333,0.47815516666666663,6
2025-07-18,GOOGL,0.174779,0.059010299999999995,0.7662107,0.6953939,0.11564110000000001,0.21600000000000003,0.34843999999999997,0.4728411,10
2025-07-19,GOOGL,0.2319445,0.03062275,0.73743275,0.674689625,0.195420375,0.286875,0.2912875,0.44573562499999997,8
2025-07-20,GOOGL,0.0986565,0.07213033333333334,0.8292126666666667,0.7426881666666666,0.025691666666666665,0.265,0.3234333333333333,0.514123,6
2025-07-21,GOOGL,0.08287292857142857,0.04184714285714286,0.8752798571428572,0.7789785,0.03969585714285714,0.3203571428571429,0.35499285714285717,0.5288499285714285,14
2025-07-22,GOOGL,0.04366328571428572,0.032373285714285716,0.9239634285714285,0.820602142857143,0.011350857142857143,0.24,0.33017142857142856,0.5381937142857144,7
2025-07-23,GOOGL,0.1413101052631579,0.04612689473684211,0.8125627368421052,0.7288054210526316,0.09210610526315789,0.2731578947368421,0.40550526315789476,0.5022141052631579,19
2025-07-24,GOOGL,0.218328375,0.055056625,0.7266146875,0.662338375,0.1510016875,0.290625,0.416625,0.4781135,16
2025-07-25,GOOGL,0.13535105,0.06291955,0.8017293999999999,0.71766345,0.06555535,0.32625000000000004,0.355925,0.50070245,20
2025-07-26,GOOGL,0.2272615,0.030658,0.7420804999999999,0.6722975,0.18619125,0.30375,0.398275,0.46763175,4
2025-07-27,GOOGL,0.074989,0.12383333333333335,0.8011773333333334,0.7273486666666668,-0.04397500000000001,0.27,0.3468,0.4649126666666667,3
2025-07-28,GOOGL,0.22675175,0.072959,0.700289125,0.645094375,0.141468125,0.316875,0.48773750000000005,0.415265,8
2025-07-29,GOOGL,0.20190642857142857,0.08622385714285714,0.7118695714285714,0.640866,0.11649928571428572,0.26571428571428574,0.4024857142857143,0.4853472857142857,7
2025-07-30,GOOGL,0.15171776923076924,0.04219623076923077,0.8060856153846154,0.726457,0.10471284615384616,0.2619230769230769,0.3502076923076923,0.4855902307692308,13
2025-07-31,GOOGL,0.1776569375,0.041286,0.781056875,0.7087156875,0.1300975625,0.3065625,0.38048125,0.471074875,16
2025-08-01,GOOGL,0.14931608333333332,0.06734191666666667,0.78334175,0.7107117500000001,0.08017741666666667,0.23,0.35319999999999996,0.46853191666666666,12
2025-08-02,GOOGL,0.1781568888888889,0.031609333333333337,0.7902333333333333,0.7063027777777777,0.14292811111111112,0.255,0.2822555555555556,0.511322,9
2025-08-03,GOOGL,0.163485875,0.058261875,0.778251625,0.70469925,0.103151625,0.26625,0.34365,0.476421,8
2025-08-04,GOOGL,0.19944018181818182,0.02953827272727273,0.771021,0.6949472727272727,0.16820445454545452,0.2127272727272727,0.35459999999999997,0.48736945454545455,11
2025-08-05,GOOGL,0.15797885,0.03851795,0.80350295,0.7250904,0.1172291,0.23475000000000001,0.361565,0.48459640000000004,20
2025-08-06,GOOGL,0.233147,0.030579833333333334,0.7362728333333334,0.6883708333333334,0.18087016666666667,0.325,0.5096666666666666,0.44455516666666667,6
2025-08-07,GOOGL,0.14487355555555556,0.12841966666666668,0.7267065555555556,0.658332,0.019189777777777774,0.24833333333333332,0.47221111111111114,0.46777566666666665,9
2025-08-08,GOOGL,0.1540728888888889,0.06459566666666666,0.7813312222222222,0.7045355555555556,0.08454477777777777,0.22666666666666668,0.34873333333333334,0.4878521111111111,9
2025-08-09,GOOGL,0.10792449999999999,0.030625666666666666,0.8614493333333333,0.7732311666666667,0.07950516666666667,0.1775,0.2720166666666667,0.5035893333333333,6
2025-08-10,GOOGL,0.17145200000000002,0.050018,0.7785299999999999,0.6964618333333333,0.12351316666666667,0.165,0.3569333333333333,0.5172071666666667,6
2025-08-11,GOOGL,0.1105952,0.0671716,0.8222327999999999,0.7414479,0.0448806,0.2265,0.35151000000000004,0.49220810000000004,10
2025-08-12,GOOGL,0.14146514285714287,0.07810328571428571,0.7804315,0.7045645,0.06277078571428571,0.24,0.3519571428571428,0.48023178571428576,14
2025-08-13,GOOGL,0.09291072727272726,0.10004418181818182,0.807045,0.7190587272727273,-0.003161727272727273,0.2413636363636364,0.3007,0.518457909090909,11
2025-08-14,GOOGL,0.13109500000000002,0.05325033333333333,0.8156542222222222,0.7304737777777778,0.07885288888888889,0.25333333333333335,0.3639111111111111,0.5105544444444444,9
2025-08-15,GOOGL,0.06352633333333334,0.085775,0.8506986666666667,0.7527413333333334,-0.0244655,0.17,0.2728,0.5466831666666666,6
2025-08-16,GOOGL,0.125694,0.09136216666666667,0.7829436666666667,0.6967458333333334,0.03911916666666666,0.1975,0.3038166666666667,0.5190403333333333,6
2025-08-17,GOOGL,0.213008,0.07074025,0.716251375,0.65148825,0.1384225,0.223125,0.3158625,0.463553,8
2025-08-18,GOOGL,0.1887257857142857,0.06793192857142857,0.7433422142857143,0.6829404285714286,0.11771664285714287,0.30428571428571427,0.35631428571428575,0.428173,14
2025-08-19,GOOGL,0.18634716666666665,0.029189333333333334,0.78446325,0.699951,0.15315416666666667,0.20125,0.3263416666666667,0.5133156666666666,12
2025-08-20,GOOGL,0.213521,0.030356272727272725,0.7561223636363636,0.6844215454545455,0.17045509090909092,0.31227272727272726,0.34844545454545456,0.4643131818181818,11
2025-08-21,GOOGL,0.15253000000000003,0.0286995,0.8187700000000001,0.72866,0.12303966666666667,0.2175,0.29478333333333334,0.5298755,6
2025-08-22,GOOGL,0.11947816666666666,0.030471416666666667,0.8500500833333334,0.760455,0.08333291666666666,0.27499999999999997,0.3635,0.50418725,12
2025-08-23,GOOGL,0.20824700000000002,0.02963542857142857,0.7621172857142857,0.6827917142857143,0.17489657142857146,0.21,0.3278285714285714,0.5100701428571429,7
2025-08-24,GOOGL,0.24706479999999997,0.0305564,0.7223786000000001,0.653203,0.2086684,0.24900000000000003,0.41466000000000003,0.4785392,5
2025-08-25,GOOGL,0.21523,0.029659833333333333,0.7551096666666667,0.6842953333333334,0.18579166666666666,0.18999999999999997,0.32876666666666665,0.4745391666666667,6
2025-08-26,GOOGL,0.15878566666666666,0.030314266666666666,0.8108998,0.7328642666666667,0.12760313333333334,0.254,0.36702666666666667,0.48310993333333335,15
2025-08-27,GOOGL,0.1898387777777778,0.06131077777777778,0.7488498888888889,0.6747301111111111,0.12308466666666666,0.21833333333333335,0.38034444444444443,0.48294777777777775,9
2025-08-28,GOOGL,0.1712615,0.029888722222222226,0.7988493333333334,0.7107764444444444,0.13813266666666665,0.19583333333333333,0.40408333333333335,0.5283492222222222,18
2025-08-29,GOOGL,0.13445157142857142,0.1424102857142857,0.723138,0.6541680000000001,-0.01466785714285715,0.20142857142857143,0.3463428571428572,0.47696828571428573,7
2025-08-30,GOOGL,0.1492138,0.0286446,0.8221412000000001,0.7287918,0.11991,0.21600000000000003,0.23744,0.5337286000000001,5
2025-08-31,GOOGL,0.130688,0.028347333333333335,0.8409646666666667,0.7364873333333334,0.10235833333333333,0.21,0.3697333333333333,0.5701933333333333,3
2025-09-01,GOOGL,0.124945,0.027888,0.847167,0.7494235,0.097519,0.1725,0.28865,0.5443899999999999,2
2025-09-02,GOOGL,0.1529571111111111,0.080287,0.7667557777777777,0.6942255555555555,0.07794911111111111,0.32499999999999996,0.3266111111111111,0.46769711111111106,9
2025-09-03,GOOGL,0.08657971428571429,0.11154890476190477,0.8018714285714287,0.7298172857142857,-0.01565757142857143,0.3742857142857143,0.4234476190476191,0.4575071904761905,21
2025-09-04,GOOGL,0.10945475,0.09509895,0.7954461,0.7141401,0.01925805,0.3225,0.37415000000000004,0.50223575,20
2025-09-05,GOOGL,0.13211605882352942,0.07720388235294118,0.7906799411764706,0.7103073529411764,0.059117352941176475,0.25676470588235295,0.3231823529411764,0.49409635294117643,17
2025-09-06,GOOGL,0.066412,0.03477666666666667,0.8988109999999999,0.7891003333333333,0.033625999999999996,0.25,0.35166666666666674,0.5717613333333333,3
2025-09-07,GOOGL,0.165742,0.0712893076923077,0.7629684615384615,0.693347076923077,0.09501261538461538,0.24000000000000002,0.3716,0.4613496923076923,13
2025-09-08,GOOGL,0.11525405555555555,0.070465,0.8142807777777779,0.7406228888888889,0.045634777777777774,0.35583333333333333,0.3715388888888889,0.4605721666666667,18
2025-09-09,GOOGL,0.13610234782608696,0.06574630434782609,0.7981511304347827,0.7218307826086957,0.07204191304347826,0.27195652173913043,0.3450739130434783,0.4780329130434783,23
2025-09-10,GOOGL,0.12452305555555555,0.05022711111111111,0.8252496111111111,0.7440754444444444,0.071046,0.2758333333333333,0.3926722222222222,0.4856785555555556,18
2025-09-11,GOOGL,0.16026892857142855,0.05552621428571428,0.7842045714285714,0.7072126428571429,0.09820949999999999,0.24107142857142858,0.35982142857142857,0.4846296428571429,14
2025-09-12,GOOGL,0.13778782352941177,0.06757682352941176,0.7946351176470587,0.7094593529411765,0.07225211764705883,0.21441176470588236,0.3599588235294118,0.5156449411764706,17
2025-09-13,GOOGL,0.18882600000000002,0.034868,0.7763059999999999,0.6950886666666666,0.15072699999999997,0.15,0.331,0.5134186666666667,3
2025-09-14,GOOGL,0.2202995,0.030173,0.749527,0.679488,0.1884095,0.255,0.46795,0.477159,4
2025-09-15,GOOGL,0.1749161818181818,0.06026545454545454,0.7648184545454545,0.6949766363636364,0.11949272727272726,0.28363636363636363,0.3050727272727273,0.4615563636363636,11
2025-09-16,GOOGL,0.18088793749999998,0.0552701875,0.7638418125,0.6885964375,0.1178280625,0.2915625,0.31694375,0.471780375,16
2025-09-17,GOOGL,0.16291977777777777,0.04198494444444444,0.795095,0.7145431111111111,0.1161566111111111,0.2516666666666667,0.33640000000000003,0.4972189444444445,18
2025-09-18,GOOGL,0.1337384,0.0282009,0.8380601999999999,0.7506572,0.1067176,0.192,0.29178000000000004,0.5076324999999999,10
2025-09-19,GOOGL,0.1462725,0.05985000000000001,0.7938773333333332,0.715519,0.08521033333333333,0.1775,0.3861833333333333,0.48921966666666666,6
2025-09-20,GOOGL,0.029498000000000003,0.1851935,0.7853085,0.7070514999999999,-0.141206,0.27,0.2393,0.4718485,2
2025-09-21,GOOGL,0.034246,0.449054,0.5167,0.472687,-0.363375,0.27,0.3968,0.4506,1
2025-09-22,GOOGL,0.08624457142857142,0.14855828571428573,0.7651971428571428,0.7000019999999999,-0.04318671428571429,0.2592857142857143,0.3738714285714286,0.49903200000000003,7
2025-09-23,GOOGL,0.12908324999999998,0.14145749999999999,0.7294585,0.66688675,0.0034875000000000045,0.3,0.38325,0.44378249999999997,4
2025-09-24,GOOGL,0.089465,0.07957077777777778,0.830964,0.7505413333333333,0.012255777777777775,0.205,0.4102555555555556,0.485705,9
2025-09-25,GOOGL,0.16157866666666668,0.02931866666666667,0.8091020000000001,0.7357666666666667,0.13229133333333334,0.2775,0.32185,0.4658458333333333,6
2025-09-26,GOOGL,0.18383,0.13977219999999999,0.6763974,0.6199374,0.04565460000000001,0.30300000000000005,0.38902000000000003,0.43301540000000005,5
2025-09-27,GOOGL,0.15797733333333333,0.053367500000000005,0.7886548333333333,0.7067271666666667,0.10026499999999999,0.24,0.3424333333333333,0.5100661666666667,6
2025-09-28,GOOGL,0.17217383333333336,0.05361783333333334,0.7742081666666666,0.695488,0.11097233333333334,0.245,0.3841333333333334,0.4940176666666667,6
2025-09-29,GOOGL,0.15028233333333332,0.03681683333333333,0.8129004166666666,0.7280570000000001,0.11268149999999999,0.1875,0.2804166666666667,0.5095670833333333,12
2025-09-30,GOOGL,0.23356141176470588,0.030521999999999997,0.7359163529411765,0.6738537647058823,0.1937490588235294,0.2761764705882353,0.34184117647058826,0.4372638235294118,17
2025-10-01,GOOGL,0.1655642,0.0575581,0.7768776,0.7035682,0.10868459999999999,0.1875,0.42275,0.4727303,10
2025-10-02,GOOGL,0.14025857142857143,0.05163585714285714,0.808105142857143,0.7324152857142857,0.08516971428571428,0.23571428571428574,0.3472857142857143,0.47253371428571433,7
2025-10-03,GOOGL,0.164404875,0.0313545,0.804240375,0.717152125,0.12935975,0.22875,0.3609,0.5188747499999999,8
2025-10-04,GOOGL,0.027639,0.08256866666666667,0.8897923333333333,0.7709793333333333,-0.057876000000000004,0.235,0.2549,0.607047,3
2025-10-05,GOOGL,0.1917742857142857,0.029859714285714288,0.7783652857142858,0.7101847142857143,0.15807242857142856,0.2871428571428572,0.3697714285714286,0.45504085714285714,7
2025-10-06,GOOGL,0.12363966666666666,0.0755642,0.8007960666666667,0.7321261333333333,0.0513772,0.263,0.35908666666666667,0.4782578,15
2025-10-07,GOOGL,0.10432007692307692,0.04082161538461538,0.8548581538461538,0.7691806153846154,0.058270538461538464,0.2976923076923077,0.28775384615384614,0.4905553846153846,13
2025-10-08,GOOGL,0.16236244444444445,0.028708555555555557,0.8089285555555557,0.7276555555555555,0.133525,0.19,0.25404444444444446,0.4966522222222223,9
2025-10-09,GOOGL,0.1975907857142857,0.06275514285714286,0.7396536428571429,0.6790355714285715,0.1268167857142857,0.28285714285714286,0.34759999999999996,0.47745921428571425,14
2025-10-10,GOOGL,0.1582228125,0.0443423125,0.7974346875,0.719067875,0.112342875,0.22968750000000002,0.30715625,0.48719250000000003,16
2025-10-11,GOOGL,0.156597625,0.054933875,0.7884679375,0.706629625,0.1037768125,0.2165625,0.35925625,0.5078378125,16
2025-10-12,GOOGL,0.1501345,0.04038092,0.8094842800000001,0.7219880399999999,0.10664795999999999,0.25079999999999997,0.35227200000000003,0.51992686,50
2025-10-13,GOOGL,0.15784938953488373,0.05277049418604651,0.7893798779069767,0.7121364476744186,0.10049697674418605,0.23668604651162792,0.37178139534883725,0.4954511220930232,172
2025-10-14,GOOGL,0.15682970161290322,0.05384925,0.7893207661290323,0.7177372903225807,0.0977411693548387,0.2759274193548387,0.39915806451612906,0.46492188709677423,248
2025-10-15,GOOGL,0.17087118222222222,0.04434512,0.7847834844444443,0.7088501466666667,0.12030303555555555,0.25053333333333333,0.3978702222222222,0.4804350533333333,225
2025-10-16,GOOGL,0.15447231779661016,0.056831707627118644,0.7886957415254238,0.722055906779661,0.0907898347457627,0.2726694915254237,0.38741101694915253,0.47791179661016947,236
2025-10-17,GOOGL,0.14089914772727272,0.06536525,0.7937353579545454,0.715907090909091,0.07317519886363637,0.24136363636363634,0.3823193181818182,0.4908732045454546,176
2025-10-18,GOOGL,0.12502262295081967,0.05973580327868852,0.815241393442623,0.7421269836065574,0.060128213114754095,0.2862295081967213,0.3645311475409836,0.4761707540983607,61
2025-10-19,GOOGL,0.18459924137931036,0.04758414942528736,0.7678163793103449,0.7020863793103449,0.12809480459770115,0.3527586206896552,0.3644206896551724,0.44394616091954026,87
2025-10-20,GOOGL,0.18828335714285713,0.04152228571428571,0.7701941428571428,0.6991786428571428,0.1356097857142857,0.28928571428571426,0.31835714285714284,0.4653057142857143,14
2025-10-21,GOOGL,0.10006138461538461,0.10134515384615385,0.7985933076923076,0.7234096923076923,-0.004434461538461541,0.3288461538461539,0.3521923076923077,0.47205576923076925,13
2025-10-22,GOOGL,0.1312689230769231,0.042849307692307693,0.8258812307692308,0.7478970769230769,0.088609,0.2803846153846154,0.41186923076923077,0.48062984615384613,13
2025-10-23,GOOGL,0.19536266666666666,0.041371766666666664,0.7632652,0.6982233333333333,0.14740313333333335,0.32,0.3806333333333333,0.44284093333333335,30
2025-10-24,GOOGL,0.10170518181818182,0.04495063636363636,0.8533441818181818,0.7587968181818181,0.05184545454545455,0.30409090909090913,0.40566363636363634,0.5270752727272727,11
2025-10-25,GOOGL,0.1861632,0.032037300000000005,0.7817991,0.7688912,0.13226849999999998,0.5730000000000001,0.41782,0.4255928,10
2025-10-26,GOOGL,0.1485869,0.029392400000000003,0.8220202000000001,0.7419934,0.1161095,0.324,0.36266,0.48452080000000003,10
2025-10-27,GOOGL,0.12202517857142857,0.04976853571428571,0.8282059642857142,0.7424940714285714,0.07239682142857143,0.2866071428571429,0.3278035714285714,0.5041482857142857,28
2025-10-28,GOOGL,0.20892475862068965,0.03614206896551724,0.7549330344827586,0.7040084482758621,0.15739079310344825,0.3274137931034483,0.3647689655172414,0.4587153448275862,29
2025-10-29,GOOGL,0.15275744117647058,0.03454132352941176,0.8127010294117647,0.7456908529411764,0.10115273529411764,0.48132352941176476,0.43938529411764704,0.46392167647058824,34
2025-10-30,GOOGL,0.1848570882352941,0.0700584705882353,0.745084294117647,0.6862724411764706,0.09811685294117647,0.4420588235294117,0.46500588235294116,0.4412060588235294,34
2025-10-31,GOOGL,0.17439376470588233,0.059580499999999995,0.7660257352941177,0.7053725000000001,0.10609323529411764,0.3542647058823529,0.4169205882352941,0.44616767647058825,34
2025-11-01,GOOGL,0.16767722222222223,0.062269444444444454,0.7700533333333334,0.7012204444444445,0.09611511111111111,0.3566666666666667,0.4518222222222222,0.48281955555555556,9
2025-11-02,GOOGL,0.18975003225806453,0.05371658064516129,0.7565331935483871,0.6933637741935484,0.12784506451612904,0.3333870967741936,0.3804483870967742,0.45538445161290325,31
2025-11-03,GOOGL,0.15448842857142855,0.048213591836734696,0.7972977346938775,0.7265949183673469,0.09864385714285713,0.34806122448979593,0.39752448979591837,0.46505734693877554,49
2025-11-04,GOOGL,0.16719033333333333,0.04446197619047619,0.7883473571428571,0.7209800476190475,0.11261164285714284,0.4253571428571429,0.38176428571428567,0.4447257857142857,42
2025-11-05,GOOGL,0.16826194444444445,0.048654611111111114,0.7830832037037037,0.7221242037037037,0.11097557407407407,0.4402777777777778,0.4195092592592593,0.436761962962963,54
2025-11-06,GOOGL,0.17938823529411763,0.07036614705882353,0.7502454117647059,0.6969237647058824,0.09218214705882352,0.4711764705882353,0.4187294117647059,0.40987235294117647,34
2025-11-07,GOOGL,0.2146141,0.04195783333333333,0.7434278,0.6896828,0.14938869999999999,0.5105,0.42957,0.3918834666666667,30
2025-11-08,GOOGL,0.24589125925925928,0.06157885185185186,0.6925298148148149,0.6420755185185185,0.16058025925925926,0.40166666666666667,0.4223074074074074,0.3987434814814815,27
2025-11-09,GOOGL,0.23342676190476191,0.0319877619047619,0.7345851428571428,0.682541238095238,0.17553157142857143,0.49000000000000005,0.4199333333333333,0.40137819047619044,21
2025-11-10,GOOGL,0.2274533,0.04277496666666667,0.7297715,0.6761071333333334,0.16676873333333334,0.41150000000000003,0.43590999999999996,0.4201208,30
2025-11-11,GOOGL,0.2584182666666667,0.053676166666666664,0.6879055333333334,0.6496541333333333,0.174085,0.5399999999999999,0.48960000000000004,0.3830191,30
2025-11-12,GOOGL,0.14100425,0.044514399999999996,0.8144811000000001,0.7307405,0.0930551,0.2685,0.35679000000000005,0.5028075000000001,20
2025-11-13,GOOGL,0.0892553125,0.11727418749999999,0.7934703125,0.7269523125,-0.01737325,0.25875,0.3461,0.529266625,16
2025-11-14,GOOGL,0.09388804545454545,0.08027727272727272,0.8258344090909091,0.7470549545454546,0.021870636363636366,0.2856818181818182,0.35849545454545456,0.5148380909090909,22
2025-11-15,GOOGL,0.21134733333333333,0.031363666666666665,0.7572887777777777,0.7231946666666667,0.15780033333333332,0.4633333333333333,0.5064222222222222,0.4557096666666667,9
2025-11-16,GOOGL,0.23825726923076923,0.04234226923076923,0.7194003846153846,0.6800080000000001,0.16853088461538462,0.5503846153846154,0.46078461538461535,0.3677804230769231,26
2025-11-17,GOOGL,0.14555339473684212,0.07544476315789474,0.7790017105263157,0.7151830263157894,0.06281327631578948,0.4263157894736842,0.4042236842105263,0.45263296052631574,76
2025-11-18,GOOGL,0.19470925581395349,0.060132069767441856,0.7451585116279069,0.6930270930232558,0.11721572093023257,0.4154651162790698,0.4050953488372093,0.4208517441860465,43
2025-11-19,GOOGL,0.19324286792452833,0.06067296226415094,0.7460840754716982,0.7037727735849056,0.11366973584905661,0.40471698113207544,0.4360943396226415,0.43442250943396227,53
2025-11-20,GOOGL,0.1814216,0.04806342222222222,0.7705148444444444,0.7104086666666667,0.11901284444444446,0.35966666666666663,0.4103977777777778,0.4439711777777778,45
2025-11-21,GOOGL,0.17681324074074073,0.045970722222222225,0.7772158148148148,0.7185042962962963,0.11466853703703704,0.4247222222222223,0.3986648148148148,0.4318612222222222,54
2025-11-22,GOOGL,0.23635213513513514,0.04563137837837838,0.7180162432432432,0.6861647297297297,0.1649462972972973,0.5014864864864865,0.44915405405405406,0.38943483783783783,37
2025-11-23,GOOGL,0.19895783333333333,0.031634999999999996,0.7694069722222223,0.7104962777777778,0.15190533333333334,0.44125,0.39710833333333334,0.4228133055555556,36
2025-11-24,GOOGL,0.2224190810810811,0.038042472972972974,0.7395383243243243,0.6897437297297297,0.16375432432432432,0.3920270270270271,0.41538378378378377,0.4395320135135135,74
2025-11-25,GOOGL,0.20273563768115943,0.060689724637681165,0.7365744782608695,0.6829457536231884,0.1242732463768116,0.37543478260869567,0.43235797101449275,0.45480643478260874,69
2025-11-26,GOOGL,0.15569330952380953,0.07552688095238096,0.7687796428571428,0.7035636666666667,0.07240428571428573,0.37214285714285716,0.41081428571428574,0.4667572380952381,42
2025-11-27,GOOGL,0.18669628571428573,0.05545739285714286,0.7578461428571428,0.7011988214285714,0.11551674999999999,0.4055357142857143,0.4452035714285714,0.43362521428571427,28
2025-11-28,GOOGL,0.18875904255319148,0.0798608085106383,0.7313798936170214,0.6810685531914893,0.10199540425531914,0.40308510638297873,0.41332553191489363,0.4280435319148936,47
2025-11-29,GOOGL,0.16227377777777777,0.030423148148148147,0.807302962962963,0.7283523703703705,0.12098892592592593,0.35111111111111115,0.43215555555555557,0.47736962962962964,27
2025-11-30,GOOGL,0.1906145,0.053396794117647056,0.7559884411764707,0.6893699411764705,0.12148129411764706,0.3975,0.42235588235294114,0.4497035294117647,34
2025-12-01,GOOGL,0.1759031527777778,0.050174125,0.7739225416666666,0.717120388888889,0.11324430555555555,0.38333333333333336,0.4269305555555556,0.45970555555555553,72
2025-12-02,GOOGL,0.21358068181818182,0.038341545454545455,0.7480775909090909,0.6900199848484849,0.15554227272727272,0.4243181818181818,0.4561621212121212,0.42615169696969696,66
2025-12-03,GOOGL,0.20034985106382977,0.045962234042553195,0.7536877446808511,0.6943859361702127,0.1353444680851064,0.4391489361702128,0.4395234042553191,0.43205804255319147,47
2025-12-04,GOOGL,0.14437244444444444,0.06305186666666668,0.7925753999999999,0.7225811777777779,0.07396564444444444,0.3516666666666667,0.35801111111111117,0.45107988888888884,45
2025-12-05,GOOGL,0.14843542222222222,0.05222133333333333,0.7993430666666667,0.7205488444444444,0.09009833333333334,0.33866666666666667,0.3938133333333333,0.4938342222222222,45
2025-12-06,GOOGL,0.1511488823529412,0.04250564705882353,0.8063449411764706,0.7204134705882352,0.10503388235294119,0.24529411764705883,0.3642823529411765,0.5131749411764706,17
2025-12-07,GOOGL,0.1246796875,0.076433125,0.798887125,0.7150625,0.046664250000000004,0.200625,0.3413375,0.507387375,16
2025-12-08,GOOGL,0.1994912264150943,0.0483561320754717,0.7521523962264152,0.6919821132075472,0.13926964150943397,0.3172641509433963,0.45796415094339626,0.46463350943396226,53
2025-12-09,GOOGL,0.15854978333333333,0.07498273333333333,0.7664672166666667,0.7097114999999999,0.08155069999999999,0.30874999999999997,0.419975,0.47408715,60
2025-12-10,GOOGL,0.13814784,0.0775106,0.78434136,0.71261124,0.05983988,0.2727,0.41471800000000003,0.48222006,50
2025-12-11,GOOGL,0.1432236851851852,0.056248351851851855,0.8005279259259259,0.7278580925925927,0.08101677777777778,0.27166666666666667,0.3982,0.48780285185185185,54
2025-12-12,GOOGL,0.1699051923076923,0.06942628846153845,0.7606684038461539,0.7136665769230769,0.09201815384615385,0.34730769230769226,0.45798846153846157,0.46266382692307695,52
2025-12-13,GOOGL,0.11543264,0.07611228,0.80845488,0.72287504,0.04013896,0.27,0.3486,0.50814292,25
2025-12-14,GOOGL,0.16901694871794873,0.043733820512820515,0.7872490512820512,0.7138164102564103,0.11494415384615383,0.37,0.40195384615384616,0.46411656410256413,39
2025-12-15,GOOGL,0.13245852830188679,0.0646383962264151,0.8029028113207547,0.7275230754716981,0.0638358679245283,0.28047169811320755,0.3658320754716981,0.48381520754716983,53
2025-12-16,GOOGL,0.18233828571428573,0.05543787142857143,0.7622237714285713,0.6948994571428571,0.11879378571428571,0.3070714285714286,0.37061857142857146,0.4565382571428572,70
2025-12-17,GOOGL,0.1535783,0.053280799999999996,0.7931407285714286,0.7223354142857144,0.08980627142857142,0.3831428571428572,0.4139114285714286,0.47393758571428574,70
2025-12-18,GOOGL,0.15031889325842696,0.045331792134831454,0.8043490280898876,0.7283605168539325,0.1038045393258427,0.23140449438202246,0.35061573033707866,0.4779874943820224,178
2025-12-19,GOOGL,0.22990060784313726,0.04636221568627451,0.7237370588235293,0.6887244705882354,0.15965754901960785,0.4049019607843137,0.46325490196078434,0.4156900980392157,51
2025-12-20,GOOGL,0.15089144444444444,0.08102392592592593,0.7680845555555555,0.7090024074074074,0.06357096296296295,0.395,0.45115185185185186,0.4610236296296296,27
2025-12-21,GOOGL,0.16127475675675676,0.09284045945945946,0.7458847027027027,0.6865621081081081,0.05818691891891892,0.3952702702702703,0.4693918918918919,0.4502786216216216,37
2025-12-22,GOOGL,0.18901795833333335,0.04542820833333333,0.7655536458333333,0.7023108333333333,0.13124325,0.3459375,0.41563958333333334,0.4551172708333333,48
2025-12-23,GOOGL,0.1664463125,0.065704,0.767849578125,0.704563375,0.09264740625,0.344296875,0.4369046875,0.4701038125,64
2025-12-24,GOOGL,0.22200754285714286,0.035782914285714285,0.7422092571428571,0.6816898285714286,0.17372845714285715,0.32957142857142857,0.4254828571428571,0.42719285714285715,35
2025-12-25,GOOGL,0.16747145454545453,0.044906,0.7876223181818183,0.7196461818181819,0.11224022727272728,0.37431818181818177,0.4272681818181818,0.45142804545454546,22
2025-12-26,GOOGL,0.1730757837837838,0.07873278378378379,0.7481913513513514,0.693085027027027,0.07840232432432433,0.3490540540540541,0.44516486486486484,0.4408521081081081,37
2025-12-27,GOOGL,0.11900871428571429,0.05588878571428572,0.8251023571428571,0.7423528928571429,0.06040632142857143,0.27589285714285716,0.43273214285714284,0.4928912142857143,28
2025-12-28,GOOGL,0.16318503846153845,0.03282042307692307,0.8039943461538462,0.7203858846153846,0.12232173076923078,0.315,0.43863846153846153,0.5007100384615385,26
2025-12-29,GOOGL,0.195126425,0.051304,0.753569375,0.6866774999999999,0.132731825,0.356625,0.44175250000000005,0.450857725,40
2025-12-30,GOOGL,0.20811382222222222,0.06432033333333333,0.7275656222222223,0.7057339555555555,0.12449424444444444,0.3776666666666667,0.45818444444444445,0.43983706666666667,45
2025-12-31,GOOGL,0.1533825681818182,0.06182147727272727,0.78479575,0.7089326136363636,0.08183513636363636,0.37193181818181814,0.44338863636363635,0.47589165909090914,44
2026-01-01,GOOGL,0.1699753953488372,0.07472704651162791,0.7552974186046512,0.6917204883720931,0.08880962790697673,0.3446511627906977,0.4306697674418604,0.44950530232558145,43
2026-01-02,GOOGL,0.20792206382978723,0.05998065957446809,0.7320971702127659,0.6823599148936169,0.1353288085106383,0.35712765957446807,0.4506787234042553,0.4453398085106383,47
2026-01-03,GOOGL,0.19639307692307695,0.04574634615384616,0.7578602692307693,0.6968582307692308,0.1396771923076923,0.37846153846153846,0.4327153846153846,0.43340842307692307,26
2026-01-04,GOOGL,0.1650557037037037,0.03569655555555556,0.7992476666666667,0.7255408148148148,0.12160959259259257,0.305,0.39944074074074076,0.4648414074074074,27
2026-01-05,GOOGL,0.18309003571428573,0.050762428571428576,0.7661473392857143,0.6992181607142857,0.12281005357142857,0.27723214285714287,0.4032767857142857,0.46913389285714285,56
2026-01-06,GOOGL,0.202457675,0.048758075,0.748784125,0.6841175749999999,0.139931525,0.335625,0.4168625,0.45347925,40
2026-01-07,GOOGL,0.19929814545454544,0.04821201818181819,0.7524896727272727,0.6870855636363636,0.1407822,0.34336363636363637,0.4132890909090909,0.44666116363636366,55
2026-01-08,GOOGL,0.15931391379310345,0.05172198275862069,0.7889639137931034,0.7176197586206897,0.09913060344827586,0.2925,0.42238103448275865,0.47028248275862067,58
2026-01-09,GOOGL,0.17307711999999997,0.06270684,0.76421606,0.69795342,0.10217264,0.3033,0.41602199999999995,0.4667699,50
2026-01-10,GOOGL,0.15633184,0.03277308,0.81089488,0.7303561999999999,0.12207936,0.2148,0.346432,0.49099792000000003,25
2026-01-11,GOOGL,0.1790304285714286,0.07201142857142857,0.7489578857142858,0.6828870571428572,0.09363119999999998,0.324,0.42730285714285715,0.4474420571428572,35
2026-01-12,GOOGL,0.2686037011494253,0.0485656091954023,0.6828306206896552,0.6583141954022989,0.18844062068965517,0.4424137931034483,0.5234091954022988,0.40137158620689656,87
2026-01-13,GOOGL,0.2323262048192771,0.05358548192771084,0.7140881927710844,0.6867952289156627,0.14966273493975904,0.42271084337349396,0.5061915662650602,0.4265067710843373,83
2026-01-14,GOOGL,0.18719214925373134,0.046697805970149255,0.7661098955223881,0.7058905373134329,0.12672098507462687,0.2948507462686567,0.4147268656716418,0.4714167313432836,67
2026-01-15,GOOGL,0.2264081896551724,0.04092379310344828,0.732667827586207,0.690734948275862,0.16137212068965517,0.41456896551724143,0.4659534482758621,0.4172248620689655,58
2026-01-16,GOOGL,0.18315716129032258,0.06290077419354839,0.7539419193548388,0.7001189193548387,0.10543014516129032,0.34766129032258064,0.42497903225806455,0.4469195967741936,62
2026-01-17,GOOGL,0.14299740625,0.06289440625,0.79410809375,0.72714303125,0.074175375,0.4040625,0.449725,0.4535855,32
2026-01-18,GOOGL,0.1263225,0.11873925,0.7549380625,0.69995246875,0.015186625000000002,0.481875,0.47665,0.42850925,32
2026-01-19,GOOGL,0.15082373529411766,0.08831420588235295,0.7608619117647059,0.7076996176470588,0.05890508823529411,0.375,0.48308823529411765,0.44530902941176476,34
2026-01-20,GOOGL,0.17424474193548387,0.07224175806451613,0.753513370967742,0.689939064516129,0.0921838064516129,0.4086290322580645,0.42643387096774193,0.44567519354838714,62
2026-01-21,GOOGL,0.18119346296296296,0.05575018518518519,0.7630560185185185,0.7001667592592592,0.11448187037037037,0.33722222222222226,0.4155814814814815,0.4471585925925926,54
2026-01-22,GOOGL,0.19473325,0.042561016666666666,0.7627056166666667,0.7008383499999999,0.1386474,0.33625,0.422325,0.4655836666666667,60
2026-01-23,GOOGL,0.2274503090909091,0.056213072727272724,0.7163364909090909,0.6972358181818182,0.14459938181818183,0.42000000000000004,0.4701636363636364,0.4281703272727273,55
2026-01-24,GOOGL,0.1586185769230769,0.08377857692307693,0.7576025384615384,0.6996411153846154,0.06864523076923078,0.48000000000000004,0.5003153846153846,0.4416612692307692,26
2026-01-25,GOOGL,0.09364803225806452,0.1304525806451613,0.7758992903225806,0.7334086774193549,-0.02591283870967742,0.5085483870967742,0.5030677419354839,0.43034825806451615,31
2026-01-26,GOOGL,0.1486872448979592,0.1075444693877551,0.7437681224489795,0.6912519387755102,0.04442955102040816,0.41591836734693877,0.5050857142857142,0.4258233673469388,49
2026-01-27,GOOGL,0.165054578125,0.080348390625,0.75459678125,0.688965828125,0.082486390625,0.346875,0.45590625,0.448099578125,64
2026-01-28,GOOGL,0.1397752372881356,0.07616242372881356,0.7840622542372881,0.7225011525423729,0.06555022033898304,0.3254237288135593,0.4206440677966102,0.46103196610169495,59
2026-01-29,GOOGL,0.15808011111111112,0.07967563492063492,0.7622441111111111,0.7013309206349206,0.0776112380952381,0.33690476190476193,0.47176984126984123,0.46897995238095236,63
2026-01-30,GOOGL,0.15674043396226414,0.0713547358490566,0.7719046981132076,0.6998385660377359,0.08140332075471698,0.31839622641509435,0.4337264150943396,0.4709996037735849,53
2026-01-31,GOOGL,0.17439233333333334,0.08011175,0.7454958333333334,0.6856871458333332,0.08761629166666667,0.41,0.4449208333333334,0.43307277083333334,48
2026-02-01,GOOGL,0.19880428125,0.078340125,0.722855375,0.68369315625,0.1123488125,0.44015625,0.473715625,0.42092675,32
2026-02-02,GOOGL,0.15162017307692308,0.06915932692307693,0.77922025,0.7144982884615385,0.07768101923076923,0.3923076923076923,0.46915384615384614,0.45359851923076927,52
2026-02-03,GOOGL,0.18613412,0.06219362666666666,0.7516719466666667,0.6937609466666667,0.10897801333333333,0.3336,0.4714906666666667,0.4592283466666667,75
2026-02-04,GOOGL,0.15519186,0.08557418,0.75923379,0.69467623,0.06303102,0.33555,0.463187,0.46816777000000004,100
2026-02-05,GOOGL,0.1421305930232558,0.073684,0.7841853023255815,0.7145883255813954,0.05946761627906976,0.31674418604651167,0.42629767441860467,0.4833473139534884,86
2026-02-06,GOOGL,0.15741845679012345,0.06301865432098766,0.7795627037037037,0.7036170864197531,0.08972703703703704,0.26296296296296295,0.412,0.4885098765432099,81
2026-02-07,GOOGL,0.18078610204081633,0.0595655306122449,0.7596482448979591,0.6952870408163265,0.10962826530612245,0.33734693877551025,0.4523510204081632,0.4527108163265306,49
2026-02-08,GOOGL,0.22705929411764705,0.04584011764705882,0.7271004117647059,0.6793707352941176,0.16215988235294115,0.34411764705882353,0.4503823529411765,0.457619,34
2026-02-09,GOOGL,0.12820865,0.05665475,0.8151363666666668,0.7324148166666667,0.07025563333333333,0.28800000000000003,0.37725333333333333,0.5039671166666666,60
2026-02-10,GOOGL,0.14882812222222222,0.07909246666666667,0.7720792,0.7020936888888889,0.06964896666666666,0.28833333333333333,0.4142,0.4638931,90
2026-02-11,GOOGL,0.18468403260869565,0.08966234782608697,0.7256535652173912,0.6801459782608695,0.08653869565217391,0.3285326086956522,0.4724076086956522,0.45227715217391307,92
2026-02-12,GOOGL,0.1708417808219178,0.052868520547945205,0.7762895342465753,0.7115286164383562,0.10977002739726026,0.33986301369863015,0.4449369863013699,0.46125620547945206,73
2026-02-13,GOOGL,0.16068280597014925,0.07982362686567164,0.7594934776119403,0.6940931492537313,0.07368028358208956,0.35529850746268654,0.4640850746268657,0.45016449253731344,67
2026-02-14,GOOGL,0.1571041707317073,0.07223339024390243,0.7706623170731708,0.706514731707317,0.0818440243902439,0.3797560975609756,0.44094634146341466,0.4458651463414634,41
2026-02-15,GOOGL,0.19541337837837838,0.06760964864864864,0.7369769189189189,0.6866341621621622,0.11145245945945946,0.36445945945945946,0.4605378378378378,0.43942518918918916,37
2026-02-16,GOOGL,0.212039,0.057151233333333336,0.7308097666666666,0.6647771,0.1462972,0.243,0.41795333333333334,0.4730090333333334,30
2026-02-17,GOOGL,0.16247679310344826,0.061910620689655166,0.7756124482758622,0.7020986379310346,0.09406998275862069,0.2953448275862069,0.4320551724137931,0.4752451034482758,58
2026-02-18,GOOGL,0.17270124137931034,0.059970155172413796,0.7673285,0.7085201724137931,0.1020264827586207,0.2974137931034483,0.4175,0.4758025517241379,58
2026-02-19,GOOGL,0.19501536923076923,0.06599975384615385,0.7389847692307693,0.6923135692307693,0.11359446153846153,0.3410769230769231,0.44704307692307693,0.43357098461538457,65
2026-02-20,GOOGL,0.17304052727272728,0.07760269090909092,0.7493567454545454,0.6925258,0.0848368,0.32727272727272727,0.4324545454545455,0.4546616,55
2026-02-21,GOOGL,0.17805146341463415,0.07088358536585367,0.7510647804878049,0.7014949512195121,0.10052478048780487,0.2630487804878049,0.4285829268292683,0.4610600243902439,41
2026-02-22,GOOGL,0.14051303125,0.075402875,0.784084,0.714147,0.058005625,0.23859375,0.393778125,0.48220365625,32
2026-02-23,GOOGL,0.15352180357142856,0.06260748214285715,0.7838705357142857,0.7140070714285714,0.08091894642857143,0.2592857142857143,0.4297642857142857,0.49207930357142854,56
2026-02-24,GOOGL,0.16726958333333333,0.07592183333333334,0.7568084666666667,0.6952741666666667,0.08685678333333334,0.33175000000000004,0.402795,0.45584068333333333,60
2026-02-25,GOOGL,0.18126157142857144,0.05496951785714286,0.7637687857142856,0.6931925892857143,0.11869646428571427,0.2742857142857143,0.4037928571428572,0.4682000357142857,56
2026-02-26,GOOGL,0.1907604915254237,0.054930457627118644,0.7543090338983051,0.6904677118644068,0.12264883050847458,0.39661016949152544,0.45883050847457624,0.43404677966101696,59
2026-02-27,GOOGL,0.16794789830508472,0.06149845762711864,0.7705534576271187,0.7102611525423729,0.09754942372881355,0.34423728813559323,0.43814237288135593,0.448225406779661,59
2026-02-28,GOOGL,0.1444067948717949,0.059945897435897434,0.7956471794871794,0.7234023846153846,0.07529130769230769,0.3292307692307692,0.37681025641025645,0.48181571794871797,39
2026-03-01,GOOGL,0.123184775,0.080984775,0.7958302749999999,0.7271968249999999,0.04149155,0.3525,0.427975,0.47103217500000005,40
2026-03-02,GOOGL,0.1698143137254902,0.058320254901960786,0.771865274509804,0.7102262549019608,0.10133217647058823,0.4426470588235294,0.4574607843137255,0.44120243137254905,51
2026-03-03,GOOGL,0.09646667924528302,0.08035537735849056,0.8231779433962264,0.7457442075471697,0.02023132075471698,0.2708490566037736,0.3636924528301887,0.5030580754716981,53
2026-03-04,GOOGL,0.13477956896551724,0.05199062068965517,0.8132295862068966,0.7368855172413793,0.08034062068965517,0.30982758620689654,0.4001689655172414,0.47025546551724134,58
2026-03-05,GOOGL,0.14998295522388058,0.060795671641791046,0.7892211492537313,0.7134829402985075,0.08419547761194031,0.336044776119403,0.4174641791044776,0.47898753731343285,67
2026-03-06,GOOGL,0.17620795238095238,0.04999909523809524,0.7737928333333334,0.6997323571428572,0.11162057142857143,0.34285714285714286,0.439547619047619,0.46801509523809526,42
2026-03-07,GOOGL,0.16119339393939394,0.06109372727272728,0.7777125757575758,0.7139678484848485,0.09448072727272727,0.41363636363636364,0.46139393939393936,0.4275150303030303,33
2026-03-08,GOOGL,0.15835045,0.059347475,0.782301875,0.7106863999999999,0.093528375,0.355125,0.4228675,0.457785225,40
2026-03-09,GOOGL,0.12844246969696968,0.07749725757575757,0.7940601515151515,0.7245465000000001,0.045400833333333335,0.35045454545454546,0.4177909090909091,0.4628869393939394,66
2026-03-10,GOOGL,0.1474427021276596,0.06976946808510638,0.7827877446808511,0.7112305531914893,0.07331229787234042,0.3322340425531915,0.4070021276595745,0.47091317021276596,47
2026-03-11,GOOGL,0.14419101612903226,0.060693354838709676,0.7951155000000001,0.7197601774193549,0.07719754838709676,0.2871774193548387,0.4134467741935484,0.4762709516129032,62
2026-03-12,GOOGL,0.1386016046511628,0.05059086046511627,0.8108074651162791,0.7377321395348837,0.07964444186046511,0.3156976744186047,0.4138488372093023,0.4809306511627907,43
2026-03-13,GOOGL,0.15743801886792452,0.05993,0.7826317735849057,0.7127788679245283,0.09093496226415095,0.28047169811320755,0.38686981132075476,0.4711857358490566,53
2026-03-14,GOOGL,0.22138293181818183,0.03764247727272727,0.7409743636363636,0.6939922272727274,0.16151040909090908,0.4639772727272727,0.470025,0.4172725681818182,44
2026-03-15,GOOGL,0.1767661842105263,0.053968868421052626,0.7692648421052631,0.7061587105263157,0.11000915789473682,0.43657894736842107,0.4409368421052632,0.4258558421052631,38
2026-03-16,GOOGL,0.15485462,0.05653382,0.78861136,0.7200449,0.08893592,0.354,0.42886,0.46978518,50
2026-03-17,GOOGL,0.130599953125,0.060681375,0.80871840625,0.734840125,0.069164,0.3478125,0.4081,0.4659928125,64
2026-03-18,GOOGL,0.1850941206896552,0.06943898275862069,0.7454667241379311,0.6884193793103449,0.10513236206896552,0.3346551724137931,0.4399896551724138,0.4429407413793104,58
2026-03-19,GOOGL,0.166158328125,0.06853921875,0.765302328125,0.698287140625,0.08977425,0.33421875,0.381446875,0.451835328125,64
2026-03-20,GOOGL,0.14052037288135594,0.09924442372881355,0.7602351355932203,0.6926866440677967,0.04537415254237288,0.31093220338983046,0.4194457627118644,0.48604789830508477,59
2026-03-21,GOOGL,0.15817084375,0.055872625,0.78595646875,0.717354625,0.09656925000000001,0.3975,0.420775,0.45799790625000003,32
2026-03-22,GOOGL,0.17986435714285715,0.08060207142857144,0.7395333214285714,0.6675025,0.09522521428571429,0.3203571428571429,0.40195714285714285,0.4783857142857143,28
2026-03-23,GOOGL,0.13956601960784315,0.06212445098039216,0.7983093137254902,0.7187411568627451,0.07219619607843138,0.3073529411764706,0.4025392156862745,0.48525629411764704,51
2026-03-24,GOOGL,0.1586990338983051,0.07813305084745763,0.7631678474576271,0.7001012372881357,0.07287725423728814,0.3671186440677966,0.4685491525423729,0.4483744745762712,59
2026-03-25,GOOGL,0.12757612987012987,0.11255448051948053,0.7598692987012986,0.6953696623376623,0.01908719480519481,0.3266233766233766,0.4172857142857143,0.4592844025974026,77
2026-03-26,GOOGL,0.12930054347826087,0.07831821739130435,0.7923810434782609,0.7178245108695652,0.0485118152173913,0.31043478260869567,0.39744999999999997,0.47002681521739126,92
2026-03-27,GOOGL,0.11410945333333333,0.12132905333333334,0.7645615066666667,0.7093862400000001,-0.004433386666666667,0.3562,0.42384133333333335,0.46087016000000003,75
2026-03-28,GOOGL,0.11793921621621621,0.07033256756756756,0.8117281081081081,0.7373597297297297,0.0405145945945946,0.3827027027027027,0.4168756756756757,0.46183416216216217,37
2026-03-29,GOOGL,0.153732075,0.064924125,0.781343825,0.7104984,0.0798273,0.38775,0.43008499999999994,0.462971275,40
2026-03-30,GOOGL,0.1219744358974359,0.11176453846153847,0.7662608461538462,0.702331282051282,0.012495794871794872,0.2957692307692308,0.37940769230769233,0.4793944615384615,39
2026-03-31,GOOGL,0.15547291304347827,0.0662993188405797,0.7782276666666668,0.7015788985507246,0.0819766956521739,0.30717391304347824,0.45646811594202896,0.48206807246376815,69
2026-04-01,GOOGL,0.1426913287671233,0.09465956164383563,0.762648904109589,0.7117101506849315,0.043956671232876714,0.38589041095890414,0.4353123287671233,0.4481601095890411,73
2026-04-02,GOOGL,0.14044572093023255,0.06278734883720931,0.7967666279069767,0.7190989069767442,0.07399867441860465,0.3429069767441861,0.42496046511627905,0.48098460465116283,43
2026-04-03,GOOGL,0.16947147222222222,0.053115277777777775,0.7774131666666667,0.7115607777777778,0.10560147222222221,0.3170833333333334,0.44864166666666666,0.4790638333333333,36
2026-04-04,GOOGL,0.09567188888888889,0.10753003703703704,0.7967981851851852,0.7316734814814815,-0.004829851851851851,0.4466666666666667,0.47371851851851854,0.4550485185185185,27
2026-04-05,GOOGL,0.13706666666666667,0.06797233333333333,0.7949607333333333,0.7248540666666667,0.07043346666666667,0.305,0.34303333333333336,0.4544697333333333,15
2026-04-06,GOOGL,0.1531595606060606,0.06223145454545454,0.784608803030303,0.7074632727272727,0.08790828787878788,0.27590909090909094,0.3611575757575758,0.4888724090909091,66
2026-04-07,GOOGL,0.16905065,0.057060425000000005,0.7738887125,0.7029724374999999,0.103966475,0.3045,0.381405,0.46685068750000003,80
2026-04-08,GOOGL,0.17176103703703702,0.06408833333333333,0.7641505555555556,0.7022735,0.09783433333333333,0.34888888888888886,0.44010370370370366,0.44942683333333333,54
2026-04-09,GOOGL,0.16373455,0.07102856666666665,0.7652368833333333,0.6944929999999999,0.08739526666666667,0.28975,0.3919316666666666,0.4638824833333333,60
2026-04-10,GOOGL,0.16492574545454547,0.0562268,0.778847309090909,0.7066471454545454,0.10248843636363636,0.32263636363636367,0.44396909090909087,0.46327934545454547,55
2026-04-11,GOOGL,0.1571011818181818,0.07080551515151515,0.7720931212121211,0.7136025757575757,0.07681621212121212,0.36818181818181817,0.46154545454545454,0.45922278787878784,33
2026-04-12,GOOGL,0.175399175,0.068863575,0.7557370999999999,0.6877443999999999,0.10326117500000001,0.3225,0.46065000000000006,0.459075275,40
2026-04-13,GOOGL,0.11937645454545455,0.10830881818181819,0.7723145909090909,0.7080125681818182,0.013274909090909089,0.3518181818181818,0.4545045454545455,0.4552520227272728,44
2026-04-14,GOOGL,0.14023590163934427,0.06627113114754099,0.793492737704918,0.7228903278688525,0.06997252459016393,0.3757377049180328,0.4866032786885246,0.4543114426229508,61
2026-04-15,GOOGL,0.1815399152542373,0.08662205084745762,0.7318378474576271,0.680229,0.089397406779661,0.3444915254237288,0.4022966101694915,0.43814411864406777,59
2026-04-16,GOOGL,0.14784573846153845,0.08290564615384616,0.7692484307692308,0.7078775538461539,0.06529273846153846,0.3454615384615385,0.4178415384615385,0.4504939230769231,65
2026-04-17,GOOGL,0.12775798181818182,0.06047970909090909,0.8117620727272727,0.7395256909090909,0.06405527272727272,0.4090909090909091,0.4320909090909091,0.453196,55
2026-04-18,GOOGL,0.1360448793103448,0.04975529310344827,0.8141997586206896,0.744387672413793,0.07794341379310345,0.42517241379310344,0.4730068965517241,0.4570946206896552,58
2026-04-19,GOOGL,0.11370505999999998,0.04962832,0.8366664699999999,0.76198881,0.06084383,0.40335,0.349139,0.45829333999999994,100
2026-04-20,GOOGL,0.13467211475409838,0.06205345081967213,0.803274344262295,0.7288712868852459,0.07067509836065573,0.34635245901639344,0.39099754098360656,0.4761590163934426,122
2026-04-21,GOOGL,0.15884739726027397,0.06805613698630138,0.7730963150684932,0.7083025068493151,0.08624638356164384,0.366986301369863,0.43436438356164386,0.4462243835616438,73
2026-04-22,GOOGL,0.238341625,0.042693136363636364,0.7189651363636363,0.6763062954545455,0.1745497159090909,0.4402840909090909,0.546628409090909,0.40240151136363633,88
2026-04-23,GOOGL,0.18803616666666667,0.060955397435897445,0.751008141025641,0.6938359871794872,0.11462088461538461,0.365,0.4826897435897436,0.44057485897435894,78
2026-04-24,GOOGL,0.17164495454545456,0.0557126590909091,0.7726421931818183,0.7069336931818182,0.10690611363636364,0.35267045454545454,0.45939659090909096,0.4667048522727273,88
2026-04-25,GOOGL,0.15545232352941177,0.08912735294117648,0.7554202352941176,0.7003361764705883,0.057309970588235296,0.42397058823529415,0.5145911764705882,0.442187,34
2026-04-26,GOOGL,0.1479448125,0.05782716666666667,0.7942278749999999,0.7211881041666667,0.08572997916666665,0.33,0.4258458333333333,0.4836079166666667,48
2026-04-27,GOOGL,0.162937024691358,0.04411204938271605,0.7929507283950618,0.7179263086419754,0.11267565432098765,0.3340740740740741,0.44636296296296296,0.47205816049382715,81
2026-04-28,GOOGL,0.15888008571428572,0.07123857142857143,0.7698811428571428,0.6990920857142857,0.08563411428571428,0.2907857142857143,0.4484385714285714,0.47050024285714287,70
2026-04-29,GOOGL,0.1860810505050505,0.060732797979797984,0.753186,0.6953624747474747,0.11368176767676769,0.34439393939393936,0.45497272727272725,0.4551270505050505,99
2026-04-30,GOOGL,0.22273802654867256,0.047517221238938055,0.7297445221238937,0.6737369115044248,0.1591982389380531,0.3223008849557522,0.4717504424778761,0.4580818672566372,113
