Date,ticker,llm_positive,llm_negative,llm_neutral,llm_confidence,llm_score,llm_relevance,llm_impact_magnitude,llm_uncertainty,news_count
2023-05-01,NVDA,0.3317888888888889,0.1024111111111111,0.5658,0.702388888888889,0.08016666666666666,0.4166666666666667,0.5535222222222222,0.46861111111111114,9
2023-05-02,NVDA,0.276025,0.09037500000000001,0.633625,0.7115375,0.05335,0.39375,0.3784875,0.4709375,8
2023-05-03,NVDA,0.20760666666666666,0.16676666666666667,0.6256533333333334,0.74248,0.005499999999999997,0.4533333333333333,0.34595333333333333,0.5406666666666666,15
2023-05-04,NVDA,0.20843636363636364,0.09690909090909092,0.6946909090909091,0.7297090909090909,0.03871818181818181,0.4227272727272728,0.21496363636363636,0.5515909090909091,11
2023-05-05,NVDA,0.0828375,0.366325,0.5508375,0.6956125,-0.137225,0.53125,0.47062499999999996,0.43562500000000004,8
2023-05-06,NVDA,0.1423,0.1423,0.7154,0.7154,0.0,0.975,0.3345,0.46,2
2023-05-07,NVDA,0.20468000000000003,0.08975999999999999,0.7056,0.70892,0.06978,0.4,0.22999999999999998,0.513,5
2023-05-08,NVDA,0.3317909090909091,0.12204545454545455,0.5461999999999999,0.7118454545454544,0.1188090909090909,0.4636363636363636,0.40169090909090904,0.4475,11
2023-05-09,NVDA,0.23535454545454548,0.08300909090909091,0.6816727272727273,0.7686272727272727,0.03416363636363637,0.3181818181818182,0.30454545454545456,0.5463636363636364,11
2023-05-10,NVDA,0.353425,0.2583375,0.3882375,0.8018,0.17595,0.525,0.617375,0.43875000000000003,8
2023-05-11,NVDA,0.3288153846153846,0.11780769230769231,0.5534,0.7667692307692308,0.11875384615384615,0.5961538461538461,0.43706153846153845,0.4211538461538462,13
2023-05-12,NVDA,0.41853636363636365,0.07634545454545455,0.5051272727272728,0.8055090909090908,0.25893636363636363,0.6181818181818182,0.47979090909090905,0.4659090909090909,11
2023-05-13,NVDA,0.1053,0.1053,0.7895,0.7895,0.0,0.25,0.175,0.66,1
2023-05-14,NVDA,0.18905,0.10325000000000001,0.7077,0.7077,0.01655,0.625,0.345,0.40875,2
2023-05-15,NVDA,0.2305125,0.090675,0.678875,0.766025,0.057050000000000003,0.34375,0.2735375,0.5971875,8
2023-05-16,NVDA,0.13240000000000002,0.14856153846153847,0.7190615384615384,0.7190615384615384,-0.007946153846153846,0.5115384615384616,0.2926692307692308,0.5221153846153846,13
2023-05-17,NVDA,0.3553888888888889,0.06978888888888889,0.5748444444444444,0.6934777777777777,0.19465555555555555,0.5,0.42204444444444444,0.4419444444444445,9
2023-05-18,NVDA,0.3882913043478261,0.10726521739130435,0.5044391304347826,0.7986521739130434,0.2315478260869565,0.5760869565217391,0.48557826086956524,0.4244565217391304,23
2023-05-19,NVDA,0.21242105263157898,0.14166315789473685,0.6459473684210526,0.7413157894736843,0.06121578947368421,0.6421052631578947,0.34494736842105267,0.5034210526315789,19
2023-05-20,NVDA,0.148925,0.102525,0.7485999999999999,0.7485999999999999,0.009,0.4375,0.202075,0.56875,4
2023-05-21,NVDA,0.2992909090909091,0.16295454545454546,0.5377636363636363,0.7381636363636364,0.09765454545454545,0.5818181818181819,0.3958727272727272,0.4090909090909091,11
2023-05-22,NVDA,0.31170384615384616,0.14536538461538462,0.5429461538461539,0.7643807692307691,0.1588846153846154,0.7307692307692307,0.49801153846153845,0.43240384615384614,26
2023-05-23,NVDA,0.20545882352941175,0.1034235294117647,0.6911499999999999,0.7179529411764706,0.03600882352941176,0.4852941176470588,0.2993147058823529,0.5105882352941177,34
2023-05-24,NVDA,0.3393,0.1393516129032258,0.521367741935484,0.7718580645161289,0.18601612903225806,0.7903225806451613,0.5141387096774194,0.4317741935483871,31
2023-05-25,NVDA,0.5124761194029851,0.08990895522388061,0.39762686567164174,0.7956268656716419,0.3804746268656717,0.7723880597014925,0.5913686567164179,0.3477985074626866,67
2023-05-26,NVDA,0.3455657894736842,0.12051052631578947,0.5339394736842106,0.7543078947368421,0.1750657894736842,0.6,0.4798315789473684,0.41388157894736843,38
2023-05-27,NVDA,0.2300111111111111,0.22335555555555558,0.5466500000000001,0.73995,-0.06546666666666666,0.6222222222222222,0.45123888888888886,0.44555555555555554,18
2023-05-28,NVDA,0.22956363636363636,0.1400818181818182,0.6303636363636363,0.6558090909090909,0.06322727272727273,0.7227272727272728,0.37550909090909096,0.43795454545454543,11
2023-05-29,NVDA,0.22936666666666666,0.13656190476190477,0.6340809523809524,0.6784952380952382,0.055719047619047626,0.8214285714285714,0.40317619047619047,0.4015476190476191,21
2023-05-30,NVDA,0.3406,0.09625121951219512,0.5631658536585366,0.7169,0.17627073170731708,0.6756097560975609,0.3961560975609756,0.44189024390243903,41
2023-05-31,NVDA,0.3396,0.14645555555555556,0.5139511111111111,0.7507266666666667,0.13972,0.6333333333333333,0.4703355555555555,0.418,45
2023-06-01,NVDA,0.3406763157894737,0.09546052631578948,0.5638894736842106,0.7505868421052632,0.16811315789473685,0.6802631578947369,0.4529894736842105,0.42875,38
2023-06-02,NVDA,0.20114285714285715,0.13436785714285715,0.6645107142857143,0.6923357142857143,0.03647142857142858,0.6357142857142858,0.35169285714285714,0.47285714285714286,28
2023-06-03,NVDA,0.21756999999999999,0.19514,0.587315,0.70309,-0.011175000000000008,0.585,0.45461999999999997,0.44762500000000005,20
2023-06-04,NVDA,0.21825,0.116875,0.6648875,0.6749499999999999,0.053525,0.4875,0.3355875,0.50125,8
2023-06-05,NVDA,0.3280222222222222,0.13253888888888887,0.5394722222222222,0.7516611111111111,0.15608333333333332,0.47777777777777775,0.41020555555555555,0.4280555555555556,18
2023-06-06,NVDA,0.45012777777777774,0.07141111111111112,0.47849444444444444,0.7545722222222222,0.14352222222222222,0.4222222222222222,0.4569555555555555,0.4311111111111111,18
2023-06-07,NVDA,0.2833590909090909,0.1368590909090909,0.5798090909090908,0.7548045454545455,0.13280454545454548,0.5795454545454546,0.3874954545454546,0.46954545454545454,22
2023-06-08,NVDA,0.27624,0.096752,0.627012,0.710904,0.06638,0.434,0.328748,0.47450000000000003,25
2023-06-09,NVDA,0.2214266666666667,0.10929333333333334,0.6693,0.6985533333333334,0.058973333333333336,0.5966666666666666,0.3061466666666667,0.48033333333333333,15
2023-06-10,NVDA,0.2132166666666667,0.09876666666666667,0.6880666666666667,0.7085166666666667,0.022116666666666663,0.5,0.28221666666666667,0.5,6
2023-06-11,NVDA,0.3,0.0833,0.6167400000000001,0.64602,0.09848,0.54,0.3588,0.43600000000000005,5
2023-06-12,NVDA,0.3385636363636364,0.0797318181818182,0.5817318181818182,0.7197727272727272,0.1090681818181818,0.4840909090909091,0.3882136363636363,0.4470454545454546,22
2023-06-13,NVDA,0.23922857142857143,0.09412857142857144,0.6666749999999999,0.7111821428571429,0.08119285714285715,0.525,0.31799642857142857,0.47160714285714284,28
2023-06-14,NVDA,0.2704052631578947,0.1354263157894737,0.5941947368421052,0.7170052631578947,0.10942631578947368,0.5789473684210527,0.38236315789473685,0.4403947368421052,19
2023-06-15,NVDA,0.25894,0.10854285714285714,0.6325428571428571,0.7424828571428571,0.09394,0.5171428571428572,0.34520285714285714,0.5394285714285714,35
2023-06-16,NVDA,0.2896666666666667,0.09668333333333333,0.6136547619047619,0.7582428571428571,0.13113095238095238,0.4547619047619048,0.4092166666666667,0.5619642857142857,42
2023-06-17,NVDA,0.20800999999999997,0.17404999999999998,0.61799,0.73425,-0.04008,0.515,0.31796,0.5,10
2023-06-18,NVDA,0.19716250000000002,0.0913375,0.711525,0.711525,0.033612500000000003,0.39375,0.249125,0.47625,8
2023-06-19,NVDA,0.32148333333333334,0.07476666666666666,0.6037833333333333,0.7294916666666666,0.09654166666666668,0.4083333333333334,0.30775,0.48895833333333333,12
2023-06-20,NVDA,0.19495294117647058,0.15499411764705884,0.6500764705882353,0.7172529411764706,0.012770588235294119,0.5794117647058823,0.3223705882352941,0.501764705882353,17
2023-06-21,NVDA,0.1756875,0.12896875,0.69536875,0.7015312499999999,0.016143750000000002,0.496875,0.33723125,0.4790625,16
2023-06-22,NVDA,0.24739583333333334,0.111875,0.6407625,0.7245624999999999,0.06079999999999999,0.5625,0.3373625,0.4691666666666667,24
2023-06-23,NVDA,0.2991058823529412,0.11474705882352942,0.5861705882352941,0.7654470588235294,0.08179999999999998,0.526470588235294,0.36067058823529413,0.47073529411764703,17
2023-06-24,NVDA,0.2522875,0.17515,0.5725625,0.6981375,0.0897,0.4875,0.3718375,0.374375,8
2023-06-25,NVDA,0.08101666666666667,0.1860166666666667,0.733,0.733,-0.020133333333333333,0.3666666666666667,0.22066666666666668,0.5183333333333333,6
2023-06-26,NVDA,0.18932352941176472,0.2029764705882353,0.6077470588235294,0.740164705882353,0.02539411764705882,0.4264705882352941,0.3244117647058824,0.5214705882352941,17
2023-06-27,NVDA,0.264641935483871,0.16518064516129033,0.5702064516129033,0.6990387096774194,0.01654838709677419,0.6241935483870968,0.4083483870967742,0.4173387096774194,31
2023-06-28,NVDA,0.22247027027027028,0.19119999999999998,0.5863621621621622,0.7416405405405405,-0.005727027027027024,0.5364864864864866,0.4042432432432433,0.45898648648648654,37
2023-06-29,NVDA,0.16711666666666666,0.21845416666666664,0.6144541666666666,0.6903708333333333,-0.03943333333333334,0.65,0.4039791666666666,0.4522916666666667,24
2023-06-30,NVDA,0.508526923076923,0.05865769230769231,0.43282307692307687,0.7446923076923077,0.28138846153846153,0.6057692307692307,0.5072423076923077,0.36250000000000004,26
2023-07-01,NVDA,0.16991818181818183,0.16665454545454544,0.6634545454545454,0.730890909090909,0.0214,0.5136363636363637,0.27997272727272726,0.4840909090909091,11
2023-07-02,NVDA,0.10345000000000001,0.19316250000000001,0.7034,0.7381875,-0.063775,0.51875,0.2662125,0.529375,8
2023-07-03,NVDA,0.3355913043478261,0.08321304347826088,0.5812043478260869,0.7379782608695653,0.16302608695652174,0.6304347826086957,0.3524652173913044,0.42326086956521736,23
2023-07-04,NVDA,0.27095555555555556,0.1365777777777778,0.5924888888888888,0.7021777777777778,0.044955555555555554,0.46111111111111114,0.3851111111111111,0.45944444444444443,9
2023-07-05,NVDA,0.26335384615384616,0.09885384615384617,0.6378153846153847,0.7168807692307693,0.09500384615384615,0.575,0.3559538461538461,0.4659615384615385,26
2023-07-06,NVDA,0.2771538461538462,0.11203846153846155,0.6108346153846154,0.7241230769230769,0.07963846153846155,0.45576923076923076,0.3521346153846154,0.4510576923076923,26
2023-07-07,NVDA,0.39413333333333334,0.10240000000000002,0.5035095238095239,0.748547619047619,0.2176142857142857,0.5809523809523809,0.4540809523809524,0.40059523809523806,21
2023-07-08,NVDA,0.19213333333333335,0.13576666666666667,0.6721199999999999,0.7114666666666667,0.02621333333333333,0.4,0.27410666666666667,0.5248333333333334,15
2023-07-09,NVDA,0.4168,0.0821,0.5011,0.5011,0.1748,0.65,0.438,0.1575,1
2023-07-10,NVDA,0.33892222222222224,0.12193333333333335,0.5391666666666667,0.7610222222222222,0.16990000000000002,0.5333333333333333,0.5514777777777778,0.41055555555555556,9
2023-07-11,NVDA,0.3242096774193548,0.09791935483870969,0.5779,0.7364258064516129,0.18463548387096773,0.6919354838709677,0.4120677419354839,0.4241935483870968,31
2023-07-12,NVDA,0.3251142857142857,0.09186190476190477,0.5830428571428572,0.7319476190476191,0.16536190476190477,0.5785714285714286,0.42345238095238097,0.46226190476190476,21
2023-07-13,NVDA,0.35305882352941176,0.10466470588235295,0.5423058823529412,0.7552588235294118,0.12889411764705883,0.6235294117647059,0.3932764705882353,0.45926470588235296,17
2023-07-14,NVDA,0.27362000000000003,0.20159333333333332,0.5248066666666666,0.76986,0.09325333333333334,0.5966666666666666,0.44316,0.431,15
2023-07-15,NVDA,0.20209999999999997,0.09857142857142857,0.6993571428571429,0.7263857142857143,0.020442857142857145,0.4571428571428572,0.26365714285714287,0.5425000000000001,7
2023-07-16,NVDA,0.13533333333333333,0.10246666666666666,0.7622666666666666,0.7622666666666666,0.007316666666666667,0.25,0.32111666666666666,0.5791666666666667,6
2023-07-17,NVDA,0.36419999999999997,0.09179565217391304,0.5440173913043478,0.7992347826086956,0.15421739130434783,0.5717391304347826,0.41049565217391304,0.4998913043478261,23
2023-07-18,NVDA,0.22710499999999997,0.14119500000000001,0.631735,0.7611950000000001,0.055915000000000006,0.4375,0.30923500000000004,0.49312500000000004,20
2023-07-19,NVDA,0.252275,0.12364375000000001,0.62410625,0.7559625,0.07875625,0.55625,0.3632125,0.4815625,16
2023-07-20,NVDA,0.40307333333333334,0.08898,0.5079733333333334,0.7230533333333333,0.18916666666666668,0.5433333333333333,0.47364666666666666,0.38333333333333336,15
2023-07-21,NVDA,0.23581500000000002,0.11949000000000001,0.64473,0.675915,0.055415000000000006,0.5325,0.432835,0.441,20
2023-07-22,NVDA,0.20214999999999997,0.24381666666666665,0.5540666666666666,0.7520666666666666,-0.14113333333333333,0.375,0.4924833333333334,0.49333333333333335,6
2023-07-23,NVDA,0.4002666666666667,0.07936666666666665,0.5203666666666666,0.555,0.14386666666666667,0.48333333333333334,0.5889000000000001,0.25333333333333335,3
2023-07-24,NVDA,0.30463684210526315,0.09573684210526316,0.5996736842105264,0.7743947368421052,0.1605421052631579,0.5,0.3715578947368421,0.4702631578947369,19
2023-07-25,NVDA,0.36388125,0.1380625,0.49805,0.64766875,0.1830125,0.66875,0.54326875,0.35828125,16
2023-07-26,NVDA,0.3060925925925926,0.09797037037037037,0.5959666666666666,0.7326296296296296,0.12403333333333333,0.5314814814814814,0.43908148148148146,0.4715740740740741,27
2023-07-27,NVDA,0.27136,0.154556,0.5741080000000001,0.7420680000000001,0.0003239999999999954,0.384,0.401372,0.4621,25
2023-07-28,NVDA,0.1451181818181818,0.13104545454545455,0.7238545454545454,0.7238545454545454,0.00021818181818181686,0.5363636363636363,0.32479090909090913,0.5275,11
2023-07-29,NVDA,0.25623333333333337,0.08521666666666668,0.6585666666666666,0.7362833333333333,0.06475,0.3666666666666667,0.2773333333333334,0.47333333333333333,6
2023-07-30,NVDA,0.16113333333333335,0.10393333333333334,0.7349666666666667,0.7349666666666667,0.010433333333333334,0.48333333333333334,0.2046666666666667,0.4925,3
2023-07-31,NVDA,0.2138625,0.09152500000000001,0.69464375,0.79411875,0.0597,0.34375,0.231975,0.62046875,16
2023-08-01,NVDA,0.259564705882353,0.09776470588235295,0.6427,0.7566588235294117,0.09681764705882352,0.5647058823529412,0.3463,0.5480882352941177,17
2023-08-02,NVDA,0.26092105263157894,0.15415263157894737,0.5849473684210527,0.7772736842105263,0.05917894736842105,0.42368421052631583,0.3915421052631579,0.5127631578947368,19
2023-08-03,NVDA,0.22560476190476192,0.1772,0.5972142857142857,0.7059714285714286,0.01170952380952381,0.39285714285714285,0.4768285714285715,0.475,21
2023-08-04,NVDA,0.33141764705882354,0.17314117647058824,0.4954411764705882,0.7877705882352941,0.023999999999999994,0.47058823529411764,0.5735294117647058,0.45735294117647063,17
2023-08-05,NVDA,0.20482857142857144,0.10175714285714287,0.6934714285714286,0.6934714285714286,0.0666,0.4642857142857143,0.23785714285714285,0.5278571428571429,7
2023-08-06,NVDA,0.1053,0.1053,0.7895,0.7895,0.0,0.25,0.055,0.66,1
2023-08-07,NVDA,0.28874285714285713,0.10944761904761904,0.6018190476190476,0.7555333333333333,0.13684285714285713,0.49761904761904757,0.39375714285714286,0.5145238095238095,21
2023-08-08,NVDA,0.34625,0.11862083333333334,0.5351291666666667,0.7063833333333333,0.12917916666666665,0.65625,0.5042958333333333,0.4021875,24
2023-08-09,NVDA,0.3016333333333333,0.10509333333333333,0.5933133333333332,0.7049933333333332,0.114,0.4966666666666667,0.4147133333333333,0.4331666666666667,15
2023-08-10,NVDA,0.20708620689655174,0.15956206896551725,0.6333793103448275,0.736,0.023244827586206895,0.6482758620689656,0.38394137931034483,0.46568965517241384,29
2023-08-11,NVDA,0.19330625,0.134275,0.67246875,0.69705625,0.01778125,0.315625,0.34194375,0.52109375,16
2023-08-12,NVDA,0.25952,0.07856,0.66197,0.71864,0.0374,0.25,0.26766999999999996,0.5700000000000001,10
2023-08-13,NVDA,0.56174,0.043680000000000004,0.39459999999999995,0.79466,0.23512,0.4,0.504,0.39,5
2023-08-14,NVDA,0.29664999999999997,0.101715,0.60166,0.72595,0.071515,0.4375,0.41800499999999996,0.46662499999999996,20
2023-08-15,NVDA,0.30779230769230764,0.18941538461538462,0.5027961538461538,0.7227692307692308,0.11824615384615383,0.6807692307692308,0.4908576923076923,0.3942307692307692,26
2023-08-16,NVDA,0.2599904761904762,0.20788571428571428,0.5321476190476191,0.7486666666666666,0.0616904761904762,0.48571428571428565,0.5064571428571428,0.448452380952381,21
2023-08-17,NVDA,0.358084,0.101372,0.540552,0.7323879999999999,0.126112,0.49,0.5154,0.423,25
2023-08-18,NVDA,0.2824875,0.14315,0.5743833333333334,0.7416833333333334,0.06456250000000001,0.5270833333333333,0.4313708333333333,0.455625,24
2023-08-19,NVDA,0.3333857142857143,0.07765714285714286,0.5889857142857142,0.7744285714285715,0.15582857142857143,0.4571428571428572,0.3474714285714286,0.47107142857142853,7
2023-08-20,NVDA,0.1053,0.1053,0.7895,0.7895,0.0,0.25,0.175,0.66,2
2023-08-21,NVDA,0.4105942857142857,0.08300857142857143,0.50642,0.7726971428571429,0.22642,0.6728571428571429,0.5274085714285714,0.4353571428571429,35
2023-08-22,NVDA,0.28521041666666663,0.11998958333333333,0.5948291666666666,0.7322041666666667,0.11126041666666668,0.5447916666666667,0.37669375,0.47875,48
2023-08-23,NVDA,0.2922977272727273,0.13652954545454546,0.5712,0.7407795454545454,0.12493181818181819,0.7420454545454546,0.4740068181818182,0.43375,44
2023-08-24,NVDA,0.4494123076923077,0.11570153846153847,0.4348938461538462,0.7921353846153846,0.27733384615384615,0.7699999999999999,0.5743138461538461,0.35865384615384616,65
2023-08-25,NVDA,0.3847758620689655,0.12431379310344828,0.4909310344827586,0.7848724137931034,0.17649310344827585,0.5948275862068966,0.5002310344827586,0.4385344827586207,29
2023-08-26,NVDA,0.2316777777777778,0.2051,0.5632555555555556,0.7004555555555556,0.054122222222222224,0.7444444444444445,0.4919333333333334,0.37972222222222224,9
2023-08-27,NVDA,0.23606666666666667,0.10253333333333335,0.6614166666666667,0.7708333333333334,0.11905,0.625,0.2758333333333333,0.5291666666666667,6
2023-08-28,NVDA,0.2925291666666667,0.13329583333333334,0.5742083333333333,0.7699208333333334,0.14915416666666667,0.6770833333333334,0.412825,0.4405208333333333,24
2023-08-29,NVDA,0.3632526315789473,0.09094473684210527,0.5458263157894736,0.7349578947368421,0.22788947368421053,0.6815789473684211,0.4445105263157895,0.4063157894736842,38
2023-08-30,NVDA,0.27212424242424244,0.13019999999999998,0.5977060606060606,0.690460606060606,0.1116030303030303,0.5651515151515151,0.4536272727272727,0.4375,33
2023-08-31,NVDA,0.33385769230769224,0.10310384615384617,0.5630730769230768,0.7483115384615384,0.11652307692307694,0.4634615384615385,0.3953576923076923,0.45913461538461536,26
2023-09-01,NVDA,0.374505,0.07634,0.5492,0.720285,0.156715,0.495,0.376815,0.44350000000000006,20
2023-09-02,NVDA,0.23108571428571428,0.09254285714285715,0.6764285714285714,0.7713285714285715,0.029242857142857143,0.35714285714285715,0.19691428571428574,0.5382142857142858,7
2023-09-03,NVDA,0.136825,0.09392500000000001,0.7692749999999999,0.7692749999999999,0.007825,0.25,0.15875,0.654375,4
2023-09-04,NVDA,0.32445,0.09158000000000001,0.584,0.7442,0.07139,0.395,0.38175,0.43574999999999997,10
2023-09-05,NVDA,0.27575263157894736,0.15722105263157896,0.5670368421052632,0.7329789473684211,0.07725789473684212,0.5473684210526316,0.4005105263157895,0.4488157894736842,19
2023-09-06,NVDA,0.3070652173913043,0.1116608695652174,0.5812999999999999,0.7030130434782609,0.10010869565217392,0.44130434782608696,0.36817826086956523,0.46565217391304353,23
2023-09-07,NVDA,0.19178636363636367,0.17202727272727272,0.6362272727272728,0.7481318181818182,0.019913636363636366,0.49318181818181817,0.35888636363636367,0.48704545454545456,22
2023-09-08,NVDA,0.25551363636363633,0.11146818181818183,0.6330454545454546,0.7351772727272727,0.10404545454545454,0.6590909090909091,0.3466681818181818,0.4748863636363636,22
2023-09-09,NVDA,0.27758181818181815,0.1209,0.6015363636363636,0.6812090909090909,0.11655454545454545,0.7181818181818183,0.37996363636363634,0.4097727272727273,11
2023-09-10,NVDA,0.22407500000000002,0.0979,0.678075,0.7108,0.0263,0.425,0.241,0.54625,4
2023-09-11,NVDA,0.244915,0.1002,0.65492,0.75419,0.07429,0.47750000000000004,0.32094999999999996,0.51325,20
2023-09-12,NVDA,0.32532500000000003,0.08499166666666667,0.5897333333333333,0.767275,0.10433750000000001,0.45416666666666666,0.372775,0.4846875,24
2023-09-13,NVDA,0.2795967741935484,0.10040645161290322,0.6200483870967741,0.7435387096774193,0.07977096774193548,0.4112903225806452,0.35908709677419354,0.5003225806451613,31
2023-09-14,NVDA,0.3361409090909091,0.0822590909090909,0.5816181818181818,0.7273227272727273,0.11682727272727272,0.5613636363636364,0.44531818181818184,0.44863636363636367,22
2023-09-15,NVDA,0.28691034482758626,0.12155862068965517,0.5915655172413793,0.6911586206896552,0.12127931034482758,0.5706896551724138,0.4030793103448276,0.4327586206896552,29
2023-09-16,NVDA,0.24356250000000002,0.0850625,0.6714,0.746875,0.0977125,0.4375,0.30855,0.4740625,8
2023-09-17,NVDA,0.13883333333333334,0.11023333333333334,0.7509666666666667,0.7509666666666667,0.005216666666666667,0.5,0.1991666666666667,0.56625,6
2023-09-18,NVDA,0.28043125,0.09140625000000001,0.62818125,0.726625,0.10225000000000001,0.484375,0.34905625,0.45625,16
2023-09-19,NVDA,0.18320384615384616,0.18177692307692309,0.6350423076923076,0.7649038461538461,-0.04324615384615385,0.48846153846153845,0.32451538461538465,0.5193269230769231,26
2023-09-20,NVDA,0.26255172413793104,0.14127241379310343,0.5962068965517241,0.7485586206896551,0.054013793103448275,0.4827586206896552,0.35706551724137936,0.4941379310344828,29
2023-09-21,NVDA,0.2146058823529412,0.10446470588235295,0.6809764705882353,0.7667941176470587,0.030641176470588238,0.5205882352941176,0.2664941176470588,0.5502941176470588,17
2023-09-22,NVDA,0.22564,0.120916,0.653476,0.714492,0.049512,0.514,0.33427999999999997,0.489,25
2023-09-23,NVDA,0.20705555555555555,0.1723888888888889,0.6205666666666666,0.7288444444444444,0.029888888888888892,0.48888888888888893,0.3864444444444444,0.45944444444444443,9
2023-09-24,NVDA,0.29258333333333336,0.16973333333333332,0.5377166666666667,0.6767333333333333,0.0401,0.5333333333333333,0.3992833333333334,0.3720833333333333,6
2023-09-25,NVDA,0.29555238095238096,0.10351428571428571,0.6009571428571429,0.7011047619047619,0.10972857142857143,0.49523809523809526,0.3618904761904762,0.4172619047619047,21
2023-09-26,NVDA,0.2946923076923077,0.0892923076923077,0.6160769230769231,0.7808307692307692,0.08456923076923076,0.4730769230769231,0.3301076923076923,0.5361538461538461,13
2023-09-27,NVDA,0.21030869565217394,0.12066086956521739,0.6690652173913044,0.7268173913043477,0.021843478260869565,0.36086956521739133,0.3375826086956522,0.5408695652173913,23
2023-09-28,NVDA,0.19027333333333332,0.15337333333333333,0.65639,0.7159733333333332,0.016560000000000005,0.525,0.3634766666666667,0.48175,30
2023-09-29,NVDA,0.3095333333333333,0.0965625,0.5939249999999999,0.7640750000000001,0.18375416666666666,0.6020833333333333,0.32364166666666666,0.47031249999999997,24
2023-09-30,NVDA,0.16296666666666668,0.10110000000000001,0.7359333333333332,0.7359333333333332,0.011999999999999999,0.3833333333333333,0.22543333333333335,0.515,3
2023-10-01,NVDA,0.34263333333333335,0.15811666666666666,0.4992666666666667,0.7200666666666667,0.015499999999999995,0.425,0.46154999999999996,0.41291666666666665,6
2023-10-02,NVDA,0.31935625,0.1472125,0.53344375,0.6798625,0.025575000000000004,0.609375,0.45875,0.40750000000000003,16
2023-10-03,NVDA,0.35925172413793105,0.08318965517241379,0.5576034482758621,0.7559620689655172,0.19618275862068965,0.45,0.4377344827586207,0.484051724137931,29
2023-10-04,NVDA,0.20793636363636364,0.13220454545454546,0.6598999999999999,0.7366681818181817,0.042263636363636364,0.4522727272727272,0.3362409090909091,0.5086363636363637,22
2023-10-05,NVDA,0.21612413793103447,0.14573103448275865,0.6381827586206896,0.7240793103448276,0.008162068965517242,0.40689655172413797,0.2999241379310345,0.5381896551724138,29
2023-10-06,NVDA,0.23488965517241378,0.18430344827586206,0.5808448275862069,0.7505793103448276,0.0452,0.44310344827586207,0.3958758620689655,0.4986206896551724,29
2023-10-07,NVDA,0.087725,0.145225,0.767125,0.767125,-0.0113,0.25,0.199175,0.58125,4
2023-10-08,NVDA,0.46103333333333335,0.06319999999999999,0.4758,0.6890999999999999,0.1656,0.5,0.3927666666666667,0.39916666666666667,3
2023-10-09,NVDA,0.22621000000000002,0.10409500000000001,0.66974,0.73314,0.07607,0.5650000000000001,0.2923,0.5145000000000001,20
2023-10-10,NVDA,0.33822800000000003,0.076428,0.58538,0.7278399999999999,0.11242,0.424,0.336876,0.46120000000000005,25
2023-10-11,NVDA,0.22786153846153848,0.11753076923076923,0.6546192307692308,0.7134653846153847,0.042734615384615385,0.49615384615384617,0.38767692307692303,0.5175,26
2023-10-12,NVDA,0.2883269230769231,0.12238846153846154,0.5893153846153847,0.7295384615384616,0.12001923076923078,0.6692307692307692,0.39939615384615385,0.4704807692307692,26
2023-10-13,NVDA,0.2514217391304348,0.12062608695652174,0.6279826086956521,0.7236869565217391,0.0932695652173913,0.4782608695652174,0.35949565217391305,0.4607608695652174,23
2023-10-14,NVDA,0.114175,0.114175,0.7717,0.7717,0.0,0.4375,0.27625,0.6275000000000001,4
2023-10-15,NVDA,0.12205,0.12205,0.756,0.756,0.0,0.6,0.312,0.63,2
2023-10-16,NVDA,0.3208461538461539,0.11057307692307693,0.5685884615384615,0.6856923076923077,0.09930384615384616,0.5538461538461539,0.39063461538461536,0.42673076923076925,26
2023-10-17,NVDA,0.24270322580645162,0.13786451612903228,0.6194612903225806,0.7425193548387097,0.048799999999999996,0.5580645161290323,0.43073225806451615,0.4578225806451613,31
2023-10-18,NVDA,0.308930303030303,0.09314242424242425,0.5979484848484848,0.6980575757575758,0.0890878787878788,0.5863636363636364,0.42430303030303035,0.42984848484848487,33
2023-10-19,NVDA,0.2506833333333333,0.16559444444444446,0.5837277777777777,0.7342555555555556,0.07400555555555556,0.6027777777777777,0.48514999999999997,0.42597222222222225,18
2023-10-20,NVDA,0.24068499999999998,0.16399,0.59535,0.709485,0.068055,0.51,0.395115,0.49262500000000004,20
2023-10-21,NVDA,0.148925,0.102525,0.7485999999999999,0.7485999999999999,0.0085,0.4375,0.202075,0.53375,4
2023-10-22,NVDA,0.299225,0.09405,0.606725,0.7857000000000001,0.194925,0.6375,0.398,0.506875,4
2023-10-23,NVDA,0.212005,0.147485,0.64054,0.691485,0.019690000000000003,0.58,0.394265,0.49662500000000004,20
2023-10-24,NVDA,0.3338478260869565,0.16040000000000001,0.5057521739130434,0.721791304347826,0.12229565217391306,0.6217391304347827,0.5139608695652174,0.3852173913043478,23
2023-10-25,NVDA,0.29105238095238095,0.13551904761904762,0.5734666666666667,0.697895238095238,0.06127619047619047,0.5190476190476191,0.4489571428571429,0.45178571428571435,21
2023-10-26,NVDA,0.16092727272727272,0.2786318181818182,0.5604590909090909,0.7372545454545455,-0.02980909090909091,0.38181818181818183,0.4226318181818182,0.4553409090909091,22
2023-10-27,NVDA,0.25065,0.12726874999999999,0.6221187499999999,0.71244375,0.0867375,0.4375,0.3604125,0.49203125000000003,16
2023-10-28,NVDA,0.28736,0.06196,0.6507,0.6984,0.04592,0.25,0.31201999999999996,0.4245,5
2023-10-29,NVDA,0.40763333333333335,0.0845,0.5078833333333334,0.7062666666666666,0.18646666666666667,0.44166666666666665,0.35716666666666663,0.3416666666666666,6
2023-10-30,NVDA,0.2161,0.1039962962962963,0.6799296296296297,0.7557444444444444,0.07561851851851852,0.4166666666666667,0.30807407407407406,0.5526851851851852,27
2023-10-31,NVDA,0.216484,0.17467200000000002,0.608868,0.7282040000000001,0.0011519999999999974,0.45,0.368332,0.5216000000000001,25
2023-11-01,NVDA,0.26322,0.15413000000000002,0.58266,0.71589,0.024509999999999997,0.6675,0.467835,0.456375,20
2023-11-02,NVDA,0.39195,0.08824375,0.5198125,0.7502624999999999,0.1913875,0.403125,0.5669,0.40671875,16
2023-11-03,NVDA,0.4176607142857143,0.09569642857142857,0.48665357142857146,0.7651464285714286,0.11003571428571428,0.4089285714285714,0.535975,0.43241071428571426,28
2023-11-04,NVDA,0.2532142857142857,0.08577142857142858,0.6610571428571428,0.6904571428571428,0.06934285714285714,0.39999999999999997,0.318,0.47785714285714287,7
2023-11-05,NVDA,0.3971777777777778,0.06785555555555556,0.5350222222222222,0.7772888888888888,0.20115555555555556,0.4166666666666667,0.34203333333333336,0.4666666666666667,9
2023-11-06,NVDA,0.4582291666666667,0.06973750000000001,0.4720583333333333,0.7654541666666667,0.18516666666666667,0.48333333333333334,0.4656416666666667,0.4021875,24
2023-11-07,NVDA,0.20166190476190474,0.11777619047619048,0.6806047619047619,0.7382095238095238,0.04223809523809524,0.35714285714285715,0.33277619047619045,0.5205952380952381,21
2023-11-08,NVDA,0.3242076923076923,0.11916923076923076,0.5566384615384615,0.7520384615384615,0.0659,0.36538461538461536,0.39524615384615386,0.49653846153846154,13
2023-11-09,NVDA,0.30812666666666666,0.08773333333333334,0.6041733333333333,0.75196,0.13682666666666668,0.5233333333333333,0.3368,0.5268333333333334,15
2023-11-10,NVDA,0.27548181818181816,0.12191363636363638,0.602609090909091,0.6983954545454545,0.09639545454545456,0.6431818181818182,0.46165454545454543,0.44477272727272726,22
2023-11-11,NVDA,0.104575,0.104575,0.790925,0.790925,0.0,0.25,0.205,0.6950000000000001,4
2023-11-12,NVDA,0.2669,0.09195,0.6412,0.6412,0.14475,0.625,0.34085,0.41000000000000003,2
2023-11-13,NVDA,0.2220148148148148,0.13964074074074076,0.6383666666666667,0.7282222222222222,0.04225555555555555,0.4944444444444444,0.29574814814814815,0.4673148148148148,27
2023-11-14,NVDA,0.3477,0.08643225806451614,0.565883870967742,0.731458064516129,0.17054516129032257,0.5387096774193548,0.4429225806451613,0.460241935483871,31
2023-11-15,NVDA,0.25637000000000004,0.11187666666666667,0.6317966666666667,0.75428,0.06655,0.47333333333333333,0.31029999999999996,0.50875,30
2023-11-16,NVDA,0.3561576923076923,0.09321538461538462,0.5506576923076923,0.7419,0.11095769230769231,0.46923076923076923,0.4330884615384616,0.4650961538461539,26
2023-11-17,NVDA,0.35186206896551725,0.07497241379310345,0.5732103448275863,0.7799034482758621,0.1797758620689655,0.4293103448275862,0.3996,0.4824137931034483,29
2023-11-18,NVDA,0.14981666666666668,0.11148333333333334,0.7387333333333332,0.7387333333333332,0.007133333333333333,0.6333333333333333,0.29545,0.5425000000000001,6
2023-11-19,NVDA,0.3998,0.06096666666666667,0.53925,0.72675,0.08631666666666667,0.39999999999999997,0.4110666666666667,0.36041666666666666,6
2023-11-20,NVDA,0.31065405405405405,0.10103243243243244,0.5883567567567568,0.7651270270270271,0.17078648648648648,0.5337837837837838,0.39995405405405404,0.4731081081081081,37
2023-11-21,NVDA,0.2924934782608696,0.14327608695652175,0.5642478260869566,0.7221760869565218,0.1285195652173913,0.6858695652173913,0.44806739130434786,0.42608695652173917,46
2023-11-22,NVDA,0.4135622222222222,0.08550888888888888,0.5009511111111111,0.7712422222222222,0.26897333333333334,0.6966666666666667,0.5023022222222222,0.4157222222222222,45
2023-11-23,NVDA,0.2261181818181818,0.09420909090909091,0.6797363636363637,0.7786000000000001,0.12261818181818182,0.45454545454545453,0.23514545454545452,0.5990909090909091,11
2023-11-24,NVDA,0.4222666666666666,0.10008888888888888,0.47766296296296296,0.7187925925925925,0.15865925925925928,0.5907407407407407,0.43543703703703707,0.39740740740740743,27
2023-11-25,NVDA,0.28526666666666667,0.08386666666666666,0.6309333333333333,0.7414,0.16956666666666667,0.5,0.29943333333333333,0.5125000000000001,3
2023-11-26,NVDA,0.9256,0.0044,0.07,0.9256,0.2032,0.25,0.6633,0.4275,1
2023-11-27,NVDA,0.3176,0.09812758620689654,0.5842827586206896,0.7178793103448275,0.17011034482758622,0.6482758620689656,0.3975068965517241,0.4392241379310345,29
2023-11-28,NVDA,0.2871714285714286,0.16538095238095238,0.5474714285714286,0.7172333333333333,0.05273809523809524,0.6404761904761904,0.43661904761904763,0.4269047619047619,21
2023-11-29,NVDA,0.385296,0.08974,0.524988,0.737172,0.158668,0.546,0.462588,0.42480000000000007,25
2023-11-30,NVDA,0.2838409090909091,0.11309090909090909,0.6030818181818182,0.7329090909090908,0.05888636363636363,0.3522727272727273,0.3986363636363636,0.47170454545454543,22
2023-12-01,NVDA,0.398,0.08255882352941177,0.5194529411764706,0.7444999999999999,0.2334,0.5588235294117647,0.4985294117647059,0.3860294117647059,17
2023-12-02,NVDA,0.24179090909090908,0.08937272727272727,0.6688545454545455,0.6957090909090909,0.04812727272727273,0.4636363636363636,0.3006272727272727,0.5275,11
2023-12-03,NVDA,0.31831,0.08392000000000001,0.59779,0.6419900000000001,0.07494,0.475,0.42332000000000003,0.43674999999999997,10
2023-12-04,NVDA,0.4053380952380953,0.0697,0.5249904761904761,0.7801238095238096,0.19832380952380954,0.4619047619047619,0.42971904761904767,0.46214285714285713,21
2023-12-05,NVDA,0.3584333333333333,0.07891904761904762,0.5626571428571429,0.7524333333333333,0.20955238095238093,0.6023809523809524,0.38927142857142855,0.41428571428571426,21
2023-12-06,NVDA,0.19377857142857144,0.12918928571428573,0.67705,0.7091892857142856,0.024260714285714285,0.4375,0.34112857142857145,0.4921428571428571,28
2023-12-07,NVDA,0.3639136363636364,0.09499545454545455,0.5411045454545454,0.7285545454545456,0.18345454545454548,0.6954545454545454,0.4883136363636364,0.3804545454545455,22
2023-12-08,NVDA,0.35899583333333335,0.12279166666666667,0.5182291666666666,0.7148958333333333,0.17545,0.6062500000000001,0.433575,0.4057291666666667,24
2023-12-09,NVDA,0.20820833333333333,0.107025,0.6847916666666666,0.7135333333333334,0.04484166666666667,0.5875,0.32035833333333336,0.48750000000000004,12
2023-12-10,NVDA,0.3138714285714285,0.09011428571428572,0.5960428571428571,0.7722428571428571,0.1586857142857143,0.5714285714285714,0.3581,0.5017857142857143,7
2023-12-11,NVDA,0.40593571428571434,0.07806428571428571,0.5160142857142856,0.7493142857142857,0.19725714285714285,0.5642857142857143,0.43652857142857143,0.4094642857142857,14
2023-12-12,NVDA,0.2725,0.1312074074074074,0.5963259259259259,0.7201444444444444,0.06373333333333332,0.5259259259259259,0.3742222222222222,0.44324074074074077,27
2023-12-13,NVDA,0.32994814814814816,0.13542962962962962,0.5346407407407407,0.7238925925925925,0.050162962962962965,0.5444444444444444,0.44608148148148147,0.4366666666666667,27
2023-12-14,NVDA,0.233075,0.15940000000000001,0.6075499999999999,0.70515,-0.0021999999999999984,0.49583333333333335,0.344925,0.46125,12
2023-12-15,NVDA,0.17550000000000002,0.14659523809523808,0.6779619047619048,0.7446190476190476,0.041528571428571436,0.40476190476190477,0.2639714285714286,0.5586904761904762,21
2023-12-16,NVDA,0.19613333333333335,0.13235,0.6715166666666667,0.7030500000000001,0.012566666666666665,0.5583333333333333,0.29033333333333333,0.49041666666666667,6
2023-12-17,NVDA,0.41073333333333334,0.08034999999999999,0.5089333333333333,0.7183,0.11845,0.625,0.3919333333333333,0.45,6
2023-12-18,NVDA,0.2503611111111111,0.14222222222222222,0.6074555555555556,0.7011833333333333,0.03332222222222222,0.5555555555555556,0.35920555555555556,0.4715277777777778,18
2023-12-19,NVDA,0.3244904761904762,0.12953333333333333,0.5460047619047619,0.7596952380952381,0.09717142857142858,0.5523809523809524,0.3680380952380953,0.4427380952380952,21
2023-12-20,NVDA,0.21357391304347828,0.17650434782608698,0.6099565217391304,0.7248826086956521,0.02236086956521739,0.6021739130434782,0.34146521739130437,0.4826086956521739,23
2023-12-21,NVDA,0.2701173913043478,0.10791304347826088,0.622008695652174,0.6926434782608696,0.05791739130434783,0.4760869565217391,0.36995652173913046,0.48423913043478256,23
2023-12-22,NVDA,0.25705,0.10819090909090909,0.6347727272727273,0.7161045454545455,0.08483181818181819,0.5022727272727273,0.3291318181818182,0.47795454545454547,22
2023-12-23,NVDA,0.16271,0.11135000000000002,0.7259599999999999,0.7259599999999999,0.01011,0.575,0.275,0.48325000000000007,10
2023-12-24,NVDA,0.4295857142857143,0.07141428571428572,0.4990428571428572,0.6933571428571429,0.07451428571428571,0.4785714285714286,0.4100428571428572,0.4614285714285714,7
2023-12-25,NVDA,0.11455000000000001,0.11455000000000001,0.770975,0.770975,0.0,0.4375,0.18625,0.61,4
2023-12-26,NVDA,0.3250958333333333,0.08975416666666668,0.5851916666666667,0.7646333333333333,0.15125833333333333,0.5166666666666667,0.35714583333333333,0.46552083333333333,24
2023-12-27,NVDA,0.4232130434782609,0.07118260869565217,0.5056391304347826,0.7518652173913043,0.18702173913043477,0.5043478260869565,0.44310434782608693,0.4476086956521739,23
2023-12-28,NVDA,0.36872777777777777,0.07852222222222222,0.5527888888888889,0.7018166666666666,0.16398888888888888,0.5249999999999999,0.37745,0.4176388888888889,18
2023-12-29,NVDA,0.20282307692307694,0.10501538461538461,0.6922115384615384,0.7113230769230768,0.05624615384615384,0.5326923076923077,0.26661538461538464,0.5328846153846154,26
2023-12-30,NVDA,0.29971578947368416,0.08205263157894738,0.6182736842105263,0.7697368421052632,0.11769473684210527,0.4052631578947368,0.31301578947368425,0.5136842105263157,19
2023-12-31,NVDA,0.2964555555555555,0.17654444444444445,0.5270222222222222,0.7351888888888889,0.06357777777777779,0.5888888888888889,0.4518222222222222,0.4163888888888889,9
2024-01-01,NVDA,0.14802500000000002,0.20815,0.6439125,0.7536625,-0.013600000000000001,0.25,0.20855,0.5584375,8
2024-01-02,NVDA,0.31814583333333335,0.23145416666666666,0.45041250000000005,0.7813291666666666,0.012820833333333332,0.5625,0.47931250000000003,0.40989583333333335,24
2024-01-03,NVDA,0.325562962962963,0.08960740740740741,0.5848703703703704,0.6865518518518519,0.12756296296296296,0.48703703703703705,0.4056111111111111,0.44462962962962965,27
2024-01-04,NVDA,0.22791935483870968,0.09460967741935485,0.6775290322580645,0.7821967741935484,0.0964258064516129,0.4225806451612903,0.2358741935483871,0.5716129032258065,31
2024-01-05,NVDA,0.31413684210526316,0.16616315789473682,0.5197315789473684,0.7664421052631579,0.14479473684210528,0.5236842105263158,0.4700315789473684,0.48947368421052634,19
2024-01-06,NVDA,0.4809,0.065725,0.4534125,0.8097875,0.295325,0.61875,0.41445,0.43625,8
2024-01-07,NVDA,0.2558833333333333,0.20761666666666667,0.53655,0.7080166666666666,0.0003833333333333351,0.25,0.3436166666666667,0.4695833333333333,6
2024-01-08,NVDA,0.32616774193548387,0.1265258064516129,0.5473290322580646,0.7716838709677419,0.15977096774193547,0.7048387096774194,0.449683870967742,0.4213709677419355,31
2024-01-09,NVDA,0.3888657142857143,0.0903542857142857,0.5207942857142857,0.7439885714285714,0.18798857142857142,0.5514285714285715,0.4207914285714286,0.4485,35
2024-01-10,NVDA,0.28695945945945944,0.09442162162162163,0.6186621621621622,0.7525243243243243,0.1250108108108108,0.5013513513513513,0.3344405405405405,0.4883783783783784,37
2024-01-11,NVDA,0.31094615384615387,0.09278461538461538,0.5963,0.6963076923076923,0.15977692307692307,0.7,0.4161769230769231,0.4375,13
2024-01-12,NVDA,0.3199,0.0931125,0.5870125,0.73620625,0.12404375,0.621875,0.33993125,0.453125,16
2024-01-13,NVDA,0.34702500000000003,0.10948125,0.54351875,0.7290375,0.083425,0.509375,0.36674375000000003,0.44796874999999997,16
2024-01-14,NVDA,0.2741,0.08304,0.64287,0.6551400000000001,0.06327,0.48,0.42227,0.43100000000000005,10
2024-01-15,NVDA,0.36959285714285717,0.07984285714285715,0.5505785714285715,0.7327428571428571,0.12287857142857142,0.5750000000000001,0.4031357142857143,0.44660714285714287,14
2024-01-16,NVDA,0.2734789473684211,0.19504736842105264,0.5315,0.7517947368421053,0.06525263157894737,0.5684210526315789,0.49926315789473685,0.4531578947368421,19
2024-01-17,NVDA,0.26657647058823525,0.14991176470588233,0.5835411764705882,0.7236,0.08341176470588237,0.6029411764705882,0.37491176470588233,0.4773529411764706,17
2024-01-18,NVDA,0.37789999999999996,0.10847083333333334,0.5136583333333333,0.7631333333333333,0.17475833333333335,0.5520833333333334,0.49366249999999995,0.4428125,24
2024-01-19,NVDA,0.4330571428571429,0.06518095238095238,0.501804761904762,0.762547619047619,0.18258095238095237,0.47619047619047616,0.4610190476190476,0.428452380952381,21
2024-01-20,NVDA,0.3189642857142857,0.06975714285714286,0.6113071428571428,0.7194857142857142,0.07985714285714285,0.35714285714285715,0.33749285714285715,0.4473214285714286,14
2024-01-21,NVDA,0.361475,0.1228375,0.5157125,0.665725,0.1033375,0.4875,0.506,0.361875,8
2024-01-22,NVDA,0.33559310344827586,0.08808275862068966,0.5763379310344827,0.7387896551724138,0.17196206896551725,0.506896551724138,0.3948103448275862,0.4617241379310345,29
2024-01-23,NVDA,0.298225,0.1395357142857143,0.5622571428571429,0.7559392857142857,0.113525,0.6178571428571429,0.44694285714285714,0.4473214285714286,28
2024-01-24,NVDA,0.3122761904761905,0.08185238095238095,0.6059095238095238,0.7002238095238096,0.0843095238095238,0.430952380952381,0.3614,0.46345238095238095,21
2024-01-25,NVDA,0.3953678571428571,0.12279642857142857,0.48183928571428575,0.7287785714285714,0.15310714285714286,0.5089285714285714,0.47619285714285714,0.37089285714285714,28
2024-01-26,NVDA,0.2631277777777778,0.10242222222222223,0.6344944444444445,0.7012388888888889,0.06486666666666667,0.5444444444444445,0.3895944444444444,0.4723611111111112,18
2024-01-27,NVDA,0.29215625,0.158675,0.54918125,0.68129375,0.035750000000000004,0.571875,0.48758124999999997,0.400625,16
2024-01-28,NVDA,0.4085888888888889,0.07793333333333334,0.5135000000000001,0.7276222222222223,0.15882222222222223,0.6277777777777778,0.4308888888888889,0.39083333333333337,9
2024-01-29,NVDA,0.3097035714285714,0.11084285714285715,0.5794821428571428,0.713575,0.09926785714285714,0.4589285714285714,0.4370928571428571,0.47598214285714285,28
2024-01-30,NVDA,0.3679681818181818,0.12420454545454546,0.5078590909090909,0.7364363636363636,0.10294545454545455,0.41590909090909095,0.4951318181818181,0.46738636363636366,22
2024-01-31,NVDA,0.2590653846153846,0.14648461538461538,0.5944576923076923,0.7270769230769231,0.06858461538461538,0.5884615384615385,0.42839615384615387,0.43788461538461537,26
2024-02-01,NVDA,0.2135625,0.14217083333333333,0.6442958333333333,0.7502666666666666,0.014541666666666666,0.45208333333333334,0.3653583333333333,0.4938541666666667,24
2024-02-02,NVDA,0.3657185185185185,0.09402962962962963,0.5402777777777777,0.7455814814814815,0.1443888888888889,0.5074074074074074,0.4599851851851852,0.42796296296296293,27
2024-02-03,NVDA,0.31898125,0.11115625,0.56986875,0.6415375,0.14904375,0.61875,0.38559375,0.37828125,16
2024-02-04,NVDA,0.28644,0.12642,0.58718,0.7865800000000001,0.0422,0.54,0.44214000000000003,0.49749999999999994,5
2024-02-05,NVDA,0.4286535714285714,0.07670714285714286,0.494675,0.7271,0.191975,0.5392857142857143,0.48786785714285713,0.40875,28
2024-02-06,NVDA,0.27059565217391307,0.13691739130434782,0.592513043478261,0.6827173913043478,0.07437826086956523,0.5478260869565217,0.39081304347826085,0.4658695652173913,23
2024-02-07,NVDA,0.31571875,0.10746875,0.57685,0.7743687499999999,0.12266250000000001,0.5046875,0.456809375,0.47640625000000003,32
2024-02-08,NVDA,0.2587214285714286,0.17673571428571427,0.5645678571428572,0.7452285714285714,0.010464285714285714,0.5732142857142858,0.42860714285714285,0.46910714285714283,28
2024-02-09,NVDA,0.33784545454545456,0.11018636363636364,0.5519863636363637,0.6903954545454546,0.1093,0.5704545454545454,0.44365454545454547,0.41056818181818183,22
2024-02-10,NVDA,0.1966909090909091,0.08724545454545454,0.7161090909090909,0.7280090909090908,0.0218,0.3181818181818182,0.2662090909090909,0.5147727272727273,11
2024-02-11,NVDA,0.29541249999999997,0.08255,0.6220749999999999,0.768925,0.140025,0.43125,0.372575,0.5109375,8
2024-02-12,NVDA,0.32930526315789477,0.1143,0.5564210526315789,0.77555,0.1818578947368421,0.6236842105263157,0.3898263157894737,0.48355263157894735,38
2024-02-13,NVDA,0.29665142857142857,0.13786571428571429,0.5655,0.7393,0.11273428571428572,0.6457142857142858,0.43963142857142856,0.4357142857142857,35
2024-02-14,NVDA,0.35164482758620685,0.14710344827586208,0.5012724137931034,0.7136275862068966,0.14616551724137933,0.6637931034482759,0.4410862068965517,0.3928448275862069,29
2024-02-15,NVDA,0.32809512195121954,0.13119756097560975,0.5407219512195122,0.7523756097560975,0.16122439024390245,0.6304878048780488,0.45325853658536586,0.431890243902439,41
2024-02-16,NVDA,0.33422727272727276,0.15312121212121213,0.5126757575757576,0.7597757575757577,0.15160303030303032,0.5227272727272727,0.5275666666666667,0.42651515151515157,33
2024-02-17,NVDA,0.2300705882352941,0.14013529411764705,0.6298294117647059,0.7199823529411764,0.07806470588235294,0.6823529411764706,0.4136470588235294,0.48588235294117643,17
2024-02-18,NVDA,0.3337538461538462,0.08733076923076923,0.5789307692307692,0.6339615384615385,0.09407692307692307,0.5346153846153846,0.4044,0.39903846153846156,13
2024-02-19,NVDA,0.3069958333333333,0.08984583333333333,0.6031708333333333,0.7334208333333333,0.14077916666666668,0.6895833333333333,0.4064916666666667,0.43145833333333333,24
2024-02-20,NVDA,0.3794489795918367,0.11674489795918368,0.5038224489795918,0.7313306122448979,0.2112326530612245,0.6744897959183673,0.46569795918367346,0.3862244897959184,49
2024-02-21,NVDA,0.32442452830188684,0.17663396226415093,0.4989547169811321,0.7567471698113207,0.1556433962264151,0.760377358490566,0.5364660377358491,0.3585377358490566,53
2024-02-22,NVDA,0.44265,0.09399444444444445,0.463362962962963,0.7857518518518518,0.29519814814814815,0.7046296296296296,0.5352555555555556,0.36550925925925926,54
2024-02-23,NVDA,0.3933872340425532,0.11131276595744681,0.4953106382978723,0.7471276595744681,0.23829148936170214,0.7053191489361702,0.5329765957446809,0.3540957446808511,47
2024-02-24,NVDA,0.3101541666666667,0.10778333333333334,0.5820708333333333,0.7176791666666666,0.15707916666666666,0.7312500000000001,0.41920416666666666,0.42500000000000004,24
2024-02-25,NVDA,0.41669090909090906,0.07483636363636365,0.5084818181818181,0.7176,0.25732727272727274,0.6909090909090909,0.4566909090909091,0.41568181818181815,11
2024-02-26,NVDA,0.34463611111111114,0.11390555555555555,0.5414666666666667,0.7440777777777777,0.13707777777777777,0.6208333333333333,0.4101472222222222,0.41534722222222226,36
2024-02-27,NVDA,0.38151463414634146,0.11906097560975609,0.4994512195121951,0.7601731707317073,0.19855609756097561,0.6134146341463415,0.4412536585365854,0.416219512195122,41
2024-02-28,NVDA,0.37694888888888894,0.0917377777777778,0.53134,0.7528222222222223,0.19635111111111112,0.6533333333333333,0.42044222222222216,0.40111111111111114,45
2024-02-29,NVDA,0.33179333333333333,0.10377333333333334,0.5644622222222222,0.7482733333333333,0.12760222222222223,0.6155555555555555,0.4063088888888889,0.4475555555555556,45
2024-03-01,NVDA,0.30599750000000003,0.1031225,0.5909225,0.7471,0.097785,0.45375,0.3651175,0.495125,40
2024-03-02,NVDA,0.1969625,0.16852916666666665,0.6345375,0.6929083333333333,0.019341666666666667,0.6958333333333333,0.3592666666666667,0.4365625,24
2024-03-03,NVDA,0.24555,0.09525,0.65922,0.7243999999999999,0.10347999999999999,0.625,0.34500000000000003,0.50675,10
2024-03-04,NVDA,0.30864047619047624,0.12208809523809523,0.5692833333333334,0.7286238095238096,0.11349047619047618,0.5928571428571429,0.4502333333333334,0.4069047619047619,42
2024-03-05,NVDA,0.2661552631578948,0.14715,0.5867210526315789,0.7046710526315789,0.07741052631578949,0.4842105263157894,0.40551842105263153,0.44690789473684217,38
2024-03-06,NVDA,0.3360709677419355,0.10198064516129032,0.5619741935483871,0.7108129032258065,0.16296451612903226,0.5967741935483871,0.4114548387096774,0.4151612903225807,31
2024-03-07,NVDA,0.27435,0.12425,0.6014468749999999,0.71673125,0.10715,0.6140625,0.359103125,0.44460937500000003,32
2024-03-08,NVDA,0.31359473684210526,0.16626578947368423,0.52015,0.7151973684210526,0.057436842105263154,0.5894736842105263,0.42871315789473685,0.41032894736842107,38
2024-03-09,NVDA,0.21801904761904764,0.1759,0.6061047619047619,0.7492285714285715,-0.010199999999999999,0.5976190476190476,0.34750000000000003,0.4692857142857143,21
2024-03-10,NVDA,0.25643333333333335,0.09089166666666666,0.6526916666666667,0.6544916666666667,0.08928333333333333,0.5583333333333333,0.3546416666666667,0.45812499999999995,12
2024-03-11,NVDA,0.24440238095238098,0.13510238095238095,0.6205071428571428,0.7063976190476191,0.05858571428571428,0.6440476190476191,0.3596690476190476,0.4324404761904762,42
2024-03-12,NVDA,0.3564261904761905,0.11643809523809523,0.5271642857142856,0.7516047619047619,0.14264047619047618,0.6035714285714286,0.43365714285714285,0.4373214285714286,42
2024-03-13,NVDA,0.34823076923076923,0.11145128205128206,0.5403384615384615,0.7682948717948718,0.13961282051282053,0.5499999999999999,0.3980076923076923,0.4272435897435898,39
2024-03-14,NVDA,0.3483,0.1207741935483871,0.5309516129032258,0.7092548387096774,0.14900322580645162,0.5951612903225806,0.416258064516129,0.4208870967741935,31
2024-03-15,NVDA,0.39,0.10852500000000001,0.5014888888888889,0.7158472222222222,0.14323333333333332,0.5736111111111111,0.4771694444444445,0.4297916666666667,36
2024-03-16,NVDA,0.2707608695652174,0.11203478260869565,0.6172217391304348,0.7092391304347826,0.0925,0.5869565217391305,0.32942173913043477,0.44130434782608696,23
2024-03-17,NVDA,0.30128,0.08945333333333334,0.6092933333333334,0.7367266666666666,0.11143333333333333,0.59,0.39546,0.4708333333333333,15
2024-03-18,NVDA,0.3228859375,0.1029078125,0.5742203125,0.7279703125,0.1792390625,0.7359375,0.45346875000000003,0.4178515625,64
2024-03-19,NVDA,0.3627862745098039,0.0957156862745098,0.5415176470588235,0.7435686274509803,0.20243529411764705,0.7147058823529412,0.43762745098039213,0.4127450980392157,51
2024-03-20,NVDA,0.3096439024390244,0.09305853658536586,0.5973146341463414,0.727990243902439,0.1414878048780488,0.6853658536585366,0.39610731707317076,0.4443902439024391,41
2024-03-21,NVDA,0.3307595238095238,0.1061,0.5631738095238096,0.7358214285714285,0.13940952380952382,0.5440476190476191,0.40826904761904764,0.46398809523809526,42
2024-03-22,NVDA,0.30275384615384615,0.09811923076923076,0.5991576923076922,0.7287269230769231,0.12195,0.5884615384615385,0.3968346153846154,0.44836538461538467,26
2024-03-23,NVDA,0.35213,0.18178999999999998,0.46608,0.66898,0.08652999999999998,0.625,0.47816000000000003,0.35950000000000004,10
2024-03-24,NVDA,0.26943636363636364,0.14417272727272729,0.5864090909090909,0.7413454545454545,0.03411818181818182,0.5863636363636364,0.36399999999999993,0.44113636363636366,11
2024-03-25,NVDA,0.3182625,0.1123275,0.5694325,0.713255,0.10155750000000001,0.6025,0.4199625,0.4385,40
2024-03-26,NVDA,0.2631695652173913,0.08942608695652174,0.6474347826086957,0.7520608695652173,0.0934695652173913,0.5065217391304347,0.3481043478260869,0.4989130434782609,23
2024-03-27,NVDA,0.21027826086956522,0.1481478260869565,0.6416086956521739,0.7517260869565218,0.04193913043478261,0.6065217391304347,0.3374913043478261,0.4752173913043478,23
2024-03-28,NVDA,0.337965625,0.08284375000000001,0.579225,0.732653125,0.1531,0.5640625,0.336959375,0.43625,32
2024-03-29,NVDA,0.30654000000000003,0.16134,0.53215,0.7169399999999999,0.08309,0.7,0.48810000000000003,0.39375,10
2024-03-30,NVDA,0.2479777777777778,0.09263333333333333,0.6594111111111112,0.6932333333333333,0.09129999999999999,0.49444444444444446,0.25506666666666666,0.5127777777777778,9
2024-03-31,NVDA,0.1794625,0.1080125,0.71255625,0.72438125,0.014381249999999998,0.396875,0.30689375,0.5018750000000001,16
2024-04-01,NVDA,0.29583125,0.12428125000000001,0.579903125,0.739471875,0.1028625,0.64375,0.393971875,0.43343750000000003,32
2024-04-02,NVDA,0.2634964285714286,0.15757142857142856,0.57895,0.7200107142857143,0.04917142857142857,0.7339285714285715,0.3787642857142857,0.4244642857142857,28
2024-04-03,NVDA,0.21971785714285713,0.1404,0.6399107142857143,0.7339071428571428,0.05802857142857143,0.5750000000000001,0.34542500000000004,0.49839285714285714,28
2024-04-04,NVDA,0.19962272727272729,0.1327681818181818,0.6676636363636363,0.745040909090909,0.013827272727272731,0.4227272727272728,0.2838363636363636,0.5378409090909091,22
2024-04-05,NVDA,0.35746,0.09570000000000001,0.54686,0.744376,0.14438399999999998,0.5720000000000001,0.434036,0.4365,25
2024-04-06,NVDA,0.37248333333333333,0.0819,0.5456166666666666,0.7276333333333334,0.19401666666666664,0.6791666666666667,0.4221916666666667,0.4116666666666666,12
2024-04-07,NVDA,0.3846625,0.18933750000000002,0.42605000000000004,0.8214625,0.075175,0.70625,0.479875,0.39125,8
2024-04-08,NVDA,0.27094583333333333,0.08410416666666666,0.6449833333333334,0.7189916666666667,0.11715833333333332,0.4875,0.3156541666666667,0.46406250000000004,24
2024-04-09,NVDA,0.27142058823529414,0.10573235294117647,0.622879411764706,0.73915,0.07777941176470587,0.42058823529411765,0.3821294117647059,0.49904411764705886,34
2024-04-10,NVDA,0.2797926829268293,0.13146585365853658,0.588770731707317,0.7295878048780488,0.07970000000000001,0.5695121951219513,0.3938365853658537,0.4271951219512195,41
2024-04-11,NVDA,0.38139629629629634,0.09341111111111111,0.5251888888888888,0.6739962962962963,0.17897777777777776,0.6518518518518519,0.44525925925925924,0.36314814814814816,27
2024-04-12,NVDA,0.2579166666666667,0.14068333333333335,0.6014366666666666,0.7195766666666666,0.07267333333333333,0.52,0.38739666666666667,0.4644166666666667,30
2024-04-13,NVDA,0.21865555555555558,0.15046666666666667,0.6308888888888888,0.7003833333333334,0.010427777777777779,0.7416666666666667,0.37817222222222224,0.42138888888888887,18
2024-04-14,NVDA,0.2449,0.10526250000000001,0.6498375,0.7623,0.0317,0.58125,0.3489125,0.5096875000000001,8
2024-04-15,NVDA,0.34415555555555555,0.11172222222222222,0.5441185185185186,0.751762962962963,0.18966666666666668,0.5944444444444444,0.46602592592592595,0.4033333333333334,27
2024-04-16,NVDA,0.28686666666666666,0.11624444444444446,0.5969185185185185,0.7415148148148148,0.11846666666666666,0.5685185185185185,0.4332148148148148,0.47046296296296297,27
2024-04-17,NVDA,0.3091342857142857,0.09775428571428572,0.5931428571428571,0.74754,0.13861142857142858,0.5128571428571428,0.37283714285714287,0.46371428571428575,35
2024-04-18,NVDA,0.26567419354838706,0.11040967741935484,0.6239483870967742,0.7588,0.10671935483870967,0.5258064516129033,0.3138,0.538225806451613,31
2024-04-19,NVDA,0.33069130434782606,0.15986521739130435,0.5094434782608696,0.7077695652173913,0.054026086956521724,0.5478260869565217,0.5810391304347826,0.37163043478260865,23
2024-04-20,NVDA,0.3028666666666667,0.20263333333333333,0.4945,0.7410333333333333,0.044566666666666664,0.6166666666666667,0.5148333333333334,0.30854166666666666,12
2024-04-21,NVDA,0.30888571428571426,0.07905,0.6120857142857143,0.7109428571428571,0.15547142857142857,0.4642857142857143,0.33308571428571426,0.4628571428571429,14
2024-04-22,NVDA,0.2139676470588235,0.2079,0.5781558823529411,0.7264705882352941,0.005564705882352942,0.5411764705882353,0.442735294117647,0.43264705882352944,34
2024-04-23,NVDA,0.23014444444444443,0.1224962962962963,0.6474037037037037,0.7263333333333334,0.07533333333333335,0.48148148148148145,0.275737037037037,0.4941666666666667,27
2024-04-24,NVDA,0.31426923076923075,0.10861538461538461,0.5771653846153846,0.7501846153846153,0.13561538461538464,0.4673076923076923,0.39017307692307696,0.5174038461538462,26
2024-04-25,NVDA,0.33113478260869567,0.08205217391304348,0.5868652173913044,0.7408913043478261,0.10490434782608694,0.4543478260869565,0.39573478260869566,0.5191304347826087,23
2024-04-26,NVDA,0.3662208333333334,0.13833333333333334,0.4954541666666667,0.7476833333333334,0.1357875,0.5395833333333333,0.5461166666666667,0.4245833333333333,24
2024-04-27,NVDA,0.28378571428571425,0.09664285714285714,0.6196071428571429,0.74605,0.12856428571428571,0.4571428571428572,0.37064285714285716,0.48375,14
2024-04-28,NVDA,0.45048750000000004,0.06290000000000001,0.486625,0.751,0.2444125,0.53125,0.4472875,0.424375,8
2024-04-29,NVDA,0.31035454545454544,0.08802272727272728,0.6016318181818181,0.7174090909090909,0.12304545454545454,0.43636363636363634,0.44290454545454544,0.45579545454545456,22
2024-04-30,NVDA,0.284688,0.10639599999999999,0.6089519999999999,0.721468,0.08936400000000001,0.5379999999999999,0.41336799999999996,0.46649999999999997,25
2024-05-01,NVDA,0.4180346153846154,0.10002307692307692,0.4819538461538461,0.7434,0.13681153846153846,0.5192307692307693,0.5126499999999999,0.4091346153846154,26
2024-05-02,NVDA,0.32927241379310346,0.1105103448275862,0.5602344827586208,0.6995206896551724,0.11087241379310345,0.5568965517241379,0.4630310344827587,0.43336206896551727,29
2024-05-03,NVDA,0.4056681818181818,0.15540454545454543,0.43895454545454543,0.8181136363636363,0.10579090909090909,0.47045454545454546,0.5173545454545455,0.46147727272727274,22
2024-05-04,NVDA,0.34092,0.08206,0.57704,0.7398199999999999,0.19292,0.45999999999999996,0.43666,0.41050000000000003,5
2024-05-05,NVDA,0.37957142857142856,0.07212857142857143,0.5483142857142858,0.6929,0.15895714285714285,0.5642857142857143,0.4096285714285714,0.37035714285714283,7
2024-05-06,NVDA,0.2707045454545454,0.10071363636363637,0.6285954545454545,0.7263295454545454,0.09324318181818181,0.49659090909090914,0.42382045454545453,0.49875,44
2024-05-07,NVDA,0.2732441176470588,0.14009411764705884,0.5866676470588236,0.712585294117647,0.0728470588235294,0.5558823529411764,0.4250441176470588,0.44198529411764703,34
2024-05-08,NVDA,0.26382666666666665,0.16454333333333335,0.5716699999999999,0.7363666666666667,0.00615666666666667,0.34833333333333333,0.4413033333333333,0.4736666666666667,30
2024-05-09,NVDA,0.29581875,0.13961875,0.5645749999999999,0.76008125,0.07858124999999999,0.509375,0.4605625,0.49765625,16
2024-05-10,NVDA,0.33694375,0.11047812500000001,0.552609375,0.76160625,0.06751875,0.4578125,0.45071875,0.46796875,32
2024-05-11,NVDA,0.25255,0.14461666666666667,0.6028333333333333,0.70115,-0.017400000000000002,0.5,0.3775,0.4270833333333333,6
2024-05-12,NVDA,0.4023428571428571,0.07951428571428572,0.5181571428571429,0.5721142857142857,0.13481428571428572,0.6785714285714286,0.4302428571428571,0.36714285714285716,7
2024-05-13,NVDA,0.31238,0.09619200000000001,0.591436,0.716632,0.165496,0.594,0.42688000000000004,0.4357,25
2024-05-14,NVDA,0.27279,0.13367666666666667,0.5935633333333333,0.7223733333333333,0.09171333333333333,0.5566666666666666,0.42634333333333335,0.4509166666666667,30
2024-05-15,NVDA,0.3146,0.11607428571428571,0.5693428571428572,0.7294342857142857,0.16475142857142858,0.6157142857142858,0.4225971428571429,0.444,35
2024-05-16,NVDA,0.4022241379310345,0.07729655172413794,0.5205103448275862,0.7882586206896552,0.22294827586206897,0.5879310344827586,0.43978620689655173,0.46155172413793105,29
2024-05-17,NVDA,0.2643625,0.16184166666666666,0.5738208333333333,0.7270625000000001,0.082225,0.48333333333333334,0.4070958333333334,0.47802083333333334,24
2024-05-18,NVDA,0.23367500000000002,0.096725,0.6696124999999999,0.7070875,0.066,0.43125,0.3490375,0.5165625,8
2024-05-19,NVDA,0.47766363636363635,0.0693818181818182,0.4529727272727273,0.8009636363636364,0.2978909090909091,0.7090909090909091,0.5128272727272727,0.3781818181818182,11
2024-05-20,NVDA,0.3861514285714286,0.11069714285714286,0.5031685714285714,0.7408914285714285,0.20226571428571427,0.6971428571428571,0.4901342857142857,0.42114285714285715,35
2024-05-21,NVDA,0.3476764705882353,0.1350235294117647,0.5173294117647058,0.7898588235294117,0.15305882352941175,0.6308823529411764,0.4426176470588235,0.45294117647058824,34
2024-05-22,NVDA,0.43797142857142857,0.10223142857142857,0.4598285714285715,0.7967742857142858,0.31386,0.7685714285714286,0.5596885714285714,0.3615,35
2024-05-23,NVDA,0.4151153846153846,0.08446923076923077,0.5004326923076923,0.7551692307692307,0.28749807692307694,0.7019230769230769,0.4932096153846154,0.3914423076923077,52
2024-05-24,NVDA,0.348505,0.0985425,0.5529625,0.7364675,0.20017749999999998,0.70625,0.39665,0.40893750000000006,40
2024-05-25,NVDA,0.1838142857142857,0.17965714285714288,0.6365285714285714,0.6575142857142857,0.049985714285714286,0.8857142857142858,0.40700000000000003,0.3989285714285714,7
2024-05-26,NVDA,0.39028,0.12737,0.48236,0.67942,0.17929,0.73,0.51293,0.3085,10
2024-05-27,NVDA,0.30229999999999996,0.07952142857142856,0.6181785714285715,0.7269142857142857,0.14475714285714283,0.5428571428571428,0.348,0.39,14
2024-05-28,NVDA,0.3043162790697675,0.09943953488372093,0.5962627906976744,0.7281465116279069,0.1680046511627907,0.6627906976744186,0.3889348837209302,0.45563953488372094,43
2024-05-29,NVDA,0.3802578947368421,0.08322105263157895,0.5365473684210527,0.7299157894736842,0.2111,0.6828947368421052,0.43882894736842104,0.40828947368421054,38
2024-05-30,NVDA,0.36761578947368423,0.09937631578947369,0.5330263157894737,0.6745447368421053,0.18475263157894736,0.6631578947368421,0.44457894736842113,0.3805263157894737,38
2024-05-31,NVDA,0.33821249999999997,0.115371875,0.5464375,0.748428125,0.09056875,0.5109375,0.44365,0.450234375,32
2024-06-01,NVDA,0.29797142857142855,0.10197142857142857,0.6000642857142857,0.6135714285714285,0.14099285714285714,0.8892857142857142,0.41385714285714287,0.41125,14
2024-06-02,NVDA,0.308025925925926,0.09733703703703703,0.5946592592592593,0.6525888888888889,0.15355925925925926,0.7148148148148148,0.4554703703703704,0.3826851851851852,27
2024-06-03,NVDA,0.30132972972972977,0.12907837837837838,0.5696297297297297,0.7213405405405405,0.1169972972972973,0.5310810810810811,0.3807135135135135,0.42445945945945945,37
2024-06-04,NVDA,0.29131162790697673,0.10596279069767442,0.6027441860465116,0.7205837209302325,0.09690697674418604,0.6,0.38106976744186044,0.4518023255813954,43
2024-06-05,NVDA,0.34922631578947366,0.10254473684210526,0.5482473684210527,0.7172342105263158,0.15914473684210526,0.6473684210526316,0.4559578947368421,0.40269736842105264,38
2024-06-06,NVDA,0.38681739130434784,0.11215,0.5010521739130435,0.7291826086956522,0.19252173913043477,0.7054347826086957,0.5126282608695653,0.35989130434782607,46
2024-06-07,NVDA,0.28919,0.1198725,0.59096,0.727305,0.0854925,0.62,0.40169249999999995,0.4448125,40
2024-06-08,NVDA,0.18438235294117647,0.12661764705882356,0.6890294117647059,0.7442470588235295,0.014105882352941176,0.711764705882353,0.3135529411764706,0.5298529411764706,17
2024-06-09,NVDA,0.31703000000000003,0.11508,0.56791,0.58705,0.14329,0.76,0.42637,0.31325,10
2024-06-10,NVDA,0.35545869565217386,0.15347608695652173,0.49107173913043484,0.73775,0.1684,0.6771739130434782,0.49042391304347827,0.3633695652173913,46
2024-06-11,NVDA,0.3200769230769231,0.12034871794871795,0.5595948717948718,0.7260717948717949,0.10806666666666666,0.5423076923076923,0.4168974358974359,0.4382692307692308,39
2024-06-12,NVDA,0.30586315789473684,0.12012368421052633,0.5740263157894736,0.7004368421052631,0.1483315789473684,0.6644736842105263,0.41568421052631577,0.3952631578947368,38
2024-06-13,NVDA,0.3438407407407407,0.10967407407407409,0.5465074074074073,0.7238925925925926,0.10986666666666667,0.5833333333333334,0.47434074074074073,0.4451851851851852,27
2024-06-14,NVDA,0.2048,0.12041,0.67482,0.7142466666666666,0.05863,0.5783333333333334,0.28707,0.49024999999999996,30
2024-06-15,NVDA,0.39364000000000005,0.08828,0.5180733333333334,0.73972,0.21349333333333334,0.8,0.4625533333333333,0.41133333333333333,15
2024-06-16,NVDA,0.3406153846153846,0.09136923076923079,0.5680230769230769,0.6512846153846154,0.1874846153846154,0.8192307692307692,0.4707307692307693,0.3819230769230769,13
2024-06-17,NVDA,0.2238945945945946,0.1083162162162162,0.6678243243243243,0.7143459459459459,0.06475945945945946,0.5135135135135135,0.2839621621621622,0.5021621621621623,37
2024-06-18,NVDA,0.34295,0.11522631578947369,0.5418368421052632,0.689,0.15558947368421053,0.7302631578947368,0.4181578947368421,0.3655921052631579,38
2024-06-19,NVDA,0.3263542857142857,0.12186857142857144,0.5517971428571429,0.7432142857142857,0.16666857142857144,0.6814285714285715,0.4281971428571429,0.3876428571428572,35
2024-06-20,NVDA,0.3035555555555556,0.10614166666666668,0.590325,0.7094222222222223,0.13782777777777777,0.7055555555555555,0.3373111111111111,0.4174305555555555,36
2024-06-21,NVDA,0.3815275,0.1084325,0.51005,0.7209375,0.14322,0.6925,0.48310000000000003,0.3948125,40
2024-06-22,NVDA,0.30965,0.0971625,0.5932000000000001,0.6117,0.1356375,0.8125,0.37812500000000004,0.4171875,8
2024-06-23,NVDA,0.344865,0.090005,0.5651550000000001,0.72581,0.145055,0.6174999999999999,0.39785,0.434,20
2024-06-24,NVDA,0.2188842105263158,0.17971052631578946,0.6014421052631579,0.6996947368421053,0.02257894736842105,0.7223684210526315,0.375371052631579,0.43743421052631576,38
2024-06-25,NVDA,0.32346904761904766,0.12516190476190475,0.5513976190476191,0.7390547619047618,0.10805238095238094,0.6595238095238095,0.41028571428571425,0.4249404761904762,42
2024-06-26,NVDA,0.28186190476190476,0.12112619047619047,0.5970452380952381,0.7712309523809524,0.12161190476190475,0.5869047619047618,0.37606190476190476,0.4699404761904762,42
2024-06-27,NVDA,0.3208755555555555,0.10619555555555557,0.5729577777777778,0.7056977777777778,0.1289511111111111,0.55,0.41512444444444446,0.41816666666666663,45
2024-06-28,NVDA,0.29272692307692305,0.14418461538461538,0.5630923076923077,0.7191076923076923,0.13338461538461538,0.6711538461538461,0.4342576923076923,0.4121153846153846,26
2024-06-29,NVDA,0.29282,0.2078,0.49938000000000005,0.7702266666666666,-0.010353333333333341,0.65,0.39755333333333337,0.41683333333333333,15
2024-06-30,NVDA,0.33553684210526313,0.13632105263157895,0.5281684210526315,0.7142315789473684,0.07743157894736842,0.5263157894736842,0.3930736842105263,0.4303947368421053,19
2024-07-01,NVDA,0.3674310344827586,0.11072413793103447,0.5218620689655172,0.7570620689655172,0.18249655172413792,0.6103448275862069,0.47357241379310344,0.40051724137931033,29
2024-07-02,NVDA,0.31398709677419356,0.14535806451612904,0.5406774193548387,0.7377354838709678,0.0720516129032258,0.6177419354838709,0.43369677419354835,0.4287096774193549,31
2024-07-03,NVDA,0.43763157894736837,0.07771315789473685,0.48467894736842104,0.7457605263157895,0.15496842105263156,0.5184210526315789,0.5283157894736842,0.4192105263157895,38
2024-07-04,NVDA,0.462205,0.16284,0.37496,0.772405,0.20412499999999997,0.7725,0.606025,0.340125,20
2024-07-05,NVDA,0.4453095238095238,0.16779047619047618,0.3868952380952381,0.7847666666666667,0.12,0.6571428571428571,0.583695238095238,0.36154761904761906,21
2024-07-06,NVDA,0.3777090909090909,0.29355454545454546,0.32874545454545456,0.7839090909090909,0.0795909090909091,0.7181818181818183,0.7533000000000001,0.3640909090909091,11
2024-07-07,NVDA,0.37051666666666666,0.12793333333333334,0.5015666666666666,0.7454000000000001,0.266175,0.6833333333333332,0.56005,0.4214583333333333,12
2024-07-08,NVDA,0.42928636363636363,0.1290818181818182,0.44164545454545456,0.7565136363636363,0.18786363636363637,0.7227272727272728,0.6151318181818182,0.37988636363636363,22
2024-07-09,NVDA,0.4067969696969697,0.21015151515151514,0.3830545454545455,0.7535818181818182,0.12664242424242422,0.703030303030303,0.5936,0.3306818181818182,33
2024-07-10,NVDA,0.424278125,0.10361875,0.472115625,0.71476875,0.12707812500000001,0.503125,0.5337125,0.392265625,32
2024-07-11,NVDA,0.35226999999999997,0.21842,0.429305,0.71734,0.116045,0.5599999999999999,0.6030300000000001,0.36312500000000003,20
2024-07-12,NVDA,0.2495086956521739,0.1730782608695652,0.5774347826086956,0.7341347826086957,0.06330869565217391,0.5434782608695652,0.4226130434782609,0.4584782608695652,23
2024-07-13,NVDA,0.40276875,0.247325,0.34991875,0.761925,0.06615625,0.68125,0.7725562499999999,0.325625,16
2024-07-14,NVDA,0.45207857142857144,0.10945,0.4385,0.7122714285714286,0.14860714285714288,0.6178571428571429,0.6689785714285714,0.32375,14
2024-07-15,NVDA,0.36638275862068964,0.08923103448275861,0.5443896551724138,0.7012758620689655,0.17063448275862067,0.5655172413793103,0.48201724137931035,0.4111206896551724,29
2024-07-16,NVDA,0.3753681818181818,0.12188636363636364,0.5027636363636364,0.7004818181818182,0.1819090909090909,0.6318181818181818,0.49535454545454544,0.3795454545454545,22
2024-07-17,NVDA,0.31000303030303034,0.18660909090909092,0.5034000000000001,0.7351272727272727,0.08885454545454545,0.7045454545454546,0.5641121212121212,0.3917424242424242,33
2024-07-18,NVDA,0.43025714285714284,0.10991428571428571,0.45985714285714285,0.7778142857142857,0.13525714285714285,0.5285714285714286,0.6280142857142856,0.42928571428571427,7
2024-07-19,NVDA,0.3018772727272727,0.21023181818181816,0.4879045454545455,0.7206318181818182,0.06354545454545456,0.6,0.5787363636363637,0.4253409090909091,22
2024-07-20,NVDA,0.47014545454545453,0.23250909090909094,0.29736363636363633,0.7305363636363637,0.020872727272727272,0.5181818181818182,0.6330818181818182,0.335,11
2024-07-21,NVDA,0.30935555555555555,0.2064777777777778,0.48416666666666663,0.6621666666666667,0.10446666666666667,0.4666666666666667,0.5930222222222222,0.42000000000000004,9
2024-07-22,NVDA,0.3601625,0.16039583333333335,0.4794541666666667,0.7195458333333334,0.12589166666666665,0.6479166666666667,0.5411583333333333,0.41260416666666666,24
2024-07-23,NVDA,0.3076421052631579,0.16458421052631578,0.5277947368421053,0.7116894736842105,0.11438947368421053,0.6736842105263158,0.5380421052631579,0.41210526315789475,19
2024-07-24,NVDA,0.33882941176470593,0.17032941176470587,0.4908470588235294,0.7021823529411765,0.11774705882352941,0.7294117647058824,0.5863117647058823,0.38176470588235295,17
2024-07-25,NVDA,0.11780000000000002,0.1113,0.7709333333333334,0.7709333333333334,0.0013333333333333333,0.25,0.2889,0.6224999999999999,3
2024-07-26,NVDA,0.40655,0.09894166666666666,0.49451666666666666,0.730775,0.23063333333333336,0.8041666666666667,0.6165833333333334,0.3910416666666667,12
2024-07-27,NVDA,0.3747666666666667,0.06509444444444444,0.5601444444444444,0.7317444444444444,0.09102777777777778,0.2972222222222222,0.2814,0.5015277777777778,18
2024-07-28,NVDA,0.25943333333333335,0.17503333333333335,0.5655666666666667,0.5655666666666667,0.07139999999999999,0.9833333333333334,0.7885666666666666,0.19833333333333333,3
2024-07-29,NVDA,0.5187941176470589,0.0792529411764706,0.4019588235294118,0.8003882352941176,0.3346823529411765,0.7470588235294118,0.6084647058823529,0.37779411764705884,17
2024-07-30,NVDA,0.5119375,0.15280000000000002,0.33525,0.75039375,0.32405,0.728125,0.722125,0.30015625,16
2024-07-31,NVDA,0.58985,0.08941428571428571,0.32074285714285716,0.7775214285714285,0.3707214285714286,0.6071428571428571,0.6957357142857142,0.31607142857142856,14
2024-08-01,NVDA,0.5759,0.17159166666666667,0.25253333333333333,0.7904249999999999,0.17565833333333333,0.625,0.7921416666666666,0.3204166666666666,12
2024-08-02,NVDA,0.31495833333333334,0.29816666666666664,0.3869,0.7308500000000001,0.10475,0.5916666666666667,0.6892166666666667,0.3354166666666667,12
2024-08-03,NVDA,0.49538000000000004,0.17876,0.32586,0.6332800000000001,0.14758,0.6900000000000001,0.68646,0.27999999999999997,5
2024-08-04,NVDA,0.40523333333333333,0.2804333333333333,0.31431666666666663,0.7997,0.15425,0.6666666666666666,0.8233333333333333,0.28458333333333335,6
2024-08-05,NVDA,0.10898333333333333,0.49652499999999994,0.3945083333333333,0.7733166666666667,-0.16350833333333334,0.4375,0.5548583333333333,0.4058333333333333,12
2024-08-06,NVDA,0.3370625,0.098225,0.564725,0.7482,0.1383625,0.45625,0.476125,0.4840625,8
2024-08-07,NVDA,0.4969333333333334,0.07113333333333334,0.43195555555555554,0.7517111111111111,0.2655111111111111,0.6388888888888888,0.5720333333333333,0.37694444444444447,9
2024-08-08,NVDA,0.40044444444444444,0.08746666666666668,0.5121111111111111,0.7456777777777778,0.16788888888888887,0.6499999999999999,0.5178222222222222,0.42888888888888893,9
2024-08-09,NVDA,0.8849499999999999,0.0077,0.10735,0.8849499999999999,0.19495,0.25,0.68415,0.33125,2
2024-08-10,NVDA,0.6263,0.04128,0.3324,0.6263,0.34696,0.7,0.69066,0.275,5
2024-08-11,NVDA,0.40453333333333336,0.05903333333333333,0.5364333333333333,0.5913666666666667,0.1164,0.4166666666666667,0.5277666666666666,0.3991666666666666,3
2024-08-12,NVDA,0.23285555555555554,0.3248333333333333,0.4423222222222222,0.6487333333333334,-0.09413333333333332,0.7222222222222222,0.7072111111111111,0.3338888888888889,9
2024-08-13,NVDA,0.5526666666666668,0.17955000000000002,0.2677833333333333,0.8133500000000001,0.18861666666666668,0.625,0.7566666666666667,0.325,6
2024-08-14,NVDA,0.28095714285714285,0.22904285714285713,0.4900142857142857,0.6851714285714285,-0.0042571428571428595,0.2928571428571428,0.5727714285714286,0.3867857142857143,7
2024-08-15,NVDA,0.49078888888888883,0.09977777777777778,0.4094333333333333,0.7515111111111111,0.2117111111111111,0.5944444444444444,0.6340777777777777,0.3877777777777778,9
2024-08-16,NVDA,0.4428090909090909,0.18184545454545456,0.3753727272727273,0.7331545454545455,0.1684727272727273,0.6727272727272727,0.6523727272727272,0.31636363636363635,11
2024-08-17,NVDA,0.399175,0.2072375,0.3936125,0.7913749999999999,0.14671250000000002,0.53125,0.5148,0.3671875,8
2024-08-18,NVDA,0.47886666666666666,0.23498888888888889,0.28615555555555555,0.8301555555555555,0.1880111111111111,0.7944444444444445,0.8136666666666666,0.2902777777777778,9
2024-08-19,NVDA,0.40944166666666665,0.18661666666666665,0.4039166666666667,0.6598833333333333,0.10346666666666665,0.7458333333333332,0.6546500000000001,0.28020833333333334,12
2024-08-20,NVDA,0.3379142857142857,0.09725714285714285,0.5648714285714286,0.7724142857142857,0.15192857142857144,0.4928571428571429,0.5022,0.4575,7
2024-08-21,NVDA,0.53643,0.06682,0.39675000000000005,0.78144,0.25665,0.5650000000000001,0.70583,0.39125,10
2024-08-22,NVDA,0.5332882352941176,0.0739294117647059,0.3928,0.7822588235294118,0.36562941176470587,0.7794117647058824,0.699435294117647,0.3251470588235294,17
2024-08-23,NVDA,0.42145,0.12381428571428572,0.45475714285714286,0.6921928571428572,0.14655714285714286,0.6285714285714287,0.6045999999999999,0.38767857142857143,14
2024-08-24,NVDA,0.4346,0.30643750000000003,0.2589625,0.7984,0.12885,0.59375,0.7187125,0.3453125,8
2024-08-25,NVDA,0.45292000000000004,0.17954,0.36754,0.68486,0.16366,0.6900000000000001,0.6608,0.2855,5
2024-08-26,NVDA,0.409252380952381,0.1305047619047619,0.4602333333333333,0.7469714285714285,0.25494285714285714,0.7452380952380953,0.6826809523809524,0.39011904761904764,21
2024-08-27,NVDA,0.3901066666666667,0.16735999999999998,0.44255333333333335,0.8253400000000001,0.20503999999999997,0.69,0.54742,0.4261666666666667,15
2024-08-28,NVDA,0.41090714285714286,0.14042857142857143,0.44867857142857137,0.7139857142857142,0.2393857142857143,0.8357142857142856,0.7017071428571429,0.32982142857142854,14
2024-08-29,NVDA,0.4208529411764706,0.15916470588235293,0.4199941176470588,0.7091823529411764,0.1786470588235294,0.6058823529411765,0.6735882352941177,0.36882352941176466,17
2024-08-30,NVDA,0.28613636363636363,0.19166818181818182,0.5221863636363636,0.6863318181818182,0.07534090909090908,0.740909090909091,0.5414818181818182,0.38670454545454547,22
2024-08-31,NVDA,0.27685,0.1757,0.54745,0.66335,0.0068499999999999915,0.6083333333333333,0.5457666666666666,0.40875,6
2024-09-01,NVDA,0.4386666666666667,0.0698,0.4915333333333333,0.7862333333333332,0.3221333333333333,0.75,0.5633333333333334,0.38166666666666665,3
2024-09-02,NVDA,0.215625,0.0924,0.691975,0.691975,0.0254875,0.43125,0.4257125,0.43624999999999997,8
2024-09-03,NVDA,0.3503136363636364,0.2697909090909091,0.37989545454545454,0.6842,0.061599999999999995,0.7636363636363637,0.7132045454545455,0.3151136363636364,22
2024-09-04,NVDA,0.28283846153846154,0.34828846153846155,0.36888076923076923,0.7371961538461539,-0.06965384615384616,0.6211538461538461,0.6319730769230769,0.3317307692307692,26
2024-09-05,NVDA,0.41264500000000004,0.147045,0.44030500000000006,0.712305,0.20823999999999998,0.7375,0.6180749999999999,0.38975,20
2024-09-06,NVDA,0.4647235294117647,0.22144117647058822,0.31381764705882353,0.7658176470588236,0.22831764705882354,0.9970588235294118,0.768864705882353,0.25720588235294123,17
2024-09-07,NVDA,0.5028533333333333,0.06263333333333333,0.4345133333333333,0.7754066666666667,0.3603,0.6966666666666667,0.5829333333333333,0.422,15
2024-09-08,NVDA,0.4546333333333333,0.12804166666666666,0.417325,0.7239833333333333,0.206975,0.6749999999999999,0.583775,0.37895833333333334,12
2024-09-09,NVDA,0.46628000000000003,0.22913333333333336,0.3045666666666667,0.7554266666666667,0.13418666666666665,0.7233333333333333,0.7437,0.28200000000000003,15
2024-09-10,NVDA,0.39493125,0.18815625,0.41691875,0.74734375,0.15160625,0.6625,0.68475,0.3409375,16
2024-09-11,NVDA,0.47240000000000004,0.13202666666666665,0.39559333333333335,0.7363066666666668,0.2061933333333333,0.7866666666666667,0.7290066666666667,0.32583333333333336,15
2024-09-12,NVDA,0.4822666666666667,0.11823333333333334,0.3995,0.7632833333333333,0.20141666666666666,0.6666666666666666,0.6588333333333334,0.3804166666666667,6
2024-09-13,NVDA,0.45554375,0.07420625,0.4702875,0.79283125,0.31508125,0.69375,0.55576875,0.42765625,16
2024-09-14,NVDA,0.5197090909090909,0.2197909090909091,0.2605090909090909,0.7595363636363637,0.2015818181818182,0.6772727272727272,0.7490909090909091,0.3552272727272727,11
2024-09-15,NVDA,0.3605,0.2573,0.38224,0.80234,0.10322,0.72,0.7477400000000001,0.34249999999999997,5
2024-09-16,NVDA,0.313325,0.11730833333333333,0.5693666666666667,0.7180833333333333,0.14346666666666666,0.6291666666666667,0.5234166666666666,0.42770833333333336,12
2024-09-17,NVDA,0.50945,0.06563571428571428,0.42492857142857143,0.7304,0.35050714285714285,0.7285714285714285,0.5914714285714285,0.3055357142857143,14
2024-09-18,NVDA,0.36856190476190476,0.1828904761904762,0.4485523809523809,0.7321190476190476,0.12233809523809522,0.7904761904761906,0.6374428571428572,0.3623809523809524,21
2024-09-19,NVDA,0.4194380952380952,0.14217619047619048,0.4384,0.6828285714285715,0.24333809523809524,0.7809523809523808,0.5916571428571429,0.3028571428571429,21
2024-09-20,NVDA,0.5545066666666667,0.07800666666666665,0.3674733333333334,0.6812466666666667,0.3297866666666666,0.7633333333333333,0.6757333333333333,0.27116666666666667,15
2024-09-21,NVDA,0.4395769230769231,0.06843076923076924,0.49199230769230773,0.7054461538461538,0.22047692307692307,0.6153846153846154,0.484476923076923,0.37711538461538463,13
2024-09-22,NVDA,0.6986125,0.04305,0.2583125,0.8406875,0.527575,0.80625,0.7290375,0.3303125,8
2024-09-23,NVDA,0.46953846153846157,0.09277692307692308,0.4377076923076923,0.7378692307692307,0.2614846153846154,0.7115384615384616,0.6401769230769231,0.39115384615384613,13
2024-09-24,NVDA,0.40796153846153843,0.112,0.48004615384615384,0.6982999999999999,0.1557923076923077,0.7346153846153847,0.6041692307692308,0.38384615384615384,13
2024-09-25,NVDA,0.5605249999999999,0.059000000000000004,0.3804875,0.8483,0.48593749999999997,0.8125,0.6795875,0.323125,8
2024-09-26,NVDA,0.51299375,0.0681875,0.4188375,0.7607125,0.37930625,0.80625,0.67195,0.34734375,16
2024-09-27,NVDA,0.2942611111111111,0.09948888888888889,0.6062611111111111,0.7110222222222222,0.11017777777777778,0.6083333333333333,0.45337222222222223,0.49541666666666667,18
2024-09-28,NVDA,0.4396636363636363,0.0767,0.48363636363636364,0.7225727272727273,0.25103636363636367,0.6681818181818181,0.5198727272727273,0.3906818181818182,11
2024-09-29,NVDA,0.5608833333333333,0.05846666666666667,0.3806833333333333,0.7987333333333333,0.27366666666666667,0.5333333333333333,0.6883333333333334,0.38625,6
2024-09-30,NVDA,0.48457,0.14048999999999998,0.37493999999999994,0.7548199999999999,0.22619000000000003,0.44000000000000006,0.6945,0.3355,10
2024-10-01,NVDA,0.2634666666666667,0.19171333333333335,0.5448266666666667,0.6910866666666667,0.06442,0.65,0.52416,0.4106666666666667,15
2024-10-02,NVDA,0.31285,0.1478125,0.53935625,0.7560875,0.14576875,0.725,0.50439375,0.43625,16
2024-10-03,NVDA,0.5284111111111112,0.06944444444444445,0.40215555555555554,0.7358333333333333,0.37127777777777776,0.8388888888888889,0.6355111111111111,0.36333333333333334,9
2024-10-04,NVDA,0.39319230769230773,0.1346153846153846,0.4722,0.7723153846153846,0.20276923076923078,0.6307692307692307,0.5178692307692307,0.42826923076923074,13
2024-10-05,NVDA,0.6405299999999999,0.11426,0.24523,0.77229,0.42424,0.705,0.7244200000000001,0.3565,10
2024-10-06,NVDA,0.4861333333333333,0.045533333333333335,0.4683,0.7999666666666666,0.3378333333333334,0.48333333333333334,0.6438666666666667,0.4025,3
2024-10-07,NVDA,0.24114444444444447,0.10810000000000002,0.6507666666666666,0.6956777777777777,0.08602222222222222,0.5166666666666667,0.38755555555555554,0.4247222222222222,9
2024-10-08,NVDA,0.36303529411764707,0.2034294117647059,0.4335411764705882,0.7309117647058824,0.15494117647058822,0.7323529411764705,0.6203352941176471,0.37970588235294117,17
2024-10-09,NVDA,0.42454166666666665,0.07031666666666668,0.50515,0.7054833333333334,0.248375,0.6833333333333332,0.5381,0.3997916666666667,12
2024-10-10,NVDA,0.4517529411764706,0.1454,0.402835294117647,0.7444529411764705,0.2194941176470588,0.6588235294117647,0.6920882352941176,0.3141176470588235,17
2024-10-11,NVDA,0.4187666666666667,0.08111666666666667,0.5001333333333333,0.7253333333333333,0.2952166666666667,0.75,0.5660999999999999,0.435,6
2024-10-12,NVDA,0.55052,0.13735999999999998,0.31212999999999996,0.77331,0.34952,0.625,0.79418,0.29100000000000004,10
2024-10-13,NVDA,0.99905,5e-05,0.00095,0.99905,0.999,1.0,1.0,0.10750000000000001,2
2024-10-14,NVDA,0.48827,0.09464,0.4171,0.8004899999999999,0.36431,0.735,0.60741,0.3255,10
2024-10-15,NVDA,0.5195,0.10983333333333334,0.37069166666666664,0.7723333333333334,0.3512416666666667,0.6833333333333332,0.6479666666666667,0.32958333333333334,12
2024-10-16,NVDA,0.5861714285714286,0.05449285714285714,0.35934285714285713,0.7691428571428572,0.31059285714285717,0.4642857142857143,0.6551142857142856,0.3828571428571429,14
2024-10-17,NVDA,0.37400500000000003,0.14298,0.48301999999999995,0.71159,0.17253,0.5375,0.502935,0.41225000000000006,20
2024-10-18,NVDA,0.639325,0.034725,0.32594999999999996,0.7187250000000001,0.327125,0.5583333333333333,0.6162916666666667,0.296875,12
2024-10-19,NVDA,0.5889375,0.0547875,0.356275,0.7909125,0.3606125,0.75625,0.722375,0.3340625,8
2024-10-20,NVDA,0.4495647058823529,0.11281764705882352,0.43761176470588237,0.6648000000000001,0.20984117647058823,0.7705882352941176,0.6988352941176471,0.31470588235294117,17
2024-10-21,NVDA,0.48469285714285715,0.06761428571428571,0.44770714285714286,0.7935214285714285,0.3347785714285715,0.625,0.5820428571428572,0.35214285714285715,14
2024-10-22,NVDA,0.30176111111111115,0.10781666666666667,0.59045,0.7289888888888889,0.12112777777777778,0.6305555555555555,0.4719611111111111,0.4273611111111111,18
2024-10-23,NVDA,0.4859857142857143,0.07921428571428571,0.43480714285714284,0.7737142857142858,0.34085,0.6535714285714286,0.5959214285714286,0.3653571428571429,14
2024-10-24,NVDA,0.33375333333333335,0.20114,0.4651133333333333,0.7752933333333334,0.12387999999999999,0.5633333333333332,0.5916733333333333,0.36183333333333334,15
2024-10-25,NVDA,0.5665181818181818,0.13146363636363637,0.3020454545454545,0.8676454545454546,0.2412909090909091,0.7272727272727273,0.6833363636363636,0.38045454545454543,11
2024-10-26,NVDA,0.7184,0.04198,0.23964000000000002,0.83302,0.5684400000000001,0.9199999999999999,0.6978,0.2045,5
2024-10-27,NVDA,0.20013999999999998,0.19384,0.60602,0.60602,-0.01476,0.8400000000000001,0.66546,0.30300000000000005,5
2024-10-28,NVDA,0.3731454545454545,0.09904545454545456,0.5278363636363637,0.7630545454545454,0.21454545454545454,0.7227272727272728,0.4480909090909091,0.4181818181818182,11
2024-10-29,NVDA,0.5345538461538462,0.08012307692307694,0.3853384615384615,0.7267,0.28154615384615383,0.6461538461538462,0.671776923076923,0.36538461538461536,13
2024-10-30,NVDA,0.34932500000000005,0.121925,0.528775,0.7449583333333334,0.174175,0.4666666666666666,0.531225,0.44458333333333333,12
2024-10-31,NVDA,0.6389454545454546,0.06175454545454546,0.2993363636363636,0.8090545454545454,0.4379272727272727,0.6090909090909091,0.7654818181818182,0.36272727272727273,11
2024-11-01,NVDA,0.5010583333333333,0.06980000000000001,0.4291416666666667,0.7491083333333334,0.26769166666666666,0.7458333333333332,0.5890833333333333,0.38999999999999996,12
2024-11-02,NVDA,0.3193,0.0991625,0.58155,0.6634625,0.15137499999999998,0.8125,0.5291625,0.39687500000000003,8
2024-11-03,NVDA,0.480275,0.1109125,0.4088,0.732125,0.24656250000000002,0.625,0.6590375,0.3340625,8
2024-11-04,NVDA,0.37985833333333335,0.12290833333333334,0.49724166666666664,0.7568166666666666,0.20925000000000002,0.5625,0.4688833333333333,0.47812499999999997,12
2024-11-05,NVDA,0.40723809523809523,0.09601428571428572,0.4967619047619048,0.6837857142857143,0.18086666666666668,0.7285714285714286,0.522752380952381,0.3782142857142857,21
2024-11-06,NVDA,0.4931875,0.06515,0.4416875,0.639775,0.26358750000000003,0.73125,0.61545,0.364375,8
2024-11-07,NVDA,0.45326363636363637,0.09153636363636365,0.4552090909090909,0.7833000000000001,0.13648181818181818,0.45,0.64,0.4015909090909091,11
2024-11-08,NVDA,0.5967625,0.0493375,0.3539125,0.753925,0.4221375,0.71875,0.6164625,0.34375,8
2024-11-09,NVDA,0.23743750000000002,0.2153,0.54725,0.7313625,0.09951249999999999,0.625,0.60105,0.43843750000000004,8
2024-11-10,NVDA,0.6405000000000001,0.13186,0.22766000000000003,0.8448800000000001,0.41714,0.5700000000000001,0.7597400000000001,0.35350000000000004,5
2024-11-11,NVDA,0.4019727272727273,0.1359181818181818,0.4621,0.7495363636363636,0.11948181818181819,0.5681818181818182,0.6233090909090909,0.3956818181818182,11
2024-11-12,NVDA,0.5725363636363636,0.045872727272727266,0.3815909090909091,0.7654636363636363,0.4327363636363637,0.7363636363636363,0.7256272727272727,0.2902272727272727,11
2024-11-13,NVDA,0.5380846153846154,0.1338923076923077,0.3280461538461538,0.7884076923076923,0.2718307692307692,0.6538461538461539,0.7079384615384614,0.3669230769230769,13
2024-11-14,NVDA,0.43282000000000004,0.07274666666666667,0.49443333333333334,0.7228733333333334,0.29218,0.6,0.5938800000000001,0.3556666666666667,15
2024-11-15,NVDA,0.6291111111111111,0.08801666666666667,0.2828777777777778,0.7586611111111111,0.42033333333333334,0.6222222222222222,0.71695,0.34875,18
2024-11-16,NVDA,0.30014615384615384,0.18078461538461538,0.5190692307692307,0.7051230769230769,0.024546153846153853,0.6384615384615385,0.5436692307692308,0.39057692307692304,13
2024-11-17,NVDA,0.48251999999999995,0.06768,0.44982,0.81698,0.32014,0.61,0.6161800000000001,0.43100000000000005,5
2024-11-18,NVDA,0.3491714285714286,0.1391,0.5117428571428572,0.7751214285714285,0.23280714285714285,0.6321428571428571,0.5784714285714285,0.45375,14
2024-11-19,NVDA,0.6207380952380952,0.048766666666666666,0.3305142857142857,0.8255761904761905,0.48999523809523804,0.7714285714285714,0.7004285714285714,0.34273809523809523,21
2024-11-20,NVDA,0.3080769230769231,0.36888461538461537,0.32305384615384614,0.7561153846153845,-0.05561538461538462,0.8500000000000001,0.7370076923076923,0.2907692307692308,13
2024-11-21,NVDA,0.39835,0.17098888888888888,0.43067777777777777,0.7388166666666667,0.046033333333333336,0.5777777777777778,0.7222,0.36666666666666664,18
2024-11-22,NVDA,0.4650214285714286,0.08982857142857144,0.44518571428571424,0.7760214285714285,0.3232214285714286,0.6928571428571428,0.5779500000000001,0.3657142857142857,14
2024-11-23,NVDA,0.6679,0.17894000000000002,0.15314,0.8258000000000001,0.32348,0.82,0.7998,0.22949999999999998,5
2024-11-24,NVDA,0.5186375,0.06293750000000001,0.418425,0.78765,0.433725,0.81875,0.56825,0.3971875,8
2024-11-25,NVDA,0.3681916666666667,0.17428333333333335,0.45754999999999996,0.683175,0.09149166666666665,0.5708333333333333,0.5985,0.45770833333333333,12
2024-11-26,NVDA,0.3701636363636363,0.0762090909090909,0.5536363636363636,0.7758272727272728,0.24052727272727273,0.6681818181818181,0.45835454545454546,0.4075,11
2024-11-27,NVDA,0.39502000000000004,0.08268,0.52232,0.6194,0.15442,0.5599999999999999,0.65553,0.4025,10
2024-11-28,NVDA,0.42490769230769226,0.12234615384615385,0.4527923076923077,0.7118000000000001,0.13346923076923076,0.5538461538461539,0.5708692307692308,0.38923076923076927,13
2024-11-29,NVDA,0.39269230769230773,0.20254615384615382,0.40476153846153845,0.7637307692307692,0.1929923076923077,0.6038461538461538,0.6073307692307692,0.3828846153846154,13
2024-11-30,NVDA,0.5474,0.13075,0.32184999999999997,0.82155,0.4572,0.6,0.78335,0.29125,2
2024-12-01,NVDA,0.35882000000000003,0.144,0.4972,0.71968,0.062419999999999996,0.27,0.51806,0.496,5
2024-12-02,NVDA,0.39995384615384616,0.07840000000000001,0.5216384615384615,0.7272307692307692,0.11598461538461538,0.55,0.5683076923076923,0.46826923076923077,13
2024-12-03,NVDA,0.47101111111111105,0.151,0.3779888888888889,0.6976,0.19732222222222223,0.6555555555555556,0.6704,0.3227777777777778,9
2024-12-04,NVDA,0.3672533333333333,0.15003333333333335,0.4827133333333334,0.7288133333333333,0.12215333333333332,0.7200000000000001,0.5361666666666667,0.3396666666666667,15
2024-12-05,NVDA,0.37179047619047617,0.08764285714285715,0.5405809523809524,0.7182000000000001,0.14405714285714286,0.55,0.5599952380952381,0.42428571428571427,21
2024-12-06,NVDA,0.49621333333333334,0.14425333333333334,0.3595133333333333,0.7246466666666667,0.30398,0.9233333333333333,0.7175600000000001,0.29683333333333334,15
2024-12-07,NVDA,0.4862727272727273,0.09097272727272726,0.42274545454545454,0.8024636363636364,0.34752727272727274,0.7272727272727273,0.653490909090909,0.34590909090909094,11
2024-12-08,NVDA,0.6085,0.07564,0.31586,0.80892,0.43285999999999997,0.635,0.71417,0.28125,10
2024-12-09,NVDA,0.33550588235294115,0.26988235294117646,0.3946117647058824,0.7827764705882353,0.020364705882352948,0.7411764705882353,0.6556058823529413,0.33749999999999997,17
2024-12-10,NVDA,0.24917000000000003,0.257495,0.49336,0.700945,0.023230000000000008,0.6599999999999999,0.523945,0.446125,20
2024-12-11,NVDA,0.43263636363636365,0.11617272727272727,0.4511909090909091,0.7008363636363636,0.2554272727272727,0.7136363636363636,0.6147363636363636,0.3245454545454546,11
2024-12-12,NVDA,0.31390833333333334,0.1930166666666667,0.49310000000000004,0.7906833333333333,0.09171666666666667,0.65,0.5274416666666667,0.44166666666666665,12
2024-12-13,NVDA,0.43031176470588234,0.11600588235294118,0.4537,0.7697882352941177,0.21428823529411764,0.6352941176470589,0.5701352941176471,0.3504411764705882,17
2024-12-14,NVDA,0.53582,0.052070000000000005,0.41213,0.7647999999999999,0.40254,0.62,0.65766,0.35375,10
2024-12-15,NVDA,0.43357,0.09336,0.47308000000000006,0.75343,0.29618,0.625,0.54416,0.38275000000000003,10
2024-12-16,NVDA,0.4353833333333333,0.05660833333333334,0.5080166666666667,0.7796500000000001,0.18665833333333334,0.375,0.439575,0.4652083333333333,12
2024-12-17,NVDA,0.41641428571428574,0.16305714285714284,0.4205642857142857,0.7518285714285715,0.1761714285714286,0.5535714285714286,0.5455714285714286,0.46785714285714286,14
2024-12-18,NVDA,0.35394545454545456,0.14853636363636363,0.4975454545454545,0.7046727272727273,0.12691818181818182,0.5318181818181817,0.5633,0.41363636363636364,11
2024-12-19,NVDA,0.3620625,0.0917125,0.5462750000000001,0.6597375,0.1034875,0.6625,0.5184625,0.4459375,8
2024-12-20,NVDA,0.20875454545454544,0.09503636363636364,0.6962363636363637,0.7420727272727273,0.024390909090909088,0.45454545454545453,0.3583272727272727,0.5488636363636363,11
2024-12-21,NVDA,0.68967,0.09881999999999999,0.21151999999999999,0.8192,0.32992,0.515,0.7849700000000001,0.35475,10
2024-12-22,NVDA,0.35409999999999997,0.08920000000000002,0.5567428571428571,0.7070857142857143,0.1578,0.5,0.5156142857142857,0.4164285714285714,7
2024-12-23,NVDA,0.3967833333333333,0.103175,0.5000333333333333,0.6707416666666667,0.17780833333333335,0.6375000000000001,0.533275,0.40854166666666664,12
2024-12-24,NVDA,0.4804333333333333,0.06346666666666667,0.45610833333333334,0.7024499999999999,0.27671666666666667,0.65,0.5494249999999999,0.33125,12
2024-12-25,NVDA,0.31982,0.07552,0.60468,0.6409,0.0728,0.48,0.45192,0.4445,5
2024-12-26,NVDA,0.3679125,0.1113875,0.5207125,0.7261375,0.191575,0.54375,0.5306625,0.42562500000000003,8
2024-12-27,NVDA,0.3860181818181818,0.07719999999999999,0.5367909090909091,0.6915818181818182,0.13396363636363637,0.4818181818181818,0.4949363636363637,0.43022727272727274,11
2024-12-28,NVDA,0.5053125,0.056675,0.438,0.6928,0.291425,0.675,0.5816250000000001,0.30375,8
2024-12-29,NVDA,0.44553000000000004,0.09555,0.45891000000000004,0.74088,0.29595000000000005,0.78,0.5861,0.3355,10
2024-12-30,NVDA,0.3931625,0.0969875,0.50985,0.7295125,0.0937375,0.54375,0.5915,0.4734375,8
2024-12-31,NVDA,0.36442380952380954,0.14214047619047618,0.49345476190476195,0.7568452380952382,0.08727619047619048,0.5666666666666667,0.5608071428571428,0.4058333333333334,42
2025-01-01,NVDA,0.336775,0.0746,0.588625,0.591975,0.11905,0.625,0.43665,0.39625,4
2025-01-02,NVDA,0.369975,0.08915833333333334,0.5408666666666667,0.7787583333333333,0.14698333333333333,0.49583333333333335,0.5054166666666667,0.45708333333333334,12
2025-01-03,NVDA,0.5682333333333333,0.06777777777777777,0.36397777777777773,0.734111111111111,0.3700888888888889,0.7777777777777778,0.6524,0.2466666666666667,9
2025-01-04,NVDA,0.511425,0.14455,0.343975,0.757575,0.40800000000000003,0.8125,0.7408250000000001,0.301875,4
2025-01-05,NVDA,0.37754,0.16531,0.45715000000000006,0.7156399999999999,0.14366,0.5,0.49766000000000005,0.3935,10
2025-01-06,NVDA,0.5143454545454546,0.06584848484848485,0.4198121212121212,0.7851545454545454,0.3875030303030303,0.6939393939393939,0.603260606060606,0.35219696969696973,33
2025-01-07,NVDA,0.45317777777777773,0.12718055555555555,0.4196444444444445,0.7056555555555556,0.253525,0.7944444444444445,0.6360333333333333,0.306875,36
2025-01-08,NVDA,0.3403333333333334,0.1743111111111111,0.4853777777777778,0.7026888888888888,0.13673888888888885,0.7111111111111111,0.5829277777777777,0.36166666666666664,18
2025-01-09,NVDA,0.38302,0.26412,0.35287999999999997,0.74769,0.05675000000000001,0.63,0.7166,0.406,10
2025-01-10,NVDA,0.32953684210526313,0.1389,0.5315684210526316,0.702742105263158,0.17967368421052632,0.7947368421052632,0.5697526315789474,0.36815789473684213,19
2025-01-11,NVDA,0.49892857142857144,0.09345714285714286,0.4076142857142857,0.7520357142857143,0.20375714285714283,0.6285714285714287,0.5589714285714286,0.40982142857142856,14
2025-01-12,NVDA,0.7709,0.0224,0.2066888888888889,0.7722,0.4790666666666667,0.6277777777777778,0.749688888888889,0.27666666666666667,9
2025-01-13,NVDA,0.36630869565217394,0.1466,0.48711304347826084,0.6923,0.11098695652173912,0.6369565217391304,0.5998304347826087,0.39369565217391306,23
2025-01-14,NVDA,0.3795823529411764,0.18280000000000002,0.4376529411764706,0.7390470588235294,0.12241764705882353,0.5558823529411764,0.5927823529411765,0.3463235294117647,17
2025-01-15,NVDA,0.41855294117647057,0.19235882352941178,0.3891117647058824,0.7522882352941176,0.13549411764705882,0.7352941176470589,0.6695058823529412,0.34720588235294114,17
2025-01-16,NVDA,0.400065,0.128735,0.47119999999999995,0.719935,0.16654,0.63,0.565935,0.3715,20
2025-01-17,NVDA,0.3638214285714286,0.08843571428571428,0.54775,0.72875,0.1556714285714286,0.4321428571428571,0.5383714285714286,0.46696428571428567,14
2025-01-18,NVDA,0.71965,0.035750000000000004,0.2446125,0.8768125,0.32394999999999996,0.53125,0.759375,0.3671875,8
2025-01-19,NVDA,0.4788444444444444,0.0622,0.4589444444444444,0.7805,0.31345555555555554,0.5444444444444445,0.6420333333333333,0.3783333333333333,9
2025-01-20,NVDA,0.5892000000000001,0.04505555555555555,0.3657333333333333,0.8324555555555555,0.42396666666666666,0.6777777777777777,0.62,0.3336111111111111,9
2025-01-21,NVDA,0.44028,0.07793000000000001,0.48179999999999995,0.74196,0.26304,0.7150000000000001,0.6073000000000001,0.41425,10
2025-01-22,NVDA,0.298825,0.1466,0.5545875,0.7272125,0.08425625,0.728125,0.5761125,0.4353125,16
2025-01-23,NVDA,0.4455923076923077,0.3198615384615385,0.23453846153846153,0.8023153846153845,0.08383076923076924,0.7769230769230769,0.7891307692307692,0.30673076923076925,13
2025-01-24,NVDA,0.20661000000000002,0.14499,0.6484099999999999,0.66494,0.03974,0.7150000000000001,0.38395999999999997,0.477,10
2025-01-25,NVDA,0.50065,0.067625,0.431725,0.6977375,0.2126125,0.58125,0.5841125,0.376875,8
2025-01-26,NVDA,0.5110333333333333,0.0623,0.4267,0.7613166666666666,0.3482,0.625,0.6872166666666667,0.2941666666666667,6
2025-01-27,NVDA,0.2638,0.314905,0.421305,0.737525,-0.01865,0.79,0.65247,0.347625,20
2025-01-28,NVDA,0.2206925925925926,0.24755555555555556,0.5317666666666666,0.7384296296296297,-0.05057037037037038,0.6444444444444444,0.5417555555555555,0.4212962962962963,27
2025-01-29,NVDA,0.344715,0.214525,0.44077,0.75465,0.136425,0.7,0.606585,0.428875,20
2025-01-30,NVDA,0.42095000000000005,0.16712500000000002,0.41194,0.73393,0.135975,0.71,0.69692,0.319875,20
2025-01-31,NVDA,0.34435714285714286,0.15109285714285714,0.5045571428571429,0.6677142857142856,0.18,0.48214285714285715,0.5804785714285714,0.3966071428571429,14
2025-02-01,NVDA,0.5033799999999999,0.12084000000000002,0.37578,0.70534,0.1722,0.54,0.69748,0.292,5
2025-02-02,NVDA,0.39496000000000003,0.34769,0.25732999999999995,0.74757,0.07056,0.72,0.71424,0.27425,10
2025-02-03,NVDA,0.3379357142857143,0.1761714285714286,0.4859,0.6892285714285714,0.08519285714285714,0.49642857142857144,0.6102785714285714,0.36303571428571424,14
2025-02-04,NVDA,0.4029357142857143,0.12705,0.47000714285714285,0.7200928571428572,0.1813357142857143,0.5857142857142856,0.6221642857142857,0.40392857142857147,14
2025-02-05,NVDA,0.6730583333333334,0.03816666666666667,0.28878333333333334,0.8175166666666667,0.42238333333333333,0.6291666666666667,0.7071416666666667,0.31854166666666667,12
2025-02-06,NVDA,0.3672066666666666,0.30393333333333333,0.32885333333333333,0.7872066666666666,0.11455333333333333,0.6,0.6751133333333333,0.3495,15
2025-02-07,NVDA,0.2305611111111111,0.2340611111111111,0.5354,0.7328444444444444,-0.07648333333333333,0.5972222222222222,0.5352833333333333,0.40444444444444444,18
2025-02-08,NVDA,0.38812222222222226,0.0773888888888889,0.5345222222222222,0.7358555555555556,0.15039999999999998,0.49444444444444446,0.5946666666666667,0.4972222222222222,9
2025-02-09,NVDA,0.5190583333333333,0.11585000000000001,0.3651166666666667,0.7367499999999999,0.17323333333333332,0.5083333333333333,0.7413833333333333,0.36562500000000003,12
2025-02-10,NVDA,0.31638181818181815,0.45225454545454546,0.23136363636363635,0.8496454545454545,-0.14925454545454545,0.7136363636363636,0.8177363636363637,0.3034090909090909,11
2025-02-11,NVDA,0.44826875,0.11436875,0.4373875,0.699525,0.18541875,0.50625,0.681825,0.35375,16
2025-02-12,NVDA,0.47091875,0.1400625,0.38903125,0.7652125,0.1633,0.6375,0.61298125,0.345,16
2025-02-13,NVDA,0.3696090909090909,0.13463636363636364,0.4957636363636364,0.6760545454545455,0.1606909090909091,0.6181818181818182,0.7380363636363636,0.3552272727272727,11
2025-02-14,NVDA,0.4545074074074074,0.13725925925925925,0.40823333333333334,0.7450740740740741,0.2220814814814815,0.7129629629629629,0.6487074074074074,0.35185185185185186,27
2025-02-15,NVDA,0.35600000000000004,0.3812,0.2628,0.8681,0.2459,0.5,0.7888999999999999,0.3491666666666667,3
2025-02-16,NVDA,0.40086000000000005,0.06834,0.53082,0.74716,0.07812,0.41,0.43454,0.4755,5
2025-02-17,NVDA,0.40275999999999995,0.09603,0.50122,0.75634,0.19407,0.485,0.6014999999999999,0.40875000000000006,10
2025-02-18,NVDA,0.2086222222222222,0.18625555555555556,0.6051222222222222,0.6409666666666667,-0.055066666666666673,0.5944444444444444,0.5822666666666667,0.4697222222222222,9
2025-02-19,NVDA,0.47877058823529417,0.09667058823529412,0.4245529411764706,0.7476705882352941,0.26237058823529413,0.6058823529411765,0.6180823529411765,0.3761764705882353,17
2025-02-20,NVDA,0.5705571428571429,0.1455714285714286,0.2838714285714286,0.7833857142857142,0.23844285714285715,0.5857142857142856,0.7010142857142857,0.32392857142857145,7
2025-02-21,NVDA,0.4027857142857143,0.1797619047619048,0.41747619047619045,0.7094761904761905,0.13863333333333333,0.6642857142857143,0.614,0.35285714285714287,21
2025-02-22,NVDA,0.5290333333333334,0.12526666666666667,0.34571111111111114,0.7069333333333333,0.2315222222222222,0.75,0.7316555555555556,0.2866666666666667,9
2025-02-23,NVDA,0.52638,0.1356,0.33804,0.6956800000000001,0.21469,0.63,0.7833300000000001,0.298,10
2025-02-24,NVDA,0.3005851851851852,0.2034962962962963,0.49593333333333334,0.7306555555555555,0.08232592592592593,0.6240740740740741,0.6423925925925926,0.41074074074074074,27
2025-02-25,NVDA,0.281008,0.24863600000000002,0.47036,0.729344,0.043192,0.6,0.613536,0.40759999999999996,25
2025-02-26,NVDA,0.512365625,0.13325,0.3543875,0.760984375,0.23657187500000001,0.671875,0.719234375,0.336171875,32
2025-02-27,NVDA,0.5073,0.09768333333333333,0.3950416666666667,0.7649374999999999,0.31755,0.59375,0.6457583333333333,0.3625,24
2025-02-28,NVDA,0.2682666666666667,0.34489166666666665,0.38683333333333336,0.6920083333333333,-0.13056666666666666,0.625,0.6691750000000001,0.3658333333333333,12
2025-03-01,NVDA,0.36797,0.23048000000000002,0.40157,0.7621100000000001,0.17526,0.58,0.63576,0.40575,10
2025-03-02,NVDA,0.4479333333333333,0.15741666666666668,0.39465833333333333,0.7785833333333333,0.30380833333333335,0.5958333333333333,0.6431583333333334,0.3464583333333333,12
2025-03-03,NVDA,0.3733315789473684,0.20889473684210524,0.4177947368421053,0.7515526315789474,0.118,0.7052631578947368,0.6922947368421053,0.37144736842105264,19
2025-03-04,NVDA,0.338945,0.18651,0.474565,0.752035,0.113205,0.775,0.596835,0.37425,20
2025-03-05,NVDA,0.3779166666666667,0.09638333333333333,0.5256888888888889,0.7106166666666667,0.1580666666666667,0.5972222222222222,0.5690166666666667,0.4123611111111111,18
2025-03-06,NVDA,0.30837692307692305,0.20360769230769232,0.48799230769230767,0.6968615384615385,0.05025384615384614,0.5076923076923077,0.7325846153846154,0.35134615384615386,13
2025-03-07,NVDA,0.46335,0.191775,0.3449,0.8079625,0.0720375,0.55,0.7092875,0.3784375,8
2025-03-08,NVDA,0.33093333333333336,0.23583333333333334,0.43322222222222223,0.6719666666666666,-0.05816666666666667,0.3333333333333333,0.7105666666666667,0.3525,9
2025-03-09,NVDA,0.42380000000000007,0.18102000000000001,0.39522,0.8006,0.17663999999999996,0.78,0.62432,0.39,5
2025-03-10,NVDA,0.3935642857142857,0.17314285714285713,0.4333,0.8000357142857143,0.12889285714285714,0.4785714285714286,0.57835,0.43714285714285717,14
2025-03-11,NVDA,0.48555333333333334,0.10948666666666666,0.4049666666666667,0.7736866666666666,0.28478666666666663,0.6466666666666666,0.6585599999999999,0.37133333333333335,15
2025-03-12,NVDA,0.35016060606060606,0.19249090909090907,0.45737575757575755,0.732790909090909,0.12113333333333333,0.5878787878787879,0.586160606060606,0.34621212121212125,33
2025-03-13,NVDA,0.437975,0.1438875,0.418125,0.739825,0.1386625,0.4875,0.6019125,0.3653125,8
2025-03-14,NVDA,0.23279,0.27145,0.49577,0.65401,-0.10355,0.71,0.61299,0.34525,10
2025-03-15,NVDA,0.28100714285714284,0.23057857142857144,0.4884214285714285,0.6949,0.022078571428571423,0.7607142857142858,0.5511714285714285,0.35982142857142857,14
2025-03-16,NVDA,0.2995666666666667,0.18430833333333332,0.5161416666666666,0.7351583333333332,0.09074166666666666,0.7374999999999999,0.5765583333333334,0.36625,12
2025-03-17,NVDA,0.3652285714285714,0.15617142857142857,0.4786428571428571,0.6610714285714285,0.16634285714285715,0.5071428571428571,0.4991714285714286,0.3828571428571429,7
2025-03-18,NVDA,0.41381463414634145,0.14312439024390244,0.44307560975609755,0.7059951219512196,0.2614048780487805,0.8890243902439026,0.6320536585365853,0.3004268292682927,41
2025-03-19,NVDA,0.35452399999999995,0.09462799999999999,0.550868,0.683796,0.17161200000000001,0.7340000000000001,0.512284,0.3934,25
2025-03-20,NVDA,0.4508304347826087,0.15230000000000002,0.3968695652173913,0.7529478260869564,0.2026304347826087,0.6847826086956522,0.6779565217391305,0.3378260869565217,23
2025-03-21,NVDA,0.4119090909090909,0.16702727272727272,0.42107727272727274,0.7530863636363637,0.2074272727272727,0.65,0.6768590909090909,0.38795454545454544,22
2025-03-22,NVDA,0.6193,0.036019999999999996,0.3447,0.84766,0.36072000000000004,0.5599999999999999,0.57318,0.403,5
2025-03-23,NVDA,0.41983333333333334,0.29728333333333334,0.2829,0.7709666666666667,0.05186666666666667,0.8666666666666667,0.7609333333333334,0.2916666666666667,6
2025-03-24,NVDA,0.2832,0.21260833333333332,0.5041916666666667,0.6759916666666667,-0.03194166666666667,0.6291666666666667,0.5131249999999999,0.4270833333333333,12
2025-03-25,NVDA,0.447975,0.06245,0.489575,0.7401249999999999,0.341425,0.625,0.592075,0.410625,4
2025-03-26,NVDA,0.3249095238095238,0.15485714285714286,0.5202619047619047,0.6613571428571429,0.08264285714285713,0.6595238095238095,0.5058047619047619,0.4098809523809524,21
2025-03-27,NVDA,0.32023125,0.11234375,0.5674375,0.71591875,0.1708875,0.65625,0.47426875,0.40218750000000003,16
2025-03-28,NVDA,0.46615,0.27892500000000003,0.25492499999999996,0.838925,0.07129999999999999,0.275,0.73085,0.3875,4
2025-03-29,NVDA,0.7469250000000001,0.162975,0.0901,0.8988,0.196575,0.5875,0.90665,0.19187500000000002,4
2025-03-30,NVDA,0.5990800000000001,0.06384,0.33704,0.85192,0.18622,0.30999999999999994,0.75808,0.3875,5
2025-03-31,NVDA,0.210805,0.167805,0.6214299999999999,0.723015,-0.00464,0.6125,0.407895,0.48600000000000004,20
2025-04-01,NVDA,0.14813157894736842,0.18732105263157894,0.664578947368421,0.7092947368421052,-0.046378947368421054,0.5289473684210527,0.3633789473684211,0.4694736842105263,19
2025-04-02,NVDA,0.15242,0.172375,0.675215,0.697565,-0.000985000000000002,0.55,0.435415,0.476875,20
2025-04-03,NVDA,0.289128,0.242408,0.46848,0.686352,0.009847999999999997,0.59,0.6544840000000001,0.39160000000000006,25
2025-04-04,NVDA,0.32114615384615386,0.3097230769230769,0.3691384615384615,0.757623076923077,0.08146153846153847,0.5076923076923077,0.6635076923076924,0.3076923076923077,13
2025-04-05,NVDA,0.341275,0.1407625,0.5179625,0.6732,0.1400625,0.45,0.5010749999999999,0.391875,8
2025-04-06,NVDA,0.33870833333333333,0.09223333333333333,0.5690833333333333,0.789025,0.19324166666666667,0.39999999999999997,0.4518,0.4535416666666667,12
2025-04-07,NVDA,0.3017666666666667,0.11536666666666666,0.5829,0.6635,0.03701666666666666,0.39166666666666666,0.5297666666666667,0.48,6
2025-04-08,NVDA,0.3178357142857143,0.16567142857142855,0.5165142857142857,0.7628142857142857,0.15173571428571428,0.6607142857142857,0.49664285714285716,0.4471428571428572,14
2025-04-09,NVDA,0.34660833333333335,0.15111666666666668,0.502275,0.71625,0.22521666666666665,0.7208333333333333,0.5516333333333333,0.34687500000000004,12
2025-04-10,NVDA,0.2555142857142857,0.1911285714285714,0.5533571428571429,0.7096714285714285,-0.044214285714285706,0.6928571428571428,0.4745571428571429,0.5353571428571429,7
2025-04-11,NVDA,0.39434444444444444,0.10264444444444444,0.5030222222222223,0.714288888888889,0.06245555555555555,0.5055555555555555,0.6021555555555556,0.49666666666666665,9
2025-04-12,NVDA,0.3027714285714286,0.2660142857142857,0.4312285714285714,0.7525000000000001,-0.02077142857142857,0.6428571428571429,0.6445285714285715,0.3617857142857143,7
2025-04-13,NVDA,0.59714,0.05232,0.35054,0.8074199999999999,0.5059,0.85,0.71266,0.354,5
2025-04-14,NVDA,0.34203333333333336,0.15859166666666666,0.49938333333333335,0.6801333333333334,0.1748333333333333,0.6541666666666667,0.5941833333333334,0.39125000000000004,12
2025-04-15,NVDA,0.37303846153846154,0.20277692307692308,0.4241923076923077,0.7592538461538462,0.08269230769230769,0.6538461538461539,0.5815461538461538,0.39192307692307693,13
2025-04-16,NVDA,0.34507692307692306,0.21931923076923077,0.4356038461538461,0.7237038461538462,0.10973461538461539,0.7096153846153845,0.6151692307692308,0.3417307692307692,26
2025-04-17,NVDA,0.40405,0.08295,0.51305,0.762,0.31155,0.8375,0.568825,0.408125,4
2025-04-18,NVDA,0.7308999999999999,0.040900000000000006,0.22821000000000002,0.84849,0.5521100000000001,0.765,0.85853,0.28500000000000003,10
2025-04-19,NVDA,0.5068,0.0608,0.4324,0.5068,0.4277,1.0,0.8833,0.365,1
2025-04-20,NVDA,0.44659999999999994,0.07986666666666667,0.4735666666666667,0.6683666666666667,0.11773333333333331,0.6333333333333333,0.49266666666666664,0.3566666666666667,3
2025-04-21,NVDA,0.49519090909090907,0.13089090909090909,0.3739363636363636,0.7518272727272727,0.121,0.6090909090909091,0.7177545454545454,0.40318181818181825,11
2025-04-22,NVDA,0.24625714285714287,0.20442857142857143,0.5493428571428571,0.6431714285714286,0.06707142857142857,0.7785714285714286,0.5572428571428572,0.44357142857142856,7
2025-04-23,NVDA,0.42174545454545453,0.07566363636363636,0.5026,0.7192727272727273,0.21385454545454544,0.4636363636363636,0.6651545454545454,0.40704545454545454,11
2025-04-24,NVDA,0.4473473684210526,0.11140526315789474,0.44126315789473686,0.718221052631579,0.2121157894736842,0.5973684210526315,0.5880842105263158,0.3863157894736842,19
2025-04-25,NVDA,0.27758000000000005,0.14679999999999999,0.57566,0.77278,0.12818000000000002,0.5599999999999999,0.3982,0.4595000000000001,5
2025-04-26,NVDA,0.44425,0.1426375,0.4131125,0.7178249999999999,0.2377375,0.525,0.594875,0.3409375,8
2025-04-27,NVDA,0.7564333333333333,0.027933333333333334,0.21565,0.8733166666666666,0.6377333333333334,0.7916666666666666,0.7536,0.3429166666666667,6
2025-04-28,NVDA,0.4605166666666667,0.11835000000000001,0.4211666666666667,0.7452666666666666,0.2765666666666667,0.5833333333333334,0.6552333333333333,0.33375,6
2025-04-29,NVDA,0.32731818181818184,0.13185454545454545,0.5408454545454545,0.7486727272727273,0.13984545454545455,0.6045454545454546,0.4971818181818181,0.4668181818181818,11
2025-04-30,NVDA,0.36542500000000006,0.17380416666666665,0.46077083333333335,0.7574541666666667,0.11437083333333332,0.6437499999999999,0.6011375,0.4140625,24
2025-05-01,NVDA,0.6880714285714287,0.0657857142857143,0.24614285714285716,0.7586714285714286,0.44852857142857144,0.6357142857142858,0.8025285714285715,0.26964285714285713,7
2025-05-02,NVDA,0.31823333333333337,0.11384444444444444,0.5679333333333333,0.6949333333333334,0.13764444444444443,0.5777777777777778,0.42784444444444447,0.5133333333333333,9
2025-05-03,NVDA,0.3873714285714286,0.20235714285714287,0.41027142857142856,0.7098000000000001,0.13448571428571426,0.8714285714285713,0.6678857142857143,0.36,7
2025-05-04,NVDA,0.590575,0.044875,0.364625,0.7659,0.19285,0.425,0.573925,0.49187499999999995,4
2025-05-05,NVDA,0.21755000000000002,0.2089375,0.5735125,0.668875,0.0418125,0.71875,0.58975,0.426875,8
2025-05-06,NVDA,0.2989235294117647,0.1696764705882353,0.5314294117647059,0.6676294117647059,0.0408,0.45294117647058824,0.5947882352941176,0.44676470588235295,17
2025-05-07,NVDA,0.4005666666666667,0.09205,0.5074,0.7623208333333333,0.2713666666666667,0.6145833333333334,0.576375,0.43354166666666666,24
2025-05-08,NVDA,0.4802142857142857,0.07057142857142858,0.4492142857142857,0.7301214285714286,0.26857857142857144,0.5892857142857143,0.6136071428571429,0.36500000000000005,14
2025-05-09,NVDA,0.4272571428571429,0.1793142857142857,0.3934428571428571,0.7419428571428571,0.2615857142857143,0.7357142857142858,0.7406571428571428,0.3071428571428571,7
2025-05-10,NVDA,0.5498999999999999,0.06452,0.38561,0.80037,0.34958,0.5900000000000001,0.66686,0.3865,10
2025-05-11,NVDA,0.4169,0.07292222222222222,0.5101777777777777,0.7486777777777778,0.23203333333333337,0.6277777777777778,0.5457,0.44361111111111107,9
2025-05-12,NVDA,0.29866000000000004,0.22278000000000003,0.47858,0.73375,0.009330000000000007,0.475,0.606,0.49725,10
2025-05-13,NVDA,0.51425,0.08380714285714286,0.40194285714285716,0.8075571428571429,0.30338571428571426,0.6392857142857142,0.6830285714285714,0.3896428571428571,14
2025-05-14,NVDA,0.41039000000000003,0.09761500000000001,0.492,0.73598,0.135695,0.40499999999999997,0.5560799999999999,0.4535,20
2025-05-15,NVDA,0.5129666666666667,0.06808333333333334,0.41895,0.768475,0.20589166666666667,0.46249999999999997,0.6254416666666667,0.4302083333333333,12
2025-05-16,NVDA,0.50619375,0.07044375,0.42338749999999997,0.79016875,0.2928375,0.528125,0.62999375,0.381875,16
2025-05-17,NVDA,0.48029999999999995,0.13205,0.38765,0.7595666666666666,0.20623333333333335,0.625,0.6538833333333333,0.46375000000000005,6
2025-05-18,NVDA,0.522325,0.07314000000000001,0.404535,0.716755,0.26943,0.7325,0.642805,0.324125,20
2025-05-19,NVDA,0.26725,0.1243388888888889,0.6084333333333334,0.7242000000000001,0.08625555555555556,0.6666666666666666,0.49250555555555553,0.45569444444444446,18
2025-05-20,NVDA,0.3888647058823529,0.12631764705882353,0.48481176470588233,0.7209941176470588,0.1454470588235294,0.6647058823529411,0.6388352941176471,0.3613235294117647,17
2025-05-21,NVDA,0.17414444444444446,0.21537777777777778,0.6104777777777778,0.6880777777777778,-0.022311111111111115,0.911111111111111,0.5282222222222221,0.3961111111111111,9
2025-05-22,NVDA,0.35453333333333337,0.16119999999999998,0.484275,0.74445,0.10777500000000001,0.5291666666666667,0.638925,0.3858333333333333,12
2025-05-23,NVDA,0.5567818181818182,0.05604545454545455,0.3871636363636364,0.7876272727272727,0.40232727272727276,0.6863636363636364,0.6993272727272727,0.36613636363636365,11
2025-05-24,NVDA,0.40648571428571423,0.07431428571428571,0.5192142857142857,0.5873285714285714,0.17928571428571427,0.6785714285714286,0.4164285714285714,0.3821428571428572,7
2025-05-25,NVDA,0.5535714285714286,0.07405714285714285,0.37239999999999995,0.7592142857142857,0.3168,0.5642857142857143,0.6459428571428572,0.3892857142857143,7
2025-05-26,NVDA,0.54875,0.0718,0.37939999999999996,0.838,0.43775,1.0,0.6725,0.35625,2
2025-05-27,NVDA,0.39071904761904763,0.13721904761904763,0.4720761904761905,0.7356952380952381,0.18576190476190474,0.6809523809523809,0.5841619047619048,0.42964285714285716,21
2025-05-28,NVDA,0.3653608695652174,0.2124434782608696,0.4221913043478261,0.7060391304347826,0.16678260869565217,0.8086956521739131,0.6877652173913044,0.3373913043478261,23
2025-05-29,NVDA,0.42318,0.145985,0.430845,0.778155,0.199095,0.745,0.66328,0.37262500000000004,20
2025-05-30,NVDA,0.42287692307692304,0.10183076923076922,0.4752692307692307,0.7054692307692307,0.2532615384615384,0.6615384615384615,0.5891230769230769,0.35307692307692307,13
2025-05-31,NVDA,0.0669,0.557,0.3761,0.557,-0.4896,1.0,0.9967,0.325,1
2025-06-01,NVDA,0.260175,0.1532125,0.58665,0.6621625,0.044675000000000006,0.45,0.46628749999999997,0.51125,8
2025-06-02,NVDA,0.4607,0.09782222222222223,0.4415,0.7186,0.22418888888888888,0.7777777777777778,0.5331444444444444,0.3402777777777778,9
2025-06-03,NVDA,0.47752666666666665,0.08234666666666667,0.44014000000000003,0.7963666666666666,0.3186666666666667,0.5633333333333332,0.5855533333333334,0.37116666666666664,15
2025-06-04,NVDA,0.4184260869565218,0.09241739130434783,0.4891782608695652,0.7359652173913043,0.26304782608695654,0.658695652173913,0.5931,0.3821739130434783,23
2025-06-05,NVDA,0.3224,0.09895999999999999,0.57866,0.7246466666666667,0.09502000000000001,0.5066666666666666,0.47823999999999994,0.4375,15
2025-06-06,NVDA,0.47431538461538464,0.11520769230769232,0.41048461538461534,0.8134923076923077,0.22422307692307694,0.5153846153846154,0.5705692307692307,0.4030769230769231,13
2025-06-07,NVDA,0.5609714285714286,0.06285714285714286,0.37617142857142855,0.7634571428571428,0.44282857142857146,0.7857142857142857,0.6923857142857143,0.3392857142857143,7
2025-06-08,NVDA,0.37956666666666666,0.17723333333333335,0.4431666666666667,0.7489,0.19616666666666668,0.75,0.4422333333333334,0.38083333333333336,3
2025-06-09,NVDA,0.37596,0.08142,0.54264,0.7280733333333332,0.15556,0.5033333333333333,0.5694466666666667,0.4681666666666667,15
2025-06-10,NVDA,0.5085222222222222,0.05734444444444445,0.4341333333333333,0.6491777777777777,0.17163333333333333,0.4722222222222222,0.5816333333333333,0.3775,9
2025-06-11,NVDA,0.38073333333333337,0.1238625,0.4954,0.7007249999999999,0.20668333333333333,0.80625,0.652375,0.3642708333333333,24
2025-06-12,NVDA,0.5497307692307692,0.07281538461538462,0.3774923076923077,0.7678923076923077,0.4472615384615385,0.7076923076923076,0.6186461538461538,0.3540384615384615,13
2025-06-13,NVDA,0.4424090909090909,0.13242727272727273,0.42516363636363635,0.7780545454545454,0.14564545454545455,0.5227272727272727,0.5766545454545454,0.35113636363636364,11
2025-06-14,NVDA,0.4934285714285714,0.10647142857142858,0.4000857142857143,0.7005285714285714,0.29194285714285717,0.7785714285714286,0.6401000000000001,0.2967857142857143,7
2025-06-15,NVDA,0.765875,0.02505,0.20907499999999998,0.765875,0.588325,0.8125,0.6775,0.2175,4
2025-06-16,NVDA,0.45363333333333333,0.10010666666666666,0.44628666666666666,0.7576866666666666,0.18794000000000002,0.4633333333333333,0.6071533333333333,0.38983333333333337,15
2025-06-17,NVDA,0.6574,0.038587500000000004,0.30401249999999996,0.7712125,0.44215,0.725,0.7657375,0.40125,8
2025-06-18,NVDA,0.3390681818181818,0.13295,0.5280045454545454,0.7623409090909091,0.16086363636363638,0.5818181818181819,0.5164,0.4075,22
2025-06-19,NVDA,0.25974444444444444,0.10665555555555556,0.6336222222222223,0.7369777777777777,0.14537777777777777,0.5944444444444444,0.39485555555555557,0.5094444444444445,9
2025-06-20,NVDA,0.2876909090909091,0.11870909090909092,0.5936272727272727,0.7330909090909091,0.10602727272727273,0.4636363636363636,0.41593636363636366,0.5354545454545455,11
2025-06-21,NVDA,0.2909,0.140575,0.5685625,0.6291625,0.058225,0.43125,0.45365,0.42562500000000003,8
2025-06-22,NVDA,0.5922666666666666,0.034666666666666665,0.37306666666666666,0.5922666666666666,0.15146666666666667,0.31666666666666665,0.6346333333333334,0.37916666666666665,3
2025-06-23,NVDA,0.4126,0.08448000000000001,0.5029333333333333,0.7394599999999999,0.15254666666666666,0.47,0.50824,0.4346666666666667,15
2025-06-24,NVDA,0.43224615384615384,0.11452307692307692,0.45321538461538463,0.7051538461538461,0.1933153846153846,0.5115384615384616,0.6466769230769231,0.3823076923076923,13
2025-06-25,NVDA,0.5690947368421052,0.05626315789473684,0.3746473684210526,0.737521052631579,0.3491526315789474,0.5710526315789474,0.7019473684210527,0.36578947368421055,19
2025-06-26,NVDA,0.4197925925925926,0.10087777777777777,0.47932962962962966,0.7477814814814815,0.23335925925925927,0.5796296296296296,0.546662962962963,0.420462962962963,27
2025-06-27,NVDA,0.5096818181818182,0.06875454545454546,0.4216,0.7264454545454545,0.35759090909090907,0.6181818181818182,0.5841727272727273,0.2927272727272727,11
2025-06-28,NVDA,0.5104,0.0925125,0.3971,0.7056625,0.3246375,0.54375,0.6248125,0.3178125,8
2025-06-29,NVDA,0.41452222222222224,0.17665555555555557,0.4088333333333333,0.6964777777777778,0.23703333333333335,0.5,0.5922,0.41555555555555557,9
2025-06-30,NVDA,0.36034,0.08483,0.55485,0.73345,0.12874000000000002,0.42000000000000004,0.51537,0.48025,10
2025-07-01,NVDA,0.3387272727272727,0.08343636363636364,0.5778727272727273,0.7373181818181819,0.13682727272727271,0.4727272727272727,0.44506363636363633,0.47045454545454546,11
2025-07-02,NVDA,0.4691222222222222,0.16634444444444446,0.3645333333333334,0.7173111111111111,0.33005555555555555,0.7833333333333333,0.7425111111111111,0.3236111111111111,9
2025-07-03,NVDA,0.34981999999999996,0.06704,0.5831799999999999,0.7802199999999999,0.12578,0.31,0.509,0.41,5
2025-07-04,NVDA,0.36696,0.07907,0.55401,0.7376199999999999,0.1797,0.6,0.46898999999999996,0.45975,10
2025-07-05,NVDA,0.5096375,0.0609875,0.4293875,0.7741,0.298925,0.54375,0.6133375,0.40499999999999997,8
2025-07-06,NVDA,0.633425,0.04945,0.31711249999999996,0.767575,0.2461625,0.4375,0.7093625,0.333125,8
2025-07-07,NVDA,0.45841818181818184,0.07300000000000001,0.4685727272727273,0.7890181818181818,0.23666363636363635,0.4681818181818182,0.5881545454545454,0.37363636363636366,11
2025-07-08,NVDA,0.4241769230769231,0.10798461538461537,0.46786153846153844,0.7101,0.15116153846153846,0.4230769230769231,0.6000153846153846,0.4194230769230769,13
2025-07-09,NVDA,0.5371875,0.11936875,0.3434625,0.7187250000000001,0.34591875,0.784375,0.6760937499999999,0.2659375,16
2025-07-10,NVDA,0.37183809523809525,0.10488571428571428,0.5232857142857142,0.7317333333333333,0.18445238095238095,0.6095238095238096,0.496,0.45166666666666666,21
2025-07-11,NVDA,0.4058869565217391,0.0655086956521739,0.5286086956521739,0.7076217391304348,0.14830869565217392,0.45217391304347826,0.5242391304347827,0.43271739130434783,23
2025-07-12,NVDA,0.3802888888888889,0.12318888888888889,0.49648888888888887,0.6519666666666667,0.21650000000000003,0.6666666666666666,0.5613,0.41055555555555556,9
2025-07-13,NVDA,0.50068,0.07892,0.42039,0.74964,0.26481,0.5599999999999999,0.60616,0.35550000000000004,10
2025-07-14,NVDA,0.33195555555555556,0.11721666666666668,0.5508166666666666,0.7131055555555555,0.16110555555555556,0.7138888888888889,0.5078833333333334,0.4077777777777778,18
2025-07-15,NVDA,0.42699444444444445,0.1178,0.45522777777777773,0.7289944444444445,0.2104611111111111,0.5694444444444444,0.5948222222222221,0.3898611111111111,18
2025-07-16,NVDA,0.388665,0.130865,0.48049,0.7644599999999999,0.1691,0.5475,0.6136,0.43412500000000004,20
2025-07-17,NVDA,0.38408749999999997,0.12939166666666665,0.48652500000000004,0.7603166666666666,0.18552916666666666,0.4916666666666667,0.503875,0.4302083333333333,24
2025-07-18,NVDA,0.4234866666666667,0.07021999999999999,0.5063133333333333,0.73846,0.20122,0.53,0.5723733333333333,0.417,15
2025-07-19,NVDA,0.49853333333333333,0.05636666666666667,0.44508333333333333,0.6906666666666667,0.21886666666666665,0.5499999999999999,0.5876666666666667,0.31166666666666665,6
2025-07-20,NVDA,0.4851461538461539,0.057338461538461546,0.4575076923076923,0.7454461538461538,0.27926153846153845,0.49230769230769234,0.5296538461538461,0.40499999999999997,13
2025-07-21,NVDA,0.4975409090909091,0.11840909090909091,0.38405,0.7912772727272728,0.1628272727272727,0.5068181818181818,0.7026772727272728,0.3361363636363636,22
2025-07-22,NVDA,0.4270761904761905,0.11322857142857143,0.45969047619047615,0.7140666666666666,0.14816190476190477,0.5047619047619047,0.5923095238095237,0.36392857142857143,21
2025-07-23,NVDA,0.37399047619047615,0.13466666666666666,0.4913571428571429,0.7081952380952381,0.05851904761904762,0.4238095238095238,0.5071,0.4666666666666667,21
2025-07-24,NVDA,0.40695882352941176,0.10304117647058823,0.49002352941176464,0.7534058823529411,0.19084705882352943,0.4441176470588235,0.5210411764705882,0.476764705882353,17
2025-07-25,NVDA,0.33031818181818184,0.1421818181818182,0.5275136363636364,0.6840045454545455,0.1047090909090909,0.4113636363636364,0.6357590909090909,0.4030681818181818,22
2025-07-26,NVDA,0.4343166666666667,0.06414166666666667,0.5015583333333333,0.7035166666666667,0.260225,0.6208333333333333,0.5409666666666667,0.4058333333333333,12
2025-07-27,NVDA,0.55108,0.062240000000000004,0.3867,0.6657,0.25798,0.75,0.61632,0.29500000000000004,5
2025-07-28,NVDA,0.45298,0.1046,0.44243333333333335,0.77814,0.2088866666666667,0.45,0.6755533333333333,0.3795,15
2025-07-29,NVDA,0.4400772727272727,0.0846590909090909,0.4752681818181818,0.7425999999999999,0.2421772727272727,0.6659090909090909,0.5408045454545455,0.4144318181818182,22
2025-07-30,NVDA,0.4168090909090909,0.14117727272727273,0.4420363636363636,0.7460045454545454,0.2046227272727273,0.6090909090909091,0.5810409090909091,0.3875,22
2025-07-31,NVDA,0.398121875,0.0888125,0.5130812499999999,0.6919875,0.14763125,0.496875,0.524234375,0.3978125,32
2025-08-01,NVDA,0.38548333333333334,0.08746666666666666,0.5270555555555556,0.7033444444444444,0.19649444444444444,0.5333333333333333,0.49415000000000003,0.4180555555555555,18
2025-08-02,NVDA,0.39644999999999997,0.068625,0.5349499999999999,0.769075,0.12500833333333333,0.3833333333333333,0.43614166666666665,0.5033333333333333,12
2025-08-03,NVDA,0.5639875,0.0484375,0.3875625,0.7526625,0.3344625,0.54375,0.672125,0.3359375,8
2025-08-04,NVDA,0.47038823529411766,0.09615882352941177,0.4334764705882353,0.7798,0.3020647058823529,0.6882352941176471,0.6463,0.3805882352941176,17
2025-08-05,NVDA,0.5000857142857142,0.12094761904761905,0.3789666666666666,0.7342333333333333,0.28017142857142857,0.7904761904761906,0.6896333333333333,0.32142857142857145,21
2025-08-06,NVDA,0.3849266666666667,0.14041333333333333,0.4747,0.7427266666666666,0.19261333333333336,0.4533333333333333,0.6164466666666667,0.405,15
2025-08-07,NVDA,0.4861636363636364,0.09236818181818184,0.4214590909090909,0.7059954545454545,0.15783636363636364,0.3909090909090909,0.7099863636363636,0.39625,22
2025-08-08,NVDA,0.34185,0.10322857142857143,0.55495,0.7347,0.19636428571428574,0.5071428571428571,0.5112142857142857,0.48375,14
2025-08-09,NVDA,0.41110714285714284,0.09332142857142857,0.49557857142857137,0.7679642857142858,0.13125,0.41428571428571426,0.5549071428571428,0.4316071428571429,14
2025-08-10,NVDA,0.5069250000000001,0.06949999999999999,0.423575,0.7151125,0.2781375,0.53125,0.59395,0.3559375,8
2025-08-11,NVDA,0.28115,0.17241666666666666,0.5464333333333333,0.70135,0.07457222222222222,0.5444444444444445,0.5098611111111111,0.4147222222222222,18
2025-08-12,NVDA,0.4090076923076923,0.1498576923076923,0.4411461538461538,0.7406576923076924,0.17285384615384616,0.5980769230769231,0.5966423076923077,0.3721153846153846,26
2025-08-13,NVDA,0.38666818181818186,0.09819545454545454,0.515140909090909,0.7104863636363636,0.18045454545454545,0.5977272727272728,0.5530409090909091,0.3795454545454545,22
2025-08-14,NVDA,0.33021764705882356,0.12197647058823528,0.5478235294117647,0.7421529411764706,0.07884705882352941,0.41764705882352937,0.4965470588235294,0.4980882352941176,17
2025-08-15,NVDA,0.2770473684210526,0.15859473684210526,0.5643894736842106,0.7234578947368421,0.08591052631578948,0.46315789473684216,0.5021052631578947,0.45934210526315794,19
2025-08-16,NVDA,0.2809222222222222,0.09191111111111111,0.6271777777777777,0.714111111111111,0.10042222222222223,0.5833333333333334,0.44481111111111116,0.4652777777777778,9
2025-08-17,NVDA,0.5920666666666666,0.04,0.3679222222222222,0.6936666666666667,0.3128666666666666,0.5944444444444444,0.6685,0.2827777777777778,9
2025-08-18,NVDA,0.5157923076923077,0.07309230769230769,0.4111153846153846,0.7336923076923078,0.21963076923076924,0.5769230769230769,0.6145923076923077,0.3438461538461538,13
2025-08-19,NVDA,0.5129315789473684,0.15913157894736843,0.3279421052631579,0.7780842105263158,0.14286315789473683,0.5526315789473685,0.7063105263157895,0.3882894736842105,19
2025-08-20,NVDA,0.2824304347826087,0.1786,0.5389826086956522,0.6855782608695652,0.033773913043478265,0.4760869565217391,0.531408695652174,0.41956521739130437,23
2025-08-21,NVDA,0.4237222222222222,0.16732222222222223,0.4089833333333333,0.7377777777777778,0.19240555555555555,0.5861111111111111,0.6478055555555556,0.40125,18
2025-08-22,NVDA,0.3225296296296296,0.14178888888888888,0.5356925925925926,0.7010925925925926,0.08337407407407406,0.5666666666666667,0.6096148148148147,0.41768518518518516,27
2025-08-23,NVDA,0.2540761904761905,0.14185714285714285,0.6040809523809524,0.7126285714285714,0.08848095238095238,0.5,0.4669047619047619,0.5097619047619047,21
2025-08-24,NVDA,0.5321230769230769,0.11555384615384615,0.3523153846153846,0.7410846153846153,0.2419153846153846,0.6,0.6269923076923077,0.3551923076923077,13
2025-08-25,NVDA,0.4270192307692308,0.1700730769230769,0.4029076923076923,0.7427961538461538,0.1749730769230769,0.5326923076923077,0.6745384615384615,0.4131730769230769,26
2025-08-26,NVDA,0.354616,0.108432,0.536968,0.6955119999999999,0.164972,0.612,0.540092,0.4079,25
2025-08-27,NVDA,0.4243411764705882,0.12771470588235292,0.44796470588235293,0.7585500000000001,0.21729411764705883,0.638235294117647,0.5979970588235295,0.41044117647058825,34
2025-08-28,NVDA,0.5264235294117646,0.11988823529411764,0.3536764705882353,0.7561352941176471,0.3443147058823529,0.723529411764706,0.725964705882353,0.34058823529411764,34
2025-08-29,NVDA,0.38998,0.079125,0.53091,0.75769,0.18331999999999998,0.43499999999999994,0.524365,0.454125,20
2025-08-30,NVDA,0.259575,0.1,0.640425,0.663075,0.10329999999999999,0.8,0.38765000000000005,0.41,4
2025-08-31,NVDA,0.4992733333333333,0.060746666666666664,0.44001999999999997,0.80732,0.25406666666666666,0.5066666666666666,0.6113333333333333,0.44766666666666666,15
2025-09-01,NVDA,0.3060833333333333,0.08808333333333335,0.60585,0.7458666666666667,0.2031166666666667,0.5499999999999999,0.39266666666666666,0.5008333333333334,6
2025-09-02,NVDA,0.22454,0.22805333333333333,0.5473933333333334,0.6862600000000001,-0.015253333333333336,0.48666666666666664,0.5251733333333334,0.4668333333333334,15
2025-09-03,NVDA,0.434324,0.07974,0.48594000000000004,0.666356,0.165796,0.53,0.564676,0.37689999999999996,25
2025-09-04,NVDA,0.3805708333333333,0.11368333333333334,0.5057708333333334,0.7355125,0.13945,0.5708333333333333,0.5044583333333333,0.43083333333333335,24
2025-09-05,NVDA,0.50154,0.070516,0.427948,0.721156,0.29343199999999997,0.586,0.6285839999999999,0.3604,25
2025-09-06,NVDA,0.5118666666666667,0.13692,0.3512133333333333,0.7338533333333334,0.30269999999999997,0.5733333333333334,0.6059066666666666,0.39066666666666666,15
2025-09-07,NVDA,0.5803642857142857,0.044528571428571424,0.37512142857142855,0.69015,0.2566357142857143,0.4321428571428571,0.6533928571428572,0.3196428571428572,14
2025-09-08,NVDA,0.28232857142857143,0.1803357142857143,0.53735,0.6738071428571428,0.034107142857142864,0.43928571428571433,0.44724285714285716,0.4376785714285715,14
2025-09-09,NVDA,0.368875,0.09483571428571429,0.5363071428571429,0.716325,0.08098928571428572,0.46249999999999997,0.513575,0.44625000000000004,28
2025-09-10,NVDA,0.4393666666666666,0.10081999999999999,0.45982666666666666,0.78232,0.22945333333333331,0.475,0.5731666666666667,0.41425,30
2025-09-11,NVDA,0.5909464285714287,0.07129642857142858,0.3377642857142857,0.739425,0.318325,0.5625,0.7327357142857143,0.3051785714285714,28
2025-09-12,NVDA,0.3952625,0.15607083333333333,0.4486625,0.7025583333333333,0.16845416666666668,0.5125000000000001,0.6734291666666666,0.38864583333333336,24
2025-09-13,NVDA,0.3575083333333333,0.1477,0.494825,0.790575,0.15598333333333333,0.6583333333333333,0.5094166666666666,0.47270833333333334,12
2025-09-14,NVDA,0.4587454545454545,0.11808181818181818,0.42316363636363635,0.7179272727272727,0.21261818181818182,0.6,0.5932090909090909,0.3372727272727273,11
2025-09-15,NVDA,0.293616,0.152996,0.553416,0.6840959999999999,0.050088,0.43799999999999994,0.537076,0.4359,25
2025-09-16,NVDA,0.4189826086956522,0.07066521739130435,0.5103608695652173,0.7549260869565216,0.22431739130434783,0.5,0.6176347826086956,0.37902173913043474,23
2025-09-17,NVDA,0.34754054054054057,0.13593513513513514,0.516535135135135,0.770581081081081,0.15124594594594595,0.5391891891891891,0.5223540540540541,0.4639864864864865,37
2025-09-18,NVDA,0.44265999999999994,0.11782999999999999,0.43952,0.7860199999999999,0.27137500000000003,0.55,0.61717,0.34587500000000004,20
2025-09-19,NVDA,0.36236666666666667,0.11972777777777778,0.5179277777777778,0.7487277777777778,0.16240555555555558,0.4555555555555555,0.5378666666666666,0.47041666666666665,18
2025-09-20,NVDA,0.54415,0.051500000000000004,0.40435,0.89055,0.1724,0.3,0.6475,0.5650000000000001,2
2025-09-21,NVDA,0.5144,0.0617,0.4238,0.5144,0.3772,1.0,0.5233,0.225,1
2025-09-22,NVDA,0.39615,0.15815555555555555,0.4457333333333333,0.7699944444444444,0.18262777777777778,0.5472222222222222,0.5643611111111111,0.47527777777777774,18
2025-09-23,NVDA,0.40355454545454544,0.08507272727272729,0.5113636363636364,0.7435909090909092,0.20502727272727272,0.7272727272727273,0.5571181818181818,0.44522727272727275,11
2025-09-24,NVDA,0.40832,0.092204,0.499488,0.7728079999999999,0.188384,0.45799999999999996,0.5596760000000001,0.41509999999999997,25
2025-09-25,NVDA,0.428425,0.0723,0.49930624999999995,0.7491125,0.1801875,0.440625,0.55901875,0.39796875,16
2025-09-26,NVDA,0.40243333333333337,0.08101666666666667,0.5165833333333333,0.7702916666666666,0.228075,0.5333333333333333,0.4930583333333333,0.44895833333333335,12
2025-09-27,NVDA,0.461325,0.13908333333333334,0.3996166666666667,0.760425,0.151925,0.5416666666666666,0.6495583333333333,0.4214583333333333,12
2025-09-28,NVDA,0.5831666666666667,0.10738666666666667,0.30945999999999996,0.7725066666666667,0.30395333333333335,0.7066666666666667,0.74102,0.29766666666666663,15
2025-09-29,NVDA,0.3543684210526316,0.12205789473684212,0.523621052631579,0.7398473684210526,0.17046315789473687,0.4973684210526315,0.5237947368421052,0.4586842105263158,19
2025-09-30,NVDA,0.3520857142857143,0.10572857142857142,0.5422095238095238,0.756352380952381,0.10334285714285715,0.5380952380952382,0.4849333333333333,0.4704761904761905,21
2025-10-01,NVDA,0.3004291666666667,0.1175625,0.5820458333333333,0.7241166666666666,0.14185,0.49583333333333335,0.45983749999999995,0.42510416666666667,24
2025-10-02,NVDA,0.33105357142857145,0.09737857142857143,0.5715928571428571,0.72475,0.17301428571428573,0.525,0.46687142857142855,0.4429464285714286,28
2025-10-03,NVDA,0.4331409090909091,0.08113636363636363,0.48574090909090906,0.71635,0.16888636363636364,0.42045454545454547,0.5498000000000001,0.4292045454545455,22
2025-10-04,NVDA,0.2900714285714286,0.10827142857142857,0.6016428571428571,0.7112571428571428,0.057628571428571425,0.37142857142857144,0.4793,0.4925,7
2025-10-05,NVDA,0.585664705882353,0.05741176470588235,0.3569117647058824,0.7350176470588236,0.3015529411764706,0.6705882352941177,0.6957,0.3044117647058823,17
2025-10-06,NVDA,0.45944444444444443,0.07115833333333334,0.46941111111111117,0.7486888888888888,0.19933333333333333,0.47777777777777775,0.5731388888888889,0.4047222222222222,36
2025-10-07,NVDA,0.4514848484848485,0.07932727272727272,0.46919999999999995,0.7344909090909091,0.2510727272727272,0.5136363636363637,0.6308666666666667,0.40757575757575754,33
2025-10-08,NVDA,0.5503464285714286,0.08498214285714287,0.3646857142857143,0.7504571428571428,0.2815392857142857,0.5660714285714286,0.7022642857142857,0.3229464285714286,28
2025-10-09,NVDA,0.3199171428571429,0.16539428571428572,0.5147142857142857,0.7429371428571429,0.13366857142857141,0.6114285714285714,0.5594742857142858,0.43814285714285717,35
2025-10-10,NVDA,0.41388461538461535,0.13293076923076924,0.4532038461538462,0.7402423076923076,0.14217692307692306,0.38846153846153847,0.5606884615384615,0.4126923076923077,26
2025-10-11,NVDA,0.44528604651162795,0.14429302325581395,0.41042790697674414,0.7438953488372093,0.14965813953488372,0.5034883720930232,0.608586046511628,0.37302325581395346,43
2025-10-12,NVDA,0.40268881118881117,0.13088181818181818,0.4664377622377622,0.7330363636363637,0.13973146853146853,0.4982517482517482,0.6261706293706294,0.4143356643356643,143
2025-10-13,NVDA,0.4261660347551343,0.12246856240126382,0.451373775671406,0.7346677725118483,0.19847646129541863,0.6259873617693523,0.6579454976303317,0.3740402843601896,633
2025-10-14,NVDA,0.40868532526475043,0.13571164901664146,0.4556133131618759,0.7472789712556732,0.19249954614220877,0.6663388804841149,0.6505904689863843,0.37168683812405445,661
2025-10-15,NVDA,0.492647433903577,0.10144556765163297,0.4059158631415241,0.7718311041990669,0.2858713841368585,0.6534214618973561,0.7037601866251945,0.3504665629860031,643
2025-10-16,NVDA,0.5347214539007092,0.08927517730496454,0.3760104609929078,0.7804693262411347,0.28857163120567375,0.6280141843971631,0.7303101063829788,0.3449423758865248,564
2025-10-17,NVDA,0.4640746073298429,0.11745261780104713,0.41847984293193713,0.735463612565445,0.2160109947643979,0.6036649214659686,0.7010020942408377,0.3591099476439791,382
2025-10-18,NVDA,0.45797574257425744,0.11583168316831682,0.42619999999999997,0.7555806930693069,0.25448960396039605,0.7071782178217821,0.67705,0.3556064356435643,202
2025-10-19,NVDA,0.4388260606060606,0.12119030303030304,0.4399945454545454,0.76558,0.19741575757575758,0.6887878787878788,0.6659563636363637,0.376969696969697,165
2025-10-20,NVDA,0.40461632653061225,0.12248979591836734,0.4729163265306122,0.7182632653061224,0.1152795918367347,0.42959183673469387,0.5690285714285714,0.406734693877551,49
2025-10-21,NVDA,0.3146,0.14429714285714285,0.5411142857142858,0.6979142857142857,0.09604857142857143,0.5114285714285713,0.5758428571428571,0.4446428571428571,35
2025-10-22,NVDA,0.50241,0.0833425,0.414265,0.7361225,0.272865,0.5862499999999999,0.5851425,0.3753125,40
2025-10-23,NVDA,0.3756117647058823,0.1589970588235294,0.46539117647058825,0.730735294117647,0.11714411764705882,0.5191176470588235,0.5876323529411766,0.385,34
2025-10-24,NVDA,0.36774166666666663,0.12233333333333334,0.5099333333333333,0.702875,0.12086388888888888,0.47777777777777775,0.5766305555555555,0.40826388888888887,36
2025-10-25,NVDA,0.52511,0.04683,0.42806999999999995,0.8013899999999999,0.28884,0.47000000000000003,0.60056,0.398,10
2025-10-26,NVDA,0.42790384615384613,0.18230384615384618,0.3898076923076923,0.7177192307692307,0.19861153846153845,0.5788461538461539,0.7224115384615384,0.32682692307692307,26
2025-10-27,NVDA,0.501544,0.060288,0.438192,0.7848919999999999,0.192776,0.41,0.555688,0.40979999999999994,25
2025-10-28,NVDA,0.4287708333333333,0.09237916666666666,0.47886875,0.7263020833333332,0.24703541666666665,0.6625,0.5540083333333333,0.37177083333333333,48
2025-10-29,NVDA,0.3288422222222222,0.11599555555555556,0.5551777777777778,0.7397511111111111,0.15740222222222222,0.6366666666666666,0.5327244444444444,0.43472222222222223,45
2025-10-30,NVDA,0.3945,0.10418163265306123,0.501326530612245,0.7388938775510203,0.10965510204081633,0.4887755102040816,0.6148020408163265,0.3987244897959184,49
2025-10-31,NVDA,0.37138043478260874,0.09307173913043477,0.5355695652173913,0.7390630434782608,0.15897608695652174,0.5358695652173913,0.57295,0.41657608695652176,46
2025-11-01,NVDA,0.4311526315789474,0.09424736842105264,0.4746,0.7765000000000001,0.17670000000000002,0.6052631578947368,0.5524421052631578,0.3944736842105263,19
2025-11-02,NVDA,0.39643833333333334,0.11429333333333334,0.4892883333333333,0.7422383333333333,0.19286166666666665,0.5966666666666666,0.6403583333333334,0.402,60
2025-11-03,NVDA,0.40698428571428574,0.10955714285714287,0.48347285714285715,0.7559542857142857,0.18101857142857145,0.5528571428571429,0.5801914285714286,0.42114285714285715,70
2025-11-04,NVDA,0.4376564102564103,0.12691666666666665,0.43543076923076923,0.7622474358974359,0.19912435897435898,0.533974358974359,0.6948153846153846,0.3805128205128205,78
2025-11-05,NVDA,0.40232058823529415,0.1455,0.4521882352941176,0.7588220588235294,0.1358779411764706,0.45808823529411763,0.6717941176470589,0.4212867647058824,68
2025-11-06,NVDA,0.3366,0.13488,0.5285433333333333,0.7541633333333333,0.058381666666666665,0.4708333333333333,0.5924466666666667,0.469875,60
2025-11-07,NVDA,0.3384813559322034,0.16721694915254237,0.4943084745762712,0.7483881355932203,0.06881355932203391,0.5466101694915254,0.6365525423728814,0.41368644067796606,59
2025-11-08,NVDA,0.5041367346938775,0.0966469387755102,0.39922244897959186,0.7517061224489795,0.2713897959183673,0.6122448979591837,0.6218081632653061,0.3520408163265306,49
2025-11-09,NVDA,0.4918538461538462,0.08572051282051282,0.422425641025641,0.740423076923077,0.24392564102564102,0.5333333333333333,0.6751923076923076,0.3646153846153846,39
2025-11-10,NVDA,0.5169155172413793,0.10176034482758621,0.38133793103448277,0.7636879310344827,0.25944655172413794,0.5456896551724137,0.6838137931034483,0.3603448275862069,58
2025-11-11,NVDA,0.36167543859649126,0.16717719298245615,0.4711614035087719,0.7244333333333333,0.0708561403508772,0.4649122807017544,0.6507350877192983,0.39473684210526316,57
2025-11-12,NVDA,0.40522307692307696,0.12262820512820512,0.47215897435897436,0.7540538461538462,0.14593076923076923,0.40384615384615385,0.5947846153846154,0.4490384615384615,39
2025-11-13,NVDA,0.38593225806451614,0.17347419354838708,0.4406,0.7183838709677419,0.0800516129032258,0.4790322580645161,0.6797225806451613,0.4156451612903226,31
2025-11-14,NVDA,0.335192,0.150766,0.514058,0.71829,0.073218,0.46299999999999997,0.5962,0.42255000000000004,50
2025-11-15,NVDA,0.23427199999999998,0.21932000000000001,0.546428,0.727776,-0.021736,0.496,0.5747760000000001,0.5077,25
2025-11-16,NVDA,0.41233125,0.113728125,0.47394375,0.7643625,0.174640625,0.53125,0.60360625,0.39578125000000003,32
2025-11-17,NVDA,0.3247357723577236,0.1955040650406504,0.47977154471544714,0.7335617886178861,0.04514552845528456,0.5394308943089431,0.6326967479674798,0.434390243902439,123
2025-11-18,NVDA,0.30511829268292684,0.1536280487804878,0.5412756097560976,0.7256951219512194,0.0735670731707317,0.5152439024390244,0.5990487804878049,0.455,82
2025-11-19,NVDA,0.4081108108108108,0.1444846846846847,0.4474189189189189,0.7605612612612613,0.19435495495495494,0.5648648648648649,0.6575153153153154,0.40822072072072074,111
2025-11-20,NVDA,0.38223944954128436,0.1590119266055046,0.45876788990825684,0.7485724770642201,0.14350183486238532,0.6032110091743119,0.6840045871559634,0.3876146788990826,109
2025-11-21,NVDA,0.2817413793103448,0.1648784482758621,0.5534112068965518,0.7413793103448276,0.03629137931034483,0.4551724137931034,0.5370068965517242,0.4850431034482759,116
2025-11-22,NVDA,0.4373705882352941,0.11347058823529411,0.4491794117647059,0.7582323529411765,0.11105882352941177,0.3647058823529412,0.6614588235294118,0.4359558823529412,34
2025-11-23,NVDA,0.2386065217391304,0.13720217391304348,0.6242391304347826,0.7447652173913043,0.026308695652173912,0.3630434782608695,0.4660608695652174,0.5122826086956522,46
2025-11-24,NVDA,0.3732648648648649,0.14347702702702703,0.4832770270270271,0.7458317567567567,0.124675,0.4587837837837838,0.5957263513513513,0.43222972972972973,148
2025-11-25,NVDA,0.3901352941176471,0.15495764705882353,0.4549117647058823,0.7449682352941176,0.12239529411764707,0.5417647058823529,0.6589564705882353,0.4270588235294117,85
2025-11-26,NVDA,0.3870512820512821,0.12373974358974359,0.4892179487179487,0.7447705128205129,0.11539358974358975,0.5211538461538462,0.6266282051282052,0.43509615384615385,78
2025-11-27,NVDA,0.408312,0.10844799999999999,0.483252,0.744484,0.14327600000000001,0.455,0.6324799999999999,0.42060000000000003,50
2025-11-28,NVDA,0.3340122448979592,0.12277755102040816,0.5432306122448979,0.7436755102040816,0.08251224489795918,0.4448979591836735,0.6227795918367347,0.45698979591836736,49
2025-11-29,NVDA,0.46297,0.11597249999999999,0.4210725,0.7235625,0.1406225,0.46749999999999997,0.6928225,0.40881249999999997,40
2025-11-30,NVDA,0.32548727272727274,0.11347636363636364,0.5610727272727273,0.7338890909090909,0.0998581818181818,0.42000000000000004,0.5384818181818182,0.5015909090909091,55
2025-12-01,NVDA,0.39300181818181823,0.1109609090909091,0.4960518181818182,0.7506045454545455,0.15222090909090907,0.48227272727272724,0.60256,0.4208863636363636,110
2025-12-02,NVDA,0.3366979381443299,0.1794814432989691,0.4838340206185567,0.7363,0.08668350515463918,0.4798969072164948,0.6036391752577319,0.42250000000000004,97
2025-12-03,NVDA,0.3325625,0.13825384615384617,0.5292028846153847,0.7147673076923076,0.08708653846153847,0.49615384615384617,0.5808596153846154,0.4543509615384615,104
2025-12-04,NVDA,0.42290329670329674,0.11436923076923078,0.46273626373626375,0.752,0.1898747252747253,0.5373626373626373,0.6324307692307692,0.40796703296703296,91
2025-12-05,NVDA,0.35856481481481484,0.13326574074074074,0.508187962962963,0.7407990740740741,0.09975555555555556,0.44398148148148153,0.605125,0.4546527777777778,108
2025-12-06,NVDA,0.34752857142857146,0.14362678571428572,0.5088571428571428,0.7465142857142857,0.14331607142857145,0.5133928571428571,0.6074785714285714,0.4278125,56
2025-12-07,NVDA,0.4770696428571429,0.08965357142857143,0.4332892857142857,0.7453089285714285,0.2221625,0.46249999999999997,0.6679678571428571,0.3873214285714286,56
2025-12-08,NVDA,0.3724515463917526,0.12822680412371135,0.4993319587628866,0.744860824742268,0.10314432989690722,0.42474226804123716,0.6442082474226805,0.4673711340206186,97
2025-12-09,NVDA,0.441465,0.10129714285714285,0.45724642857142855,0.7494607142857143,0.17266071428571428,0.48999999999999994,0.6638278571428572,0.41144642857142855,140
2025-12-10,NVDA,0.3893357142857143,0.11882040816326532,0.4918642857142857,0.7503142857142857,0.1411734693877551,0.4744897959183674,0.6477663265306122,0.42762755102040817,98
2025-12-11,NVDA,0.34692966101694916,0.16790169491525425,0.48517966101694915,0.7438779661016949,0.061819491525423736,0.4194915254237288,0.6562983050847458,0.41447033898305086,118
2025-12-12,NVDA,0.3849654867256637,0.15972300884955754,0.45531858407079645,0.7432477876106194,0.14215398230088497,0.43230088495575225,0.6753424778761061,0.41847345132743363,113
2025-12-13,NVDA,0.33981607142857145,0.1504464285714286,0.5097517857142857,0.7298232142857143,0.06991607142857144,0.39553571428571427,0.6065964285714286,0.4585267857142857,56
2025-12-14,NVDA,0.31853559322033903,0.13129152542372882,0.5501983050847458,0.7177050847457627,0.04871694915254237,0.3923728813559322,0.6421745762711865,0.49500000000000005,59
2025-12-15,NVDA,0.333625,0.1608948275862069,0.5054931034482759,0.737423275862069,0.07924913793103448,0.47672413793103446,0.6278862068965517,0.43920258620689656,116
2025-12-16,NVDA,0.3457398230088496,0.10612920353982301,0.5481424778761061,0.7077061946902654,0.09309026548672567,0.42389380530973453,0.6020761061946902,0.44577433628318586,113
2025-12-17,NVDA,0.3641666666666667,0.14996,0.4858883333333333,0.7220791666666667,0.071755,0.42416666666666664,0.6242275,0.43354166666666666,120
2025-12-18,NVDA,0.3903657894736842,0.10664824561403509,0.503,0.7370657894736842,0.09675964912280702,0.4021929824561404,0.6195324561403509,0.44287280701754383,114
2025-12-19,NVDA,0.5124139240506329,0.07625949367088607,0.41134177215189877,0.7789898734177215,0.20030379746835442,0.43544303797468353,0.6730569620253165,0.42566455696202526,79
2025-12-20,NVDA,0.4329983050847458,0.11458983050847457,0.4524271186440678,0.7409016949152543,0.15097457627118646,0.4,0.6860966101694915,0.4272033898305085,59
2025-12-21,NVDA,0.4330705882352941,0.11495735294117647,0.4519779411764706,0.7455941176470589,0.1442264705882353,0.45808823529411763,0.6855911764705882,0.4521323529411765,68
2025-12-22,NVDA,0.5429552083333333,0.10069791666666666,0.35635208333333335,0.7712822916666666,0.199584375,0.4458333333333333,0.7662510416666667,0.38177083333333334,96
2025-12-23,NVDA,0.43881171875,0.1168015625,0.44439921875,0.7426203124999999,0.15647031250000001,0.469921875,0.705559375,0.40474609375,128
2025-12-24,NVDA,0.37124756097560974,0.13572317073170734,0.49304634146341464,0.7132939024390244,0.11300243902439024,0.45426829268292684,0.6383390243902439,0.4366158536585366,82
2025-12-25,NVDA,0.3391977272727273,0.13975681818181818,0.521059090909091,0.7253022727272728,0.07914545454545455,0.45909090909090905,0.68965,0.42017045454545454,44
2025-12-26,NVDA,0.42724305555555553,0.1421125,0.43065555555555557,0.73675,0.17231527777777778,0.5138888888888888,0.7069236111111111,0.39864583333333337,72
2025-12-27,NVDA,0.39882399999999996,0.141334,0.45984200000000003,0.7306239999999999,0.1439,0.43700000000000006,0.712694,0.4346,50
2025-12-28,NVDA,0.2829311111111111,0.13054,0.5865377777777777,0.7355355555555556,0.04349555555555556,0.35111111111111115,0.6415044444444444,0.49522222222222223,45
2025-12-29,NVDA,0.36582882882882883,0.14304234234234234,0.4911405405405405,0.7373288288288289,0.1372018018018018,0.5157657657657657,0.6474657657657658,0.4118918918918919,111
2025-12-30,NVDA,0.4400188235294118,0.1273035294117647,0.4326894117647059,0.7396623529411764,0.1710035294117647,0.5241176470588235,0.6439400000000001,0.42247058823529415,85
2025-12-31,NVDA,0.3544511111111111,0.1315188888888889,0.51405,0.7401422222222221,0.12027777777777778,0.4711111111111111,0.6150588888888889,0.4455277777777778,90
2026-01-01,NVDA,0.3713837837837838,0.1586,0.4700243243243243,0.7229337837837837,0.13157972972972973,0.4797297297297297,0.6591675675675676,0.3872635135135135,74
2026-01-02,NVDA,0.4247505154639175,0.10761958762886598,0.467640206185567,0.7375092783505154,0.12878453608247423,0.4190721649484536,0.6292556701030928,0.4335051546391752,97
2026-01-03,NVDA,0.48740681818181825,0.11449772727272726,0.39811363636363634,0.7801568181818183,0.13462727272727273,0.4602272727272727,0.6644159090909091,0.4043181818181818,44
2026-01-04,NVDA,0.4290522727272727,0.08099545454545455,0.4899522727272727,0.7309840909090909,0.16772954545454546,0.39431818181818185,0.6235704545454546,0.45289772727272726,44
2026-01-05,NVDA,0.43437732558139536,0.11538779069767444,0.4502436046511628,0.7503558139534885,0.15950290697674419,0.5287790697674418,0.6375883720930232,0.39882267441860464,172
2026-01-06,NVDA,0.4208555045871559,0.1189545871559633,0.4602045871559633,0.7437481651376147,0.1824532110091743,0.5330275229357798,0.6342522935779816,0.39893348623853214,218
2026-01-07,NVDA,0.48311974522292994,0.10895541401273887,0.4079375796178344,0.7603949044585988,0.22836878980891723,0.5538216560509555,0.684224203821656,0.36797770700636945,157
2026-01-08,NVDA,0.4171100628930817,0.10850251572327044,0.47439685534591197,0.7264232704402516,0.1379452830188679,0.4459119496855346,0.6647918238993711,0.4127201257861635,159
2026-01-09,NVDA,0.4687443396226415,0.1014556603773585,0.42981603773584903,0.7661188679245283,0.2113198113207547,0.5174528301886793,0.6608141509433962,0.4056367924528302,106
2026-01-10,NVDA,0.3855322033898305,0.12642033898305086,0.48806101694915255,0.7376644067796609,0.17802881355932204,0.5101694915254238,0.6369847457627118,0.4239406779661017,59
2026-01-11,NVDA,0.4424350877192983,0.10314035087719298,0.4544333333333333,0.7277771929824561,0.1869298245614035,0.525438596491228,0.6685614035087719,0.39320175438596494,57
2026-01-12,NVDA,0.4082123966942149,0.12022231404958679,0.47157272727272725,0.7061008264462809,0.16513553719008264,0.5863636363636364,0.6627586776859504,0.3853099173553719,121
2026-01-13,NVDA,0.43738125,0.09280277777777778,0.4698194444444444,0.7496881944444445,0.1870638888888889,0.5065972222222223,0.65345,0.3974305555555555,144
2026-01-14,NVDA,0.41943178807947024,0.1471185430463576,0.43346490066225163,0.7471258278145696,0.10717086092715232,0.47516556291390727,0.6739596026490066,0.40721854304635763,151
2026-01-15,NVDA,0.5188152173913044,0.11488840579710144,0.36630869565217394,0.769991304347826,0.17556086956521738,0.48007246376811596,0.7138855072463768,0.37813405797101446,138
2026-01-16,NVDA,0.4611213114754098,0.13131065573770492,0.4075762295081967,0.7613229508196722,0.15838032786885248,0.48483606557377046,0.7176778688524591,0.3996106557377049,122
2026-01-17,NVDA,0.4365013698630137,0.11357808219178082,0.4499342465753424,0.7175794520547945,0.13801232876712327,0.4363013698630137,0.6660945205479452,0.4133219178082192,73
2026-01-18,NVDA,0.4473558139534884,0.12806976744186047,0.42459302325581394,0.7442930232558139,0.15404418604651163,0.4180232558139535,0.7049930232558139,0.4189825581395349,86
2026-01-19,NVDA,0.410535,0.11424375,0.47522624999999996,0.69721375,0.110175,0.46687500000000004,0.70455875,0.40196875,80
2026-01-20,NVDA,0.3687393162393162,0.1687880341880342,0.46247863247863247,0.753625641025641,0.12028632478632478,0.5085470085470085,0.6490179487179487,0.43641025641025644,117
2026-01-21,NVDA,0.42075634920634924,0.13221349206349206,0.4470452380952381,0.7407928571428571,0.14011746031746034,0.4444444444444444,0.6701753968253968,0.4251785714285714,126
2026-01-22,NVDA,0.44186690647482013,0.10088129496402878,0.4572640287769784,0.7269280575539567,0.14680143884892086,0.4,0.6553949640287771,0.4179676258992806,139
2026-01-23,NVDA,0.4114087378640777,0.1363349514563107,0.45227184466019416,0.7520126213592233,0.14023495145631068,0.45,0.6856485436893204,0.41019417475728154,103
2026-01-24,NVDA,0.4451777777777778,0.10307619047619047,0.45175714285714286,0.755984126984127,0.1795984126984127,0.4777777777777778,0.675068253968254,0.4027777777777778,63
2026-01-25,NVDA,0.4226891891891892,0.1048918918918919,0.47243378378378376,0.736368918918919,0.15746486486486486,0.46959459459459457,0.6663405405405405,0.4135472972972973,74
2026-01-26,NVDA,0.4617741379310345,0.11100775862068966,0.427225,0.7401965517241379,0.22921120689655172,0.5452586206896551,0.7154318965517241,0.385926724137931,116
2026-01-27,NVDA,0.4014709677419355,0.12075725806451613,0.4777887096774194,0.7594693548387097,0.12685725806451612,0.4137096774193548,0.6389024193548387,0.4539717741935484,124
2026-01-28,NVDA,0.45703385826771653,0.10266614173228347,0.4403055118110236,0.733507874015748,0.16955905511811023,0.4740157480314961,0.709396062992126,0.39293307086614176,127
2026-01-29,NVDA,0.40736802721088433,0.13002585034013606,0.46261972789115646,0.7351598639455782,0.1369469387755102,0.45544217687074834,0.6726278911564626,0.4196938775510204,147
2026-01-30,NVDA,0.4644629310344827,0.09863362068965517,0.4369206896551724,0.7568974137931035,0.17750344827586206,0.44353448275862073,0.6675767241379311,0.4462715517241379,116
2026-01-31,NVDA,0.3748525,0.1592475,0.46591249999999995,0.7372337499999999,0.101455,0.45062499999999994,0.64414375,0.4336875,80
2026-02-01,NVDA,0.4815855072463768,0.11395652173913044,0.40446521739130437,0.7556623188405798,0.22690579710144926,0.49710144927536226,0.7049130434782609,0.37170289855072464,69
2026-02-02,NVDA,0.4334857142857143,0.11213412698412699,0.4543888888888889,0.7501468253968254,0.1647706349206349,0.4527777777777778,0.6993198412698413,0.4127579365079365,126
2026-02-03,NVDA,0.4445914893617022,0.11745248226950356,0.43796808510638296,0.7295120567375887,0.15090354609929077,0.4287234042553192,0.7161000000000001,0.4140602836879433,141
2026-02-04,NVDA,0.4907106666666667,0.12424400000000001,0.38505466666666666,0.7483253333333334,0.133586,0.42633333333333334,0.7409119999999999,0.37596666666666667,150
2026-02-05,NVDA,0.4550021126760563,0.1198661971830986,0.42514788732394365,0.7573225352112676,0.15488380281690142,0.3929577464788732,0.7154633802816901,0.41545774647887324,142
2026-02-06,NVDA,0.5226111111111111,0.11708632478632479,0.360317094017094,0.7921871794871795,0.18214871794871795,0.4517094017094017,0.7065752136752137,0.3890811965811966,117
2026-02-07,NVDA,0.4831539682539683,0.09027460317460319,0.4265793650793651,0.7784222222222222,0.18814126984126983,0.4246031746031746,0.7041349206349207,0.40317460317460313,63
2026-02-08,NVDA,0.4633680555555555,0.08903472222222222,0.4475986111111111,0.7601375,0.18434861111111112,0.40555555555555556,0.7127680555555556,0.44416666666666665,72
2026-02-09,NVDA,0.4331879310344828,0.12172327586206898,0.4451,0.726075,0.13402327586206897,0.44267241379310346,0.6947448275862069,0.39851293103448276,116
2026-02-10,NVDA,0.36665000000000003,0.13698591549295777,0.4963809859154929,0.7529795774647887,0.10684788732394367,0.39753521126760566,0.6369352112676057,0.4686619718309859,142
2026-02-11,NVDA,0.45842564102564104,0.09751709401709402,0.44406923076923077,0.7581572649572649,0.15222478632478634,0.42606837606837605,0.655065811965812,0.42628205128205127,117
2026-02-12,NVDA,0.40464383561643835,0.12817739726027397,0.4671849315068493,0.7098321917808219,0.11491643835616437,0.4174657534246575,0.6887130136986301,0.41525684931506845,146
2026-02-13,NVDA,0.41717196261682243,0.11903831775700935,0.46380934579439254,0.7576028037383178,0.12549532710280376,0.41962616822429905,0.6505028037383177,0.43018691588785046,107
2026-02-14,NVDA,0.42886756756756755,0.11269864864864866,0.45844729729729733,0.7393378378378378,0.1397783783783784,0.4520270270270271,0.666931081081081,0.44152027027027024,74
2026-02-15,NVDA,0.3891807692307693,0.12717692307692308,0.48365641025641026,0.7292974358974359,0.11663717948717948,0.40192307692307694,0.6649871794871794,0.4330769230769231,78
2026-02-16,NVDA,0.43039130434782613,0.1001891304347826,0.46942500000000004,0.710254347826087,0.15992173913043478,0.4309782608695652,0.6620369565217391,0.4117119565217391,92
2026-02-17,NVDA,0.41584925373134324,0.13049999999999998,0.4536641791044776,0.7552246268656717,0.18876641791044776,0.45671641791044776,0.6931753731343283,0.42455223880597015,134
2026-02-18,NVDA,0.4148680672268908,0.10977983193277312,0.4753672268907563,0.7461588235294118,0.15250924369747898,0.47689075630252103,0.6384462184873949,0.4108613445378151,119
2026-02-19,NVDA,0.36455,0.131036,0.5044273333333333,0.7320106666666666,0.10219133333333333,0.3883333333333333,0.6427666666666667,0.4516333333333334,150
2026-02-20,NVDA,0.3685919191919192,0.12332323232323232,0.508110101010101,0.7341909090909091,0.10312626262626264,0.38939393939393935,0.6232888888888889,0.4468686868686869,99
2026-02-21,NVDA,0.40834545454545457,0.1236090909090909,0.4680656565656565,0.7473424242424243,0.1578030303030303,0.4919191919191919,0.6475727272727273,0.434949494949495,99
2026-02-22,NVDA,0.3763712121212121,0.13978484848484848,0.48386515151515147,0.7499727272727272,0.14151666666666665,0.42727272727272725,0.6446606060606062,0.43818181818181823,66
2026-02-23,NVDA,0.4374720338983051,0.10936864406779662,0.45317118644067794,0.7616118644067796,0.17393813559322033,0.513135593220339,0.6785737288135594,0.4365042372881356,118
2026-02-24,NVDA,0.4564657657657658,0.10479459459459459,0.4387486486486486,0.7513765765765765,0.20002162162162163,0.4914414414414414,0.7111099099099099,0.4057657657657658,111
2026-02-25,NVDA,0.4664492424242424,0.09801818181818181,0.4355477272727273,0.7605287878787879,0.19268560606060606,0.5079545454545454,0.6739,0.39204545454545453,132
2026-02-26,NVDA,0.44944133333333336,0.159354,0.39121733333333336,0.7501886666666667,0.15110400000000002,0.46366666666666667,0.7470106666666666,0.37445,150
2026-02-27,NVDA,0.4468743055555556,0.11139583333333333,0.4417513888888889,0.7283416666666667,0.1386875,0.3951388888888889,0.7357631944444445,0.40326388888888887,144
2026-02-28,NVDA,0.40906831683168315,0.1319772277227723,0.4589683168316832,0.7472287128712871,0.14922178217821783,0.3831683168316832,0.6635752475247525,0.4553217821782178,101
2026-03-01,NVDA,0.38802714285714285,0.10641714285714286,0.5055685714285715,0.7278828571428572,0.15308142857142856,0.4742857142857143,0.6278900000000001,0.44646428571428576,70
2026-03-02,NVDA,0.4141952755905512,0.12688425196850395,0.4589370078740157,0.7339,0.12708818897637794,0.45551181102362204,0.668840157480315,0.40885826771653544,127
2026-03-03,NVDA,0.41453615384615383,0.13185384615384613,0.45362769230769234,0.7373515384615384,0.1522176923076923,0.4792307692307692,0.6709984615384615,0.4115192307692308,130
2026-03-04,NVDA,0.3511577777777778,0.14633851851851853,0.5025133333333333,0.7083325925925925,0.09669037037037037,0.4325925925925926,0.6718911111111111,0.423962962962963,135
2026-03-05,NVDA,0.42973492063492064,0.1627222222222222,0.40755238095238094,0.743868253968254,0.1781777777777778,0.5047619047619047,0.7276071428571429,0.3719642857142857,126
2026-03-06,NVDA,0.385257,0.135385,0.479375,0.7267440000000001,0.113877,0.42450000000000004,0.677144,0.4239,100
2026-03-07,NVDA,0.4503786885245901,0.10619180327868853,0.4434459016393443,0.7267934426229509,0.18512295081967214,0.45491803278688525,0.6931016393442624,0.4009016393442623,61
2026-03-08,NVDA,0.5115347826086957,0.09007826086956522,0.3983978260869565,0.7484130434782609,0.2404021739130435,0.44782608695652176,0.7675195652173913,0.39048913043478256,46
2026-03-09,NVDA,0.3745115384615385,0.14439384615384615,0.48110615384615385,0.73338,0.10855538461538461,0.4073076923076923,0.67599,0.4280384615384616,130
2026-03-10,NVDA,0.4494710344827586,0.09672758620689656,0.45381517241379316,0.742103448275862,0.16808689655172412,0.41551724137931034,0.6989703448275862,0.4185689655172414,145
2026-03-11,NVDA,0.43363893805309733,0.1269230088495575,0.4394389380530973,0.7570938053097345,0.18611681415929204,0.49734513274336284,0.6962221238938053,0.3972566371681416,113
2026-03-12,NVDA,0.4270576271186441,0.12252372881355933,0.4504305084745762,0.7469889830508475,0.1410271186440678,0.4555084745762712,0.6683296610169491,0.3960593220338983,118
2026-03-13,NVDA,0.36104505494505496,0.10917802197802198,0.5297857142857142,0.7249054945054945,0.10473516483516482,0.42417582417582417,0.6112626373626373,0.452032967032967,91
2026-03-14,NVDA,0.3200009523809524,0.15562952380952383,0.524387619047619,0.7142466666666667,0.09466285714285715,0.45333333333333337,0.5898161904761905,0.4337857142857143,105
2026-03-15,NVDA,0.39184528301886795,0.11095,0.4972198113207547,0.7364556603773585,0.14951603773584904,0.4226415094339622,0.6412556603773585,0.4529481132075472,106
2026-03-16,NVDA,0.3795865740740741,0.10880740740740741,0.511625462962963,0.7152425925925926,0.1765810185185185,0.6053240740740741,0.6000291666666667,0.4099537037037037,216
2026-03-17,NVDA,0.3902905405405405,0.11747252252252252,0.4922567567567568,0.7233018018018018,0.185959009009009,0.6308558558558559,0.6128648648648649,0.38680180180180185,222
2026-03-18,NVDA,0.43336647727272726,0.11102613636363637,0.4556255681818182,0.7403767045454545,0.20251363636363637,0.5579545454545455,0.6674738636363636,0.39480113636363634,176
2026-03-19,NVDA,0.39367142857142856,0.13778,0.4685628571428571,0.7451628571428571,0.13170357142857145,0.5178571428571429,0.6415757142857142,0.41750000000000004,140
2026-03-20,NVDA,0.41754085365853655,0.17477256097560975,0.4076969512195122,0.752945731707317,0.1492768292682927,0.48445121951219516,0.7142731707317073,0.3942530487804878,164
2026-03-21,NVDA,0.39272888888888885,0.1319877777777778,0.4752988888888889,0.7444500000000001,0.13666444444444445,0.49722222222222223,0.6330911111111112,0.4250277777777777,90
2026-03-22,NVDA,0.44179999999999997,0.1644677966101695,0.3937474576271186,0.796057627118644,0.15244406779661016,0.44745762711864406,0.684622033898305,0.4154237288135593,59
2026-03-23,NVDA,0.416765,0.13490416666666669,0.4483383333333333,0.7638966666666666,0.1523183333333333,0.51,0.6668358333333334,0.4038125,120
2026-03-24,NVDA,0.39926949152542374,0.14296525423728815,0.4577737288135593,0.7152161016949152,0.11610847457627117,0.4728813559322034,0.6658033898305086,0.4050635593220339,118
2026-03-25,NVDA,0.4973349315068493,0.12547191780821917,0.37719794520547945,0.7560335616438356,0.23139657534246577,0.5143835616438356,0.7245232876712329,0.35570205479452055,146
2026-03-26,NVDA,0.41593255813953484,0.14962558139534884,0.43446046511627906,0.7530147286821705,0.1545015503875969,0.5135658914728682,0.6909201550387597,0.38189922480620153,129
2026-03-27,NVDA,0.3041292682926829,0.21150894308943088,0.4843731707317073,0.7344260162601626,0.07174146341463414,0.5044715447154471,0.6444487804878049,0.43069105691056914,123
2026-03-28,NVDA,0.31130389610389614,0.13416363636363637,0.5545493506493506,0.715461038961039,0.08515974025974027,0.4590909090909091,0.5915727272727273,0.45438311688311683,77
2026-03-29,NVDA,0.42382985074626867,0.13851194029850747,0.4376641791044776,0.7354835820895522,0.1204134328358209,0.45671641791044776,0.6577477611940298,0.4537313432835821,67
2026-03-30,NVDA,0.3969192660550459,0.1522605504587156,0.4508339449541285,0.7447321100917431,0.15195596330275227,0.4568807339449541,0.6787422018348624,0.4155045871559633,109
2026-03-31,NVDA,0.37233241379310344,0.1298703448275862,0.4978124137931034,0.7387965517241379,0.15126689655172412,0.4927586206896552,0.6411806896551724,0.42422413793103453,145
2026-04-01,NVDA,0.4257057851239669,0.12190082644628099,0.4524140495867769,0.7493809917355372,0.152797520661157,0.4508264462809917,0.6577768595041322,0.39942148760330576,121
2026-04-02,NVDA,0.4023421568627451,0.13010686274509806,0.4675578431372549,0.7248539215686275,0.13237352941176472,0.47058823529411764,0.6676470588235294,0.4286029411764706,102
2026-04-03,NVDA,0.3854307692307692,0.12758461538461538,0.4870054945054945,0.7715021978021978,0.1552835164835165,0.46813186813186813,0.5829065934065935,0.42629120879120885,91
2026-04-04,NVDA,0.34476507936507933,0.1301063492063492,0.5251380952380953,0.7238142857142856,0.09774126984126984,0.42142857142857143,0.6074936507936508,0.43857142857142856,63
2026-04-05,NVDA,0.4337813953488372,0.11886976744186048,0.4473651162790697,0.7401325581395349,0.21005813953488373,0.5441860465116278,0.6757906976744187,0.4163372093023256,43
2026-04-06,NVDA,0.39423488372093024,0.1500453488372093,0.4557174418604651,0.739906976744186,0.10799418604651162,0.47093023255813954,0.6725860465116279,0.4129651162790698,86
2026-04-07,NVDA,0.42061882352941177,0.1458105882352941,0.433575294117647,0.7410635294117647,0.1325729411764706,0.4576470588235294,0.6853976470588236,0.40732352941176475,85
2026-04-08,NVDA,0.454356,0.11633,0.42932699999999996,0.75521,0.15642699999999998,0.5035000000000001,0.673829,0.40952500000000003,100
2026-04-09,NVDA,0.4268177966101695,0.09908559322033898,0.4741093220338983,0.7471466101694915,0.17656016949152542,0.4330508474576271,0.655222033898305,0.40603813559322033,118
2026-04-10,NVDA,0.4994713043478261,0.09874434782608696,0.4017886956521739,0.7520078260869566,0.19669999999999999,0.4526086956521739,0.7425156521739131,0.3769130434782609,115
2026-04-11,NVDA,0.46156140350877195,0.1053263157894737,0.4331298245614035,0.7526649122807018,0.20954736842105265,0.46842105263157896,0.6652701754385965,0.3941228070175439,57
2026-04-12,NVDA,0.40739655172413797,0.14786896551724138,0.44474655172413796,0.7334655172413792,0.14333103448275863,0.44051724137931036,0.6826,0.43232758620689654,58
2026-04-13,NVDA,0.42778846153846156,0.12424903846153847,0.44797692307692305,0.7616317307692307,0.17307596153846155,0.46875,0.6960086538461538,0.4141586538461538,104
2026-04-14,NVDA,0.4239543624161074,0.1124711409395973,0.46358456375838925,0.7379704697986578,0.166351677852349,0.49161073825503354,0.6451402684563758,0.4094798657718121,149
2026-04-15,NVDA,0.45419147286821704,0.08572403100775194,0.4600953488372093,0.7417046511627907,0.20934883720930234,0.4728682170542636,0.6634992248062015,0.40722868217054264,129
2026-04-16,NVDA,0.4563659574468085,0.09929716312056737,0.44434964539007094,0.7628099290780143,0.2055517730496454,0.49680851063829784,0.6801744680851064,0.39882978723404255,141
2026-04-17,NVDA,0.45991171875,0.1232421875,0.4168578125,0.7564375,0.1652828125,0.423046875,0.68744375,0.41654296875,128
2026-04-18,NVDA,0.426175,0.10744264705882353,0.46638970588235296,0.7245191176470588,0.13619705882352942,0.425,0.693045588235294,0.4204411764705882,68
2026-04-19,NVDA,0.4526135593220339,0.12142372881355931,0.4259779661016949,0.7626830508474577,0.16133050847457625,0.4745762711864407,0.6528915254237289,0.4210169491525424,59
2026-04-20,NVDA,0.45313106060606057,0.12224469696969696,0.4246340909090909,0.749925,0.16618939393939394,0.4772727272727273,0.6894780303030303,0.4002651515151515,132
2026-04-21,NVDA,0.42986050420168065,0.12408151260504202,0.44606974789915965,0.7364294117647059,0.14456890756302523,0.4239495798319328,0.6952605042016807,0.4187394957983193,119
2026-04-22,NVDA,0.5205175,0.08379333333333334,0.3956966666666667,0.7686775,0.23315833333333333,0.5191666666666667,0.7045399999999999,0.38679166666666664,120
2026-04-23,NVDA,0.4814060869565217,0.08776695652173913,0.43084434782608694,0.7790582608695652,0.1795426086956522,0.4273913043478261,0.704504347826087,0.4122173913043478,115
2026-04-24,NVDA,0.5541138888888889,0.07566250000000001,0.37023958333333334,0.7793180555555556,0.22281875,0.428125,0.7396625,0.38557291666666665,144
2026-04-25,NVDA,0.4676,0.09912708333333332,0.4332833333333333,0.7794208333333333,0.19186875,0.5072916666666667,0.63373125,0.43265624999999996,48
2026-04-26,NVDA,0.4409913793103448,0.10195689655172414,0.45705862068965514,0.7292120689655173,0.19592758620689654,0.5146551724137931,0.6562862068965517,0.4195258620689655,58
2026-04-27,NVDA,0.4220101265822785,0.12001455696202531,0.45798670886075954,0.7364164556962025,0.17671455696202532,0.4816455696202531,0.6756335443037975,0.40425632911392406,158
2026-04-28,NVDA,0.40374367088607593,0.1304607594936709,0.4658101265822785,0.7481632911392405,0.11979303797468353,0.41107594936708863,0.6859215189873418,0.43712025316455694,158
2026-04-29,NVDA,0.47482755905511814,0.11798976377952757,0.4072,0.7643834645669292,0.162196062992126,0.41614173228346457,0.7185708661417323,0.39616141732283466,127
2026-04-30,NVDA,0.43563636363636365,0.1012206611570248,0.4631694214876033,0.7517140495867768,0.15365537190082643,0.43760330578512396,0.6780809917355372,0.44400826446280994,121
