Date,ticker,finbert_positive,finbert_negative,finbert_neutral,finbert_confidence,finbert_score,news_count
2023-05-01,GOOGL,0.16359343775000001,0.240461753375,0.59594480925,0.784994496875,-0.076868317125,16
2023-05-02,GOOGL,0.2737025556315789,0.3314912071052632,0.3948062599473684,0.7162882331578947,-0.05778864868421053,19
2023-05-03,GOOGL,0.26768800242857144,0.21452409600000003,0.5177879034285714,0.8168490142857143,0.05316390716428571,14
2023-05-04,GOOGL,0.3070399747,0.14714390630000002,0.5458161086,0.864102094,0.15989607208,10
2023-05-05,GOOGL,0.0938465222,0.28649553825,0.619657927375,0.78126171375,-0.192649018875,8
2023-05-06,GOOGL,0.064869001,0.3718927773333333,0.5632381866666667,0.7887072666666667,-0.30702378016666665,3
2023-05-07,GOOGL,0.35056028933333333,0.154072892,0.4953668066666667,0.7361038533333334,0.19648738000000002,3
2023-05-08,GOOGL,0.2190997551111111,0.32147074,0.4594295117777778,0.8553979,-0.10237097966666667,9
2023-05-09,GOOGL,0.3508046900909091,0.3252096925454545,0.3239856415454545,0.7998357872727273,0.025595001636363645,11
2023-05-10,GOOGL,0.3134816679333333,0.3023990564444444,0.3841192642222222,0.8869293633333333,0.01108262111111113,9
2023-05-11,GOOGL,0.3126128921857143,0.20807043007142859,0.4793166936428572,0.8763919164285714,0.1045424615,14
2023-05-12,GOOGL,0.397822568,0.12200809605,0.4801693445,0.8058837000000001,0.2758144585,10
2023-05-13,GOOGL,0.161886746625,0.169943824375,0.668169416375,0.86153383625,-0.00805707957499999,8
2023-05-14,GOOGL,0.10204838249999999,0.044289761,0.8536618625,0.8536618625,0.05775862200000001,4
2023-05-15,GOOGL,0.12504413646666668,0.36510920873333336,0.5098466445333334,0.8413529306666666,-0.24006506882,15
2023-05-16,GOOGL,0.3002768178695652,0.13205488928695652,0.5676683042173913,0.8136704239130436,0.16822193323913046,23
2023-05-17,GOOGL,0.1678031321125,0.3043307410625,0.5278661439375,0.834963215625,-0.1365276108125,16
2023-05-18,GOOGL,0.36449927976190477,0.13057760614285716,0.5049231322380953,0.7378622842857142,0.2339216721428571,21
2023-05-19,GOOGL,0.35673477807142856,0.09005391464285714,0.5532113197857143,0.8391588085714285,0.2666808610714286,14
2023-05-20,GOOGL,0.163629195,0.14585656857142856,0.6905142228571428,0.77752468,0.017772629571428566,7
2023-05-21,GOOGL,0.33032000637500003,0.159661415625,0.5100185807500001,0.81510900625,0.170658592625,8
2023-05-22,GOOGL,0.4165943427,0.1809759488,0.4024297139,0.808472961,0.235618396,10
2023-05-23,GOOGL,0.17048967669999998,0.1742055267,0.65530479335,0.8168828295000001,-0.0037158524000000014,20
2023-05-24,GOOGL,0.22939453444444446,0.09202630283333334,0.6785791513888889,0.8193237,0.13736823323333336,18
2023-05-25,GOOGL,0.5366827306666667,0.1820485768888889,0.2812687216111111,0.8724611372222222,0.3546341494166667,18
2023-05-26,GOOGL,0.48198134270588233,0.20768890788235292,0.31032976535294116,0.8697103188235294,0.27429242888235295,17
2023-05-27,GOOGL,0.2774811322222222,0.15661266344444444,0.5659062122222223,0.7369970933333333,0.12086847444444443,9
2023-05-28,GOOGL,0.30504375300000003,0.286119289625,0.40883695374999995,0.860677465,0.018924450000000037,4
2023-05-29,GOOGL,0.3491676,0.016519773,0.63431263,0.7755480800000001,0.332647821,2
2023-05-30,GOOGL,0.26702433447058826,0.2590394521470588,0.47393621541176467,0.8398036817647059,0.00798488085294118,17
2023-05-31,GOOGL,0.3532378644285714,0.10762661678571428,0.5391355560714286,0.77963157,0.24561124757142858,14
2023-06-01,GOOGL,0.4294031680666667,0.10352192351333334,0.46707493573333336,0.7814045000000001,0.3258812406666667,15
2023-06-02,GOOGL,0.14291514918181816,0.1435848630909091,0.7134999675454545,0.87597935,-0.000669716727272734,11
2023-06-03,GOOGL,0.23216728714285711,0.17109395064285712,0.5967387559999999,0.7228871871428572,0.061073336142857156,7
2023-06-04,GOOGL,0.07209408714285714,0.19352697728571427,0.7343789531428572,0.8577347057142857,-0.12143289185714286,7
2023-06-05,GOOGL,0.16750844825,0.275605642625,0.5568859004166667,0.8114353799999999,-0.10809719241666667,12
2023-06-06,GOOGL,0.21653934254545454,0.32454193054545455,0.45891872509090914,0.7571609581818183,-0.10800258027272727,11
2023-06-07,GOOGL,0.26522115963636367,0.19361384622727273,0.5411650005454546,0.78120613,0.07160731645454545,11
2023-06-08,GOOGL,0.4116634165714285,0.18263658589285714,0.4057000272142857,0.8770990207142857,0.22902683065714285,14
2023-06-09,GOOGL,0.22238700260625,0.234586560375,0.543026428125,0.801929640625,-0.012199561700000007,16
2023-06-10,GOOGL,0.13146607385714285,0.23258780042857138,0.6359461351428571,0.7504667328571429,-0.10112172300000001,7
2023-06-11,GOOGL,0.195115042625,0.025427443687500002,0.7794575137499999,0.820024105,0.16968760192500001,8
2023-06-12,GOOGL,0.3352598870833334,0.12182534299999999,0.5429147684166666,0.8046262341666667,0.21343455083333332,12
2023-06-13,GOOGL,0.4492233689411765,0.20325902011764707,0.3475176153529412,0.8132726329411765,0.24596434835294118,17
2023-06-14,GOOGL,0.26876614435294116,0.27306577141176475,0.4581681027647059,0.7749181152941177,-0.0042996269999999925,17
2023-06-15,GOOGL,0.37734578335,0.062705481425,0.5599487505,0.787401981,0.314640298158,20
2023-06-16,GOOGL,0.1751186183888889,0.09525237063888889,0.7296290181666667,0.8371507816666667,0.07986624838888888,18
2023-06-17,GOOGL,0.254570543375,0.061300955375,0.6841284974999999,0.84463140625,0.1932695895775,8
2023-06-18,GOOGL,0.43654698,0.010046127,0.5534069,0.5534069,0.42650086,1
2023-06-19,GOOGL,0.05571654928571428,0.3884367887142857,0.5558466588571428,0.7631371328571428,-0.3327202415,7
2023-06-20,GOOGL,0.4577051463571428,0.12410321392857142,0.4181916436428571,0.8292549642857142,0.3336019344285714,14
2023-06-21,GOOGL,0.388497185,0.04387262333333333,0.5676301866666666,0.70571795,0.34462456333333336,6
2023-06-22,GOOGL,0.39301370225,0.12056112775,0.486425155,0.8464654275,0.27245258237500003,8
2023-06-23,GOOGL,0.41249705799999997,0.10688897004545454,0.4806139580909091,0.8483471963636364,0.3056080930909091,11
2023-06-24,GOOGL,0.05420203459999999,0.0642503854,0.8815475859999999,0.8815475859999999,-0.01004835,5
2023-06-25,GOOGL,0.4390855565,0.0302245255,0.53068994,0.884725005,0.408861031,2
2023-06-26,GOOGL,0.2989375526363636,0.2287886628181818,0.4722738102727273,0.751466390909091,0.07014888581818181,11
2023-06-27,GOOGL,0.31019879195833333,0.30178136116666665,0.38801986329166666,0.7877131574999999,0.008417428270833333,24
2023-06-28,GOOGL,0.3551460288,0.16360911663333333,0.4812448574,0.754810872,0.19153691199333334,15
2023-06-29,GOOGL,0.4854260366333334,0.13027081948888888,0.38430312588888893,0.8558809766666666,0.35515522066666666,9
2023-06-30,GOOGL,0.41367235109090905,0.1963390730909091,0.38998857545454546,0.7734390645454545,0.2173332709090909,11
2023-07-01,GOOGL,0.19209968971428573,0.3630238392857143,0.4448764578571428,0.8135979814285713,-0.17092414942857145,7
2023-07-02,GOOGL,0.08813662333333333,0.014706349333333334,0.8971570600000001,0.8971570600000001,0.07343027266666667,3
2023-07-03,GOOGL,0.506344668888889,0.09849930800000001,0.3951559963333333,0.8424973633333334,0.4078453444444444,9
2023-07-04,GOOGL,0.279134259,0.20432632616666666,0.5165394433333333,0.79069183,0.07480793816666666,6
2023-07-05,GOOGL,0.2978419134615385,0.1816788309,0.5204792526153846,0.8064653753846154,0.11616308507692306,13
2023-07-06,GOOGL,0.3652578576923077,0.36166759446153846,0.2730745585384615,0.8317225192307693,0.0035902669230769057,13
2023-07-07,GOOGL,0.485095673,0.25117781619999996,0.2637265216,0.79543991,0.23391786200000003,5
2023-07-08,GOOGL,0.257293586875,0.17704811943749998,0.5656582810625,0.7646687,0.080245475875,16
2023-07-09,GOOGL,0.19339897800000003,0.24930952233333334,0.55729148,0.7175045333333333,-0.05591054666666665,3
2023-07-10,GOOGL,0.1820710895,0.564895843875,0.253033083375,0.7775132112500001,-0.38282474875,8
2023-07-11,GOOGL,0.3975307542352941,0.1330570299117647,0.4694122322352941,0.8815723047058823,0.2644737255882353,17
2023-07-12,GOOGL,0.2620407172857143,0.1954799639642857,0.5424793164285714,0.7778144471428572,0.06656074135714285,14
2023-07-13,GOOGL,0.31537951066666664,0.17141883936666666,0.5132016614444445,0.68966814,0.1439606711111111,9
2023-07-14,GOOGL,0.29464346175,0.27925592508333336,0.42610059683333334,0.8439201733333334,0.015387539333333346,12
2023-07-15,GOOGL,0.08732479922222222,0.18190780844444443,0.7307673877777777,0.8673972444444444,-0.09458301044444445,9
2023-07-16,GOOGL,0.12078765,0.016659977,0.86255234,0.86255234,0.104127675,1
2023-07-17,GOOGL,0.36534100129999997,0.2713182158,0.36334076579999997,0.862694035,0.09402279277,10
2023-07-18,GOOGL,0.2584093275,0.2899158785,0.45167479292857143,0.8245605307142857,-0.03150654164285714,14
2023-07-19,GOOGL,0.43797441491666667,0.23294608708333334,0.3290795015833333,0.7541807858333334,0.20502832133333335,12
2023-07-20,GOOGL,0.27811747904166667,0.2569429745833333,0.4649395475,0.8462289558333334,0.02117449558333334,12
2023-07-21,GOOGL,0.2840521693363636,0.25703267263636365,0.45891515552272727,0.8185390249999999,0.027019499954545455,22
2023-07-22,GOOGL,0.1297515655,0.2396159655,0.6306325225,0.7613550575,-0.10986441024999999,4
2023-07-23,GOOGL,0.15513810675,0.10072325600000001,0.744138635,0.744138635,0.0544148475,4
2023-07-24,GOOGL,0.3729696258695652,0.08810224228260868,0.5389281295652174,0.8346176147826087,0.28486738519782606,23
2023-07-25,GOOGL,0.32056324298125,0.20736894921875001,0.4720677991875,0.812490933125,0.11319428596875,32
2023-07-26,GOOGL,0.4776038777073171,0.18784078699999998,0.3345553297804878,0.8515737853658537,0.2897630925365854,41
2023-07-27,GOOGL,0.3310152172631579,0.25780205057894734,0.4111827257894737,0.7977922394736843,0.07321317157894736,19
2023-07-28,GOOGL,0.31892784581818184,0.14078160845454546,0.5402904921818181,0.7466069154545455,0.17814624072727273,11
2023-07-29,GOOGL,0.24983524557142858,0.19957643042857143,0.5505883385714286,0.7716325328571428,0.05025882542857143,7
2023-07-30,GOOGL,0.498132116,0.0179421794,0.48392568,0.843156288,0.48018993080000005,5
2023-07-31,GOOGL,0.37880581426086957,0.1239443945652174,0.4972497835652174,0.7703044291304348,0.25486142186956523,23
2023-08-01,GOOGL,0.2529296288,0.0765260174,0.6705443678666666,0.8336931866666667,0.1764036123,15
2023-08-02,GOOGL,0.25564956179166665,0.22015851509166665,0.5241919201666667,0.8477544308333332,0.03549105266666668,12
2023-08-03,GOOGL,0.13651464491666668,0.35228356475,0.5112017815833333,0.8450115925,-0.215768912875,12
2023-08-04,GOOGL,0.3541694456153846,0.1551340993076923,0.49069645553846153,0.8054479038461538,0.19903534724615385,13
2023-08-05,GOOGL,0.15455573333333333,0.17031864016666667,0.6751256523333334,0.8248597066666666,-0.015762915500000006,6
2023-08-06,GOOGL,0.29503230880000003,0.0228725958,0.68209509,0.8307776499999999,0.2721597194,5
2023-08-07,GOOGL,0.4151547056666667,0.2963421441111111,0.28850318399999997,0.8638371133333334,0.11881256255555556,9
2023-08-08,GOOGL,0.10554171799999999,0.41835152614285714,0.4761067335714286,0.8321120142857144,-0.31280980999999997,7
2023-08-09,GOOGL,0.4448949916666667,0.14364519083333332,0.41145979550000006,0.7388494583333333,0.30124979,6
2023-08-10,GOOGL,0.19255343867,0.29621500479999996,0.5112315365,0.847120211,-0.10366156689999999,10
2023-08-11,GOOGL,0.44977570576923076,0.04759131646153846,0.5026329935384616,0.7628588076923077,0.4021843841538461,13
2023-08-12,GOOGL,0.19507364633333332,0.1409769847777778,0.6639493839999999,0.7870702233333334,0.05409666311111113,9
2023-08-13,GOOGL,0.2771772664,0.1061374812,0.616685256,0.800555046,0.17103978207999998,5
2023-08-14,GOOGL,0.32919416933333334,0.16390664916666667,0.5068991875000001,0.7975524716666667,0.16528751666666666,6
2023-08-15,GOOGL,0.39637736292307696,0.16607255746923075,0.43755009330769223,0.8372690223076924,0.23030479915384616,13
2023-08-16,GOOGL,0.37736079441666665,0.08747657029166667,0.5351626474166666,0.7761661366666667,0.28988422471666664,12
2023-08-17,GOOGL,0.26906826455555555,0.2608896292777778,0.4700421051111111,0.7666963288888888,0.008178637111111109,9
2023-08-18,GOOGL,0.23480760744444445,0.415561152,0.34963123777777777,0.85925377,-0.18075354655555553,9
2023-08-19,GOOGL,0.5646863584999999,0.010028889,0.425284765,0.750200165,0.55465746625,4
2023-08-20,GOOGL,0.36681484999999997,0.08503184766666666,0.548153282,0.8073245333333334,0.28178299333333334,3
2023-08-21,GOOGL,0.4166149395,0.08620534422500001,0.49717972125,0.75571056625,0.33040958625,8
2023-08-22,GOOGL,0.34797344340625,0.22084571986249998,0.43118082225,0.79067083625,0.1271277183125,16
2023-08-23,GOOGL,0.2907891319375,0.099025082875,0.610185795375,0.800788015625,0.1917640480625,16
2023-08-24,GOOGL,0.4909412928333334,0.16948068091666665,0.3395780262777778,0.8492370316666666,0.3214606059444444,18
2023-08-25,GOOGL,0.24042815700000003,0.19316365480000003,0.56640822,0.708786172,0.047264497399999994,5
2023-08-26,GOOGL,0.09229960400000001,0.213134467,0.6945659426,0.8475707,-0.1208348696,5
2023-08-27,GOOGL,0.18541355,0.06793397875,0.746652485,0.746652485,0.11747957249999999,2
2023-08-28,GOOGL,0.2302175935,0.20005530855,0.5697271083000001,0.8780568219999999,0.030162282100000003,10
2023-08-29,GOOGL,0.5029219832083333,0.1489077190875,0.348170296875,0.8024969204166666,0.35401426045833334,24
2023-08-30,GOOGL,0.4478030155555556,0.0606251716,0.49157181533333333,0.7467452866666666,0.38717784611111106,9
2023-08-31,GOOGL,0.3538727262941177,0.13470698201764705,0.5114202906470587,0.7861447005882354,0.2191657442352941,17
2023-09-01,GOOGL,0.366110033875,0.11035562084375,0.5235343585,0.799656868125,0.255754403875,16
2023-09-02,GOOGL,0.3772973075,0.06549718825,0.5572055,0.76874831,0.31180012425000003,4
2023-09-03,GOOGL,0.3667100466666667,0.191163902,0.4421260866666666,0.6782606466666666,0.17554613666666666,3
2023-09-04,GOOGL,0.111998407,0.02966010975,0.858341485,0.858341485,0.08233829625,4
2023-09-05,GOOGL,0.36060628283333335,0.0689131505,0.5704805505,0.8683583466666667,0.2916931286166667,6
2023-09-06,GOOGL,0.2592235613636364,0.2436882240909091,0.4970882236363636,0.7324169754545454,0.015535336363636371,11
2023-09-07,GOOGL,0.1948272046875,0.25414918475,0.55102360275,0.788987216875,-0.059321982437500004,16
2023-09-08,GOOGL,0.2529506124615385,0.10200470096153845,0.6450446984615384,0.83587985,0.1509459125,13
2023-09-09,GOOGL,0.10885957371428572,0.16375101071428572,0.7273894057142858,0.7583777328571429,-0.05489143428571429,7
2023-09-10,GOOGL,0.3367755968,0.07386267360000001,0.5893617726,0.776060612,0.2629129172,5
2023-09-11,GOOGL,0.333015848,0.19783332715384613,0.46915080453846153,0.7278004838461538,0.13518252692307692,13
2023-09-12,GOOGL,0.22855557776923077,0.18840828515384617,0.5830361238461539,0.8051738453846153,0.040147295384615374,13
2023-09-13,GOOGL,0.1991081788117647,0.25932066458823533,0.541571137235294,0.7910017911764706,-0.060212480588235306,17
2023-09-14,GOOGL,0.20903573821428573,0.16360597510714284,0.6273582910714286,0.8443381714285714,0.045429764357142854,14
2023-09-15,GOOGL,0.328063254375,0.2621394104375,0.409797351375,0.8038549225,0.06592383775,8
2023-09-16,GOOGL,0.1265953872857143,0.02305835242857143,0.8503462857142857,0.8503462857142857,0.10353703228571429,7
2023-09-17,GOOGL,0.203786481,0.014729820199999999,0.781483672,0.781483672,0.1890566672,5
2023-09-18,GOOGL,0.22502791244444445,0.2184582748888889,0.5565138108888888,0.8746527155555556,0.00656963371111109,9
2023-09-19,GOOGL,0.37807719475,0.16841851615,0.4535043074375,0.87093337625,0.2096586770625,16
2023-09-20,GOOGL,0.3186679517142857,0.09339803424285713,0.5879339953571429,0.8277059014285715,0.2252699155,14
2023-09-21,GOOGL,0.24180785587692308,0.26359428297692306,0.4945978632307692,0.8179990423076924,-0.021786423230769222,13
2023-09-22,GOOGL,0.41044876507692307,0.28367269915384613,0.3058785314615384,0.8700027392307692,0.12677606346153844,13
2023-09-23,GOOGL,0.3800833943333333,0.06643261933333333,0.55348398,0.7381630333333332,0.313650786,3
2023-09-24,GOOGL,0.19556624114285714,0.1441729967857143,0.6602607514285715,0.8757853257142857,0.051393248,7
2023-09-25,GOOGL,0.33071981891666663,0.18283658916666667,0.4864436106666667,0.8172817008333334,0.14788323266666667,12
2023-09-26,GOOGL,0.4823163817333333,0.258496854,0.25918678566666664,0.8219131373333333,0.22381952466666666,15
2023-09-27,GOOGL,0.21899610270555556,0.4087919432777778,0.3722119395,0.8708393755555556,-0.18979583437777778,18
2023-09-28,GOOGL,0.2811561618333333,0.1588646685,0.55997914775,0.7545399549999999,0.12229149841666666,12
2023-09-29,GOOGL,0.30665312365999997,0.17069740956999999,0.5226494456,0.7786350759999999,0.1359557154,10
2023-09-30,GOOGL,0.060378112000000005,0.0960569138,0.843564976,0.843564976,-0.03567880397999999,5
2023-10-01,GOOGL,0.372379403,0.1892471746,0.43837338600000003,0.787125258,0.18313221500000001,5
2023-10-02,GOOGL,0.311090495,0.19561452035714286,0.4932949825714286,0.8091072928571429,0.11547597307142857,14
2023-10-03,GOOGL,0.3788461165277778,0.2762554375,0.34489842894444445,0.9024045922222224,0.10259067812777777,18
2023-10-04,GOOGL,0.3528849749411765,0.14325089964705884,0.5038641222941176,0.8066385317647059,0.20963407652941177,17
2023-10-05,GOOGL,0.23354474904,0.40347533516,0.3629799345,0.8478749390000001,-0.169930575,10
2023-10-06,GOOGL,0.31702647472727274,0.19389405609090907,0.489079477,0.7979744454545454,0.12313242159090909,11
2023-10-07,GOOGL,0.1358094485,0.4061327338333333,0.4580578158333333,0.7543596250000001,-0.27032328217545,6
2023-10-08,GOOGL,0.19092187733333332,0.045561459666666665,0.7635166666666667,0.7635166666666667,0.145360416,3
2023-10-09,GOOGL,0.39095929991666667,0.20621348112500001,0.402827223,0.7974784941666666,0.18474581583333335,12
2023-10-10,GOOGL,0.3815281685882353,0.18188589847058823,0.4365859482941176,0.7823087164705882,0.19964227008235294,17
2023-10-11,GOOGL,0.2811848234666667,0.13601488236666667,0.5828002883333333,0.7511152873333333,0.14516993704666667,15
2023-10-12,GOOGL,0.5819094161111111,0.07807016327777777,0.3400203922222222,0.8407144488888889,0.5038392581111111,9
2023-10-13,GOOGL,0.32746814138095237,0.24202443585714284,0.43050743704761907,0.8718756861904763,0.08544370504761904,21
2023-10-14,GOOGL,0.086516774,0.09140335249999999,0.8220798475,0.8220798475,-0.004886579500000005,4
2023-10-15,GOOGL,0.18326673257142856,0.14945816757142857,0.6672751007142858,0.7819772585714285,0.03380856728571428,7
2023-10-16,GOOGL,0.4431083782363636,0.10742969772727275,0.4494619369090909,0.823140360909091,0.3356786822727273,11
2023-10-17,GOOGL,0.38999608750000003,0.16955455656500001,0.44044934529999996,0.812720017,0.22044153078,20
2023-10-18,GOOGL,0.33611972117692307,0.2113075005,0.4525727748461538,0.8067184861538461,0.12481222134615384,13
2023-10-19,GOOGL,0.4212053120909091,0.117171122,0.46162359145454546,0.8218425663636364,0.3040341913636364,11
2023-10-20,GOOGL,0.3758374434681819,0.25068620213636367,0.37347635399999995,0.8864576204545455,0.1251512391,22
2023-10-21,GOOGL,0.1403853456,0.4954329242,0.36418171239999997,0.717681808,-0.35504756400000004,5
2023-10-22,GOOGL,0.33151649499999997,0.0126587652,0.6558247180000001,0.814292332,0.318857722,5
2023-10-23,GOOGL,0.32481698914285717,0.2826081830357143,0.392574823,0.8656938728571429,0.042208801878571435,28
2023-10-24,GOOGL,0.42294046978,0.16739829892,0.40966124047999997,0.8546937608,0.2555421670912,25
2023-10-25,GOOGL,0.2711268251742857,0.5105100041999999,0.21836317085714285,0.8596237202857142,-0.23938318102857145,35
2023-10-26,GOOGL,0.3446719496,0.46139351181,0.193934531475,0.834985212,-0.1167215624,20
2023-10-27,GOOGL,0.18327200684782607,0.337444615826087,0.47928336976086955,0.8461870195652174,-0.1541726098695652,23
2023-10-28,GOOGL,0.10496196783333334,0.47308349699999996,0.42195451391666666,0.8509017216666667,-0.3681215185833333,12
2023-10-29,GOOGL,0.33674651,0.06841374725,0.5948397383333334,0.7520352416666668,0.26833276,6
2023-10-30,GOOGL,0.3628007791176471,0.24431750352941178,0.3928817023529412,0.8241665464705883,0.11848327835294116,17
2023-10-31,GOOGL,0.4277516271,0.1996408577,0.3726075089,0.753891835,0.228110758,10
2023-11-01,GOOGL,0.2755740936,0.27285363220000003,0.45157225273333335,0.7859911913333334,0.0027204620666666586,15
2023-11-02,GOOGL,0.25657164908333335,0.29365440991666664,0.44977392875,0.847667125,-0.03708276373333333,12
2023-11-03,GOOGL,0.24776577377777778,0.4276419291111111,0.3245923001111111,0.8787122688888889,-0.1798761666666667,9
2023-11-04,GOOGL,0.25051393266666666,0.25501803300000003,0.49446806222222217,0.7320083833333333,-0.004504097616666665,9
2023-11-05,GOOGL,0.201605574,0.0370804503,0.761313962,0.8509243420000001,0.1645251254,5
2023-11-06,GOOGL,0.212563323,0.0629401957142857,0.7244964778571428,0.7649266514285714,0.14962312709285713,14
2023-11-07,GOOGL,0.5413252188000001,0.19225847489999998,0.26641628559999997,0.8796456600000001,0.34906673359999996,5
2023-11-08,GOOGL,0.4200405557142857,0.13363548914285714,0.4463239371428571,0.8043743685714286,0.2864050681428571,7
2023-11-09,GOOGL,0.314656060625,0.11560490625,0.569739005,0.7488461325,0.199051149375,8
2023-11-10,GOOGL,0.36841852750000004,0.12473014575000001,0.5068513175,0.7973844075,0.24368837799999998,4
2023-11-11,GOOGL,0.069734246,0.019386292,0.9108795,0.9108795,0.050347954,1
2023-11-12,GOOGL,0.07979542233333334,0.166310498,0.7538941333333332,0.7538941333333332,-0.08651507400000001,3
2023-11-13,GOOGL,0.457647886,0.1281704321,0.4141816908,0.821554152,0.32947745146999996,10
2023-11-14,GOOGL,0.44716439474999997,0.26561341970833335,0.2872222096666667,0.8541152916666667,0.18155098595,12
2023-11-15,GOOGL,0.22124826679999998,0.2169051397,0.56184658,0.813554616,0.004343133199999993,10
2023-11-16,GOOGL,0.5391619127,0.11800367650000002,0.34283440330000003,0.823676348,0.421158238,10
2023-11-17,GOOGL,0.21748158599999998,0.019018103,0.7635003300000001,0.7635003300000001,0.1984634832,5
2023-11-18,GOOGL,0.233427812,0.0273013481,0.7392708860000001,0.8575033620000001,0.206126464,5
2023-11-19,GOOGL,0.27423186480000006,0.2731889864,0.45257915540000004,0.758221406,0.001042874199999977,5
2023-11-20,GOOGL,0.281520702,0.04735612128571428,0.6711231442857143,0.7544473128571428,0.23416458155714284,7
2023-11-21,GOOGL,0.44388444992857146,0.07448698375,0.48162857242857143,0.8115468242857142,0.36939746785714284,14
2023-11-22,GOOGL,0.3271529648181818,0.11628468718181818,0.5565623589090909,0.8299092763636363,0.210868276,11
2023-11-23,GOOGL,0.51954453,0.0129068298125,0.4675486525,0.7646722125000001,0.50663770375,8
2023-11-24,GOOGL,0.449328449125,0.026853511062500002,0.5238180525,0.78878491625,0.42247492925,8
2023-11-25,GOOGL,0.207026775,0.01242950825,0.7805437500000001,0.7805437500000001,0.194597265,2
2023-11-26,GOOGL,0.3545369,0.0206708045,0.62479227,0.62479227,0.333866095,2
2023-11-27,GOOGL,0.3052035531111111,0.10839043166666668,0.5864059957777779,0.82534397,0.19681313006666665,9
2023-11-28,GOOGL,0.2671299165714286,0.2749229575714286,0.4579471292857143,0.8182373557142857,-0.007793038799999993,7
2023-11-29,GOOGL,0.3388631099090909,0.3108382357727273,0.3502986190909091,0.7622544081818181,0.02802488,11
2023-11-30,GOOGL,0.39266817746666666,0.17981549972666666,0.42751630786666667,0.8101616086666666,0.2128526848,15
2023-12-01,GOOGL,0.5016784763076922,0.14898742311538463,0.3493340996153846,0.848806936923077,0.35269104900000003,13
2023-12-02,GOOGL,0.25113366057142855,0.027004877357142857,0.7218614528571429,0.7338069571428572,0.22412878042857143,7
2023-12-03,GOOGL,0.400622543,0.2476957575,0.351681741,0.84626589,0.152926791,4
2023-12-04,GOOGL,0.31421739035714286,0.10508127957142857,0.5807013252142857,0.8789627378571429,0.20913610792857143,14
2023-12-05,GOOGL,0.5065092588,0.0181041287,0.47538661720000003,0.916462121,0.4884051188,10
2023-12-06,GOOGL,0.3748942013125,0.07029343859375001,0.55481233525,0.8444878925,0.30460076541875,16
2023-12-07,GOOGL,0.41540010991304344,0.17178102562608696,0.41281886773913046,0.7323285239130435,0.24361908818695652,23
2023-12-08,GOOGL,0.36250724500000003,0.22024104707142858,0.41725171135714284,0.7225002014285715,0.14226619007142854,14
2023-12-09,GOOGL,0.198031361,0.093691778125,0.7082768375,0.7579470475,0.10433958375,8
2023-12-10,GOOGL,0.2547850835,0.072012691,0.673202235,0.70838833,0.1827723925,4
2023-12-11,GOOGL,0.27379725911538466,0.33195573715384613,0.39424699123076923,0.8227234215384616,-0.05815847843615384,13
2023-12-12,GOOGL,0.24190700824999997,0.2896516494285714,0.4684413510714286,0.8275540557142858,-0.04774463978571429,14
2023-12-13,GOOGL,0.5242771597142857,0.08397258987619048,0.3917502631904762,0.7879854495238096,0.44030457333333334,21
2023-12-14,GOOGL,0.45822161557142854,0.1318494462857143,0.4099289335,0.7443632935714286,0.32637217028571425,14
2023-12-15,GOOGL,0.3493196732666667,0.07528632576666668,0.5753940031333333,0.7625726706666666,0.2740333465333333,15
2023-12-16,GOOGL,0.27651638528571426,0.15503341585714286,0.5684501791428571,0.8693359057142857,0.12148296828571427,7
2023-12-17,GOOGL,0.31588206,0.0120342625,0.672083675,0.6986171,0.3038478,2
2023-12-18,GOOGL,0.43725845124999996,0.14222440708333334,0.42051712025,0.8024040833333334,0.29503404466666666,12
2023-12-19,GOOGL,0.4764326738,0.1348702161,0.3886971081333333,0.8579874593333333,0.3415624588,15
2023-12-20,GOOGL,0.47203980924444444,0.17327584119444445,0.3546843608888889,0.8550200761111112,0.2987639591055556,18
2023-12-21,GOOGL,0.4294052625454546,0.03481362718181818,0.5357810927272727,0.7655622090909091,0.394591631,11
2023-12-22,GOOGL,0.4579308884666667,0.021480006766666667,0.5205891153333333,0.8608385973333333,0.43645087905333335,15
2023-12-23,GOOGL,0.24514122027777777,0.2071868258888889,0.5476719602222223,0.8110541033333333,0.03795439055555555,9
2023-12-24,GOOGL,0.40607467399999997,0.17171950100000002,0.42220583200000006,0.799295606,0.23435517939999997,5
2023-12-25,GOOGL,0.174035681,0.015254964166666668,0.8107094066666667,0.8107094066666667,0.15878071,3
2023-12-26,GOOGL,0.506201457875,0.02507809146875,0.4687204490625,0.79095890875,0.4811233595,16
2023-12-27,GOOGL,0.33377246613333333,0.14174571736666666,0.5244818412,0.868452544,0.19202674403333334,15
2023-12-28,GOOGL,0.33356219666666664,0.1341762702333333,0.5322615352000001,0.8167171599999999,0.1993859312126667,15
2023-12-29,GOOGL,0.44254190992307696,0.1634006467307692,0.3940574378461538,0.8081422438461539,0.27914126184615384,13
2023-12-30,GOOGL,0.16422865453846153,0.21952629623076922,0.616245048923077,0.7883867992307692,-0.05529763907692308,13
2023-12-31,GOOGL,0.3335108205533333,0.21129290942,0.45519626133333335,0.8117949866666667,0.12221791086666668,15
2024-01-01,GOOGL,0.39655752085714285,0.10510871592857142,0.49833375,0.7516714385714286,0.2914488071428571,7
2024-01-02,GOOGL,0.3019027284,0.20411621246666664,0.4939810542,0.7861951386666667,0.09778651499999999,15
2024-01-03,GOOGL,0.4180569355714286,0.14826367292857143,0.43367939528571425,0.8522185242857143,0.26979326207142856,14
2024-01-04,GOOGL,0.4274087003636364,0.1288049741818182,0.4437863294545455,0.7549389690909091,0.29860373272727275,11
2024-01-05,GOOGL,0.47932602144,0.13042763514,0.39024633568,0.774511312,0.348898389364,25
2024-01-06,GOOGL,0.3392791495714285,0.248321075,0.4123997605714286,0.7755117928571428,0.09095807099999999,7
2024-01-07,GOOGL,0.2703360225,0.05566937325,0.6739945725,0.768985305,0.21466665325,4
2024-01-08,GOOGL,0.2715088492,0.1097471703,0.618743989,0.784355477,0.16176168100000002,10
2024-01-09,GOOGL,0.600512524375,0.043132226156249995,0.3563552400625,0.796991100625,0.5573802919999999,16
2024-01-10,GOOGL,0.39152462818181816,0.01666972322727273,0.5918056518181818,0.7394509663636364,0.3748549038181819,11
2024-01-11,GOOGL,0.3831857061538461,0.13537678773846154,0.48143750346153846,0.7874018315384615,0.24780891423076923,13
2024-01-12,GOOGL,0.49651849433333334,0.04588626995833334,0.4575952376666667,0.7335125683333333,0.45063221875000004,12
2024-01-13,GOOGL,0.3839604661,0.0490095493,0.567029988,0.770960975,0.334950921,10
2024-01-14,GOOGL,0.373366601875,0.0388056966875,0.587827695,0.676333445,0.33456090875,8
2024-01-15,GOOGL,0.4447125894444445,0.024515221344444442,0.5307721977777777,0.8625256155555555,0.42019737011111113,9
2024-01-16,GOOGL,0.2830399821111111,0.2824247102222222,0.43453529644444444,0.7269445099999999,0.000615280333333326,9
2024-01-17,GOOGL,0.47342810858333334,0.16227960658333332,0.36429226975,0.807683955,0.31114849591666666,12
2024-01-18,GOOGL,0.3783341635,0.173595246875,0.448070605,0.83456730625,0.20473891555,8
2024-01-19,GOOGL,0.6636705713235295,0.20629191245882353,0.1300375135882353,0.8758581870588236,0.4573786577058824,17
2024-01-20,GOOGL,0.2619501558333333,0.14234572175,0.5957041108333333,0.7227895758333333,0.11960442958333334,12
2024-01-21,GOOGL,0.3492461803333333,0.23310967916666667,0.4176441448333333,0.8397477416666667,0.11613650133333335,6
2024-01-22,GOOGL,0.2677774718125,0.2174328998125,0.51478963525,0.833262405625,0.050344571687500006,16
2024-01-23,GOOGL,0.5227749138888889,0.04760992533333333,0.4296151386666667,0.8824311877777777,0.47516498944444446,9
2024-01-24,GOOGL,0.5414146595214285,0.15372894452857144,0.30485639407142856,0.9130031864285714,0.38768570771428573,14
2024-01-25,GOOGL,0.5146539996666667,0.08383772066666667,0.4015082962222223,0.8409044616666667,0.4308162787777778,18
2024-01-26,GOOGL,0.50878772284375,0.19455176790624998,0.296660504875,0.838912338125,0.3142359635625,16
2024-01-27,GOOGL,0.281796361,0.015698798416666666,0.7025048266666666,0.768223785,0.26609756366666665,6
2024-01-28,GOOGL,0.033489864,0.025704348,0.94080585,0.94080585,0.007785516,1
2024-01-29,GOOGL,0.4080023686060606,0.2034109008818182,0.3885867234545454,0.8107691490909091,0.20459146761212121,33
2024-01-30,GOOGL,0.3142331385217391,0.2856887366521739,0.4000781187826087,0.8476308504347826,0.028544400043478257,23
2024-01-31,GOOGL,0.25286685904545453,0.4755856465590909,0.27154750375,0.8486039322727272,-0.22271878767499997,44
2024-02-01,GOOGL,0.2299839440652174,0.37159715995652176,0.39841890052173917,0.7970005547826087,-0.14161321682608696,23
2024-02-02,GOOGL,0.42635236511764707,0.18187960570588235,0.39176800900000003,0.8278958011764705,0.24447276617058822,17
2024-02-03,GOOGL,0.2221939425882353,0.246462986,0.5313430887647059,0.8415173,-0.024269038911764698,17
2024-02-04,GOOGL,0.202276990875,0.263084494875,0.5346384975,0.8835918075,-0.06080750849999999,8
2024-02-05,GOOGL,0.35636496453333333,0.13948678413333332,0.5041482539333333,0.7829815953333333,0.21687818118866667,15
2024-02-06,GOOGL,0.21771655644444443,0.30821893543333334,0.47406450311111104,0.87069664,-0.09050238255555557,18
2024-02-07,GOOGL,0.47047292318181816,0.19399076236363638,0.3355363259090909,0.8303885445454546,0.27648215490909095,11
2024-02-08,GOOGL,0.3726468088,0.2446867498666667,0.38266644040000003,0.802259654,0.12796005446666667,15
2024-02-09,GOOGL,0.24830174921428574,0.3062615700714285,0.44543668435714284,0.8309928828571429,-0.05795981735714286,14
2024-02-10,GOOGL,0.360611497,0.13628231135714283,0.5031061755714286,0.7640735550000001,0.22432919510714286,14
2024-02-11,GOOGL,0.16006562333333332,0.012838284666666666,0.8270960916666666,0.8270960916666666,0.14722733766666665,6
2024-02-12,GOOGL,0.3718160849285714,0.16708791414285715,0.46109599742857144,0.7752254992857143,0.20472817457142858,14
2024-02-13,GOOGL,0.3143067669090909,0.12770024915454548,0.5579930067272727,0.8587820181818181,0.1866065151818182,11
2024-02-14,GOOGL,0.33294857176923076,0.28136450773076926,0.38568691184615383,0.8769143007692308,0.05158406915384617,13
2024-02-15,GOOGL,0.28272927093333333,0.23770457293333333,0.4795661689333333,0.8406191613333333,0.04502470360400001,15
2024-02-16,GOOGL,0.3427782638571429,0.1347519200357143,0.5224697982857143,0.837522725,0.20802634592857142,14
2024-02-17,GOOGL,0.18003675588888887,0.29390009011111107,0.5260631536666667,0.7890069822222222,-0.11386332844444443,9
2024-02-18,GOOGL,0.38573914175,0.144187605875,0.470073219375,0.86730833375,0.241551528375,8
2024-02-19,GOOGL,0.5113706866666666,0.023717538450000002,0.4649117916666667,0.7849270533333333,0.48765315005000004,6
2024-02-20,GOOGL,0.24770865008333334,0.22797715945833333,0.5243141765833333,0.795934845,0.019731485083333333,12
2024-02-21,GOOGL,0.2705416535833333,0.1813704591666667,0.5480878860833333,0.7217338266666666,0.08917120499999999,12
2024-02-22,GOOGL,0.21512963764285714,0.30987089330714285,0.4749994697142857,0.8047737899999999,-0.09474125347142857,14
2024-02-23,GOOGL,0.4490295695222222,0.12686955988888887,0.4241008727777778,0.8040447722222223,0.32216000544444445,9
2024-02-24,GOOGL,0.4020814683333333,0.194696423,0.4032221172,0.7635096933333333,0.20738504826666665,15
2024-02-25,GOOGL,0.37598797766666664,0.32964429766666664,0.29436777,0.8945876333333334,0.04634366999999998,3
2024-02-26,GOOGL,0.3531957468,0.2596134474,0.38719081876666667,0.8220981053333334,0.09358229693333332,15
2024-02-27,GOOGL,0.3699956082083333,0.16203751585,0.46796686091666667,0.7687180941666667,0.20795810375,12
2024-02-28,GOOGL,0.4054326305,0.16322100602777778,0.4313463488888889,0.7728942177777778,0.24221161758333334,18
2024-02-29,GOOGL,0.3873506684,0.24086592986666666,0.37178339353333334,0.748134328,0.1464847437333333,15
2024-03-01,GOOGL,0.4150464561333333,0.093923021,0.49103051086666666,0.830203082,0.32112343439999996,15
2024-03-02,GOOGL,0.285572475875,0.171039799,0.54338772375,0.7633916675,0.11453267674999999,8
2024-03-03,GOOGL,0.24526872600000002,0.18273285440000003,0.571998378,0.892400916,0.06253588799999998,5
2024-03-04,GOOGL,0.38751793164705883,0.1889886733529412,0.423493415,0.7654347135294117,0.19852925289411763,17
2024-03-05,GOOGL,0.41466791147058824,0.1801675055882353,0.4051645905882353,0.7311750094117647,0.2345004054117647,17
2024-03-06,GOOGL,0.36478393647058827,0.16735642168235293,0.46785965870588236,0.738270384117647,0.19742752447058826,17
2024-03-07,GOOGL,0.3012728358571429,0.27786739071428573,0.42085975228571426,0.8650771035714285,0.023405441285714274,14
2024-03-08,GOOGL,0.366819894375,0.3210248781875,0.31215522,0.7808904325,0.04579500837500001,8
2024-03-09,GOOGL,0.42531925099999995,0.1402438354285714,0.43443691428571424,0.8761884928571428,0.28507541285714283,7
2024-03-10,GOOGL,0.3325850972,0.1400332866,0.527381604,0.788450614,0.1925518028,5
2024-03-11,GOOGL,0.31814193525,0.18576627975,0.49609179049999996,0.7523014466666668,0.13237565041666666,12
2024-03-12,GOOGL,0.442711142125,0.17349474058333333,0.38379410233333333,0.818036565,0.269216398,12
2024-03-13,GOOGL,0.41808965390476194,0.10335259866666666,0.4785577474761905,0.762317041904762,0.31473705985714284,21
2024-03-14,GOOGL,0.23496166926666667,0.21199910246666667,0.5530392283333333,0.736661508,0.022962568933333333,15
2024-03-15,GOOGL,0.14670369889999998,0.523090847,0.3302054367,0.788251027,-0.37638714193,10
2024-03-16,GOOGL,0.41543021785714285,0.07407120407142857,0.5104985965714286,0.6761482171428571,0.3413590171428571,7
2024-03-17,GOOGL,0.2359753642857143,0.02793110342857143,0.7360935342857143,0.8101881114285714,0.20804426324285716,7
2024-03-18,GOOGL,0.5412601127619048,0.126785021,0.3319548552857143,0.7727405633333333,0.41447509166666674,21
2024-03-19,GOOGL,0.37102146770454547,0.25509210727272724,0.3738864118636363,0.8029358545454546,0.11592935590909091,22
2024-03-20,GOOGL,0.32916784879411765,0.24141816849411762,0.4294139897058824,0.7683877864705883,0.08774968424117648,17
2024-03-21,GOOGL,0.44404958927272725,0.09528142351363637,0.4606689869545455,0.7840418895454545,0.3487681614772727,22
2024-03-22,GOOGL,0.23255331509090912,0.19764933145454544,0.5697973851818182,0.8269061290909092,0.03490398487272727,11
2024-03-23,GOOGL,0.1348988492,0.18057744699999997,0.6845237128,0.831829792,-0.0456785956,5
2024-03-24,GOOGL,0.22862712675,0.13135607575,0.6400168075,0.83232464625,0.0972710455875,8
2024-03-25,GOOGL,0.33547536276470585,0.24781326261764705,0.41671138488235293,0.7697298523529411,0.087662098,17
2024-03-26,GOOGL,0.474369042875,0.0263724437,0.499258503625,0.803269450625,0.44799660462499996,16
2024-03-27,GOOGL,0.4264768408785714,0.13704556214285715,0.43647760392857143,0.7645723521428571,0.2894312807142857,14
2024-03-28,GOOGL,0.417718272,0.055213302461538466,0.5270684203076923,0.7445890692307693,0.3625049773846154,13
2024-03-29,GOOGL,0.1516986475,0.21016840125,0.6381329725,0.720338395,-0.0584697495,4
2024-03-30,GOOGL,0.331235723,0.014950224333333333,0.6538140495,0.8085873016666666,0.3162855,6
2024-03-31,GOOGL,0.12748576485714286,0.14591299214285716,0.7266012485714286,0.7414855857142858,-0.018427222285714282,7
2024-04-01,GOOGL,0.229812345,0.109364974675,0.660822639125,0.83235427875,0.1204473675,8
2024-04-02,GOOGL,0.3166153678888889,0.17206975141666667,0.5113148730555556,0.7394435122222222,0.14454561744444444,18
2024-04-03,GOOGL,0.44739919399999994,0.07677331640909091,0.47582749072727276,0.7466598909090909,0.37062588372727273,11
2024-04-04,GOOGL,0.3688533393333333,0.07844589555555555,0.5527007572222222,0.7640761111111112,0.2904074455444444,9
2024-04-05,GOOGL,0.3758266577272727,0.13283720336363636,0.49133615127272723,0.8659579281818182,0.24298944463636366,11
2024-04-06,GOOGL,0.40315203375,0.24425874,0.35258921925,0.822071085,0.15889328249999998,4
2024-04-07,GOOGL,0.25546040166666667,0.024930482666666667,0.7196090983333333,0.856895155,0.2305299181,6
2024-04-08,GOOGL,0.33404562000000004,0.1893430046,0.476611383,0.872990326,0.1447026032,10
2024-04-09,GOOGL,0.5543335464166667,0.13609182329166666,0.3095746246666667,0.7676274041666667,0.41824173166666667,12
2024-04-10,GOOGL,0.3935966350952381,0.09477314619047619,0.5116302237619047,0.8567987747619047,0.2988234905557143,21
2024-04-11,GOOGL,0.5724255910769231,0.0242421321,0.40333228246153846,0.7913282376923078,0.5481834706692308,13
2024-04-12,GOOGL,0.28811727316666663,0.2423768775,0.4695058486666666,0.7995259899999999,0.045740395666666656,6
2024-04-13,GOOGL,0.09204057325000001,0.014690573249999998,0.893268825,0.893268825,0.07735,4
2024-04-14,GOOGL,0.14966226866666668,0.06617825433333334,0.7841594666666666,0.7841594666666666,0.08348401066666666,3
2024-04-15,GOOGL,0.4164004870833333,0.23008809497500002,0.3535114184166666,0.8025226166666667,0.18631240316666667,12
2024-04-16,GOOGL,0.42334881625,0.11383191878571429,0.462819268,0.7921711335714285,0.30951690257142855,14
2024-04-17,GOOGL,0.33356722392857147,0.1241433165,0.5422894557857143,0.8577442928571429,0.20942390832142857,14
2024-04-18,GOOGL,0.2810674753125,0.10005936334375,0.6188731625,0.825035600625,0.1810081140625,16
2024-04-19,GOOGL,0.27345446241666665,0.218306162,0.5082393936666666,0.8330362808333334,0.05514830258333334,12
2024-04-20,GOOGL,0.39450046575,0.232724203,0.37277538499999996,0.7789635699999999,0.16177626625000002,4
2024-04-21,GOOGL,0.24213858000000002,0.14875577699999998,0.6091056431818181,0.8061100872727273,0.09338279654545456,11
2024-04-22,GOOGL,0.26390855663333335,0.23634146731666666,0.4997499814333333,0.8069724803333334,0.02756708993333334,30
2024-04-23,GOOGL,0.3723126288333333,0.11205875007777778,0.5156286112777777,0.8680501744444444,0.2602538818944444,18
2024-04-24,GOOGL,0.31598011007692306,0.18422450715384614,0.4997953752307692,0.9003796838461539,0.13175561092307692,13
2024-04-25,GOOGL,0.3478123581764706,0.4215031386764706,0.23068452082352942,0.8894679258823529,-0.07369078949999999,17
2024-04-26,GOOGL,0.5489897183913043,0.18895422354347827,0.2620560612173913,0.8014654456521739,0.3600354952173913,23
2024-04-27,GOOGL,0.271690954,0.14235692575,0.5859521275,0.7899144925,0.129334024375,8
2024-04-28,GOOGL,0.297333701,0.052198105625,0.650468170125,0.8661786575,0.24513559525,8
2024-04-29,GOOGL,0.34246606508571426,0.09055267517142856,0.5669812615428571,0.8183380174285714,0.2519133902857143,35
2024-04-30,GOOGL,0.43180064954166664,0.14602956616666665,0.4221697769583333,0.8211570808333333,0.28577107954166664,24
2024-05-01,GOOGL,0.43535860897826084,0.10213041952173914,0.46251096947826087,0.8385746547826087,0.33322818637826085,23
2024-05-02,GOOGL,0.33430344314285715,0.3366378784642857,0.32905868371428576,0.8310666464285715,-0.002334433571428564,14
2024-05-03,GOOGL,0.390401744875,0.0416312904375,0.567966985,0.816642645,0.34877044725,8
2024-05-04,GOOGL,0.49099161425000004,0.013458623,0.49554976,0.79996205,0.477533007425,4
2024-05-05,GOOGL,0.32061539133333333,0.032356187333333335,0.6470284425,0.8435788658333333,0.2882592018333333,12
2024-05-06,GOOGL,0.273620368,0.1265614885,0.5998181521111111,0.7819428766666667,0.14705887501111112,18
2024-05-07,GOOGL,0.29828419100000003,0.23836582792857144,0.4633499819285714,0.9061773328571429,0.05991836762857144,14
2024-05-08,GOOGL,0.6985712435714285,0.01841318295,0.28301556485714285,0.8660979757142856,0.6801580564999999,14
2024-05-09,GOOGL,0.4414051627083333,0.25694633575,0.30164850425,0.8615031483333334,0.18445881949999998,12
2024-05-10,GOOGL,0.3194215632,0.04650117733333334,0.6340772781999999,0.7871604246666667,0.27292039215999997,15
2024-05-11,GOOGL,0.4658650272,0.0496168038,0.48451816699999994,0.77049939,0.4162482314,5
2024-05-12,GOOGL,0.3442164296,0.1991783998,0.45660514760000004,0.82794214,0.14503802119999998,5
2024-05-13,GOOGL,0.3833369999,0.02987004585,0.586792974,0.810631993,0.3534669616,10
2024-05-14,GOOGL,0.4717906515,0.026364545316666668,0.5018447958333333,0.7717534055555555,0.44542610122222226,18
2024-05-15,GOOGL,0.46649405684615386,0.1473855261923077,0.38612038315384617,0.8017585853846154,0.31910853307692305,13
2024-05-16,GOOGL,0.4149592866875,0.0498072423125,0.5352334995,0.83734068625,0.36515203241875,16
2024-05-17,GOOGL,0.45646784376470584,0.018843283129411765,0.5246888581176471,0.8741709088235294,0.4376245582352941,17
2024-05-18,GOOGL,0.3174240416,0.09536232759999999,0.587213632,0.74175585,0.22206170279999998,5
2024-05-19,GOOGL,0.36119047683333333,0.02145879504166667,0.617350729,0.8210239083333333,0.3397316848333333,12
2024-05-20,GOOGL,0.36960193425,0.1301676049375,0.500230468,0.8300933,0.239434329625,8
2024-05-21,GOOGL,0.444034451,0.1124236517,0.44354189546666667,0.8281036566666666,0.3316108010666667,15
2024-05-22,GOOGL,0.5360206623125,0.01268586953125,0.45129346943750004,0.826737816875,0.52333478825,16
2024-05-23,GOOGL,0.33825197335294116,0.23323433688235293,0.42851369,0.85864345,0.10501762484705882,17
2024-05-24,GOOGL,0.45985476140000003,0.11203039117,0.42811484320000004,0.7898091469999999,0.3478243752,10
2024-05-25,GOOGL,0.202700585,0.0160441744,0.7812552216666667,0.83800585,0.18665641750000003,6
2024-05-26,GOOGL,0.4970896675,0.03105767775,0.47185264,0.691193375,0.4660319825,4
2024-05-27,GOOGL,0.320865395,0.18776932300000002,0.4913652926,0.840744218,0.133096068,5
2024-05-28,GOOGL,0.5683267886111111,0.027776977805555558,0.4038962421111111,0.8469823333333334,0.5405498140916667,18
2024-05-29,GOOGL,0.28763169499999997,0.042705519937500006,0.66966275775,0.84828148125,0.24492617155,8
2024-05-30,GOOGL,0.45338816112499997,0.18206074359375,0.3645510995,0.744271495625,0.271327410625,16
2024-05-31,GOOGL,0.5176597608571428,0.08199821414285713,0.4003420211428571,0.866369695,0.435661557,14
2024-06-01,GOOGL,0.38069553,0.01593134075,0.60337314,0.7103893125,0.3647641875,4
2024-06-02,GOOGL,0.400326455,0.10619149381666666,0.493482105,0.759447495,0.2941349561666667,6
2024-06-03,GOOGL,0.5040463979375,0.019516722937499998,0.47643688949999996,0.86346048125,0.48452968115,16
2024-06-04,GOOGL,0.4616051408333333,0.14795736058333334,0.390437487,0.8581862283333334,0.31364778285,12
2024-06-05,GOOGL,0.18773489936363633,0.1486734321818182,0.6635916647272727,0.7562711254545454,0.03906146545454547,11
2024-06-06,GOOGL,0.6492735781111111,0.03601018928888889,0.3147162165555556,0.8257560233333333,0.6132633837777778,9
2024-06-07,GOOGL,0.5172451086,0.0666105639,0.41614432593333334,0.823440328,0.45063454853333335,15
2024-06-08,GOOGL,0.24499410666666668,0.018489020166666665,0.7365168666666667,0.7554066933333333,0.2265050856666667,3
2024-06-09,GOOGL,0.03550280733333334,0.29397822833333337,0.6705189366666667,0.90384578,-0.25847540733333335,3
2024-06-10,GOOGL,0.4942625658125,0.0185339993125,0.4872034188125,0.86309420625,0.475728569,16
2024-06-11,GOOGL,0.5055080236956522,0.19925208321739132,0.2952398908695652,0.8200427013043479,0.30625594669565215,23
2024-06-12,GOOGL,0.6378970916666666,0.06612671226666668,0.2959761815333334,0.9001558506666666,0.5717703744933333,15
2024-06-13,GOOGL,0.5193955284285715,0.07510936828571428,0.40549508885714286,0.8514918335714287,0.444286162,14
2024-06-14,GOOGL,0.43625175837499997,0.01687778575,0.546870454,0.857582025,0.419373975875,8
2024-06-15,GOOGL,0.3698376685,0.251154122125,0.3790082375,0.8422091075,0.11868354750000001,4
2024-06-16,GOOGL,0.2888417184,0.0357907056,0.675367578,0.787890816,0.2530510008,5
2024-06-17,GOOGL,0.7028038955,0.08503637787142858,0.21215971935714287,0.8837543928571429,0.6177675257857143,14
2024-06-18,GOOGL,0.49306050136842106,0.10631651652631578,0.40062297736842106,0.8477806215789474,0.3867439800842105,19
2024-06-19,GOOGL,0.69135330575,0.072326878375,0.23631982475,0.842873650625,0.61902643375,16
2024-06-20,GOOGL,0.6669259666923076,0.013626945923076924,0.3194470930769231,0.9002469723076924,0.6532990139461539,13
2024-06-21,GOOGL,0.4767418765454545,0.14669867472727272,0.37655946381818184,0.8140967572727273,0.33004319072727273,11
2024-06-22,GOOGL,0.170372541,0.212894328,0.61673315,0.751866015,-0.04252178750000002,4
2024-06-23,GOOGL,0.4768972533333333,0.0268920545,0.4962107,0.71375967,0.45000518999999994,3
2024-06-24,GOOGL,0.42335914575,0.206664277625,0.36997658375000003,0.7812692825,0.21669486624999998,8
2024-06-25,GOOGL,0.2511430958,0.01641415885,0.732442739,0.9068031810000001,0.2347289388,10
2024-06-26,GOOGL,0.30823426253846153,0.21033030542307693,0.48143542692307695,0.8184399815384615,0.097903953,13
2024-06-27,GOOGL,0.3467949732222222,0.18601289722222222,0.46719212744444444,0.8020150188888889,0.16078207111111112,9
2024-06-28,GOOGL,0.5298287331111111,0.2098276321111111,0.26034360044444443,0.8815988777777778,0.3200011028888889,9
2024-06-29,GOOGL,0.4526279096666667,0.010456633666666666,0.53691544,0.829532055,0.44217127716666665,6
2024-06-30,GOOGL,0.4403490004,0.19297989499999998,0.366671098,0.803880068,0.24736911199999997,5
2024-07-01,GOOGL,0.6083538278,0.06485146743333334,0.3267947178,0.866614186,0.5435023538066666,15
2024-07-02,GOOGL,0.5580727373846154,0.02168715226923077,0.42024011615384615,0.7918060646153846,0.536385584076923,13
2024-07-03,GOOGL,0.5016719454999999,0.09408190489999999,0.40424615760000004,0.8442052173333334,0.40759004013333333,15
2024-07-04,GOOGL,0.7323874018,0.0753413792,0.1922712123,0.8456883550000001,0.657046027,10
2024-07-05,GOOGL,0.5657531902857144,0.11142649955714286,0.32282030500000003,0.7657466564285714,0.45432668785714286,14
2024-07-06,GOOGL,0.49892926285714284,0.19585121614285714,0.3052195452857143,0.8483445314285715,0.3030780534571429,7
2024-07-07,GOOGL,0.55694185,0.01594951236,0.427108626,0.749999082,0.540992346,5
2024-07-08,GOOGL,0.42950213660000003,0.28634410256000004,0.2841537477,0.8194465049999999,0.1431580516,10
2024-07-09,GOOGL,0.4372486738,0.22723134009999998,0.33551998909999997,0.785277529,0.21001733900000003,10
2024-07-10,GOOGL,0.33748062677368423,0.3082343102368421,0.35428504368421054,0.8090242878947368,0.029246323000000005,19
2024-07-11,GOOGL,0.6113460350833334,0.10161574098333333,0.28703822408333335,0.8402581175,0.5097302993333334,12
2024-07-12,GOOGL,0.42858885480000003,0.3132293018333333,0.2581818470666667,0.831781438,0.115359566,15
2024-07-13,GOOGL,0.6671541131666667,0.20221565666666666,0.13063023316666666,0.8975561116666667,0.46493846666666666,6
2024-07-14,GOOGL,0.46391764999999996,0.0153344452,0.520747906,0.844353226,0.448583202,5
2024-07-15,GOOGL,0.5058672732307692,0.2999713470153846,0.1941613743076923,0.8237733907692307,0.20589592538461537,13
2024-07-16,GOOGL,0.5421190425555555,0.22408040633333334,0.23380054333333333,0.8784657855555555,0.3180386313333334,9
2024-07-17,GOOGL,0.5124955694705883,0.18803534070588235,0.29946906705882353,0.8379278076470588,0.3244602221764706,17
2024-07-18,GOOGL,0.5645656,0.0110993505,0.42433508075,0.845098315,0.5534662575,4
2024-07-19,GOOGL,0.44751980008333336,0.09440211854999998,0.4580780916666667,0.8042657225,0.353117682,12
2024-07-20,GOOGL,0.44756375344444443,0.35994194538888885,0.19249431455555555,0.81692824,0.08762180555555557,9
2024-07-21,GOOGL,0.2847715615,0.2199663626153846,0.4952620766153846,0.8675058315384615,0.06480519584615387,13
2024-07-22,GOOGL,0.341678993,0.3546432783235294,0.303677725882353,0.8278556547058824,-0.012964288705882333,17
2024-07-23,GOOGL,0.3384446940571429,0.30030049689428573,0.36125480731428566,0.8168282331428571,0.03814419765142856,35
2024-07-24,GOOGL,0.3352039324,0.4948160261333333,0.16998004046666668,0.8547749210000001,-0.15961209016666666,30
2024-07-25,GOOGL,0.6166508626666667,0.33241061083333334,0.05093847566666667,0.93826192,0.2842402533333333,3
2024-07-26,GOOGL,0.536434338875,0.2025988628375,0.26096679225,0.82850085,0.333835481875,8
2024-07-27,GOOGL,0.069155702,0.058044046666666675,0.87280025,0.87280025,0.011111655000000003,3
2024-07-28,GOOGL,0.2971210321666667,0.37425512183333337,0.3286238441666667,0.8099635799999999,-0.07713408833333335,6
2024-07-29,GOOGL,0.5416077081818181,0.13848481196363635,0.31990749236363636,0.6688638509090908,0.4031228913636364,11
2024-07-30,GOOGL,0.499452175,0.2288992216875,0.271648583875,0.81592692375,0.27055295125,8
2024-07-31,GOOGL,0.24412106169999997,0.36887024464999996,0.38700867240000003,0.6551859139999999,-0.12474918050000001,10
2024-08-01,GOOGL,0.3731371236666667,0.295622484,0.331240367,0.9180193166666667,0.07751462033333334,3
2024-08-02,GOOGL,0.2506715400625,0.374703961125,0.37462449425,0.9001478275,-0.12403241200000001,8
2024-08-03,GOOGL,0.47388417666666666,0.03278986066666667,0.493325998,0.8038917866666666,0.4410943233333333,3
2024-08-04,GOOGL,0.5246714053333333,0.34013923383333333,0.135189359,0.7538045700000001,0.18453218166666666,6
2024-08-05,GOOGL,0.5308061475714286,0.28181591457142857,0.18737794185714288,0.8837911828571429,0.24899020999999996,7
2024-08-06,GOOGL,0.4769460493333333,0.32111038016666665,0.20194356583333337,0.9295570666666667,0.15583566416666664,6
2024-08-07,GOOGL,0.656616435,0.05030136775,0.293082254,0.8616872474999999,0.606315071,4
2024-08-08,GOOGL,0.6171569425,0.24237790495,0.14046515525,0.8428526125,0.374779015,4
2024-08-09,GOOGL,0.3568772465,0.11301850000000001,0.53010428,0.80262023,0.2438587465,2
2024-08-10,GOOGL,0.4219374392,0.1833965776,0.394665994,0.9129431020000001,0.2385408638,5
2024-08-11,GOOGL,0.30045482479999996,0.3410764013,0.35846878540000005,0.754028328,-0.040621571,10
2024-08-12,GOOGL,0.716937785,0.164057407125,0.11900485275,0.812567325,0.55288039,4
2024-08-13,GOOGL,0.4227193327142857,0.08165152192857142,0.49562914542857145,0.7648588628571428,0.3410678101428571,7
2024-08-14,GOOGL,0.21505724933333334,0.20343286733333332,0.5815098946666667,0.7476411511111112,0.011624382222222222,9
2024-08-15,GOOGL,0.2983011086,0.0155100507,0.6861888620000001,0.816825128,0.28279106360000006,5
2024-08-16,GOOGL,0.46044588533333336,0.25308424375,0.2864699016666667,0.8484173133333334,0.2073616408333333,6
2024-08-17,GOOGL,0.32483134666666663,0.19477390400000003,0.48039473400000005,0.6516163566666667,0.13005744666666666,6
2024-08-18,GOOGL,0.4513584992857143,0.23118085217142856,0.3174606465714286,0.8366928485714286,0.2201776537142857,7
2024-08-19,GOOGL,0.2230942225,0.125528579,0.6513771575,0.7617680525,0.097565645,4
2024-08-20,GOOGL,0.46533113219999994,0.1720602869,0.362608574,0.77895096,0.29327084999999997,5
2024-08-21,GOOGL,0.7274481575,0.037055244125,0.23549658625,0.82224273125,0.6903929125,8
2024-08-22,GOOGL,0.564498908,0.0774928955,0.358008159125,0.79871814,0.48700601125,8
2024-08-23,GOOGL,0.511664005,0.1528082119166667,0.33552779,0.7659477333333333,0.35885577500000004,6
2024-08-24,GOOGL,0.310293737,0.488966383,0.20073989099999998,0.7901507750000001,-0.17867263,2
2024-08-25,GOOGL,0.9302678,0.008897577,0.06083463,0.9302678,0.9213702,1
2024-08-26,GOOGL,0.6166204432222222,0.2728223408888889,0.11055723333333334,0.8379113766666667,0.34379811222222223,9
2024-08-27,GOOGL,0.466013011,0.1920084782,0.34197854359999996,0.87923361,0.2740045318,5
2024-08-28,GOOGL,0.46366587675000004,0.2280119333375,0.30832218375,0.822057035,0.2356539425,8
2024-08-29,GOOGL,0.40070528375000003,0.45265541675,0.14663932875,0.7960276900000001,-0.05195013749999999,4
2024-08-30,GOOGL,0.48101894727777783,0.32614702148888886,0.19283403044444444,0.8695768522222223,0.15487192000000002,9
2024-08-31,GOOGL,0.8231065399999999,0.13215339075,0.0447400645,0.8231065399999999,0.6909531575000001,4
2024-09-01,GOOGL,0.43530761433333337,0.331618184,0.23307420566666667,0.8431763966666667,0.10368944666666668,3
2024-09-02,GOOGL,0.34927458433333336,0.06620903808333334,0.5845163883333333,0.82288752,0.2830655455,6
2024-09-03,GOOGL,0.5214669541428572,0.20139350492857142,0.277139529,0.7477254642857142,0.3200734442857143,7
2024-09-04,GOOGL,0.682313264,0.0171179427,0.3005687946,0.8216898779999999,0.665195326,5
2024-09-05,GOOGL,0.22592086783333334,0.5256220129333333,0.24845711733333334,0.7664463733333333,-0.29970115833333333,6
2024-09-06,GOOGL,0.5031281566166667,0.32932173833333334,0.16755007833333332,0.9428536316666666,0.1738064166666667,6
2024-09-07,GOOGL,0.7677161900000001,0.009161235,0.22312261666666666,0.7677161900000001,0.7585549566666666,3
2024-09-08,GOOGL,0.0563004505,0.82690997,0.1167895625,0.82690997,-0.770609495,2
2024-09-09,GOOGL,0.30204980387499997,0.45984399937500003,0.238106197875,0.87177549625,-0.15779420249999998,8
2024-09-10,GOOGL,0.289020950125,0.48853911425,0.22243991375,0.85669582625,-0.19951816625,8
2024-09-11,GOOGL,0.5852190916666666,0.3035589748888889,0.111221915,0.8635642422222223,0.2816601177777778,9
2024-09-12,GOOGL,0.39262721928571426,0.2572335154285714,0.35013926714285715,0.7640206357142857,0.13539369871428572,7
2024-09-13,GOOGL,0.5962623041999999,0.1821089668,0.22162873919999998,0.8883182,0.41415334560000006,10
2024-09-14,GOOGL,0.3659624564,0.3340182385,0.3000193178,0.773609158,0.031944232,5
2024-09-15,GOOGL,0.32194675362499997,0.2686351195,0.40941813375,0.84979505,0.053311648749999996,4
2024-09-16,GOOGL,0.35313662366666665,0.19035203161666667,0.45651134283333333,0.8157708583333333,0.16278460715666665,6
2024-09-17,GOOGL,0.6492650916666667,0.015853218666666665,0.334881687,0.891693385,0.6334118655,6
2024-09-18,GOOGL,0.5008485785714286,0.3134894128571428,0.18566197557142858,0.8437122142857143,0.18735916428571425,7
2024-09-19,GOOGL,0.6891306623333334,0.09364350333333332,0.2172258305,0.8682629825,0.5954871525,12
2024-09-20,GOOGL,0.791463674,0.0117863652,0.1967499722,0.835255386,0.779677292,5
2024-09-21,GOOGL,0.601548625,0.012702532999999998,0.38574880500000003,0.81556573,0.5888460799999999,2
2024-09-22,GOOGL,0.15126845033333333,0.046755207,0.8019763666666666,0.8019763666666666,0.10451324033333333,3
2024-09-23,GOOGL,0.29806628599999996,0.38849852728,0.31343519,0.769057354,-0.09043224419999997,5
2024-09-24,GOOGL,0.7898181628571429,0.010761221357142857,0.19942062085714282,0.7898181628571429,0.7790569357142857,7
2024-09-25,GOOGL,0.45672935966666667,0.14075891693333334,0.4025117233333333,0.8445700483333334,0.315970434,6
2024-09-26,GOOGL,0.57984485075,0.1517571787,0.26839798075,0.79925205,0.428087665875,8
2024-09-27,GOOGL,0.640255424,0.1604479002,0.19929670000000002,0.7482859879999999,0.47980753400000004,5
2024-09-28,GOOGL,0.53253444,0.013451658749999998,0.4540138765,0.8757481525,0.5190827675,4
2024-09-29,GOOGL,0.09885636,0.357025325,0.544118285,0.8241647000000001,-0.2581689505,2
2024-09-30,GOOGL,0.29515171674999996,0.431496872,0.2733514585,0.82554335,-0.13634517249999997,4
2024-10-01,GOOGL,0.75584932,0.013650252000000002,0.23050042450000002,0.75584932,0.74219908,2
2024-10-02,GOOGL,0.5283128262857143,0.11882380628571429,0.35286334114285717,0.7915884414285715,0.4094890228571429,7
2024-10-03,GOOGL,0.47164855325,0.2524062305,0.2759452455,0.7716928425,0.21924231,4
2024-10-04,GOOGL,0.68755852925,0.144331151375,0.168110352,0.8084747050000001,0.5432273775,4
2024-10-05,GOOGL,0.8998196933333333,0.009330011000000001,0.09085031666666665,0.8998196933333333,0.8904897033333334,3
2024-10-06,GOOGL,0.90649307,0.019219954,0.07428692,0.90649307,0.88727313,1
2024-10-07,GOOGL,0.3571061566666667,0.13974486766666666,0.5031489625,0.8809855516666666,0.21736129183333333,6
2024-10-08,GOOGL,0.45377627633333334,0.12944220133333334,0.41678150458333335,0.8354508258333334,0.32433407361666666,12
2024-10-09,GOOGL,0.394347759,0.3368968175,0.26875541514285717,0.8478739028571428,0.05745093714285715,7
2024-10-10,GOOGL,0.46484612925,0.13528097287500002,0.39987288625,0.769168315,0.32956515124999997,8
2024-10-11,GOOGL,0.6999623633333334,0.0405574426,0.2594802216666667,0.8057032833333334,0.6594049333333333,3
2024-10-12,GOOGL,0.64765546,0.0203628955,0.33198162200000003,0.7810779000000001,0.62729258,2
2024-10-13,GOOGL,0.06640096,0.830318,0.10328109,0.830318,-0.763917,1
2024-10-14,GOOGL,0.6179633728571429,0.12727606857142856,0.25476055257142854,0.7261212442857143,0.49068730285714285,7
2024-10-15,GOOGL,0.6086243578333334,0.16734470783333333,0.22403094449999997,0.8738606583333333,0.44127965333333335,6
2024-10-16,GOOGL,0.6896463944444444,0.020956099144444445,0.28939750477777776,0.8597101144444443,0.6686902913333334,9
2024-10-17,GOOGL,0.49845388100000004,0.15436400688888888,0.3471821172222222,0.7978954444444445,0.3440898777777778,9
2024-10-18,GOOGL,0.4503446015555556,0.1663846442222222,0.383270771,0.7518179011111111,0.2839599522222222,9
2024-10-19,GOOGL,0.3845287216666667,0.28238493405000004,0.3330863551666667,0.805582425,0.10214377883333331,6
2024-10-20,GOOGL,0.47255929611111114,0.12352934394444445,0.40391135,0.7209110477777778,0.34902994555555555,9
2024-10-21,GOOGL,0.387044818,0.025757871919999998,0.587197294,0.8933903219999999,0.36128694120000004,5
2024-10-22,GOOGL,0.4137957833076923,0.17373889414615387,0.4124653143076923,0.8370903546153846,0.2400568936923077,13
2024-10-23,GOOGL,0.6468012174444444,0.10455850688888889,0.24864026600000003,0.8396499822222222,0.5422427233333333,9
2024-10-24,GOOGL,0.6749679405714285,0.02048536237142857,0.304546701,0.8310435128571428,0.6544825658571429,7
2024-10-25,GOOGL,0.9113039479999999,0.010134584,0.07856144600000001,0.9113039479999999,0.901169374,5
2024-10-26,GOOGL,0.6446538556666667,0.33054209233333337,0.02480408033333333,0.9519440833333332,0.3141117466666667,3
2024-10-27,GOOGL,0.7427532033333334,0.11787517866666665,0.13937160666666668,0.7427532033333334,0.6248780266666667,3
2024-10-28,GOOGL,0.596115197625,0.12215502425,0.281729781375,0.8323909575,0.47396017125,8
2024-10-29,GOOGL,0.4891018275,0.09268255460000001,0.418215636,0.791943675,0.396419285,4
2024-10-30,GOOGL,0.4611022623,0.3145266971,0.2243710579,0.857494298,0.1465755554,10
2024-10-31,GOOGL,0.6299718950000001,0.17318852966666667,0.19683954633333334,0.8017656766666666,0.4567833686666667,6
2024-11-01,GOOGL,0.5831061401666666,0.10587655093333333,0.31101734666666664,0.7701002966666666,0.4772295916666667,6
2024-11-02,GOOGL,0.42274518666666666,0.140834657,0.43642016,0.7891392966666667,0.28191053994,6
2024-11-03,GOOGL,0.6460864640999999,0.22296301304000005,0.1309505395,0.831258378,0.423123456,10
2024-11-04,GOOGL,0.49207166545454545,0.1605352348818182,0.3473931130909091,0.7765380627272727,0.3315364290909091,11
2024-11-05,GOOGL,0.7617159341666667,0.063009745625,0.17527432433333334,0.792570195,0.6987061904999999,12
2024-11-06,GOOGL,0.33684438380000004,0.3935940444,0.2695615606,0.8449513599999999,-0.05674967600000003,5
2024-11-07,GOOGL,0.5699179457142857,0.027002731571428573,0.4030793314285714,0.7693367142857143,0.5429152065714286,7
2024-11-08,GOOGL,0.312431772,0.18605616014285714,0.5015120594285715,0.8048679214285714,0.12637560714285714,7
2024-11-09,GOOGL,0.42363636,0.0323052125,0.5440584575,0.8386610475,0.39133114100000005,4
2024-11-10,GOOGL,0.018852223,0.9439269,0.037220914,0.9439269,-0.92507464,1
2024-11-11,GOOGL,0.014569969,0.9678619,0.017568193,0.9678619,-0.9532919,1
2024-11-12,GOOGL,0.3277527473333333,0.012268066000000001,0.6599792105,0.803662615,0.31548467916666667,6
2024-11-13,GOOGL,0.49314264775,0.011607072425,0.495250275,0.8546315062500001,0.48153556745000003,8
2024-11-14,GOOGL,0.455364773875,0.189133284125,0.35550194125,0.789425445,0.2662314855,8
2024-11-15,GOOGL,0.4301595545,0.41755744679999995,0.1522829968,0.837328076,0.012602110999999982,10
2024-11-16,GOOGL,0.5063614906666667,0.26532492523333334,0.2283136185,0.8296668033333333,0.24103656333333334,6
2024-11-17,GOOGL,0.149825695,0.141136546,0.7090377299999999,0.7090377299999999,0.008689149999999993,2
2024-11-18,GOOGL,0.2698478817272727,0.23431035848181822,0.495841755,0.8448004136363636,0.03553752064000001,11
2024-11-19,GOOGL,0.738511625,0.012264872999999999,0.24922353149999998,0.738511625,0.72624675,2
2024-11-20,GOOGL,0.50758959,0.0367485723,0.45566183499999996,0.805967775,0.47084102,2
2024-11-21,GOOGL,0.4008194827,0.36178503525,0.237395474125,0.84889323375,0.039034444250000036,8
2024-11-22,GOOGL,0.3959718204166667,0.2929661333333333,0.3110620485,0.7679266625,0.1030056855,12
2024-11-23,GOOGL,0.6376915593333333,0.06942124608333333,0.29288722166666664,0.7955055766666667,0.5682703013333333,6
2024-11-24,GOOGL,0.7924761833333333,0.011195724833333332,0.19632807666666666,0.7924761833333333,0.7812804533333333,3
2024-11-25,GOOGL,0.413723796,0.21986185075,0.366414365,0.7466387125,0.193861965,4
2024-11-26,GOOGL,0.6324183425714286,0.020364107500000003,0.34721754242857145,0.8625451071428571,0.6120542308571428,7
2024-11-27,GOOGL,0.5523208137777779,0.1191660118888889,0.3285131915555556,0.8461344077777777,0.4331548,9
2024-11-28,GOOGL,0.7624627416666666,0.056069485599999996,0.1814677875,0.7624627416666666,0.70639326,6
2024-11-29,GOOGL,0.6971595075,0.14317494425,0.1596655725,0.7779925325,0.55398456,4
2024-11-30,GOOGL,0.759264575,0.09795455049999999,0.14278088075,0.767550635,0.6613100285,4
2024-12-01,GOOGL,0.4859756125,0.4596884585,0.0543359385,0.9273491300000001,0.026287139999999987,2
2024-12-02,GOOGL,0.19666572533333335,0.011512415333333333,0.7918219333333333,0.7918219333333333,0.18515330500000002,3
2024-12-03,GOOGL,0.5644346092,0.0323103776,0.40325499200000003,0.818467952,0.5321242300000001,5
2024-12-04,GOOGL,0.3898722412,0.2660912202,0.34403653900000003,0.7415884699999999,0.12378101700000002,5
2024-12-05,GOOGL,0.4181407368888889,0.11628097355555557,0.4655782805555556,0.8392196366666667,0.30185976333333336,9
2024-12-06,GOOGL,0.6107339989,0.0139978992,0.37526811919999997,0.87418923,0.5967361041,10
2024-12-07,GOOGL,0.7890833850000001,0.0195738365,0.191342754,0.7890833850000001,0.76950955,2
2024-12-08,GOOGL,0.45539904000000003,0.028162125500000003,0.51643879,0.84052353,0.42723693,2
2024-12-09,GOOGL,0.7510543749999999,0.1341538975,0.11479172075,0.7510543749999999,0.6169004725,4
2024-12-10,GOOGL,0.43352452571428574,0.29349379978571427,0.27298167685714286,0.9188285142857142,0.14003072328571428,7
2024-12-11,GOOGL,0.3675981638571429,0.2594913855,0.3729104545714286,0.8503928571428572,0.10810678085714287,7
2024-12-12,GOOGL,0.6910616533333332,0.013770974116666668,0.2951673721666667,0.8807070683333333,0.6772906666666666,6
2024-12-13,GOOGL,0.6989160986,0.12940846825000002,0.1716754538,0.8765158749999999,0.5695076152,10
2024-12-14,GOOGL,0.7806089525000001,0.0116537375,0.207737339,0.7806089525000001,0.768955215,4
2024-12-15,GOOGL,0.25634171822222224,0.2755180669444444,0.4681402135555556,0.7443732222222222,-0.019176356466666673,9
2024-12-16,GOOGL,0.5469664387777777,0.08105402377777776,0.3719795388888889,0.7691943744444445,0.4659124071111111,9
2024-12-17,GOOGL,0.6145032233333333,0.008575366,0.37692141399999995,0.68378418,0.6059278633333333,6
2024-12-18,GOOGL,0.24135953124999998,0.01465651775,0.7439839425,0.9258606,0.2267030165,4
2024-12-19,GOOGL,0.4384796447142857,0.2728680015,0.28865235285714286,0.8074593514285714,0.1656116494285714,7
2024-12-20,GOOGL,0.738605635,0.021465433500000002,0.23992894666666664,0.8571091316666667,0.7171401966666666,6
2024-12-21,GOOGL,0.53500794,0.23298415800000002,0.23200792999999997,0.74308006,0.30202377666666663,3
2024-12-22,GOOGL,0.9128871,0.0077665243,0.07934647,0.9128871,0.90512055,1
2024-12-23,GOOGL,0.5835696653333333,0.2732270316666667,0.14320334833333334,0.8205628466666667,0.31034265666666666,3
2024-12-24,GOOGL,0.434187162,0.1929892801,0.3728236004,0.84866572,0.24119786799999998,5
2024-12-25,GOOGL,0.6949039066666667,0.012462425,0.2926336113333334,0.8512186566666666,0.6824414966666668,3
2024-12-26,GOOGL,0.5819642383333333,0.058964672083333336,0.35907108000000004,0.6941779016666666,0.52299957,6
2024-12-27,GOOGL,0.683445225,0.00808542105,0.308469385,0.683445225,0.6753598,2
2024-12-28,GOOGL,0.5838584678571428,0.03388577014285714,0.3822557462857143,0.7708303157142857,0.5499727014285715,7
2024-12-29,GOOGL,0.16734635599999997,0.44565746549999996,0.386996165,0.78080505,-0.27831112,2
2024-12-30,GOOGL,0.61000826,0.196975728,0.1930160533333333,0.7829685099999999,0.41303255000000005,3
2024-12-31,GOOGL,0.45992022427499996,0.21560882835,0.3244709448,0.8353897939999999,0.24431138949999998,20
2025-01-01,GOOGL,0.4380862865,0.2637527675,0.2981609755,0.7181691275,0.174333515,4
2025-01-02,GOOGL,0.54564674,0.012283453642857142,0.4420697647142857,0.7649898728571429,0.5333632871428572,7
2025-01-03,GOOGL,0.6138181934285714,0.18570200485714286,0.20047979414285713,0.8648235185714286,0.4281161762857143,7
2025-01-04,GOOGL,0.30546250571428574,0.06166024485714285,0.6328772257142857,0.7520306628571429,0.24380226514285713,7
2025-01-05,GOOGL,0.47958628000000003,0.045329659,0.4750840952,0.816545026,0.434256625,5
2025-01-06,GOOGL,0.498777737,0.1011809355,0.4000413239,0.786220212,0.39759679389999997,10
2025-01-07,GOOGL,0.48720572142857144,0.23696440108571432,0.2758299014285714,0.8023208014285714,0.2502413142857143,7
2025-01-08,GOOGL,0.44799162,0.01688645475,0.535121908,0.767527355,0.431105163,4
2025-01-09,GOOGL,0.42528204155555555,0.30185924444444445,0.2728586905555555,0.7714391177777777,0.12342278777777776,9
2025-01-10,GOOGL,0.43322301575,0.338365509125,0.228411466375,0.8415529125,0.09485750925000001,8
2025-01-11,GOOGL,0.76782205,0.01344780025,0.21873015925,0.840931825,0.7543742425,4
2025-01-12,GOOGL,0.7778798,0.14744863466666666,0.074671558,0.7778798,0.6304311633333334,3
2025-01-13,GOOGL,0.4427105058333333,0.18970658916666663,0.36758289400000005,0.741834635,0.253003914,6
2025-01-14,GOOGL,0.4679601785,0.2938764795,0.2381633075,0.702757085,0.174083685,4
2025-01-15,GOOGL,0.3902929418888889,0.3368634018888889,0.2728436607777778,0.77854166,0.05342955444444445,9
2025-01-16,GOOGL,0.494600922,0.1693693205,0.3360297626666667,0.8211101,0.32523159458333334,12
2025-01-17,GOOGL,0.5272662824285714,0.014648243214285714,0.45808548,0.8376924457142857,0.5126180407142857,7
2025-01-18,GOOGL,0.32143669566666666,0.33356128133333335,0.3450020493333333,0.902599,-0.012124586666666664,3
2025-01-19,GOOGL,0.5356525252,0.18171876329999997,0.2826287056,0.732031716,0.353933762,5
2025-01-20,GOOGL,0.6522678216666667,0.013565660066666665,0.3341665111666667,0.7726395500000001,0.63870215,6
2025-01-21,GOOGL,0.443034815,0.031806382333333334,0.5251587688333333,0.8831344183333334,0.41122842919999997,6
2025-01-22,GOOGL,0.15712242257142858,0.4230233507142857,0.41985423357142854,0.7686280642857143,-0.2659009354285714,7
2025-01-23,GOOGL,0.3059036672,0.130164454,0.5639318808,0.7556166259999999,0.1757392212,5
2025-01-24,GOOGL,0.6671642833333333,0.04208548883333333,0.29075022316666665,0.7585780716666667,0.6250787999999999,6
2025-01-25,GOOGL,0.24398449675,0.23440631018750002,0.52160919375,0.7790187,0.009578187499999995,8
2025-01-26,GOOGL,0.2530445,0.008841301,0.7381142,0.7381142,0.24420318,1
2025-01-27,GOOGL,0.4537893710769231,0.2760038846538462,0.2702067483076923,0.8436267392307693,0.17778549076923078,13
2025-01-28,GOOGL,0.541450363,0.1159007893,0.3426488335,0.65228348,0.42554957160000006,10
2025-01-29,GOOGL,0.72639588,0.10802297881249999,0.16558116287500002,0.88334205375,0.618372895,8
2025-01-30,GOOGL,0.665404400625,0.120622122425,0.213973485125,0.84772368875,0.5447822637499999,8
2025-01-31,GOOGL,0.416274051625,0.254084517625,0.32964144775,0.82106916125,0.162189534625,8
2025-02-01,GOOGL,0.436223647,0.20205769540000001,0.36171861980000003,0.7973333499999999,0.23416596199999998,5
2025-02-02,GOOGL,0.52357913125,0.016818412999999997,0.459602475,0.90340338,0.50676072625,4
2025-02-03,GOOGL,0.61788253675,0.249746428575,0.132371065,0.859129825,0.36813608499999995,4
2025-02-04,GOOGL,0.204493749875,0.3070005164625,0.48850573575,0.835380475,-0.10250675954999999,8
2025-02-05,GOOGL,0.4349825885,0.244575426875,0.32044196524999996,0.86064132625,0.190407171875,8
2025-02-06,GOOGL,0.2724807791428571,0.4217595302857143,0.3057597224285714,0.8897425171428572,-0.14927875065714288,7
2025-02-07,GOOGL,0.4180666739285715,0.42421167715714286,0.15772165914285716,0.8711378271428571,-0.006145002857142859,7
2025-02-08,GOOGL,0.484983528,0.08464003625,0.4303764225,0.740672695,0.4003434975,4
2025-02-09,GOOGL,0.32477102557142856,0.2865255693857143,0.3887033852857143,0.8821235671428571,0.038245460571428566,7
2025-02-10,GOOGL,0.23379887983333333,0.3071052980833333,0.45909582958333334,0.7917499116666668,-0.07330641766666667,12
2025-02-11,GOOGL,0.557643544375,0.25679166331250003,0.18556479025,0.84969828,0.3008518825,8
2025-02-12,GOOGL,0.46364692430000004,0.22889350130000002,0.307459567,0.838779596,0.2347534016,10
2025-02-13,GOOGL,0.5130501555,0.29828439325,0.188665465,0.80672744875,0.214765763125,8
2025-02-14,GOOGL,0.5862010408888889,0.12648592655555554,0.28731304077777775,0.8642701644444445,0.45971511944444443,9
2025-02-15,GOOGL,0.48630369900000003,0.3171243265333333,0.19657196533333332,0.7849967233333333,0.16917938,3
2025-02-16,GOOGL,0.622650371,0.0867332515,0.290616398,0.855016695,0.5359171069249999,4
2025-02-17,GOOGL,0.52325815,0.09215395864285714,0.38458787714285714,0.7907860342857143,0.43110419,7
2025-02-18,GOOGL,0.5563613372727273,0.19425791322727273,0.24938072936363637,0.8389776163636363,0.36210342636363635,11
2025-02-19,GOOGL,0.6879049629999999,0.1237973937,0.1882976408888889,0.8747641022222222,0.5641075666666667,9
2025-02-20,GOOGL,0.6786770833333332,0.013582773666666666,0.3077401183333333,0.9013710733333333,0.6650943033333333,3
2025-02-21,GOOGL,0.0770356863125,0.28161834525,0.641345981875,0.81237988375,-0.20458266025,8
2025-02-22,GOOGL,0.3243204244,0.3969006196,0.27877895379999995,0.8766178,-0.0725802002,5
2025-02-23,GOOGL,0.528860149888889,0.168175154,0.30296470644444445,0.7302777522222222,0.36068498666666665,9
2025-02-24,GOOGL,0.2246991302,0.5793497454,0.19595111435,0.936944969,-0.3546506164,10
2025-02-25,GOOGL,0.5410069814285714,0.14975486347142855,0.3092381642857143,0.7587306714285714,0.3912521154,7
2025-02-26,GOOGL,0.42544554230000003,0.28262019695,0.2919342297,0.763714578,0.14282535100000002,10
2025-02-27,GOOGL,0.7323903631428571,0.14146938407142856,0.12614024885714287,0.8615221914285714,0.5909209814285715,7
2025-02-28,GOOGL,0.369166744375,0.12910233875,0.5017309225000001,0.78906401625,0.240064393125,8
2025-03-01,GOOGL,0.14272821333333333,0.26471852583333333,0.5925532233333334,0.7874360733333333,-0.12199031333333332,6
2025-03-02,GOOGL,0.2457849955,0.34432493150000004,0.4098900671666667,0.8286662983333333,-0.09853992750000001,6
2025-03-03,GOOGL,0.38010490212500003,0.323396780625,0.296498317625,0.7564188737499999,0.056708135,8
2025-03-04,GOOGL,0.29406242264444443,0.44868678607777773,0.25725078855555555,0.8168698600000001,-0.15462435200000002,9
2025-03-05,GOOGL,0.25900165199999997,0.42488840107000003,0.3161099624,0.772354721,-0.165886747,10
2025-03-06,GOOGL,0.3875053905555556,0.42847706444444444,0.1840175516666667,0.8553606455555556,-0.04097166444444446,9
2025-03-07,GOOGL,0.13376357,0.016303658,0.8499328,0.8499328,0.11745991,1
2025-03-08,GOOGL,0.43040072783333333,0.2572739621666667,0.3123253028333333,0.8040864083333333,0.17312676833333332,6
2025-03-09,GOOGL,0.57529241,0.0154458157,0.409261727,0.851765415,0.559846615,2
2025-03-10,GOOGL,0.4438814865875,0.40361078825,0.1525077565,0.8321217225,0.040270685,8
2025-03-11,GOOGL,0.27757576933333333,0.18519958533333333,0.537224665,0.7595491366666667,0.09237619566666667,6
2025-03-12,GOOGL,0.3736548648888889,0.2541782613333334,0.37216686722222225,0.75555814,0.11947661400000002,9
2025-03-13,GOOGL,0.29990818414285714,0.39537935728571433,0.3047124551428571,0.8458203842857143,-0.09547117999999997,7
2025-03-14,GOOGL,0.35597482925,0.3267565464375,0.3172686175,0.8172994025,0.029218291249999986,8
2025-03-15,GOOGL,0.718684524,0.0109971072,0.2703183334,0.8695161199999999,0.7076874280000001,5
2025-03-16,GOOGL,0.4419973797272727,0.19621442122727276,0.3617882340909091,0.72012651,0.24578295427272726,11
2025-03-17,GOOGL,0.3930131677777778,0.19881727533333335,0.40816953888888885,0.7493739611111111,0.19419588722222222,9
2025-03-18,GOOGL,0.5651061083846154,0.14899676523076924,0.2858971373076923,0.820291733076923,0.4161093416153846,13
2025-03-19,GOOGL,0.81785144875,0.018968650675,0.16317988025,0.81785144875,0.7988827912500001,8
2025-03-20,GOOGL,0.55574749406,0.3936356616,0.0506168674,0.932247306,0.162111816,5
2025-03-21,GOOGL,0.6342670113,0.24903336029999998,0.11669964740000001,0.861422344,0.385233647,10
2025-03-22,GOOGL,0.5376907866666666,0.078907087,0.38340210666666663,0.8138872333333333,0.458783712,3
2025-03-23,GOOGL,0.185802735,0.365590042,0.44860725,0.7515108699999999,-0.179787315,2
2025-03-24,GOOGL,0.40022733344444444,0.42897361744444445,0.1707990501111111,0.7554457211111111,-0.028746280444444446,9
2025-03-25,GOOGL,0.363248626625,0.2476669205,0.389084465625,0.8344962825,0.11558169925,8
2025-03-26,GOOGL,0.33916101285714284,0.16576225564285713,0.4950767204285714,0.8785975114285715,0.17339875878571429,7
2025-03-27,GOOGL,0.34018336025,0.329827491875,0.32998917824999996,0.83935761125,0.010355861250000015,8
2025-03-28,GOOGL,0.6752555,0.0101680765,0.31457642,0.6752555,0.6650874,1
2025-03-29,GOOGL,0.28792622,0.010317803,0.701755965,0.701755965,0.2776084,2
2025-03-30,GOOGL,0.661845594,0.0171391348,0.3210152254,0.8332339940000001,0.6447064680000001,5
2025-03-31,GOOGL,0.4635084220909091,0.0743413360909091,0.4621502211818182,0.8452201454545455,0.38916709425181817,11
2025-04-01,GOOGL,0.236913863125,0.162012314375,0.60107381525,0.802452315,0.0749015425,8
2025-04-02,GOOGL,0.34763844112500003,0.157035809375,0.49532573825000004,0.70854670625,0.190602632175,8
2025-04-03,GOOGL,0.316024535,0.3069082834444445,0.3770671762222222,0.8871263133333334,0.009116246933333343,9
2025-04-04,GOOGL,0.21363376686,0.3999270978,0.3864391518,0.938896512,-0.18629333848000001,5
2025-04-05,GOOGL,0.3812661371428571,0.26519143671428574,0.35354242614285714,0.8392168285714285,0.11607471142857144,7
2025-04-06,GOOGL,0.3984233232857143,0.37386438214285717,0.22771230914285717,0.6889654271428572,0.024558941428571426,7
2025-04-07,GOOGL,0.484071772,0.25368767,0.262240552,0.947886325,0.23038409399999998,4
2025-04-08,GOOGL,0.38229877100000004,0.1872276124,0.43047361879999996,0.919097828,0.19507116000000002,5
2025-04-09,GOOGL,0.49926780600000004,0.2438856212,0.2568465928,0.768385807,0.255382183,10
2025-04-10,GOOGL,0.6486884817142856,0.14813721221428572,0.20317431785714285,0.8391307100000001,0.50055127,7
2025-04-11,GOOGL,0.4611308416666667,0.22419669158333333,0.3146724493333333,0.7089133099999999,0.23693414000000002,6
2025-04-12,GOOGL,0.19194261083333333,0.5028110135,0.30524636450000003,0.7905976966666667,-0.31086841,6
2025-04-13,GOOGL,0.43905916333333334,0.029126568333333335,0.53181423,0.83064238,0.40993260666666664,3
2025-04-14,GOOGL,0.38404533,0.009643856000000001,0.606310792,0.7764622940000001,0.37440147,5
2025-04-15,GOOGL,0.4216599769166667,0.1895720507166667,0.3887679615833333,0.7870367458333334,0.2320879280833333,12
2025-04-16,GOOGL,0.6628045907,0.11711308533,0.22008232739999997,0.89120209,0.5456915194999999,10
2025-04-17,GOOGL,0.5471105584375,0.2662243329625,0.186665118,0.78478337875,0.28088622375,8
2025-04-18,GOOGL,0.518892225,0.10850346875,0.372604295,0.741589525,0.41038876474999997,4
2025-04-19,GOOGL,0.77935213,0.03750313825,0.18314473483333335,0.7852214583333333,0.7418489950000001,6
2025-04-20,GOOGL,0.07230607,0.0134092765,0.91428465,0.91428465,0.05889679,1
2025-04-21,GOOGL,0.43839725150000003,0.21109994191666667,0.3505028189166666,0.7859637883333334,0.22729731666666667,12
2025-04-22,GOOGL,0.2341923281875,0.331126970625,0.434680708625,0.79866271,-0.09693465575000001,8
2025-04-23,GOOGL,0.499245338,0.2457824508125,0.25497220225,0.84025750625,0.2534628725,8
2025-04-24,GOOGL,0.5691353570909091,0.18128852572727275,0.24957611245454547,0.8576888118181819,0.38784683545454546,11
2025-04-25,GOOGL,0.40564232299999997,0.34202386186363637,0.252333803,0.8244707690909091,0.06361846454545454,11
2025-04-26,GOOGL,0.4113317662,0.45017351440000003,0.13849470960000002,0.879832298,-0.03884175199999999,5
2025-04-27,GOOGL,0.5598427042857143,0.19427746807142857,0.2458798022857143,0.7878269942857142,0.36556525,7
2025-04-28,GOOGL,0.490182146,0.137500416625,0.37231744637499997,0.78567635625,0.35268172124999997,8
2025-04-29,GOOGL,0.46989201846153844,0.07685493273076924,0.45325305776923075,0.7522511115384615,0.39303708230769235,13
2025-04-30,GOOGL,0.3792690317142857,0.2777826227142857,0.34294831600000003,0.7850748957142857,0.10148640285714286,7
2025-05-01,GOOGL,0.5471797583333333,0.1278605372777778,0.32495969933333335,0.7606727733333334,0.4193192188888889,9
2025-05-02,GOOGL,0.6838342725,0.1890422423125,0.127123492,0.774087575,0.49479202437500003,8
2025-05-03,GOOGL,0.403046505,0.020580065,0.576373406,0.80837651,0.38246642875000003,4
2025-05-04,GOOGL,0.24984798575,0.516195255,0.23395674775,0.742564605,-0.26634727999999996,4
2025-05-05,GOOGL,0.553483104,0.210844386625,0.235672522125,0.804827905,0.34263871,8
2025-05-06,GOOGL,0.6439379153,0.1310237221,0.22503836929999999,0.846469624,0.5129141915,10
2025-05-07,GOOGL,0.44146665476923075,0.27230381415384614,0.286229528,0.8599441792307693,0.1691628373846154,13
2025-05-08,GOOGL,0.34529744766666665,0.6148995883333334,0.039802960666666665,0.91010021,-0.26960213,6
2025-05-09,GOOGL,0.4214417697777778,0.4238124753333333,0.1547457458888889,0.7516718388888889,-0.0023707050000000038,9
2025-05-10,GOOGL,0.6038705323333332,0.010118122766666666,0.38601129866666667,0.9030166466666666,0.5937524123333334,3
2025-05-11,GOOGL,0.63540269,0.18069827825,0.1838989955,0.7894367725,0.45470441500000003,4
2025-05-12,GOOGL,0.5867482224,0.2264009142,0.18685088779999998,0.824921546,0.36034733399999996,5
2025-05-13,GOOGL,0.7135751578333333,0.16951278833333336,0.11691205583333332,0.8692061233333334,0.5440623649999999,6
2025-05-14,GOOGL,0.496153081,0.043060959100000004,0.4607859488,0.809797866,0.4530921252,10
2025-05-15,GOOGL,0.6840246466666667,0.126158654,0.18981669450000002,0.7425355383333333,0.5578659983333333,6
2025-05-16,GOOGL,0.6046715377777778,0.24011135344444443,0.15521710433333336,0.8612339677777778,0.36456019222222225,9
2025-05-17,GOOGL,0.36029345133333335,0.229011151,0.41069538133333333,0.8298456133333333,0.13128229666666666,3
2025-05-18,GOOGL,0.3141444718,0.26632099340000004,0.4195345464,0.862219066,0.04782347705999999,5
2025-05-19,GOOGL,0.35439414199999997,0.11903378224999998,0.5265720762,0.8332162430000001,0.2353603669,10
2025-05-20,GOOGL,0.3288422164,0.23208673100000002,0.4390710658,0.741711413,0.09675548460000001,10
2025-05-21,GOOGL,0.513721695,0.14692830766666667,0.3393500061666667,0.85093621,0.36679337333333334,6
2025-05-22,GOOGL,0.5319058366153846,0.12370326769230769,0.34439089315384613,0.778447176923077,0.4082025621538462,13
2025-05-23,GOOGL,0.6938879185714286,0.039556238142857136,0.26655586342857146,0.7872009428571428,0.6543316785714285,7
2025-05-24,GOOGL,0.47730271999999996,0.012988135000000001,0.509709185,0.9063953,0.46431460750000003,2
2025-05-25,GOOGL,0.5764888,0.0409345423,0.38257667,0.712984766,0.5355542520000001,5
2025-05-26,GOOGL,0.69754091,0.01276178375,0.28969730075,0.844061,0.684779135,4
2025-05-27,GOOGL,0.5014433508333334,0.12312561079166667,0.37543104141666667,0.7409480108333333,0.3783177386666667,12
2025-05-28,GOOGL,0.44434919266666667,0.2901611571666667,0.26548966166666665,0.7687565433333333,0.15418805,6
2025-05-29,GOOGL,0.391165814,0.2548164985,0.35401768,0.82082705,0.1363493,4
2025-05-30,GOOGL,0.6662980733333334,0.011156324,0.32254558083333335,0.8649917916666667,0.655141759,6
2025-05-31,GOOGL,0.43981434,0.095365645,0.464819985,0.8236925150000001,0.344448688,2
2025-06-01,GOOGL,0.07157692825,0.25067659249999996,0.67774645925,0.91449601,-0.1790996685,4
2025-06-02,GOOGL,0.48421919329999996,0.1366010333,0.3791797601,0.7994477919999999,0.3476181634,10
2025-06-03,GOOGL,0.4443112752222222,0.35598382044444443,0.19970489833333332,0.7670531866666667,0.08832745555555556,9
2025-06-04,GOOGL,0.2142606876923077,0.2113340652846154,0.574405238076923,0.7337164199999999,0.002926625076923082,13
2025-06-05,GOOGL,0.5959870333999999,0.0137275894,0.39028534439999996,0.8370102919999999,0.5822594564,5
2025-06-06,GOOGL,0.6390234674285714,0.061209825571428574,0.2997666715714286,0.7998568042857144,0.5778136414285714,7
2025-06-07,GOOGL,0.012125757,0.9496957,0.038178533,0.9496957,-0.93757,1
2025-06-08,GOOGL,0.93849444,0.011276775,0.05022872,0.93849444,0.92721766,1
2025-06-09,GOOGL,0.39993564,0.2589662597727273,0.34109809818181813,0.793167459090909,0.14096937418181818,11
2025-06-10,GOOGL,0.47488014,0.1519208841666667,0.3731989775,0.7207849566666668,0.32295925166666667,6
2025-06-11,GOOGL,0.30263877910000003,0.3212486383,0.3761126103,0.839284174,-0.018609854499999978,10
2025-06-12,GOOGL,0.5055864091666668,0.17525614566666667,0.31915743741666663,0.7202023999999999,0.33033027416666666,12
2025-06-13,GOOGL,0.24933650300000001,0.38835583799999995,0.3623076554,0.905678698,-0.139019334,5
2025-06-14,GOOGL,0.3760935398333334,0.34463573983333334,0.279270739,0.8410051616666667,0.031457794999999976,6
2025-06-15,GOOGL,0.6229477649999999,0.012728214,0.36432400600000003,0.827609985,0.61021955,2
2025-06-16,GOOGL,0.864097165,0.0122724185,0.12363040075000001,0.864097165,0.8518247475,4
2025-06-17,GOOGL,0.456352881,0.16865221583333334,0.3749949083333333,0.7234498666666668,0.28770067,6
2025-06-18,GOOGL,0.589013435,0.0245946940625,0.38639188625,0.7950237775,0.56441873875,8
2025-06-19,GOOGL,0.3631178977222222,0.17505766805555556,0.46182442822222225,0.8326501611111111,0.188060221,9
2025-06-20,GOOGL,0.41536482809999997,0.14967626535,0.434958915,0.782683878,0.2656885723,10
2025-06-21,GOOGL,0.8145384800000001,0.009032879666666667,0.17642864833333335,0.8145384800000001,0.8055056033333333,3
2025-06-22,GOOGL,0.5397178766666667,0.019712053,0.44057005600000004,0.7550060433333333,0.5200058333333333,3
2025-06-23,GOOGL,0.6162429466666667,0.015387247,0.36836985666666666,0.7131507133333334,0.6008556966666667,3
2025-06-24,GOOGL,0.7098713059999999,0.0095907488,0.28053793850000003,0.828872834,0.700280555,10
2025-06-25,GOOGL,0.33651505625,0.1300413978125,0.53344353075,0.84991922375,0.20647364837499999,8
2025-06-26,GOOGL,0.394298545375,0.24884787687499998,0.356853573375,0.8586820425,0.145450669625,8
2025-06-27,GOOGL,0.6016547687142858,0.28553384732857146,0.1128114,0.8634911671428572,0.3161209,7
2025-06-28,GOOGL,0.29615315433333333,0.649240623,0.05460620933333333,0.9291122333333334,-0.35308745666666663,3
2025-06-29,GOOGL,0.7484098216666667,0.1545323435,0.09705786,0.8184036666666666,0.5938774833333333,6
2025-06-30,GOOGL,0.485286009,0.215965343875,0.29874862825000004,0.88148705,0.26932067675,4
2025-07-01,GOOGL,0.5797855333333334,0.014525132333333335,0.40568940333333336,0.7188551766666667,0.5652603766666667,3
2025-07-02,GOOGL,0.5749902375,0.2565161231875,0.16849365125,0.80631636625,0.31847411375,8
2025-07-03,GOOGL,0.3363993383333333,0.6326207519999999,0.03097985866666667,0.9446682000000001,-0.2962214166666667,3
2025-07-04,GOOGL,0.7633397,0.1640605765,0.072599688,0.7633397,0.599279105,2
2025-07-05,GOOGL,0.5855781631999999,0.1970949303,0.21732690039999997,0.7689972199999999,0.388483234,5
2025-07-06,GOOGL,0.525278798,0.190829158,0.28389204725,0.8159989575,0.3344496375,4
2025-07-07,GOOGL,0.46909886035,0.309732295,0.22116882875,0.81562808,0.15936654875,8
2025-07-08,GOOGL,0.600942146,0.01601012937777778,0.38304770666666665,0.8583968133333334,0.5849320311111111,9
2025-07-09,GOOGL,0.5863186218750001,0.130543514625,0.28313787500000004,0.81961136,0.4557750959875,8
2025-07-10,GOOGL,0.297867609,0.20924136086923079,0.4928910361538461,0.811925886923077,0.08862625015384616,13
2025-07-11,GOOGL,0.69011862125,0.108560190875,0.201321172125,0.84922312625,0.581558425,8
2025-07-12,GOOGL,0.5241004288333334,0.1701084545,0.3057911155,0.77403758,0.35399198,6
2025-07-13,GOOGL,0.6690187425,0.01286575275,0.318115519,0.8064960375,0.6561529675,4
2025-07-14,GOOGL,0.38627526479999996,0.23604643015,0.377678299,0.8379134340000001,0.1502288414,10
2025-07-15,GOOGL,0.7021834555555555,0.010404238588888889,0.28741230366666665,0.8061833955555556,0.6917792166666668,9
2025-07-16,GOOGL,0.501798562125,0.33163724712500003,0.16656417874999999,0.8340315225,0.17016132125,8
2025-07-17,GOOGL,0.36496598826666665,0.29633557061666665,0.3386984453333333,0.8528304916666666,0.06863042500000001,6
2025-07-18,GOOGL,0.7330713972,0.1401765941,0.1267520005,0.828492084,0.592894797,10
2025-07-19,GOOGL,0.682305045,0.0152042591875,0.302490692,0.8012351225,0.6671007875,8
2025-07-20,GOOGL,0.47285731633333333,0.1695180866,0.35762460933333334,0.801582675,0.3033392416666667,6
2025-07-21,GOOGL,0.4054872997857143,0.295788808,0.2987238912142857,0.8144488678571429,0.10969849535714285,14
2025-07-22,GOOGL,0.6030646258571428,0.2647677309285715,0.132167603,0.8109412414285714,0.33829690285714287,7
2025-07-23,GOOGL,0.5677484502105262,0.16436828474736842,0.2678832845263158,0.7954727415789474,0.4033801604210526,19
2025-07-24,GOOGL,0.626879841125,0.1697468148125,0.20337337175,0.8484802575,0.45713302835,16
2025-07-25,GOOGL,0.3912918937,0.342467111475,0.2662409945,0.8230245385,0.04882478529999999,20
2025-07-26,GOOGL,0.7251243225,0.010281026,0.26459466575,0.85655701,0.714843295,4
2025-07-27,GOOGL,0.5834777123333333,0.32880290733333334,0.08771935000000002,0.9045572733333334,0.2546748133333333,3
2025-07-28,GOOGL,0.776243287875,0.1575070456375,0.06624966,0.8932250025,0.61873624875,8
2025-07-29,GOOGL,0.5469218094285714,0.4219078162857143,0.031170395285714286,0.9530597385714286,0.12501399857142856,7
2025-07-30,GOOGL,0.672449705,0.14683914553846156,0.18071115553846154,0.8498291369230769,0.5256105571538462,13
2025-07-31,GOOGL,0.5228809055625,0.0839674659375,0.39315163481250004,0.839849854375,0.4389134370625,16
2025-08-01,GOOGL,0.50645489345,0.2622309818333333,0.23131411675,0.87859211,0.24422391022583334,12
2025-08-02,GOOGL,0.39840210033333334,0.2717118412222222,0.3298860483333333,0.81399908,0.12669025896666664,9
2025-08-03,GOOGL,0.65268247175,0.13551045025,0.21180708525,0.82214343125,0.51717202875,8
2025-08-04,GOOGL,0.6651592609090909,0.0961997495,0.23864100163636365,0.8388694481818182,0.5689595190909091,11
2025-08-05,GOOGL,0.7420436502500001,0.06594018877499999,0.1920161664,0.879663811,0.67610347455,20
2025-08-06,GOOGL,0.7318136141666667,0.19088852071666665,0.07729784566666666,0.8866930166666668,0.5409251066666667,6
2025-08-07,GOOGL,0.6676237196111111,0.18703733873333336,0.1453389387777778,0.8466864611111111,0.4805863833333333,9
2025-08-08,GOOGL,0.45294117377777776,0.32928647194444444,0.21777237100000002,0.8256014511111112,0.12365470555555556,9
2025-08-09,GOOGL,0.7199120450000001,0.015200703500000001,0.26488725416666664,0.7999097616666666,0.7047113349999999,6
2025-08-10,GOOGL,0.7337361934166666,0.17718966008333334,0.08907413366666667,0.8940065233333333,0.5565465316666667,6
2025-08-11,GOOGL,0.45860398880000003,0.25688642380000004,0.28450959630000006,0.746683729,0.20171757699999998,10
2025-08-12,GOOGL,0.4524046926785714,0.3194995326714286,0.2280957597142857,0.82512347,0.13290516035714287,14
2025-08-13,GOOGL,0.559202003,0.26870968799090905,0.1720883040909091,0.8820540845454545,0.29049232,11
2025-08-14,GOOGL,0.3932785115,0.4322883721555556,0.1744331018888889,0.8874760388888889,-0.039009863333333325,9
2025-08-15,GOOGL,0.3684751826666666,0.22666196125000002,0.40486285833333335,0.6391302316666666,0.14181323833333334,6
2025-08-16,GOOGL,0.4684731681666667,0.23672236266666666,0.29480448383333335,0.7129190716666667,0.23175080666666667,6
2025-08-17,GOOGL,0.702980902375,0.1566570795,0.140362009,0.82148633625,0.54632382875,8
2025-08-18,GOOGL,0.7529020735714286,0.08442862097857143,0.16266931207142857,0.8601505714285714,0.6684734528571428,14
2025-08-19,GOOGL,0.7355552195833334,0.012743418416666666,0.25170135783333336,0.8259360808333334,0.7228117941666666,12
2025-08-20,GOOGL,0.606504227090909,0.1796029,0.21389287118181818,0.82208987,0.4269013336363637,11
2025-08-21,GOOGL,0.6477687483333333,0.01103361305,0.34119764483333337,0.809355805,0.6367351456666667,6
2025-08-22,GOOGL,0.5138790475,0.23239587433333334,0.25372508316666664,0.7349572491666666,0.2814831675,12
2025-08-23,GOOGL,0.40527397600000004,0.016701493142857144,0.5780245077142857,0.8311615671428572,0.3885724795714286,7
2025-08-24,GOOGL,0.6362528214000001,0.197060113,0.1666870522,0.8211914379999999,0.439192702,5
2025-08-25,GOOGL,0.41507695283333335,0.053275179666666665,0.5316478458333332,0.7490316716666667,0.36180177783333334,6
2025-08-26,GOOGL,0.6646847130666667,0.13836545702666667,0.19694984273333332,0.8850099833333334,0.5263192554666667,15
2025-08-27,GOOGL,0.6109542981111111,0.1807120210666667,0.20833368333333332,0.8172560144444445,0.4302422877777778,9
2025-08-28,GOOGL,0.5982061955555555,0.21532929407222223,0.18646450305555554,0.8656354322222222,0.3828769023888889,18
2025-08-29,GOOGL,0.216430476,0.48835324892857146,0.29521630400000004,0.8181088228571429,-0.27192276442857144,7
2025-08-30,GOOGL,0.709213656,0.0108138688,0.27997247,0.774258304,0.698399788,5
2025-08-31,GOOGL,0.84839908,0.02133900666666667,0.13026192666666667,0.84839908,0.8270600533333333,3
2025-09-01,GOOGL,0.7628255500000001,0.010326103,0.2268483,0.7628255500000001,0.75249945,2
2025-09-02,GOOGL,0.6293057047777777,0.0123419605,0.358352334,0.8160158277777777,0.6169637452222223,9
2025-09-03,GOOGL,0.5811626781428572,0.22906123623809524,0.1897760878095238,0.8049211285714286,0.352101448952381,21
2025-09-04,GOOGL,0.589757781965,0.21241605460000001,0.197826144,0.8394262245,0.37734172585,20
2025-09-05,GOOGL,0.47142393576470587,0.2399500581764706,0.288626013,0.7852603076470588,0.23147387949411763,17
2025-09-06,GOOGL,0.61244117,0.008759915,0.3787988666666667,0.8394392166666668,0.6036812666666667,3
2025-09-07,GOOGL,0.6621646775384615,0.17729137626923078,0.16054397453846156,0.8324342184615384,0.48487329769230764,13
2025-09-08,GOOGL,0.5218273759277777,0.22643146677222223,0.2517411298333333,0.8377416827777778,0.295395915,18
2025-09-09,GOOGL,0.5639063128695652,0.05106962031304348,0.38502406626086955,0.7887395286956521,0.5128366976086957,23
2025-09-10,GOOGL,0.5903601029444444,0.14386066707222223,0.2657792345,0.8202177055555555,0.4464994361111111,18
2025-09-11,GOOGL,0.6502969176428571,0.1592719665,0.19043114085714286,0.8374383807142857,0.491024955,14
2025-09-12,GOOGL,0.5485119432352942,0.14209185741764707,0.30939618788235296,0.8037634123529412,0.4064200895705883,17
2025-09-13,GOOGL,0.38148311333333335,0.48130378533333334,0.13721306666666666,0.7911589833333333,-0.09982068,3
2025-09-14,GOOGL,0.6595248499999999,0.2022640965,0.138211066,0.8364208725,0.4572607525,4
2025-09-15,GOOGL,0.7580566763636363,0.025883847518181822,0.2160594659090909,0.7876730054545454,0.7321728263636363,11
2025-09-16,GOOGL,0.6172914909375,0.04895207325,0.333756420375,0.802500275625,0.568339415375,16
2025-09-17,GOOGL,0.5612653836111111,0.10791084537777779,0.3308237739444444,0.7529331577777777,0.4533545388888889,18
2025-09-18,GOOGL,0.4800952677,0.21999120639999997,0.2999135411,0.757540643,0.260104057,10
2025-09-19,GOOGL,0.5204240073333334,0.04567546125,0.43390053066666673,0.76365148,0.4747485413133334,6
2025-09-20,GOOGL,0.381514725,0.359977075,0.25850820500000005,0.6693659,0.021537629999999974,2
2025-09-21,GOOGL,0.01621301,0.8182324,0.16555454,0.8182324,-0.8020194,1
2025-09-22,GOOGL,0.4226521698571428,0.27906525907142854,0.29828259557142855,0.8465692428571429,0.1435869142857143,7
2025-09-23,GOOGL,0.317730944,0.41594564900000003,0.26632339825,0.82725019,-0.0982146975,4
2025-09-24,GOOGL,0.5075336553333334,0.12092107792222222,0.37154525233333335,0.82654595,0.3866125833333333,9
2025-09-25,GOOGL,0.6249821698333333,0.17420297483333333,0.20081487466666667,0.8595730166666667,0.45077919166666663,6
2025-09-26,GOOGL,0.5191887778,0.1895579796,0.2912532228,0.812362384,0.32963081,5
2025-09-27,GOOGL,0.6087563578333334,0.1693652955,0.22187834616666666,0.9100833716666666,0.43939105483333335,6
2025-09-28,GOOGL,0.7259590450000001,0.16103760841666664,0.11300335,0.86927881,0.5649214433333333,6
2025-09-29,GOOGL,0.5416394768333334,0.24442365275,0.21393687341666667,0.7823184083333333,0.29721582491666665,12
2025-09-30,GOOGL,0.639161997,0.06403983971764705,0.29679817170588235,0.8576246482352942,0.5751221560764705,17
2025-10-01,GOOGL,0.5160219588,0.19018134927000002,0.2937966989,0.8293346789999999,0.3258406224,10
2025-10-02,GOOGL,0.7114739804285714,0.14826869857142858,0.14025731985714285,0.86322207,0.5632052757142857,7
2025-10-03,GOOGL,0.48909867362500004,0.2455053985,0.26539592224999997,0.77081529,0.24359327625,8
2025-10-04,GOOGL,0.29603304966666666,0.5467785095000001,0.15718846666666667,0.8126884766666667,-0.25074546666666664,3
2025-10-05,GOOGL,0.8112362214285714,0.009871695571428571,0.17889207214285713,0.8747197628571428,0.8013645228571429,7
2025-10-06,GOOGL,0.5668291923333334,0.24264765773333333,0.19052315293333333,0.8787595840000001,0.32418153133333333,15
2025-10-07,GOOGL,0.38773658584615384,0.1991225613846154,0.41314083876923074,0.8253835584615385,0.18861401553846152,13
2025-10-08,GOOGL,0.7031721497777778,0.01976094911111111,0.27706689811111107,0.8934544533333333,0.6834111934333333,9
2025-10-09,GOOGL,0.6030085043571428,0.21649815521428573,0.18049334728571428,0.8060301528571429,0.38651034357142855,14
2025-10-10,GOOGL,0.611297063875,0.14646773876875,0.24223519778125,0.84549494,0.464829336875,16
2025-10-11,GOOGL,0.4440760265,0.3296988929375,0.2262250896875,0.870379193125,0.11437713281250002,16
2025-10-12,GOOGL,0.5911290514800001,0.12654446947,0.28232648258000004,0.8133426134,0.46458457702000006,50
2025-10-13,GOOGL,0.6250070511569767,0.16390507286686046,0.2110878768226744,0.8354335840116279,0.461101979494186,172
2025-10-14,GOOGL,0.582788214610887,0.15256992881693549,0.2646418556008065,0.810717670564516,0.43021828691411285,248
2025-10-15,GOOGL,0.6204136332177779,0.12760207914577779,0.2519842899377778,0.8344321102666666,0.4928115521595556,225
2025-10-16,GOOGL,0.501974460197034,0.19357577049025423,0.30444976827542375,0.8041316381779662,0.30839868858050845,236
2025-10-17,GOOGL,0.5301797129573864,0.17319372502159092,0.2966265687159091,0.7955718875568182,0.3569859896420455,176
2025-10-18,GOOGL,0.47721199673770487,0.23456438986393444,0.2882236129672131,0.7799411008196722,0.24264760487540984,61
2025-10-19,GOOGL,0.4909119481724138,0.23375207508045978,0.27533597618390804,0.8256127083908046,0.2571598721724138,87
2025-10-20,GOOGL,0.6447785441785714,0.16374089635714287,0.19148056857142856,0.8867421857142858,0.48103765614285715,14
2025-10-21,GOOGL,0.46978737389230774,0.3625748293076923,0.1676377946153846,0.8743995607692308,0.10721255153846156,13
2025-10-22,GOOGL,0.4901562717692308,0.19580467180769232,0.31403907392307695,0.8003860315384616,0.2943516030769231,13
2025-10-23,GOOGL,0.6100196757333334,0.18747188043666665,0.20250844335,0.8678023876666666,0.42254779653333335,30
2025-10-24,GOOGL,0.49472611136363637,0.21381220550000002,0.2914616986363636,0.7923743000000001,0.28091390727272725,11
2025-10-25,GOOGL,0.7855226476,0.10681164540000002,0.1076657186,0.914770675,0.678710997,10
2025-10-26,GOOGL,0.4467020346,0.21773773589999998,0.3355602321,0.777745393,0.228964305,10
2025-10-27,GOOGL,0.6219295435428572,0.1419445773,0.236125886,0.8297040607142857,0.47998496192857143,28
2025-10-28,GOOGL,0.670734008275862,0.11888667769310343,0.21037929662068966,0.8512822268965518,0.5518473323103449,29
2025-10-29,GOOGL,0.48848164094117646,0.3454833239294118,0.16603504038235295,0.8487613732352941,0.14299830941176472,34
2025-10-30,GOOGL,0.5810596141176471,0.2312799434,0.18766045750000002,0.8376816005882353,0.3497796749779412,34
2025-10-31,GOOGL,0.5480602592058823,0.24842698879411765,0.20351275111764705,0.8502159694117647,0.2996332681470588,34
2025-11-01,GOOGL,0.6365957833333333,0.09293009927777779,0.27047412111111113,0.8489293744444445,0.5436656751111111,9
2025-11-02,GOOGL,0.598551449483871,0.1829806585,0.21846789454838708,0.8411970683870967,0.4155707922580645,31
2025-11-03,GOOGL,0.6075552591142858,0.19810990999591835,0.19433484440816326,0.854381527755102,0.40944534728571425,49
2025-11-04,GOOGL,0.5386218881190477,0.3052537266952381,0.15612438542857143,0.8685269947619048,0.23336815502380953,42
2025-11-05,GOOGL,0.5145005087222222,0.2599174178296296,0.22558207811111114,0.8417527787037037,0.2545830846111111,54
2025-11-06,GOOGL,0.516020012167647,0.3138996352794118,0.17008034217647058,0.8548681270588235,0.2021203688235294,34
2025-11-07,GOOGL,0.44465617336333335,0.3199518661833333,0.2353919565,0.846147486,0.12470431443333334,30
2025-11-08,GOOGL,0.4180497401111111,0.4048234769925926,0.17712677485185185,0.8853297566666667,0.013226264851851863,27
2025-11-09,GOOGL,0.49214919247619043,0.2823939611047619,0.22545683538095238,0.84976035,0.2097552242857143,21
2025-11-10,GOOGL,0.5604477869166666,0.25215898191666664,0.18739323116666667,0.8546459543333333,0.3082888093333333,30
2025-11-11,GOOGL,0.43090240488333337,0.42323058716333334,0.1458670118,0.8378538273333334,0.007671824500000002,30
2025-11-12,GOOGL,0.508798890175,0.34092155665,0.15027953415,0.8315960410000001,0.1678773425,20
2025-11-13,GOOGL,0.41055104275000004,0.402025451,0.1874235175,0.870316355,0.008525600624999994,16
2025-11-14,GOOGL,0.4749873132863636,0.30451557870454543,0.22049711127272725,0.8622079727272727,0.1704717329409091,22
2025-11-15,GOOGL,0.5424362448888889,0.024369158000000002,0.43319459044444447,0.9301899944444444,0.5180670945222222,9
2025-11-16,GOOGL,0.3760879419230769,0.35834628325,0.26556577476923077,0.8314411326923078,0.01774165731923077,26
2025-11-17,GOOGL,0.48806524583552635,0.33574090764473685,0.17619384086842105,0.843264134736842,0.152324339875,76
2025-11-18,GOOGL,0.3916406056744186,0.3400591986860465,0.26830019176744185,0.8230733544186047,0.051581402325581394,43
2025-11-19,GOOGL,0.5593638199433962,0.22262729110943397,0.21800889530188677,0.8388915916981132,0.3367365329962264,53
2025-11-20,GOOGL,0.5195139903333333,0.26848340539777776,0.21200260748888888,0.8332017277777778,0.2510305877111111,45
2025-11-21,GOOGL,0.4929325265185185,0.20507388743888888,0.30199357703703705,0.8274245181481482,0.28785863729444444,54
2025-11-22,GOOGL,0.4195294221891892,0.37013198646756756,0.2103385935945946,0.8394761664864865,0.049397438216216207,37
2025-11-23,GOOGL,0.4994540103055556,0.29513340116388886,0.20541258930555556,0.8201965269444444,0.20432060374277777,36
2025-11-24,GOOGL,0.5717243113513514,0.22678055867027025,0.20149512771621622,0.857273407972973,0.3449437530918919,74
2025-11-25,GOOGL,0.47836185370724643,0.33078439588115943,0.1908537453768116,0.8479386431884058,0.14757746001449276,69
2025-11-26,GOOGL,0.537256693095238,0.2901133859642857,0.17262992811904762,0.8651644997619047,0.2471433121190476,42
2025-11-27,GOOGL,0.5713854568571428,0.24002257205357141,0.18859197332142857,0.8339727782142857,0.33136288417857146,28
2025-11-28,GOOGL,0.5261753586170212,0.32259160760638295,0.1512330329574468,0.8455848563829788,0.20358374999999998,47
2025-11-29,GOOGL,0.47789417022222225,0.316355610962963,0.2057502122962963,0.8300315592592592,0.16153854981481483,27
2025-11-30,GOOGL,0.48578170414705885,0.28963037608529413,0.22458792197058822,0.8416645185294118,0.19615132947058822,34
2025-12-01,GOOGL,0.558873815423611,0.23531311148611112,0.20581306495833332,0.8635990369444444,0.3235607075313889,72
2025-12-02,GOOGL,0.5027328551590908,0.24637399784393943,0.2508931485454545,0.8382817795454546,0.2563588581393939,66
2025-12-03,GOOGL,0.531622489,0.24645179568085107,0.2219257139787234,0.8286157089361702,0.2851706934255319,47
2025-12-04,GOOGL,0.5017477696222222,0.26233700816666666,0.2359152220222222,0.8300604482222221,0.23941076180222223,45
2025-12-05,GOOGL,0.5415059348444444,0.17873892993555557,0.27975513235555555,0.8198852088888889,0.3627670065711111,45
2025-12-06,GOOGL,0.5607180843529411,0.1394792658235294,0.2998026560588235,0.7787883717647058,0.4212388182352941,17
2025-12-07,GOOGL,0.5681869188125,0.2728408453875,0.1589722555,0.854295013125,0.295346064375,16
2025-12-08,GOOGL,0.6636831204150944,0.16811696879245283,0.16819990535849058,0.8262881190566037,0.4955661535849057,53
2025-12-09,GOOGL,0.50767916325,0.274006587345,0.21831425414166666,0.8369913803333333,0.23367257518333334,60
2025-12-10,GOOGL,0.616065145968,0.2338315691,0.1501032777,0.8453115635999999,0.3822335722,50
2025-12-11,GOOGL,0.5681467283703704,0.26233670581481483,0.16951657033333334,0.8396482037037037,0.3058100202407407,54
2025-12-12,GOOGL,0.6005710352884616,0.2694451155442308,0.12998384463461538,0.8706302590384615,0.33112591996153845,52
2025-12-13,GOOGL,0.5151803430399999,0.24861098512,0.23620866656,0.8193636816000001,0.26656935944,25
2025-12-14,GOOGL,0.5554562793589743,0.18579084134358975,0.25875288494871795,0.8338626166666666,0.3696654378589743,39
2025-12-15,GOOGL,0.5107975962264151,0.2730474391981132,0.21615496624528302,0.8475435811320755,0.23775015566603774,53
2025-12-16,GOOGL,0.5811897860999999,0.1999586172942857,0.21885160672857143,0.8624641190000001,0.3812311683085714,70
2025-12-17,GOOGL,0.5127235685942857,0.2784516299142857,0.2088248050857143,0.8228789672857143,0.23427193874285715,70
2025-12-18,GOOGL,0.4979274693303371,0.2689106668876405,0.23316186014606743,0.8451720350561799,0.2290168040252809,178
2025-12-19,GOOGL,0.6079312541568628,0.14192840455490197,0.2501403451764706,0.849661978627451,0.46600284993137253,51
2025-12-20,GOOGL,0.41779145462962963,0.3395569999259259,0.24265154237037037,0.8359328325925927,0.07823445907407407,27
2025-12-21,GOOGL,0.5382154164594595,0.30617135994594596,0.15561322864864865,0.8242903648648648,0.23204405567567568,37
2025-12-22,GOOGL,0.6676499351354166,0.21427336888541668,0.11807669724999999,0.8688340156250001,0.45337656499999995,48
2025-12-23,GOOGL,0.5710805496953125,0.2187550693125,0.21016437659375,0.8599624840625,0.35232548434375,64
2025-12-24,GOOGL,0.5638091175428571,0.28285846814,0.15333242042857143,0.8537318985714286,0.2809506492857143,35
2025-12-25,GOOGL,0.3271935065,0.45667023716363636,0.21613624613636365,0.8726582304545455,-0.1294767251818182,22
2025-12-26,GOOGL,0.5153412597567568,0.16058787071891892,0.32407085999999996,0.8256660156756757,0.3547533905135135,37
2025-12-27,GOOGL,0.4395458410357143,0.33058865301785717,0.22986548826785716,0.8132007717857144,0.10895718610714288,28
2025-12-28,GOOGL,0.46867276396153845,0.22749088571153847,0.30383633526923076,0.8466909438461538,0.24118187823076923,26
2025-12-29,GOOGL,0.631244965125,0.2300261934125,0.13872883325000002,0.8304721374999999,0.4012187665,40
2025-12-30,GOOGL,0.5940884858888889,0.17133672597333333,0.23457479115555557,0.8217206962222222,0.4227517642222222,45
2025-12-31,GOOGL,0.5380457630454546,0.19485980271590908,0.26709442997727273,0.8679238497727273,0.3431859548522727,44
2026-01-01,GOOGL,0.48288155839534885,0.2830227528255814,0.2340956818139535,0.8342395062790697,0.19985880021023256,43
2026-01-02,GOOGL,0.4883110767446809,0.37384456928723403,0.1378443535531915,0.852499280212766,0.11446650468085107,47
2026-01-03,GOOGL,0.45487802953846157,0.30165027367307695,0.2434716903076923,0.8375868373076922,0.1532277526923077,26
2026-01-04,GOOGL,0.5848096179629629,0.2604255626851852,0.1547648128703704,0.8671055388888889,0.3243840596296296,27
2026-01-05,GOOGL,0.5220908901785715,0.2473864196875,0.23052269205357143,0.7886670505357143,0.27470447296428574,56
2026-01-06,GOOGL,0.5796392908625,0.2309550594925,0.18940565783750002,0.864357227,0.348684226575,40
2026-01-07,GOOGL,0.5888929124,0.19514644884545457,0.21596064330909093,0.8538729467272727,0.3937464620181818,55
2026-01-08,GOOGL,0.4783364408448276,0.2625514822810345,0.25911208351724135,0.813473036724138,0.21578495941724138,58
2026-01-09,GOOGL,0.56874183284,0.20187203306,0.22938612862,0.8250083024,0.36686979944000003,50
2026-01-10,GOOGL,0.44344708052000004,0.27100513726,0.28554779776,0.8045375832,0.17244194479999997,25
2026-01-11,GOOGL,0.6053246446142857,0.1929077596857143,0.20176758948571427,0.821674522,0.4124168774285714,35
2026-01-12,GOOGL,0.6691721924712644,0.10340289075632184,0.22742491747126437,0.8224120145977012,0.5657693028275862,87
2026-01-13,GOOGL,0.6266290966096385,0.16084260052650604,0.2125283010361446,0.8345344287951807,0.46578650086144574,83
2026-01-14,GOOGL,0.5326621608134329,0.23745017983880598,0.22988765995522387,0.8143591620895523,0.2952119828955224,67
2026-01-15,GOOGL,0.6075906244827586,0.20847617515689654,0.1839332140689655,0.8509646743103448,0.39911444995689654,58
2026-01-16,GOOGL,0.5316030073532259,0.2530414273064516,0.21535556637096775,0.8553975303225806,0.2785615798629032,62
2026-01-17,GOOGL,0.503952011296875,0.32032513775,0.17572284815625,0.8279383771875,0.1836268718125,32
2026-01-18,GOOGL,0.3630792420125,0.44522845346875,0.19169230953125,0.8891508946875,-0.0821492113125,32
2026-01-19,GOOGL,0.4937860545294117,0.26535138297058825,0.24086255988235294,0.8638025905882353,0.22843467038235293,34
2026-01-20,GOOGL,0.5835451386774193,0.25358775,0.1628671125,0.8534709738709678,0.3299573846725806,62
2026-01-21,GOOGL,0.5436348547592592,0.22607648838888889,0.23028865838888887,0.8520742768518518,0.3175583684074074,54
2026-01-22,GOOGL,0.5569637496416667,0.23769761253333332,0.20533863421666665,0.8542393861666666,0.3192661374,60
2026-01-23,GOOGL,0.6196491001454545,0.18878315361272727,0.19156774601818183,0.8653246307272727,0.43086594692727276,55
2026-01-24,GOOGL,0.5652013430769232,0.2040816387923077,0.23071701946153844,0.8428833200000001,0.3611197085769231,26
2026-01-25,GOOGL,0.5869823514193548,0.23869646893548388,0.17432117541935482,0.8183753974193548,0.34828587903225805,31
2026-01-26,GOOGL,0.6205387977142857,0.1962843204387755,0.18317688293877551,0.8044426661224489,0.42425447693877555,49
2026-01-27,GOOGL,0.60214557825,0.22450236890625,0.1733520566875,0.84953660421875,0.37764320578125,64
2026-01-28,GOOGL,0.6410829135813559,0.1996807412762712,0.15923634155932204,0.8747483632203389,0.44140217659322034,59
2026-01-29,GOOGL,0.5729843540714286,0.26758361323809526,0.15943203693650793,0.8485078225396825,0.30540073615873015,63
2026-01-30,GOOGL,0.5420361794056604,0.2966958146075472,0.16126800815094341,0.8610165460377358,0.24534036816981133,53
2026-01-31,GOOGL,0.5430495989166667,0.28051914826875,0.17643125008333335,0.8399017689583334,0.2625304554416667,48
2026-02-01,GOOGL,0.556958198640625,0.29175653659375,0.1512852726875,0.84136198,0.2652016659375,32
2026-02-02,GOOGL,0.5159494870923077,0.32320441724423077,0.16084609567307695,0.8539865990384615,0.19274507392307694,52
2026-02-03,GOOGL,0.57487630654,0.21891009494933333,0.20621359824,0.833346284,0.35596621197466666,75
2026-02-04,GOOGL,0.42384241343,0.375029742963,0.20112783721500002,0.8612755269,0.04881266875,100
2026-02-05,GOOGL,0.41614173823837214,0.39414874411627904,0.18970951074418604,0.8590369645348838,0.02199299805813954,86
2026-02-06,GOOGL,0.5025776533024692,0.355930400362963,0.14149195555555555,0.8778104043209877,0.14664725449382715,81
2026-02-07,GOOGL,0.48821043780612244,0.3459934581122449,0.16579610669387757,0.8325411165306122,0.1422169781857143,49
2026-02-08,GOOGL,0.6079521997352941,0.30119932391176474,0.0908484848235294,0.8848535123529412,0.3067528814705882,34
2026-02-09,GOOGL,0.5274805537416667,0.31285280470166665,0.1596666395,0.8490046028333332,0.2146277522895,60
2026-02-10,GOOGL,0.5715022826722223,0.2834585025977778,0.14503921349999999,0.8472185168888889,0.2880437807111111,90
2026-02-11,GOOGL,0.5060170794956522,0.35650574410652175,0.13747717479347826,0.8542780146739131,0.14951133707608696,92
2026-02-12,GOOGL,0.45623758485753424,0.38918237446575343,0.15458004375342466,0.8695492405479451,0.0670552087671233,73
2026-02-13,GOOGL,0.5700971112731343,0.28054885972537313,0.14935403045522389,0.8345671214925373,0.2895482566716418,67
2026-02-14,GOOGL,0.4167858241219512,0.4067093483,0.17650483078048781,0.8213966619512195,0.01007648090487804,41
2026-02-15,GOOGL,0.4653921683378378,0.3864814333459459,0.14812639678378378,0.8516541589189189,0.07891073324324324,37
2026-02-16,GOOGL,0.5665109764333334,0.28313028214,0.15035874533333335,0.8566579333333333,0.2833806971,30
2026-02-17,GOOGL,0.5636377499310344,0.28080363199655173,0.15555861852586206,0.8262291903448277,0.28283411775862066,58
2026-02-18,GOOGL,0.49117046337931036,0.23329814282413794,0.27553139291379314,0.801505742413793,0.25787231903448277,58
2026-02-19,GOOGL,0.5287853720153846,0.3045481911707692,0.16666644063846153,0.8470932235384616,0.22423718167692308,65
2026-02-20,GOOGL,0.5259732813090909,0.30513827172545455,0.16888845145454545,0.8535638483636364,0.22083500958181818,55
2026-02-21,GOOGL,0.546738441,0.22205768952682928,0.2312038685609756,0.8101822119512195,0.3246807536097561,41
2026-02-22,GOOGL,0.5185726874375,0.1439862072625,0.33744109921875,0.7739758240625,0.3745864851875,32
2026-02-23,GOOGL,0.49476363399464285,0.28602806192857144,0.21920831230357143,0.8576684289285714,0.20873557433928572,56
2026-02-24,GOOGL,0.528771719275,0.25837769265,0.21285058613333332,0.8441550028333334,0.2703940217833333,60
2026-02-25,GOOGL,0.5283564054642856,0.29606878384107144,0.17557479914285715,0.8411448785714286,0.23228761592857142,56
2026-02-26,GOOGL,0.5701094063559322,0.30104053583389834,0.1288500567118644,0.8488368440677966,0.2690688666101695,59
2026-02-27,GOOGL,0.5471588346949152,0.22936090075084747,0.22348026766101695,0.854695203559322,0.3177979373398305,59
2026-02-28,GOOGL,0.5386368879,0.28987930385897437,0.17148380651282052,0.8680171743589744,0.24875757912820512,39
2026-03-01,GOOGL,0.566056193325,0.3100464468,0.12389735115,0.8776172965000001,0.256009749125,40
2026-03-02,GOOGL,0.4730483895176471,0.3146327550803922,0.21231886456862745,0.883612984509804,0.1584156354117647,51
2026-03-03,GOOGL,0.5109565121698113,0.24487105369056603,0.24417243141509432,0.8141858058490565,0.2660854574528302,53
2026-03-04,GOOGL,0.5130079680689655,0.24505711382758621,0.24193492272413794,0.8451392991379311,0.2679508476034483,58
2026-03-05,GOOGL,0.574524717597015,0.240344576838806,0.18513069614925373,0.8290092008955224,0.3341801434283582,67
2026-03-06,GOOGL,0.5634462827142857,0.2721783979833334,0.1643753355,0.8650541242857143,0.29126788414285715,42
2026-03-07,GOOGL,0.4676148156969697,0.29848701445454545,0.23389816884848486,0.8449159451515151,0.16912780332121213,33
2026-03-08,GOOGL,0.528754652375,0.20435826919250002,0.2668870755625,0.8794269982499999,0.324396386035,40
2026-03-09,GOOGL,0.4536103247575758,0.3491553233333333,0.19723434964393938,0.8481364206060606,0.10445500614090908,66
2026-03-10,GOOGL,0.5624970422978723,0.2636606549680851,0.17384230140425533,0.8312866444680851,0.29883638174468086,47
2026-03-11,GOOGL,0.5508102166774194,0.20654080926774193,0.24264897496774193,0.8479037146774193,0.3442694034596774,62
2026-03-12,GOOGL,0.5007550334186046,0.31789156703488375,0.18135340309302325,0.8978638934883721,0.18286346425581393,43
2026-03-13,GOOGL,0.5447085473584906,0.2516207317188679,0.20367072035849057,0.8407759009433963,0.2930878176981132,53
2026-03-14,GOOGL,0.42854179093863637,0.28568713301363635,0.28577108163636367,0.8076149013636363,0.14285465673636363,44
2026-03-15,GOOGL,0.4520850639736842,0.31402967365789475,0.23388524918421053,0.8273927221052632,0.13805538702631578,38
2026-03-16,GOOGL,0.500240375486,0.2506515959,0.24910801883999997,0.8662403902,0.249588775712,50
2026-03-17,GOOGL,0.575609038,0.186963995615625,0.2374269551875,0.81122807546875,0.388645039953125,64
2026-03-18,GOOGL,0.5277072268224138,0.2474642415310345,0.22482853720689655,0.8879252029310345,0.2802429896551724,58
2026-03-19,GOOGL,0.4462942775140625,0.1781072772890625,0.3755984353125,0.82064110640625,0.2681869988671875,64
2026-03-20,GOOGL,0.49616276978813556,0.26591408378644066,0.23792314574576273,0.8635479986440677,0.23024868455008476,59
2026-03-21,GOOGL,0.331745743890625,0.384884189103125,0.2833700655,0.87556635,-0.053138446765625,32
2026-03-22,GOOGL,0.5012671117857143,0.2625412914785714,0.2361915987857143,0.8589299282142857,0.23872581918571428,28
2026-03-23,GOOGL,0.5010728484901961,0.15300978672745097,0.3459173638627451,0.8286819547058824,0.34806306285019606,51
2026-03-24,GOOGL,0.48620645223728814,0.29498079945423733,0.21881275461016947,0.8175565550847457,0.19122564508474577,59
2026-03-25,GOOGL,0.43114745555714284,0.338374991512987,0.23047755853246754,0.8671844009090909,0.09277246506883116,77
2026-03-26,GOOGL,0.40608418263478263,0.36318620177717387,0.2307296120978261,0.8484696440217391,0.042897979417391305,92
2026-03-27,GOOGL,0.29042041609333336,0.49747241470666664,0.21210716769333332,0.8644265734666667,-0.20705200198,75
2026-03-28,GOOGL,0.34440360064864867,0.4749826811486486,0.18061371318918917,0.8713510167567567,-0.13057907527027027,37
2026-03-29,GOOGL,0.381937191,0.34493380673749996,0.273128997325,0.87653154525,0.03700338563750001,40
2026-03-30,GOOGL,0.3200973956666667,0.3943548375128205,0.28554777205128207,0.8580849784615384,-0.0742574425051282,39
2026-03-31,GOOGL,0.549998923231884,0.28328953402898555,0.16671155726086956,0.8564339107246376,0.2667093876521739,69
2026-04-01,GOOGL,0.44118653423835613,0.3499973537287671,0.20881611160273975,0.8224817080821918,0.09118918008219178,73
2026-04-02,GOOGL,0.5421045985581395,0.1561029177744186,0.3017924791860465,0.8435472020930233,0.38600168021627906,43
2026-04-03,GOOGL,0.48088844077777776,0.30834192761944446,0.21076962558333334,0.8548693919444444,0.1725465175,36
2026-04-04,GOOGL,0.3124551859814815,0.38745127960370374,0.3000935381111111,0.8583163366666667,-0.07499609198148148,27
2026-04-05,GOOGL,0.5852789291333332,0.06820632651333333,0.3465147384,0.843880776,0.5170726058666666,15
2026-04-06,GOOGL,0.5857824103636364,0.16612050309848483,0.2480970941439394,0.8620888290909091,0.4196619058787879,66
2026-04-07,GOOGL,0.5444476628375,0.23782703756874998,0.2177252937625,0.832676060875,0.30662062274375,80
2026-04-08,GOOGL,0.5928761624537037,0.1894588675648148,0.2176649632037037,0.8748277877777778,0.4034172934814815,54
2026-04-09,GOOGL,0.561785644475,0.17961632466666666,0.25859804262499997,0.8591338186666667,0.38216931925,60
2026-04-10,GOOGL,0.6805283736727273,0.10576089355636363,0.21371072798181817,0.8321906278181818,0.5747674820545454,55
2026-04-11,GOOGL,0.5035687703030304,0.1396760174969697,0.35675521115151515,0.8121971963636363,0.36389275456060605,33
2026-04-12,GOOGL,0.45880616571,0.29393298826250003,0.24726083440000002,0.83311621025,0.164873170675,40
2026-04-13,GOOGL,0.42295287630681816,0.3415492681159091,0.2354978584659091,0.8288259113636364,0.0814036085,44
2026-04-14,GOOGL,0.5813339010655738,0.17557146432459017,0.24309464059016395,0.8129239140983606,0.40576243939344264,61
2026-04-15,GOOGL,0.5540217615932204,0.2560516104,0.18992662525423729,0.8436042144067797,0.2979701518813559,59
2026-04-16,GOOGL,0.5333760077461538,0.21307736642769232,0.2535466307384615,0.8554412635384616,0.32029864153076926,65
2026-04-17,GOOGL,0.5587992215272728,0.19447430563636364,0.2467264708909091,0.822479749090909,0.36432491037527276,55
2026-04-18,GOOGL,0.5263031315689656,0.19132493891034483,0.28237192813793105,0.838918271724138,0.3349781903315517,58
2026-04-19,GOOGL,0.43830077301000003,0.066263430056,0.49543579345,0.7305426321999999,0.37203734327,100
2026-04-20,GOOGL,0.5749352205163935,0.09896307094672131,0.326101713295082,0.8058863141803279,0.47597214579344266,122
2026-04-21,GOOGL,0.47742293298630134,0.1409628249876712,0.3816142383424658,0.8087528354794521,0.3364601103246575,73
2026-04-22,GOOGL,0.6309238439204545,0.15443619107045456,0.214639963875,0.8347929372727272,0.4764876524545455,88
2026-04-23,GOOGL,0.5638022311923077,0.1801540012551282,0.25604377244871795,0.8272966223076923,0.38364823519230773,78
2026-04-24,GOOGL,0.5639457394829545,0.24537841922386364,0.19067583134090912,0.8529146204545455,0.3185673204340909,88
2026-04-25,GOOGL,0.5358623074117647,0.3423142041852941,0.1218234923235294,0.8717090152941177,0.19354810402941178,34
2026-04-26,GOOGL,0.47667396815625,0.29247614756875,0.23084987754166666,0.8544712335416667,0.184197819125,48
2026-04-27,GOOGL,0.5225159241370371,0.22028845091975308,0.25719562602469137,0.8413087201234568,0.30222747130246913,81
2026-04-28,GOOGL,0.5421400062571428,0.2489784912785714,0.2088815091714286,0.8658158248571429,0.2931615158685714,70
2026-04-29,GOOGL,0.5700934785606061,0.23842597857171716,0.19148054761616162,0.8572678026262626,0.33166750183838384,99
2026-04-30,GOOGL,0.6033754261185841,0.2369153888318584,0.1597091792920354,0.8839656504424779,0.36646003605309735,113
