Date,ticker,llm_positive,llm_negative,llm_neutral,llm_confidence,llm_score,llm_relevance,llm_impact_magnitude,llm_uncertainty,news_count
2023-05-01,MSFT,0.1976357142857143,0.15997857142857144,0.6423857142857142,0.6222142857142857,0.06797857142857143,0.7207142857142858,0.4242857142857143,0.2975,14
2023-05-02,MSFT,0.18261176470588236,0.1885470588235294,0.6288352941176472,0.6186941176470588,-0.015452941176470588,0.7247058823529412,0.4576470588235294,0.26735294117647057,17
2023-05-03,MSFT,0.1881148148148148,0.16184444444444443,0.6500407407407407,0.616862962962963,0.053848148148148145,0.7092592592592593,0.43370370370370376,0.30944444444444447,27
2023-05-04,MSFT,0.185368,0.17197600000000002,0.6426479999999999,0.615768,0.029820000000000003,0.6872,0.494,0.2952,25
2023-05-05,MSFT,0.19512307692307693,0.17545384615384615,0.6294230769230769,0.6170307692307693,0.042815384615384616,0.7015384615384617,0.4776923076923077,0.2653846153846154,13
2023-05-06,MSFT,0.1628,0.18616666666666667,0.6510333333333334,0.6075333333333334,-0.055966666666666665,0.6033333333333334,0.35666666666666663,0.2833333333333334,3
2023-05-07,MSFT,0.16403333333333334,0.2186,0.6173666666666667,0.6233666666666666,-0.10659999999999999,0.7866666666666666,0.45,0.265,3
2023-05-08,MSFT,0.17368,0.16739333333333334,0.6589200000000001,0.6116933333333333,0.014806666666666664,0.65,0.37133333333333335,0.30133333333333334,15
2023-05-09,MSFT,0.18707272727272725,0.1628590909090909,0.6500681818181818,0.6079181818181818,0.045145454545454544,0.6068181818181818,0.4127272727272727,0.32681818181818184,22
2023-05-10,MSFT,0.1547933333333333,0.21959333333333333,0.62562,0.6303733333333333,-0.09354,0.702,0.44266666666666665,0.3026666666666667,15
2023-05-11,MSFT,0.19935263157894736,0.1630157894736842,0.6376315789473684,0.6230842105263158,0.06417368421052631,0.7389473684210527,0.38473684210526315,0.2752631578947369,19
2023-05-12,MSFT,0.16576,0.15971,0.6745300000000001,0.6172,0.01449,0.706,0.346,0.3055,10
2023-05-13,MSFT,0.1788,0.16585999999999998,0.65534,0.6069,0.03374,0.58,0.41,0.273,5
2023-05-14,MSFT,0.165375,0.1844,0.650225,0.6104,-0.04385,0.6275,0.49,0.31,4
2023-05-15,MSFT,0.17630416666666668,0.17719166666666666,0.6465,0.6154833333333333,0.002141666666666668,0.695,0.3979166666666667,0.29354166666666665,24
2023-05-16,MSFT,0.177732,0.176144,0.6461159999999999,0.621772,0.0034999999999999996,0.7528,0.45640000000000003,0.28200000000000003,25
2023-05-17,MSFT,0.17294117647058824,0.17508823529411766,0.6519705882352941,0.614970588235294,-0.0038117647058823526,0.6788235294117647,0.41823529411764704,0.28647058823529414,17
2023-05-18,MSFT,0.17874375,0.162,0.65925625,0.60638125,0.0398625,0.590625,0.43624999999999997,0.328125,16
2023-05-19,MSFT,0.17525714285714283,0.17394285714285715,0.6507857142857143,0.6122357142857143,0.001778571428571429,0.6464285714285715,0.41714285714285715,0.28071428571428575,14
2023-05-20,MSFT,0.1564,0.1564,0.6871999999999999,0.6120857142857143,0.0,0.6514285714285715,0.29857142857142854,0.31928571428571434,7
2023-05-21,MSFT,0.1709285714285714,0.16285714285714284,0.6662,0.6106,0.019028571428571426,0.6271428571428572,0.37857142857142856,0.29285714285714287,7
2023-05-22,MSFT,0.17317,0.16751,0.65931,0.6068100000000001,0.014589999999999997,0.597,0.43,0.329,10
2023-05-23,MSFT,0.17666206896551723,0.16492413793103447,0.658406896551724,0.6117931034482759,0.028334482758620688,0.6382758620689656,0.4444827586206897,0.2970689655172414,29
2023-05-24,MSFT,0.17290416666666666,0.17280416666666665,0.6542958333333333,0.6165708333333334,0.002900000000000001,0.6970833333333334,0.45416666666666666,0.30354166666666665,24
2023-05-25,MSFT,0.20309999999999997,0.16412608695652176,0.6327782608695652,0.6167434782608696,0.07099565217391304,0.6621739130434783,0.4973913043478261,0.28956521739130436,23
2023-05-26,MSFT,0.21177916666666666,0.16926666666666668,0.6189666666666667,0.6138208333333334,0.0779875,0.6383333333333333,0.49583333333333335,0.279375,24
2023-05-27,MSFT,0.16255,0.16255,0.6748999999999999,0.6102,0.0,0.61625,0.45625,0.32125000000000004,8
2023-05-28,MSFT,0.17121999999999998,0.19718,0.6316200000000001,0.6188800000000001,-0.049240000000000006,0.7220000000000001,0.48999999999999994,0.273,5
2023-05-29,MSFT,0.1696,0.1567285714285714,0.6736857142857142,0.6014428571428571,0.029885714285714286,0.5414285714285715,0.2957142857142857,0.3192857142857143,7
2023-05-30,MSFT,0.19937307692307693,0.16666923076923076,0.6339538461538462,0.6240884615384614,0.05748846153846154,0.7269230769230769,0.4461538461538461,0.27461538461538465,26
2023-05-31,MSFT,0.21875454545454545,0.18152727272727273,0.5997136363636364,0.6284590909090909,0.051490909090909094,0.7095454545454545,0.5181818181818182,0.2802272727272727,22
2023-06-01,MSFT,0.17718571428571428,0.16590476190476192,0.6569095238095238,0.6074095238095237,0.024738095238095236,0.5947619047619048,0.4280952380952381,0.30333333333333334,21
2023-06-02,MSFT,0.16633333333333333,0.17133333333333334,0.6623249999999999,0.6071083333333334,-0.007266666666666667,0.6008333333333333,0.395,0.32333333333333336,12
2023-06-03,MSFT,0.17804285714285714,0.1807642857142857,0.6411714285714286,0.6114785714285714,-0.0001571428571428557,0.6428571428571429,0.49571428571428566,0.3032142857142857,14
2023-06-04,MSFT,0.178,0.1638875,0.6581,0.6119875,0.0334625,0.64125,0.3825,0.275625,8
2023-06-05,MSFT,0.16916470588235294,0.18796470588235292,0.6428705882352941,0.6143235294117647,-0.028476470588235294,0.6335294117647059,0.40941176470588236,0.2826470588235294,17
2023-06-06,MSFT,0.2041111111111111,0.17012777777777777,0.6257611111111111,0.6137555555555555,0.07268333333333334,0.6833333333333333,0.4488888888888889,0.29333333333333333,18
2023-06-07,MSFT,0.1789235294117647,0.17740588235294116,0.6436647058823529,0.6099,0.0026294117647058784,0.6494117647058824,0.4758823529411765,0.3579411764705882,17
2023-06-08,MSFT,0.18817499999999998,0.17075833333333335,0.6410666666666667,0.6124583333333333,0.034633333333333335,0.6591666666666667,0.4766666666666666,0.30833333333333335,12
2023-06-09,MSFT,0.20271499999999998,0.161315,0.635975,0.616635,0.071545,0.6605000000000001,0.458,0.28450000000000003,20
2023-06-10,MSFT,0.2187857142857143,0.16495714285714286,0.6162285714285715,0.6165714285714285,0.09935714285714285,0.66,0.48142857142857143,0.25285714285714284,7
2023-06-11,MSFT,0.19768,0.16984,0.6324799999999999,0.6184000000000001,0.06504000000000001,0.708,0.45,0.24000000000000005,5
2023-06-12,MSFT,0.20505294117647058,0.18511176470588236,0.609835294117647,0.6268411764705882,0.042800000000000005,0.7094117647058824,0.5123529411764707,0.29352941176470587,17
2023-06-13,MSFT,0.187228,0.176956,0.6358039999999999,0.6112839999999999,0.018948,0.6452,0.49079999999999996,0.3024,25
2023-06-14,MSFT,0.16694117647058823,0.1763235294117647,0.6567294117647059,0.6119176470588235,-0.017317647058823528,0.6441176470588235,0.41352941176470587,0.2932352941176471,17
2023-06-15,MSFT,0.1792923076923077,0.16457307692307693,0.6561346153846154,0.6069961538461539,0.03415,0.5957692307692308,0.4492307692307692,0.3225,26
2023-06-16,MSFT,0.18346410256410256,0.16617435897435898,0.6503692307692308,0.6058974358974358,0.04261794871794872,0.5738461538461538,0.4741025641025641,0.29935897435897435,39
2023-06-17,MSFT,0.1882111111111111,0.16516666666666666,0.6466222222222222,0.6076111111111111,0.05402222222222222,0.5955555555555556,0.39888888888888885,0.2711111111111111,9
2023-06-18,MSFT,0.1568,0.1568,0.6864,0.6088,0.0,0.615,0.33999999999999997,0.335,2
2023-06-19,MSFT,0.16511666666666666,0.20375,0.63115,0.6133166666666666,-0.08390000000000002,0.6733333333333333,0.49,0.30583333333333335,6
2023-06-20,MSFT,0.1898421052631579,0.17107368421052632,0.6390842105263158,0.6156684210526315,0.037073684210526314,0.69,0.4368421052631579,0.27763157894736845,19
2023-06-21,MSFT,0.1686,0.16781666666666664,0.6635833333333333,0.6178833333333333,0.0019333333333333327,0.6958333333333333,0.4716666666666667,0.2883333333333334,12
2023-06-22,MSFT,0.18962222222222222,0.16304444444444444,0.6473444444444445,0.6147222222222222,0.05104444444444444,0.66,0.4255555555555556,0.2952777777777778,18
2023-06-23,MSFT,0.197725,0.16344166666666668,0.6388416666666666,0.6161583333333334,0.06803333333333333,0.6933333333333334,0.42166666666666663,0.27416666666666667,12
2023-06-24,MSFT,0.16444444444444445,0.1603222222222222,0.6752222222222222,0.6090222222222222,0.010955555555555555,0.6111111111111112,0.36333333333333334,0.30833333333333335,9
2023-06-25,MSFT,0.19893333333333332,0.17066666666666666,0.6304,0.6045333333333333,0.07246666666666667,0.5566666666666666,0.47,0.25833333333333336,3
2023-06-26,MSFT,0.1621904761904762,0.16614285714285715,0.6716666666666666,0.6097380952380952,-0.007466666666666667,0.6171428571428572,0.38999999999999996,0.30642857142857144,21
2023-06-27,MSFT,0.17093333333333333,0.17225185185185185,0.6568259259259259,0.6149518518518519,-0.0003259259259259265,0.6681481481481482,0.43666666666666665,0.277037037037037,27
2023-06-28,MSFT,0.17869375,0.1770125,0.64429375,0.61549375,0.01080625,0.698125,0.3925,0.294375,16
2023-06-29,MSFT,0.17541052631578946,0.20988421052631578,0.6147052631578948,0.6233315789473683,-0.04606842105263158,0.6647368421052632,0.49526315789473685,0.26184210526315793,19
2023-06-30,MSFT,0.16024117647058822,0.21266470588235295,0.6270823529411764,0.6320117647058823,-0.06837647058823529,0.723529411764706,0.48411764705882354,0.30058823529411766,17
2023-07-01,MSFT,0.17445,0.17212999999999998,0.65343,0.6101,0.004570000000000002,0.622,0.398,0.2785,10
2023-07-02,MSFT,0.1604,0.1604,0.6792000000000001,0.6204000000000001,0.0,0.7433333333333333,0.5033333333333333,0.37166666666666665,3
2023-07-03,MSFT,0.19827999999999998,0.16048,0.6412333333333333,0.6091933333333334,0.07870666666666667,0.6353333333333333,0.4246666666666667,0.32133333333333336,15
2023-07-04,MSFT,0.18309999999999998,0.1973111111111111,0.6195777777777778,0.6172888888888889,-0.005522222222222216,0.6855555555555556,0.42333333333333334,0.2783333333333333,9
2023-07-05,MSFT,0.19720526315789474,0.18092631578947369,0.6218578947368422,0.6200631578947369,0.031599999999999996,0.7310526315789474,0.48736842105263156,0.25763157894736843,19
2023-07-06,MSFT,0.2085181818181818,0.16493636363636363,0.6265454545454546,0.6177272727272727,0.07557272727272728,0.6745454545454546,0.38272727272727275,0.29045454545454547,11
2023-07-07,MSFT,0.172405,0.16933,0.658265,0.60639,0.005399999999999999,0.584,0.368,0.286,20
2023-07-08,MSFT,0.16519999999999999,0.1600818181818182,0.6747272727272727,0.6056272727272728,0.014154545454545454,0.5763636363636363,0.3772727272727272,0.32136363636363635,11
2023-07-09,MSFT,0.1604,0.1604,0.6792,0.6064,0.0,0.58,0.43,0.335,1
2023-07-10,MSFT,0.22096,0.19909333333333332,0.5799333333333333,0.61092,0.049653333333333334,0.616,0.578,0.32266666666666666,15
2023-07-11,MSFT,0.17890967741935485,0.20130967741935482,0.6197741935483871,0.6231645161290323,-0.028819354838709683,0.7293548387096774,0.4712903225806451,0.2932258064516129,31
2023-07-12,MSFT,0.16893870967741936,0.16821290322580645,0.6628451612903227,0.6196064516129032,-0.00031935483870967717,0.727741935483871,0.42354838709677417,0.2990322580645161,31
2023-07-13,MSFT,0.18439166666666665,0.19658333333333333,0.6190208333333334,0.6194666666666667,-0.01702083333333333,0.7254166666666667,0.5716666666666667,0.3047916666666667,24
2023-07-14,MSFT,0.21118800000000001,0.17042400000000002,0.6183919999999999,0.629712,0.052072,0.6992,0.4808,0.2892,25
2023-07-15,MSFT,0.16418,0.16921,0.66662,0.61773,-0.01239,0.701,0.45199999999999996,0.30300000000000005,10
2023-07-16,MSFT,0.158,0.1802,0.6617999999999999,0.6133666666666667,-0.055266666666666665,0.6833333333333332,0.26333333333333336,0.3016666666666667,3
2023-07-17,MSFT,0.17660869565217394,0.1631391304347826,0.6602565217391304,0.6115652173913044,0.03248695652173913,0.6430434782608695,0.44565217391304346,0.31782608695652176,23
2023-07-18,MSFT,0.19386060606060607,0.18239090909090908,0.6237454545454546,0.6274060606060606,0.01336969696969697,0.7736363636363637,0.5236363636363637,0.2977272727272728,33
2023-07-19,MSFT,0.1996243243243243,0.17355945945945947,0.6268189189189189,0.6238837837837838,0.05396216216216216,0.7891891891891891,0.5029729729729729,0.2964864864864865,37
2023-07-20,MSFT,0.22213478260869565,0.17474347826086956,0.6031260869565217,0.6352826086956521,0.06349565217391304,0.7630434782608696,0.53,0.2893478260869565,23
2023-07-21,MSFT,0.1869181818181818,0.1711681818181818,0.6419181818181818,0.6164681818181819,0.022695454545454543,0.6590909090909091,0.44045454545454543,0.2845454545454546,22
2023-07-22,MSFT,0.17573333333333332,0.16776666666666665,0.6565,0.6244,0.020966666666666665,0.77,0.49,0.2833333333333334,3
2023-07-23,MSFT,0.17874285714285715,0.17378571428571427,0.6474857142857143,0.6136285714285714,0.01237142857142857,0.6785714285714286,0.3471428571428571,0.28785714285714287,7
2023-07-24,MSFT,0.1956655172413793,0.17039310344827585,0.6339413793103448,0.6163068965517242,0.049213793103448276,0.6989655172413793,0.5203448275862069,0.3020689655172414,29
2023-07-25,MSFT,0.21064750000000002,0.170655,0.6187025,0.6250924999999999,0.0627275,0.69775,0.5519999999999999,0.290875,40
2023-07-26,MSFT,0.2378595744680851,0.17128297872340426,0.5908574468085106,0.6236808510638298,0.11933829787234043,0.7370212765957447,0.6017021276595745,0.2968085106382979,47
2023-07-27,MSFT,0.19872608695652172,0.19213913043478262,0.6091304347826086,0.6161695652173913,0.015573913043478257,0.6856521739130435,0.4930434782608696,0.28108695652173915,23
2023-07-28,MSFT,0.17082727272727272,0.16125454545454546,0.6679181818181819,0.6069545454545454,0.023745454545454545,0.5927272727272728,0.41727272727272724,0.32636363636363636,11
2023-07-29,MSFT,0.18705000000000002,0.16369999999999998,0.6492333333333333,0.6095,0.06076666666666667,0.6266666666666667,0.33666666666666667,0.2758333333333333,6
2023-07-30,MSFT,0.15866666666666665,0.15866666666666665,0.6826666666666666,0.6141166666666668,0.0,0.6666666666666666,0.3133333333333333,0.29833333333333334,6
2023-07-31,MSFT,0.19143125,0.16521875,0.64335,0.61423125,0.0498375,0.6625,0.466875,0.3,16
2023-08-01,MSFT,0.16693636363636363,0.16890909090909093,0.6641454545454546,0.6186363636363637,-0.004681818181818184,0.7190909090909091,0.4518181818181818,0.31681818181818183,11
2023-08-02,MSFT,0.17282307692307694,0.1981,0.6290769230769231,0.6127230769230769,-0.04836923076923077,0.6615384615384615,0.583076923076923,0.32346153846153847,13
2023-08-03,MSFT,0.18060714285714288,0.18685,0.6325428571428572,0.6137857142857143,-0.014935714285714287,0.6671428571428571,0.4828571428571428,0.27892857142857147,14
2023-08-04,MSFT,0.18990625,0.1734375,0.63665625,0.6140187500000001,0.0292875,0.673125,0.5025000000000001,0.30062500000000003,16
2023-08-05,MSFT,0.19865714285714287,0.1628285714285714,0.6385,0.6116428571428572,0.06834285714285714,0.6442857142857142,0.41000000000000003,0.2671428571428572,7
2023-08-06,MSFT,0.1677,0.15842499999999998,0.67385,0.609975,0.02465,0.6325000000000001,0.305,0.31,4
2023-08-07,MSFT,0.20129000000000002,0.16902,0.62969,0.61048,0.06578999999999999,0.64,0.5740000000000001,0.3305,10
2023-08-08,MSFT,0.19212307692307695,0.16493846153846153,0.6429461538461538,0.6197307692307692,0.049923076923076924,0.7092307692307693,0.49769230769230766,0.2857692307692308,13
2023-08-09,MSFT,0.1864409090909091,0.17231818181818181,0.64125,0.6132818181818182,0.022504545454545454,0.6713636363636364,0.44136363636363635,0.3029545454545455,22
2023-08-10,MSFT,0.16264117647058823,0.16287058823529413,0.6744823529411765,0.6154823529411765,-0.0005941176470588234,0.6870588235294117,0.3735294117647059,0.3164705882352941,17
2023-08-11,MSFT,0.18232857142857142,0.16794285714285714,0.6497285714285714,0.6030071428571429,0.037328571428571426,0.5585714285714286,0.40285714285714286,0.3135714285714286,14
2023-08-12,MSFT,0.16735,0.205525,0.6271125,0.61925,-0.054825,0.65375,0.4475,0.261875,8
2023-08-13,MSFT,0.20676666666666668,0.16953333333333334,0.6237,0.6193666666666667,0.09049999999999998,0.73,0.39666666666666667,0.2316666666666667,3
2023-08-14,MSFT,0.19725454545454546,0.17792727272727274,0.6248090909090909,0.62,0.03297272727272727,0.7263636363636364,0.4754545454545455,0.2977272727272728,11
2023-08-15,MSFT,0.16771666666666665,0.18835555555555555,0.6439222222222223,0.6049666666666667,-0.03655,0.5672222222222223,0.445,0.31277777777777777,18
2023-08-16,MSFT,0.18099473684210526,0.17027894736842106,0.6487210526315789,0.6108368421052631,0.025821052631578946,0.6326315789473684,0.45210526315789473,0.29447368421052633,19
2023-08-17,MSFT,0.1728909090909091,0.1621272727272727,0.6649818181818182,0.6122,0.026309090909090907,0.6463636363636364,0.3590909090909091,0.2863636363636364,11
2023-08-18,MSFT,0.17189166666666666,0.17728333333333332,0.6508416666666667,0.6135333333333334,-0.009525,0.6733333333333333,0.4266666666666667,0.3129166666666667,12
2023-08-19,MSFT,0.1795,0.1639,0.6566,0.61105,0.036975,0.6325000000000001,0.395,0.28250000000000003,4
2023-08-20,MSFT,0.15739999999999998,0.15739999999999998,0.6852,0.6186,0.0,0.735,0.52,0.4175,2
2023-08-21,MSFT,0.18207272727272725,0.16199090909090907,0.6559181818181817,0.6122454545454545,0.04632727272727273,0.6572727272727273,0.4063636363636363,0.3109090909090909,11
2023-08-22,MSFT,0.20633076923076923,0.16889230769230767,0.6247730769230769,0.6127461538461538,0.08073461538461538,0.66,0.49153846153846154,0.2790384615384615,26
2023-08-23,MSFT,0.18722272727272726,0.16270909090909091,0.6500636363636363,0.61065,0.05193181818181818,0.6359090909090909,0.4268181818181818,0.3006818181818182,22
2023-08-24,MSFT,0.19652083333333334,0.16867083333333333,0.6348083333333333,0.6097666666666667,0.058458333333333334,0.6241666666666666,0.4608333333333334,0.28125,24
2023-08-25,MSFT,0.20395,0.16036666666666666,0.635675,0.6137916666666666,0.07054166666666666,0.5883333333333334,0.4375,0.3145833333333333,12
2023-08-26,MSFT,0.17208333333333334,0.16513333333333333,0.6627833333333334,0.6084166666666667,0.015983333333333332,0.615,0.5033333333333333,0.36083333333333334,6
2023-08-27,MSFT,0.2026,0.1851,0.61225,0.6103000000000001,0.03735,0.675,0.38,0.3175,2
2023-08-28,MSFT,0.1586,0.17565999999999998,0.66575,0.6104,-0.03342,0.637,0.374,0.31900000000000006,10
2023-08-29,MSFT,0.21128095238095237,0.17706666666666665,0.611647619047619,0.62,0.05783809523809523,0.6757142857142857,0.5952380952380952,0.32404761904761903,21
2023-08-30,MSFT,0.183775,0.16626666666666667,0.6499666666666667,0.616625,0.041091666666666665,0.6933333333333334,0.4766666666666666,0.29375,12
2023-08-31,MSFT,0.19378666666666666,0.17172666666666667,0.6344733333333333,0.6094133333333333,0.045259999999999995,0.624,0.45,0.2856666666666667,15
2023-09-01,MSFT,0.15897777777777777,0.16984444444444444,0.6711777777777778,0.6149222222222223,-0.024011111111111108,0.6866666666666666,0.36333333333333334,0.3205555555555556,9
2023-09-02,MSFT,0.1798,0.1778666666666667,0.6423,0.6029333333333333,0.004033333333333333,0.5566666666666666,0.29,0.2583333333333333,3
2023-09-03,MSFT,0.15639999999999998,0.15639999999999998,0.6872,0.5965499999999999,0.0,0.475,0.3,0.32,2
2023-09-04,MSFT,0.1889,0.16355,0.64755,0.609625,0.064,0.6275000000000001,0.315,0.26375,4
2023-09-05,MSFT,0.18192,0.18017,0.63791,0.61486,0.012060000000000005,0.6900000000000001,0.392,0.281,10
2023-09-06,MSFT,0.1755,0.160765,0.663735,0.6119,0.03258,0.655,0.469,0.35150000000000003,20
2023-09-07,MSFT,0.17380666666666666,0.20258666666666666,0.6235999999999999,0.6131666666666666,-0.04910666666666666,0.662,0.5226666666666666,0.313,15
2023-09-08,MSFT,0.1593,0.17157333333333333,0.6691266666666666,0.6072666666666666,-0.026773333333333333,0.6006666666666667,0.38866666666666666,0.3283333333333333,15
2023-09-09,MSFT,0.16174,0.16992000000000002,0.6683399999999999,0.60944,-0.01976,0.618,0.434,0.326,5
2023-09-10,MSFT,0.17016666666666666,0.18336666666666668,0.6465,0.6133666666666667,-0.032266666666666666,0.6433333333333334,0.55,0.2833333333333334,3
2023-09-11,MSFT,0.17895000000000003,0.17704166666666665,0.6439958333333333,0.6153083333333333,0.006695833333333331,0.6879166666666667,0.44083333333333335,0.29250000000000004,24
2023-09-12,MSFT,0.19486666666666666,0.1698625,0.6352708333333333,0.6112333333333333,0.04939583333333333,0.6454166666666666,0.4691666666666667,0.2960416666666667,24
2023-09-13,MSFT,0.17922,0.17087,0.649905,0.6102000000000001,0.014410000000000001,0.63,0.417,0.29500000000000004,20
2023-09-14,MSFT,0.16344666666666666,0.20754666666666666,0.6290066666666667,0.6292733333333334,-0.07207999999999999,0.7393333333333333,0.5093333333333333,0.29766666666666663,15
2023-09-15,MSFT,0.17854090909090908,0.20251363636363637,0.61895,0.6188181818181818,-0.021413636363636357,0.6122727272727273,0.4777272727272727,0.29704545454545456,22
2023-09-16,MSFT,0.16396666666666668,0.15974444444444444,0.6762888888888888,0.6133888888888889,0.010955555555555555,0.6644444444444445,0.3922222222222222,0.32944444444444443,9
2023-09-17,MSFT,0.16004000000000002,0.17216,0.6678,0.61076,-0.03002,0.636,0.294,0.28200000000000003,5
2023-09-18,MSFT,0.19140833333333332,0.19904999999999998,0.6095416666666666,0.6139083333333334,-0.016983333333333333,0.6783333333333333,0.4749999999999999,0.2575,12
2023-09-19,MSFT,0.1617705882352941,0.1965705882352941,0.6416588235294118,0.6165999999999999,-0.051164705882352945,0.6152941176470589,0.46588235294117647,0.3261764705882353,17
2023-09-20,MSFT,0.16821818181818182,0.16245909090909091,0.6693272727272727,0.6115772727272728,0.013836363636363636,0.6404545454545455,0.35818181818181816,0.2965909090909091,22
2023-09-21,MSFT,0.20732352941176468,0.16594117647058826,0.6267235294117647,0.6255588235294117,0.06647058823529413,0.7123529411764705,0.4917647058823529,0.2952941176470589,17
2023-09-22,MSFT,0.174075,0.17219500000000001,0.653735,0.61687,0.0062250000000000005,0.7025,0.43,0.29875,20
2023-09-23,MSFT,0.1712625,0.162375,0.66635,0.61585,0.024225,0.69125,0.415,0.316875,8
2023-09-24,MSFT,0.17362,0.1617,0.66467,0.61162,0.027749999999999997,0.644,0.41200000000000003,0.31500000000000006,10
2023-09-25,MSFT,0.2076,0.15990000000000001,0.6325,0.6256083333333333,0.08500833333333334,0.7362500000000001,0.4666666666666666,0.30583333333333335,24
2023-09-26,MSFT,0.18540909090909088,0.16748181818181818,0.6470954545454546,0.6107954545454546,0.0406,0.6404545454545455,0.4722727272727273,0.31795454545454543,22
2023-09-27,MSFT,0.190695,0.16892000000000001,0.64039,0.61721,0.04776,0.7015,0.47400000000000003,0.27925,20
2023-09-28,MSFT,0.17459333333333332,0.18714,0.6382733333333334,0.6153666666666666,-0.013826666666666664,0.6873333333333334,0.44599999999999995,0.31133333333333335,15
2023-09-29,MSFT,0.1658,0.17111333333333334,0.6631,0.6155666666666666,-0.011546666666666667,0.69,0.4233333333333333,0.31833333333333336,15
2023-09-30,MSFT,0.18313333333333334,0.16776666666666665,0.6491166666666667,0.61455,0.03641666666666666,0.6666666666666666,0.5483333333333333,0.31083333333333335,6
2023-10-01,MSFT,0.1883857142857143,0.18039999999999998,0.6311857142857143,0.6117714285714285,0.02137142857142857,0.64,0.3814285714285714,0.2307142857142857,7
2023-10-02,MSFT,0.20342105263157895,0.1843842105263158,0.6122052631578947,0.6146947368421053,0.047605263157894734,0.6852631578947368,0.5031578947368421,0.2681578947368421,19
2023-10-03,MSFT,0.17235384615384616,0.16553461538461536,0.6621038461538462,0.6103692307692308,0.017676923076923076,0.6353846153846153,0.4146153846153846,0.32403846153846155,26
2023-10-04,MSFT,0.16672857142857142,0.1628214285714286,0.67045,0.6141428571428572,0.010207142857142857,0.6621428571428571,0.40857142857142853,0.2989285714285715,14
2023-10-05,MSFT,0.1925,0.18039333333333332,0.6271,0.6119333333333333,0.032806666666666665,0.66,0.42733333333333334,0.2823333333333334,15
2023-10-06,MSFT,0.17305833333333331,0.17706666666666668,0.6498833333333333,0.6136,-0.015241666666666666,0.6883333333333334,0.44166666666666665,0.3491666666666667,12
2023-10-07,MSFT,0.20536666666666667,0.17163333333333333,0.6229666666666667,0.6086666666666667,0.08513333333333334,0.6033333333333334,0.4366666666666667,0.2316666666666667,3
2023-10-08,MSFT,0.1622,0.19115,0.6467,0.6072,-0.07505,0.615,0.36,0.3125,2
2023-10-09,MSFT,0.18507692307692306,0.1696769230769231,0.6452384615384615,0.612423076923077,0.038246153846153846,0.6561538461538461,0.47,0.30730769230769234,13
2023-10-10,MSFT,0.17592105263157895,0.17964736842105264,0.6444315789473684,0.6120368421052632,-0.003294736842105264,0.6547368421052632,0.43631578947368416,0.3010526315789474,19
2023-10-11,MSFT,0.17537368421052632,0.1684157894736842,0.6562157894736842,0.6137526315789474,0.014289473684210527,0.671578947368421,0.45894736842105266,0.3236842105263158,19
2023-10-12,MSFT,0.1745470588235294,0.1659176470588235,0.6595411764705882,0.6148117647058824,0.021629411764705883,0.6817647058823529,0.4641176470588235,0.3273529411764706,17
2023-10-13,MSFT,0.18759259259259262,0.17641481481481483,0.6360037037037037,0.6160962962962963,0.023737037037037032,0.7022222222222223,0.5144444444444445,0.31685185185185183,27
2023-10-14,MSFT,0.189,0.17726,0.6337200000000001,0.61266,0.02942,0.642,0.454,0.242,5
2023-10-15,MSFT,0.1624875,0.1749375,0.6625875,0.6170125,-0.02655,0.7025,0.4525,0.31875000000000003,8
2023-10-16,MSFT,0.18614999999999998,0.16795,0.6458999999999999,0.61331,0.042249999999999996,0.6595,0.4545,0.28725,20
2023-10-17,MSFT,0.215245,0.16583,0.618925,0.616275,0.09113,0.6855,0.47850000000000004,0.2995,20
2023-10-18,MSFT,0.19096818181818181,0.17913636363636362,0.6299045454545454,0.6155727272727273,0.022536363636363636,0.67,0.4890909090909091,0.30522727272727274,22
2023-10-19,MSFT,0.2149066666666667,0.15420666666666666,0.6308866666666667,0.6305066666666667,0.08694666666666667,0.6706666666666667,0.5013333333333333,0.3186666666666667,15
2023-10-20,MSFT,0.2125,0.15813529411764704,0.6293588235294117,0.630764705882353,0.07210588235294117,0.6882352941176471,0.47941176470588237,0.2985294117647059,17
2023-10-21,MSFT,0.20488,0.1733,0.6218199999999999,0.6156200000000001,0.06428,0.688,0.446,0.24700000000000003,5
2023-10-22,MSFT,0.2002,0.167725,0.6321,0.624225,0.068075,0.78,0.495,0.26875000000000004,4
2023-10-23,MSFT,0.2030457142857143,0.1614,0.6355628571428572,0.6174685714285714,0.07410857142857143,0.6508571428571429,0.45742857142857146,0.3137142857142857,35
2023-10-24,MSFT,0.263316,0.15887600000000002,0.577808,0.64602,0.153292,0.7636,0.54,0.29460000000000003,25
2023-10-25,MSFT,0.25123235294117646,0.17011176470588235,0.5786529411764706,0.6276264705882353,0.13044999999999998,0.6858823529411765,0.5852941176470589,0.2838235294117647,34
2023-10-26,MSFT,0.19391538461538463,0.16686923076923074,0.6392153846153845,0.6217384615384615,0.03296153846153846,0.6638461538461539,0.48846153846153845,0.32173076923076926,26
2023-10-27,MSFT,0.18024615384615383,0.17434615384615382,0.6454153846153846,0.6133615384615385,0.013949999999999999,0.6661538461538462,0.45153846153846156,0.29980769230769233,26
2023-10-28,MSFT,0.182925,0.176025,0.6410625,0.6166125,0.0159875,0.69125,0.4275,0.25625000000000003,8
2023-10-29,MSFT,0.1718111111111111,0.16657777777777777,0.6616,0.616288888888889,0.011488888888888889,0.6877777777777778,0.3811111111111111,0.27611111111111114,9
2023-10-30,MSFT,0.21694615384615384,0.1827769230769231,0.6002884615384615,0.6130615384615384,0.06507307692307693,0.6515384615384616,0.5288461538461539,0.2969230769230769,26
2023-10-31,MSFT,0.19597647058823528,0.1668294117647059,0.6371882352941176,0.6094352941176471,0.0626470588235294,0.6305882352941177,0.4435294117647059,0.3026470588235294,17
2023-11-01,MSFT,0.18814,0.16247999999999999,0.6493800000000001,0.6164066666666667,0.038713333333333336,0.6526666666666666,0.39466666666666667,0.316,15
2023-11-02,MSFT,0.17801666666666666,0.16249999999999998,0.6594888888888888,0.6105111111111111,0.035416666666666666,0.6366666666666667,0.33,0.28833333333333333,18
2023-11-03,MSFT,0.1711,0.17324615384615386,0.6556384615384615,0.6135384615384616,0.0014692307692307676,0.6707692307692308,0.43153846153846154,0.3169230769230769,13
2023-11-04,MSFT,0.1753,0.1726888888888889,0.652,0.6120333333333333,0.00807777777777778,0.6477777777777778,0.37666666666666665,0.27722222222222226,9
2023-11-05,MSFT,0.177025,0.1595,0.663475,0.6132500000000001,0.041975,0.68,0.445,0.365,4
2023-11-06,MSFT,0.23321875,0.16063125,0.60615625,0.61649375,0.13640625,0.646875,0.45125,0.28125,16
2023-11-07,MSFT,0.19598666666666667,0.17491333333333334,0.6290933333333333,0.6188866666666667,0.0445,0.7226666666666667,0.5166666666666667,0.2793333333333334,15
2023-11-08,MSFT,0.17432941176470587,0.16640588235294118,0.6592647058823529,0.6152882352941176,0.01576470588235294,0.6829411764705882,0.4194117647058824,0.3011764705882353,17
2023-11-09,MSFT,0.18658235294117648,0.16995294117647058,0.6434647058823529,0.6121058823529412,0.037252941176470586,0.6552941176470588,0.4029411764705882,0.28705882352941176,17
2023-11-10,MSFT,0.21189523809523808,0.16785714285714284,0.620247619047619,0.616352380952381,0.07793809523809524,0.6842857142857143,0.4904761904761905,0.310952380952381,21
2023-11-11,MSFT,0.1848,0.1675,0.64772,0.6151,0.04306,0.674,0.47400000000000003,0.284,5
2023-11-12,MSFT,0.2938,0.1442,0.5619999999999999,0.6538666666666667,0.22060000000000002,0.7633333333333333,0.5599999999999999,0.3016666666666667,3
2023-11-13,MSFT,0.18927333333333332,0.16388666666666665,0.6468266666666665,0.6076533333333334,0.0506,0.6113333333333333,0.306,0.27366666666666667,15
2023-11-14,MSFT,0.16689583333333333,0.18701666666666664,0.6460833333333333,0.6165583333333333,-0.028712500000000002,0.6375000000000001,0.4058333333333333,0.3016666666666667,24
2023-11-15,MSFT,0.1655681818181818,0.16129545454545455,0.6731409090909092,0.6178954545454546,0.011431818181818182,0.7127272727272728,0.4290909090909091,0.32954545454545453,22
2023-11-16,MSFT,0.20951875,0.16409374999999998,0.62636875,0.62559375,0.05771875,0.6525,0.425,0.301875,16
2023-11-17,MSFT,0.19835882352941178,0.16521176470588236,0.6364352941176471,0.6180117647058824,0.0705764705882353,0.72,0.4847058823529412,0.29794117647058826,17
2023-11-18,MSFT,0.20098,0.1643,0.63472,0.61368,0.08938,0.6839999999999999,0.374,0.286,5
2023-11-19,MSFT,0.17784999999999998,0.21525000000000002,0.6068666666666667,0.6190166666666667,-0.07963333333333333,0.7416666666666667,0.5866666666666667,0.305,6
2023-11-20,MSFT,0.1971290322580645,0.16560645161290322,0.6372645161290322,0.6228419354838709,0.06573870967741936,0.7464516129032258,0.5009677419354839,0.2974193548387097,31
2023-11-21,MSFT,0.19347575757575755,0.17396969696969697,0.6325484848484848,0.6183272727272727,0.04023030303030303,0.7287878787878788,0.48454545454545456,0.30530303030303035,33
2023-11-22,MSFT,0.18882000000000002,0.1821333333333333,0.62905,0.6176200000000001,0.02789,0.6823333333333333,0.48333333333333334,0.302,30
2023-11-23,MSFT,0.1746888888888889,0.16152222222222223,0.6637777777777778,0.6195111111111111,0.02811111111111111,0.7333333333333333,0.4255555555555556,0.31722222222222224,9
2023-11-24,MSFT,0.17684615384615385,0.16299999999999998,0.6601538461538462,0.6149,0.029992307692307693,0.6815384615384615,0.3807692307692308,0.29615384615384616,13
2023-11-25,MSFT,0.158,0.158,0.684,0.6115333333333334,0.0,0.6433333333333334,0.36999999999999994,0.335,6
2023-11-26,MSFT,0.18838,0.16587999999999997,0.64574,0.61714,0.04908,0.704,0.526,0.31500000000000006,5
2023-11-27,MSFT,0.211675,0.16741875,0.62090625,0.6157874999999999,0.0863375,0.7,0.48875,0.28375,16
2023-11-28,MSFT,0.19861764705882354,0.15741176470588236,0.6439529411764706,0.6193764705882353,0.06401764705882353,0.6470588235294118,0.43,0.36,17
2023-11-29,MSFT,0.16268947368421052,0.16137894736842104,0.6759263157894736,0.6095578947368421,0.0038684210526315787,0.6242105263157894,0.3957894736842105,0.3373684210526316,19
2023-11-30,MSFT,0.17403636363636366,0.16946818181818182,0.6564909090909091,0.6074545454545455,0.01298181818181818,0.5972727272727273,0.4390909090909091,0.3109090909090909,22
2023-12-01,MSFT,0.18005,0.16985,0.6500874999999999,0.6050875,0.024225,0.56625,0.4675,0.30000000000000004,8
2023-12-02,MSFT,0.1616090909090909,0.15815454545454546,0.6802363636363636,0.6136181818181817,0.008963636363636363,0.67,0.35727272727272724,0.33090909090909093,11
2023-12-03,MSFT,0.1613,0.1582083333333333,0.6804833333333334,0.61205,0.008216666666666666,0.6525,0.36833333333333335,0.3358333333333334,12
2023-12-04,MSFT,0.1887705882352941,0.15714117647058826,0.6540882352941176,0.6086941176470588,0.06359411764705881,0.6347058823529411,0.4111764705882353,0.35147058823529415,17
2023-12-05,MSFT,0.18486666666666668,0.17201333333333332,0.6431133333333333,0.6158266666666667,0.020053333333333333,0.6980000000000001,0.464,0.309,15
2023-12-06,MSFT,0.1678388888888889,0.15709444444444445,0.6750611111111111,0.6024888888888889,0.025800000000000003,0.5544444444444445,0.3566666666666667,0.3466666666666667,18
2023-12-07,MSFT,0.199545,0.176565,0.623895,0.61565,0.047420000000000004,0.6965,0.484,0.28300000000000003,20
2023-12-08,MSFT,0.19393529411764707,0.17801176470588237,0.6280647058823529,0.6157235294117647,0.03714705882352941,0.7023529411764705,0.4123529411764706,0.27676470588235297,17
2023-12-09,MSFT,0.17573076923076922,0.1653923076923077,0.6588769230769231,0.6138769230769231,0.025438461538461538,0.6576923076923078,0.44076923076923075,0.2865384615384615,13
2023-12-10,MSFT,0.18865555555555555,0.18645555555555554,0.6248888888888888,0.6172444444444445,0.019144444444444447,0.73,0.4855555555555556,0.3211111111111111,9
2023-12-11,MSFT,0.17697894736842104,0.18473684210526314,0.6382842105263158,0.6136263157894737,-0.0035263157894736843,0.6489473684210526,0.3973684210526316,0.2889473684210526,19
2023-12-12,MSFT,0.16247692307692307,0.15638461538461537,0.6811461538461538,0.6147307692307693,0.015984615384615382,0.693076923076923,0.35461538461538467,0.3553846153846154,13
2023-12-13,MSFT,0.16941739130434783,0.1832217391304348,0.6473652173913044,0.6138304347826087,-0.004256521739130439,0.5939130434782609,0.39304347826086955,0.3110869565217391,23
2023-12-14,MSFT,0.17852222222222222,0.16285,0.6586222222222222,0.6125166666666666,0.03609444444444445,0.6572222222222223,0.3733333333333333,0.29694444444444446,18
2023-12-15,MSFT,0.17204285714285714,0.16321785714285714,0.6647464285714285,0.6127392857142857,0.021696428571428568,0.6557142857142857,0.3807142857142857,0.3008928571428572,28
2023-12-16,MSFT,0.1614,0.19927777777777778,0.6393222222222222,0.6229222222222223,-0.05282222222222223,0.7,0.4433333333333333,0.33722222222222226,9
2023-12-17,MSFT,0.174875,0.160975,0.66415,0.6174,0.0349,0.71,0.285,0.26875000000000004,4
2023-12-18,MSFT,0.16446249999999998,0.16529375,0.6702375,0.60988125,-0.0006812500000000013,0.6268750000000001,0.3325,0.3021875,16
2023-12-19,MSFT,0.19180999999999998,0.16592,0.64227,0.603885,0.06049,0.5735,0.429,0.321,20
2023-12-20,MSFT,0.1730235294117647,0.18876470588235295,0.6382117647058824,0.6235941176470589,-0.016958823529411766,0.7270588235294118,0.46352941176470586,0.2835294117647059,17
2023-12-21,MSFT,0.1733173913043478,0.16467391304347825,0.662004347826087,0.6147739130434783,0.017817391304347827,0.6791304347826087,0.4295652173913044,0.31434782608695655,23
2023-12-22,MSFT,0.17281666666666665,0.163375,0.6638083333333333,0.617125,0.02388333333333333,0.6983333333333334,0.37999999999999995,0.28250000000000003,12
2023-12-23,MSFT,0.17072500000000002,0.161225,0.66805,0.609175,0.02465,0.615,0.35,0.29625,4
2023-12-24,MSFT,0.18475,0.1607,0.65455,0.6076,0.064,0.615,0.27,0.28500000000000003,2
2023-12-25,MSFT,0.15639999999999998,0.15639999999999998,0.6871999999999999,0.5995666666666667,0.0,0.5099999999999999,0.31,0.325,3
2023-12-26,MSFT,0.16488461538461538,0.1581,0.6770153846153846,0.6045307692307692,0.01826153846153846,0.5715384615384616,0.3453846153846154,0.33153846153846156,13
2023-12-27,MSFT,0.18673684210526317,0.15866842105263157,0.6545947368421053,0.6105368421052632,0.064,0.6557894736842106,0.3868421052631579,0.3436842105263158,19
2023-12-28,MSFT,0.18645,0.20401666666666665,0.6095277777777777,0.6193055555555556,-0.014661111111111113,0.6833333333333333,0.5427777777777778,0.3125,18
2023-12-29,MSFT,0.17645555555555556,0.16049444444444444,0.6630666666666667,0.6046111111111111,0.04039444444444444,0.5744444444444444,0.3711111111111111,0.32083333333333336,18
2023-12-30,MSFT,0.16702142857142857,0.16142142857142858,0.67155,0.6074142857142857,0.013535714285714285,0.6,0.3485714285714286,0.3132142857142857,14
2023-12-31,MSFT,0.17981538461538463,0.178,0.6421692307692308,0.6136615384615385,0.011615384615384612,0.6715384615384615,0.46384615384615385,0.30346153846153845,13
2024-01-01,MSFT,0.1575,0.1575,0.685,0.611325,0.0,0.63875,0.3025,0.3075,8
2024-01-02,MSFT,0.1801235294117647,0.17156470588235292,0.6483176470588236,0.6125294117647059,0.023835294117647062,0.6664705882352941,0.40176470588235297,0.31000000000000005,17
2024-01-03,MSFT,0.16423333333333334,0.16563809523809522,0.6701380952380953,0.611152380952381,-0.0014000000000000004,0.6395238095238095,0.42523809523809525,0.33095238095238094,21
2024-01-04,MSFT,0.18530526315789472,0.1586157894736842,0.6560789473684211,0.6095947368421053,0.05712105263157894,0.6373684210526316,0.3542105263157895,0.3168421052631579,19
2024-01-05,MSFT,0.17388571428571428,0.16685714285714284,0.65925,0.6121214285714285,0.016264285714285714,0.6528571428571429,0.37714285714285717,0.29964285714285716,14
2024-01-06,MSFT,0.17344444444444443,0.1609,0.6656555555555556,0.6135111111111111,0.03292222222222222,0.6666666666666666,0.29444444444444445,0.27722222222222226,9
2024-01-07,MSFT,0.17903333333333335,0.16196666666666668,0.6589999999999999,0.6152666666666667,0.043333333333333335,0.6866666666666666,0.29333333333333333,0.265,6
2024-01-08,MSFT,0.17300555555555555,0.1716888888888889,0.6553111111111112,0.6151833333333333,0.0039499999999999995,0.6927777777777778,0.3922222222222222,0.31027777777777776,18
2024-01-09,MSFT,0.17190454545454545,0.16374545454545453,0.6643545454545454,0.6121181818181818,0.020904545454545453,0.6481818181818182,0.43772727272727274,0.3195454545454546,22
2024-01-10,MSFT,0.1721,0.1757,0.6522,0.6110636363636364,-0.007054545454545455,0.6418181818181817,0.3390909090909091,0.27590909090909094,11
2024-01-11,MSFT,0.1626,0.18085,0.65655625,0.6100375,-0.030612499999999997,0.6325000000000001,0.4125,0.323125,16
2024-01-12,MSFT,0.18773,0.16462,0.64765,0.61128,0.05223,0.639,0.42699999999999994,0.28650000000000003,10
2024-01-13,MSFT,0.1578222222222222,0.1578222222222222,0.6843555555555556,0.6152444444444445,0.0,0.6855555555555556,0.35888888888888887,0.3316666666666667,9
2024-01-14,MSFT,0.15938333333333332,0.1679166666666667,0.6727,0.6134166666666666,-0.021666666666666667,0.6666666666666666,0.31666666666666665,0.3,6
2024-01-15,MSFT,0.16799375,0.161075,0.670925,0.6110249999999999,0.016681249999999998,0.631875,0.35,0.29125,16
2024-01-16,MSFT,0.19024583333333334,0.1783875,0.63135,0.6201708333333333,0.03275416666666666,0.7308333333333333,0.47458333333333336,0.30541666666666667,24
2024-01-17,MSFT,0.18543809523809524,0.16412857142857143,0.6504285714285714,0.6200095238095238,0.034038095238095235,0.6919047619047619,0.4276190476190476,0.2978571428571429,21
2024-01-18,MSFT,0.20464545454545455,0.1633,0.6320454545454545,0.6159727272727273,0.07941818181818182,0.7036363636363636,0.5927272727272728,0.35000000000000003,11
2024-01-19,MSFT,0.17056521739130434,0.18646521739130437,0.6429739130434783,0.6166782608695652,-0.02865217391304348,0.7082608695652174,0.42478260869565215,0.29608695652173916,23
2024-01-20,MSFT,0.19905384615384614,0.16463846153846154,0.6363153846153846,0.6104307692307692,0.07824615384615384,0.64,0.43615384615384617,0.295,13
2024-01-21,MSFT,0.17271111111111112,0.16343333333333332,0.6638444444444445,0.6150111111111111,0.02468888888888889,0.6766666666666666,0.39888888888888885,0.2944444444444445,9
2024-01-22,MSFT,0.16989200000000002,0.185216,0.6448959999999999,0.609132,-0.018444000000000002,0.606,0.43879999999999997,0.32120000000000004,25
2024-01-23,MSFT,0.198215,0.18702999999999997,0.61475,0.619695,0.006459999999999996,0.6675,0.49450000000000005,0.335,20
2024-01-24,MSFT,0.20342222222222223,0.17488148148148147,0.6216962962962962,0.6312037037037037,0.035740740740740747,0.7366666666666667,0.4514814814814815,0.28425925925925927,27
2024-01-25,MSFT,0.21192857142857144,0.18756071428571428,0.6004964285714286,0.6257,0.051953571428571425,0.7392857142857142,0.4903571428571429,0.29035714285714287,28
2024-01-26,MSFT,0.17282857142857141,0.19142857142857142,0.6357285714285714,0.6165190476190476,-0.023390476190476184,0.6838095238095238,0.4376190476190476,0.2904761904761905,21
2024-01-27,MSFT,0.1605,0.1605,0.679,0.611225,0.0,0.6325000000000001,0.40499999999999997,0.32125000000000004,4
2024-01-28,MSFT,0.1724,0.162325,0.665275,0.61325,0.02595,0.6575,0.35,0.28250000000000003,4
2024-01-29,MSFT,0.21613783783783783,0.16553513513513515,0.6183324324324324,0.6218,0.08474864864864864,0.6870270270270271,0.48756756756756753,0.31905405405405407,37
2024-01-30,MSFT,0.18436153846153847,0.16554615384615384,0.6500884615384616,0.6169461538461539,0.04054615384615385,0.6973076923076923,0.4869230769230769,0.2980769230769231,26
2024-01-31,MSFT,0.23282777777777777,0.16964722222222223,0.597536111111111,0.6312583333333334,0.091075,0.7180555555555556,0.5644444444444444,0.3211111111111111,36
2024-02-01,MSFT,0.18838076923076924,0.17013846153846152,0.641473076923077,0.610276923076923,0.03675,0.6257692307692307,0.44692307692307687,0.3025,26
2024-02-02,MSFT,0.19915,0.167075,0.633775,0.61191875,0.05873125,0.6275,0.56375,0.31375000000000003,16
2024-02-03,MSFT,0.18756470588235294,0.15898235294117646,0.6534588235294118,0.6115,0.05064705882352942,0.6094117647058823,0.4376470588235294,0.3235294117647059,17
2024-02-04,MSFT,0.17312,0.17762,0.64928,0.6157999999999999,-0.00994,0.674,0.458,0.262,5
2024-02-05,MSFT,0.21708666666666668,0.16924666666666666,0.6136733333333333,0.6224933333333333,0.08702666666666667,0.7366666666666667,0.5133333333333333,0.26566666666666666,15
2024-02-06,MSFT,0.17125238095238093,0.1779904761904762,0.6507571428571429,0.6170238095238095,-0.01224285714285714,0.7042857142857143,0.4819047619047619,0.3119047619047619,21
2024-02-07,MSFT,0.16952499999999998,0.16799999999999998,0.66248,0.6077,0.0023550000000000003,0.602,0.44000000000000006,0.32675,20
2024-02-08,MSFT,0.18114999999999998,0.172885,0.64596,0.613595,0.015264999999999996,0.6805,0.48,0.33825000000000005,20
2024-02-09,MSFT,0.20313333333333333,0.16492666666666667,0.63194,0.61824,0.07009333333333334,0.6920000000000001,0.4686666666666667,0.315,15
2024-02-10,MSFT,0.19789333333333334,0.17487999999999998,0.62722,0.6100666666666666,0.04491333333333333,0.6286666666666666,0.484,0.279,15
2024-02-11,MSFT,0.17953333333333335,0.16967777777777776,0.6507999999999999,0.6182666666666666,0.01877777777777778,0.7233333333333333,0.43444444444444447,0.3066666666666667,9
2024-02-12,MSFT,0.1849125,0.16282916666666666,0.6522625,0.6119291666666666,0.05277083333333333,0.6545833333333334,0.4075,0.3070833333333333,24
2024-02-13,MSFT,0.1781590909090909,0.16628636363636365,0.6555590909090909,0.6106636363636363,0.025650000000000003,0.64,0.4936363636363636,0.3434090909090909,22
2024-02-14,MSFT,0.20084,0.18887333333333334,0.6102799999999999,0.61678,0.023479999999999997,0.6880000000000001,0.544,0.2693333333333333,15
2024-02-15,MSFT,0.17692105263157895,0.16449999999999998,0.658578947368421,0.6214736842105263,0.030368421052631576,0.75,0.44789473684210523,0.30236842105263156,19
2024-02-16,MSFT,0.19565555555555555,0.17258333333333334,0.6317722222222222,0.6122388888888889,0.04861666666666667,0.6705555555555556,0.555,0.36416666666666664,18
2024-02-17,MSFT,0.17537272727272726,0.1730636363636364,0.6515727272727273,0.6119090909090908,0.009200000000000002,0.6563636363636364,0.3736363636363636,0.29863636363636364,11
2024-02-18,MSFT,0.17872857142857143,0.19562857142857143,0.6256714285714285,0.6098428571428572,-0.019471428571428567,0.6442857142857142,0.41000000000000003,0.29214285714285715,7
2024-02-19,MSFT,0.16376666666666667,0.16127777777777777,0.6749555555555555,0.6065888888888888,0.0069,0.5833333333333334,0.44999999999999996,0.3383333333333333,9
2024-02-20,MSFT,0.18480476190476192,0.16392857142857142,0.6512714285714286,0.6120714285714286,0.048052380952380944,0.6504761904761904,0.4423809523809523,0.3047619047619048,21
2024-02-21,MSFT,0.19785,0.163835,0.6383099999999999,0.610365,0.069995,0.6505,0.43,0.32225000000000004,20
2024-02-22,MSFT,0.19613333333333335,0.17177916666666668,0.6320916666666666,0.6168416666666666,0.051083333333333335,0.6966666666666667,0.4604166666666667,0.301875,24
2024-02-23,MSFT,0.20066,0.16816,0.6311800000000001,0.6075133333333333,0.07184666666666667,0.6033333333333334,0.4406666666666667,0.27899999999999997,15
2024-02-24,MSFT,0.17645555555555553,0.16215,0.6613888888888888,0.6153222222222222,0.03213888888888889,0.6861111111111111,0.42333333333333334,0.31277777777777777,18
2024-02-25,MSFT,0.19353333333333333,0.17015,0.6363166666666666,0.6122166666666667,0.05236666666666667,0.635,0.5433333333333333,0.27416666666666667,6
2024-02-26,MSFT,0.19114285714285714,0.1668238095238095,0.6420333333333333,0.6082714285714286,0.05253809523809524,0.6128571428571429,0.40761904761904766,0.2885714285714286,21
2024-02-27,MSFT,0.1994304347826087,0.16959130434782607,0.6309739130434783,0.6145173913043479,0.06271739130434784,0.681304347826087,0.47043478260869565,0.28521739130434787,23
2024-02-28,MSFT,0.1771478260869565,0.1653,0.6575565217391304,0.6089869565217392,0.02376086956521739,0.6234782608695653,0.361304347826087,0.30586956521739134,23
2024-02-29,MSFT,0.185675,0.16825833333333332,0.6460583333333333,0.6109166666666667,0.03232083333333333,0.63625,0.4370833333333333,0.3310416666666667,24
2024-03-01,MSFT,0.19801904761904762,0.17154285714285714,0.6304333333333333,0.6068809523809524,0.058419047619047614,0.6,0.4495238095238095,0.2897619047619048,21
2024-03-02,MSFT,0.16973076923076924,0.16033076923076922,0.6699307692307692,0.6132000000000001,0.021876923076923075,0.6638461538461539,0.3930769230769231,0.3215384615384615,13
2024-03-03,MSFT,0.18359999999999999,0.161125,0.655275,0.602175,0.057225,0.5575,0.45,0.36,4
2024-03-04,MSFT,0.180375,0.19320625,0.626425,0.62421875,0.006331250000000004,0.685625,0.43624999999999997,0.31625000000000003,16
2024-03-05,MSFT,0.17495238095238094,0.1655761904761905,0.6594714285714286,0.6091523809523809,0.02224285714285714,0.6228571428571429,0.44,0.3311904761904762,21
2024-03-06,MSFT,0.1767190476190476,0.17533333333333334,0.647952380952381,0.6169428571428571,0.006204761904761905,0.7023809523809523,0.47190476190476194,0.30095238095238097,21
2024-03-07,MSFT,0.17046666666666666,0.16324166666666665,0.6663,0.6182083333333334,0.018625,0.7133333333333334,0.45,0.3179166666666667,12
2024-03-08,MSFT,0.17492307692307693,0.18833846153846154,0.6367384615384615,0.6146692307692307,-0.02763846153846154,0.6799999999999999,0.47,0.28846153846153844,13
2024-03-09,MSFT,0.16917857142857143,0.15857857142857143,0.6722428571428571,0.6086571428571429,0.02380714285714286,0.6171428571428572,0.3628571428571429,0.32642857142857146,14
2024-03-10,MSFT,0.16515454545454544,0.16272727272727272,0.6721181818181818,0.6119818181818182,0.006372727272727272,0.6381818181818182,0.4481818181818182,0.3181818181818182,11
2024-03-11,MSFT,0.1953,0.16424444444444444,0.64045,0.6133888888888889,0.060627777777777773,0.665,0.45444444444444443,0.3030555555555556,18
2024-03-12,MSFT,0.1762125,0.1623875,0.6613875,0.6105125,0.0342125,0.64125,0.42625,0.3365625,16
2024-03-13,MSFT,0.17973214285714284,0.180225,0.6400464285714286,0.6129035714285714,0.005646428571428572,0.64,0.415,0.2975,28
2024-03-14,MSFT,0.17588076923076923,0.17205384615384614,0.6520615384615384,0.6094,0.009792307692307694,0.6257692307692307,0.43346153846153845,0.31596153846153846,26
2024-03-15,MSFT,0.1920157894736842,0.16930526315789474,0.6386736842105263,0.6181263157894737,0.05001578947368421,0.7326315789473684,0.43631578947368416,0.31105263157894736,19
2024-03-16,MSFT,0.16732500000000003,0.16033333333333333,0.6723416666666666,0.6093916666666667,0.01635,0.6191666666666666,0.40499999999999997,0.3266666666666667,12
2024-03-17,MSFT,0.1742111111111111,0.1618888888888889,0.6638888888888889,0.6166111111111111,0.029211111111111115,0.7033333333333334,0.44555555555555554,0.33111111111111113,9
2024-03-18,MSFT,0.19877058823529412,0.17631764705882352,0.6249117647058824,0.6106058823529412,0.05134705882352942,0.6458823529411765,0.5017647058823529,0.30676470588235294,17
2024-03-19,MSFT,0.182856,0.16616399999999998,0.650992,0.610792,0.035644,0.6388,0.3996,0.29560000000000003,25
2024-03-20,MSFT,0.1800076923076923,0.16471923076923078,0.6552730769230769,0.6132153846153846,0.03651153846153846,0.6611538461538462,0.4369230769230769,0.30423076923076925,26
2024-03-21,MSFT,0.17051153846153846,0.1636,0.6658846153846153,0.6086769230769231,0.015203846153846153,0.6103846153846154,0.40076923076923077,0.31211538461538463,26
2024-03-22,MSFT,0.17405294117647058,0.19643529411764704,0.6295117647058824,0.6175235294117647,-0.022847058823529415,0.658235294117647,0.4517647058823529,0.30470588235294116,17
2024-03-23,MSFT,0.1726,0.1588,0.6686,0.6074571428571429,0.031728571428571425,0.61,0.42142857142857143,0.35571428571428576,7
2024-03-24,MSFT,0.17609,0.15977999999999998,0.66414,0.61165,0.03454,0.665,0.42000000000000004,0.3645,10
2024-03-25,MSFT,0.17358,0.170565,0.65586,0.610605,0.00821,0.6375,0.43949999999999995,0.32025000000000003,20
2024-03-26,MSFT,0.19440714285714283,0.16403571428571428,0.6415642857142857,0.6118142857142858,0.060450000000000004,0.6442857142857142,0.43928571428571433,0.27821428571428575,14
2024-03-27,MSFT,0.1802888888888889,0.17545,0.6442722222222222,0.6108611111111111,0.014716666666666668,0.6388888888888888,0.40444444444444444,0.28361111111111115,18
2024-03-28,MSFT,0.1667684210526316,0.15942631578947367,0.6738052631578947,0.6086684210526316,0.019321052631578947,0.6157894736842104,0.38052631578947366,0.33210526315789474,19
2024-03-29,MSFT,0.15342222222222224,0.15342222222222224,0.6931555555555556,0.607,0.0,0.6077777777777778,0.34555555555555556,0.38,9
2024-03-30,MSFT,0.16922500000000001,0.1595,0.67125,0.60555,0.02465,0.5800000000000001,0.35,0.31625000000000003,4
2024-03-31,MSFT,0.15735,0.15735,0.6853,0.6168875,0.0,0.71,0.4225,0.369375,8
2024-04-01,MSFT,0.1825375,0.16226875,0.65519375,0.6151625000000001,0.0487,0.695625,0.465625,0.3428125,16
2024-04-02,MSFT,0.18742777777777778,0.19090555555555555,0.6216666666666666,0.6176777777777778,0.001799999999999999,0.7094444444444444,0.4577777777777778,0.29083333333333333,18
2024-04-03,MSFT,0.2063818181818182,0.16938636363636364,0.6242181818181819,0.6235181818181817,0.05997727272727272,0.6877272727272727,0.4754545454545454,0.2934090909090909,22
2024-04-04,MSFT,0.19037857142857142,0.16487857142857143,0.6447428571428572,0.6146714285714285,0.05064285714285714,0.6907142857142857,0.47000000000000003,0.32785714285714285,14
2024-04-05,MSFT,0.17673571428571427,0.19597142857142855,0.6272857142857143,0.6085714285714285,-0.03192857142857143,0.6185714285714285,0.5921428571428571,0.3464285714285714,14
2024-04-06,MSFT,0.15453333333333333,0.15453333333333333,0.6909333333333333,0.6073000000000001,0.0,0.6033333333333334,0.2833333333333333,0.335,3
2024-04-07,MSFT,0.19101428571428572,0.1651142857142857,0.6438571428571428,0.6131428571428571,0.0634,0.6642857142857144,0.39,0.2764285714285714,7
2024-04-08,MSFT,0.1608285714285714,0.1573142857142857,0.68185,0.6148285714285714,0.009142857142857144,0.687857142857143,0.3685714285714286,0.34714285714285714,14
2024-04-09,MSFT,0.197025,0.16278125,0.64019375,0.6217312500000001,0.0579375,0.67875,0.53375,0.3096875,16
2024-04-10,MSFT,0.19022173913043477,0.16943478260869566,0.6403478260869565,0.6162869565217391,0.03839130434782609,0.6773913043478261,0.5008695652173912,0.3010869565217391,23
2024-04-11,MSFT,0.20276,0.15721333333333334,0.6400266666666667,0.6206266666666667,0.07704,0.6573333333333333,0.468,0.33066666666666666,15
2024-04-12,MSFT,0.21139230769230768,0.1774846153846154,0.6111076923076924,0.6149076923076924,0.072,0.6992307692307692,0.5246153846153846,0.3007692307692308,13
2024-04-13,MSFT,0.1741090909090909,0.1630818181818182,0.6627818181818181,0.6141818181818182,0.029036363636363638,0.67,0.3936363636363636,0.2977272727272728,11
2024-04-14,MSFT,0.17385,0.159675,0.6664749999999999,0.6118250000000001,0.036375,0.6625,0.44,0.365,4
2024-04-15,MSFT,0.20299999999999999,0.1617,0.63530625,0.6171375,0.076825,0.72125,0.471875,0.330625,16
2024-04-16,MSFT,0.16962380952380954,0.18400476190476192,0.6463714285714286,0.6180095238095238,-0.013704761904761902,0.6576190476190477,0.429047619047619,0.30357142857142855,21
2024-04-17,MSFT,0.2197,0.1502153846153846,0.6300923076923077,0.6243615384615384,0.11733076923076924,0.6653846153846155,0.4653846153846154,0.3830769230769231,13
2024-04-18,MSFT,0.19335625,0.16678125,0.63985625,0.6187875,0.04971875,0.714375,0.44875,0.3078125,16
2024-04-19,MSFT,0.17441875,0.16339375,0.6622,0.6163,0.02784375,0.6950000000000001,0.44625,0.316875,16
2024-04-20,MSFT,0.180925,0.1641625,0.6549,0.606825,0.0423625,0.58875,0.4075,0.29375,8
2024-04-21,MSFT,0.19019090909090908,0.1638909090909091,0.6459181818181818,0.6132545454545455,0.054636363636363636,0.6663636363636364,0.5154545454545455,0.32681818181818184,11
2024-04-22,MSFT,0.19247058823529414,0.1620529411764706,0.6454735294117647,0.6240529411764706,0.04765294117647059,0.705,0.5079411764705882,0.33088235294117646,34
2024-04-23,MSFT,0.184344,0.168912,0.6467480000000001,0.6169359999999999,0.0302,0.6992,0.5352,0.31420000000000003,25
2024-04-24,MSFT,0.1869727272727273,0.16119545454545456,0.6518363636363637,0.6165818181818182,0.041309090909090906,0.6304545454545455,0.49227272727272725,0.3138636363636364,22
2024-04-25,MSFT,0.19114583333333335,0.1733875,0.6354624999999999,0.61585,0.034375,0.7054166666666667,0.5266666666666667,0.33416666666666667,24
2024-04-26,MSFT,0.24478484848484847,0.1735909090909091,0.5816181818181818,0.6274090909090909,0.11983939393939394,0.7387878787878788,0.6378787878787879,0.31303030303030305,33
2024-04-27,MSFT,0.17610769230769233,0.1616153846153846,0.6622692307692308,0.6101230769230769,0.033707692307692314,0.6284615384615384,0.38846153846153847,0.3053846153846154,13
2024-04-28,MSFT,0.183325,0.1640125,0.6526624999999999,0.6118125,0.0477,0.6475,0.40499999999999997,0.29375,8
2024-04-29,MSFT,0.17226896551724138,0.1617241379310345,0.6660068965517241,0.6118793103448276,0.020703448275862072,0.6424137931034483,0.4355172413793103,0.3148275862068966,29
2024-04-30,MSFT,0.16874347826086958,0.16703478260869567,0.6642173913043478,0.6095652173913043,0.005304347826086958,0.6352173913043478,0.4230434782608696,0.35152173913043483,23
2024-05-01,MSFT,0.17947619047619048,0.17355238095238096,0.6469714285714285,0.6070619047619048,0.01760952380952381,0.6004761904761905,0.529047619047619,0.3435714285714286,21
2024-05-02,MSFT,0.1708,0.16339285714285715,0.6658,0.6233928571428571,0.017949999999999997,0.7692857142857142,0.43,0.3028571428571429,14
2024-05-03,MSFT,0.17545833333333336,0.1895083333333333,0.63505,0.612625,-0.028491666666666665,0.6658333333333334,0.5091666666666667,0.3204166666666666,12
2024-05-04,MSFT,0.16291666666666668,0.169,0.6680833333333333,0.6114499999999999,-0.014883333333333333,0.635,0.45,0.31833333333333336,6
2024-05-05,MSFT,0.1792625,0.16475,0.656,0.6169625,0.036087499999999995,0.7,0.435,0.29625,8
2024-05-06,MSFT,0.18386666666666665,0.16400833333333334,0.6521083333333333,0.6063916666666667,0.050333333333333334,0.5883333333333334,0.40833333333333327,0.29958333333333337,12
2024-05-07,MSFT,0.16809333333333332,0.16716666666666666,0.66474,0.6083933333333333,-0.000813333333333334,0.6086666666666667,0.47200000000000003,0.339,15
2024-05-08,MSFT,0.21278947368421053,0.17123157894736843,0.6159736842105263,0.6124578947368421,0.07722631578947368,0.6657894736842106,0.5189473684210526,0.2942105263157895,19
2024-05-09,MSFT,0.1736,0.17347692307692306,0.6529384615384615,0.6088076923076924,0.003969230769230767,0.6253846153846154,0.41923076923076924,0.3273076923076923,13
2024-05-10,MSFT,0.17493846153846154,0.16446153846153846,0.6606,0.606323076923077,0.02331538461538462,0.5938461538461539,0.41000000000000003,0.33,13
2024-05-11,MSFT,0.15832,0.15832,0.6833600000000001,0.61306,0.0,0.6599999999999999,0.378,0.335,5
2024-05-12,MSFT,0.15893333333333332,0.15893333333333332,0.6821333333333333,0.6244000000000001,0.0,0.7866666666666666,0.38111111111111107,0.3288888888888889,9
2024-05-13,MSFT,0.16113333333333332,0.15933333333333333,0.6795333333333333,0.6184333333333334,0.005066666666666667,0.7255555555555556,0.4655555555555555,0.36944444444444446,9
2024-05-14,MSFT,0.1691357142857143,0.1793857142857143,0.6514785714285714,0.6087857142857143,-0.017507142857142857,0.6171428571428572,0.46,0.32,14
2024-05-15,MSFT,0.17602142857142858,0.17244285714285715,0.6515357142857142,0.6065928571428572,0.005092857142857141,0.6007142857142858,0.41714285714285715,0.325,14
2024-05-16,MSFT,0.17413571428571428,0.16107142857142856,0.6647928571428572,0.6117857142857143,0.03317142857142857,0.6478571428571429,0.33,0.29035714285714287,14
2024-05-17,MSFT,0.1788076923076923,0.17796923076923077,0.6432153846153846,0.6105461538461538,0.004276923076923078,0.6284615384615384,0.5392307692307692,0.31346153846153846,13
2024-05-18,MSFT,0.18234,0.16373,0.65395,0.60427,0.044989999999999995,0.562,0.42000000000000004,0.3015,10
2024-05-19,MSFT,0.17498,0.16252,0.6625,0.61288,0.029869999999999997,0.6599999999999999,0.45999999999999996,0.3315,10
2024-05-20,MSFT,0.18293076923076923,0.1651076923076923,0.6519692307692307,0.6140153846153846,0.04193076923076923,0.666923076923077,0.44999999999999996,0.29538461538461536,13
2024-05-21,MSFT,0.1928125,0.17109375,0.6360875,0.614475,0.047425,0.6799999999999999,0.499375,0.3028125,16
2024-05-22,MSFT,0.208275,0.164045,0.627675,0.619765,0.084975,0.72,0.5525,0.3185,20
2024-05-23,MSFT,0.18262777777777778,0.16381666666666667,0.653561111111111,0.6189888888888889,0.04328333333333333,0.7277777777777777,0.44555555555555554,0.30694444444444446,18
2024-05-24,MSFT,0.18705833333333333,0.165025,0.647925,0.6184583333333333,0.05104166666666667,0.7183333333333333,0.41,0.27625000000000005,12
2024-05-25,MSFT,0.22529999999999997,0.14988333333333334,0.6248333333333332,0.6285,0.11211666666666666,0.6633333333333333,0.41333333333333333,0.30916666666666665,6
2024-05-26,MSFT,0.17165,0.16135,0.667,0.6163000000000001,0.02283,0.7030000000000001,0.454,0.34700000000000003,10
2024-05-27,MSFT,0.17175555555555555,0.15978888888888887,0.6684777777777778,0.6041888888888889,0.029511111111111113,0.5644444444444444,0.33666666666666667,0.3061111111111111,9
2024-05-28,MSFT,0.17089375,0.1755875,0.6535124999999999,0.6016375,-0.008043750000000002,0.53375,0.45625,0.3178125,16
2024-05-29,MSFT,0.18507222222222222,0.16621666666666665,0.6487222222222222,0.6130777777777778,0.04368333333333333,0.6644444444444445,0.46388888888888885,0.3136111111111111,18
2024-05-30,MSFT,0.20299999999999999,0.16037894736842107,0.636621052631579,0.6186684210526315,0.06143157894736842,0.6394736842105263,0.46421052631578946,0.3331578947368421,19
2024-05-31,MSFT,0.17711538461538462,0.16121538461538462,0.6616769230769232,0.6062076923076923,0.03635384615384615,0.5892307692307692,0.4392307692307692,0.3346153846153846,13
2024-06-01,MSFT,0.15488,0.15488,0.69024,0.60092,0.0,0.538,0.422,0.4,5
2024-06-02,MSFT,0.18808461538461538,0.16163846153846156,0.6502769230769231,0.6126230769230769,0.05270769230769231,0.6615384615384615,0.45615384615384613,0.3188461538461539,13
2024-06-03,MSFT,0.17214000000000002,0.16866666666666666,0.6592,0.61158,0.009366666666666667,0.638,0.45866666666666667,0.30833333333333335,15
2024-06-04,MSFT,0.17858823529411766,0.16350588235294117,0.6579117647058823,0.6191235294117647,0.034623529411764706,0.7264705882352941,0.43529411764705883,0.30411764705882355,17
2024-06-05,MSFT,0.16921666666666668,0.16271666666666665,0.6680666666666667,0.6065916666666666,0.016533333333333334,0.5808333333333334,0.43,0.3129166666666667,12
2024-06-06,MSFT,0.17667058823529413,0.2112529411764706,0.6120823529411765,0.6268705882352942,-0.036470588235294116,0.6794117647058824,0.4847058823529412,0.29705882352941176,17
2024-06-07,MSFT,0.19260624999999998,0.17650625,0.6309,0.61945,0.02015,0.6425000000000001,0.478125,0.32406250000000003,16
2024-06-08,MSFT,0.168575,0.1659375,0.6654875,0.607275,0.004462499999999998,0.61,0.35,0.33,8
2024-06-09,MSFT,0.17631666666666668,0.16018333333333334,0.6635,0.6119333333333333,0.03675,0.6583333333333333,0.4366666666666667,0.3458333333333334,6
2024-06-10,MSFT,0.17345909090909092,0.17721818181818183,0.6493227272727272,0.6105590909090909,-0.00618181818181818,0.6413636363636364,0.41363636363636364,0.30954545454545457,22
2024-06-11,MSFT,0.1864521739130435,0.17259130434782607,0.6409521739130435,0.6150173913043478,0.029991304347826087,0.6834782608695652,0.5521739130434782,0.3239130434782609,23
2024-06-12,MSFT,0.19203846153846155,0.18448846153846155,0.6234615384615385,0.6107615384615385,0.022092307692307692,0.6465384615384616,0.5276923076923077,0.32807692307692304,26
2024-06-13,MSFT,0.17124999999999999,0.16263571428571427,0.6661142857142857,0.6147571428571429,0.019885714285714284,0.6749999999999999,0.44571428571428573,0.3182142857142857,14
2024-06-14,MSFT,0.17024,0.16080999999999998,0.66896,0.60501,0.02361,0.576,0.414,0.339,10
2024-06-15,MSFT,0.16474285714285714,0.1944,0.6408714285714285,0.6137714285714286,-0.0479,0.6799999999999999,0.3671428571428571,0.28285714285714286,7
2024-06-16,MSFT,0.15617777777777778,0.15617777777777778,0.6876444444444444,0.6065111111111111,0.0,0.5933333333333333,0.37222222222222223,0.35888888888888887,9
2024-06-17,MSFT,0.17680666666666667,0.16083333333333333,0.66236,0.6099733333333333,0.037399999999999996,0.6306666666666667,0.37399999999999994,0.3093333333333333,15
2024-06-18,MSFT,0.18995,0.16578076923076923,0.6442653846153846,0.6117923076923076,0.05786153846153846,0.6503846153846153,0.3976923076923077,0.2832692307692308,26
2024-06-19,MSFT,0.20356666666666667,0.1668611111111111,0.6295722222222222,0.6169111111111111,0.06097222222222223,0.6766666666666666,0.48777777777777775,0.305,18
2024-06-20,MSFT,0.17629411764705882,0.1811294117647059,0.6425705882352941,0.616164705882353,-0.003447058823529414,0.7058823529411765,0.3770588235294118,0.2867647058823529,17
2024-06-21,MSFT,0.24486666666666668,0.17530833333333332,0.5798416666666667,0.61795,0.12270833333333335,0.6791666666666667,0.5425,0.27291666666666664,12
2024-06-22,MSFT,0.17875,0.16276666666666664,0.6584833333333333,0.6085,0.04068333333333333,0.6116666666666667,0.39666666666666667,0.30583333333333335,6
2024-06-23,MSFT,0.17393636363636364,0.1605181818181818,0.6655272727272727,0.6077454545454546,0.03239090909090909,0.6063636363636363,0.3936363636363636,0.3245454545454546,11
2024-06-24,MSFT,0.17783333333333334,0.16072,0.6614466666666666,0.6112333333333333,0.041819999999999996,0.6486666666666667,0.37533333333333335,0.317,15
2024-06-25,MSFT,0.17666842105263159,0.16157894736842104,0.6617578947368421,0.6128315789473685,0.033257894736842104,0.6594736842105263,0.4168421052631579,0.315,19
2024-06-26,MSFT,0.16430555555555557,0.1686388888888889,0.6670611111111111,0.6123944444444445,-0.006016666666666666,0.6605555555555556,0.38555555555555554,0.32722222222222225,18
2024-06-27,MSFT,0.173715,0.17287999999999998,0.653405,0.607475,0.003575000000000002,0.604,0.399,0.306,20
2024-06-28,MSFT,0.15995454545454546,0.15703636363636364,0.6830090909090909,0.609790909090909,0.008945454545454546,0.6318181818181818,0.3536363636363636,0.3463636363636364,11
2024-06-29,MSFT,0.17704999999999999,0.15805,0.6649,0.6008,0.0493,0.545,0.36,0.3525,2
2024-06-30,MSFT,0.15382857142857143,0.15382857142857143,0.6923428571428571,0.6045428571428572,0.0,0.5771428571428572,0.3271428571428571,0.3657142857142857,7
2024-07-01,MSFT,0.195675,0.18736875,0.6169625,0.61334375,0.0143625,0.67875,0.47,0.28500000000000003,16
2024-07-02,MSFT,0.18655714285714287,0.17076666666666668,0.6426761904761905,0.6140619047619048,0.03370952380952381,0.6728571428571429,0.4819047619047619,0.3026190476190476,21
2024-07-03,MSFT,0.21708636363636363,0.17418636363636364,0.6087363636363636,0.6225227272727273,0.06950909090909091,0.6772727272727272,0.5481818181818182,0.3159090909090909,22
2024-07-04,MSFT,0.17166666666666666,0.224,0.60435,0.6368,-0.07341666666666667,0.8266666666666667,0.5933333333333334,0.31083333333333335,6
2024-07-05,MSFT,0.20454444444444445,0.16565555555555556,0.6297888888888888,0.6143388888888889,0.08681666666666667,0.6833333333333333,0.44777777777777783,0.2847222222222222,18
2024-07-06,MSFT,0.19904,0.17987999999999998,0.6211,0.60524,0.04194,0.6,0.534,0.346,5
2024-07-07,MSFT,0.174475,0.193775,0.631725,0.629675,-0.039325,0.8825,0.585,0.395,4
2024-07-08,MSFT,0.19184705882352943,0.1754058823529412,0.6327470588235294,0.611070588235294,0.032529411764705876,0.6564705882352941,0.5135294117647059,0.3370588235294118,17
2024-07-09,MSFT,0.19819473684210526,0.16486842105263158,0.6369263157894737,0.6104684210526315,0.07015263157894737,0.6557894736842106,0.48368421052631577,0.34842105263157896,19
2024-07-10,MSFT,0.19119999999999998,0.2504521739130435,0.5583347826086956,0.6359652173913044,-0.07766521739130434,0.7665217391304348,0.5760869565217391,0.27695652173913043,23
2024-07-11,MSFT,0.19457058823529413,0.20457647058823528,0.6008411764705882,0.6275470588235295,-0.0011823529411764742,0.7594117647058823,0.5994117647058823,0.27999999999999997,17
2024-07-12,MSFT,0.22840000000000002,0.16314166666666666,0.60845,0.6293000000000001,0.11503333333333333,0.8083333333333332,0.5441666666666667,0.33,12
2024-07-13,MSFT,0.23062,0.1862,0.5831999999999999,0.61744,0.08293999999999999,0.712,0.638,0.253,5
2024-07-14,MSFT,0.2258,0.17784999999999998,0.5963583333333333,0.6111583333333334,0.08805833333333334,0.6641666666666667,0.5558333333333333,0.30291666666666667,12
2024-07-15,MSFT,0.22637692307692306,0.1687076923076923,0.6049230769230769,0.6142923076923077,0.10470769230769231,0.7023076923076924,0.4653846153846154,0.2926923076923077,13
2024-07-16,MSFT,0.1882375,0.194775,0.617,0.61865,-0.001850000000000001,0.73125,0.5675,0.301875,8
2024-07-17,MSFT,0.17656190476190475,0.17698571428571427,0.646452380952381,0.6137285714285715,0.0027761904761904772,0.6628571428571428,0.5780952380952381,0.3292857142857143,21
2024-07-18,MSFT,0.265025,0.206325,0.528675,0.629075,0.08965000000000001,0.7125,0.705,0.2875,4
2024-07-19,MSFT,0.18531666666666666,0.2572083333333333,0.5574708333333334,0.6132791666666667,-0.13875,0.6829166666666667,0.59875,0.26208333333333333,24
2024-07-20,MSFT,0.19630666666666666,0.22946,0.5742466666666667,0.6303466666666666,-0.05975333333333334,0.7566666666666666,0.5866666666666667,0.3016666666666667,15
2024-07-21,MSFT,0.18664166666666668,0.22785833333333336,0.5854750000000001,0.6205583333333333,-0.06621666666666666,0.7025,0.5933333333333334,0.26666666666666666,12
2024-07-22,MSFT,0.17017600000000002,0.26386400000000004,0.5659639999999999,0.625676,-0.157472,0.718,0.62,0.3236,25
2024-07-23,MSFT,0.19019999999999998,0.19261153846153847,0.6171923076923077,0.6230192307692307,0.002284615384615388,0.7357692307692307,0.575,0.3107692307692308,26
2024-07-24,MSFT,0.19322916666666667,0.189275,0.6175041666666666,0.6196833333333334,0.012229166666666666,0.7391666666666666,0.5891666666666667,0.3075,24
2024-07-25,MSFT,0.1783,0.2614,0.5603,0.6019,-0.189,0.56,0.85,0.345,1
2024-07-26,MSFT,0.19651000000000002,0.21083,0.5926400000000001,0.62877,-0.016659999999999998,0.792,0.615,0.3335,10
2024-07-27,MSFT,0.1748,0.1748,0.6504,0.6463,0.0,1.0,0.79,0.335,1
2024-07-28,MSFT,0.2657,0.1553,0.579,0.60355,0.2083,0.63,0.715,0.45,2
2024-07-29,MSFT,0.29509375,0.180884375,0.524034375,0.649590625,0.172409375,0.78,0.7253125,0.3890625,32
2024-07-30,MSFT,0.18375999999999998,0.17829,0.63795,0.62479,0.01023,0.7889999999999999,0.599,0.3225,10
2024-07-31,MSFT,0.28040000000000004,0.15305,0.5665571428571429,0.63235,0.20816428571428572,0.7057142857142857,0.6385714285714286,0.35857142857142854,14
2024-08-01,MSFT,0.19177777777777777,0.18208888888888888,0.6261333333333333,0.6116333333333333,0.02415555555555555,0.6744444444444445,0.6144444444444445,0.3877777777777778,9
2024-08-02,MSFT,0.20137142857142856,0.1711642857142857,0.6274642857142857,0.6112428571428571,0.06307142857142857,0.6571428571428571,0.5114285714285715,0.32392857142857145,14
2024-08-03,MSFT,0.18446666666666667,0.16026666666666667,0.6552666666666666,0.6002666666666666,0.05563333333333333,0.5566666666666666,0.48333333333333334,0.42,3
2024-08-04,MSFT,0.19885,0.161,0.64015,0.6165,0.09275,0.735,0.44999999999999996,0.3675,2
2024-08-05,MSFT,0.1599142857142857,0.1807142857142857,0.6593714285714285,0.6215857142857143,-0.041100000000000005,0.7657142857142858,0.4442857142857143,0.3364285714285714,7
2024-08-06,MSFT,0.24761666666666668,0.14815,0.6042333333333333,0.63135,0.15080000000000002,0.62,0.5316666666666666,0.35083333333333333,6
2024-08-07,MSFT,0.20058888888888887,0.19193333333333334,0.6074777777777778,0.6164888888888889,0.027788888888888894,0.7155555555555555,0.5844444444444444,0.3116666666666667,9
2024-08-08,MSFT,0.1646857142857143,0.1977857142857143,0.6375285714285714,0.6232,-0.058800000000000005,0.7757142857142857,0.6314285714285715,0.3442857142857143,7
2024-08-09,MSFT,0.16438000000000003,0.19132000000000002,0.6443,0.60442,-0.05258,0.562,0.5439999999999999,0.325,5
2024-08-10,MSFT,0.23766666666666666,0.16693333333333335,0.5954,0.6252333333333333,0.13233333333333333,0.81,0.65,0.3016666666666667,3
2024-08-11,MSFT,0.17022500000000002,0.22375,0.606,0.616625,-0.11245000000000001,0.735,0.595,0.35375,4
2024-08-12,MSFT,0.18517777777777777,0.17422222222222222,0.6406,0.6150333333333333,0.022577777777777776,0.6888888888888889,0.5411111111111111,0.33166666666666667,9
2024-08-13,MSFT,0.19757,0.16570000000000001,0.63673,0.61651,0.07165,0.7070000000000001,0.518,0.3195,10
2024-08-14,MSFT,0.15837142857142858,0.16029999999999997,0.6813142857142857,0.6107428571428571,-0.005828571428571429,0.6342857142857143,0.33285714285714285,0.31642857142857145,7
2024-08-15,MSFT,0.16720000000000002,0.1683,0.6645,0.6106833333333334,-0.003133333333333333,0.6366666666666667,0.43,0.3283333333333333,6
2024-08-16,MSFT,0.2034625,0.172325,0.6242125000000001,0.61545,0.06888749999999999,0.71,0.5875,0.356875,8
2024-08-17,MSFT,0.1623111111111111,0.16872222222222222,0.6689666666666666,0.6070888888888889,-0.011722222222222224,0.6155555555555555,0.4122222222222222,0.37611111111111106,9
2024-08-18,MSFT,0.15746666666666667,0.15746666666666667,0.6850666666666667,0.6222,0.0,0.77,0.43,0.37166666666666665,3
2024-08-19,MSFT,0.16538571428571427,0.20745714285714284,0.6271285714285714,0.6157285714285715,-0.07591428571428571,0.6857142857142857,0.5471428571428572,0.2864285714285714,7
2024-08-20,MSFT,0.16705714285714285,0.16938571428571428,0.6635714285714285,0.6104857142857142,-0.007014285714285714,0.63,0.49000000000000005,0.3378571428571429,7
2024-08-21,MSFT,0.24994444444444447,0.16828888888888888,0.5817555555555556,0.6131888888888889,0.15504444444444443,0.6711111111111111,0.7244444444444444,0.3188888888888889,9
2024-08-22,MSFT,0.19823,0.18224,0.61954,0.60839,0.03291,0.621,0.632,0.344,10
2024-08-23,MSFT,0.18664999999999998,0.18506666666666668,0.6282666666666666,0.6084999999999999,0.0028166666666666657,0.6233333333333334,0.665,0.3741666666666667,6
2024-08-24,MSFT,0.16427999999999998,0.17168,0.66402,0.61612,-0.01804,0.6900000000000001,0.542,0.348,5
2024-08-25,MSFT,0.174,0.174,0.652,0.6153,0.0,0.65,0.77,0.335,1
2024-08-26,MSFT,0.20581818181818184,0.18622727272727274,0.6079545454545454,0.6065,0.03994545454545455,0.6090909090909091,0.63,0.345,11
2024-08-27,MSFT,0.17910666666666666,0.19666,0.6242333333333333,0.61178,-0.033646666666666665,0.6413333333333334,0.6106666666666667,0.3026666666666667,15
2024-08-28,MSFT,0.18045,0.20575,0.6138125,0.6187625,-0.026100000000000005,0.66875,0.6225,0.3225,8
2024-08-29,MSFT,0.1744142857142857,0.23655714285714285,0.5890285714285713,0.6266857142857143,-0.12012857142857143,0.8485714285714286,0.5585714285714286,0.3092857142857143,7
2024-08-30,MSFT,0.18263333333333331,0.17886666666666665,0.6385333333333333,0.6042833333333334,0.01625,0.5766666666666667,0.5,0.33666666666666667,6
2024-08-31,MSFT,0.1957,0.1728,0.6314,0.6137,0.0621,0.65,0.47,0.235,1
2024-09-01,MSFT,0.20775,0.15985,0.63235,0.59985,0.12785,0.5700000000000001,0.38,0.385,2
2024-09-02,MSFT,0.19340000000000002,0.16747499999999998,0.6391249999999999,0.61435,0.0615,0.67,0.45,0.27125,4
2024-09-03,MSFT,0.19083999999999998,0.19192,0.61722,0.60693,-0.010690000000000005,0.63,0.5309999999999999,0.39449999999999996,10
2024-09-04,MSFT,0.18854285714285712,0.1858,0.6256642857142857,0.6152785714285713,0.003921428571428568,0.6849999999999999,0.5314285714285714,0.2860714285714286,14
2024-09-05,MSFT,0.18588888888888888,0.24769999999999998,0.5664111111111111,0.6359888888888888,-0.07557777777777779,0.69,0.7111111111111111,0.30166666666666664,9
2024-09-06,MSFT,0.18761250000000002,0.1806375,0.6317375,0.6102,0.0131125,0.6575,0.5575,0.37625,8
2024-09-07,MSFT,0.2966,0.14786666666666667,0.5555333333333333,0.6611333333333334,0.2178,0.8233333333333333,0.62,0.2833333333333334,3
2024-09-08,MSFT,0.20290000000000002,0.16610000000000003,0.631,0.5979000000000001,0.08735,0.51,0.62,0.38,2
2024-09-09,MSFT,0.18263636363636362,0.20247272727272725,0.6148818181818182,0.6105909090909091,-0.029109090909090907,0.630909090909091,0.6772727272727272,0.31681818181818183,11
2024-09-10,MSFT,0.17744615384615384,0.19773846153846153,0.6248307692307692,0.6156,-0.03468461538461538,0.7100000000000001,0.5561538461538462,0.34346153846153843,13
2024-09-11,MSFT,0.21865555555555555,0.17364444444444443,0.6076888888888888,0.6235666666666666,0.07378888888888888,0.7122222222222222,0.6066666666666667,0.3272222222222222,9
2024-09-12,MSFT,0.19144285714285716,0.16889285714285715,0.6396571428571428,0.6169142857142857,0.04980714285714286,0.7071428571428572,0.4928571428571429,0.3057142857142857,14
2024-09-13,MSFT,0.1748333333333333,0.16558333333333333,0.6595833333333333,0.6134333333333334,0.025250000000000005,0.6616666666666666,0.5633333333333334,0.3516666666666666,6
2024-09-14,MSFT,0.17450000000000002,0.18962,0.63588,0.61514,-0.035140000000000005,0.6940000000000001,0.442,0.297,5
2024-09-15,MSFT,0.16536666666666666,0.21006666666666665,0.6245666666666666,0.6128666666666667,-0.09443333333333333,0.6833333333333332,0.7233333333333333,0.4116666666666667,3
2024-09-16,MSFT,0.196,0.185775,0.618225,0.6159,0.021000000000000005,0.7175,0.48,0.31375,4
2024-09-17,MSFT,0.17176666666666668,0.1615888888888889,0.6666444444444444,0.6090777777777778,0.025166666666666667,0.62,0.4766666666666667,0.3522222222222222,9
2024-09-18,MSFT,0.16071111111111114,0.16071111111111114,0.6785777777777777,0.6192555555555556,0.0,0.7288888888888889,0.49888888888888894,0.3655555555555556,9
2024-09-19,MSFT,0.22599999999999998,0.1643,0.6096999999999999,0.61334,0.12361,0.6890000000000001,0.614,0.348,10
2024-09-20,MSFT,0.2065272727272727,0.1672909090909091,0.6261818181818182,0.6177727272727274,0.08607272727272729,0.7327272727272728,0.47363636363636363,0.31136363636363634,11
2024-09-21,MSFT,0.23724444444444448,0.1676777777777778,0.5950666666666666,0.6310444444444444,0.11314444444444444,0.7066666666666667,0.57,0.28611111111111115,9
2024-09-22,MSFT,0.1604,0.1604,0.6792,0.63855,0.0,0.9450000000000001,0.43,0.335,2
2024-09-23,MSFT,0.16533636363636364,0.23044545454545454,0.6042181818181818,0.6183000000000001,-0.13124545454545455,0.6881818181818182,0.53,0.29363636363636364,11
2024-09-24,MSFT,0.21093333333333333,0.17581666666666665,0.61325,0.617175,0.075075,0.7108333333333333,0.6316666666666667,0.30916666666666665,12
2024-09-25,MSFT,0.19726666666666667,0.17444,0.6282800000000001,0.6202799999999999,0.04784,0.7433333333333334,0.5586666666666668,0.30400000000000005,15
2024-09-26,MSFT,0.20478999999999997,0.16423,0.63096,0.61505,0.08745,0.7,0.534,0.337,10
2024-09-27,MSFT,0.18534166666666665,0.1854916666666667,0.62915,0.6111166666666666,0.004749999999999997,0.6316666666666667,0.5833333333333334,0.2966666666666667,12
2024-09-28,MSFT,0.2114,0.17512857142857144,0.6134714285714286,0.6134285714285715,0.07814285714285715,0.6785714285714286,0.51,0.29071428571428576,7
2024-09-29,MSFT,0.19133333333333336,0.2236,0.58505,0.6221833333333333,-0.02695,0.695,0.6066666666666666,0.3416666666666666,6
2024-09-30,MSFT,0.19171428571428573,0.1856142857142857,0.6226428571428572,0.6177857142857144,0.014885714285714283,0.7000000000000001,0.6042857142857142,0.275,7
2024-10-01,MSFT,0.23828571428571427,0.16467142857142858,0.5970714285714286,0.6120285714285715,0.1428,0.6699999999999999,0.5514285714285714,0.2928571428571428,7
2024-10-02,MSFT,0.21049285714285718,0.16811428571428572,0.6213928571428572,0.6216142857142858,0.07529285714285715,0.7135714285714286,0.5614285714285714,0.3175,14
2024-10-03,MSFT,0.167075,0.18992499999999998,0.6429875,0.6176875000000001,-0.0360125,0.73375,0.4575,0.340625,8
2024-10-04,MSFT,0.1815,0.16203333333333333,0.6564583333333334,0.6151416666666667,0.044925,0.695,0.49666666666666665,0.35541666666666666,12
2024-10-05,MSFT,0.20156666666666667,0.17323333333333335,0.6251666666666668,0.6087666666666667,0.07106666666666667,0.6033333333333334,0.6366666666666666,0.305,3
2024-10-06,MSFT,0.16366666666666665,0.18511666666666668,0.6512166666666667,0.6167333333333334,-0.050116666666666664,0.71,0.5066666666666667,0.3425,6
2024-10-07,MSFT,0.18055,0.16515000000000002,0.65425,0.5994,0.04115,0.51,0.54,0.3525,2
2024-10-08,MSFT,0.21088823529411763,0.16829411764705882,0.6207941176470588,0.618164705882353,0.09411176470588234,0.7229411764705883,0.5158823529411765,0.2835294117647059,17
2024-10-09,MSFT,0.22471666666666668,0.17001666666666668,0.6052833333333333,0.6163,0.11405,0.7050000000000001,0.6533333333333333,0.3125,6
2024-10-10,MSFT,0.17006666666666667,0.21773333333333333,0.6122000000000001,0.6281777777777777,-0.059888888888888894,0.6933333333333334,0.5366666666666666,0.3111111111111111,9
2024-10-11,MSFT,0.202225,0.17045,0.62735,0.62275,0.063625,0.7625,0.7175,0.3375,4
2024-10-12,MSFT,0.159,0.159,0.6819999999999999,0.617,0.0,0.7,0.33999999999999997,0.3075,2
2024-10-13,MSFT,0.161975,0.167875,0.67015,0.6199749999999999,-0.016625,0.74,0.48,0.35125,4
2024-10-14,MSFT,0.19445,0.18385,0.62171,0.61312,0.023090000000000003,0.673,0.504,0.2985,10
2024-10-15,MSFT,0.19119,0.23561,0.5732,0.64444,-0.00828,0.721,0.605,0.29500000000000004,10
2024-10-16,MSFT,0.18015384615384616,0.18336153846153846,0.6364923076923077,0.6148769230769231,-0.008238461538461538,0.6976923076923077,0.42230769230769233,0.30692307692307697,13
2024-10-17,MSFT,0.18383,0.16558,0.65059,0.61396,0.04044,0.6679999999999999,0.5469999999999999,0.331,10
2024-10-18,MSFT,0.19047692307692307,0.2079230769230769,0.6015923076923076,0.6219923076923077,-0.008399999999999994,0.6823076923076923,0.5146153846153846,0.29423076923076924,13
2024-10-19,MSFT,0.27803333333333335,0.15213333333333334,0.56985,0.6467,0.19106666666666663,0.8066666666666666,0.5766666666666667,0.27416666666666667,6
2024-10-20,MSFT,0.1806777777777778,0.16945555555555555,0.6498666666666666,0.6056555555555555,0.024877777777777776,0.5944444444444446,0.4744444444444444,0.35277777777777775,9
2024-10-21,MSFT,0.19619999999999999,0.19338181818181815,0.6104090909090909,0.6161090909090908,0.00803636363636363,0.6936363636363636,0.5572727272727273,0.26636363636363636,11
2024-10-22,MSFT,0.16962222222222223,0.1899,0.6404666666666666,0.61265,-0.03486111111111111,0.6577777777777778,0.5216666666666667,0.315,18
2024-10-23,MSFT,0.2637333333333333,0.15236666666666668,0.5839,0.6282166666666668,0.1753,0.635,0.5633333333333334,0.31,6
2024-10-24,MSFT,0.17886363636363636,0.16783636363636364,0.6532818181818182,0.6201818181818182,0.026418181818181816,0.740909090909091,0.44090909090909086,0.30363636363636365,11
2024-10-25,MSFT,0.22872499999999998,0.18566666666666667,0.5856083333333334,0.6186583333333333,0.07665833333333334,0.7358333333333333,0.6841666666666667,0.30124999999999996,12
2024-10-26,MSFT,0.20768,0.16902,0.6232800000000001,0.6152200000000001,0.09306,0.6900000000000001,0.47400000000000003,0.275,5
2024-10-27,MSFT,0.188375,0.17172500000000002,0.639875,0.617775,0.03635,0.6925,0.6625,0.31,4
2024-10-28,MSFT,0.19816666666666669,0.16200666666666666,0.6398333333333334,0.6101,0.07651333333333334,0.6433333333333333,0.42066666666666663,0.31166666666666665,15
2024-10-29,MSFT,0.20432857142857141,0.20065714285714284,0.5950285714285715,0.6105,0.020057142857142853,0.6385714285714286,0.6457142857142857,0.29071428571428576,7
2024-10-30,MSFT,0.21345454545454545,0.1650818181818182,0.6214727272727273,0.6132545454545455,0.10338181818181819,0.6790909090909092,0.5027272727272727,0.3077272727272727,11
2024-10-31,MSFT,0.21686,0.16285999999999998,0.6202799999999999,0.6208666666666667,0.10142000000000001,0.7333333333333333,0.5266666666666667,0.30666666666666664,15
2024-11-01,MSFT,0.19843,0.21902,0.5825400000000001,0.62122,-0.01318,0.678,0.515,0.2985,10
2024-11-02,MSFT,0.21398,0.16714,0.61886,0.6214999999999999,0.10540000000000001,0.77,0.502,0.297,5
2024-11-03,MSFT,0.17714999999999997,0.1644,0.65845,0.62275,0.03555,0.77,0.43999999999999995,0.3125,2
2024-11-04,MSFT,0.19642857142857142,0.19672857142857142,0.6068357142857143,0.6207071428571428,0.0012714285714285742,0.755,0.6321428571428571,0.30785714285714283,14
2024-11-05,MSFT,0.1951,0.16851764705882352,0.6363882352941177,0.6127882352941176,0.061147058823529415,0.6552941176470588,0.5852941176470587,0.32088235294117645,17
2024-11-06,MSFT,0.2131636363636364,0.20203636363636363,0.5847818181818182,0.6204909090909091,0.03083636363636364,0.7609090909090909,0.6863636363636364,0.3063636363636364,11
2024-11-07,MSFT,0.21773846153846155,0.17374615384615386,0.6085384615384615,0.610376923076923,0.09103076923076923,0.6492307692307692,0.5753846153846154,0.31769230769230766,13
2024-11-08,MSFT,0.165,0.165,0.6699999999999999,0.6153,0.0,0.6749999999999999,0.6266666666666666,0.3758333333333333,6
2024-11-09,MSFT,0.23018,0.16862,0.6012000000000001,0.6204799999999999,0.12469999999999999,0.76,0.688,0.33499999999999996,5
2024-11-10,MSFT,0.1654,0.1654,0.6692,0.61595,0.0,0.685,0.69,0.40249999999999997,2
2024-11-11,MSFT,0.21438749999999998,0.1807875,0.6047750000000001,0.6072000000000001,0.077375,0.60125,0.5575,0.276875,8
2024-11-12,MSFT,0.19401538461538465,0.19748461538461537,0.6085076923076923,0.6102615384615384,0.003730769230769234,0.6569230769230769,0.5069230769230769,0.3142307692307692,13
2024-11-13,MSFT,0.17626999999999998,0.20151,0.62222,0.61543,-0.04182,0.7020000000000001,0.604,0.3415,10
2024-11-14,MSFT,0.19364545454545457,0.16983636363636362,0.6365272727272727,0.6169272727272728,0.04858181818181818,0.7081818181818181,0.5681818181818182,0.32863636363636367,11
2024-11-15,MSFT,0.16419,0.16782,0.66798,0.6086,-0.00798,0.615,0.43200000000000005,0.3395,10
2024-11-16,MSFT,0.18303750000000002,0.194,0.6229375,0.6014125,-0.0038499999999999923,0.57375,0.4875,0.373125,8
2024-11-17,MSFT,0.156,0.156,0.688,0.6111,0.0,0.65,0.43,0.39,1
2024-11-18,MSFT,0.1893846153846154,0.18726153846153848,0.6233538461538461,0.6113999999999999,0.00789230769230769,0.643076923076923,0.5876923076923076,0.30653846153846154,13
2024-11-19,MSFT,0.18791363636363637,0.16890000000000002,0.6431863636363636,0.620009090909091,0.044463636363636365,0.7468181818181818,0.5281818181818182,0.3347727272727273,22
2024-11-20,MSFT,0.2004625,0.1698375,0.6297,0.6183875,0.0638875,0.71,0.59125,0.29000000000000004,8
2024-11-21,MSFT,0.19908888888888887,0.16965555555555556,0.6312444444444445,0.6170111111111111,0.06947777777777778,0.7033333333333334,0.5777777777777778,0.30888888888888894,9
2024-11-22,MSFT,0.1922,0.17125,0.6365666666666666,0.6206583333333333,0.04699166666666666,0.745,0.5683333333333334,0.31625,12
2024-11-23,MSFT,0.20998,0.18536,0.60466,0.61466,0.04416,0.6900000000000001,0.728,0.346,5
2024-11-24,MSFT,0.15904000000000001,0.15904000000000001,0.6819200000000001,0.62354,0.0,0.782,0.472,0.373,5
2024-11-25,MSFT,0.2503625,0.165375,0.5842625,0.6229,0.1600625,0.75875,0.5575,0.265625,8
2024-11-26,MSFT,0.19963999999999998,0.21197999999999997,0.58836,0.6083000000000001,-0.007779999999999998,0.6519999999999999,0.602,0.35200000000000004,5
2024-11-27,MSFT,0.18123846153846154,0.18108461538461537,0.6376692307692308,0.6154153846153847,0.007500000000000001,0.6938461538461538,0.5753846153846154,0.33999999999999997,13
2024-11-28,MSFT,0.18224444444444446,0.1633111111111111,0.6544555555555556,0.6110111111111112,0.04432222222222223,0.6433333333333333,0.49444444444444446,0.34,9
2024-11-29,MSFT,0.19216666666666668,0.17441666666666666,0.6334166666666666,0.6034333333333334,0.035433333333333324,0.575,0.57,0.37083333333333335,6
2024-11-30,MSFT,0.22283333333333333,0.17556666666666665,0.6016,0.6064333333333334,0.1067,0.58,0.7066666666666667,0.295,3
2024-12-01,MSFT,0.23056666666666667,0.17206666666666667,0.5973666666666667,0.6325333333333334,0.13093333333333335,0.8833333333333333,0.4566666666666667,0.21333333333333335,3
2024-12-02,MSFT,0.18026,0.16214,0.6576000000000001,0.61986,0.04242,0.746,0.47000000000000003,0.34199999999999997,5
2024-12-03,MSFT,0.2487125,0.1734625,0.5778125,0.6350125,0.1292875,0.8787499999999999,0.67625,0.27437500000000004,8
2024-12-04,MSFT,0.2205,0.16515,0.6143500000000001,0.6171166666666666,0.11895,0.7316666666666666,0.5566666666666666,0.33499999999999996,6
2024-12-05,MSFT,0.18938888888888888,0.16615555555555553,0.6444666666666667,0.6111888888888889,0.05427777777777778,0.6377777777777778,0.4855555555555556,0.3016666666666667,9
2024-12-06,MSFT,0.19618333333333335,0.17215833333333333,0.6316583333333333,0.6158666666666667,0.04740833333333333,0.7066666666666667,0.5433333333333333,0.3358333333333334,12
2024-12-07,MSFT,0.1624,0.1624,0.6751999999999999,0.6309,0.0,0.8466666666666667,0.36999999999999994,0.28,3
2024-12-08,MSFT,0.1645,0.17365000000000003,0.6618999999999999,0.6032500000000001,-0.0255,0.545,0.47,0.32,2
2024-12-09,MSFT,0.2622,0.15527777777777776,0.5825222222222223,0.6304777777777777,0.17615555555555554,0.69,0.6666666666666666,0.35555555555555557,9
2024-12-10,MSFT,0.21968666666666667,0.17621333333333336,0.6041000000000001,0.6117733333333334,0.08947333333333334,0.6753333333333333,0.5506666666666666,0.32433333333333336,15
2024-12-11,MSFT,0.16961666666666667,0.16608333333333333,0.6643,0.6075666666666667,0.01035,0.585,0.5583333333333333,0.3358333333333334,6
2024-12-12,MSFT,0.20425714285714286,0.1677,0.6280428571428571,0.6157428571428571,0.08115714285714286,0.7000000000000001,0.6271428571428571,0.34714285714285714,7
2024-12-13,MSFT,0.20275555555555555,0.16992222222222222,0.6273222222222222,0.6020222222222222,0.06876666666666667,0.5522222222222222,0.5188888888888888,0.3255555555555556,9
2024-12-14,MSFT,0.28936,0.15732,0.55336,0.6182399999999999,0.23983999999999997,0.666,0.716,0.381,5
2024-12-15,MSFT,0.18791666666666665,0.17161666666666667,0.64045,0.6037833333333333,0.0409,0.5683333333333334,0.5716666666666667,0.35916666666666663,6
2024-12-16,MSFT,0.20635,0.1767125,0.6169375,0.612075,0.05771250000000001,0.66625,0.5875,0.33125,8
2024-12-17,MSFT,0.172775,0.156875,0.67035,0.6029,0.043625,0.5700000000000001,0.325,0.3525,4
2024-12-18,MSFT,0.18334285714285717,0.17115714285714284,0.6455142857142857,0.6099428571428572,0.02662857142857143,0.6214285714285713,0.5442857142857143,0.3192857142857143,7
2024-12-19,MSFT,0.20123333333333335,0.16063333333333332,0.6381333333333333,0.6123,0.08028333333333333,0.6749999999999999,0.5599999999999999,0.3741666666666667,6
2024-12-20,MSFT,0.2323666666666667,0.16256666666666666,0.6050666666666666,0.6103999999999999,0.13883333333333334,0.6583333333333333,0.49333333333333335,0.3025,6
2024-12-21,MSFT,0.17643333333333333,0.16011666666666666,0.66345,0.6028333333333333,0.04728333333333334,0.57,0.47333333333333333,0.3941666666666667,6
2024-12-22,MSFT,0.1944,0.1698,0.635825,0.60555,0.049300000000000004,0.5925,0.415,0.305,4
2024-12-23,MSFT,0.2006,0.19295,0.606425,0.610325,0.019200000000000002,0.645,0.485,0.27375,4
2024-12-24,MSFT,0.17033333333333334,0.17798333333333335,0.6516833333333333,0.6022,-0.01815,0.5466666666666667,0.5166666666666667,0.35083333333333333,6
2024-12-25,MSFT,0.19790000000000002,0.23265000000000002,0.56945,0.6057,-0.0724,0.615,0.5700000000000001,0.29,2
2024-12-26,MSFT,0.18966,0.17436000000000001,0.6359600000000001,0.62458,0.0388,0.768,0.506,0.242,5
2024-12-27,MSFT,0.16697499999999998,0.159375,0.673675,0.602975,0.022475,0.5625,0.51,0.405,4
2024-12-28,MSFT,0.17454999999999998,0.20205,0.6234,0.6102,-0.04897499999999999,0.67,0.55,0.3875,4
2024-12-29,MSFT,0.18616666666666667,0.1657,0.6481,0.6119666666666667,0.055433333333333334,0.6533333333333333,0.4566666666666666,0.3133333333333333,3
2024-12-30,MSFT,0.1487,0.1487,0.7026,0.596,0.0,0.505,0.41,0.47125,4
2024-12-31,MSFT,0.20460545454545453,0.17723636363636364,0.61816,0.61712,0.05213818181818182,0.6965454545454546,0.5725454545454545,0.2892727272727273,55
2025-01-01,MSFT,0.19328333333333333,0.16305,0.6436833333333333,0.6169,0.07323333333333333,0.7266666666666667,0.44,0.34,6
2025-01-02,MSFT,0.21368,0.18624000000000002,0.60006,0.61348,0.04451999999999999,0.6980000000000001,0.442,0.286,5
2025-01-03,MSFT,0.29501428571428573,0.14994285714285716,0.5550142857142857,0.6448571428571429,0.23242857142857143,0.7285714285714285,0.5942857142857143,0.3092857142857143,7
2025-01-04,MSFT,0.20132,0.16226,0.63642,0.6205200000000001,0.08780000000000002,0.77,0.49000000000000005,0.35,5
2025-01-05,MSFT,0.16754,0.16054,0.67192,0.61418,0.01792,0.672,0.366,0.309,5
2025-01-06,MSFT,0.23956666666666665,0.16634,0.5941133333333333,0.6256133333333334,0.13548666666666667,0.7126666666666667,0.5726666666666667,0.264,15
2025-01-07,MSFT,0.19504,0.17013999999999999,0.6348199999999999,0.6104,0.056780000000000004,0.6373333333333334,0.48333333333333334,0.30333333333333334,15
2025-01-08,MSFT,0.19829999999999998,0.17436363636363636,0.6273363636363637,0.6183363636363637,0.04405454545454546,0.7127272727272728,0.59,0.29363636363636364,11
2025-01-09,MSFT,0.18305714285714286,0.16584285714285715,0.6511000000000001,0.6155857142857143,0.040042857142857144,0.6885714285714286,0.5042857142857142,0.3221428571428571,7
2025-01-10,MSFT,0.20546666666666666,0.17603333333333335,0.6184777777777778,0.6076666666666667,0.058088888888888884,0.6333333333333333,0.5744444444444444,0.37,9
2025-01-11,MSFT,0.19108333333333336,0.16631666666666667,0.6426,0.61645,0.061,0.7033333333333333,0.5,0.31666666666666665,6
2025-01-12,MSFT,0.1938,0.16670000000000001,0.6395500000000001,0.61295,0.06535,0.665,0.53,0.32499999999999996,2
2025-01-13,MSFT,0.18256,0.16606,0.6513899999999999,0.61324,0.04202,0.6599999999999999,0.496,0.315,10
2025-01-14,MSFT,0.16599999999999998,0.18758571428571427,0.6464142857142857,0.6057428571428571,-0.048785714285714286,0.59,0.49857142857142855,0.34214285714285714,7
2025-01-15,MSFT,0.17706363636363637,0.17123636363636363,0.6517090909090909,0.6118909090909092,0.0115,0.6572727272727273,0.4954545454545455,0.345,11
2025-01-16,MSFT,0.179,0.17761999999999997,0.64337,0.6144000000000001,0.010279999999999997,0.692,0.518,0.3525,10
2025-01-17,MSFT,0.21103999999999998,0.18402000000000002,0.60494,0.60954,0.05702,0.628,0.5980000000000001,0.29100000000000004,5
2025-01-18,MSFT,0.2025,0.17504999999999998,0.62245,0.61015,0.06855,0.615,0.7,0.3125,2
2025-01-19,MSFT,0.1733,0.16565000000000002,0.66105,0.6257,0.019875,0.7975,0.575,0.35125,4
2025-01-20,MSFT,0.16679999999999998,0.1552,0.6779999999999999,0.6033333333333334,0.032766666666666666,0.5833333333333334,0.44333333333333336,0.4283333333333333,3
2025-01-21,MSFT,0.1825857142857143,0.16461428571428569,0.6528142857142857,0.6201714285714285,0.04344285714285715,0.7514285714285714,0.6257142857142857,0.39285714285714285,7
2025-01-22,MSFT,0.20743076923076925,0.19622307692307692,0.5963461538461539,0.6159307692307692,0.03342307692307693,0.7223076923076923,0.5653846153846154,0.31538461538461543,13
2025-01-23,MSFT,0.18378,0.16863999999999998,0.6475799999999999,0.61584,0.03886,0.6799999999999999,0.522,0.29500000000000004,5
2025-01-24,MSFT,0.1699142857142857,0.16594285714285714,0.6641428571428571,0.6234000000000001,0.010628571428571428,0.7642857142857142,0.5442857142857143,0.3285714285714286,7
2025-01-25,MSFT,0.163075,0.19035000000000002,0.646575,0.59855,-0.06437499999999999,0.51,0.475,0.33875,4
2025-01-26,MSFT,0.16906666666666667,0.16076666666666664,0.6701666666666667,0.6023666666666667,0.022566666666666665,0.5433333333333333,0.4166666666666667,0.33666666666666667,3
2025-01-27,MSFT,0.166,0.17651111111111112,0.6574777777777778,0.6175666666666666,-0.023277777777777776,0.7200000000000001,0.44111111111111106,0.3316666666666667,9
2025-01-28,MSFT,0.17239,0.17378,0.6538299999999999,0.61968,-0.0009099999999999997,0.743,0.47800000000000004,0.336,10
2025-01-29,MSFT,0.2068357142857143,0.17010714285714285,0.6230571428571429,0.6241071428571429,0.05900714285714286,0.7414285714285714,0.5614285714285715,0.31357142857142856,14
2025-01-30,MSFT,0.211,0.1704,0.6186125,0.624075,0.082575,0.7825,0.6925,0.325,8
2025-01-31,MSFT,0.19849375,0.17065,0.6308625,0.6143375,0.06348125,0.69,0.54375,0.33625,16
2025-02-01,MSFT,0.1532,0.1532,0.6936,0.6112,0.0,0.65,0.25,0.335,1
2025-02-02,MSFT,0.16911428571428572,0.15877142857142856,0.6721142857142857,0.608,0.028085714285714287,0.6185714285714285,0.42428571428571427,0.3685714285714286,7
2025-02-03,MSFT,0.19164285714285714,0.1664142857142857,0.6419285714285714,0.6109142857142856,0.059971428571428564,0.6442857142857142,0.53,0.335,7
2025-02-04,MSFT,0.2407,0.15769166666666667,0.6016,0.6282333333333333,0.13636666666666666,0.7075,0.5599999999999999,0.3175,12
2025-02-05,MSFT,0.2081769230769231,0.16885384615384616,0.622976923076923,0.6172846153846153,0.07722307692307692,0.7184615384615385,0.5769230769230769,0.321923076923077,13
2025-02-06,MSFT,0.19494999999999998,0.21038333333333334,0.5946666666666667,0.6075416666666666,-0.022475000000000005,0.6291666666666667,0.5591666666666667,0.3770833333333334,12
2025-02-07,MSFT,0.204425,0.22747499999999998,0.5681,0.6358874999999999,-0.005749999999999998,0.73,0.71875,0.30562500000000004,8
2025-02-08,MSFT,0.232175,0.1635625,0.6042625,0.6205875,0.1224625,0.6575,0.5825,0.295,8
2025-02-09,MSFT,0.23886363636363636,0.1778909090909091,0.5832363636363636,0.6139545454545454,0.12203636363636364,0.6763636363636364,0.65,0.29227272727272724,11
2025-02-10,MSFT,0.17662,0.18280000000000002,0.64059,0.61749,-0.0154,0.712,0.594,0.339,10
2025-02-11,MSFT,0.19085,0.17008333333333334,0.6390666666666667,0.6138,0.04928333333333334,0.66,0.6316666666666667,0.32666666666666666,12
2025-02-12,MSFT,0.21921111111111113,0.1651,0.6156999999999999,0.6171111111111112,0.10404444444444444,0.6911111111111111,0.5977777777777777,0.3211111111111111,9
2025-02-13,MSFT,0.15496,0.15496,0.69008,0.62224,0.0,0.78,0.426,0.40099999999999997,5
2025-02-14,MSFT,0.1853625,0.1915,0.6231375,0.6114375,-0.00485,0.645,0.66,0.335,8
2025-02-15,MSFT,0.16333333333333333,0.16333333333333333,0.6733333333333333,0.6320666666666667,0.0,0.86,0.43,0.29833333333333334,3
2025-02-16,MSFT,0.2001666666666667,0.17403333333333335,0.6257666666666667,0.6222333333333333,0.06396666666666667,0.7466666666666667,0.5966666666666667,0.2683333333333333,3
2025-02-17,MSFT,0.16116000000000003,0.16655999999999999,0.67228,0.6114200000000001,-0.01434,0.6519999999999999,0.602,0.41900000000000004,5
2025-02-18,MSFT,0.2076090909090909,0.1842090909090909,0.6081727272727272,0.6122454545454545,0.05455454545454545,0.6590909090909091,0.6345454545454546,0.31136363636363634,11
2025-02-19,MSFT,0.17908,0.22555999999999998,0.59536,0.6214000000000001,-0.06342,0.705,0.607,0.315,10
2025-02-20,MSFT,0.1961,0.16982857142857144,0.6340857142857143,0.6191571428571429,0.05758571428571429,0.7185714285714286,0.5814285714285715,0.2942857142857143,7
2025-02-21,MSFT,0.18005,0.16955555555555557,0.6504,0.6114055555555555,0.025994444444444445,0.6516666666666667,0.5022222222222221,0.3441666666666667,18
2025-02-22,MSFT,0.21610000000000001,0.17372500000000002,0.6102,0.608075,0.0919,0.6175,0.53,0.29125,4
2025-02-23,MSFT,0.164075,0.20035,0.635575,0.615275,-0.085725,0.705,0.46499999999999997,0.32625000000000004,4
2025-02-24,MSFT,0.17918571428571428,0.17525714285714286,0.645547619047619,0.6165047619047619,0.007219047619047618,0.7157142857142856,0.5328571428571428,0.36142857142857143,21
2025-02-25,MSFT,0.1838142857142857,0.17071428571428574,0.6454857142857142,0.6090142857142856,0.03242857142857143,0.6271428571428571,0.62,0.38357142857142856,7
2025-02-26,MSFT,0.19975,0.178225,0.6220249999999999,0.613175,0.042616666666666664,0.6649999999999999,0.6683333333333333,0.33708333333333335,12
2025-02-27,MSFT,0.19291,0.16926000000000002,0.63784,0.62115,0.03453,0.73,0.5650000000000001,0.31500000000000006,10
2025-02-28,MSFT,0.15618,0.23738,0.60644,0.62054,-0.14529999999999998,0.7220000000000001,0.534,0.35,5
2025-03-01,MSFT,0.196625,0.1898,0.6136,0.6133500000000001,0.019000000000000003,0.67,0.415,0.23875,4
2025-03-02,MSFT,0.15666,0.16088,0.6824600000000001,0.6095200000000001,-0.012740000000000001,0.636,0.418,0.386,5
2025-03-03,MSFT,0.20894444444444446,0.1831111111111111,0.6079333333333333,0.6166111111111111,0.04792222222222223,0.7288888888888889,0.5033333333333334,0.3111111111111111,9
2025-03-04,MSFT,0.16966666666666666,0.24176666666666669,0.5885833333333333,0.6123333333333333,-0.11981666666666667,0.64,0.5616666666666666,0.32166666666666666,6
2025-03-05,MSFT,0.1812666666666667,0.17375833333333335,0.6449833333333334,0.615075,0.013850000000000001,0.6866666666666666,0.5658333333333333,0.34166666666666673,12
2025-03-06,MSFT,0.19391818181818185,0.18598181818181816,0.6201090909090909,0.6042090909090909,0.018618181818181815,0.5681818181818182,0.5990909090909091,0.32045454545454544,11
2025-03-07,MSFT,0.170425,0.1647,0.6648499999999999,0.619175,0.015525,0.7225,0.5249999999999999,0.3375,4
2025-03-08,MSFT,0.19455,0.16494999999999999,0.64055,0.6111,0.07275,0.65,0.44999999999999996,0.3125,2
2025-03-09,MSFT,0.17753333333333332,0.16363333333333333,0.6588333333333334,0.6063999999999999,0.0391,0.5966666666666667,0.5633333333333334,0.38666666666666666,3
2025-03-10,MSFT,0.17868333333333333,0.18864999999999998,0.6326666666666666,0.6130666666666666,-0.017016666666666666,0.6433333333333334,0.6483333333333333,0.3016666666666667,6
2025-03-11,MSFT,0.18464444444444444,0.23156666666666664,0.5837888888888889,0.6227666666666667,-0.07908888888888889,0.7611111111111111,0.6222222222222222,0.2822222222222222,9
2025-03-12,MSFT,0.18316,0.19624,0.62059,0.6155299999999999,-0.02667,0.689,0.569,0.29300000000000004,10
2025-03-13,MSFT,0.17767142857142856,0.16581428571428572,0.6565285714285715,0.6114142857142857,0.02742857142857143,0.6371428571428571,0.59,0.3521428571428572,7
2025-03-14,MSFT,0.1913,0.16898888888888888,0.6397111111111111,0.6040333333333333,0.03361111111111112,0.5866666666666667,0.47555555555555556,0.36000000000000004,9
2025-03-15,MSFT,0.18280000000000002,0.1756375,0.641575,0.6133,0.0155375,0.66625,0.4375,0.289375,8
2025-03-16,MSFT,0.18130000000000002,0.165,0.6537000000000001,0.6119833333333333,0.040633333333333334,0.6483333333333333,0.49333333333333335,0.32416666666666666,6
2025-03-17,MSFT,0.18802,0.16904,0.64296,0.63084,0.046099999999999995,0.8460000000000001,0.45,0.251,5
2025-03-18,MSFT,0.1747764705882353,0.17152941176470587,0.6536882352941177,0.618764705882353,0.007970588235294118,0.7217647058823529,0.5376470588235295,0.33176470588235296,17
2025-03-19,MSFT,0.18438181818181817,0.1711090909090909,0.6445,0.6167545454545454,0.023827272727272728,0.7090909090909091,0.4990909090909091,0.325,11
2025-03-20,MSFT,0.19287857142857143,0.1866142857142857,0.6205071428571429,0.6197999999999999,0.012678571428571431,0.7350000000000001,0.6885714285714286,0.3292857142857143,14
2025-03-21,MSFT,0.19556666666666667,0.16790000000000002,0.6365416666666667,0.61405,0.061775,0.6733333333333333,0.595,0.3333333333333333,12
2025-03-22,MSFT,0.2639,0.17,0.5661,0.6042,0.2163,0.61,0.51,0.29,1
2025-03-23,MSFT,0.16745,0.19475,0.6377999999999999,0.6194500000000001,-0.06915,0.735,0.44999999999999996,0.28500000000000003,2
2025-03-24,MSFT,0.1688625,0.162825,0.6683125,0.6108875,0.0124375,0.6475,0.4775,0.371875,8
2025-03-25,MSFT,0.20554999999999998,0.17865,0.61581,0.61829,0.06339,0.721,0.554,0.2805,10
2025-03-26,MSFT,0.1999090909090909,0.17928181818181818,0.6208090909090909,0.6171909090909091,0.03752727272727273,0.7172727272727273,0.5409090909090909,0.3054545454545454,11
2025-03-27,MSFT,0.17165833333333333,0.16650833333333334,0.6618333333333334,0.61495,0.0098,0.6758333333333333,0.5325,0.3383333333333334,12
2025-03-28,MSFT,0.1942714285714286,0.2008142857142857,0.6049,0.6222142857142857,-0.0024857142857142795,0.75,0.7042857142857143,0.27785714285714286,7
2025-03-29,MSFT,0.1911,0.1633,0.6456,0.5911,0.0782,0.44,0.47,0.37,1
2025-03-30,MSFT,0.2824,0.1941,0.5235,0.6262,0.1855,0.77,1.0,0.18,1
2025-03-31,MSFT,0.17633333333333331,0.1735047619047619,0.6501619047619047,0.6152380952380953,0.008876190476190477,0.6742857142857143,0.4957142857142857,0.2935714285714286,21
2025-04-01,MSFT,0.1813642857142857,0.16495714285714286,0.6536785714285714,0.6092285714285713,0.03994999999999999,0.6278571428571429,0.4271428571428571,0.3260714285714286,14
2025-04-02,MSFT,0.16866363636363635,0.15912727272727273,0.672209090909091,0.6075272727272728,0.02216363636363636,0.6109090909090908,0.5027272727272728,0.39136363636363636,11
2025-04-03,MSFT,0.16974545454545453,0.17423636363636363,0.6560363636363636,0.6134545454545455,-0.010372727272727271,0.6736363636363637,0.5172727272727272,0.35727272727272724,11
2025-04-04,MSFT,0.18317272727272726,0.16273636363636365,0.6541,0.6105999999999999,0.049527272727272725,0.6609090909090909,0.5445454545454546,0.4090909090909091,11
2025-04-05,MSFT,0.1808,0.16849999999999998,0.650675,0.60125,0.0315,0.54,0.35,0.3,4
2025-04-06,MSFT,0.1644857142857143,0.1968285714285714,0.6386857142857142,0.6102,-0.07617142857142857,0.6414285714285715,0.46714285714285714,0.3192857142857143,7
2025-04-07,MSFT,0.16456666666666667,0.2134,0.6220666666666667,0.6043,-0.1161,0.5966666666666667,0.5433333333333333,0.36833333333333335,3
2025-04-08,MSFT,0.17291111111111113,0.21396666666666667,0.6131222222222222,0.6261333333333333,-0.05814444444444446,0.7133333333333334,0.5222222222222223,0.2994444444444444,9
2025-04-09,MSFT,0.14812857142857142,0.28422857142857144,0.5676428571428571,0.6413571428571428,-0.2181714285714286,0.7171428571428571,0.5128571428571428,0.30642857142857144,7
2025-04-10,MSFT,0.17922,0.1885,0.63228,0.62544,-0.02026,0.792,0.55,0.284,5
2025-04-11,MSFT,0.18661818181818182,0.1940090909090909,0.6193818181818181,0.6125181818181819,-0.004690909090909084,0.6536363636363636,0.5645454545454546,0.2863636363636364,11
2025-04-12,MSFT,0.21289999999999998,0.16585,0.6212500000000001,0.61975,0.1147,0.77,0.56,0.36750000000000005,2
2025-04-13,MSFT,0.18736666666666668,0.16996666666666668,0.6426666666666666,0.6113333333333334,0.04633333333333334,0.6366666666666667,0.65,0.35000000000000003,3
2025-04-14,MSFT,0.1637,0.2012,0.635075,0.606375,-0.08895,0.61,0.52,0.36,4
2025-04-15,MSFT,0.19191,0.17715,0.6309400000000001,0.61488,0.034960000000000005,0.665,0.5519999999999999,0.2665,10
2025-04-16,MSFT,0.19391875,0.1786875,0.6273875,0.6160625,0.032231249999999996,0.723125,0.51375,0.350625,16
2025-04-17,MSFT,0.20893333333333333,0.17279999999999998,0.6182666666666666,0.6060333333333333,0.08843333333333332,0.58,0.6233333333333334,0.305,3
2025-04-18,MSFT,0.16129,0.16442,0.67429,0.61037,-0.00677,0.649,0.526,0.4165,10
2025-04-19,MSFT,0.1896,0.16166666666666665,0.6487333333333334,0.6062,0.06276666666666667,0.5966666666666667,0.4366666666666667,0.3283333333333333,3
2025-04-20,MSFT,0.19555,0.21255000000000002,0.59185,0.6131,-0.035449999999999995,0.71,0.31,0.26249999999999996,2
2025-04-21,MSFT,0.19904285714285713,0.21395714285714287,0.587,0.6139285714285715,-0.013799999999999998,0.6642857142857144,0.7171428571428571,0.34071428571428575,7
2025-04-22,MSFT,0.20203,0.16899,0.62897,0.61373,0.04904,0.634,0.472,0.3505,10
2025-04-23,MSFT,0.16601,0.18172,0.65226,0.60908,-0.03155,0.636,0.502,0.373,10
2025-04-24,MSFT,0.16422857142857142,0.16422857142857142,0.6715428571428571,0.6129142857142857,0.0,0.6471428571428571,0.5642857142857143,0.35428571428571426,7
2025-04-25,MSFT,0.17652222222222222,0.21913333333333332,0.6043333333333334,0.6211111111111111,-0.0679111111111111,0.7288888888888889,0.6411111111111111,0.33,9
2025-04-26,MSFT,0.16027142857142856,0.2084142857142857,0.6313142857142857,0.6112571428571429,-0.10932857142857143,0.6828571428571429,0.51,0.39,7
2025-04-27,MSFT,0.159,0.197875,0.6431,0.610525,-0.08887500000000001,0.67,0.475,0.3875,4
2025-04-28,MSFT,0.19912222222222223,0.1743,0.6265777777777778,0.6136444444444444,0.05483333333333333,0.6644444444444445,0.6488888888888888,0.32499999999999996,9
2025-04-29,MSFT,0.18959090909090912,0.17766363636363636,0.6327272727272727,0.6117181818181818,0.024309090909090905,0.6663636363636364,0.45909090909090905,0.32363636363636367,11
2025-04-30,MSFT,0.20826923076923076,0.16373846153846155,0.6279923076923077,0.6117153846153847,0.08496153846153846,0.6138461538461539,0.6338461538461538,0.36115384615384616,13
2025-05-01,MSFT,0.24811764705882353,0.17121176470588237,0.580670588235294,0.6287235294117647,0.13183529411764705,0.7664705882352941,0.6452941176470589,0.315,17
2025-05-02,MSFT,0.20752857142857145,0.17392857142857143,0.6185714285714285,0.6174857142857143,0.061142857142857145,0.71,0.6628571428571428,0.3192857142857143,7
2025-05-03,MSFT,0.1492,0.1492,0.7016,0.60755,0.0,0.63,0.33999999999999997,0.43,2
2025-05-04,MSFT,0.25116666666666665,0.17695000000000002,0.5718833333333333,0.6178833333333333,0.13706666666666664,0.7566666666666667,0.7083333333333334,0.35083333333333333,6
2025-05-05,MSFT,0.2194,0.18235625,0.59823125,0.61734375,0.07520625,0.734375,0.59375,0.3325,16
2025-05-06,MSFT,0.2194846153846154,0.18066923076923078,0.5998461538461538,0.6143769230769232,0.0731923076923077,0.6761538461538462,0.5961538461538461,0.3315384615384615,13
2025-05-07,MSFT,0.17134,0.16898666666666667,0.6596666666666666,0.6122266666666667,0.008293333333333335,0.6553333333333333,0.45666666666666667,0.33166666666666667,15
2025-05-08,MSFT,0.22529,0.17487,0.59984,0.62476,0.10471,0.8230000000000001,0.5900000000000001,0.331,10
2025-05-09,MSFT,0.16832,0.21258,0.6191,0.6231199999999999,-0.09932,0.786,0.5740000000000001,0.317,5
2025-05-10,MSFT,0.19348333333333334,0.16083333333333333,0.6456833333333334,0.6118,0.07141666666666667,0.6749999999999999,0.5933333333333333,0.41250000000000003,6
2025-05-11,MSFT,0.18227500000000002,0.159775,0.65795,0.611775,0.05185,0.67,0.525,0.39875,4
2025-05-12,MSFT,0.19743333333333332,0.1759666666666667,0.6265833333333334,0.6144833333333333,0.039316666666666666,0.6966666666666667,0.6333333333333333,0.37166666666666665,6
2025-05-13,MSFT,0.18079166666666668,0.16790833333333333,0.6513083333333333,0.6214166666666666,0.030491666666666667,0.7433333333333333,0.5708333333333333,0.31875000000000003,12
2025-05-14,MSFT,0.1710888888888889,0.16343333333333332,0.6654777777777778,0.6081333333333334,0.020577777777777775,0.6044444444444445,0.5255555555555556,0.3561111111111111,9
2025-05-15,MSFT,0.18872666666666665,0.17223333333333332,0.6390399999999999,0.6199333333333333,0.03507333333333333,0.7300000000000001,0.572,0.30566666666666664,15
2025-05-16,MSFT,0.17368333333333333,0.16528333333333334,0.6610166666666667,0.6134499999999999,0.018933333333333333,0.6583333333333333,0.5883333333333333,0.355,6
2025-05-17,MSFT,0.1557333333333333,0.1557333333333333,0.6885333333333333,0.609,0.0,0.6266666666666666,0.42333333333333334,0.38999999999999996,3
2025-05-18,MSFT,0.2149,0.15974,0.62536,0.60518,0.12366000000000002,0.6140000000000001,0.41400000000000003,0.346,5
2025-05-19,MSFT,0.1592,0.2129,0.6279142857142856,0.6141142857142857,-0.09237142857142858,0.6214285714285713,0.5828571428571429,0.35642857142857143,7
2025-05-20,MSFT,0.18038181818181817,0.17565454545454545,0.6439636363636363,0.6166363636363636,0.008218181818181817,0.7072727272727273,0.5490909090909091,0.3409090909090909,11
2025-05-21,MSFT,0.20865555555555554,0.17464444444444446,0.616688888888889,0.6111111111111112,0.06018888888888888,0.6244444444444445,0.6177777777777779,0.32999999999999996,9
2025-05-22,MSFT,0.194775,0.17335,0.63186875,0.61773125,0.04083125,0.71125,0.615,0.323125,16
2025-05-23,MSFT,0.19856666666666667,0.19333333333333336,0.6081,0.6116666666666667,0.019633333333333336,0.6383333333333333,0.6433333333333333,0.2816666666666667,6
2025-05-24,MSFT,0.2044,0.19216666666666668,0.6034333333333333,0.605,0.0231,0.58,0.5166666666666667,0.2683333333333333,3
2025-05-25,MSFT,0.18398,0.16428,0.65174,0.6050800000000001,0.04823999999999999,0.576,0.502,0.33799999999999997,5
2025-05-26,MSFT,0.195475,0.217225,0.587275,0.621,-0.030100000000000002,0.7975,0.65,0.37,4
2025-05-27,MSFT,0.17578571428571427,0.16172142857142857,0.6624785714285714,0.6140142857142857,0.03598571428571429,0.6799999999999999,0.45428571428571424,0.34607142857142853,14
2025-05-28,MSFT,0.20955333333333334,0.18293333333333334,0.6075066666666668,0.6133133333333334,0.05848,0.654,0.6226666666666667,0.26566666666666666,15
2025-05-29,MSFT,0.23782,0.17292000000000002,0.58928,0.6196400000000001,0.11545999999999998,0.75,0.612,0.286,5
2025-05-30,MSFT,0.17837,0.16948,0.65217,0.60429,0.02375,0.576,0.542,0.374,10
2025-05-31,MSFT,0.156,0.156,0.688,0.6111,0.0,0.65,0.43,0.39,1
2025-06-01,MSFT,0.15165,0.211725,0.636625,0.60585,-0.110825,0.64,0.6174999999999999,0.48125,4
2025-06-02,MSFT,0.16697499999999998,0.208925,0.6241,0.614525,-0.0824,0.675,0.54,0.28250000000000003,4
2025-06-03,MSFT,0.19175,0.19118333333333334,0.6170749999999999,0.6211666666666668,0.022091666666666666,0.7275,0.5366666666666666,0.33041666666666664,12
2025-06-04,MSFT,0.19847857142857142,0.16884285714285713,0.6326785714285714,0.6165928571428572,0.06035,0.7078571428571429,0.5442857142857143,0.32142857142857145,14
2025-06-05,MSFT,0.20309,0.17126999999999998,0.62564,0.6141500000000001,0.07204,0.6839999999999999,0.537,0.315,10
2025-06-06,MSFT,0.19446428571428573,0.16635714285714287,0.6391714285714285,0.6117642857142858,0.06541428571428572,0.6528571428571429,0.5657142857142857,0.3407142857142857,14
2025-06-07,MSFT,0.16936666666666667,0.16123333333333334,0.6694166666666667,0.6049333333333333,0.01908333333333333,0.5966666666666667,0.49666666666666665,0.42,6
2025-06-08,MSFT,0.1648,0.1648,0.6704,0.6449,0.0,1.0,0.43,0.28,1
2025-06-09,MSFT,0.19686428571428571,0.17062142857142856,0.6324928571428572,0.6108,0.05691428571428571,0.6471428571428571,0.5442857142857143,0.33285714285714285,14
2025-06-10,MSFT,0.18613333333333335,0.17974166666666666,0.6341333333333333,0.6157666666666667,0.016925000000000003,0.7050000000000001,0.405,0.29,12
2025-06-11,MSFT,0.20454,0.1706,0.6248666666666666,0.6108999999999999,0.07724,0.6433333333333333,0.6140000000000001,0.33266666666666667,15
2025-06-12,MSFT,0.222025,0.17241875,0.60555625,0.624525,0.08048125,0.736875,0.63125,0.3378125,16
2025-06-13,MSFT,0.2554,0.16015000000000001,0.58445,0.615275,0.1638125,0.68375,0.62375,0.310625,8
2025-06-14,MSFT,0.1444,0.1444,0.7112,0.6051,0.0,0.615,0.25,0.445,2
2025-06-15,MSFT,0.1424,0.1424,0.7152,0.5934,0.0,0.49,0.25,0.47,1
2025-06-16,MSFT,0.21155454545454547,0.16992727272727273,0.6184999999999999,0.6189363636363636,0.07589090909090909,0.7154545454545455,0.6718181818181818,0.3336363636363636,11
2025-06-17,MSFT,0.21395999999999998,0.18728,0.5987600000000001,0.6126199999999999,0.05796000000000001,0.646,0.7300000000000001,0.288,5
2025-06-18,MSFT,0.17152727272727272,0.17223636363636363,0.6562363636363636,0.6056272727272728,-9.090909090909098e-05,0.5827272727272728,0.4990909090909091,0.3463636363636364,11
2025-06-19,MSFT,0.1898272727272727,0.18664545454545456,0.6235363636363637,0.6122090909090909,0.02003636363636364,0.67,0.5636363636363636,0.33999999999999997,11
2025-06-20,MSFT,0.18385454545454546,0.16553636363636362,0.6506,0.6133909090909091,0.04459090909090909,0.67,0.6018181818181818,0.3704545454545455,11
2025-06-21,MSFT,0.17331666666666667,0.15615,0.6705333333333333,0.60585,0.037700000000000004,0.6033333333333334,0.4333333333333333,0.39083333333333337,6
2025-06-22,MSFT,0.1632,0.1632,0.6736,0.6231,0.0,0.77,0.61,0.39,1
2025-06-23,MSFT,0.17398333333333335,0.18405000000000002,0.64195,0.6076166666666667,-0.0223,0.62,0.5066666666666667,0.3575,6
2025-06-24,MSFT,0.23955555555555558,0.17034444444444444,0.5901222222222222,0.6260444444444445,0.1322111111111111,0.7799999999999999,0.6877777777777777,0.2872222222222222,9
2025-06-25,MSFT,0.2507153846153846,0.2027923076923077,0.5464692307692307,0.6258923076923076,0.09533846153846154,0.7638461538461538,0.6546153846153846,0.315,13
2025-06-26,MSFT,0.18863636363636366,0.16426363636363636,0.6471,0.6121454545454545,0.0535,0.6554545454545454,0.5281818181818182,0.3372727272727273,11
2025-06-27,MSFT,0.22982222222222223,0.16253333333333334,0.6076666666666666,0.6157777777777778,0.13137777777777776,0.6966666666666668,0.5366666666666666,0.3188888888888889,9
2025-06-28,MSFT,0.16528,0.18611999999999998,0.6486,0.6193799999999999,-0.04704,0.734,0.546,0.337,5
2025-06-29,MSFT,0.19255,0.1666,0.64085,0.6045333333333334,0.058699999999999995,0.5650000000000001,0.5499999999999999,0.32416666666666666,6
2025-06-30,MSFT,0.1795,0.1641,0.6564,0.6177250000000001,0.032862499999999996,0.71875,0.56625,0.366875,8
2025-07-01,MSFT,0.18472222222222223,0.17028888888888888,0.645,0.6057666666666667,0.03387777777777777,0.5777777777777778,0.4766666666666667,0.3027777777777778,9
2025-07-02,MSFT,0.16501428571428572,0.17432857142857142,0.6606571428571428,0.6177142857142857,-0.02342857142857143,0.7071428571428572,0.5214285714285715,0.3321428571428572,7
2025-07-03,MSFT,0.221925,0.19058750000000002,0.5875,0.6132375,0.04014999999999999,0.6425000000000001,0.4975,0.32187499999999997,8
2025-07-04,MSFT,0.16449,0.18902,0.64649,0.61171,-0.05319,0.646,0.484,0.3105,10
2025-07-05,MSFT,0.22214,0.16670000000000001,0.61114,0.62038,0.12114,0.764,0.53,0.308,5
2025-07-06,MSFT,0.24451666666666663,0.16696666666666668,0.58855,0.6197,0.15303333333333333,0.7566666666666667,0.6016666666666667,0.2941666666666667,6
2025-07-07,MSFT,0.23293333333333333,0.19804444444444444,0.5690111111111111,0.6193222222222222,0.04783333333333333,0.68,0.6166666666666667,0.2816666666666667,9
2025-07-08,MSFT,0.19415833333333335,0.1674,0.6384416666666667,0.612225,0.06399166666666666,0.6541666666666667,0.5533333333333333,0.32583333333333336,12
2025-07-09,MSFT,0.2319875,0.15938750000000002,0.60861875,0.62491875,0.13734375000000001,0.705625,0.48625,0.316875,16
2025-07-10,MSFT,0.1764235294117647,0.1751235294117647,0.6484588235294118,0.6159823529411765,0.003517647058823529,0.691764705882353,0.47000000000000003,0.30205882352941177,17
2025-07-11,MSFT,0.1692909090909091,0.1661,0.6646090909090909,0.6107,0.008245454545454545,0.629090909090909,0.4572727272727273,0.32,11
2025-07-12,MSFT,0.1644857142857143,0.18615714285714285,0.6493428571428571,0.6114428571428572,-0.051242857142857146,0.6471428571428571,0.49857142857142855,0.33,7
2025-07-13,MSFT,0.18224,0.16662,0.65114,0.61048,0.03806,0.624,0.51,0.309,5
2025-07-14,MSFT,0.17396363636363635,0.16246363636363637,0.6635636363636364,0.6145181818181819,0.02797272727272727,0.6809090909090909,0.5027272727272728,0.35409090909090907,11
2025-07-15,MSFT,0.1957727272727273,0.16637272727272728,0.6378545454545455,0.6100727272727272,0.06364545454545455,0.6272727272727273,0.5354545454545454,0.31227272727272726,11
2025-07-16,MSFT,0.18064444444444444,0.19977777777777778,0.6195777777777778,0.6146333333333334,-0.034055555555555554,0.6988888888888889,0.5566666666666666,0.3333333333333333,9
2025-07-17,MSFT,0.19535,0.16485999999999998,0.6397999999999999,0.62521,0.0622,0.799,0.499,0.302,10
2025-07-18,MSFT,0.18766666666666665,0.16544999999999999,0.6469,0.6117666666666667,0.051116666666666664,0.6466666666666666,0.51,0.32,6
2025-07-19,MSFT,0.24298333333333333,0.16248333333333334,0.59455,0.6167333333333334,0.1388,0.6666666666666666,0.6416666666666666,0.31083333333333335,6
2025-07-20,MSFT,0.20670909090909093,0.1774909090909091,0.615790909090909,0.6231454545454546,0.030209090909090918,0.6481818181818182,0.5745454545454546,0.3431818181818182,11
2025-07-21,MSFT,0.18687142857142858,0.16763571428571428,0.6454928571428571,0.61105,0.03773571428571428,0.6342857142857142,0.5978571428571428,0.3389285714285714,14
2025-07-22,MSFT,0.19269999999999998,0.16814,0.6391533333333332,0.60402,0.047773333333333334,0.5786666666666667,0.5133333333333333,0.354,15
2025-07-23,MSFT,0.191,0.16322631578947366,0.6457736842105263,0.6111473684210527,0.055105263157894734,0.6568421052631579,0.5136842105263157,0.35947368421052633,19
2025-07-24,MSFT,0.22503,0.17546,0.5994900000000001,0.61235,0.09635,0.674,0.567,0.304,10
2025-07-25,MSFT,0.18092000000000003,0.16402999999999998,0.65504,0.61202,0.0412,0.653,0.512,0.3435,10
2025-07-26,MSFT,0.17866666666666667,0.163,0.6583333333333333,0.6029,0.04186666666666666,0.5566666666666666,0.51,0.365,3
2025-07-27,MSFT,0.1694125,0.18655,0.644025,0.61345,-0.0266625,0.67875,0.49624999999999997,0.340625,8
2025-07-28,MSFT,0.18186666666666665,0.17441666666666666,0.6437083333333333,0.6168333333333333,0.019066666666666666,0.6925,0.5399999999999999,0.2970833333333333,12
2025-07-29,MSFT,0.19821538461538463,0.21976923076923077,0.5820153846153846,0.6263769230769232,-0.025507692307692304,0.7438461538461538,0.6192307692307693,0.2726923076923077,13
2025-07-30,MSFT,0.19506896551724137,0.17300000000000001,0.6319310344827587,0.6149586206896551,0.04276896551724138,0.6679310344827587,0.6789655172413793,0.34051724137931033,29
2025-07-31,MSFT,0.23233548387096775,0.17885483870967742,0.5888096774193549,0.616083870967742,0.1087225806451613,0.6932258064516129,0.6619354838709677,0.3020967741935484,31
2025-08-01,MSFT,0.22274090909090907,0.18570454545454543,0.59155,0.6242,0.08466363636363637,0.7009090909090909,0.5690909090909091,0.29409090909090907,22
2025-08-02,MSFT,0.20600000000000002,0.1623375,0.6316625,0.6128,0.08510000000000001,0.675,0.56875,0.351875,8
2025-08-03,MSFT,0.20928333333333335,0.1654,0.6253333333333334,0.608,0.09741666666666667,0.62,0.5166666666666667,0.32166666666666666,6
2025-08-04,MSFT,0.26058461538461536,0.16374615384615382,0.5756615384615384,0.6320153846153846,0.16526153846153846,0.7084615384615385,0.6884615384615385,0.29230769230769227,13
2025-08-05,MSFT,0.21652727272727273,0.1758727272727273,0.6076045454545455,0.6199863636363636,0.07483636363636365,0.7086363636363636,0.6840909090909091,0.30318181818181816,22
2025-08-06,MSFT,0.2528588235294118,0.1926176470588235,0.5545176470588236,0.6243470588235295,0.09016470588235294,0.7000000000000001,0.6835294117647058,0.3085294117647059,17
2025-08-07,MSFT,0.2528357142857143,0.17792857142857144,0.56925,0.6299857142857144,0.12417142857142857,0.7178571428571429,0.7164285714285714,0.31035714285714283,14
2025-08-08,MSFT,0.16315,0.18929,0.64756,0.60697,-0.05173000000000001,0.595,0.525,0.3335,10
2025-08-09,MSFT,0.16645,0.1693125,0.6642375,0.61435,-0.005487499999999999,0.6725,0.515,0.344375,8
2025-08-10,MSFT,0.21068333333333333,0.17731666666666668,0.612,0.6058833333333333,0.06733333333333333,0.6033333333333334,0.5533333333333333,0.32749999999999996,6
2025-08-11,MSFT,0.1889190476190476,0.17108571428571429,0.6399904761904762,0.6112095238095238,0.038709523809523805,0.6342857142857143,0.5057142857142857,0.29214285714285715,21
2025-08-12,MSFT,0.19328333333333333,0.18887777777777778,0.6178388888888889,0.6119833333333333,0.010511111111111113,0.6466666666666667,0.5933333333333333,0.29194444444444445,18
2025-08-13,MSFT,0.23487857142857144,0.1671357142857143,0.5979928571428571,0.6125499999999999,0.13231428571428572,0.6678571428571428,0.6385714285714286,0.31214285714285717,14
2025-08-14,MSFT,0.20444,0.19147,0.60409,0.61025,0.021150000000000006,0.637,0.663,0.315,10
2025-08-15,MSFT,0.19180769230769232,0.18747692307692307,0.6207076923076923,0.6079923076923077,0.015669230769230772,0.6238461538461538,0.5484615384615384,0.33384615384615385,13
2025-08-16,MSFT,0.17865,0.20766666666666667,0.6137,0.6089833333333333,-0.052450000000000004,0.6316666666666667,0.5466666666666666,0.3125,6
2025-08-17,MSFT,0.1877888888888889,0.18308888888888888,0.6291222222222221,0.6074555555555556,0.011677777777777778,0.6011111111111112,0.5955555555555556,0.32666666666666666,9
2025-08-18,MSFT,0.19245555555555555,0.22284444444444443,0.5847222222222223,0.6176888888888888,-0.04067222222222222,0.633888888888889,0.6355555555555555,0.29305555555555557,18
2025-08-19,MSFT,0.21583125,0.17399375,0.61018125,0.61165,0.08183125,0.6743750000000001,0.541875,0.3334375,16
2025-08-20,MSFT,0.18989999999999999,0.17123529411764707,0.6388588235294117,0.6087470588235294,0.0404235294117647,0.6147058823529411,0.5552941176470588,0.3273529411764706,17
2025-08-21,MSFT,0.20295454545454544,0.17404545454545453,0.622990909090909,0.6142909090909091,0.06297272727272728,0.6818181818181818,0.5481818181818182,0.3059090909090909,11
2025-08-22,MSFT,0.191,0.17353636363636363,0.6354727272727273,0.6157363636363636,0.03796363636363636,0.6845454545454546,0.5972727272727273,0.31363636363636366,11
2025-08-23,MSFT,0.1820375,0.1618375,0.6561375,0.609875,0.044912499999999994,0.63625,0.52625,0.36812500000000004,8
2025-08-24,MSFT,0.1769666666666667,0.16505833333333333,0.6579666666666667,0.607025,0.027958333333333335,0.6,0.49666666666666665,0.3516666666666666,12
2025-08-25,MSFT,0.2018,0.19608571428571428,0.6021285714285715,0.615,0.007271428571428572,0.6785714285714286,0.6371428571428571,0.2735714285714286,7
2025-08-26,MSFT,0.2021,0.17052499999999998,0.627375,0.60966875,0.05788125,0.62,0.595,0.3565625,16
2025-08-27,MSFT,0.22122000000000003,0.1759,0.60288,0.61613,0.07475000000000001,0.623,0.606,0.3175,10
2025-08-28,MSFT,0.20802727272727273,0.1763681818181818,0.6155954545454545,0.6130863636363636,0.04963636363636363,0.629090909090909,0.5818181818181819,0.32181818181818184,22
2025-08-29,MSFT,0.19435,0.17326999999999998,0.63238,0.6107,0.03545,0.651,0.6279999999999999,0.375,10
2025-08-30,MSFT,0.24860000000000002,0.1674,0.584,0.6130333333333333,0.15306666666666666,0.6733333333333333,0.6233333333333333,0.27666666666666667,3
2025-08-31,MSFT,0.19380999999999998,0.16982,0.63636,0.60501,0.05306999999999999,0.579,0.557,0.33899999999999997,10
2025-09-01,MSFT,0.19538333333333333,0.1703,0.6343166666666668,0.6093500000000001,0.05931666666666666,0.6116666666666667,0.61,0.315,6
2025-09-02,MSFT,0.18988571428571427,0.17864285714285713,0.6314857142857143,0.6012571428571428,0.029628571428571428,0.53,0.6528571428571429,0.34928571428571425,7
2025-09-03,MSFT,0.21333333333333335,0.16905333333333333,0.6176066666666666,0.61266,0.10016,0.6653333333333333,0.5753333333333334,0.3106666666666667,15
2025-09-04,MSFT,0.1892111111111111,0.17777777777777778,0.6330166666666667,0.6108722222222221,0.030077777777777783,0.6333333333333333,0.5377777777777778,0.29750000000000004,18
2025-09-05,MSFT,0.176735,0.174265,0.648995,0.61088,0.013180000000000002,0.6425,0.5455,0.35,20
2025-09-06,MSFT,0.1772,0.22386666666666666,0.5989,0.60535,-0.08546666666666668,0.5883333333333334,0.58,0.29333333333333333,6
2025-09-07,MSFT,0.19616,0.16392,0.6399,0.60413,0.06420000000000001,0.5660000000000001,0.562,0.33999999999999997,10
2025-09-08,MSFT,0.18935333333333335,0.21104,0.5996066666666666,0.61916,-0.03336666666666667,0.7293333333333333,0.6066666666666667,0.26633333333333337,15
2025-09-09,MSFT,0.19600967741935482,0.18913870967741936,0.614858064516129,0.615916129032258,0.015119354838709674,0.6948387096774193,0.6203225806451613,0.3041935483870968,31
2025-09-10,MSFT,0.20113478260869566,0.17653478260869565,0.6223260869565217,0.6085347826086956,0.047573913043478265,0.6030434782608696,0.5556521739130434,0.30282608695652175,23
2025-09-11,MSFT,0.22513461538461538,0.18345384615384616,0.5914,0.6160192307692308,0.08443461538461539,0.7003846153846154,0.661923076923077,0.2873076923076923,26
2025-09-12,MSFT,0.19209444444444446,0.18383888888888889,0.6240555555555556,0.6123944444444445,0.018144444444444442,0.6677777777777778,0.5261111111111112,0.3175,18
2025-09-13,MSFT,0.18560000000000001,0.17384444444444444,0.6405444444444445,0.6106222222222222,0.016922222222222227,0.6511111111111112,0.5166666666666667,0.3516666666666667,9
2025-09-14,MSFT,0.2173,0.16753333333333334,0.6151666666666666,0.6102444444444445,0.10714444444444444,0.6411111111111112,0.5633333333333334,0.30944444444444447,9
2025-09-15,MSFT,0.2195357142857143,0.17095,0.6095285714285714,0.6130000000000001,0.10325,0.6771428571428572,0.5814285714285715,0.3167857142857143,14
2025-09-16,MSFT,0.20611071428571429,0.17761071428571426,0.6162892857142858,0.6206428571428572,0.05317499999999999,0.7092857142857143,0.6003571428571428,0.2844642857142857,28
2025-09-17,MSFT,0.20211363636363638,0.16581363636363636,0.6320772727272727,0.6138454545454546,0.0681,0.6613636363636364,0.5404545454545455,0.3259090909090909,22
2025-09-18,MSFT,0.21862307692307692,0.17211538461538461,0.6092538461538461,0.6212615384615384,0.09641538461538463,0.7446153846153846,0.6069230769230769,0.26346153846153847,13
2025-09-19,MSFT,0.21506666666666666,0.18336666666666665,0.6015666666666667,0.6182000000000001,0.049155555555555557,0.6533333333333333,0.6277777777777778,0.2833333333333334,9
2025-09-20,MSFT,0.21333333333333335,0.1677,0.6189666666666667,0.6215,0.09443333333333333,0.7633333333333333,0.61,0.32,3
2025-09-21,MSFT,0.28305,0.16075,0.55625,0.60145,0.21425,0.5700000000000001,0.715,0.32499999999999996,2
2025-09-22,MSFT,0.20172666666666667,0.16346666666666668,0.6348,0.6108266666666666,0.08213333333333334,0.6566666666666666,0.5966666666666666,0.377,15
2025-09-23,MSFT,0.23326666666666665,0.16536666666666666,0.6013833333333333,0.6152,0.1228,0.6749999999999999,0.6483333333333333,0.31083333333333335,6
2025-09-24,MSFT,0.1976,0.191675,0.610725,0.6181625,0.023868749999999998,0.7225,0.61875,0.30125,16
2025-09-25,MSFT,0.2340625,0.1772125,0.5887249999999999,0.6241625,0.11003750000000001,0.783125,0.586875,0.27468750000000003,16
2025-09-26,MSFT,0.1895,0.16843333333333332,0.6420666666666667,0.6107222222222223,0.053266666666666664,0.6333333333333333,0.5900000000000001,0.3361111111111111,9
2025-09-27,MSFT,0.161275,0.1589,0.679825,0.6118,0.0075625,0.6575,0.525,0.408125,8
2025-09-28,MSFT,0.16894,0.16362000000000002,0.66744,0.61668,0.013739999999999999,0.6980000000000001,0.546,0.359,5
2025-09-29,MSFT,0.1736470588235294,0.18085294117647058,0.6455,0.6092588235294117,-0.012276470588235295,0.6164705882352941,0.49352941176470594,0.30735294117647055,17
2025-09-30,MSFT,0.1771782608695652,0.17817826086956523,0.6446478260869565,0.6196434782608695,0.007721739130434782,0.7247826086956523,0.5599999999999999,0.33369565217391306,23
2025-10-01,MSFT,0.19461052631578948,0.16965263157894736,0.6357368421052632,0.6145684210526315,0.050236842105263156,0.6742105263157895,0.5710526315789474,0.31184210526315786,19
2025-10-02,MSFT,0.19774210526315789,0.17552631578947367,0.626721052631579,0.6109736842105263,0.04978947368421052,0.6389473684210527,0.44789473684210523,0.26473684210526316,19
2025-10-03,MSFT,0.20154285714285716,0.1663714285714286,0.6320857142857143,0.6104428571428572,0.07943571428571428,0.6392857142857142,0.5271428571428571,0.3175,14
2025-10-04,MSFT,0.15476666666666666,0.16623333333333334,0.6789999999999999,0.6038,-0.0335,0.59,0.41,0.42,3
2025-10-05,MSFT,0.2775625,0.1613125,0.561125,0.6339375,0.2028,0.77875,0.67875,0.31375,8
2025-10-06,MSFT,0.2237875,0.16243125,0.613775,0.62126875,0.1144,0.728125,0.5287499999999999,0.304375,16
2025-10-07,MSFT,0.2014642857142857,0.16639285714285715,0.6321642857142857,0.6114071428571428,0.06355714285714285,0.6378571428571428,0.4985714285714286,0.3178571428571429,14
2025-10-08,MSFT,0.24428823529411764,0.17672941176470588,0.5789823529411765,0.6234941176470588,0.11257647058823529,0.6982352941176471,0.6035294117647059,0.27647058823529413,17
2025-10-09,MSFT,0.199432,0.17206,0.628512,0.6154120000000001,0.04665999999999999,0.6676000000000001,0.5488000000000001,0.32660000000000006,25
2025-10-10,MSFT,0.17349375,0.1655125,0.66099375,0.6051875,0.0177,0.585,0.48,0.365,16
2025-10-11,MSFT,0.20732777777777778,0.16155555555555556,0.6311055555555556,0.6187666666666667,0.08754444444444444,0.7105555555555555,0.5683333333333334,0.35527777777777775,18
2025-10-12,MSFT,0.21327543859649123,0.17607894736842106,0.6106456140350878,0.6137517543859649,0.07606754385964912,0.6768421052631579,0.5848245614035088,0.333859649122807,114
2025-10-13,MSFT,0.21342107279693487,0.17800842911877396,0.6085687739463602,0.6283,0.06842988505747126,0.7804789272030652,0.5838314176245211,0.32477969348659,522
2025-10-14,MSFT,0.20603317152103562,0.18486067961165048,0.609107281553398,0.6300425566343042,0.04400954692556634,0.8002588996763754,0.6150485436893204,0.3101860841423948,618
2025-10-15,MSFT,0.20703444816053512,0.1814984949832776,0.6114672240802675,0.6297528428093645,0.051874080267558534,0.7949832775919732,0.5927591973244146,0.31070234113712375,598
2025-10-16,MSFT,0.20764884868421052,0.18784819078947368,0.6045021381578948,0.6290919407894737,0.03927565789473684,0.7978125,0.6006743421052632,0.3224753289473684,608
2025-10-17,MSFT,0.20509284253578733,0.18440122699386505,0.6105075664621678,0.6261341513292433,0.03969141104294478,0.7824130879345603,0.5978118609406953,0.32525562372188144,489
2025-10-18,MSFT,0.20913283582089554,0.1867738805970149,0.6040970149253732,0.6263813432835821,0.056123880597014925,0.7159701492537314,0.5803731343283581,0.3270149253731343,134
2025-10-19,MSFT,0.22049731543624163,0.1770818791946309,0.6024181208053692,0.6252469798657718,0.07777382550335571,0.7485906040268456,0.5695973154362416,0.3220805369127517,149
2025-10-20,MSFT,0.1851,0.16702424242424244,0.6478727272727273,0.6028848484848485,0.03388484848484848,0.5509090909090909,0.5221212121212121,0.3572727272727273,33
2025-10-21,MSFT,0.19570416666666668,0.17837083333333334,0.6259291666666666,0.6169458333333333,0.03237916666666667,0.6995833333333333,0.6033333333333334,0.33375,24
2025-10-22,MSFT,0.19964,0.17376666666666668,0.6265933333333333,0.6149933333333333,0.054093333333333334,0.6950000000000001,0.5616666666666668,0.33233333333333337,30
2025-10-23,MSFT,0.20550714285714283,0.16947380952380953,0.6250214285714286,0.6134261904761905,0.07239761904761904,0.6397619047619048,0.5347619047619048,0.3067857142857143,42
2025-10-24,MSFT,0.19476666666666667,0.18087407407407408,0.6243481481481481,0.6118444444444444,0.029555555555555557,0.6488888888888888,0.5581481481481482,0.3433333333333333,27
2025-10-25,MSFT,0.16303333333333334,0.1677,0.66925,0.59905,-0.013216666666666666,0.49833333333333335,0.5066666666666667,0.3491666666666667,6
2025-10-26,MSFT,0.272425,0.16209375,0.56546875,0.62979375,0.17533125,0.675,0.655625,0.2940625,16
2025-10-27,MSFT,0.2217972972972973,0.1827864864864865,0.5954243243243243,0.625572972972973,0.06433783783783784,0.6937837837837838,0.5683783783783785,0.30567567567567566,37
2025-10-28,MSFT,0.198975,0.17496666666666666,0.62605,0.6159361111111111,0.049911111111111114,0.6941666666666667,0.5641666666666666,0.32152777777777775,36
2025-10-29,MSFT,0.19471666666666668,0.19265833333333332,0.612625,0.6147472222222222,0.012444444444444445,0.6616666666666666,0.5894444444444444,0.32916666666666666,36
2025-10-30,MSFT,0.2223590909090909,0.18344545454545455,0.5942022727272728,0.6141931818181818,0.07176590909090909,0.6575,0.6638636363636364,0.31272727272727274,44
2025-10-31,MSFT,0.22760789473684212,0.17918157894736841,0.593221052631579,0.6158736842105264,0.09096578947368421,0.6097368421052632,0.631842105263158,0.3238157894736842,38
2025-11-01,MSFT,0.19279230769230768,0.17188461538461539,0.6353307692307693,0.6097923076923076,0.040207692307692305,0.6253846153846154,0.6392307692307693,0.3480769230769231,13
2025-11-02,MSFT,0.2014925,0.182995,0.61552,0.6156175,0.0482875,0.673,0.611,0.322875,40
2025-11-03,MSFT,0.20649076923076923,0.18556307692307694,0.6079538461538461,0.6161892307692308,0.04391846153846154,0.6973846153846154,0.5933846153846154,0.32130769230769235,65
2025-11-04,MSFT,0.2410745098039216,0.1723921568627451,0.586521568627451,0.6191470588235294,0.12505882352941178,0.7245098039215687,0.6268627450980392,0.32088235294117645,51
2025-11-05,MSFT,0.2158685714285714,0.1865257142857143,0.5976114285714286,0.6164514285714287,0.058277142857142854,0.7040000000000001,0.6351428571428571,0.30428571428571427,35
2025-11-06,MSFT,0.23299130434782606,0.17301521739130435,0.5939934782608696,0.6168521739130435,0.11379130434782608,0.6843478260869565,0.6339130434782608,0.29597826086956525,46
2025-11-07,MSFT,0.223992,0.171592,0.6044120000000001,0.61676,0.09564,0.6828,0.6496,0.297,25
2025-11-08,MSFT,0.21243142857142858,0.17032,0.6172514285714286,0.60602,0.08495142857142857,0.6085714285714285,0.5805714285714286,0.3552857142857143,35
2025-11-09,MSFT,0.2194263157894737,0.17334210526315788,0.607221052631579,0.6172000000000001,0.09042105263157894,0.7073684210526315,0.6568421052631579,0.2986842105263158,19
2025-11-10,MSFT,0.21734166666666666,0.1707,0.6119611111111111,0.6169583333333333,0.09670555555555554,0.7119444444444444,0.6058333333333333,0.30625,36
2025-11-11,MSFT,0.23986451612903223,0.17229677419354839,0.587841935483871,0.6251096774193549,0.11740645161290322,0.7438709677419354,0.652258064516129,0.3208064516129032,31
2025-11-12,MSFT,0.20773181818181818,0.17309090909090907,0.6191772727272727,0.6138681818181818,0.06981818181818182,0.6663636363636364,0.57,0.31,22
2025-11-13,MSFT,0.17692631578947368,0.17193157894736844,0.6511526315789474,0.6096736842105264,0.00938421052631579,0.6273684210526316,0.5663157894736842,0.35789473684210527,19
2025-11-14,MSFT,0.17456538461538462,0.1924192307692308,0.6330115384615385,0.6117038461538461,-0.026953846153846155,0.6388461538461538,0.536923076923077,0.33884615384615385,26
2025-11-15,MSFT,0.20825,0.16761666666666666,0.6241333333333334,0.6133166666666666,0.07593333333333334,0.6788888888888889,0.6361111111111111,0.35805555555555557,18
2025-11-16,MSFT,0.20121666666666668,0.17218333333333333,0.6265944444444445,0.6160388888888888,0.056127777777777776,0.6855555555555556,0.5383333333333333,0.3116666666666667,18
2025-11-17,MSFT,0.20515172413793104,0.16813793103448277,0.6267103448275861,0.617353448275862,0.07064482758620691,0.6879310344827586,0.6039655172413794,0.35586206896551725,58
2025-11-18,MSFT,0.2137077922077922,0.18166883116883117,0.6046272727272727,0.6294103896103895,0.06773766233766233,0.785974025974026,0.6493506493506493,0.31584415584415587,77
2025-11-19,MSFT,0.20219864864864864,0.1994216216216216,0.5983878378378379,0.6236135135135135,0.023786486486486486,0.7102702702702703,0.6432432432432432,0.3162837837837838,74
2025-11-20,MSFT,0.2090923076923077,0.17656923076923076,0.6143461538461538,0.6127435897435897,0.06725128205128204,0.6625641025641026,0.6369230769230769,0.31807692307692303,39
2025-11-21,MSFT,0.21166607142857144,0.1728,0.6155375000000001,0.6156535714285714,0.0762375,0.6719642857142858,0.6076785714285714,0.3339285714285714,56
2025-11-22,MSFT,0.20905263157894738,0.2113842105263158,0.5795684210526315,0.6196631578947368,0.010410526315789473,0.71,0.6973684210526315,0.3121052631578947,19
2025-11-23,MSFT,0.20007037037037034,0.2089925925925926,0.5909555555555556,0.6245777777777777,0.0006962962962962988,0.721111111111111,0.6851851851851852,0.32037037037037036,27
2025-11-24,MSFT,0.21120632911392406,0.1829746835443038,0.6058189873417721,0.6201962025316455,0.05227848101265822,0.6879746835443038,0.6254430379746835,0.32164556962025315,79
2025-11-25,MSFT,0.2285232142857143,0.1775125,0.5939660714285714,0.6189464285714286,0.09767321428571428,0.7117857142857142,0.6896428571428571,0.30178571428571427,56
2025-11-26,MSFT,0.22158181818181816,0.17713636363636362,0.6012727272727273,0.6159454545454546,0.08430227272727274,0.6904545454545454,0.6197727272727273,0.3069318181818182,44
2025-11-27,MSFT,0.19392962962962965,0.19846666666666668,0.6075962962962963,0.6209037037037037,0.01086296296296296,0.6825925925925925,0.6033333333333333,0.3348148148148148,27
2025-11-28,MSFT,0.20568378378378377,0.22096756756756758,0.5733459459459459,0.6313783783783784,-0.009278378378378374,0.7081081081081081,0.6951351351351351,0.3089189189189189,37
2025-11-29,MSFT,0.23078800000000002,0.18422,0.5849880000000001,0.617772,0.082852,0.6916,0.7212000000000001,0.33020000000000005,25
2025-11-30,MSFT,0.23746470588235294,0.17837058823529411,0.5841470588235295,0.6168176470588235,0.10468823529411764,0.6870588235294117,0.7223529411764705,0.33205882352941174,17
2025-12-01,MSFT,0.21762096774193548,0.17893870967741937,0.6034451612903227,0.6144225806451613,0.07759838709677419,0.6879032258064516,0.5974193548387097,0.3110483870967742,62
2025-12-02,MSFT,0.2058240963855422,0.18075662650602412,0.6134240963855422,0.6169180722891566,0.054942168674698796,0.7102409638554217,0.623855421686747,0.31234939759036146,83
2025-12-03,MSFT,0.20546037735849057,0.19190754716981132,0.6026358490566037,0.6122981132075471,0.035715094339622645,0.6169811320754718,0.5866037735849057,0.31433962264150944,53
2025-12-04,MSFT,0.2181686274509804,0.1819470588235294,0.5998843137254902,0.6121411764705883,0.07723725490196079,0.6474509803921569,0.6131372549019608,0.31009803921568624,51
2025-12-05,MSFT,0.21441578947368423,0.1826421052631579,0.6029508771929825,0.6142771929824562,0.06593859649122807,0.6659649122807018,0.6764912280701755,0.3053508771929825,57
2025-12-06,MSFT,0.20694444444444446,0.17381851851851854,0.6192296296296297,0.6114296296296297,0.06392222222222223,0.6203703703703703,0.5651851851851851,0.30722222222222223,27
2025-12-07,MSFT,0.2111592105263158,0.17927236842105262,0.6095671052631579,0.6103092105263158,0.06340394736842105,0.6159210526315789,0.6414473684210527,0.3053947368421053,76
2025-12-08,MSFT,0.2183542168674699,0.1790987951807229,0.6025433734939759,0.6124180722891567,0.0772,0.6438554216867469,0.6571084337349398,0.3275301204819277,83
2025-12-09,MSFT,0.21480222222222223,0.18346555555555558,0.6017266666666666,0.6191022222222222,0.05498,0.6641111111111111,0.6298888888888888,0.3151666666666667,90
2025-12-10,MSFT,0.19810289855072463,0.1834768115942029,0.6184159420289854,0.6157608695652174,0.03243768115942029,0.672463768115942,0.618695652173913,0.3149275362318841,69
2025-12-11,MSFT,0.21100519480519478,0.20146103896103895,0.5875285714285714,0.6206597402597402,0.02627792207792208,0.6771428571428572,0.6562337662337663,0.2907792207792208,77
2025-12-12,MSFT,0.2191125,0.1802109375,0.6006828125,0.6155937499999999,0.07239218750000001,0.678125,0.6646875,0.33296875,64
2025-12-13,MSFT,0.18984615384615383,0.17894358974358973,0.6312128205128206,0.6149974358974359,0.023848717948717946,0.6835897435897436,0.5635897435897436,0.3114102564102564,39
2025-12-14,MSFT,0.19619512195121952,0.1763390243902439,0.6274707317073172,0.6143024390243902,0.03784634146341463,0.6809756097560976,0.6543902439024389,0.34926829268292686,41
2025-12-15,MSFT,0.22897121212121213,0.18250909090909093,0.5885181818181818,0.6219424242424243,0.08149848484848485,0.7101515151515151,0.6584848484848485,0.315530303030303,66
2025-12-16,MSFT,0.20537260273972605,0.17182876712328768,0.6227972602739725,0.6125287671232876,0.07084520547945204,0.6601369863013699,0.5958904109589042,0.3187671232876712,73
2025-12-17,MSFT,0.22261917808219178,0.1752082191780822,0.6021808219178083,0.6214369863013699,0.08617123287671233,0.7257534246575342,0.6276712328767123,0.32486301369863013,73
2025-12-18,MSFT,0.2339357142857143,0.17952261904761904,0.5865416666666666,0.6185916666666667,0.10337857142857143,0.7057142857142857,0.6423809523809524,0.3115476190476191,84
2025-12-19,MSFT,0.22128166666666665,0.18356333333333333,0.5951516666666666,0.6172416666666667,0.08102999999999999,0.6851666666666667,0.6706666666666667,0.28425,60
2025-12-20,MSFT,0.25321666666666665,0.1770861111111111,0.5696972222222222,0.6265138888888889,0.12920555555555555,0.7522222222222222,0.6866666666666666,0.2984722222222222,36
2025-12-21,MSFT,0.2697547619047619,0.16445,0.5657880952380951,0.6248404761904762,0.17833809523809524,0.6926190476190476,0.6988095238095239,0.3454761904761905,42
2025-12-22,MSFT,0.257046875,0.17173125,0.5712203125,0.6229828125,0.1585140625,0.7471875,0.70828125,0.29671875,64
2025-12-23,MSFT,0.23920694444444443,0.17365972222222223,0.5871347222222222,0.6193347222222223,0.11629444444444445,0.6656944444444445,0.6548611111111111,0.330625,72
2025-12-24,MSFT,0.2633878787878788,0.16797575757575756,0.5686424242424243,0.6338575757575757,0.1600666666666667,0.7687878787878788,0.683030303030303,0.3290909090909091,33
2025-12-25,MSFT,0.247559375,0.166246875,0.586190625,0.621040625,0.14433125,0.716875,0.695625,0.326875,32
2025-12-26,MSFT,0.2295431818181818,0.1844840909090909,0.5859818181818182,0.6223909090909091,0.07650681818181819,0.6975,0.6675,0.3503409090909091,44
2025-12-27,MSFT,0.24383333333333335,0.1716090909090909,0.5845606060606061,0.6138636363636364,0.13015757575757575,0.6478787878787878,0.68,0.3471212121212121,33
2025-12-28,MSFT,0.22914857142857145,0.1773257142857143,0.5935199999999999,0.6173371428571428,0.10078857142857144,0.6891428571428572,0.6822857142857143,0.29200000000000004,35
2025-12-29,MSFT,0.24183333333333332,0.1704462962962963,0.5877240740740741,0.6198055555555556,0.12674074074074074,0.6620370370370371,0.6374074074074074,0.3133333333333333,54
2025-12-30,MSFT,0.21999333333333332,0.18586666666666668,0.5941444444444445,0.6200888888888889,0.07626888888888889,0.6793333333333333,0.6071111111111112,0.31477777777777777,45
2025-12-31,MSFT,0.22367857142857145,0.20212857142857144,0.5741904761904761,0.6225142857142858,0.05199761904761905,0.7278571428571429,0.7273809523809524,0.3132142857142857,42
2026-01-01,MSFT,0.19972045454545453,0.18599999999999997,0.6142704545454545,0.6133636363636363,0.026979545454545454,0.6738636363636363,0.6188636363636364,0.3214772727272727,44
2026-01-02,MSFT,0.21580714285714286,0.18311142857142856,0.6010800000000001,0.6187342857142857,0.07258285714285714,0.6677142857142857,0.655,0.3206428571428572,70
2026-01-03,MSFT,0.2584393939393939,0.1738969696969697,0.5676606060606061,0.6211969696969697,0.1525878787878788,0.7072727272727273,0.6906060606060606,0.29545454545454547,33
2026-01-04,MSFT,0.20994166666666667,0.17715555555555557,0.6129027777777778,0.619625,0.05615,0.7033333333333334,0.5977777777777777,0.30986111111111114,36
2026-01-05,MSFT,0.23843048780487808,0.17563170731707317,0.5859426829268293,0.6206731707317074,0.12179878048780489,0.7270731707317073,0.6592682926829269,0.30847560975609756,82
2026-01-06,MSFT,0.22654329896907216,0.18778556701030927,0.5856731958762886,0.6193711340206186,0.06846082474226804,0.7084536082474227,0.6330927835051546,0.3018041237113402,97
2026-01-07,MSFT,0.21059220779220778,0.17925584415584414,0.6101545454545455,0.6153428571428571,0.06116103896103896,0.685974025974026,0.6258441558441559,0.33935064935064935,77
2026-01-08,MSFT,0.22311627906976741,0.17493023255813955,0.6019627906976744,0.6230732558139535,0.08292325581395349,0.7169767441860465,0.6473255813953489,0.3241860465116279,86
2026-01-09,MSFT,0.20477499999999998,0.18081184210526316,0.614417105263158,0.615946052631579,0.048007894736842104,0.6928947368421053,0.62,0.3144736842105263,76
2026-01-10,MSFT,0.19474137931034483,0.1972241379310345,0.6080344827586207,0.6154068965517242,0.004017241379310343,0.6493103448275861,0.6427586206896552,0.3518965517241379,29
2026-01-11,MSFT,0.21184285714285714,0.19190571428571426,0.5962428571428572,0.6099600000000001,0.040214285714285716,0.6517142857142857,0.6274285714285714,0.33085714285714285,35
2026-01-12,MSFT,0.21892352941176468,0.19106029411764708,0.5900235294117647,0.6244117647058823,0.05773529411764706,0.7554411764705882,0.6439705882352941,0.3288235294117647,68
2026-01-13,MSFT,0.2107218181818182,0.1772381818181818,0.6120327272727273,0.6167045454545456,0.06516727272727273,0.7019090909090908,0.6092727272727272,0.31736363636363635,110
2026-01-14,MSFT,0.2135289156626506,0.19165903614457833,0.5948072289156626,0.6208518072289158,0.04238192771084338,0.7110843373493976,0.643132530120482,0.31656626506024094,83
2026-01-15,MSFT,0.2074406976744186,0.191953488372093,0.6006081395348837,0.6139058139534884,0.03568720930232558,0.6432558139534884,0.6082558139534884,0.32122093023255816,86
2026-01-16,MSFT,0.21648095238095239,0.18242857142857144,0.6010928571428571,0.6177654761904762,0.06806666666666666,0.6513095238095238,0.6596428571428571,0.31625000000000003,84
2026-01-17,MSFT,0.20441428571428572,0.17892,0.6166657142857144,0.6085200000000001,0.05428857142857143,0.6277142857142857,0.6051428571428571,0.3415714285714286,35
2026-01-18,MSFT,0.24534090909090908,0.18130681818181818,0.5733613636363636,0.6275272727272727,0.11639318181818181,0.7190909090909091,0.6702272727272727,0.3054545454545454,44
2026-01-19,MSFT,0.23509090909090907,0.18073863636363638,0.5841636363636363,0.6249068181818181,0.09588863636363637,0.7109090909090909,0.6886363636363636,0.33443181818181816,44
2026-01-20,MSFT,0.20627222222222222,0.17596111111111112,0.6177666666666667,0.6195319444444444,0.05624861111111111,0.7173611111111111,0.5680555555555555,0.33111111111111113,72
2026-01-21,MSFT,0.2133116883116883,0.1791103896103896,0.6075792207792208,0.6177051948051948,0.06365844155844155,0.6783116883116883,0.6376623376623377,0.3249350649350649,77
2026-01-22,MSFT,0.2183024096385542,0.18968192771084338,0.5920168674698795,0.6184542168674698,0.06117349397590361,0.72,0.6544578313253012,0.3213253012048193,83
2026-01-23,MSFT,0.23876119402985074,0.18840597014925375,0.5728313432835821,0.6205701492537313,0.08708358208955223,0.6974626865671643,0.6911940298507463,0.32761194029850743,67
2026-01-24,MSFT,0.21888035714285717,0.187675,0.5934535714285715,0.6162642857142858,0.06429285714285714,0.6616071428571428,0.656607142857143,0.29857142857142854,56
2026-01-25,MSFT,0.21912653061224488,0.21032244897959182,0.5705510204081633,0.6222877551020408,0.04021020408163265,0.679795918367347,0.7040816326530612,0.3173469387755102,49
2026-01-26,MSFT,0.2282795698924731,0.18382580645161292,0.5878903225806451,0.6234032258064516,0.08395161290322581,0.696236559139785,0.6813978494623656,0.3123655913978495,93
2026-01-27,MSFT,0.22818217821782177,0.18759603960396037,0.5842198019801981,0.619709900990099,0.07678217821782178,0.6746534653465347,0.6684158415841585,0.3150990099009901,101
2026-01-28,MSFT,0.24168073394495412,0.17601743119266056,0.5823064220183487,0.6208990825688073,0.11189724770642201,0.6667889908256881,0.6772477064220183,0.3011926605504587,109
2026-01-29,MSFT,0.25444,0.17145379310344827,0.5741096551724139,0.622283448275862,0.14433034482758622,0.6942068965517241,0.7096551724137932,0.32158620689655176,145
2026-01-30,MSFT,0.2419108695652174,0.17304673913043478,0.5850391304347826,0.6221402173913043,0.11472717391304348,0.6771739130434782,0.6644565217391305,0.3309782608695652,92
2026-01-31,MSFT,0.2102015625,0.17537031250000001,0.614434375,0.6118421875,0.0650109375,0.6264062499999999,0.64046875,0.3328125,64
2026-02-01,MSFT,0.2525465517241379,0.17377931034482758,0.5736741379310345,0.619248275862069,0.13729655172413793,0.643103448275862,0.6951724137931035,0.31267241379310345,58
2026-02-02,MSFT,0.2260978494623656,0.18107956989247312,0.5928204301075269,0.6172462365591398,0.07703333333333334,0.6575268817204301,0.6527956989247312,0.32704301075268816,93
2026-02-03,MSFT,0.19996095238095238,0.1859704761904762,0.6140666666666666,0.611075238095238,0.030494285714285717,0.6458095238095238,0.6395238095238096,0.3235238095238095,105
2026-02-04,MSFT,0.23961359999999998,0.18513200000000002,0.5752536,0.619396,0.0894584,0.65872,0.70704,0.30863999999999997,125
2026-02-05,MSFT,0.21218571428571428,0.1939857142857143,0.5938238095238095,0.6133673469387756,0.04215918367346939,0.6413605442176871,0.6841496598639455,0.31540816326530613,147
2026-02-06,MSFT,0.22399886363636365,0.18024204545454545,0.5957659090909091,0.6166522727272727,0.07749772727272727,0.6639772727272727,0.6857954545454545,0.3403409090909091,88
2026-02-07,MSFT,0.2296564516129032,0.1789516129032258,0.5913983870967742,0.6165790322580645,0.08856612903225806,0.6667741935483872,0.6896774193548387,0.33161290322580644,62
2026-02-08,MSFT,0.25137333333333334,0.1700888888888889,0.5785377777777777,0.6205755555555555,0.1453311111111111,0.7,0.6806666666666666,0.3112222222222222,45
2026-02-09,MSFT,0.21702777777777776,0.18041888888888888,0.6025577777777779,0.6137455555555555,0.06595444444444444,0.6521111111111111,0.6577777777777778,0.3292222222222222,90
2026-02-10,MSFT,0.22731415094339624,0.18455754716981132,0.5881254716981131,0.6133603773584906,0.08410754716981132,0.6661320754716981,0.7041509433962264,0.32976415094339623,106
2026-02-11,MSFT,0.23301612903225807,0.18650645161290322,0.5804795698924731,0.6144516129032258,0.08326774193548388,0.6727956989247312,0.6702150537634408,0.31709677419354837,93
2026-02-12,MSFT,0.21199217391304348,0.1838695652173913,0.6041382608695652,0.6140426086956522,0.051630434782608696,0.6521739130434783,0.6733043478260871,0.32269565217391305,115
2026-02-13,MSFT,0.21326470588235294,0.1841794117647059,0.6025514705882353,0.6127779411764706,0.06037205882352941,0.6669117647058824,0.6979411764705883,0.3300735294117647,68
2026-02-14,MSFT,0.21837142857142858,0.1791047619047619,0.6025285714285714,0.6152285714285715,0.06981269841269841,0.6433333333333333,0.6831746031746032,0.33103174603174607,63
2026-02-15,MSFT,0.23164,0.19579333333333335,0.57257,0.618165,0.07021833333333333,0.7085,0.7683333333333333,0.31875,60
2026-02-16,MSFT,0.2260298245614035,0.18860701754385967,0.5853701754385966,0.613659649122807,0.0669561403508772,0.6628070175438596,0.6614035087719299,0.3040350877192982,57
2026-02-17,MSFT,0.20599438202247192,0.1869550561797753,0.6070449438202248,0.6137831460674157,0.04263370786516854,0.6486516853932585,0.6539325842696629,0.32865168539325845,89
2026-02-18,MSFT,0.21336811594202898,0.18932028985507246,0.5973130434782609,0.6159246376811595,0.04653478260869565,0.6663768115942028,0.6747826086956522,0.31224637681159423,69
2026-02-19,MSFT,0.2107116883116883,0.20007662337662338,0.5892116883116884,0.6188220779220779,0.020354545454545455,0.6764935064935066,0.6797402597402596,0.31857142857142856,77
2026-02-20,MSFT,0.2200537313432836,0.1951313432835821,0.5848134328358209,0.6212164179104477,0.04597014925373134,0.6758208955223881,0.6291044776119403,0.2971641791044776,67
2026-02-21,MSFT,0.2358873015873016,0.17508888888888888,0.5890222222222222,0.6228174603174603,0.1035968253968254,0.6660317460317461,0.6036507936507937,0.3007142857142857,63
2026-02-22,MSFT,0.22100555555555557,0.1806925925925926,0.5982999999999999,0.6167222222222222,0.07637592592592592,0.6825925925925925,0.6864814814814815,0.29824074074074075,54
2026-02-23,MSFT,0.2139840909090909,0.19965795454545454,0.5863556818181818,0.6185284090909091,0.025807954545454547,0.6967045454545455,0.6919318181818181,0.3154545454545455,88
2026-02-24,MSFT,0.22319864864864866,0.18012297297297297,0.5966864864864865,0.6161783783783784,0.0794,0.6667567567567568,0.6477027027027027,0.3178378378378378,74
2026-02-25,MSFT,0.2080348837209302,0.18654418604651163,0.6054174418604651,0.6169372093023257,0.04781162790697674,0.6747674418604651,0.6566279069767442,0.3149418604651163,86
2026-02-26,MSFT,0.22276043956043956,0.1815813186813187,0.5956527472527472,0.6119967032967033,0.0796054945054945,0.6397802197802198,0.6894505494505495,0.31445054945054945,91
2026-02-27,MSFT,0.22013083333333333,0.19530916666666667,0.5845516666666666,0.616575,0.0487275,0.6831666666666667,0.715,0.30370833333333336,120
2026-02-28,MSFT,0.21617857142857144,0.18972571428571428,0.5940914285714285,0.6134799999999999,0.05126,0.6478571428571429,0.6935714285714285,0.32685714285714285,70
2026-03-01,MSFT,0.21888923076923078,0.17845692307692307,0.6026553846153847,0.6163153846153846,0.08321076923076923,0.7027692307692308,0.7058461538461539,0.3207692307692308,65
2026-03-02,MSFT,0.2170454545454545,0.18382857142857142,0.5991207792207792,0.6136571428571429,0.06807792207792208,0.6731168831168831,0.6724675324675324,0.3082467532467532,77
2026-03-03,MSFT,0.21517731958762887,0.17267216494845358,0.6121577319587629,0.6179618556701031,0.07517835051546391,0.6711340206185566,0.6257731958762887,0.32278350515463916,97
2026-03-04,MSFT,0.2205816091954023,0.2014034482758621,0.5780172413793103,0.6245712643678161,0.045085057471264366,0.700919540229885,0.7035632183908046,0.32057471264367815,87
2026-03-05,MSFT,0.22182933333333332,0.19147866666666666,0.586696,0.6174386666666667,0.05955066666666666,0.6834666666666667,0.6733333333333333,0.33386666666666664,75
2026-03-06,MSFT,0.21475263157894736,0.17684912280701756,0.6084052631578947,0.6179491228070176,0.06789649122807018,0.6828070175438596,0.6712280701754385,0.33561403508771925,57
2026-03-07,MSFT,0.23186,0.18310500000000002,0.58504,0.622825,0.09559999999999999,0.7155,0.66925,0.328875,40
2026-03-08,MSFT,0.20946458333333332,0.20017291666666667,0.5903583333333333,0.6198041666666666,0.024402083333333335,0.7241666666666666,0.7452083333333334,0.3177083333333333,48
2026-03-09,MSFT,0.2296493827160494,0.18811234567901233,0.5822382716049382,0.6208641975308642,0.07111728395061728,0.7081481481481482,0.6796296296296296,0.3227777777777778,81
2026-03-10,MSFT,0.23359444444444444,0.18135333333333334,0.5850577777777778,0.6190044444444445,0.09646111111111111,0.6806666666666666,0.6805555555555556,0.3205555555555556,90
2026-03-11,MSFT,0.2166781818181818,0.19308363636363637,0.5902454545454546,0.6158127272727273,0.04346272727272727,0.6809090909090909,0.6561818181818181,0.2960454545454545,110
2026-03-12,MSFT,0.196304,0.18707866666666667,0.616616,0.611496,0.019970666666666668,0.6442666666666667,0.6258666666666667,0.31593333333333334,75
2026-03-13,MSFT,0.2152111111111111,0.20033827160493825,0.5844604938271605,0.6113703703703703,0.03657901234567901,0.6371604938271604,0.6675308641975308,0.2938271604938272,81
2026-03-14,MSFT,0.1979725806451613,0.18882096774193546,0.6132064516129032,0.6120064516129032,0.02422741935483871,0.6401612903225806,0.6206451612903225,0.3166935483870968,62
2026-03-15,MSFT,0.21561014492753625,0.19115652173913045,0.5932376811594203,0.6149463768115943,0.05581304347826087,0.6821739130434783,0.6652173913043478,0.3204347826086956,69
2026-03-16,MSFT,0.20458494623655912,0.1802784946236559,0.6151408602150538,0.61522688172043,0.049379569892473114,0.6921505376344087,0.6112903225806452,0.32908602150537636,93
2026-03-17,MSFT,0.20618543689320387,0.1939378640776699,0.5998786407766991,0.6183796116504855,0.032060194174757285,0.6823300970873787,0.6411650485436894,0.3081553398058252,103
2026-03-18,MSFT,0.21739659090909091,0.1881147727272727,0.5944909090909091,0.6173681818181819,0.053148863636363626,0.6909090909090909,0.6747727272727273,0.3078409090909091,88
2026-03-19,MSFT,0.19151882352941177,0.1887729411764706,0.6197105882352941,0.6130917647058823,0.006481176470588236,0.6661176470588235,0.6054117647058823,0.323,85
2026-03-20,MSFT,0.22229204545454542,0.20048863636363637,0.5772181818181819,0.6152636363636363,0.04715227272727273,0.6728409090909091,0.6884090909090909,0.2999431818181818,88
2026-03-21,MSFT,0.2242,0.17737179487179489,0.5984282051282052,0.6134589743589743,0.08553846153846154,0.6471794871794871,0.6174358974358974,0.34910256410256413,39
2026-03-22,MSFT,0.22839473684210526,0.1938657894736842,0.5777289473684211,0.6218421052631579,0.057218421052631585,0.7310526315789474,0.6642105263157895,0.3155263157894737,38
2026-03-23,MSFT,0.2128329411764706,0.1989070588235294,0.5882588235294118,0.6218423529411765,0.03156235294117647,0.6796470588235295,0.6528235294117647,0.33023529411764707,85
2026-03-24,MSFT,0.20634065934065934,0.19942527472527474,0.5942351648351648,0.6144714285714286,0.012048351648351649,0.6941758241758242,0.6597802197802197,0.32697802197802195,91
2026-03-25,MSFT,0.2228885496183206,0.1857496183206107,0.591369465648855,0.6131793893129771,0.06995648854961832,0.6572519083969465,0.6706106870229007,0.31992366412213735,131
2026-03-26,MSFT,0.21304130434782606,0.19434347826086956,0.5926097826086957,0.6136717391304348,0.0315554347826087,0.6531521739130435,0.6644565217391305,0.3207608695652174,92
2026-03-27,MSFT,0.20364022988505748,0.18711494252873564,0.6092379310344828,0.6112011494252874,0.02723333333333333,0.6418390804597701,0.6274712643678161,0.34551724137931034,87
2026-03-28,MSFT,0.18373454545454546,0.18186,0.6344090909090909,0.6114963636363636,0.0026018181818181826,0.6421818181818182,0.6114545454545455,0.3303636363636364,55
2026-03-29,MSFT,0.20570833333333335,0.1794083333333333,0.6148854166666666,0.61530625,0.04799791666666667,0.665625,0.6545833333333334,0.33989583333333334,48
2026-03-30,MSFT,0.21411904761904763,0.1933392857142857,0.5925380952380953,0.6155380952380952,0.03914642857142857,0.6704761904761904,0.6289285714285714,0.31898809523809524,84
2026-03-31,MSFT,0.2224928,0.1819272,0.595572,0.6178488,0.0752416,0.67216,0.65928,0.30939999999999995,125
2026-04-01,MSFT,0.21386039603960397,0.1857732673267327,0.600370297029703,0.6190851485148515,0.05067029702970297,0.6776237623762376,0.6400990099009901,0.3183168316831683,101
2026-04-02,MSFT,0.19574736842105261,0.18508947368421053,0.6191631578947367,0.6171986842105263,0.02519736842105263,0.6749999999999999,0.6069736842105263,0.33401315789473685,76
2026-04-03,MSFT,0.19861486486486485,0.18252567567567568,0.6188594594594594,0.611708108108108,0.03607567567567568,0.6558108108108108,0.5913513513513513,0.34743243243243244,74
2026-04-04,MSFT,0.22423191489361702,0.18582553191489362,0.5899510638297872,0.6157276595744681,0.07949574468085106,0.6829787234042554,0.6440425531914894,0.3224468085106383,47
2026-04-05,MSFT,0.21018157894736844,0.18282894736842104,0.6069842105263158,0.6180578947368421,0.05157368421052631,0.7318421052631578,0.6602631578947369,0.33381578947368423,38
2026-04-06,MSFT,0.2381967741935484,0.17942795698924732,0.5823784946236559,0.6143408602150537,0.11271290322580646,0.6760215053763441,0.643763440860215,0.3041935483870968,93
2026-04-07,MSFT,0.21174435483870968,0.18339677419354838,0.6048572580645162,0.6147903225806451,0.05484677419354839,0.6825806451612904,0.6122580645161291,0.321491935483871,124
2026-04-08,MSFT,0.2259,0.16922835820895524,0.6048671641791045,0.6193417910447762,0.10303283582089552,0.7086567164179104,0.6513432835820896,0.3340298507462686,67
2026-04-09,MSFT,0.2119212765957447,0.1763212765957447,0.6117574468085106,0.6168053191489362,0.06688297872340425,0.6835106382978723,0.6032978723404255,0.31734042553191494,94
2026-04-10,MSFT,0.2039551282051282,0.20266666666666666,0.593374358974359,0.6141576923076923,-0.0017923076923076942,0.6684615384615384,0.6660256410256411,0.3162179487179487,78
2026-04-11,MSFT,0.2112695652173913,0.1762108695652174,0.6125195652173913,0.6167260869565218,0.06889130434782609,0.686304347826087,0.6352173913043478,0.32423913043478264,46
2026-04-12,MSFT,0.22979534883720928,0.17989999999999998,0.590306976744186,0.6167767441860466,0.08732790697674418,0.706046511627907,0.6493023255813953,0.332906976744186,43
2026-04-13,MSFT,0.22680487804878047,0.19547439024390245,0.5777207317073171,0.6201524390243902,0.051221951219512195,0.6995121951219512,0.6831707317073171,0.31853658536585366,82
2026-04-14,MSFT,0.21069326923076923,0.19169903846153843,0.5975961538461538,0.6189461538461539,0.03197884615384615,0.6998076923076924,0.6664423076923077,0.3078846153846154,104
2026-04-15,MSFT,0.20888400000000001,0.19629000000000002,0.594832,0.615694,0.027625,0.6868000000000001,0.6498999999999999,0.32909999999999995,100
2026-04-16,MSFT,0.21536694915254237,0.18429322033898307,0.600342372881356,0.6185127118644067,0.06477203389830508,0.7116949152542373,0.6438135593220339,0.3093220338983051,118
2026-04-17,MSFT,0.2172945652173913,0.18343043478260868,0.5992717391304349,0.6156934782608695,0.06303369565217391,0.6790217391304347,0.633804347826087,0.31527173913043477,92
2026-04-18,MSFT,0.24013571428571429,0.1843232142857143,0.5755285714285714,0.6206285714285714,0.0977982142857143,0.7085714285714285,0.7221428571428571,0.3123214285714285,56
2026-04-19,MSFT,0.20013571428571428,0.19914464285714287,0.6007267857142857,0.6115803571428572,0.0015946428571428559,0.6626785714285715,0.6644642857142857,0.33437500000000003,56
2026-04-20,MSFT,0.2101983870967742,0.18971774193548385,0.6000838709677419,0.6167040322580645,0.03756048387096774,0.685725806451613,0.6444354838709677,0.3170564516129032,124
2026-04-21,MSFT,0.21043152173913043,0.18221195652173913,0.6073597826086956,0.6181771739130435,0.05606304347826087,0.6689130434782609,0.6422826086956521,0.3173913043478261,92
2026-04-22,MSFT,0.22315,0.18451976744186047,0.5923244186046511,0.6201523255813953,0.08081046511627907,0.6845348837209302,0.62,0.32453488372093026,86
2026-04-23,MSFT,0.2076739130434783,0.17725108695652173,0.615075,0.6121184782608696,0.06087826086956522,0.6557608695652174,0.6313043478260869,0.3382608695652174,92
2026-04-24,MSFT,0.21836818181818182,0.18788068181818182,0.5937420454545455,0.618475,0.059951136363636366,0.6713636363636364,0.6564772727272727,0.3331818181818182,88
2026-04-25,MSFT,0.2266181818181818,0.18551515151515152,0.5878696969696969,0.6170757575757575,0.07849696969696969,0.7051515151515151,0.6736363636363637,0.3259090909090909,33
2026-04-26,MSFT,0.22588846153846154,0.17483269230769233,0.5992826923076924,0.6192192307692307,0.09236923076923077,0.6815384615384615,0.655,0.33076923076923076,52
2026-04-27,MSFT,0.21449174311926605,0.18715688073394493,0.5983495412844037,0.6169229357798166,0.05152660550458715,0.694954128440367,0.6937614678899083,0.3367889908256881,109
2026-04-28,MSFT,0.23455154639175257,0.18119278350515466,0.5842649484536083,0.6182814432989691,0.09562989690721649,0.7004123711340206,0.6753608247422681,0.31448453608247423,97
2026-04-29,MSFT,0.23784769230769232,0.17867769230769232,0.5834738461538462,0.6218192307692307,0.10075615384615384,0.6840769230769231,0.688923076923077,0.3147307692307692,130
2026-04-30,MSFT,0.25245963302752294,0.17921834862385322,0.5683238532110092,0.6174174311926606,0.1338532110091743,0.656697247706422,0.7530275229357798,0.31683486238532105,109
