Date,ticker,Close,High,Low,Open,Volume,Daily_Change_USD,Daily_Return_Pct,EMA_20,SMA_50,SMA_200,RSI_14,ATR_14,OBV,MACD_12_26_9,MACDh_12_26_9,MACDs_12_26_9,BBL_20_2.0,BBM_20_2.0,BBU_20_2.0,BBB_20_2.0,BBP_20_2.0,STOCHk_14_3_3,STOCHd_14_3_3,Target_Forward_Return,Target_Direction,finbert_positive,finbert_negative,finbert_neutral,finbert_confidence,finbert_score,news_count
2023-05-01,MSFT,297.84600830078125,300.80927056527844,297.44635535169203,299.2204158338492,21294100,-1.6571044921875,-0.0055328456413505,282.1508849019145,266.9001168823242,249.07678367614747,66.75678753562644,6.825398216070554,-291166500.0,6.736282997766409,1.2867588594323855,5.449524138334024,266.68819572257047,282.1788101196289,297.66942451668734,10.979289614617931,1.005699702399391,94.58056618758536,82.43037049252139,-0.0004907878405109,0,0.2345462912857142,0.1127183661071428,0.6527353392857143,0.7894387057142858,0.1218279222142857,14
2023-05-02,MSFT,297.6998291015625,301.3746435203023,296.237697087883,299.9905085390908,26404400,-0.14617919921875,-0.0004907878405109,283.6317367304524,267.8232092285156,249.3233571624756,66.58319725833766,6.70479451723832,-317570900.0,7.153216191406216,1.3629536424577529,5.790262548948463,266.21163507206614,283.064860534668,299.91808599726977,11.90767757662929,0.93418895093317,91.27721008475768,92.66682480203524,-0.0033072175702621,0,0.2826664138823529,0.33634413,0.3809894658823529,0.8152152047058824,-0.0536777162352941,17
2023-05-03,MSFT,296.7152709960937,300.81897921071857,296.41309947358855,298.8792272280922,22360800,-0.98455810546875,-0.0033072175702621,284.87778761289445,268.8316888427734,249.5769570922852,65.35060332551993,6.540586318659156,-339931700.0,7.319814870985112,1.223641857629319,6.096173013355793,266.1132527050238,283.9041229248047,301.6949931445856,12.533012931617783,0.8600483819235798,88.22325872503848,91.36034499912716,0.0033181915516633,1,0.3493870611481481,0.2360566434333333,0.414556307,0.8434712629629629,0.1133304202222222,27
2023-05-04,MSFT,297.6998291015625,299.9905085390908,295.74056268414336,298.5088623937183,22519900,0.98455810546875,0.0033181915516633,286.09893442133904,269.88247467041015,249.80993682861327,66.02787479242721,6.376969142679748,-317411800.0,7.4454644560374845,1.0794331541453523,6.366031301892132,266.4575557819056,284.93102874755857,303.4045017132115,12.966978743490907,0.8455982634598403,87.85366598160358,89.11804493046655,0.0171572034442135,1,0.38401648512,0.12643924814,0.4895442726,0.7966831292000001,0.257577232272,25
2023-05-05,MSFT,302.8075256347656,304.0942089102195,296.5885862172232,298.00199235653776,28197100,5.107696533203125,0.0171572034442135,287.69022882261777,270.9718600463867,250.0551998138428,69.37249729351726,6.457587253416646,-289214700.0,7.866510840638398,1.2003836309970124,6.6661272096413855,265.8185506654685,285.8594833374024,305.90041600933625,14.021527246853244,0.9228356677505823,90.36831224447268,88.8150789837049,-0.0064380612870055,0,0.3510465281230769,0.2371830590384615,0.4117704086153846,0.8310847407692308,0.1138634697692307,13
2023-05-08,MSFT,300.8580322265625,302.36891985995953,298.3626625741606,302.30067989163814,21318600,-1.949493408203125,-0.0064380612870055,288.9443053372792,272.1304534912109,250.27828254699708,66.67435659615987,6.313821239644388,-310533300.0,7.951228495832197,1.0280810289526483,6.9231474668795485,265.81590543792333,286.7981689453125,307.7804324527017,14.63207633755161,0.8350416239958721,92.05729679217777,90.09309167275131,-0.0053458350120849,0,0.3242620472222222,0.11793072069999998,0.5578072459777778,0.7903444071111112,0.20633132398888887,21
2023-05-09,MSFT,299.24969482421875,302.2129574604757,298.5771116971217,300.22444953048654,21340800,-1.60833740234375,-0.0053458350120849,289.92577100270194,273.2385546875,250.51499649047847,64.44734554383517,6.122537277052217,-331874100.0,7.798690016998364,0.7004340400950522,7.098255976903312,266.97534973940054,287.9761596679688,308.976969596537,14.585103122968082,0.7684071517859448,91.2477388172236,91.22444928462468,0.0172963713160376,1,0.2888495222954546,0.2405400375,0.4706104522272727,0.8430310777272727,0.0483094856363636,22
2023-05-10,MSFT,304.4256286621094,305.09821176430125,299.9027824610233,300.8287815493971,30078000,5.175933837890625,0.0172963713160376,291.3067098274074,274.4646008300781,250.78499168396,68.13593983888977,6.102964395840095,-301796100.0,8.003200859487436,0.7239559060672978,7.279244953420138,267.9297342882727,289.38078155517576,310.8318288220788,14.82548160359642,0.8506786153547476,91.83871482711986,91.71458347884038,-0.0070442153858398,0,0.28064985886,0.1958131320666666,0.5235369926666666,0.7501409706666666,0.0848367266666666,15
2023-05-11,MSFT,302.2811889648437,303.26570080657984,298.5284068792122,302.2714616451602,31680200,-2.144439697265625,-0.0070442153858398,292.3518983166871,275.7091677856445,251.0777896118164,65.1213909476099,6.088268494915602,-333476300.0,7.901159169239804,0.4975313726557324,7.403627796584072,268.4570182249272,290.3686950683594,312.2803719117916,15.09231347289258,0.7718298097768591,92.30238884127034,91.79628082853792,-0.0036761684578224,0,0.2005665970315789,0.1753783398947368,0.6240550635263158,0.8694836057894737,0.0251882581657894,19
2023-05-12,MSFT,301.1699523925781,302.8075331032812,298.8597885779878,302.71005168658775,19774700,-1.111236572265625,-0.0036761684578224,293.1917129905815,276.8371542358398,251.28356506347657,63.55227670012023,5.935373925656872,-353251000.0,7.642524623603037,0.191117461615172,7.4514071619878655,269.7495705199572,291.4813766479492,313.2131827759412,14.911282757004162,0.722912345333078,93.25894069735445,92.4666814552482,0.0015857145650957,1,0.2885389411,0.0250868863499999,0.6863741775000001,0.827937343,0.26345204566,10
2023-05-15,MSFT,301.64752197265625,302.07641633631226,299.8247358006917,301.2966246281088,16336500,0.477569580078125,0.0015857145650957,293.9970281317315,277.89320281982424,251.45462356567384,63.95425235212878,5.672252969225707,-336914500.0,7.390893141260278,-0.0484112165820702,7.439304357842349,270.83194898456304,292.48829193115233,314.1446348777416,14.808348603360091,0.7114676070676658,88.04861311633108,91.2033142183186,0.0073678830430135,1,0.20587553331527775,0.09019223700277777,0.7039322104027779,0.7910599354166666,0.11568329516527777,33
2023-05-16,MSFT,303.8700256347656,305.790293615096,302.0082405576207,302.0082405576207,26730300,2.222503662109375,0.0073678830430135,294.93731360821096,278.9628985595703,251.6158476257324,65.84228156719101,5.563004303026711,-310184200.0,7.286813005447584,-0.1219930819158117,7.408806087363396,272.09285080638944,293.627294921875,315.1617390373605,14.667876241692843,0.7378220365931119,87.05137313863601,89.45297565077381,0.0094514398757965,1,0.35775331932,0.1453670724,0.49687961588,0.8224559927999999,0.21238624688,25
2023-05-17,MSFT,306.7420349121094,307.1620885056331,303.5573787677108,305.0715691203483,24315000,2.87200927734375,0.0094514398757965,296.0615727800108,280.14306182861327,251.8046383666992,68.16296212061417,5.42312611980497,-285869200.0,7.351334288625253,-0.0459774389905147,7.397311727615768,273.44570293766947,294.90599822998047,316.36629352229147,14.553990370569087,0.7757659324093652,89.40465199043227,88.16821274846643,0.0143948214578319,1,0.3355100146117647,0.1949527399999999,0.4695372524117647,0.8512691682352941,0.1405572687647058,17
2023-05-18,MSFT,311.15753173828125,311.66553123401303,306.4684936698732,307.2597684712648,27276000,4.415496826171875,0.0143948214578319,297.4992831569889,281.42030731201174,252.03093872070312,71.38212074803167,5.406976937257462,-258593200.0,7.670342627235414,0.218424719695716,7.4519179075396975,275.26790302331955,296.51952362060547,317.7711442178914,14.334044745382236,0.8443974554944113,94.1628775173774,90.20630088214854,-0.0005649268684514,0,0.404130813625,0.0406131173125,0.5552560578125,0.8000977943750001,0.3635176979375,16
2023-05-19,MSFT,310.98175048828125,311.38227715164794,309.05728471229986,309.4187276052405,27546700,-0.17578125,-0.0005649268684514,298.7833276647311,282.72093994140624,252.2193519592285,71.07401611093188,5.186835187406793,-286139900.0,7.818844187374566,0.2935410238678946,7.525303163506671,277.6881625842003,298.14131622314454,318.5944698620888,13.720442304370872,0.8138986410557154,96.28886011427944,93.28546320736302,0.0089212727852603,1,0.2053507862142857,0.1469135454285714,0.6477356669285715,0.85177222,0.0584372434142857,14
2023-05-22,MSFT,313.756103515625,315.1335157612651,310.65939292099665,311.2357518358931,24115700,2.77435302734375,0.0089212727852603,300.2093063171972,284.1497763061523,252.41592849731444,73.05109402623458,5.135927162611195,-262024200.0,8.06740383710229,0.4336805388764952,7.633723298225795,281.61652099542744,300.0962905883789,318.5760601813304,12.315893379901103,0.8695882910914702,95.13787857574307,95.19653873579996,-0.0184318695555754,0,0.28806550279047616,0.08052453276190473,0.6314099534476191,0.8169333798571428,0.20754097149047615,24
2023-05-23,MSFT,307.9729919433594,315.26055083800105,307.9632135465672,312.6327259488541,30797200,-5.783111572265625,-0.0184318695555754,300.94870494826023,285.3590417480469,252.5871694946289,63.33359865885178,5.290313600384242,-292821400.0,7.708877239675644,0.0601231531598784,7.648754086515765,290.314890320809,302.0715927124023,313.82829510399563,7.784050321333381,0.7509802083268213,83.75658776506393,91.7277754850288,-0.0044728027373893,0,0.2873659760689655,0.2237112985517241,0.4889227263448276,0.8313806789655173,0.0636546760793103,29
2023-05-24,MSFT,306.5954895019531,309.1842298558464,305.38413133071174,307.45515342600294,23384900,-1.37750244140625,-0.0044728027373893,301.48649395337384,286.406826171875,252.7640525817871,61.24379632027211,5.183869666437844,-316206300.0,7.230243645343989,-0.3348083529374204,7.56505199828141,293.06929802983285,303.0056976318359,312.942097233839,6.558556277760947,0.6806384613091421,69.71890936905608,82.87112523662101,0.0384579895866439,1,0.2904034219083333,0.10755042725,0.6020461415416667,0.8293024400000001,0.1828529994166666,24
2023-05-25,MSFT,318.38653564453125,319.3438643558403,312.6033603605029,315.7684598442555,43301700,11.791046142578123,0.0384579895866439,303.09602173348406,287.5997784423828,252.9903121948242,70.28284810305011,5.724191465541368,-272904600.0,7.7134461495309665,0.1187153209996445,7.594730828531322,292.465062172264,304.0683029174805,315.67154366269693,7.631996254713466,1.1169928316342828,70.56552622330291,74.68034111914096,0.0213857330039901,1,0.4508764970434782,0.1940199139565217,0.3551035988695652,0.8899422869565218,0.2568565864782609,23
2023-05-26,MSFT,325.1954650878906,325.69365647680604,316.3937162001289,316.5304646832212,36630600,6.808929443359375,0.0213857330039901,305.20073062438,288.7191418457031,253.2174301147461,74.04710029136805,5.979602094908207,-236274000.0,8.547283552571855,0.7620421792324263,7.785241373339429,290.7536934901068,305.35292053222656,319.9521475743463,9.562199055881624,1.1795751753985664,82.39882604818297,74.22775388018063,-0.0050468257100104,0,0.4593565948333333,0.1295514954583333,0.4110919177916667,0.8037164808333334,0.3298050924583333,24
2023-05-30,MSFT,323.55426025390625,327.9795506793169,322.8802068277949,327.4813593124993,29503100,-1.641204833984375,-0.0050468257100104,306.948685827192,289.74271301269533,253.44669464111328,71.68989131447759,5.916726506094903,-265777100.0,8.972247701501715,0.9496050625298283,8.022642638971886,290.4668985823486,306.6383331298828,322.809767677417,10.54756225842414,1.0230187549008365,92.85913632846656,81.9411628666508,-0.0085141554235874,0,0.29547368233571425,0.13570797483125,0.5688183534285715,0.7632996820776099,0.15976570873612636,46
2023-05-31,MSFT,320.7994689941406,328.1749431768424,319.7639428551413,324.6093167826368,45950600,-2.754791259765625,-0.0085141554235874,308.26780803356803,290.85155334472654,253.6385290527344,67.78903397607904,6.094888921495343,-311727700.0,8.983193555850107,0.768440733502576,8.214752822347531,291.0509274622382,307.7933151245117,324.53570278678524,10.878980692287438,0.8884199234896568,86.08739052382712,87.11511763349218,0.012759279742107,1,0.3375194776818182,0.1485747295454545,0.5139057935,0.7755147931818182,0.188944752,22
2023-06-01,MSFT,324.89263916015625,325.8206925176594,317.2143317221516,318.3963550941928,26773900,4.093170166015625,0.012759279742107,309.8511252837193,292.01203979492186,253.84328231811523,70.36894674322664,6.274279769639089,-284953800.0,9.21591748853058,0.800931732946438,8.41498575558414,291.70073593486524,309.20218353271486,326.7036311305645,11.320390689283665,0.9482616520638344,82.96649630358831,87.30434105196063,0.0084789878567532,1,0.3939714835714286,0.0701916020571428,0.5358369123333333,0.8485563661904763,0.3237798764761904,21
2023-06-02,MSFT,327.6473999023437,329.6988654721622,324.8632701870316,326.5239875083562,25873800,2.7547607421875,0.0084789878567532,311.54600858073115,293.25666870117186,254.06548599243163,71.99468456436826,6.171516592174196,-259080000.0,9.512979346975726,0.8783948731132671,8.634584473862459,292.2898779922458,310.6995620727539,329.109246153262,11.8504731436971,0.960296813228152,85.68610932363025,84.91333205034853,0.0016099512404121,1,0.2279774614,0.2616330280416666,0.5103895135,0.8905576991666666,-0.0336555624999999,12
2023-06-05,MSFT,328.1748962402344,330.7343313163918,326.9244840727919,327.4715375327869,21307100,0.527496337890625,0.0016099512404121,313.12971216735053,294.407158203125,254.29406021118163,72.30799728854208,6.002825924418885,-237772900.0,9.679389578159316,0.8358440834374861,8.84354549472183,292.4460954932054,311.96793060302736,331.4897657128493,12.515283267794006,0.9150984153393672,91.00885514858636,86.55382025860162,-0.0067272136352033,0,0.19964979505742295,0.20044921499450283,0.5999009894495798,0.8008582234138655,-0.0007994200840336316,39
2023-06-06,MSFT,325.9671936035156,327.61813272213266,324.49211655757586,327.5790489490728,20396200,-2.20770263671875,-0.0067272136352033,314.3523294469853,295.4567633056641,254.51717086792,68.83691603505743,5.837108335721717,-258169100.0,9.523348499625795,0.5438424039231737,8.979506095702623,293.4925181708345,313.223388671875,332.9542591729155,12.598593345601063,0.8229407676404492,88.89402411903116,88.52966286374924,-0.0308679857391797,0,0.3140921790555555,0.2395736194444444,0.4463342177222222,0.7843006516666667,0.0745185626666666,18
2023-06-07,MSFT,315.9052429199219,326.7584266923508,315.04557889593144,323.9840754044963,40717100,-10.06195068359375,-0.0308679857391797,314.50022596821736,296.38681457519533,254.7094604492188,55.710606899910125,6.2568040114858325,-298886200.0,8.489903172743027,-0.3916823383676782,8.881585511110705,295.37679717947583,314.05616607666013,332.73553497384444,11.895559402979355,0.5494951637134933,71.68405804199924,83.8623124365389,0.0058137967883753,1,0.3165716538235294,0.187159721,0.4962686386470589,0.8597475035294118,0.1294119291235294,17
2023-06-08,MSFT,317.7418518066406,319.0899588404042,315.8759965452041,316.4523555298072,23277700,1.83660888671875,0.0058137967883753,314.8089522385434,297.3760162353516,254.95165603637696,57.31075037221112,6.039458174608282,-275608500.0,7.729982862897998,-0.9212821185701668,8.651264981468165,296.5199715726918,314.7219772338867,332.9239828950816,11.56703819744245,0.5829544454870712,57.56999542826792,72.71602586309942,0.0047038134264458,1,0.40381996,0.2057845243333333,0.3903955129583333,0.7752544516666666,0.1980354317666667,12
2023-06-09,MSFT,319.2364501953125,322.3624661949436,316.9114577219513,317.47803824659906,22529000,1.494598388671875,0.0047038134264458,315.2306187106166,298.29217712402345,255.20767517089843,58.62093464976647,5.997426053064282,-253079500.0,7.165739951854846,-1.1884200236906557,8.354159975545501,298.2042673122434,315.56974029541016,332.9352132785769,11.005790965198772,0.6055747201201107,48.29830527371077,59.18411958132595,0.0154839906163426,1,0.3146570702,0.166441969125,0.5189009615,0.7885279475,0.14821509899,20
2023-06-12,MSFT,324.17950439453125,324.4237258036258,317.6441371021866,320.9850692837771,24260300,4.94305419921875,0.0154839906163426,316.0828935376561,299.2381860351563,255.49156112670897,62.69845577565239,6.05329481366249,-228819200.0,7.036326154800179,-1.0542670565962595,8.090593211396438,300.3001056445218,316.7202178955078,333.1403301464938,10.368843744862104,0.7271387182074694,59.17824767953451,55.015516127171054,0.0073527349037167,1,0.28096211956638656,0.07999296895238094,0.6390449238263305,0.7952013703641456,0.20096915588212885,29
2023-06-13,MSFT,326.5631103515625,329.1909351194717,322.7532623015664,326.7389426125968,22951300,2.38360595703125,0.0073527349037167,317.0810094246948,300.14901245117187,255.77253005981444,64.51435609988687,6.08075038539412,-205867900.0,7.044892730263541,-0.8365603849063179,7.881453115169859,302.5597812054908,317.96599731445315,333.3722134234156,9.690480264609157,0.7790144243176,70.77744420119888,59.41799905148137,0.0091235998736545,1,0.4418831982,0.15072466528,0.40739215004,0.8009024191999999,0.29115853784,25
2023-06-14,MSFT,329.54254150390625,331.20325873096044,325.1172515088124,326.6118850882896,26003800,2.97943115234375,0.0091235998736545,318.26782200366733,301.1402868652344,256.1205601501465,66.69676060615974,6.081125873733692,-179864100.0,7.208996176408846,-0.5379655510088117,7.746961727417657,304.49073745754004,319.24962310791017,334.0085087582803,9.245984697924891,0.8487024237408449,82.9199572612326,70.95854971398865,0.0318966147919377,1,0.2402122965294117,0.2294455047941176,0.5303422164705882,0.7866957164705882,0.0107667937058823,17
2023-06-15,MSFT,340.0538330078125,341.7536041604146,329.405787505742,329.6793142407834,38899100,10.51129150390625,0.0318966147919377,320.3426801945383,302.34276306152344,256.5350117492676,73.0045895081595,6.528746643800762,-140965000.0,8.093921034225616,0.2775674454463663,7.81635358877925,304.7287055409241,320.9152130126953,337.10172048446645,10.087715892191644,1.0911905341067074,89.41756734562252,81.03832293601796,-0.0165757805609391,0,0.3628783081153846,0.0781316353846153,0.5589900563076923,0.8275809830769231,0.2847466719538462,26
2023-06-16,MSFT,334.41717529296875,343.3459224105444,334.04598387273194,343.19939555884866,46552000,-5.63665771484375,-0.0165757805609391,321.6831082991507,303.4878723144531,256.932236404419,65.80657108688125,6.726688921944455,-187517000.0,8.24535190529997,0.3431986532165751,7.902153252083394,305.5249162927681,322.0781951904297,338.6314740880913,10.279043502385754,0.8727050144815152,84.38571086394836,85.57441182360112,-0.0125025300729628,0,0.2309908323333333,0.059388936225641,0.7096202411794872,0.8658924251282051,0.171601896974359,39
2023-06-20,MSFT,330.2361145019531,334.17296167361366,328.09673298112693,331.4669997090526,26375400,-4.181060791015625,-0.0125025300729628,322.4976803184652,304.4078259277344,257.3158275604248,61.00198212301513,6.697671306937124,-213892400.0,7.93649828642765,0.0274760274754042,7.909022258952246,306.9478139562264,323.0409133911133,339.1340128260002,9.963505406141904,0.7235492653218174,71.92064044755746,81.90797288570943,-0.0132818269214153,0,0.2999583509290935,0.19811128698245611,0.501930372745614,0.7471887280336257,0.10184706071220762,36
2023-06-21,MSFT,325.8499755859375,329.9236018707608,324.39442550484875,328.5950218821544,25117800,-4.386138916015625,-0.0132818269214153,322.81694653441497,305.28313903808595,257.6826755523681,56.353724546868,6.636529713377643,-239010200.0,7.25418310698592,-0.5238713215730613,7.778054428558981,308.09369845571604,323.6456069946289,339.1975155335418,9.61045551232893,0.5708713205775671,53.43460309311548,69.91365146820708,0.0184373575268705,1,0.4250166578333333,0.1256403420416666,0.44934300475,0.7854035349999999,0.2993763170833333,12
2023-06-22,MSFT,331.8577880859375,332.2583147464339,325.6350317853251,326.3970013361719,23556800,6.0078125,0.0184373575268705,323.67797906313143,306.4064971923828,258.10060249328615,60.7638532191452,6.635583516787009,-215453400.0,7.116192631845195,-0.5294894373710299,7.645682069216225,310.6793794549073,324.8398468017578,339.0003141486083,8.718430011754261,0.7478004825787261,50.42004933489024,58.59176429185438,-0.0138058338565846,0,0.3622322786111111,0.1638613160555555,0.4739064107222222,0.8775871466666667,0.1983709598333333,18
2023-06-23,MSFT,327.2762145996094,330.14826075055646,325.7425268104143,326.6314665032556,23146900,-4.581573486328125,-0.0138058338565846,324.0206681618436,307.4253576660156,258.5092443084717,56.107875767078,6.598417642411024,-238600300.0,6.561502578260331,-0.8673435927647155,7.428846171025047,314.4345747502672,325.87388305664064,337.3131913630141,7.020696595305346,0.561294420318553,46.93375490078983,50.26280244293184,-0.0191630377202486,0,0.67010382125,0.106899017125,0.2229971328333333,0.8541513808333333,0.5632048063333334,12
2023-06-26,MSFT,321.0046081542969,328.340998601614,320.8971352379601,326.00625756335666,21520600,-6.2716064453125,-0.0191630377202486,323.73342435160106,308.19499145507814,258.8630639648438,50.4133219381569,6.658806622499802,-260120900.0,5.551842306130368,-1.5016030919157437,7.053445398046112,314.85493803505767,326.0047866821289,337.1546353292001,6.8402975063939095,0.2757737039262216,41.22667761255985,46.19349394941329,0.0181677756303808,1,0.20462509167724865,0.24220502398042323,0.5531698606190476,0.7963372336507937,-0.03757993182962958,33
2023-06-27,MSFT,326.8365478515625,328.38001363040235,321.68834283318824,324.18916701420454,24354100,5.831939697265625,0.0181677756303808,324.0289599230259,309.15339599609376,259.24395881652833,54.98821571763551,6.709992254900207,-235766800.0,5.162755033945643,-1.5125522912803753,6.675307325226019,314.93786964059194,326.0868408203125,337.23581200003304,6.838038083152272,0.5336222517380659,35.312449949819914,41.157627487723175,0.0038261290147882,1,0.4750457357222222,0.0934072409629629,0.4315470326296296,0.8350393637037037,0.3816384948148148,27
2023-06-28,MSFT,328.0870666503906,330.16783795083114,326.09421148504384,326.9245702882871,20259500,1.250518798828125,0.0038261290147882,324.41544627801306,310.0849530029297,259.60230934143067,55.92717926153461,6.5216804128207135,-215507300.0,4.898836248705209,-1.4211768612166482,6.320013109921857,315.19541103615046,326.3134811401368,337.431551244123,6.814349235673513,0.5797613926547376,35.72419506576319,37.421107542714296,-0.0023822508498704,0,0.378140398125,0.0874838986874999,0.534375702625,0.78111494,0.29065649975,16
2023-06-29,MSFT,327.30548095703125,328.3409772213773,324.93165630266327,326.97334345829574,16997000,-0.781585693359375,-0.0023822508498704,324.6906876760148,311.00926330566404,259.94613502502443,55.15278696405699,6.29936902038452,-232504300.0,4.573886361668201,-1.3969013986029246,5.970787760271126,315.80807780646563,326.63878173828124,337.46948567009684,6.6316093111648255,0.5307782034735322,41.81205632435967,37.61623377998091,0.0163856044477157,1,0.4860097188789474,0.2150135262842105,0.2989767552105263,0.7816045357894736,0.2709961952631579,19
2023-06-30,MSFT,332.6685791015625,334.80796061953606,329.40578527983763,329.9430603518384,26832800,5.36309814453125,0.0163856044477157,325.45048685940026,312.0392755126953,260.3878469848633,59.31562561016474,6.385305494821684,-205671500.0,4.6949974262409455,-1.020632267224144,5.71562969346509,315.92076174276804,327.02757873535154,338.13439572793504,6.792587362530512,0.7539431580612923,47.40975880710396,41.64867006574226,-0.0074882000395564,0,0.3141049407647059,0.2431287872941177,0.4427662729411765,0.7486219835294117,0.070976149117647,17
2023-07-03,MSFT,330.177490234375,333.0202303553527,328.79032964679084,331.3497646514175,12508700,-2.4910888671875,-0.0074882000395564,325.9006776570169,313.0650848388672,260.8159883117676,56.6837181932779,6.231348010088838,-218180200.0,4.537661428438355,-0.9423746120213874,5.480036040459742,315.9645826835459,327.1540832519531,338.3435838203603,6.840507969322676,0.6351001755591426,46.3722963871655,45.198037172876354,0.000473600033126,1,0.1785867512111111,0.1379530952333333,0.6834601689333333,0.8385328751111111,0.04063365185555553,28
2023-07-05,MSFT,330.3338623046875,333.7529619318794,326.9929302209396,327.3445947298887,18172400,0.1563720703125,0.000473600033126,326.3228857186998,314.10084411621096,261.2780713653564,56.81325899288401,6.269111131578193,-200007800.0,4.375155368208368,-0.8839045378010999,5.259059906009468,315.9938418709744,327.2620315551758,338.5302212393772,6.886340973105884,0.6363054241897699,47.27787015344262,47.019975115904,0.0092266716430871,1,0.31853136082602335,0.129537959615497,0.5519306945760234,0.7782468226900585,0.188993401365497,28
2023-07-06,MSFT,333.3817443847656,335.0619888415349,327.7451250968569,329.50350728576706,28161200,3.047882080078125,0.0092266716430871,326.99515797261085,315.2753466796875,261.7584967041016,59.36413069277085,6.343950603942466,-171846600.0,4.441112377342563,-0.6543580229335237,5.095470400276087,316.0751988376191,327.6327590942383,339.19031935085746,7.055192092860798,0.7487110239046695,46.33018103245698,46.660115857688346,-0.0118674475957303,0,0.3400448194545454,0.171461334090909,0.4884938286363636,0.7850219227272728,0.1685834830909091,11
2023-07-07,MSFT,329.42535400390625,333.8897282258727,329.2104379854344,331.4768196689225,21214800,-3.956390380859375,-0.0118674475957303,327.2266052136866,316.4945147705078,262.22020652770993,54.8362825860409,6.225046292263599,-193061400.0,4.1265676404150895,-0.7751222078887974,4.901689848303887,318.0674260041775,328.3087646484375,338.5501032926975,6.238845712953609,0.5545138381931438,45.213363117549314,46.27380476781629,-0.0159836251610757,0,0.2708871142,0.172302416025,0.55681045145,0.8252714214999999,0.09858469495,20
2023-07-10,MSFT,324.1599426269531,327.48137758941004,320.0179571321777,326.8659348779879,32791400,-5.265411376953125,-0.0159836251610757,326.93454211018815,317.2194458007813,262.66562454223634,49.43249665753482,6.452357047939668,-225852800.0,3.4130702279609864,-1.1908956962743211,4.603965924235308,319.3785225707577,328.6296691894531,337.8808158081485,5.630134760207665,0.2584231043605323,40.37860535075617,43.974049833587465,0.0019286254199157,1,0.3767323706909091,0.13862293405212117,0.4846447110959596,0.7001269103232324,0.2381094366122828,27
2023-07-11,MSFT,324.7851257324219,325.1660955778508,319.44156081618985,323.40771358997307,26698200,0.62518310546875,0.0019286254199157,326.7298357884961,317.7724597167969,263.13113632202146,50.06174646238543,6.400369741776903,-199154600.0,2.865039053078988,-1.391141496925056,4.256180550004044,320.5055896488959,328.90710296630857,337.3086162837212,5.108745443100543,0.2546884068288241,33.24363520738681,39.61186789189741,0.0142270294202737,1,0.3416768141064516,0.2258179204354838,0.4325052807419355,0.8635149429032258,0.1158588933064516,31
2023-07-12,MSFT,329.4058532714844,333.75297652887264,327.91121941871575,328.8197159187511,29995300,4.6207275390625,0.0142270294202737,326.9846945963997,318.3705145263672,263.6099104309082,54.56220378985416,6.583761245682179,-169159300.0,2.771624927121365,-1.1876444983061427,3.959269425427508,321.0510321898582,329.1684204101563,337.2858086304544,4.932057704796544,0.5146249541653303,41.84379299102608,38.488677849723,0.0161920019981525,1,0.3922724301612903,0.1692064003387096,0.4385211649677419,0.7690720835483871,0.2230660230967742,31
2023-07-13,MSFT,334.7395935058594,335.7946167426784,331.1837159282275,331.711242452727,20567200,5.333740234375,0.0161920019981525,327.72325639730064,319.10838623046874,264.1301877593994,59.13972880160635,6.569832833218735,-148592100.0,3.092335303804134,-0.6935472972986996,3.7858826011028337,321.20625247711604,329.5772445678711,337.9482366586262,5.079836201513722,0.8083474982427455,63.84914220852711,46.31219013564664,0.0075292100364789,1,0.3238920030833333,0.2873579482375,0.3887500469166667,0.7428465854166667,0.0365340555,24
2023-07-14,MSFT,337.2599182128906,343.3068414436236,336.3514219127962,339.55560494875635,28352700,2.52032470703125,0.0075292100364789,328.63150990354734,319.8995880126953,264.6653453826904,61.13229030943005,6.712505340686268,-120239400.0,3.509415372662886,-0.2211737827519586,3.7305891554148447,320.9474390770458,329.96311340332034,338.9787877295949,5.464655872157764,0.9046732693252384,77.33361981685927,61.00885167213747,0.001419557260649,1,0.34309120952,0.2460632041,0.41084558964,0.8164804515999999,0.0970280065599999,25
2023-07-17,MSFT,337.7386779785156,338.9695335941496,334.29027291358,337.689815809939,20363900,0.478759765625,0.001419557260649,329.49885924402054,320.7200561523438,265.2079386138916,61.51620454967271,6.567273579249363,-99875500.0,3.834385831019063,0.0830373404833739,3.7513484905356886,321.30591896973584,329.8473556518555,338.3887923339751,5.179023894394886,0.9619435008620728,81.62635783968172,74.26970662168935,0.0397996895460848,1,0.23989672613816423,0.26685299302173915,0.4932502749874395,0.8506110636376811,-0.02695626157463767,36
2023-07-18,MSFT,351.1805725097656,358.30207642907544,334.26093764915,337.8363124834503,64738600,13.44189453125,0.0397996895460848,331.5637843169486,321.7896710205078,265.7951497650146,70.3664681780335,7.815406807869085,-35136900.0,5.117583493693871,1.0929880025265462,4.024595491167325,318.15593638443414,330.68552551269534,343.21511464095653,7.577948329510522,1.3178658847975533,77.66826668655011,78.87608144769702,-0.0122672330226804,0,0.509683951060606,0.1019983437727272,0.3883177097575757,0.8105790209090908,0.4076856141515151,33
2023-07-19,MSFT,346.87255859375,354.0819797747281,344.293595867751,353.38839928042864,39732900,-4.308013916015625,-0.0122672330226804,333.02176281950113,322.6709716796875,266.3781282043457,65.19190957620515,7.956333743519663,-74869800.0,5.720958518230589,1.3570904216506108,4.363868096579978,317.14423027725275,331.51734771728513,345.8904651573175,8.67111029875254,1.0341642458753286,76.31029821211202,78.5349742461146,-0.0231216435926491,0,0.5093208694324324,0.1142279038648648,0.3764512204054054,0.7982678232432432,0.3950929638378378,37
2023-07-20,MSFT,338.852294921875,349.6957307761419,337.3869665581141,345.3974402048797,33778400,-8.020263671875,-0.0231216435926491,333.5770515911558,323.43085693359376,266.9433056640625,56.8152862411393,8.267221634555955,-108648200.0,5.488699016413364,0.899864735866708,4.588834280546656,317.70259691706286,332.167463684082,346.63233045110115,8.709382072878997,0.7310713035060526,67.40410099856801,73.79422196574336,-0.0089371723108868,0,0.3429846234565217,0.2133551805956521,0.4436601995217391,0.8067837913043477,0.1296294396086956,23
2023-07-21,MSFT,335.82391357421875,342.20297462021114,331.9749823654145,341.07956227112305,69405400,-3.02838134765625,-0.0089371723108868,333.7910384466856,324.16234130859374,267.4553335571289,53.99412201425879,8.40727667885886,-178053600.0,5.002599766271601,0.3310123885799561,4.671587377691645,317.81483134827835,332.3657699584961,346.9167085687139,8.755979060078783,0.6188288848010911,54.231639874167456,65.98201302828248,0.0038980294754458,1,0.3086927013363636,0.2592266134272727,0.4320806750909091,0.8017018263636363,0.0494660883181818,22
2023-07-24,MSFT,337.1329650878906,338.901155398555,334.397697414045,337.8558806826926,26678100,1.309051513671875,0.0038980294754458,334.1093171744194,324.81648803710937,267.93444442749023,55.033522452406,8.128432486405368,-151375500.0,4.669168853248038,-0.0019348195548856,4.671103672802924,318.3629952410435,332.85860748291014,347.3542197247768,8.709771606318387,0.6474362563533246,45.87732157082697,55.83768748118746,0.0170092384721411,1,0.27685229988834154,0.058215784944718074,0.6649319378943623,0.7804072458401752,0.2186365138738642,39
2023-07-25,MSFT,342.8673400878906,343.75630961701245,337.09394225294653,339.0867675369492,41637700,5.734375,0.0170092384721411,334.94341459475004,325.62821105957033,268.4406758117676,59.36452959823135,8.023713549095406,-109737800.0,4.8121669259133455,0.1128506024883364,4.699316323425009,319.90630106608546,333.95174407958984,347.9971870930942,8.411660224871872,0.8173839372573949,49.32130157871985,49.810087674571406,-0.0376376592701589,0,0.417054633435,0.1850010743375,0.397944280975,0.82015263375,0.2320535526685,40
2023-07-26,MSFT,329.9626159667969,336.70314999869004,325.41032580255074,333.5477989926325,58383700,-12.90472412109375,-0.0376376592701589,334.4690528206592,326.20406433105467,268.89406730651854,48.12982553622749,8.69752074454144,-168121500.0,3.839926261778544,-0.6875120493171725,4.527438311095716,320.3155070531333,334.1080474853516,347.90058791756985,8.25633535978986,0.3497219733040881,44.293664043996095,46.497429064514286,-0.0208720414827119,0,0.3684947217978723,0.2699384585531915,0.3615668223404255,0.835792720212766,0.0985562594893617,47
2023-07-27,MSFT,323.0756225585937,333.4403649695194,321.444210409782,332.61003601882766,39635300,-6.886993408203125,-0.0208720414827119,333.383964224272,326.63262634277345,269.3738653564453,43.40839150872787,8.933137445626867,-207756800.0,2.485049614730542,-1.63391095709214,4.118960571822682,319.4673584026596,333.8574752807617,348.2475921588639,8.620515006291598,0.125372996845668,32.23571584336742,41.9502271553611,0.0231311602976684,1,0.1858846866304347,0.4328124907391305,0.3813028173478261,0.8027795739130434,-0.2469278014086956,23
2023-07-28,MSFT,330.5487365722656,332.1508430764587,325.4689499409115,325.9573926830905,28484900,7.473114013671875,0.0231311602976684,333.11394254312853,327.16620056152345,269.9152201843262,49.22856223866003,8.943286236501018,-179271900.0,1.9913627656868584,-1.702078244908659,3.6934410105955178,319.85721944251054,334.01963806152344,348.18205668053633,8.479991596424822,0.3774608496391229,21.669203518159264,32.73286113517424,-0.0072405088861378,0,0.3867054243636363,0.2015285040090909,0.4117660433636363,0.8134878672727273,0.1851769261818181,11
2023-07-31,MSFT,328.1553955078125,329.89425053304086,325.6545411607463,329.13228102338303,25446000,-2.393341064453125,-0.0072405088861378,332.6416999683365,327.5944677734375,270.4632242584228,47.542200899807376,8.654065463288042,-204717900.0,1.3909556877539444,-1.841988258273259,3.232943946027204,319.41054365370815,333.7939788818359,348.1774141099637,8.61815139764373,0.3039903790508683,18.71400004825953,24.206306469928723,0.0012502562076652,1,0.34201308168055555,0.10377273898055554,0.5542141853958333,0.8209008626388888,0.23824034661111107,28
2023-08-01,MSFT,328.565673828125,330.7148339075202,325.9867115450311,327.4422614370604,18311900,0.4102783203125,0.0012502562076652,332.25350700260213,327.94263061523435,271.0116314697266,47.871859475770485,8.373640956088117,-186406000.0,0.9374286899937944,-1.8364122048267275,2.773840894820521,319.2320736819527,333.71338806152346,348.1947024410942,8.67889326448057,0.3222635701956546,22.037289314516737,20.806830960311828,-0.0262828753051147,0,0.2231448866363636,0.0966778013181818,0.68017733,0.8067459681818182,0.1264670841363636,11
2023-08-02,MSFT,319.9300231933594,325.9183364890345,318.8163593371292,325.9183364890345,27761300,-8.635650634765625,-0.0262828753051147,331.0798418779124,328.121596069336,271.47570152282714,41.90288867374002,8.471903351438666,-214167300.0,-0.1174654892582225,-2.313045107262996,2.195579618004773,317.5618795258675,333.19319610595704,348.8245126860466,9.38273455927277,0.0757499745897387,13.45004245474422,18.067110605840146,-0.0025649911427202,0,0.2641776415,0.2672344541153846,0.4685879132307692,0.7322140815384616,-0.0030568103076922,13
2023-08-03,MSFT,319.1094055175781,322.25497786737617,318.41582519365545,318.46465754141326,18253700,-0.82061767578125,-0.0025649911427202,329.93980031978526,328.228662109375,271.9632048797607,41.374945620219975,8.140992588744528,-232421000.0,-1.0080732734722917,-2.562922313181652,1.5548490397093602,315.68777810266494,332.47957916259764,349.27138022253035,10.100951825207138,0.1018838718580822,7.960246208383062,14.482525992547986,0.0034287511104256,1,0.1515170674285714,0.3817465312142857,0.4667364002857143,0.8232251685714286,-0.2302294607142857,14
2023-08-04,MSFT,320.2035522460937,327.393445572908,319.67602568873457,324.20878906184083,23741500,1.094146728515625,0.0034287511104256,329.01253859848134,328.4732733154297,272.41269271850587,42.41668518974078,8.151210264929194,-208679500.0,-1.6070725303570157,-2.529537256053101,0.9224647256960852,314.42904122474016,332.018489074707,349.6079369246739,10.595462860509002,0.1641470235623248,3.013793704211288,8.141360789112838,0.0071082675795788,1,0.3459649484375,0.282745445375,0.3712895998125,0.768222838125,0.06321949625,16
2023-08-07,MSFT,322.4796447753906,323.4565302350412,319.94951501235715,320.7798736154958,17741500,2.276092529296875,0.0071082675795788,328.39035823437746,328.79095642089845,272.8688586425781,44.62122661888598,7.819482047625966,-190938000.0,-1.8764910907602823,-2.239164653165094,0.3626735624048116,314.18040418910977,331.9344741821289,349.688544175148,10.697334187275564,0.2337278322532272,5.871669789834644,5.6152365674763125,-0.0122988397951246,0,0.36649634633809525,0.06896602581428567,0.564537635252381,0.7815470231190477,0.2975303209809524,21
2023-08-08,MSFT,318.5135192871094,321.151122177393,315.5340303066097,319.4024887084689,22327600,-3.96612548828125,-0.0122988397951246,327.4497069060662,328.79349609375,273.3149867248535,41.63038605217705,7.757062934851322,-213265600.0,-2.382575573437577,-2.196199308673912,-0.1863762647636662,313.1651240235563,331.62089385986326,350.0766636961702,11.130643561986188,0.1448976474834305,8.199278967404812,5.694914153816896,-0.0117158572857409,0,0.3967231196923076,0.2974904326923077,0.3057864481538461,0.8545654353846154,0.0992326913846153,13
2023-08-09,MSFT,314.7818603515625,319.5490370786911,313.629112676302,318.92384579160165,22373300,-3.731658935546875,-0.0117158572857409,326.24324532944684,328.5852239990234,273.7440564727783,38.98282923431205,7.625838753961163,-235638900.0,-3.049610845910024,-2.290587664917086,-0.7590231809929379,311.0350686193459,330.8896942138672,350.74431980838847,12.000751876961418,0.09435563804463,7.980680933755285,7.350543230331561,0.0021721275080051,1,0.3108394589545454,0.2081093640681818,0.4810511715454545,0.7583035559090909,0.1027300887272727,22
2023-08-10,MSFT,315.4656066894531,320.67242275810133,313.75605717646994,318.4841791092021,20113700,0.683746337890625,0.0021721275080051,325.2168035542094,328.4234509277344,274.1476026916504,39.739049964086455,7.575162098794751,-215525200.0,-3.4829195612529134,-2.17911710420798,-1.3038024570449331,309.0667656902345,329.9259948730469,350.78522405585926,12.644792775930776,0.1533815306198169,6.214597889429466,7.464852596863168,-0.00594533691355,0,0.447492792117647,0.1013666901764706,0.4511405154117647,0.8474336217647058,0.346126096117647,17
2023-08-11,MSFT,313.5900573730469,314.9576912566164,311.8316453980151,312.8573931698293,24355500,-1.87554931640625,-0.00594533691355,324.10949439409865,328.2792626953125,274.51690147399904,38.33553764649538,7.293647755412127,-239880700.0,-3.9323315251664326,-2.102823254497199,-1.8295082706692327,307.0141769193374,328.7425018310547,350.47082674277203,13.219054299759396,0.1513204648869031,5.143358332944463,6.446212385376387,0.0094389502087397,1,0.4009378759285714,0.1629461340714285,0.4361160145714285,0.7989632064285714,0.2379917467142857,14
2023-08-14,MSFT,316.5500183105469,316.56954529016974,312.6815298680751,313.9612774318456,18836100,2.9599609375,0.0094389502087397,323.38954429090325,328.11241027832034,274.88446838378906,41.82741731031828,7.050388303032309,-221044600.0,-4.003499780794812,-1.7391932081004624,-2.264306572694349,305.74735357989607,327.6830688476563,349.6187841154165,13.388372701037156,0.2462346132502894,10.19160161124393,7.183185944539268,-0.0067277493800801,0,0.26540626990404037,0.14864516567929292,0.5859485726691919,0.802345073118687,0.11676110365909094,22
2023-08-15,MSFT,314.4203491210937,317.5756999823602,313.48254739923874,315.53401288819225,16966300,-2.129669189453125,-0.0067277493800801,322.5353352271119,327.8478692626953,275.33514579772947,40.06930358140448,6.8391571801815365,-238010900.0,-4.183522596975195,-1.5353728194246763,-2.6481497775505183,306.03556815145043,325.84505767822264,345.65454720499486,12.158839951676915,0.2116354628500501,12.15296902113596,9.162642988441432,-0.0024284363490526,0,0.3603657675,0.1837828274722222,0.4558514116666667,0.8417640616666666,0.1765829356666666,18
2023-08-16,MSFT,313.65679931640625,317.59221281010525,313.06942104679297,314.04837487104845,20698900,-0.7635498046875,-0.0024284363490526,321.68976037847324,327.5575073242188,275.80416069030764,39.429397898388366,6.673702507548018,-258709800.0,-4.337800598664501,-1.3517206568911857,-2.986079941773315,306.22145874012404,324.1842697143555,342.1470806885869,11.08185229965587,0.2069648393825605,13.311104602922034,11.885225078433956,-0.0109860899681316,0,0.5028760091578948,0.159400738,0.3377232472105263,0.8008958831578947,0.3434752765263158,19
2023-08-17,MSFT,310.2109375,315.09590822983125,309.5550251977014,313.79391260029473,21257200,-3.44586181640625,-0.0109860899681316,320.596539151952,327.24238220214846,276.2117330169678,36.58948123714187,6.592786830732434,-279967000.0,-4.684123615557041,-1.358434939026981,-3.3256886765300604,305.13176159668564,322.75220184326173,340.3726420898378,10.918866019159251,0.1441273836589106,8.020705774257301,11.161593132771747,-0.0012623718739769,0,0.3092314205454545,0.1464564259090909,0.5443121455454546,0.8644516236363636,0.1627749920909091,11
2023-08-18,MSFT,309.8193359375,311.679342341884,304.99307058455463,307.8711973932979,24755000,-0.3916015625,-0.0012623718739769,319.5701388458137,327.1206640625,276.6354786682129,36.26976737838165,6.59946432548936,-304722000.0,-4.933317857532018,-1.2861033448015653,-3.647214512730452,304.04520966394995,321.4519729614258,338.8587362589016,10.830086458710053,0.1658587002900005,10.281855785855846,10.53788872101171,0.0170627728483396,1,0.1620599899166666,0.2481233380833333,0.5898166725833334,0.8547145333333334,-0.0860633436416666,12
2023-08-21,MSFT,315.105712890625,315.97696640050947,310.36757919700125,311.2388327068857,24040000,5.286376953125,0.0170627728483396,319.14495542151,327.0679412841797,277.1048540496826,43.4529008470366,6.567904763883654,-280682000.0,-4.650630080966437,-0.8027324545887877,-3.847897626377649,304.3187760627505,320.3506103515625,336.38244464037456,10.008930072721393,0.3364224153502596,22.33604161236229,13.546201057491793,0.0018017731834476,1,0.3105942599015152,0.13928397285000002,0.5501217624015151,0.7388147376515152,0.17131027948484845,17
2023-08-22,MSFT,315.6734619140625,319.2172702035748,314.69450802744353,318.6494900944686,16084600,0.5677490234375,0.0018017731834476,318.8143369922293,326.9966815185547,277.61619094848635,44.18057465785997,6.421823150472768,-264597400.0,-4.33086189995322,-0.3863714188604565,-3.944490481092764,306.637813170409,318.9909164428711,331.3440197153332,7.745112876701257,0.3657238405751875,37.19594749420816,23.271281630808744,0.0140793860163024,1,0.371285356826923,0.1619151935884615,0.4667994348846154,0.8314726496153846,0.2093701624615384,26
2023-08-23,MSFT,320.1179504394531,322.27166113870885,316.652444996216,317.0048839630508,21166400,4.444488525390625,0.0140793860163024,318.9384906538697,326.91545043945314,278.1781108093262,49.64357674175874,6.434421441485168,-243431000.0,-3.676430629043296,0.2144478816395745,-3.89087851068287,307.19344592423926,318.4986831665039,329.80392040876853,7.099079424673487,0.571615802404199,53.44838127211646,37.66012345956228,-0.0214985759738789,0,0.3448527915454545,0.0220874344318181,0.6330597798636364,0.8148094499999999,0.32276535235,22
2023-08-24,MSFT,313.2358703613281,325.97206974501347,313.22607126255105,325.8448009621162,23281400,-6.882080078125,-0.0214985759738789,318.39538395934187,326.64890563964843,278.6710060119629,42.67833645045566,6.885248372983543,-266712400.0,-3.67080077198085,0.1760621909616158,-3.8468629629424655,306.6845956297038,318.00669555664064,329.3287954835775,7.120667636961915,0.2893135890824435,51.49696492878926,47.3804312317046,0.0094070476425971,1,0.4171142210833333,0.2657407821291667,0.31714498575,0.8227191704166666,0.1513734368333333,24
2023-08-25,MSFT,316.1824951171875,318.5123799630537,312.09044570865603,314.70426538436715,21684100,2.946624755859375,0.0094070476425971,318.18463264104145,326.38170471191404,279.14721961975096,46.16136379863583,6.852154507370268,-245028300.0,-3.389499042795194,0.3658911361178183,-3.755390178913012,307.52462187776257,317.2883834838867,327.05214509001087,6.154503041628056,0.4433677095308446,53.3825623140479,52.77596950498452,0.0022292964121617,1,0.2957228660833333,0.13559064625,0.5686865148333333,0.7951098483333333,0.1601322123333333,12
2023-08-28,MSFT,316.8873596191406,319.285778523708,314.94902032407407,318.8061007178544,14808500,0.704864501953125,0.0022292964121617,318.0610828294318,325.91837524414063,279.62210975646974,46.99112321627683,6.672483342531959,-230219800.0,-3.074250673131644,0.5449116046250948,-3.6191622777567374,308.3300350942847,316.7249816894531,325.1199282846215,5.301095322755176,0.5096711710936301,49.77440074617809,51.55130932967173,0.0145504063314221,1,0.24352986644444444,0.1658300434777778,0.5906400904,0.7783314446666667,0.0776998193044444,18
2023-08-29,MSFT,321.4981994628906,322.05621026150664,315.10563277299525,315.10563277299525,19284600,4.61083984375,0.0145504063314221,318.38842727071363,325.65999572753907,280.14119110107424,52.18273224144546,6.692347210101918,-210935200.0,-2.424410730182899,0.955801238059072,-3.380211968241971,309.553106675843,316.3716079711914,323.19010926653976,4.310438183169242,0.8759324277900062,62.90233730528607,55.353100121837336,0.0011571115420405,1,0.3591941451904762,0.1769818424428571,0.4638239914285714,0.7963084585714286,0.1822123016190476,21
2023-08-30,MSFT,321.8702087402344,322.86873080054954,319.57946057224274,321.7527390714088,15222100,0.37200927734375,0.0011571115420405,318.7200255059061,325.4926776123047,280.5725910949707,52.58620711272712,6.449270282830839,-195713100.0,-1.857972305689316,1.2177917300421246,-3.0757640357314404,309.399757721009,316.4686172485352,323.53747677606134,4.467336817776608,0.8820695170603818,71.93949168293159,61.53874324479856,-0.003132631582141,0,0.3749950019999999,0.0964432605416666,0.5285617370833333,0.8054675208333334,0.278551738,12
2023-08-31,MSFT,320.8619079589844,323.9456064626788,319.9025224771531,322.27160382501023,26411000,-1.00830078125,-0.003132631582141,318.9240143109612,325.3929162597656,280.9789275360108,51.32217586141388,6.2773998330233285,-222124100.0,-1.4734422940554168,1.281857393340819,-2.755299687396236,309.3172154685456,316.55624237060545,323.79526927266534,4.573611847202093,0.7973925671662953,78.25461394630275,71.03214764484012,0.0027459569870771,1,0.2989930345333333,0.1356798904666666,0.5653270826,0.7563282966666667,0.1633131433333333,15
2023-09-01,MSFT,321.74298095703125,325.00288418337306,319.9025429102048,324.3372027250361,14942000,0.881072998046875,0.0027459569870771,319.1924873248726,325.1906201171875,281.416623840332,52.39891206068334,6.193324221605111,-207182100.0,-1.0850959512609393,1.3361629889082374,-2.4212589401691766,309.2102972871281,316.6332138061524,324.0561303251766,4.688653113674075,0.8441886445700318,78.6435449470437,76.27921685875933,0.014878485695646,1,0.2540627927777777,0.0744694651111111,0.6714677466666666,0.7390274188888889,0.1795933261111111,9
2023-09-05,MSFT,326.530029296875,327.8026871669536,321.74296073160247,322.07580143984785,18553900,4.78704833984375,0.014878485695646,319.89130084601567,325.17569641113283,281.8762194061279,57.85370382425379,6.18378152258697,-188628200.0,-0.3865974282149977,1.627729209563343,-2.014326637778341,308.60840820233494,316.8357330322266,325.0630578621182,5.1934324144270745,1.0891523955287965,83.30112661584259,80.066428503063,-0.0020087411502489,0,0.332147086,0.12884906357083334,0.5390038329,0.76282294425,0.20329801858333335,19
2023-09-06,MSFT,325.8741149902344,327.42084870322736,323.2309280293988,326.36359184407087,17535800,-0.655914306640625,-0.0020087411502489,320.4610926692746,325.2730865478516,282.330396270752,56.891705698050416,6.041362890532798,-206164000.0,0.1127412696898204,1.7016543259745291,-1.5889130562847087,308.09757994496823,317.2037628173828,326.3099456897974,5.741535214799521,0.9760695175097291,88.6022531047444,83.51564155587688,-0.0089220670479216,0,0.38374863035,0.20684984425,0.4094015448,0.759084758,0.17689878975,20
2023-09-07,MSFT,322.9666442871094,326.06991103130065,322.10516018294953,324.31760527996926,18381000,-2.907470703125,-0.0089220670479216,320.6997166328779,325.1956884765625,282.77027877807615,52.70789829223652,5.893033458948392,-224545000.0,0.2707412615916382,1.4877234543010776,-1.2169821927094393,308.247015793736,317.61300201416014,326.9789882345843,5.897734765912744,0.7858023782522068,88.25455497741827,86.71931156600174,0.0132157595442716,1,0.3407264251999999,0.2312021923,0.4280713827999999,0.79147219,0.1095242305333333,15
2023-09-08,MSFT,327.2348937988281,329.0851309217736,322.5261281543159,323.14287386196446,19530100,4.26824951171875,0.0132157595442716,321.3221144582065,325.17864501953125,283.23373893737795,57.63355243962871,5.940602695270484,-205014900.0,0.7319321990696039,1.5591315134232346,-0.8271993143536307,308.0068385854671,318.2014663696289,328.3960941537907,6.407656068007892,0.943048418267579,86.8193687547542,87.89205894563895,0.0109791880559921,1,0.3184527026,0.2032808891333333,0.4782664100666666,0.863007132,0.1151718111,15
2023-09-11,MSFT,330.8276672363281,331.29757584054045,328.37048350695864,330.1423875895978,16583300,3.5927734375,0.0109791880559921,322.22740519898,325.2490887451172,283.7111278533936,61.28849126903414,5.806465505730615,-188431600.0,1.371526031719668,1.758980276858639,-0.387454245138971,307.72358254433766,319.06334686279297,330.4031111812483,7.108158570988572,1.0187197918385698,88.82221929243148,87.96538100820129,-0.0182575422065334,0,0.32264448181666666,0.1239195470444444,0.5534359626944444,0.8242867938611113,0.19872493362638885,32
2023-09-12,MSFT,324.7875671386719,329.70193547979426,324.50369198075106,328.7523488775512,17565500,-6.04010009765625,-0.0182575422065334,322.47123014561726,325.0914685058594,284.14382858276366,53.00895036779327,5.843430487862505,-205997100.0,1.3751710377524091,1.4101002263131042,-0.0349291885606949,307.9339220309631,319.47522430419923,331.01652657743534,7.225162638744511,0.7301448618494201,84.5915737537257,86.74438726697043,0.0129305334889213,1,0.2956124905833333,0.0750937843208333,0.6292937229166666,0.8143046174999999,0.2205187104166666,24
2023-09-13,MSFT,328.9872436523437,329.7606255946868,324.2001746396606,324.33721264984047,16544400,4.199676513671875,0.0129305334889213,323.0918028605436,325.0676635742187,284.58513076782225,57.32563914033709,5.823217664088482,-189452700.0,1.6973722767575623,1.3858411722546058,0.3115311045029565,308.20085834559154,320.20356903076174,332.20627971593194,7.496924985253432,0.8659037884015054,83.87708205149728,85.76362503255147,0.0078556590596103,1,0.23830117322,0.13513851655,0.6265603022999999,0.77865487,0.10316265775,20
2023-09-14,MSFT,331.5716552734375,333.6861691354584,329.4864789543326,332.01216654665086,20267000,2.58441162109375,0.0078556590596103,323.89940785224775,325.09241943359376,285.03979248046875,59.7745184013995,5.742911079733204,-169185700.0,2.136629761116524,1.4600789252908537,0.67655083582567,308.5243254915269,321.0993118286133,333.67429816569967,7.832459226071642,0.9163958180192604,81.42880788048639,83.2991545619031,-0.0250368616853843,0,0.5023491946,0.0838433286666666,0.4138074792,0.8156028186666667,0.4185058635333333,15
2023-09-15,MSFT,323.2701416015625,330.2990230757852,322.7121307368876,329.829144347891,37679800,-8.301513671875,-0.0250368616853843,323.8394777331349,324.8901873779297,285.4808036804199,49.87405897917871,5.965526326648685,-206865500.0,1.7941992948537973,0.8941187672225017,0.9000805276312955,310.1913025874524,321.7522720336914,333.31324147993035,7.186255048435771,0.5656462926802783,74.19662797980365,79.83417263726243,-0.0035128193218939,0,0.3401134365909091,0.1895301184090909,0.4703564466818182,0.7495864604545454,0.1505833143181818,22
2023-09-18,MSFT,322.1345520019531,323.4463465779978,319.4913646526402,320.90106058890035,16834200,-1.135589599609375,-0.0035128193218939,323.6771038539748,324.74437133789064,285.9230889892578,48.686122411189295,5.821916012270752,-223699700.0,1.4148782572733012,0.4118381837136045,1.0030400735596967,312.18522360323993,322.36803283691404,332.55084207058815,6.317505581470349,0.4885355391816237,57.482623823359766,71.03601989454991,-0.0012459613071793,0,0.2569860480055555,0.09942774882037032,0.6435861889814815,0.8312564023148147,0.1575583000185185,26
2023-09-19,MSFT,321.7331848144531,322.45763099664185,317.6803313099975,319.3053983263758,16505900,-0.4013671875,-0.0012459613071793,323.49196870735364,324.69583618164063,286.29136711120606,48.248691750009925,5.747300560440297,-240205600.0,1.069547546123033,0.053205978050669,1.016341568072364,313.06702779383585,322.6994064331055,332.3317850723751,5.969876886815032,0.4498451184885306,35.85344057588379,55.84423079301572,-0.0239771144617437,0,0.3899903404117647,0.192838695317647,0.4171709535294118,0.7974375647058823,0.1971516469411764,17
2023-09-20,MSFT,314.0189514160156,322.6533297752539,313.76444378232884,322.57502662841824,21436500,-7.7142333984375,-0.0239771144617437,322.5897765843691,324.4805126953125,286.6232618713379,40.682941904886896,5.971699519903494,-261642100.0,0.1714202785815928,-0.675937031592617,0.8473573101742098,312.71957907058487,322.61668090820314,332.5137827458214,6.135517735633994,0.065644082820888,21.476036019963896,38.2707001397358,-0.0038654885778335,0,0.3722418570454545,0.1097527433318181,0.5180053975454545,0.8290489363636364,0.2624891140909091,22
2023-09-21,MSFT,312.8051147460937,318.50263318201627,308.37045511046944,312.54080796824985,35560400,-1.213836669921875,-0.0038654885778335,321.65790402834284,324.1484979248047,286.94748306274414,39.62990963602596,6.26887655930659,-297202500.0,-0.6310244691279081,-1.1827054234416945,0.5516809543137863,311.5075534487179,322.2510391235352,332.9945247983525,6.667774108060375,0.0603882825672372,14.705350835398267,24.01160914374864,-0.0078866356851972,0,0.5015437777058824,0.0222258194705882,0.4762303877058823,0.81606886,0.4793179605,17
2023-09-22,MSFT,310.338134765625,314.6846917624831,309.4962190138313,314.5574229961994,21447900,-2.46697998046875,-0.0078866356851972,320.57983076522686,323.66046875,287.2828025054932,37.50514776014747,6.191704858545534,-318650400.0,-1.4493254582923782,-1.6008051300849315,0.1514796717925533,310.8160097310499,322.10615234375,333.3962949564501,7.010199917356011,-0.0211633715276263,8.855839734950514,15.01240886343754,0.0016719178378548,1,0.3608097398,0.25011197255,0.3890782769499999,0.766550085,0.1106977681699999,20
2023-09-25,MSFT,310.85699462890625,310.9842634015669,308.3704436389246,309.9269765789233,17836000,0.51885986328125,0.0016719178378548,319.65384637129154,323.1324102783203,287.64541290283205,38.2549700115114,5.93614163740959,-300814400.0,-2.032537407053553,-1.7472136630768853,-0.2853237439766679,309.77859722426626,321.8398773193359,333.9011574144056,7.495205501276164,0.0447049316548418,11.704046934687725,11.755079168345484,-0.0170056199773771,0,0.3132052108305555,0.1765085005222222,0.5102862814527778,0.8223615870555555,0.13669671149444443,42
2023-09-26,MSFT,305.5706787109375,309.23195666524725,303.4952713882668,308.4977412546043,26297600,-5.28631591796875,-0.0170056199773771,318.3125923084007,322.4890502929687,287.9852380371093,33.80476770296972,6.037968894783155,-327112000.0,-2.8880074411966348,-2.082146957775973,-0.8058604834206613,307.4094955632467,321.27404327392577,335.13859098460483,8.630979066589468,-0.0663136256112009,8.156334544272385,9.572073737970188,0.0020822056259199,1,0.4785866007727273,0.1425567382954545,0.3788566708636363,0.8062990409090909,0.3360298603818182,22
2023-09-27,MSFT,306.2069396972656,307.68513948600474,303.1721772174276,305.7272320635668,19410100,0.636260986328125,0.0020822056259199,317.15967301210213,321.5895776367188,288.3135136413574,34.7880672184396,5.92903985005416,-307701900.0,-3.474579868568071,-2.134975508117928,-1.3396043604501433,305.17061038567965,320.50948028564454,335.84835018560943,9.571554567618143,0.0337811494048966,8.880639901704376,9.580340460221477,0.0027176174424237,1,0.40146513905,0.273331163425,0.3252036982,0.8349281599999999,0.12813397866,20
2023-09-28,MSFT,307.0390930175781,308.8403644764348,302.9372740873856,304.4448414726015,19683600,0.8321533203125,0.0027176174424237,316.1958082507189,320.7929083251953,288.65557609558107,36.12449712651754,5.927186317125228,-288018300.0,-3.828166207839104,-1.9908494779111685,-1.837316729927936,303.36666661735,319.7679244995117,336.1691823816734,10.258225810379392,0.1119556325073796,10.053162630146828,9.030045692041176,0.0067274243650543,1,0.3971408774,0.1948315062466666,0.408027616,0.7124153893333334,0.2023093694666666,15
2023-09-29,MSFT,309.10467529296875,312.746384776468,308.35089159051364,311.0625829749512,24147300,2.065582275390625,0.0067274243650543,315.5204622547427,320.1979559326172,288.9734979248047,39.44202289374418,5.91147956296556,-263871000.0,-3.896790922247192,-1.6475793538554049,-2.249211568391787,302.1471373487377,319.18006286621096,336.2129883836842,10.67292572381806,0.2042379019709103,14.44750544138563,11.12710265774559,0.019160721045121,1,0.3230708081733333,0.1629289266666666,0.5140002610666666,0.7603648833333333,0.1601418863333333,15
2023-10-02,MSFT,315.02734375,315.1154758886586,308.5466739037748,309.62352913697714,20570000,5.92266845703125,0.019160721045121,315.4734985876244,319.78202453613284,289.2995932006836,47.81176686909919,5.95843116453115,-243301000.0,-3.4336852697582003,-0.9475789610931308,-2.486106308665069,301.76198434421565,318.8442810058594,335.9265776675031,10.715134427222058,0.3882779835913439,24.23858349319933,16.24641718824391,-0.0261342447642193,0,0.3108160110735171,0.20676188047243105,0.4824221092126148,0.8224990815121136,0.10405413312539684,32
2023-10-03,MSFT,306.7943420410156,314.6259723470464,304.66020007739525,314.0777307403494,21033500,-8.233001708984375,-0.0261342447642193,314.6469122498521,319.1752520751953,289.58306495666505,39.61526024659849,6.273339200822122,-264334500.0,-3.688486558470629,-0.9619041998444472,-2.7265823586261817,300.3893557524474,317.8574966430664,335.3256375336854,10.9911775403143,0.1833333704105839,23.973261247549136,20.886450060711343,0.0177734350326175,1,0.3815060553653845,0.2282980596230769,0.3901958831923077,0.8521053492307692,0.1532079913961538,26
2023-10-04,MSFT,312.24713134765625,313.3044183025866,307.391528310135,307.4208957324774,20720100,5.452789306640625,0.0177734350326175,314.4183616877382,318.56284790039064,289.9337144470215,46.19436710061054,6.290248990875613,-243614400.0,-3.4111028193711945,-0.5476163685960103,-2.8634864507751843,299.9505558848167,317.1761474609375,334.4017390370583,10.861845516452176,0.3569275228807188,28.629184914458165,25.613676551735523,0.0012539443538004,1,0.4062746641428571,0.0937310520714285,0.4999942905714286,0.8216013264285714,0.3125436077857143,14
2023-10-05,MSFT,312.638671875,313.24564832750764,308.2725462830461,312.3743651035606,16965600,0.39154052734375,0.0012539443538004,314.2488674198584,318.2163690185547,290.3073236846924,46.64390515816336,6.196167066131747,-226648800.0,-3.1236724082730234,-0.208148765998271,-2.9155236422747524,299.5405753425932,316.65974884033204,333.7789223380709,10.81234578150998,0.3825563346891965,31.290599799449463,27.964348653818902,0.0247370698002762,1,0.23403601576,0.3871068672666666,0.3788571171333333,0.7839160806666666,-0.1530708440446666,15
2023-10-06,MSFT,320.3724365234375,322.2618102249638,309.6430811517103,309.8878196065806,25673600,7.7337646484375,0.0247370698002762,314.8320644773421,318.1623052978516,290.74021484375,54.6954537624674,6.654921495211873,-200975200.0,-2.245941744907384,0.5356655178938952,-2.781607262801279,299.7943610036559,316.3166259765625,332.83889094946903,10.446662373119,0.6227377285597888,56.5864428382532,38.83540918405359,0.007822469194979,1,0.1962187106666666,0.2097209386666666,0.59406035275,0.78410226,-0.0135022195833333,12
2023-10-09,MSFT,322.8785400390625,323.34841872912307,316.3782726571084,317.9152372482106,19891200,2.506103515625,0.007822469194979,315.5983954832202,318.0089013671875,291.1790735626221,56.961879125116894,6.677437536412076,-181084000.0,-1.332749158461013,1.1590864834722132,-2.491835641933226,300.4643634662761,315.9191696166992,331.37397576712226,9.784025558926466,0.725152303905565,77.81072607414741,55.229256237283344,-0.0043355988477974,0,0.2898230398162393,0.09419329777777778,0.6159836463846154,0.784761076153846,0.19562973823346066,18
2023-10-10,MSFT,321.4786682128906,324.13162477364205,320.7738202479149,323.9945568948938,20557100,-1.399871826171875,-0.0043355988477974,316.1584214574745,317.87536682128905,291.59814697265625,55.29777222068586,6.440320892791724,-201641100.0,-0.7137675437209055,1.4224544785698567,-2.136222022290762,300.6145881351646,315.7537246704102,330.8928612056558,9.589205353664866,0.6890776111686469,91.20397979568492,75.20038290269515,0.0122719181774662,1,0.2992165314210526,0.1695952272105263,0.5311882472105264,0.74745359,0.1296213041578947,19
2023-10-11,MSFT,325.423828125,325.8154036612572,322.21286092721374,324.23927254305164,20063200,3.945159912109375,0.0122719181774662,317.04084114009595,317.8125299072266,292.0672824859619,58.93853495414401,6.290064789618497,-181577900.0,0.0940372761294838,1.784207438736197,-1.6901701626067132,300.98982624794803,315.57555389404297,330.1612815401379,9.243889437007669,0.8375996888846929,94.48969255096092,87.83479947359774,-0.0037904107924161,0,0.4089485764210526,0.1311487347105263,0.4599026912631579,0.7742657189473684,0.277799842,19
2023-10-12,MSFT,324.1903381347656,326.6083551720829,321.8016885159057,323.6127589882386,19313100,-1.233489990234375,-0.0037904107924161,317.7217456157788,317.8977362060547,292.52762512207033,57.365389576019695,6.184107780086976,-200891000.0,0.6274630784877786,1.854106592875593,-1.226643514387815,301.94502272689914,315.2064880371093,328.4679533473196,8.41446214688889,0.8387201145389064,91.852026298734,92.51523288179328,-0.0103574588473444,0,0.4454168955294117,0.1087889252823529,0.4457941779411765,0.7784525511764705,0.3366279693529412,17
2023-10-13,MSFT,320.8325500488281,326.8041445225291,319.49135820401887,325.3846793916084,21072400,-3.3577880859375,-0.0103574588473444,318.01801270464057,317.9321990966797,292.9797840118408,53.20241990771656,6.264727675688637,-221963400.0,0.7703809614745296,1.5976195806898756,-0.827238619215346,302.0794919033411,315.08460845947263,328.0897250156042,8.254999582313346,0.7209876999005247,87.68430896294707,91.34200927088064,0.0149818687095388,1,0.4090906755555555,0.2699319080740741,0.3209774151111111,0.8316473007407408,0.1391587654074074,27
2023-10-16,MSFT,325.63922119140625,329.06555964733286,323.6421469834392,324.0826582883067,22158000,4.806671142578125,0.0149818687095388,318.7438420843325,318.0409124755859,293.46778984069823,57.9110756123026,6.405319241604072,-199805400.0,1.2570125454279264,1.667400931714618,-0.4103883862866915,301.79322175013243,315.2598419189453,328.7264620877582,8.543187795085686,0.8853743234140652,83.88365880727967,87.80666468965357,-0.0017437720618982,0,0.2932241149766666,0.12572515871666665,0.5810507045583333,0.816030669,0.16749895733333334,33
2023-10-17,MSFT,325.0713806152344,326.44190989346447,320.5192516418675,322.6533636519186,18338500,-0.567840576171875,-0.0017437720618982,319.34646480156124,318.09274719238283,293.9214533996582,57.17913171853469,6.370843456603563,-218143900.0,1.5786538538969808,1.591233792146938,-0.0125799382499571,301.5663459455074,315.4267517089844,329.2871574724614,8.788351456166106,0.8479201500602587,82.19308113447899,84.58701630156855,-0.0058724519545221,0,0.36783655975,0.153069824625,0.47909361175,0.787683219,0.2147667435499999,20
2023-10-18,MSFT,323.16241455078125,328.52709196343386,321.3905106177838,325.4923293025366,23153600,-1.908966064453125,-0.0058724519545221,319.7098885872012,318.18572509765625,294.371357421875,54.67718103396207,6.425539020106886,-241297500.0,1.6603794795628914,1.3383675342502788,0.3220119453126126,301.6415046242513,315.88392486572263,330.126345107194,9.017502392706795,0.7555215181709418,82.47059079797934,82.84911024657931,0.0036657460593088,1,0.366850783090909,0.1925311312045454,0.4406180915909091,0.7849506204545456,0.1743196565,22
2023-10-19,MSFT,324.3470458984375,329.7900277391559,323.9456711740835,325.1595645719213,25052100,1.18463134765625,0.0036657460593088,320.1515226168427,318.37702880859376,294.82835128784177,55.96486767668844,6.439972889268869,-216245400.0,1.799988331056511,1.1823811085951186,0.6176072224613924,301.83421583361013,316.46102142333984,331.0878270130696,9.243985577713836,0.7695743929431478,79.62194892492552,81.4285402857946,-0.0140348265802952,0,0.3386423514666666,0.0731015959333333,0.5882560682,0.7787988286666666,0.2655407552,15
2023-10-20,MSFT,319.7948913574219,324.9343994561592,318.60056637565555,324.7385967213242,25027700,-4.552154541015625,-0.0140348265802952,320.1175577349931,318.46361450195315,295.31353401184083,50.077097058904926,6.432391474357066,-241273100.0,1.5257209626464032,0.7264909921480086,0.7992299704983946,302.5194869512921,316.93385925292966,331.3482315545672,9.09613907180179,0.5992423410684067,71.45955096375334,77.85069689555272,0.0081121942575077,1,0.3523905818235294,0.2054918871764706,0.442117530117647,0.8558116294117647,0.1468986858941176,17
2023-10-23,MSFT,322.3891296386719,325.7273662724693,317.56289372065373,318.62015086662296,24374700,2.59423828125,0.0081121942575077,320.3338979162959,318.6395959472656,295.8446979522705,53.10498389275473,6.556111551318386,-216898400.0,1.5003997709416694,0.5609358403546199,0.9394639305870496,303.1922759733915,317.51046600341795,331.8286560334444,9.01903500080047,0.6703659339980456,68.50820679433579,73.1965688943382,0.0036739707803268,1,0.26273466819523805,0.18051502327571423,0.5567503089904762,0.8041234966190477,0.08221964794285713,44
2023-10-24,MSFT,323.5735778808594,324.8560048878325,320.7052505981055,324.3273615041399,31153600,1.1844482421875,0.0036739707803268,320.6424388653019,318.7800671386719,296.36904693603515,54.46297027606872,6.384300318347573,-185744800.0,1.557948557205691,0.4947877012949131,1.063160855910778,304.9714858802555,318.4106109619141,331.84973604357265,8.441380166985743,0.6920871666709765,66.09794601430755,68.68856792413222,0.0306781406788489,1,0.5521008224,0.12381773742,0.32408144068,0.8058794172,0.4282830804911999,25
2023-10-25,MSFT,333.5002136230469,338.9138270951405,330.51438652342347,337.7586388732426,55053800,9.9266357421875,0.0306781406788489,321.86698884223,319.16166442871094,296.9323822784424,63.89847187546702,7.024010953771398,-130691000.0,2.3771506163938625,1.0511918083864675,1.325958808007395,306.03066996502844,319.7752746582031,333.51987935137777,8.59641490910503,0.9992846018939832,73.19095684197008,69.26570321687113,-0.0375142693606914,0,0.4334170633323529,0.3090011337352941,0.2575818017352941,0.8554427314705881,0.1244159280882352,34
2023-10-26,MSFT,320.9891967773437,334.4400133073603,320.0591786565096,333.37295718073534,37828500,-12.511016845703123,-0.0375142693606914,321.7833895979551,319.30831237792967,297.42475189208983,49.872407359967134,7.549498360705636,-168519500.0,1.993855722181593,0.534317531339358,1.459538190842235,308.0300807399595,320.47277984619143,332.91547895242337,7.765214326286135,0.5207518050040153,57.69182395515261,65.66024227047673,0.0058554840412414,1,0.3695384104999999,0.2794046595961538,0.3510569328846153,0.8031140607692309,0.0901337456923077,26
2023-10-27,MSFT,322.8687438964844,329.63331810351394,321.4884154812009,323.47569046023347,29856500,1.879547119140625,0.0058554840412414,321.8867566740055,319.5614685058593,297.8928769683838,51.59154968278883,7.627685715381676,-138663000.0,1.8207668348278503,0.2889829151884924,1.531783919639358,309.8372191617955,321.1609832763672,332.4847473909389,7.05176824348387,0.5754060488561225,42.27212419967963,57.71830166560076,0.022740301460439,1,0.2779153200576923,0.1958486533461538,0.5262360351538462,0.8388874646153847,0.082066666126923,26
2023-10-30,MSFT,330.2108764648437,332.3058517630052,324.8461993312582,326.3929629369711,22828100,7.342132568359375,0.022740301460439,322.6795299874187,319.96929931640625,298.3843918609619,57.69506088137063,7.756930154748757,-115834900.0,2.2501035885385363,0.5746557351193426,1.6754478534191937,310.31076528352867,321.9201599121094,333.5295545406901,7.212592483645837,0.857069288191985,34.84996075006851,44.9379696349669,0.0023718271590105,1,0.2728807396602564,0.20226294819451562,0.5248563006609687,0.8018271745833334,0.07061779465420227,43
2023-10-31,MSFT,330.9940795898437,331.865362876774,327.64607407506094,331.71852577091533,20265300,0.783203125,0.0023718271590105,323.4713918543163,320.2870666503906,298.87632263183593,58.29906682555895,7.504241486674778,-95569600.0,2.623314074055088,0.7582929765087152,1.8650210975463728,313.1486187964281,323.1301467895508,333.1116747826735,6.178023370641125,0.8939242972474365,48.99866786263328,42.04025093746045,0.0235427503597174,1,0.3679152775294118,0.110740567117647,0.5213441372352942,0.8723988841176471,0.2571747016117647,17
2023-11-01,MSFT,338.7865905761719,340.1081843444484,332.5016932588563,332.6387611479277,28158800,7.792510986328125,0.0235427503597174,324.9299822087788,320.7493292236328,299.40177062988283,63.83207626897367,7.619231720098339,-67410800.0,3.5074449425394505,1.3139390759944618,2.1935058665449887,313.5978235719835,324.4571197509766,335.31641592996965,6.693825173155499,1.1597789851664215,72.0944607587755,51.981029790492414,0.0065014562631475,1,0.4182133279333333,0.1459805198933333,0.4358061244,0.8041212826666667,0.2722328171466666,15
2023-11-02,MSFT,340.9891967773437,341.4884429030558,337.5138928418696,339.93190993700205,24348100,2.202606201171875,0.0065014562631475,326.4594312153088,321.1667541503906,299.9603034210205,65.23614287990156,7.3588973158903315,-43062700.0,4.335875662470642,1.713895836740522,2.6219798257301195,314.1864655131263,325.87464599609376,337.56282647906124,7.173421207556962,1.1465741525499011,84.9860566025123,68.693061741307,0.0128617320178199,1,0.3410706413333333,0.0840405975,0.5748887392222222,0.8429557272222222,0.2570300402555555,18
2023-11-03,MSFT,345.3749084472656,346.93147136857294,340.02002965992455,342.2716414539088,23637700,4.385711669921875,0.0128617320178199,328.26090523739987,321.80953491210937,300.5596278381348,67.90763421234332,7.326936201087337,-19425000.0,5.2853767225533375,2.1307175174585744,3.154659205094763,312.9699289963574,327.12476959228513,341.27961018821287,8.654092818204962,1.144660698624573,95.5837626277732,84.22142666302032,0.0105726261117435,1,0.2476268843846153,0.2307040408076923,0.5216690705384616,0.801808356923077,0.0169228439230769,13
2023-11-06,MSFT,349.02642822265625,350.0151812088652,345.91336203130555,346.0112633950899,23828300,3.651519775390625,0.0105726261117435,330.23857409313854,322.46641357421873,301.13690719604494,69.97638002213651,7.135031669695355,4403300.0,6.2603449229620765,2.484548574293851,3.7757963486682256,311.5249812438309,328.43216400146486,345.3393467590988,10.29569245085177,1.1090389072032902,96.5221495145089,92.36398958159812,0.0112193008978482,1,0.23822164348379626,0.14047794283333334,0.6213004085648147,0.7852040429629631,0.0977436970601852,29
2023-11-07,MSFT,352.9422607421875,354.83163466533523,350.10330030774577,351.8360380163673,25833900,3.91583251953125,0.0112193008978482,332.40082996447654,323.1875115966797,301.7222925567627,72.05664688811987,7.0400441534799,30237200.0,7.265240039678304,2.7915549528080623,4.473685086870241,310.3474698883028,330.0053436279297,349.66321736755657,11.913669956684403,1.0834027987477848,95.52783987708877,95.87791733979029,0.007405571121394,1,0.4388291844666667,0.1159872682733333,0.4451835396666667,0.8000710533333333,0.3228419133999999,15
2023-11-08,MSFT,355.5559997558594,356.2118820120091,352.96174852168724,354.067970995073,26767800,2.613739013671875,0.007405571121394,334.6060842303225,323.86866760253906,302.3233716583252,73.38235647505996,6.770728233218592,57005000.0,8.178259667373652,2.963659664402728,5.214600002970924,309.06820762119105,331.51195220947267,353.9556967977543,13.540232524768864,1.0356514250955395,96.72886430700832,96.25961789953531,-0.0069108209102864,0,0.3321065208823529,0.0202493925294117,0.6476440825882354,0.8015740852941177,0.3118571282352941,17
2023-11-09,MSFT,353.09881591796875,357.11253210252806,352.77574446362354,354.6749170503375,24847300,-2.457183837890625,-0.0069108209102864,336.3672967720032,324.49323974609376,302.91911712646487,70.01919954369178,6.59687533362473,32157700.0,8.604374230011274,2.71181938163228,5.892554848378994,308.91903171536364,332.95737609863284,356.995720481902,14.439292299173005,0.9189439900310784,94.36160976316953,95.53943798242216,0.0248968440172294,1,0.3300191025294117,0.107614646117647,0.5623662477647059,0.7820684482352941,0.2224044542941176,17
2023-11-10,MSFT,361.8898620605469,362.3108050217642,353.47085345970584,353.8819973228906,28042100,8.791046142578125,0.0248968440172294,338.798017275674,325.313798828125,303.5228905487061,74.51870310512851,6.783669174351212,60199800.0,9.541449158209218,2.919115447864179,6.622333710345039,308.5716252559924,335.01024169921874,361.4488581424451,15.783766077792723,1.008340147432616,95.71938237409648,95.60328548142476,-0.0080882702035779,0,0.4151137803809524,0.1742012286666666,0.4106850079047618,0.7841360528571428,0.2409125499523809,21
2023-11-13,MSFT,358.9627990722656,360.7151348704628,358.1992162461448,360.4703964021509,19986500,-2.92706298828125,-0.0080882702035779,340.71847268487323,326.0581951904297,304.11125076293945,70.7133165888514,6.562738934354848,40213300.0,9.93339230621416,2.648846876695296,7.284545429518864,308.6571838642843,336.6764205932617,364.6956573222391,16.644608897530947,0.8976978155146433,93.64373360058931,94.57490857928508,0.0097906115650823,1,0.32876915288888886,0.07325521206666667,0.597975631088889,0.7782990791111111,0.25551393668222216,23
2023-11-14,MSFT,362.4772644042969,364.1219297278,359.61873563127864,363.2017106346947,27683900,3.51446533203125,0.0097906115650823,342.7907385629136,326.77713989257813,304.74367897033693,72.52735249737422,6.462481200153388,67897200.0,10.40762542807562,2.498463998845404,7.909161429230215,308.9276846981893,338.54671478271484,368.1657448672404,17.497750703937893,0.9039725398382396,95.78240057378268,95.04850551615614,0.000405888199312,1,0.289583622625,0.3338355763958333,0.3765808029166667,0.8287694570833333,-0.0442519550833333,24
2023-11-15,MSFT,362.6243896484375,366.0184363495822,360.1131537221127,364.20368992773217,26860100,0.147125244140625,0.000405888199312,344.67965771391584,327.5121453857422,305.3520486450195,72.60385537188307,6.422681302104539,94757300.0,10.672306663504514,2.2105161874194383,8.461790476085076,310.0185674151097,340.51981353759766,371.0210596600856,17.914520629866505,0.8623552956176206,93.57384959567578,94.33332792334924,0.0175832881968371,1,0.3400116309090909,0.0778547339090909,0.5821336177727272,0.7732927454545454,0.2621569042590909,22
2023-11-16,MSFT,369.0005187988281,369.1770809605434,363.1246629725075,363.88979560921166,27182300,6.376129150390625,0.0175832881968371,346.9959301981932,328.43282287597657,305.96828262329103,75.75490807420624,6.431967731390353,121939600.0,11.266693356666508,2.243922304465146,9.022771052201362,310.8102718490294,342.7524871826172,374.694702516205,18.63864831216767,0.9108674264150156,96.08241188626536,95.14622068524125,-0.0168008542263353,0,0.4243004516874999,0.085344510975,0.4903550351875,0.843551546875,0.3389559380375,16
2023-11-17,MSFT,362.8009948730469,367.2348369276998,360.0053073438156,366.4893122703207,40157000,-6.19952392578125,-0.0168008542263353,348.5011744529412,329.14414489746093,306.49590896606446,67.61206047782633,6.61505656879194,81782600.0,11.10943665373486,1.6693324812267978,9.440104172508065,313.6491819760864,344.9027923583984,376.1564027407104,18.123141403758463,0.7863381589471974,92.20906535380315,93.95510894524809,0.0205218373785978,1,0.2845254132352941,0.2167295437941176,0.4987450276470588,0.7759798711764706,0.0677958680588235,17
2023-11-20,MSFT,370.246337890625,371.6490762013333,363.9290760622169,364.1448842589367,52465100,7.445343017578125,0.0205218373785978,350.57214239938725,329.93251831054687,307.09114707946776,71.56507709633874,6.774558337327263,134247700.0,11.453557065618211,1.6107623144881202,9.842794751130093,315.9751946592452,347.29565277099607,378.61611088274697,18.03676945671609,0.8663848887162067,93.55530054265706,93.9489259275752,-0.0115779190506742,0,0.3299005830659498,0.16572415964910392,0.5043752612240143,0.7715499809928316,0.16417642315591394,42
2023-11-21,MSFT,365.9596557617188,369.0496138376225,364.04680889114167,368.510108277174,28423100,-4.28668212890625,-0.0115779190506742,352.0376198624664,330.75596008300784,307.67263320922854,66.53023741504991,6.733484813195554,105824600.0,11.250684659339242,1.12631192656732,10.124372732771922,319.0813625084343,349.4149566650391,379.7485508216439,17.362504711373052,0.7727124753377974,88.13228786436942,91.2988845869432,0.0128124581483661,1,0.4820907657575757,0.1227529362575757,0.3951563,0.8005143942424243,0.3593378328484848,33
2023-11-22,MSFT,370.64849853515625,372.5515261398846,367.8233841555208,370.79563367244174,23345300,4.6888427734375,0.0128124581483661,353.81008449796064,331.58918518066406,308.2251069641113,69.09170369506218,6.723369496407717,129169900.0,11.337564851054822,0.9705536946263198,10.367011156428502,320.5177967046834,351.2723709106445,382.0269451166057,17.51038610080973,0.8150121262409808,91.2998851086353,90.99582450522055,-0.0011116133584622,0,0.34213354089,0.1560488146566666,0.5018176448333334,0.8085211993333333,0.1860847270333333,30
2023-11-24,MSFT,370.2364807128906,370.766197129462,367.99014782412655,370.1383806452385,10176600,-0.412017822265625,-0.0011116133584622,355.37450318509684,332.36248168945315,308.7795559692383,68.59492494315855,6.4414180541882695,118993300.0,11.243562840496736,0.7012413472545873,10.542321493242149,325.2724047418237,353.7347351074219,382.1970654730201,16.092471301668894,0.7898874651777291,89.59738988789792,89.67652095363418,0.0031263010627593,1,0.3069880262393162,0.07090730867094015,0.6221046593162393,0.7639711446153845,0.2360807171367521,22
2023-11-27,MSFT,371.3939514160156,373.3852898149662,369.02991062580026,369.59884307126106,22179200,1.157470703125,0.0031263010627593,356.9001649213748,333.3249578857422,309.354912109375,69.26353019607274,6.292415278115247,141172500.0,11.134116616627978,0.4734360987086639,10.660680517919314,330.5019815968064,356.16099548339844,381.8200093699905,14.408660247462768,0.7968343990136166,92.30212069569798,91.06646523074372,0.0108028562749031,1,0.24134835726111112,0.12497165727638883,0.6336799927916666,0.7914599209305555,0.1163767002,27
2023-11-28,MSFT,375.4060668945313,375.7003371685908,370.95258715282,371.1389683050371,20453100,4.012115478515625,0.0108028562749031,358.6626317759612,334.39038818359376,309.9528564453125,71.52640415970589,6.182082045090648,161625600.0,11.241538426793229,0.4646863270991304,10.776852099694096,334.39260982967096,358.42075500488284,382.4489001800947,13.407786708604268,0.8534461725154497,93.82417265477034,91.90789441278874,-0.0100601513367767,0,0.3984941857058823,0.1888169378529411,0.4126888690588235,0.8434378970588235,0.2096772440823529,17
2023-11-29,MSFT,371.6294250488281,376.97553440384473,370.24629493974936,376.4458479300218,28963400,-3.776641845703125,-0.0100601513367767,359.8975644686151,335.38831298828126,310.4919552612305,66.55899221766204,6.221164717876699,132662200.0,10.896321539068367,0.0955755514994169,10.80074598756895,339.35065658882417,360.452522277832,381.5543879668399,11.708541005987373,0.7648320991071949,89.35722487186779,91.82783940744535,0.0001583240902338,1,0.2886614425263158,0.1866201670526315,0.5247183733157894,0.8306841131578947,0.1020412742105263,19
2023-11-30,MSFT,371.6882629394531,372.8457658390955,368.313824366715,371.2762546529022,30554400,0.058837890625,0.0001583240902338,361.0204881325044,336.54169921875,311.0272158813477,66.59791226629058,6.100505914626973,163216600.0,10.50637148395981,-0.2354996028873124,10.741871086847125,342.9709389240232,362.0976058959961,381.224272867969,10.564370855004563,0.750714279113831,84.71008530954673,89.29716094539492,-0.0116121532600609,0,0.3530506774999999,0.15842087645,0.4885284419090909,0.8162048822727273,0.1946298021818182,22
2023-12-01,MSFT,367.3721618652344,370.9525899274523,364.23313921740737,369.579278745005,33040500,-4.31610107421875,-0.0116121532600609,361.62540944038346,337.63304016113284,311.55147201538085,60.990347239895016,6.197264329442601,130176100.0,9.73681997065836,-0.8040408929510114,10.540860863609373,346.8239851825866,363.4167541503906,380.0095231181946,9.131537706122096,0.6191907065818462,68.08923471802505,80.71884829981316,-0.0143386998443518,0,0.56667677,0.0153935433125,0.417929689875,0.86168385875,0.551283213875,8
2023-12-04,MSFT,362.1045227050781,362.4772550849432,355.9834313944877,362.0652766886936,32063300,-5.26763916015625,-0.0143386998443518,361.6710392751163,338.6683679199219,312.08433494567873,54.91320262440848,6.568083339535746,98112800.0,8.602723553208477,-1.550509848320715,10.153233401529192,349.839216232625,364.2532348632813,378.6672534939375,7.9142844873108125,0.4254645004539827,51.83942530332863,68.21291511030012,0.0091562547064201,1,0.39253907383749254,0.09406606164601898,0.5133948640827392,0.7987027580095069,0.2984730131363636,40
2023-12-05,MSFT,365.4200439453125,365.9693683802573,358.65155863650625,359.46575623768496,23065000,3.315521240234375,0.0091562547064201,362.0280873389445,339.75962890625,312.6537091064453,57.76569380113615,6.621635225551126,121177800.0,7.880635763222813,-1.8180781106451047,9.698713873867918,352.4642841886698,365.0729156494141,377.6815471101584,6.90745926101654,0.5137655025043425,40.98865916600791,53.63910639578719,-0.0099859830614182,0,0.4491310100666666,0.1041355520333333,0.4467334386,0.7734132739999999,0.3449954609333333,15
2023-12-06,MSFT,361.7709655761719,367.0484320232483,361.0156519151652,366.4206454596968,21182100,-3.649078369140625,-0.0099859830614182,362.0035995520137,340.8836346435547,313.23110748291015,53.73613577197211,6.579574145731982,99995700.0,6.933995080502314,-2.2117750346924847,9.145770115194798,354.0710933049184,365.5143508911133,376.95760847730816,6.261454609536697,0.3364370771720886,33.894075998618554,42.24072015598501,0.0058298482324576,1,0.3547861671111111,0.2405320597222222,0.4046817555,0.8113734455555556,0.1142541007777777,18
2023-12-07,MSFT,363.8800354003906,364.3705058457687,359.33827428643895,361.2118749800961,23118900,2.10906982421875,0.0058298482324576,362.1823077280496,342.0370965576172,313.82470497131345,55.66127894321791,6.469049675274682,123114600.0,6.281550029242965,-2.291376068761468,8.572926098004432,355.3970017787966,365.93055267333983,376.4641035678831,5.757131137364391,0.4026673296840739,36.71341032086517,37.19871516183053,0.0088420287763255,1,0.5084196919,0.07507358545,0.4165067108999999,0.745642781,0.4333461112,20
2023-12-08,MSFT,367.0974731445313,367.3230703614092,361.2118285564288,362.1633422956095,20154400,3.217437744140625,0.0088420287763255,362.6504187200955,343.23826416015623,314.41850105285647,58.498473250400494,6.44349197025366,143269000.0,5.955452216202104,-2.0939791054418624,8.049431321643967,357.8933396933847,366.630485534668,375.3676313759513,4.766186220734832,0.5267242654721838,39.3769979859839,36.66149476848919,-0.0078294628420365,0,0.4062658244117647,0.118515529117647,0.475218655,0.7715268770588235,0.2877502858823529,17
2023-12-11,MSFT,364.2232971191406,364.51759731266617,359.12242306000167,361.4570668899954,27708800,-2.874176025390625,-0.0078294628420365,362.8002166628617,344.3406365966797,315.02497573852537,55.10617463067644,6.552888978416226,115560200.0,5.402815076139461,-2.117292996403605,7.520108072543066,358.20622775451875,366.7471572875976,375.2880868206765,4.657666385880791,0.3522490931061925,43.27105208476516,39.78715346387139,0.008295189498938,1,0.3433868789045584,0.09289304518683457,0.5637200705120707,0.7848264622522118,0.25049383452852453,41
2023-12-12,MSFT,367.2445983886719,367.28384440026525,363.3992975227853,363.7818787799653,24838300,3.02130126953125,0.008295189498938,363.22349111293886,345.3849816894531,315.64197555541995,57.87176684251252,6.362293114063637,140398500.0,5.14928220356137,-1.896660695185358,7.045942898746728,359.40290733725465,367.161247253418,374.9195871695813,4.226121342707199,0.5053717119998994,48.6136373207172,43.7538957971554,-2.667470841266617e-05,0,0.2835831196153846,0.0891055641538461,0.6273113191538461,0.8110449261538462,0.1944775468461538,13
2023-12-13,MSFT,367.23480224609375,370.4424978188213,363.703409381408,368.8533485777596,30955500,-0.009796142578125,-2.667470841266617e-05,363.6055207446679,346.5937908935547,316.2625329589844,57.85932110572859,6.389207065731476,109443000.0,4.891182600241052,-1.7238082388045417,6.614990839045594,359.94401585703946,367.3991241455078,374.85423243397616,4.05831576534503,0.4889792412761973,48.83170202422544,46.905463809902585,-0.0225445525219074,0,0.4115196957956522,0.1898827345391304,0.3985975716086957,0.8396757291304348,0.221636965,23
2023-12-14,MSFT,358.9556579589844,366.6364411485853,357.18997650221536,366.1950058164245,43277500,-8.279144287109375,-0.0225445525219074,363.16267666984095,347.52796142578126,316.85704704284666,48.38807261246683,6.650322685599113,66165500.0,3.972783280146757,-2.1137660471190696,6.086549327265827,359.14457549293775,367.2156875610352,375.2867996291326,4.395842738475554,-0.0117033150053822,40.46722458587912,45.97085464360723,0.0131172081825439,1,0.4639407949999999,0.1345001989444444,0.4015590054444444,0.7645246755555556,0.3294405988888889,18
2023-12-15,MSFT,363.6641540527344,365.30230824664153,359.2989559925913,359.8580993724713,78502300,4.70849609375,0.0131172081825439,363.2104364205927,348.548471069336,317.4515146636963,53.09103194249891,6.628631800031831,144667800.0,3.5835722957550047,-2.002381625208658,5.585953920963663,358.77919150441653,366.9488693237305,375.11854714304445,4.452760862498524,0.298969106025778,34.781841636012125,41.36025608203888,0.0051789331255103,1,0.3804913722499999,0.0208166841071428,0.5986919481071429,0.8079566225,0.3596746869571428,28
2023-12-18,MSFT,365.5475463867188,365.890881619393,361.65321060475327,362.4085541038235,21802900,1.883392333984375,0.0051789331255103,363.4330183221285,349.4519732666016,318.0350269317627,54.8627692240217,6.457848886789541,166470700.0,3.3880386076091327,-1.7583322506836243,5.146370858292757,359.10998420652214,367.08619689941406,375.062409592306,4.345689246974054,0.4035475499502103,32.102650229886805,35.783905483926,0.0016369653627545,1,0.42875484817129633,0.09711158959490736,0.4741335535208333,0.7995356992592594,0.3316432530273148,29
2023-12-19,MSFT,366.14593505859375,366.14593505859375,362.7911046946417,364.4096508615579,20603700,0.598388671875,0.0016369653627545,363.69139134464905,350.3173211669922,318.61383041381833,55.4386453544648,6.236204706586862,187074400.0,3.2439672803782287,-1.521922862331623,4.765890142709852,359.03061269289367,366.8811767578125,374.73174082273135,4.279622156849544,0.4531726833168412,47.47221475501849,38.11890220697246,-0.007072755414086,0,0.5113175758999999,0.08834854871,0.4003338753,0.842710838,0.42296902944,20
2023-12-20,MSFT,363.5562744140625,368.8631677330293,363.46799333439736,367.852799906723,26316700,-2.58966064453125,-0.007072755414086,363.6785230655456,351.15887329101565,319.1929424285889,52.32717523565656,6.176131113161509,160757700.0,2.8875399807859026,-1.5026801295391596,4.390220110325062,358.78512224439805,366.76100769042966,374.7368931364613,4.349363906625419,0.2990985892380341,52.13921759538089,43.90469419342872,0.007878696000642,1,0.4539465054117647,0.0886741655588235,0.4573793531764706,0.8726671594117646,0.3652723374058824,17
2023-12-21,MSFT,366.4206237792969,367.2740374598463,362.98733108269056,365.45929104730993,17708000,2.864349365234375,0.007878696000642,363.9396755144743,351.97880920410154,319.7885692596436,55.31453237907695,6.041172203446811,178465700.0,2.8038764905168136,-1.2690748958465994,4.072951386363413,358.7755124208498,366.5496139526367,374.3237154844237,4.241773138406004,0.4917038533126673,61.01384308805922,53.54175847948618,0.0027841558387693,1,0.3427859830869565,0.0731342566086956,0.5840797445217392,0.8107025099999999,0.2696517245217391,23
2023-12-22,MSFT,367.4407958984375,368.0293663723626,365.6064413711889,366.5579551555188,17107500,1.020172119140625,0.0027841558387693,364.2731155510422,352.843818359375,320.39602264404294,56.363349606574666,5.782725974713023,195573200.0,2.7877564151602883,-1.0281559769625002,3.815912392122789,358.8072814653559,366.4098297119141,374.01237795847226,4.1497512512344965,0.5678039884186302,66.7080024678625,59.95368771710085,0.0002135328853931,1,0.5109165518333333,0.0266654123333333,0.4624180345833333,0.8436295008333333,0.4842511365,12
2023-12-26,MSFT,367.5192565917969,369.7558002532684,366.3813617554784,367.8527728468658,12673100,0.078460693359375,0.0002135328853931,364.58227184063793,353.7775524902344,321.0220475006104,56.44801478658616,5.610705440647096,208246300.0,2.7496163953038035,-0.8530367974551885,3.602653192758992,358.9410362761262,366.2160949707031,373.49115366528,3.97309610062818,0.5895636499857503,75.82545648829272,67.84910068140478,-0.0015746245226739,0,0.34067072988301283,0.16431793720833332,0.4950113399326923,0.7750306662980769,0.1763527955737179,22
2023-12-27,MSFT,366.9405517578125,367.9116736219655,365.7045567045712,366.5677894442357,14905400,-0.578704833984375,-0.0015746245226739,364.8068699279879,354.6035791015625,321.61920166015625,55.591273483281576,5.367591974700466,193340900.0,2.642235465408362,-0.7683341818805043,3.4105696472888662,359.84103962458744,365.7928192138672,371.7445988031469,3.2541806600090344,0.5964192748344213,76.28906735755807,72.94084210457108,0.0032346388545221,1,0.242514904,0.239470281236842,0.5180148284210526,0.8604261405263158,0.0030446197578947,19
2023-12-28,MSFT,368.1274719238281,369.2849749136942,367.0288229886373,368.2157530058411,14327000,1.186920166015625,0.0032346388545221,365.1231177371155,355.4647009277344,322.18880767822264,57.031723034018015,5.151651344784841,207667900.0,2.622677251919868,-0.630313916295199,3.2529911682150665,360.17915826910473,365.6177215576172,371.0562848461296,2.974999825141353,0.730736522962979,78.01622555632837,76.71024980072637,0.0020250686387017,1,0.351716246,0.1359905498333333,0.5122932020555555,0.7852892833333334,0.2157256920555555,18
2023-12-29,MSFT,368.8729553222656,369.9716041347207,366.3617494835299,368.83370931155366,18730800,0.7454833984375,0.0020250686387017,365.4802451261774,356.37891174316405,322.7394778442383,57.9541957882238,5.041523009528125,226398700.0,2.636934566561536,-0.492845281322825,3.1297798478843606,360.5527581799114,365.4769561767578,370.40115417360425,2.6946694797714748,0.84482763971744,81.421109045109,78.57546731966512,-0.0137483951036254,0,0.3746404419444444,0.1113681451111111,0.5139914189444444,0.7927006916666666,0.2632722916888889,18
2024-01-02,MSFT,363.8015441894531,368.735675683701,359.77968054105025,366.7345478799601,25258600,-5.0714111328125,-0.0137483951036254,365.3203688464894,357.1680017089844,323.2123490905762,50.07781808675534,5.330933850362928,201140100.0,2.213497277505951,-0.733026056302728,2.946523333808679,360.4031956812555,365.2984252929688,370.193654904682,2.6801263146904044,0.3471081826341788,73.52573705420575,77.65435721854769,-0.0007280399568863,0,0.2876503141121242,0.16657704722182853,0.5457726443149644,0.8012887328460326,0.12107326829339045,52
2024-01-03,MSFT,363.5366821289063,366.1459883616317,361.4865193608946,361.9769897820248,23083500,-0.264862060546875,-0.0007280399568863,365.1504939210053,358.04283752441404,323.6681539916992,49.69793009275787,5.282972075389655,178056600.0,1.8353907780881968,-0.8889060445763857,2.7242968226645825,360.624160616029,365.37003326416016,370.1159059122913,2.597844495199688,0.306847836933018,61.97877758577256,72.30854122836242,-0.0071774970052138,0,0.411427607452381,0.2396098947142857,0.3489624935238095,0.8804775866666668,0.1718177136190476,21
2024-01-04,MSFT,360.9273986816406,365.98905733956127,360.17208496235486,363.6053781270113,20901500,-2.609283447265625,-0.0071774970052138,364.7482943743991,358.81360290527346,324.14600372314453,45.99609300085368,5.321114954090852,157155100.0,1.310089390693122,-1.1313659455771683,2.44145533627029,360.02013332301664,365.14540100097656,370.2706686789365,2.8072475588683194,0.088509070709173,42.34008794821119,59.28153419606315,-0.0005164511418871,0,0.4021910514736842,0.1083982805263158,0.4894106741578947,0.8278948189473684,0.2937927726842105,19
2024-01-05,MSFT,360.7409973144531,364.9688499798779,359.51482125288123,361.9377463479848,21004600,-0.1864013671875,-0.0005164511418871,364.3666470353566,359.5569512939453,324.61536712646483,45.734014830779074,5.330608795012697,136150500.0,0.8687290562838257,-1.258181023989172,2.1269100802729977,359.81563091014647,365.0939025878906,370.3721742656348,2.8914597808017333,0.0876580877987454,30.214231233337184,44.84436558910696,0.0188714584450189,1,0.3916724512142857,0.1581468086071428,0.4501807411428571,0.8262263664285714,0.2335256419714285,14
2024-01-08,MSFT,367.5487060546875,368.0489954358008,361.9769695664422,362.26142084093584,23134000,6.807708740234375,0.0188714584450189,364.6697002752929,360.2379211425781,325.12603088378904,55.668752682087,5.471850889750906,159284500.0,1.0560989609529088,-0.8566488954560714,1.91274785640898,359.9260673212719,365.2773361206055,370.6286049199391,2.929975812989792,0.712227232386915,39.86051786279685,37.47161234811506,0.0029357756116905,1,0.28546801585185183,0.16994451514814812,0.5445874591666667,0.8316610566666668,0.11552350213333329,33
2024-01-09,MSFT,368.6277465820313,368.8239167777909,364.1154129764403,364.91979160608497,20830000,1.07904052734375,0.0029357756116905,365.0466570664108,361.1906921386719,325.6159175109863,57.01212432749952,5.417326097722309,180114500.0,1.2769407350435813,-0.5086456970923192,1.7855864321359003,359.858840175599,365.3538497924805,370.84885940936186,3.008048017012856,0.7978972756929257,59.16314446189875,43.07929785267758,0.018574169766625,1,0.4948079463181818,0.0524571074318181,0.4527349301818182,0.8108228677272727,0.442350828,22
2024-01-10,MSFT,375.4747009277344,376.84804200266086,369.1476507008414,369.1966857666869,25514200,6.846954345703125,0.018574169766625,366.0398041008226,362.24281127929686,326.1258563232422,64.38678113011316,5.617538192215688,205628700.0,1.981608674116103,0.1568177935841619,1.824790880531941,358.90500889212865,365.91641998291016,372.92783107369166,3.8322473154437673,1.1816232011692551,85.35156657737986,61.45840963402514,0.0048592459659018,1,0.4199416072727273,0.015056940090909,0.5650014318181819,0.7960199336363637,0.4048846647272727,11
2024-01-11,MSFT,377.2992248535156,383.2339040924789,373.1302268937335,378.6431088178606,27850800,1.82452392578125,0.0048592459659018,367.11212988679335,363.1845782470703,326.66533905029297,66.05776801611854,5.937976692682092,233479500.0,2.65666257289206,0.6654973538880948,1.991165219003965,357.8337119976832,366.41915130615234,375.0045906146215,4.686130229746549,1.1336352256680997,84.73486443531283,76.41652515819713,0.0099837090961092,1,0.53768215796875,0.15970514820625,0.30261269125,0.797333738125,0.377977012115625,16
2024-01-12,MSFT,381.0660705566406,381.27205974083927,377.3188695476479,378.14285622037966,21661200,3.766845703125,0.0099837090961092,368.44107661725496,364.18601806640623,327.22926055908204,69.26418164129097,5.797609420870774,255140700.0,3.4557647140866834,1.1716795960661743,2.284085118020509,356.40697146506506,367.1107147216797,377.8144579782944,5.831343421686588,1.1518913757734646,85.97217154746738,85.35286752005334,0.0046334629451501,1,0.644004138,0.01334347705,0.3426524055,0.8091503879999999,0.6306606539999999,10
2024-01-16,MSFT,382.8317260742188,386.5200727807335,380.2322391394401,386.1571295021332,27202300,1.765655517578125,0.0046334629451501,369.8116146607753,365.0669207763672,327.7762771606445,70.66314251184198,5.832625436615251,282343000.0,4.183309968970889,1.5193798807603036,2.663930088210585,356.26298571475127,368.3045181274414,380.3460505401315,6.538900187221426,1.1032125915912367,84.06060026892524,84.92254541723513,-0.0020498013891202,0,0.37039819691840276,0.08897652696579855,0.5406252820868056,0.7965790297743056,0.2814216744913194,55
2024-01-17,MSFT,382.0469970703125,382.6747835868636,377.4758095594247,380.585404924774,22234100,-0.78472900390625,-0.0020498013891202,370.97688917596935,365.88807678222656,328.30211685180666,69.15656115814943,5.798574799342312,260108900.0,4.643051544776881,1.5832971652530363,3.0597543795238447,355.9917381419993,369.2236602783203,382.45558241464136,7.167429154646713,0.9845606201381994,86.87958994103751,85.63745391914335,0.0112973838948995,1,0.4637546094285715,0.1057812875809523,0.4304641026666666,0.7990244652380953,0.3579733202857142,21
2024-01-18,MSFT,386.3631286621094,386.4808367624356,382.6846008472352,384.2541120354354,23392100,4.316131591796875,0.0112973838948995,372.4422453175065,366.7078411865234,328.8288235473633,72.61494302506465,5.701093720255222,283501000.0,5.294642461408898,1.787910465508043,3.5067319959008554,355.20454591989017,370.26443939208986,385.3243328642896,8.134669101318739,1.034488816263456,89.73240874158533,86.89086631718267,0.0121867117860197,1,0.324697160090909,0.2584477700454545,0.4168550743636363,0.8143187154545455,0.0662493922727272,11
2024-01-19,MSFT,391.0716247558594,391.0716247558594,386.0001483892021,388.21708385271495,29331100,4.70849609375,0.0121867117860197,374.216471930683,367.5487451171875,329.3842875671387,75.80246702499116,5.6561210521410805,312832100.0,6.120416885492034,2.0909479116729424,4.029468973819092,354.08135589390207,371.51072387695314,388.9400918600042,9.382968976596104,1.0611477392045412,94.28503770304336,90.2990121285554,-0.0054178679299098,0,0.3612618493043478,0.1661634854043478,0.472574677173913,0.8287738513043479,0.1950983647304348,23
2024-01-22,MSFT,388.9528503417969,392.9845027036078,386.0884900033909,392.395932230134,27016900,-2.1187744140625,-0.0054178679299098,375.6199365412653,368.2689569091797,329.92940170288085,71.75503658569079,5.744684741289352,285815200.0,6.528623767221859,1.999323834722213,4.5292999324996455,354.1922792335698,372.7805526733399,391.3688261131099,9.97276993473346,0.9350134433103404,95.79105121046068,93.2694992183631,0.0060274423161585,1,0.27038471373641026,0.15526358385179487,0.5743517122554985,0.7733688800797721,0.11512113488056976,47
2024-01-23,MSFT,391.2972412109375,391.7681035262422,386.42196470997874,388.2072839775827,20525900,2.344390869140625,0.0060274423161585,377.1130131764722,368.98378173828127,330.5000793457031,73.44461605307929,5.716217175216076,306341100.0,6.961060638283698,1.9454085646272408,5.015652073656456,354.0289025480696,374.0243835449219,394.01986454177415,10.692073499240584,0.9319190338240612,94.30438374214334,94.79349088521576,0.0091753036259163,1,0.48510957755,0.1843032817,0.33058712915,0.8309475559999999,0.300806290925,20
2024-01-24,MSFT,394.8875122070313,397.89900754206303,392.8177415608544,393.88696340305137,24867000,3.59027099609375,0.0091753036259163,378.805822607954,369.8195556640625,331.05332473754885,75.82918954626261,5.779470686352465,331208100.0,7.506939512584381,1.993029951142339,5.513909561442042,353.70175818986786,375.39671936035154,397.0916805308352,11.558418095635092,0.9492009156761532,91.68916149728142,93.92819881662848,0.0057382434827957,1,0.4454051529,0.1569434256851851,0.3976514197777778,0.850295885925926,0.288461729962963,27
2024-01-25,MSFT,397.1534729003906,399.25270045475327,394.858075159448,396.6139674673759,21021200,2.265960693359375,0.0057382434827957,380.55321787390034,370.5248278808594,331.628670501709,77.21955858135775,5.680553158420524,352229300.0,8.029833620266459,2.0127392470595336,6.017094373206925,353.5514103615625,376.87843017578126,400.20544999,12.379068657942952,0.934582790388228,93.94349431600703,93.31234651847724,-0.0023216669836347,0,0.3321034068928571,0.1024781548214285,0.5654184357142857,0.8302894375000001,0.2296252559392857,28
2024-01-26,MSFT,396.2314147949219,398.4287425690661,394.7600035777077,396.6630311468464,17803300,-0.92205810546875,-0.0023216669836347,382.0463794854262,371.2702001953125,332.23137817382815,75.32090810307416,5.536852146487514,334426000.0,8.274445922768905,1.8058812396495831,6.468564683119322,354.0381255790488,378.3429733276368,402.6478210762247,12.84805029405978,0.8680015125444345,92.92213721102291,92.85159767477045,0.0143341915111943,1,0.4430535886904762,0.232278970047619,0.3246674388571429,0.8305021614285715,0.2107746205380952,21
2024-01-29,MSFT,401.91107177734375,402.1661259686538,396.6237864171102,398.3208248033987,24510200,5.679656982421875,0.0143341915111943,383.9382549417993,372.05887634277343,332.859267578125,78.78170897336169,5.565270648433546,358936200.0,8.824876107968123,1.8850491398790403,6.939826968089083,354.1568356022208,380.0321533203125,405.9074710384042,13.617436046934976,0.9227758417384336,95.3139258929253,94.0598524733184,-0.0027581238379683,0,0.3934928386666667,0.12071182361036033,0.48579533495045046,0.7876203561486487,0.27278101203378374,45
2024-01-30,MSFT,400.8025512695313,405.1775383466925,398.7033537683388,404.4026167586847,33477600,-1.1085205078125,-0.0027581238379683,385.54437840158334,372.8224395751953,333.4506657409668,76.52610246619066,5.630193071999271,325458600.0,9.067127453492787,1.701840388322963,7.365287065169825,354.78252684059174,381.6286331176758,408.4747393947599,14.069230632810523,0.8571079908936808,93.02726774025172,93.7544436147333,-0.026946286511027,0,0.3575001722692307,0.2194410696538461,0.4230587523846153,0.8481399561538462,0.1380591040384615,26
2024-01-31,MSFT,390.0024108886719,407.4043201802484,389.639467600293,399.2036399293581,47871100,-10.800140380859377,-0.026946286511027,385.9689529241632,373.2424774169922,334.00609619140624,58.84786371496837,6.496954465424709,277587500.0,8.29204676842511,0.7414077626042275,7.550639005820882,357.16443390347064,382.9386764526368,408.7129190018029,13.461289827356444,0.6370308831105431,78.80475347670576,89.04864903662758,0.0155945425204655,1,0.3332605088611111,0.3355221878888889,0.3312173069444444,0.835053163888889,-0.0022616830833333,36
2024-02-01,MSFT,396.0843200683594,400.2238919125394,394.14204628655096,394.1714733164599,30657700,6.0819091796875,0.0155945425204655,386.9323212236104,373.90814392089845,334.57897171020505,63.90466298393616,6.762992076742057,308245200.0,8.07546010621411,0.4198568803145814,7.655603225899528,359.8073789806371,384.56605834960936,409.3247377185816,12.876164617972664,0.7326105836885787,66.48613335162484,79.4393848561941,0.0184258423928516,1,0.2860637968423077,0.272763001826923,0.4411731993846154,0.8179866542307692,0.0133007988846153,26
2024-02-02,MSFT,403.3825073242188,404.7852455891368,395.8684966385469,396.11373185699847,28256700,7.298187255859375,0.0184258423928516,388.49900561414455,374.5708673095703,335.1904344177246,68.85103429847554,6.916831853445476,336501900.0,8.395933241915486,0.592264012812767,7.803669229102719,363.1511345031806,386.6888137817383,410.226493060296,12.173964407381735,0.8546163864525081,66.05433182100846,70.44840621644634,-0.0135452023969063,0,0.4524192224375,0.17262443625,0.374956314125,0.82442588125,0.27979478318125,16
2024-02-05,MSFT,397.9186096191406,403.32360273615,396.290244380319,402.0876078105048,25352300,-5.463897705078125,-0.0135452023969063,389.3961107574775,375.2100463867188,335.7741876220703,62.00080394618232,6.929362645620782,311149600.0,8.115469548491092,0.2494402555106969,7.866029292980395,367.7928293220213,388.54769439697264,409.302559471924,10.683303684075623,0.7257522558765647,72.41373691993009,68.31806736418778,-0.0003944321791008,0,0.27758455937908494,0.21267226544444442,0.5097431761790849,0.8481202819346406,0.06491229442901962,37
2024-02-06,MSFT,397.76165771484375,400.1944015675409,395.23084373526007,398.14423897907153,18382600,-0.156951904296875,-0.0003944321791008,390.19282951532193,375.7523095703125,336.3685607910156,61.81056207335184,6.788948016096501,292767000.0,7.7907286732603325,-0.0602404957760507,7.850969169036383,371.3387233534172,390.05834197998047,408.7779606065437,9.598368557657476,0.7057551462061366,71.95313156277275,70.14040010123709,0.0211102564137974,1,0.3742499677619048,0.2210744520333333,0.4046755894761904,0.8089490690476191,0.1531755161428571,21
2024-02-07,MSFT,406.1585083007813,406.4037434899342,399.63525825649936,399.674504268826,22340500,8.3968505859375,0.0211102564137974,391.7133703520324,376.4707501220703,337.00662384033205,67.54762706022912,6.921314998881782,315107500.0,8.11735306364426,0.2131071156863004,7.904245947957959,374.7207135725484,391.934880065918,409.1490465592876,8.784197257704855,0.9131372913217092,74.49234799580806,72.9530721595036,0.0001447892186055,1,0.4151858739999999,0.27700418467,0.30780993865,0.8387144065,0.1381816827,20
2024-02-08,MSFT,406.2173156738281,407.639691581848,404.6674426282855,406.1584616300691,21225300,0.058807373046875,0.0001447892186055,393.0946984779177,377.1672174072266,337.6644273376465,67.58435539200761,6.639238852787547,336332800.0,8.285441102237712,0.3049561234238016,7.9804849788139105,376.93458239449535,393.4720108032226,410.00943921194994,8.405898236557286,0.8853472424974914,82.85720747889133,76.43422901249069,0.015551656837776,1,0.36881791695,0.1416919156,0.48949016925,0.831698931,0.227126000625,20
2024-02-09,MSFT,412.53466796875,412.7995411607667,407.178739238723,407.335693369119,22032800,6.317352294921875,0.015551656837776,394.9461241437112,377.90978942871095,338.3847659301758,71.33720592947738,6.63516646951262,358365600.0,8.826661359964419,0.6769411049204059,8.149720255044013,378.45771809187113,395.2337829589844,412.0098478260976,8.489185687274198,1.0156419323247023,95.52514637203012,84.29156728224315,-0.0125789173731847,0,0.4026607927333333,0.2157056844666666,0.3816335155333333,0.8631629126666667,0.18695510858,15
2024-02-12,MSFT,407.3454284667969,412.7209641300854,406.8451391501877,412.5444019957292,21202900,-5.189239501953125,-0.0125789173731847,396.1270102697194,378.6241094970703,338.9819261169434,64.70998833986606,6.580927791682982,337162700.0,8.736149164466667,0.469143127538123,8.267006036928544,380.3081732016661,396.54775085449216,412.7873285073182,8.190477750955608,0.8324494590666183,89.61540690455384,89.33258691849174,-0.0215285631180047,0,0.2510315728805555,0.12380497892685179,0.6251634518425926,0.8166187239259259,0.12722659467499997,48
2024-02-13,MSFT,398.5758666992188,402.2543946406928,395.701717385572,397.2221636270064,27824900,-8.769561767578125,-0.0215285631180047,396.36023469157647,379.1618615722657,339.48913330078125,55.35154267244364,6.942555169507406,309337800.0,7.866111614860074,-0.3207155376547774,8.186827152514851,382.353573225996,397.3349578857422,412.31634254548845,7.540934600601796,0.5414150241002346,71.343856912709,85.49480339643098,0.0096653015872092,1,0.4392253437272728,0.1548215404409091,0.405953114090909,0.8427941204545455,0.2844038101363636,22
2024-02-14,MSFT,402.42822265625,402.7721928081846,397.5930862054174,401.03272774217567,20401200,3.85235595703125,0.0096653015872092,396.9381383072596,379.862982788086,340.00375885009765,58.21065468488604,6.8165945575973925,329739000.0,7.402126413138149,-0.627760591501362,8.02988700463951,384.9849555185039,398.3540191650391,411.7230828115742,6.712152007180486,0.6523743023045164,56.75156848189232,72.5702774330517,-0.0071552028518284,0,0.4748894077,0.1694098455666666,0.3557007516666666,0.8508667373333334,0.30547955618,15
2024-02-15,MSFT,399.54876708984375,402.07445398469247,397.3179246135389,401.1015363834754,21825500,-2.87945556640625,-0.0071552028518284,397.18676961988666,380.6118676757813,340.512272644043,55.35722185050661,6.6947162351055125,307913500.0,6.724550367595498,-1.0442693096352107,7.768819677230707,386.82632255654585,399.01330108642577,411.2002796163057,6.108557532642371,0.5219687760220931,45.53015712123735,57.8751941719462,-0.0061491333836525,0,0.2766763206842105,0.2369475971578947,0.4863761064736842,0.7976566152631579,0.0397287241578947,19
2024-02-16,MSFT,397.0918884277344,401.2489518855877,396.4825852713034,400.9246260176193,22296500,-2.456878662109375,-0.0061491333836525,397.17773331587216,381.2453045654297,341.0092329406738,52.97126005638612,6.556976976475424,285617000.0,5.921062571203322,-1.4782056848219105,7.399268256025232,387.6402262682069,399.3143142700195,410.9884022718321,5.847067127134589,0.4048137275502779,43.39432874169223,48.55868478160728,-0.0031431979954975,0,0.3357635106666666,0.1346357512777777,0.5296007292222222,0.8555744711111112,0.2011277610722222,18
2024-02-20,MSFT,395.84375,397.514414893887,391.1461840185904,396.2859715934003,24307900,-1.248138427734375,-0.0031431979954975,397.0506872857891,381.9267602539063,341.5048753356934,51.75094707839615,6.543495112105509,261309100.0,5.124506245649968,-1.819809608300212,6.94431585395018,388.8539315800405,399.6588592529297,410.46378692581885,5.407075270687852,0.3234551230499096,33.917570332358785,40.947352065096105,-0.0015143772943475,0,0.29636867050072147,0.17398407054953094,0.5296472559516594,0.8335754745887446,0.12238459341598121,48
2024-02-21,MSFT,395.2442932128906,395.3524118295115,390.3698381114288,393.2689765841808,18518900,-0.599456787109375,-0.0015143772943475,396.87864975503686,382.5540454101563,341.99259765625,51.141571832019366,6.467096310424487,242790200.0,4.394204808188874,-2.040088836609045,6.434293644797919,389.5360850500445,399.8562118530273,410.17633865601016,5.161918958396041,0.2765570749187052,26.89957416359371,34.737157745881554,0.0235467072389667,1,0.4044879855,0.167802616425,0.42770939195,0.8380036455000001,0.2366853658499999,20
2024-02-22,MSFT,404.5509948730469,405.710638303165,401.52412337910727,403.1161813071161,27009900,9.30670166015625,0.0235467072389667,397.6093492900855,383.30311584472656,342.5013150024414,59.17831403947431,6.752756937556623,269800100.0,4.51436985647905,-1.5359390306550953,6.050308887134145,390.09039625348765,400.3393859863281,410.5883757191686,5.1201505980180935,0.7054645870716234,37.24857978082344,32.68857475892529,-0.0031823294642626,0,0.3850459721249999,0.1389182901041666,0.4760357269583333,0.8244248154166667,0.2461276796875,24
2024-02-23,MSFT,403.2635803222656,408.6883757427927,401.9172111140197,408.5016799323737,16295900,-1.28741455078125,-0.0031823294642626,398.1478474836264,384.08392150878905,343.0133427429199,57.76285755907581,6.754071772643505,253504200.0,4.454370715259643,-1.2767505374996029,5.731121252759245,390.4297736154946,400.6448913574219,410.8600090993492,5.099337574138283,0.6281771307488457,47.48072084538785,37.20962492993498,-0.0068235233754505,0,0.5385398103133333,0.0859313400333333,0.3755288522,0.881121148,0.4526084747333333,15
2024-02-26,MSFT,400.5119018554688,405.05222425854834,400.3349831970826,404.3642838981377,16193500,-2.751678466796875,-0.0068235233754505,398.37299551904,384.749267578125,343.5196537780762,54.7486621807511,6.608583864702238,237310700.0,4.137093667491342,-1.2752220682143225,5.412315735705665,390.8452656788843,400.8589157104492,410.8725657420141,4.996096950378435,0.4826729587170216,55.30904359965576,46.679448075289,-0.0001472877041663,0,0.3313645982380952,0.20493206005238088,0.46370334371693117,0.8265810837301587,0.12643254134656082,45
2024-02-27,MSFT,400.4529113769531,401.2784217577938,396.8855068799419,400.9540958991776,14835800,-0.058990478515625,-0.0001472877041663,398.5710827436032,385.4136297607422,343.9997901916504,54.6827838990061,6.45032179421293,222474900.0,3.836662624173073,-1.2605224892260738,5.097185113399147,390.7828338909263,400.7860076904297,410.789181489933,4.99177796008782,0.4833504685536349,49.21878092865007,50.66951512456453,0.0005889327734915,1,0.3398313420217391,0.1636047812391304,0.4965638805217391,0.7935177991304347,0.1762265623913043,23
2024-02-28,MSFT,400.6887512207031,402.2414904650158,398.33014591696406,401.14080998935714,13183100,0.23583984375,0.0005889327734915,398.7727654557079,386.24829162597655,344.4918280029297,54.91634890490786,6.268966276629986,235658000.0,3.576372960970218,-1.216649721943143,4.793022682913361,390.77705853985367,400.78031768798826,410.7835768361229,4.991891421136221,0.4954231682929953,45.39226407597673,49.97336286809417,0.014519905110288,1,0.2778570911173913,0.1050584529565217,0.6170844556956522,0.7945161139130434,0.1727986367173913,23
2024-02-29,MSFT,406.5067138671875,407.0570541612983,398.9198455368932,401.592939818844,31947300,5.817962646484375,0.014519905110288,399.5093319710869,387.1051428222656,345.01851181030275,60.3459787186036,6.402412158613919,267605300.0,3.79579690648842,-0.7977806211399532,4.593577527628373,392.6240551710758,401.6055328369141,410.5870105027523,4.472785821646293,0.7728493691475437,54.3013016418214,49.637448882149386,0.0044964825412308,1,0.3726151338166666,0.1506051949916666,0.4767796684166667,0.8237065679166666,0.2220099440416666,24
2024-03-01,MSFT,408.3345642089844,408.6981786372304,403.7942424452674,404.1775011699916,17823400,1.827850341796875,0.0044964825412308,400.3498302794581,387.96088317871096,345.55194702148435,61.89853449094862,6.295378160995993,285428700.0,4.070264732590601,-0.4186502360302171,4.4889149686208185,393.1557345879395,402.2180450439453,411.2803554999512,4.506168018899156,0.8374701846031699,66.10827791350738,55.26728121043515,-0.0013957826229248,0,0.4457350283809524,0.1457550007619047,0.4085099557619048,0.8235927571428571,0.2999800252857142,21
2024-03-04,MSFT,407.7646179199219,410.1527047870807,405.2094495475142,406.3101300793095,17596000,-0.5699462890625,-0.0013957826229248,401.0560005309308,388.7932568359375,346.07141998291013,61.09529378015646,6.198797952322458,267832700.0,4.193453043570628,-0.2363695400401528,4.429822583610781,393.0661772239887,402.4371505737305,411.8081239234723,4.65711147014244,0.7842536814139041,80.08259053426956,66.83072336319943,-0.0295719137880697,0,0.3864463025352564,0.08441161517948718,0.5291420688557692,0.8195124524679488,0.30203469423653845,33
2024-03-05,MSFT,395.7062377929688,407.1062001502952,393.7309209213856,406.821192843755,26919200,-12.058380126953123,-0.0295719137880697,400.5464993177915,389.4362561035156,346.51624099731447,47.15349137928202,6.75843359848059,240913500.0,3.2802574019482904,-0.9196521453299926,4.199909547278283,392.69617422523646,402.3265319824219,411.9568897396073,4.787334163487978,0.1562799453367352,65.09280107619617,70.42788984132436,-0.0013908145774396,0,0.3867439430952381,0.1339842952380952,0.4792717604761904,0.7727324861904763,0.2527596440476191,21
2024-03-06,MSFT,395.1558837890625,398.1729482982256,391.5197089331465,396.02071283324057,22344100,-0.55035400390625,-0.0013908145774396,400.03310736267446,390.0109613037109,346.93623275756835,46.63047076198986,6.750919724666195,218569400.0,2.4835059969245776,-1.3731228402829645,3.856628837207542,392.2568311485522,402.1962432861328,412.13565542371344,4.942568362335238,0.1458362225241211,46.36541578936751,63.84693579994439,0.0175335028051195,1,0.420945459,0.2157579427904762,0.363296604,0.7586254423809523,0.2051875191428571,21
2024-03-07,MSFT,402.0843505859375,402.713298120837,395.3033178435415,399.1164116200485,18718500,6.928466796875,0.0175335028051195,400.2284638601281,390.7038323974609,347.39174575805663,53.60696768289213,6.80852648231679,237287900.0,2.383666709013653,-1.178369702555112,3.562036411568765,392.22071258088346,401.9925354003906,411.7643582198978,4.861693667905697,0.504697955910722,36.79439417907773,49.41753701488045,-0.0071371105460893,0,0.517455289,0.1023151619666666,0.3802295425,0.8384288183333334,0.415140118,12
2024-03-08,MSFT,399.2146301269531,403.3422120153882,397.357209279769,400.9246137706761,18002200,-2.869720458984375,-0.0071371105460893,400.1319082664924,391.3377398681641,347.8190383911133,50.65344596927516,6.749703357552682,219285700.0,2.049357182338156,-1.2101433833844877,3.2595005657226435,392.00021552863774,401.64240112304685,411.284586717456,4.801378324324449,0.374106810519109,42.70589391519769,41.95523462788096,-0.0041850052727274,0,0.3275674481538461,0.2333473131923077,0.4390852255384615,0.7950781023076924,0.0942201356923076,13
2024-03-11,MSFT,397.5439147949219,398.6839138296688,394.34015491255184,396.7970416276203,16120800,-1.67071533203125,-0.0041850052727274,399.8854326977714,391.94980712890623,348.2668930053711,48.96212236939847,6.615758490184725,203164900.0,1.6308028294549786,-1.3029581890141322,2.9337610184691107,392.5050306775977,400.89286346435546,409.2806962511132,4.184575756362176,0.3003686557318649,46.729629950714525,42.07663934832996,0.0265994837226473,1,0.3938137336868686,0.051500090401635334,0.5546861788290043,0.806403855988456,0.3423136457948774,43
2024-03-12,MSFT,408.1183776855469,408.4033849510457,399.77479973523793,400.5904729541975,22457000,10.574462890625,0.0265994837226473,400.6695226966072,392.7496252441407,348.7745074462891,58.4244194291552,6.91888075203752,225621900.0,2.1278378795313984,-0.64473851115017,2.7725763906815684,392.4189169326464,400.93151092529297,409.4441049179395,4.246408057576061,0.9221314188402592,56.68519022304485,48.70690469631901,-0.0004333285999942,0,0.4298290525625,0.08075684860625,0.489414097625,0.759436638125,0.349072202125,16
2024-03-13,MSFT,407.9415283203125,410.9683999440695,404.3544792559954,410.88979275530687,17115900,-0.176849365234375,-0.0004333285999942,401.3620946607696,393.5309967041016,349.222282409668,58.22998171942481,6.8970978903258455,208506000.0,2.4788962984097225,-0.234944073817477,2.7138403722271995,392.4384683711884,401.3997940063476,410.3611196415069,4.465037485802768,0.8649981364530902,69.92761555352313,57.78081190909415,0.0243796338383119,1,0.3602915723571428,0.1713895494285714,0.46831888625,0.8257834167857142,0.1889020230535714,28
2024-03-14,MSFT,417.8869934082031,420.4421618629372,410.7816654727546,412.99286375239626,34157300,9.945465087890623,0.0243796338383119,402.9358945414775,394.6127056884766,349.68574005126953,65.23668263662624,7.297350436918622,242663300.0,3.519062972081656,0.6441780798835648,2.874884892198091,390.680577091922,402.1727325439453,413.66488799596857,5.715034621730614,1.1836951053203524,88.22806883290087,71.61362486982293,-0.020695198776104,0,0.3865581029230769,0.1271163727192307,0.4863255251153846,0.7589400650000001,0.2594417323846154,26
2024-03-15,MSFT,409.2387390136719,415.3121560642416,405.6713345351322,412.0592402980969,45079900,-8.64825439453125,-0.020695198776104,403.5361654435912,395.5267468261719,350.1141624450684,56.380159577233336,7.648658182358073,197583400.0,3.6040158504993087,0.5833047666409739,3.020711083858335,390.8360919429272,402.65723114013673,414.47837033734623,5.871564339593541,0.7783787486018595,78.95533557181818,79.03700665274737,0.0021613080152886,1,0.249415523,0.3286686655526316,0.4219158046315789,0.855410612631579,-0.0792531397894736,19
2024-03-18,MSFT,410.1232299804688,413.4744273628243,406.6442696787311,407.1061656227225,20106000,0.884490966796875,0.0021613080152886,404.1635049232939,396.5106634521485,350.56078125,57.02278701867264,7.5901938610534385,217689400.0,3.700060651733395,0.543479654300048,3.156580997433347,391.3507551868828,403.3087982177734,415.266841248664,5.9299688396253005,0.784930893169223,72.25048275940254,79.81129572137384,0.0098007146111018,1,0.3274937550005446,0.04606379343709144,0.6264424597254902,0.8075015722440088,0.28142996503333334,38
2024-03-19,MSFT,414.1427307128906,414.39825657466935,408.383771616104,410.62445150569954,19837900,4.019500732421875,0.0098007146111018,405.113907379446,397.5786981201172,351.00703170776364,59.913076332108005,7.47764322516143,237527300.0,4.053787427346606,0.717765143930607,3.336022283415999,391.89590494990273,404.223747253418,416.5515895569332,6.099514136553985,0.9023000625439658,67.93519329161812,73.0470038742796,0.0090647235290273,1,0.43027778348,0.11195233646,0.45776988112,0.7632834324,0.31832544572,25
2024-03-20,MSFT,417.8968200683594,418.6142118533255,413.4056235884817,414.7225113763612,17860100,3.75408935546875,0.0090647235290273,406.33132763553294,398.5856604003906,351.4582788085938,62.45286208790359,7.315567870853024,255387400.0,4.584198297823491,0.9985408115259932,3.5856574862974977,392.390696166982,405.3563735961914,418.32205102540087,6.3971745721830535,0.9836016683523408,77.91369347358746,72.69978984153602,0.0097359044631146,1,0.5150628452115384,0.1267007380423077,0.358236415,0.8217197915384615,0.3883621055,26
2024-03-21,MSFT,421.9654235839844,423.3904300401875,419.7935438740281,422.41748239432127,21296200,4.068603515625,0.0097359044631146,407.8202891544331,399.6524139404297,351.9272314453125,65.03817933073451,7.185428020922673,276683600.0,5.27208175830026,1.3491394176022098,3.92294234069805,391.3907023014655,406.2270950317383,421.063487762011,7.304482104579251,1.0303960618450412,88.31593318165248,78.054939982286,-0.001467205777581,0,0.4545761261923077,0.0393692221076923,0.5060546531153846,0.7933375980769231,0.4152069019038462,26
2024-03-22,MSFT,421.3463134765625,422.446994132642,418.7223747681048,422.2897797457437,17648500,-0.619110107421875,-0.001467205777581,409.10848194701686,400.5698461914063,352.4041270446777,64.31250850731733,6.93822740260943,259035100.0,5.701553386762043,1.422888836851195,4.278664549910848,390.9816073516115,407.1312316894531,423.2808560272947,7.9333753251138575,0.9401056485815832,93.43814729091736,86.55592464871908,-0.0137147420566687,0,0.3918756602941176,0.0832731032352941,0.5248512357058823,0.7819748111764706,0.3086025612117647,17
2024-03-25,MSFT,415.5676574707031,420.03920955948905,414.3392140382831,417.9066185646381,18060500,-5.778656005859375,-0.0137147420566687,409.7236415207013,401.33521484375,352.90243911743164,57.82697922515331,6.943146833728718,240974600.0,5.512083632106453,0.986735265756483,4.52534836634997,391.6354761821462,407.88401947021487,424.13256275828354,7.967237014665734,0.7364408262410318,88.18989635096166,89.98132560784381,-0.0028614292047606,0,0.27774075982380947,0.1097657277285714,0.6124935084642856,0.8284347618333333,0.1679750329161905,37
2024-03-26,MSFT,414.3785400390625,418.6436921137748,414.08372560652526,418.2702405050307,16725600,-1.189117431640625,-0.0028614292047606,410.16696518911664,402.0014642333985,353.3856225585937,56.56292865356246,6.772919667551631,224249000.0,5.205964529130256,0.5444929302242283,4.661471598906028,392.4723086748338,408.58030090332034,424.68829313180686,7.884859937140265,0.6799801941016629,79.33973166558995,86.98925843582298,-0.0005217862898866,0,0.598621994,0.0199349406928571,0.3814430471428571,0.7822215207142857,0.5786870621428571,14
2024-03-27,MSFT,414.1623229980469,417.1302615081193,411.7840733216957,417.1204243635022,16705000,-0.216217041015625,-0.0005217862898866,410.5474754566338,402.628076171875,353.8602519226074,56.32184891942021,6.671010276042486,207544000.0,4.889552310943884,0.1824645696302846,4.707087741313599,393.3974816088858,409.2539794921875,425.1104773754892,7.74897676155857,0.6547738832995494,70.88899407954261,79.47287403203138,-0.0016846616650717,0,0.3708897412388889,0.20228568285,0.4268245808333333,0.8368226011111112,0.1686040609444444,18
2024-03-28,MSFT,413.464599609375,414.5947616282559,411.89218593509474,413.70045116356334,21871200,-0.697723388671875,-0.0016846616650717,410.8252968045139,403.25642822265627,354.30667739868164,55.4997988500978,6.387550662979532,185672800.0,4.53027076072209,-0.1414535844732078,4.6717243451952974,393.69650443261,409.60187377929685,425.5072431259837,7.7662580983489695,0.6214283600048169,67.68151380055399,72.63674651522884,0.0091510382622075,1,0.4114257104210526,0.0424138009736842,0.5461604912631579,0.8089520042105264,0.369011912,19
2024-04-01,MSFT,417.2482299804688,420.5109832500247,414.9387501061958,416.6389267777452,16316000,3.78363037109375,0.0091510382622075,411.4370047260334,403.8741302490234,354.76010299682616,58.99497117855645,6.434610161384541,201988800.0,4.498983413248482,-0.1381927455574532,4.637176158805935,393.81307593660887,410.0475570678711,426.2820381991333,7.91834061753724,0.7217709594281878,69.35239951360661,69.30763579790106,-0.0073723028673113,0,0.2606907121059028,0.13842801477708333,0.6008812714774305,0.7793137812152777,0.1222626986510416,37
2024-04-02,MSFT,414.1721496582031,415.0959414899842,410.6342266844982,412.8650690915943,17912000,-3.076080322265625,-0.0073723028673113,411.6974947195734,404.3361407470703,355.18325103759764,55.19909343435109,6.4474239567121145,184076800.0,4.177814743072702,-0.367489132586587,4.545303875659289,394.0735203929296,410.36793365478513,426.6623469166407,7.941367697390766,0.6167337523077153,63.79918340825031,66.94436557413695,-0.0023490978546144,0,0.4501508945,0.0195775196666666,0.5302715781111111,0.8378428244444445,0.4305733679499999,18
2024-04-03,MSFT,413.19921875,415.9607570118389,411.86265678472216,412.4916341780983,16502300,-0.972930908203125,-0.0023490978546144,411.84051605580447,404.8210681152344,355.5489779663086,54.01528105943164,6.279615118883873,167574500.0,3.800963721134565,-0.5954721236197793,4.396435844754344,396.3745623344202,411.2425827026367,426.1106030708532,7.230778617576834,0.5658001535815091,56.01663424858,63.05607239014562,-0.0061123899828888,0,0.3933397265,0.1389849217272727,0.4676753432727272,0.7608544868181819,0.2543548112727273,22
2024-04-04,MSFT,410.673583984375,421.27751676074166,410.3689323931849,417.66095627375125,19370900,-2.525634765625,-0.0061123899828888,411.72937966804926,405.20859497070313,355.9302600097656,50.95998399090108,6.610255779503367,148203600.0,3.260919107587484,-0.9084133897334894,4.169332497320973,399.0972288013202,412.0184677124024,424.9397066234845,6.272164926403943,0.4479584064158936,40.76326269067044,53.52636011583356,0.0182827433730907,1,0.4920034740714286,0.1049678967857142,0.4030286232142857,0.7824677821428571,0.3870355714999999,14
2024-04-05,MSFT,418.1818237304688,419.15477140454254,411.1060069616712,412.7668650207588,16554800,7.50823974609375,0.0182827433730907,412.3438981501844,405.6744812011719,356.3699885559082,58.47893940497529,6.743893753836523,164758400.0,3.399593659538482,-0.6157910702259928,4.015384729764475,400.4853032984647,412.8233413696289,425.1613794407931,5.977393637787116,0.7171529350911716,46.53737929770733,47.77242541231923,-0.0021856556477998,0,0.3780342493571428,0.14147344725,0.4804922952142857,0.8043116092857143,0.2365607921428571,14
2024-04-08,MSFT,417.267822265625,419.91143485729225,416.0000602813901,417.837836797393,14272400,-0.91400146484375,-0.0021856556477998,412.812843304036,406.0767681884765,356.82707778930666,57.32666210818383,6.541570955412638,150486000.0,3.396588206925287,-0.4950372182713503,3.891625425196637,402.9612769331321,413.7260009765625,424.4907250199929,5.203793823942036,0.6645105473569506,52.10942606219852,46.47002268352541,0.0039804631481883,1,0.3160004761190476,0.10272353940476191,0.5812759889603174,0.7977802886507938,0.2132769353253968,24
2024-04-09,MSFT,418.9287414550781,420.3635551563133,414.3491001983128,419.0859858319844,12496900,1.660919189453125,0.0039804631481883,413.39530979461136,406.5307147216797,357.2624325561524,58.911075785391645,6.503919812740342,162982900.0,3.4880209277467884,-0.3228835979598794,3.810904525706668,406.7735283606872,414.7952423095703,422.81695625845344,3.867794579425943,0.7576443869631703,64.61113942457867,54.41931492816148,-0.0070846333738288,0,0.55956062775,0.12167404803125,0.3187653153124999,0.782140396875,0.437886581875,16
2024-04-10,MSFT,415.9607849121094,416.7174952724338,412.4621804028437,414.90923013212864,16216600,-2.96795654296875,-0.0070846333738288,413.63964075818257,406.811708984375,357.70585540771486,54.98254192643458,6.501251329847061,146766300.0,3.2831466579798416,-0.4222062941814615,3.705352952161303,407.7652029557755,415.1873626708984,422.60952238602135,3.575330264089059,0.5521022364713509,55.95998054399899,57.5601820102587,0.0110333646534832,1,0.4468682614347826,0.1303069026608695,0.4228248201304347,0.8320104339130434,0.3165613579565217,23
2024-04-11,MSFT,420.55023193359375,421.9654011694112,415.07628079166767,418.4766338120234,17966400,4.589447021484375,0.0110333646534832,414.2977922986979,407.20666259765625,358.20358352661134,59.48208247332693,6.528956261839663,164732700.0,3.451327586138632,-0.2032202928181372,3.654547878956769,408.83565555659,415.8177978515625,422.799940146535,3.358270055321188,0.8388955625724538,64.32500753376756,61.63204250078172,-0.0140909786881403,0,0.4540974587333333,0.0281001833333333,0.5178023529333333,0.7829566666666667,0.4259972790466667,15
2024-04-12,MSFT,414.624267578125,417.8477023048313,412.53099493709567,416.73718451939897,19253800,-5.92596435546875,-0.0140909786881403,414.3288851824529,407.6990997314453,358.6425221252441,52.22372425467796,6.635404885743835,145478900.0,3.07103540079953,-0.466809982525791,3.5378453833253216,408.7212319555108,415.65466156005857,422.5880911646064,3.336149089980047,0.4256937734495987,54.64471246173455,58.30990017983368,-0.0195780959912288,0,0.5856146263846154,0.1829372669230769,0.231448100076923,0.8093416446153847,0.4026773590769231,13
2024-04-15,MSFT,406.5067138671875,419.4594150607099,406.30031376342345,419.2432078029309,20273500,-8.1175537109375,-0.0195780959912288,413.58391648576094,407.90754760742186,359.0346203613281,44.25691856379353,7.101383200854022,125205400.0,2.0905339863331847,-1.15784911759371,3.2483831039268947,408.0012801781556,415.5180603027344,423.0348404273132,3.6180281160834777,-0.099415327187838,40.76949375377252,53.24640458309151,0.0022723771607064,1,0.3198180777575757,0.08441984813030301,0.5957620735530303,0.7779618941477273,0.23539823221666664,31
2024-04-16,MSFT,407.4304504394531,411.1845807766568,406.59513289625886,407.4206432860486,16765600,0.923736572265625,0.0022723771607064,412.9978721003983,407.9885064697266,359.43524520874024,45.27990732025442,6.928274894326545,141971000.0,1.3721995108341505,-1.500946874474196,2.8731463853083463,407.4027872253367,415.3834213256836,423.36405542603046,3.842538575505464,0.0017331463746246,15.075680152632865,36.82996212271329,-0.0066090261612872,0,0.4228680103333334,0.0924592719047619,0.4846727098095237,0.8056023695238095,0.3304087395238095,21
2024-04-17,MSFT,404.73773193359375,411.6563341009439,403.25376259314334,410.0544389834795,15855500,-2.692718505859375,-0.0066090261612872,412.21119208451216,408.1248889160156,359.7955909729004,42.813374773405975,7.033581795288972,126115500.0,0.5789604881287573,-1.835348717743672,2.4143092058724287,405.6847230604577,414.9131713867188,424.14161971297983,4.448375690469323,-0.0513082532070502,5.487558282320429,20.444244062908584,-0.0183809230966897,0,0.2676544956153846,0.085017923876923,0.6473275866153846,0.8136628115384615,0.182636578,13
2024-04-18,MSFT,397.29827880859375,404.7868957018634,396.9838200607476,403.54861503604855,21029900,-7.439453125,-0.0183809230966897,410.7909146296629,408.1156213378906,360.13119491577146,36.84217829962007,7.0885456414194605,105085600.0,-0.6425815651376183,-2.445512616808037,1.80293105167042,402.0005798200573,413.8832443237305,425.7659088274036,5.74203699552465,-0.1978639138557697,5.467952316874544,8.677063583942592,-0.0127390125104945,0,0.3119664415,0.1599412274375,0.5280923178125,0.809677055625,0.1520252188125,16
2024-04-19,MSFT,392.2370910644531,398.4874271893145,390.91036608589934,397.0624207324797,30565800,-5.061187744140625,-0.0127390125104945,409.0238838139286,407.8371929931641,360.44071105957033,33.426557351676536,7.123439602990584,74519800.0,-1.996048787996984,-3.039183871733922,1.0431350837369389,397.8020737077483,412.3968276977539,426.9915816877595,7.078014674110004,-0.1906501009577163,4.48722161824676,5.147577405813892,0.0046101927008264,1,0.378033743125,0.159766070625,0.4622001874999999,0.805800695,0.218267681875,16
2024-04-22,MSFT,394.0453796386719,395.9028007169284,388.9252352238132,393.18055056464544,20286900,1.80828857421875,0.0046101927008264,407.5973596067613,407.59375427246096,360.74402923583983,35.71955299936946,7.113020023713768,94806700.0,-2.889459645707064,-3.146075783555202,0.2566161378481384,395.0039956261947,411.0317810058594,427.0595663855241,7.798805893034442,-0.0299048173161548,7.009221061937839,5.654798332353029,0.0164854164848278,1,0.29096906714549914,0.16200609816399283,0.5470248330381017,0.8638716137321746,0.1289629680614973,53
2024-04-23,MSFT,400.5413818359375,401.1605221597847,396.10914808184776,397.2687915502586,15734500,6.496002197265625,0.0164854164848278,406.9253617238257,407.3538885498047,361.099609375,43.27775867977439,7.11317163067084,110541200.0,-3.038297496886571,-2.635930907787768,-0.4023665890988035,393.7720792207433,410.2804672241211,426.78885522749886,8.047367263214046,0.2050261543952422,18.308850980554528,9.935097886913022,0.0036557119499212,1,0.3898629434,0.064200617772,0.5459364268,0.8365459552,0.3256623266,25
2024-04-24,MSFT,402.0056457519531,405.3568429660157,399.7649661766944,402.4970231148721,15065300,1.464263916015625,0.0036557119499212,406.4568173455521,407.2470928955078,361.488837890625,44.85184549786085,7.004507713431583,125606500.0,-3.0034764981355124,-2.0808879272293668,-0.9225885709061454,392.88887753103256,409.6618225097656,426.43476748849866,8.188678591514694,0.2717700508908842,30.081266948656094,18.4664463303828,-0.0244949468686558,0,0.4472214788636364,0.0515085666590909,0.5012699618636364,0.8346664440909091,0.3957129118181818,22
2024-04-25,MSFT,392.1585388183594,392.993886513837,381.3383973548316,387.23492698224936,40586500,-9.84710693359375,-0.0244949468686558,405.09507653343854,407.1187463378906,361.82570495605466,37.34608996289487,7.980417762266578,85020000.0,-3.7274916362880495,-2.243922452305524,-1.4835691839825265,390.29384456911725,408.5616333007813,426.8294220324452,8.942488595455227,0.0510377658903511,33.79331808779803,27.394478672336195,0.0182435346982716,1,0.3450884747083333,0.2807555985833333,0.374155928625,0.8719411979166667,0.0643328715208333,24
2024-04-26,MSFT,399.3128967285156,405.8776909237546,398.7625564960581,405.0620177192778,29694700,7.15435791015625,0.0182435346982716,404.5443927424935,407.056439819336,362.17524017333983,44.59997621164491,8.390327358204338,114714700.0,-3.681543416807756,-1.7583793862601835,-1.9231640305475723,389.30655754176775,407.8540481567383,426.4015387717088,9.095160731538314,0.2697491373488366,36.82168046423672,33.56542183356359,-0.0100166721629141,0,0.4339204054545454,0.2110345533030302,0.3550450332727273,0.8273547878787878,0.2228858531666666,33
2024-04-29,MSFT,395.3131103515625,399.3129295050505,392.3058831233316,398.2613746922827,19582100,-3.999786376953125,-0.0100166721629141,403.66522299097625,406.9717266845703,362.4781077575684,41.69365665066406,8.29152157416967,95132600.0,-3.922660466751779,-1.5995971489633654,-2.3230633177884137,387.9689232423528,406.75729217529295,425.5456611082331,9.23812273036928,0.1954450419677924,35.091072290358674,35.23535694746445,-0.0321192840302556,0,0.3165550332986295,0.07963500649071617,0.6038099517326482,0.8100213889257294,0.23692002723044872,50
2024-04-30,MSFT,382.6159362792969,395.2246979226767,382.45872189410846,394.5662389705951,28781400,-12.697174072265623,-0.0321192840302556,401.6605290184354,406.6822076416016,362.7048878479004,34.097609802746405,8.61744063726141,66351200.0,-5.0797471359571205,-2.205347054534965,-2.874400081422156,383.99906952420775,405.17948150634766,426.3598934884876,10.454829500939615,-0.0326512356340657,27.26163075059311,33.05812783506281,0.0144092641956858,1,0.3803571752608696,0.1346110402391304,0.4850317724347825,0.8031096591304347,0.2457461363913043,23
2024-05-01,MSFT,388.129150390625,394.792226173252,383.5789912516123,385.83931510454033,23562500,5.513214111328125,0.0144092641956858,400.3718262919773,406.52791564941407,362.95684020996094,39.27123065189162,8.871644155596671,89913700.0,-5.488607108522444,-2.0913656216802314,-3.397241486842213,381.8442143545317,403.9259780883789,426.0077418222261,10.933569481394294,0.1423105534468627,18.451941639599934,26.93488156018389,0.007343011000914,1,0.4206203538571428,0.1604972514285714,0.418882407047619,0.8444919428571428,0.2601230976999999,21
2024-05-02,MSFT,390.9791870117188,393.0331410549717,387.84419663220166,390.8022983361386,17709400,2.85003662109375,0.007343011000914,399.4772892176669,406.4426135253906,363.1558332824707,41.81419764974748,8.608594174680483,107623100.0,-5.519037418011806,-1.6974367449356738,-3.821600673076132,380.3992210725492,402.9412582397461,425.483295406943,11.188746104418328,0.2346719123186762,15.416062266283296,20.37654488549209,0.0221696639749926,1,0.4575197775714286,0.1872148877142856,0.3552653252142857,0.7784487092857143,0.2703048971428571,14
2024-05-03,MSFT,399.6470642089844,400.1286044561088,394.9298232492529,395.3425934548566,17446700,8.667877197265625,0.0221696639749926,399.4934582644591,406.3445349121094,363.4197058105469,48.83186565704094,8.647224408231162,125069800.0,-4.788529224034846,-0.7735428407669716,-4.014986383267875,380.55704039978406,402.0145202636719,423.4720001275597,10.674977535544926,0.4448337812803482,34.497508421202234,22.78850410902847,0.0169183090396149,1,0.2778049056666666,0.1249846996666666,0.5972103940833333,0.8602176166666666,0.1528202000833333,12
2024-05-06,MSFT,406.4084167480469,406.7916755135943,399.3620518377186,401.7108501382599,16996600,6.7613525390625,0.0169183090396149,400.1520257390865,406.407431640625,363.7574864196777,53.53913055287485,8.56025292734863,142066400.0,-3.6222564567028144,0.3141839412520486,-3.936440397954863,381.06143494407695,401.47154998779297,421.881665031509,10.167652001411607,0.620941669110628,56.12308029066897,35.34555032605148,-0.0101561958524136,0,0.4183690694861111,0.060615315875,0.5210156175,0.8358667624999999,0.35775374652499997,26
2024-05-07,MSFT,402.2808532714844,407.5189532422579,402.03516456718575,407.50911609687097,20018200,-4.1275634765625,-0.0101561958524136,400.3547712183625,406.4428106689453,364.089771118164,50.485738088288905,8.340505480757454,122048200.0,-2.996495033627639,0.7519562914617799,-3.748451325089418,381.8513520384466,400.63915557861327,419.4269591187799,9.378915304987007,0.5436905168121783,74.3572285532728,54.99260575504798,0.0029315110622192,1,0.2867103360666666,0.2321750595133333,0.4811145972,0.8230945326666667,0.0545352751866666,15
2024-05-08,MSFT,403.4601440429688,405.1210019721616,399.6961765499289,401.1310200807253,11792300,1.179290771484375,0.0029315110622192,400.65052101118215,406.5029553222656,364.4214070129394,51.33962158470561,8.132242619434257,133840500.0,-2.378003543366276,1.0963582253785145,-3.4743617687447905,382.51955204171577,400.0141235351563,417.5086950285968,8.746976901130816,0.5984882798959822,82.39321580196538,70.9578415486357,0.004335815170618,1,0.5871357275263157,0.0647189926736842,0.3481452756315789,0.8437496336842105,0.5224167342105264,19
2024-05-09,MSFT,405.20947265625,405.60256858412407,402.045000951224,403.48965172941627,14689700,1.74932861328125,0.004335815170618,401.084706882141,406.5933697509765,364.7331176757813,52.644218950529776,7.805480120396098,148530200.0,-1.7267831012944157,1.3980629339603,-3.124846035254716,384.25513360849976,399.24708557128906,414.2390375340784,7.510112160912622,0.6988529278829018,85.22263391964519,80.65769275829443,0.0058692245402587,1,0.3707623671538461,0.1589463295384615,0.4702913083076923,0.8325411430769231,0.211816025,13
2024-05-10,MSFT,407.5877380371094,408.2167155386998,404.6984363706866,405.81879129865774,13402300,2.378265380859375,0.0058692245402587,401.70404318261416,406.614990234375,365.1212432861328,54.43287264379703,7.499251480940179,161932500.0,-1.0071700396448475,1.6941407964878945,-2.701310836132742,385.0791363533383,398.8952590942383,412.71138183513824,6.927193254826795,0.8145773639205844,91.11180191143512,86.24255054434855,-0.0024593744981126,0,0.5054447088461539,0.0876255955384615,0.4069296943076923,0.7524070169230769,0.4178191219230769,13
2024-05-13,MSFT,406.5853271484375,411.1354867839949,403.7353441559508,410.80135374265615,15440200,-1.002410888671875,-0.0024593744981126,402.1689273698354,406.580005493164,365.53879180908206,53.51538118973746,7.492172277161883,146492300.0,-0.5118573124955788,1.7515628189097303,-2.2634201314053093,385.0743654782368,398.8991897583008,412.7240140383648,6.931487771855668,0.7779831856966336,91.18935529757792,89.17459704288608,0.0068645261858675,1,0.3760204629185185,0.0612552676718518,0.5627242688888889,0.8048158117777778,0.3147651941333333,23
2024-05-14,MSFT,409.3763427734375,410.29029755221785,404.45273155985166,404.9146275219176,15109300,2.791015625,0.0068645261858675,402.8553478844642,406.6122399902344,365.9329298400879,55.75172363632017,7.373986113962191,161601600.0,0.1046864673222103,1.894485278982016,-1.7897988116598054,384.9079937992338,398.996484375,413.0849749507663,7.061962261564716,0.8683807836835263,92.1618931823582,91.4876834637904,0.0174839150992764,1,0.5015385264285714,0.017664191,0.4807972767857142,0.771164195,0.4838743275,14
2024-05-15,MSFT,416.5338439941406,417.2525598208021,410.8137421375517,411.433999213995,22239500,7.157501220703125,0.0174839150992764,404.1580617996715,407.0287921142578,366.37482208251953,60.94128688759498,7.4098597520623635,183841100.0,1.1575093384341244,2.357846520075144,-1.200337181641019,383.7113570369909,399.58628997802737,415.4612229190639,7.9456844937845235,1.0337834836550412,92.25337696472228,91.8682084815528,-0.0049400024807713,0,0.4387871362857142,0.1568536027857142,0.4043592482857143,0.7552132121428572,0.2819335355,14
2024-05-16,MSFT,414.4761657714844,418.8376448328751,413.8460838814957,415.2736305334928,17530100,-2.05767822265625,-0.0049400024807713,405.1407383684156,407.4151977539062,366.8043745422363,58.80599728657963,7.237124123442154,166311000.0,1.805034301305,2.404297186356815,-0.5992628850518156,383.3467230186761,400.4451843261719,417.5436456336677,8.539726273031532,0.9102995349400652,93.34719565624162,92.58748860110734,-0.0018527333578518,0,0.2634243258571428,0.0757582194285714,0.6608174747142856,0.8343109521428571,0.1876661019071428,14
2024-05-17,MSFT,413.708251953125,416.37634285020215,411.56198942365705,416.0022176294818,15352200,-0.767913818359375,-0.0018527333578518,405.9566920431498,407.64767578125,367.27326568603513,57.989389706272746,7.064069073663793,150958800.0,2.2305261550662863,2.2638312320944816,-0.0333050770281951,383.92742334212807,401.5187423706055,419.1100613990829,8.762389981905486,0.8464637746261874,90.61514277283996,92.07190513126794,0.0122081893176295,1,0.509807249,0.0881445059384615,0.4020482384615385,0.8978560169230769,0.4216627406923077,13
2024-05-20,MSFT,418.7588806152344,420.1667475860199,413.49165301735496,413.7082502471213,16272100,5.050628662109375,0.0122081893176295,407.175948097634,408.0385607910157,367.7715130615234,61.75143936339028,7.036285180449588,167230900.0,2.9413687696051625,2.379739077306686,0.5616296922984764,384.0028527623001,402.7544174194336,421.5059820765671,9.311661819766146,0.9267500736188526,90.02105038329042,91.32779627079064,0.0086990196905076,1,0.3563377611153846,0.04658884211666663,0.5970733977153846,0.8198334534615385,0.30974891607179483,33
2024-05-21,MSFT,422.4016723632813,426.27085809319817,418.27649987771593,420.2258450310574,21453300,3.642791748046875,0.0086990196905076,408.62601707531473,408.5357159423828,368.2825036621094,64.2388666580383,7.104718968666205,188684200.0,3.7553699458590017,2.55499220284842,1.2003777430105815,383.2788667518402,403.8474319458008,424.4159971397613,10.186304810635008,0.9510339015511028,90.6610550373474,90.4324160644926,0.0034495419419247,1,0.38856151425,0.17882798675,0.432610509125,0.8056565662499999,0.209733523125,16
2024-05-22,MSFT,423.8587646484375,425.71953602839017,420.521232077242,423.4354250381628,18073700,1.45709228515625,0.0034495419419247,410.0767549394217,408.8505236816407,368.7893992614746,65.21337375906243,6.968546467414916,206757900.0,4.466559198482173,2.612945164377273,1.8536140341049,382.6308400746739,404.940087890625,427.2493357065761,11.018542487192258,0.924009740576857,92.79559644161468,91.15923395408414,-0.0081762522352214,0,0.6723986195,0.01146699855,0.31613439755,0.8024039085,0.6609316195,20
2024-05-23,MSFT,420.3931884765625,426.89107515061806,418.837648446434,426.2708180980622,17211700,-3.465576171875,-0.0081762522352214,411.05927241914935,409.0995568847656,369.2987976074219,60.95855128262859,7.046037912898431,189546200.0,4.696401577014797,2.274230034327917,2.4221715426868795,383.8836952201812,406.35182037353513,428.8199455268891,11.058459210395744,0.8124730703427497,86.21031335456466,89.88898827784222,0.0074005600109876,1,0.5952968586666666,0.06335623325,0.341346905,0.7933608838888888,0.5319406163,18
2024-05-24,MSFT,423.50433349609375,424.3904021961967,417.8433006318776,420.58028575397856,11855300,3.11114501953125,0.0074005600109876,412.2445163312393,409.2119036865234,369.8424099731445,63.27506713474752,7.010399602285623,201401500.0,5.0711397774001625,2.119174587770626,2.9519651896295365,384.1541958004297,407.5613922119141,430.9685886233984,11.486464056101603,0.8405564041910962,85.41545393041797,88.14045457553242,0.0003719719630277,1,0.1810046777499999,0.1614098753083333,0.6575854733333334,0.8655779233333334,0.0195948005,12
2024-05-28,MSFT,423.661865234375,424.1541289660439,419.999421868943,422.9825388810405,15718000,0.15753173828125,0.0003719719630277,413.3318828934427,409.5003662109375,370.38339126586914,63.393507561270674,6.8064215662009975,217119500.0,5.319513950244243,1.8940390084917649,3.425474941752478,385.27859178393874,408.9788299560547,432.6790681281707,11.589958421399269,0.8097655637822938,84.02277278079262,85.21618002192507,-0.0026724913402089,0,0.3606390276420139,0.0668260127394097,0.5725349550350695,0.8155763090104167,0.2938130168246528,41
2024-05-29,MSFT,422.5296325683594,424.27223522977,419.1034664398289,419.1034664398289,15517100,-1.132232666015625,-0.0026724913402089,414.20785905295855,409.7484942626953,370.9280891418457,61.849576234704536,6.68944636789672,201602400.0,5.3631673037562,1.550153889602977,3.813013414153223,389.9152014961964,410.9745147705078,432.0338280448193,10.248476495468925,0.7743469753106026,86.03941198537962,85.15921289886337,-0.033786187246627,0,0.3761164916666666,0.1652096343388888,0.4586738619444444,0.8215893338888889,0.2109068501738888,18
2024-05-30,MSFT,408.25396728515625,417.7349403773821,407.8305976923989,417.7349403773821,28394500,-14.275665283203123,-0.033786187246627,413.6408217417393,409.63071899414064,371.3866088867188,46.4791281143656,7.261559832758417,173207900.0,4.197450423616829,0.3075496075708845,3.889900816045944,393.6356545244992,411.9807556152344,430.3258567059696,8.905804866219725,0.398425516663948,63.36196241691334,77.8080490610285,0.0011093863458693,1,0.3137887156157894,0.2015499548631579,0.4846613348947368,0.7876586289473684,0.1122387565789473,19
2024-05-31,MSFT,408.7068786621094,410.3018082986228,398.25120211572766,410.3018082986228,47995300,0.452911376953125,0.0011093863458693,413.1709224008222,409.4469201660156,371.8580415344238,46.92973992839534,7.603634572053897,221203200.0,3.272434967268908,-0.4939726790216294,3.7664076462905367,397.1403954355348,412.8671401977539,428.59388495997297,7.618307794941653,0.3677329098123709,46.15587397697099,65.18574945975463,-0.0038782880606297,0,0.2834930187692308,0.1079819882307692,0.6085249659230769,0.8699532384615385,0.1755110403846154,13
2024-06-03,MSFT,407.1217956542969,409.9867742472408,402.5929932498963,409.1007055179186,17484700,-1.5850830078125,-0.0038782880606297,412.5948150916293,409.15004760742187,372.32536651611326,45.4863491115328,7.588645031003222,203718500.0,2.3839696835553355,-1.1059503701881614,3.489920053743497,398.4618544860852,413.2408767700196,428.0198990539539,7.1527397770764605,0.2929808549522767,28.99811732852284,46.171984574135706,0.006166529503581,1,0.4027386420615384,0.07597942107811963,0.5212819418854701,0.780941849008547,0.3267592222290598,33
2024-06-04,MSFT,409.63232421875,409.9965945509901,403.341179685009,406.04863004617806,14348900,2.510528564453125,0.006166529503581,412.3126731037361,408.9157678222657,372.8224734497071,48.2036206119027,7.521985733501635,218067400.0,1.8609809885387565,-1.303151252163793,3.164132240702549,398.85616577138535,413.4020721435547,427.947978515724,7.037171486222368,0.3704189402725246,35.7396744864105,36.96455526396809,0.0190832307221009,1,0.5151513365882353,0.0267542355,0.4580944319411765,0.8472725647058824,0.4883971035411765,17
2024-06-05,MSFT,417.4494323730469,417.51832644992857,409.858705215808,411.3453510614717,16988000,7.817108154296875,0.0190832307221009,412.80188827224185,408.9534033203125,373.3606239318848,55.62129883428169,7.54798691190713,235055400.0,2.053611225680129,-0.8884168120179363,2.942028037698065,400.45566773978936,414.1605010986328,427.8653344574763,6.618126703289675,0.619991655071521,45.91494504980409,36.88424562157912,0.0012027940966079,1,0.3885029265,0.0850286339666666,0.5264684393333333,0.7824332133333334,0.3034742845833333,12
2024-06-06,MSFT,417.9515380859375,418.7293231019465,414.0724979392672,417.44944957036887,14861300,0.502105712890625,0.0012027940966079,413.2923311116415,409.02486328125,373.8748530578613,56.0566060919056,7.341475358390856,249916700.0,2.22118339169748,-0.5766757168004686,2.7978591084979483,402.01272383355473,414.8850708007813,427.75741776800777,6.205259178105032,0.6191106521974428,58.51944975372664,46.72468976331373,-0.0015781899897162,0,0.3843194402647059,0.3410080280588236,0.2746725487647059,0.8877875182352941,0.0433114181741176,17
2024-06-07,MSFT,417.29193115234375,419.6843254469309,416.4550768800314,419.60557647742206,13621700,-0.65960693359375,-0.0015781899897162,413.6732454012322,409.087455444336,374.3829454040528,55.28935489272782,7.047744873284328,236295000.0,2.2745412775874456,-0.4186542647284019,2.693195542315848,403.3783467745647,415.489193725586,427.6000406766072,5.829680835944906,0.5744265629831028,67.43430181360655,57.28956553904575,0.0094844733242833,1,0.4077695710625,0.1105852115,0.481645205625,0.83925713875,0.2971843626875,16
2024-06-10,MSFT,421.2497253417969,421.45646767892094,417.33132559781046,418.1287903721088,13982900,3.957794189453125,0.0094844733242833,414.3948149193812,409.2431579589844,374.88860427856446,58.9223825155149,6.841801419948105,250277900.0,2.6061466645221003,-0.0696391022349978,2.675785766757098,404.38432212882657,416.1722930908203,427.960264052814,5.664947502606215,0.7153649795773602,71.85738120845384,65.93704425859566,0.0112417775448578,1,0.3999234337777778,0.11153061796351006,0.4885459512828283,0.8017693945580807,0.28839281136868683,36
2024-06-11,MSFT,425.9853210449219,426.1231693068597,418.670289453605,418.8967415787632,14551100,4.735595703125,0.0112417775448578,415.4986726456231,409.41789978027344,375.4523515319824,62.81572960796691,6.885449879470007,264829000.0,3.2140200959649405,0.4305874633662738,2.7834326325986667,405.4773974968524,417.1422927856445,428.8071880744367,5.592765581689094,0.8790444766261163,81.20772871080631,73.49980391095555,0.0193676525592987,1,0.4557919762608695,0.1183332226652173,0.425874792,0.8248176965217391,0.3374587585217391,23
2024-06-12,MSFT,434.2356567382813,436.5394472705752,426.5465000753495,428.5844790234761,22366200,8.250335693359375,0.0193676525592987,417.2831473211144,409.819169921875,376.0426173400879,68.42978947601141,7.147498189911675,287195200.0,4.311793636355219,1.2226888030052416,3.0891048333499773,405.1087924813882,418.38525848388673,431.66172448638525,6.346526668080415,1.096935895870618,90.37431112536426,81.14647368154145,0.001178997815312,1,0.585447024923077,0.1195508945192307,0.295002083076923,0.8318172938461538,0.4658961251153846,26
2024-06-13,MSFT,434.7476196289063,436.52964196122593,432.57182236972,434.0289338170149,15960600,0.511962890625,0.001178997815312,418.9464303980469,410.2501379394531,376.6319186401368,68.74513519966555,6.919664004311266,303155800.0,5.163575716125592,1.6595767062204918,3.5039990099051006,404.2690727199251,419.295947265625,434.3228218113249,7.16766982542779,1.0141346031834315,95.38021122741266,88.98741702119439,0.0022419223617329,1,0.3556859055,0.20598088,0.4383332163571429,0.8038559621428571,0.1497050237142857,14
2024-06-14,MSFT,435.7222900390625,436.2834778568933,429.9627988535268,431.4986591636175,13582000,0.97467041015625,0.0022419223617329,420.5441313162389,410.75111206054686,377.2030390930176,69.37236532459937,6.876879361386643,316737800.0,5.849833666429674,1.8766677252196589,3.973165941210016,403.90796870031056,420.3582534790039,436.8085382576973,7.826792809488635,0.966983908386751,95.72299071111148,93.8258376879628,0.0131053580718751,1,0.661377639,0.01306982883,0.3255525291,0.78982145,0.6483078125,10
2024-06-17,MSFT,441.4325866699219,443.9628295346212,433.9009573670922,435.7420189694067,20790000,5.710296630859375,0.0131053580718751,422.5335080165897,411.216127319336,377.800850982666,72.81453040235785,7.1043788475396665,337527800.0,6.77635761894237,2.242553342185884,4.533804276756486,403.2267359642734,421.7444702148438,440.2622044654141,8.781494747820693,1.0316016578667473,95.88356985749472,95.6622572653396,-0.0045275230052299,0,0.41603885967407406,0.09699428560899466,0.4869668592846561,0.8341267887089948,0.3190445717809523,31
2024-06-18,MSFT,439.4339904785156,443.1752129183503,438.0064436641029,442.7518432687409,17112500,-1.99859619140625,-0.0045275230052299,424.1430777748684,411.6594506835938,378.39371139526367,69.8553661024524,6.966121019447368,320415300.0,7.26561107508445,2.185445438662372,5.080165636422079,402.7924068236971,422.7782257080078,442.76404459231856,9.454516656264108,0.9166895754164696,94.14104516158407,95.2492019100634,-0.0014339513255194,0,0.5268465129615385,0.0819973916923077,0.391156085576923,0.8520389042307692,0.444849117576923,26
2024-06-20,MSFT,438.8038635253906,439.6210080275433,434.4423844149745,439.3945559147101,19877400,-0.630126953125,-0.0014339513255194,425.5393430844419,412.056953125,378.9790158081055,68.90457141565301,6.8384426332417565,300537900.0,7.515863785771671,1.9485585194796733,5.5673052662919975,402.43047064225976,423.5983352661133,444.7661998899668,9.99430963795239,0.859165379443674,91.09048862771004,93.7050345489296,0.0091541496203593,1,0.4707106007189542,0.1294879915302287,0.39980141278921566,0.8434085079901961,0.34122261161830064,35
2024-06-21,MSFT,442.82073974609375,443.6083496603445,439.60134591371855,440.4578799579492,34187100,4.016876220703125,0.0091541496203593,427.1851903855516,412.5941522216797,379.5604693603516,71.5618293085448,6.693160026221195,334725000.0,7.946714425303242,1.903527327208996,6.043187098094246,401.77870401022193,424.5464340209961,447.3141640317703,10.725672475980897,0.9013203274206484,92.01533720867504,92.41562366598971,-0.0046911342593389,0,0.387526211,0.2152029990833333,0.3972708025,0.7765188691666666,0.1723232118,12
2024-06-24,MSFT,440.743408203125,445.74479433203504,439.5028940256874,442.8404263927747,15913700,-2.07733154296875,-0.0046911342593389,428.47644922532055,412.9980157470703,380.134815826416,68.31074501198975,6.66092718908737,318811300.0,8.028001561960878,1.5878515710933048,6.440149990867573,401.8311255322776,425.5639450073242,449.2967644823708,11.153585614325548,0.8197989857833988,91.38623556328376,91.4973537998896,0.007326751731721,1,0.3381103186262626,0.1216135512171717,0.5402761343232323,0.7742421462424242,0.21649676495151512,32
2024-06-25,MSFT,443.9726257324219,444.4353547941903,439.83759879553867,441.3143898379412,16413400,3.229217529296875,0.007326751731721,429.9522755593302,413.5849829101562,380.7398457336426,70.5505018156743,6.513557818341959,335224700.0,8.257802266101464,1.454121820187113,6.803680445914352,401.5676730572208,426.5873596191406,451.60704618106047,11.730158429568826,0.8474317328127876,93.50209492685131,92.30122256627004,0.0026832379084684,1,0.3738813345263158,0.0182923574,0.6078263152631579,0.8798959931578947,0.3555889762105263,19
2024-06-26,MSFT,445.1639099121094,446.5816317625772,441.25533495755695,442.05279974277113,16507000,1.1912841796875,0.0026832379084684,431.4010026405472,414.3581268310547,381.329490814209,71.35484749019768,6.4287534602475525,351731700.0,8.438770760704017,1.3080722518317316,7.130698508872285,401.4199909883801,427.66246185302737,453.9049327176746,12.272515455736151,0.8334565588231102,92.96865723926886,92.6189959098013,0.0015259340579034,1,0.4661450626666666,0.06463818925,0.4692167493333333,0.8440770138888889,0.4015068712222222,18
2024-06-27,MSFT,445.84320068359375,449.11183858085,444.7798943577927,445.1835541624589,14806300,0.679290771484375,0.0015259340579034,432.7764500732183,415.1263818359375,381.9045684814453,71.82736437663895,6.278981371876816,366538000.0,8.538575303651157,1.1263014358230965,7.412273867828061,401.550480570114,428.82814025878906,456.1057999474641,12.721954147978035,0.8118863681672238,93.56387298187072,93.34487504933028,-0.0130285384947625,0,0.4489111325,0.136809956545,0.4142788825,0.8388869815,0.3121011658,20
2024-06-28,MSFT,440.0345153808594,448.33407381119525,439.5028621939787,446.0598180142048,28362300,-5.808685302734375,-0.0130285384947625,433.4676943882317,415.8323175048829,382.4808032226563,62.355266980359765,6.461283532258228,338175700.0,8.05609313732441,0.5150554155970797,7.541037721727331,404.447417266544,430.4171676635742,456.3869180606045,12.067246545021154,0.6851644234205834,85.68913022039999,90.74055348051316,0.021881606494075,1,0.3165569204545454,0.0811650233636363,0.6022780441818182,0.8559252809090908,0.2353918966181818,11
2024-07-01,MSFT,449.6631774902344,450.293259356771,438.7644527545888,441.7180347396165,17662800,9.628662109375,0.021881606494075,435.0101213503272,416.8796154785156,383.0841828918457,69.52860562654705,6.823249465824222,355838500.0,8.354371116735592,0.6506667160066097,7.7037044007289825,407.2168499870774,432.4649826049805,457.7131152228836,11.67638242792253,0.8405835026598937,86.47863483038195,88.57721267755086,0.0055831991759782,1,0.4369738105148809,0.04894631350744047,0.5140798695089286,0.8398585356547619,0.38802748925505953,25
2024-07-02,MSFT,452.1737365722656,452.4789376582484,446.0991893815869,446.1878232862581,13979800,2.51055908203125,0.0055831991759782,436.64475137146417,418.0783483886719,383.6871932983398,71.07621523223993,6.791570809455455,369818300.0,8.69313070125986,0.7915410404247023,7.901589660835159,410.9183570057672,434.7175796508789,458.5168022959906,10.9492800655657,0.8667379641278361,89.42268838699977,87.19681781259389,0.0032442164244455,1,0.5821395531428571,0.0699261609285714,0.3479342871428571,0.848361449047619,0.5122133911428571,21
2024-07-03,MSFT,453.64068603515625,453.8868178888205,450.7954174304016,451.10061852531385,9932800,1.466949462890625,0.0032442164244455,438.2634118156253,419.2702545166016,384.3390460205078,71.97197384427407,6.5272729272385615,379751100.0,8.976495225191627,0.859924451485174,8.116570773706453,414.7189341929577,436.9179977416992,459.1170612904407,10.161661301883615,0.876653011888087,98.60060110521322,91.50064144086495,0.0147361926062323,1,0.5922616184545455,0.1586701111590909,0.2490682791818182,0.8294710972727273,0.4335915068636364,22
2024-07-05,MSFT,460.32562255859375,461.10340760685847,451.8685359116121,452.4986178155469,16000300,6.6849365234375,0.0147361926062323,440.36457474352704,420.4659393310547,385.03000137329104,75.66981388654033,6.720672839239117,395751400.0,9.629479515324816,1.2103269932946912,8.419152522030126,416.5186682059413,439.0618072509766,461.6049462960119,10.268777048124871,0.9716249867673185,98.43220990014682,95.48516646411991,-0.0028231331978693,0,0.5499597507361111,0.2246995700861111,0.22534068702777776,0.7967826197222222,0.32526018444444443,24
2024-07-08,MSFT,459.0260620117188,460.4634937005408,457.2736043779676,459.331263113158,12962300,-1.299560546875,-0.0028231331978693,442.1418592452597,421.60634765625,385.71646575927736,73.63591568463687,6.468474016620127,382789100.0,9.92767058772597,1.2068144525566744,8.720856135169296,419.1631405564489,441.1155334472657,463.0679263380824,9.953126211294975,0.9079402335210928,96.2789754113504,97.7705954722368,-0.0143704368339949,0,0.3913610027058823,0.23155903493431373,0.37707995177058823,0.8023850456274509,0.15980197137803923,26
2024-07-09,MSFT,452.4296569824219,460.0991025612114,450.91347661776734,459.7742217914789,17207200,-6.596405029296875,-0.0143704368339949,443.1216495059418,422.81177001953125,386.40851928710936,64.20278420181734,6.662556297107551,365581900.0,9.52195127644137,0.6408761130176597,8.881075163423711,423.3365545447189,442.8724197387695,462.4082849328201,8.822344460092554,0.7446074731966033,85.77742759663992,93.49620430271234,0.014601676940267,1,0.4168444836315789,0.2834377504736842,0.2997177674210526,0.8069115363157895,0.1334067385263158,19
2024-07-10,MSFT,459.035888671875,459.24263100795065,451.76021694759896,454.0837171765978,18196100,6.606231689453125,0.014601676940267,444.6372913312688,424.00622985839846,387.1396731567383,68.54830138564289,6.721117565910703,383778000.0,9.622560597226707,0.593188347042398,9.029372250184313,426.703060997626,444.7617279052735,462.82039481292094,8.120602909202503,0.8952163479065203,84.02503362383534,88.69381221060854,-0.0247719537860378,0,0.4313012228565217,0.2744462374869565,0.294252547173913,0.8261440013043478,0.1568549831913043,23
2024-07-11,MSFT,447.6646728515625,457.5886969775325,444.56338714463874,455.8165594696292,23111200,-11.3712158203125,-0.0247719537860378,444.92561338082055,425.0532611083984,387.826305847168,55.95667315393283,7.274787848862529,360666800.0,8.684621217905715,-0.275800825822877,8.960422043728592,429.9526078632746,445.8456954956055,461.7387831279363,7.129411719300758,0.5572254239716372,66.5178053866461,78.77342220237377,-0.0025293344993235,0,0.5234802418823529,0.2100683062352941,0.2664514511764706,0.7916298017647059,0.3134119377058824,17
2024-07-12,MSFT,446.5323791503906,449.29889867197954,443.6772557704516,447.3003093014831,16324300,-1.132293701171875,-0.0025293344993235,445.0786386922082,426.3315899658203,388.5046827697754,54.87573116459532,7.156706066910061,344342500.0,7.7604729620148305,-0.9599592653710084,8.720432227385839,431.486759627591,446.4605316162109,461.4343036048308,6.7077696361709895,0.5023991127364005,55.61995777995596,68.72093226347911,0.0009040475949484,1,0.588302630625,0.0964913355,0.3152060352499999,0.8481376208333332,0.4918112991666667,12
2024-07-15,MSFT,446.9360656738281,450.185024234339,444.4452124667996,446.286273961726,14429400,0.4036865234375,0.0009040475949484,445.25553649998153,427.5077282714844,389.2115097045898,55.207947746623375,7.055499331240731,358771900.0,6.980189658419874,-1.392194055172773,8.372383713592647,433.0937230073423,447.069953918457,461.0461848295718,6.252368690231402,0.4952101447993954,37.06493817083693,53.06756711247965,-0.009780678325958,0,0.5405374063730769,0.13542013477158113,0.3240424532008547,0.8237435368803419,0.40511727381623935,30
2024-07-16,MSFT,442.5647277832031,447.2707673593413,439.7489939570935,447.19201839056086,17175700,-4.371337890625,-0.009780678325958,444.9992690031455,428.53943908691406,389.8932986450195,50.8428328662902,7.088804622026954,341596200.0,5.940599549987439,-1.9454273308841668,7.886026880871606,434.2525789178652,447.4120758056641,460.5715726934629,5.882495175885582,0.3158232011531048,29.454995357060188,40.71329710261767,-0.0133475741660041,0,0.538712015125,0.23989751525,0.22139047775,0.8872050462500001,0.298814495,8
2024-07-17,MSFT,436.6575622558594,437.9670004651751,432.38471713490526,435.7419590253815,21778000,-5.90716552734375,-0.0133475741660041,444.2048207414992,429.27964904785154,390.54139099121096,45.596292137262736,7.309605052474877,319818200.0,4.587179855444731,-2.6390776203415003,7.226257475786231,433.42831079696737,447.17332458496094,460.9183383729545,6.147510610455512,0.1174699243194938,22.82341720815776,29.78111691201828,-0.0071022640904168,0,0.5867510757619048,0.1751710378809524,0.2380778739047619,0.8035934833333334,0.4115800341428571,21
2024-07-18,MSFT,433.5563049316406,437.770080793845,427.6786754419279,437.4648797185402,20794800,-3.10125732421875,-0.0071022640904168,443.1906763786555,429.8226068115234,391.1636491394043,43.082728670242446,7.508305073863612,299023400.0,3.2271389993217667,-3.199294781171572,6.426433780493339,432.2614678584778,446.8794403076172,461.4974127567566,6.5422443418192975,0.0442892158152576,16.49160651056471,22.92333969192753,-0.0074027367087515,0,0.5864875199999999,0.0181443755,0.3953681209999999,0.7360684475,0.5683431275,4
2024-07-19,MSFT,430.3468017578125,434.3144764324268,425.3158806469495,426.3988669076758,20940400,-3.209503173828125,-0.0074027367087515,441.9674502242895,430.38392578125,391.74024642944335,40.58897743512214,7.61475441040745,278083000.0,1.8687746679876227,-3.646127290004573,5.514901957992196,430.50063099602926,446.4565872192383,462.41254344244726,7.147819823912071,-0.0048204330741708,15.506898284538993,18.273974001087137,0.0133374898344897,1,0.2175129274666666,0.6145450537541667,0.1679420280833333,0.9366690970833332,-0.397032129125,24
2024-07-22,MSFT,436.0865478515625,437.72086686190295,432.1189038234256,434.9543474054432,15808800,5.73974609375,0.0133374898344897,441.40736428402977,431.03645385742186,392.3867074584961,46.547733493076265,7.597562317099093,293891800.0,1.241104015099154,-3.4190383543144343,4.660142369413588,429.59708392852696,446.1198776245117,462.6426713204965,7.4073335552609505,0.1963791366774904,20.57952345861081,17.52600941790482,0.0043120617642768,1,0.28330890829488886,0.4801817164711111,0.23650937571111108,0.8632294569111112,-0.19687280629111106,52
2024-07-23,MSFT,437.9669799804688,441.4522150715158,436.24405718750495,437.03166701756135,13107100,1.88043212890625,0.0043120617642768,441.0797086360716,431.6916040039063,393.01530670166017,48.37457911821058,7.4381412387315375,306998900.0,0.8852016048560927,-3.0199526116459965,3.905154216502089,429.2347644061057,445.9810562133789,462.7273480206521,7.509866876166591,0.2607208710698122,26.501493738185577,20.86263849377844,-0.0358547956136662,0,0.3518708941923077,0.2567315184615384,0.3913976058461538,0.8367405226923077,0.0951393730384615,26
2024-07-24,MSFT,422.2637634277344,434.649133994153,420.9740350363965,433.6350720518326,26805800,-15.703216552734377,-0.0358547956136662,439.2877138543252,431.9851245117188,393.5634321594238,37.00164753442962,8.120627217684445,280193100.0,-0.6564053259496632,-3.649247633961402,2.992842308011739,425.2126057292149,444.8956130981445,464.5786204670741,8.84837107377252,-0.0749083269189706,22.886885744989645,23.32263431392866,-0.0244811295493829,0,0.4449980811666666,0.3090650062666666,0.2459369099583333,0.8475288629166666,0.13593307125,24
2024-07-25,MSFT,411.92626953125,423.14987619224735,411.05005574464656,422.1653487650477,29943800,-10.337493896484377,-0.0244811295493829,436.6818620140323,432.091943359375,394.0212013244629,31.715512108930493,8.404855305535614,250249300.0,-2.681380009053328,-4.539377853652053,1.8579978445987253,418.8666529178864,443.2337310791016,467.6008092403168,10.995137081237411,-0.1424131227535375,13.445912881239485,20.94476412147155,0.0164196918061934,1,0.008104888,0.97293806,0.018956983,0.97293806,-0.9648332,1
2024-07-26,MSFT,418.6899719238281,422.28352110182095,410.8137524352177,411.72938578526725,23583800,6.763702392578125,0.0164196918061934,434.9683486721081,432.2782159423828,394.50025848388674,37.96060215176727,8.62377768846902,273833100.0,-3.69778699146093,-4.444627868847724,0.7468408773867944,415.3148408260711,441.8760696411133,468.43729845615553,12.022026373419568,0.0635349200381428,6.989336387548907,14.440711671259328,0.0034331822141306,1,0.5786923494,0.17018134377,0.2511262976,0.7990734610000001,0.408511017,10
2024-07-29,MSFT,420.1274108886719,425.46353285919287,418.12882136064246,424.9023450000168,15125800,1.43743896484375,0.0034331822141306,433.5549260260666,432.35008728027344,394.9935021972656,39.23257283976427,8.531701532046261,288958900.0,-4.337309729867286,-4.067320485803265,-0.2699892440640217,412.67684030035207,440.8807144165039,469.0845885326557,12.794333339565126,0.1320841696718005,12.3285680598914,10.921272442893246,-0.0089282607677129,0,0.4374660130520833,0.27266426773645835,0.28986973586458337,0.8367092890625001,0.1648017517291667,35
2024-07-30,MSFT,416.37640380859375,422.4115324395336,410.9024030001008,421.10212402070425,32687600,-3.751007080078125,-0.0089282607677129,431.9188762910692,432.3880920410156,395.4482650756836,37.09524600246985,8.744374954002438,256271300.0,-5.088157913298858,-3.8545349353878686,-1.2336229779109888,409.3995291807841,439.21637573242185,469.0332222840596,13.577292741836516,0.1169955148631643,15.701616161801462,11.673173536413904,-0.0108060629931994,0,0.19171765055,0.55461341,0.2536689233999999,0.800688694,-0.362895763,10
2024-07-31,MSFT,411.87701416015625,415.2539356882569,405.8320019373709,413.9937419087569,42891400,-4.4993896484375,-0.0108060629931994,430.0101275166965,432.3514672851563,395.8866984558106,34.65632852743705,8.872948305232466,213379900.0,-5.977370246480461,-3.794997814855578,-2.182372431624884,405.7576915940983,437.2015396118164,468.6453876295346,14.384143315522904,0.0973055613710164,14.917769395920232,14.315984539204344,-0.0029640527471576,0,0.428691628,0.3960404755714286,0.1752679097857143,0.7727715071428571,0.0326511478571428,14
2024-08-01,MSFT,410.65618896484375,420.84605305704525,406.69839983005807,414.2792724511176,30296400,-1.2208251953125,-0.0029640527471576,428.1668952736629,432.1894134521484,396.3358166503906,34.003075233170655,9.24971294250066,183083500.0,-6.703316161317389,-3.616754983754004,-3.086561177563385,402.5389186046224,435.0523147583008,467.5657109119791,14.94689031673885,0.1248296290220512,12.132827133009778,14.25073756357714,-0.0206660304381965,0,0.2866586603333333,0.2068995165555555,0.5064417877777778,0.7434427411111111,0.0797591434444444,9
2024-08-02,MSFT,402.1695556640625,408.57883813707474,398.08377329176966,406.1076649473114,29437900,-8.48663330078125,-0.0206660304381965,425.6909581679867,431.7847711181641,396.7184683227539,29.798177852716684,9.487048851827335,153645600.0,-7.872682527006191,-3.828897079554245,-4.043785447451946,398.8007443802008,432.1445114135742,465.4882784469477,15.431766991233433,0.0505163570824188,10.937579631321418,12.662725386750456,-0.0326568116718009,0,0.5110137618928572,0.2894537407642857,0.1995325034285714,0.9051667271428572,0.2215600282857142,14
2024-08-05,MSFT,389.0359802246094,394.8348607957488,379.61404618021845,383.1485258419234,40709200,-13.133575439453123,-0.0326568116718009,422.200007887665,431.0883154296875,397.0382913208008,24.706308185566343,10.420510325542814,112936400.0,-9.74682820438818,-4.562434205548987,-5.184393998839193,392.7289075327312,428.64500732421874,464.5611071157063,16.757969498205927,-0.0514104723168891,11.473287854856864,11.514564873062668,0.0112869296201869,1,0.4425216844603175,0.36068365077777775,0.19679466142857138,0.7898804561904762,0.08183803857142853,12
2024-08-06,MSFT,393.427001953125,399.3932659734361,392.33419089963513,393.8109820824443,24946500,4.391021728515625,0.0112869296201869,419.459721608185,430.54899169921873,397.3896142578125,29.070291130870075,10.415994284348807,137882900.0,-10.753820056422512,-4.455540846066656,-6.298279210355856,388.4111950357498,425.6948745727539,462.978554109758,17.516621300373224,0.0672654493824428,15.29344479782086,12.568104094666362,-0.0029528035460636,0,0.6963451483333333,0.0150257443333333,0.288629108,0.8475331333333332,0.6813193958333333,6
2024-08-07,MSFT,392.2652893066406,403.7350288097703,391.3201513080448,402.3173368345742,20650900,-1.161712646484375,-0.0029528035460636,416.8697756747046,429.92421081542966,397.72920547485353,28.59803408472104,10.558771657018564,117232000.0,-11.512895364642816,-4.171692923429567,-7.341202441213249,385.659309023898,422.35634460449216,459.0533801850864,17.377286288884086,0.0900070016314341,19.3441114590582,15.370281370578622,0.010691900083003,1,0.4584173295555555,0.2224639540555555,0.3191187252222222,0.8182178911111111,0.2359533671111111,9
2024-08-08,MSFT,396.4593505859375,399.5802856931157,393.7519001712231,396.2132187300544,20203000,4.194061279296875,0.010691900083003,414.9259256662506,429.3801605224609,398.1125277709961,32.8399385931604,10.32707342340832,137435000.0,-11.641842408750222,-3.4405119740295778,-8.201330434720644,383.37518978394223,419.79607849121095,456.21696719847967,17.351705065073038,0.1796244032807468,23.345615435443904,19.32772389744097,0.0082693796868336,1,0.7235448171428571,0.1418017922142857,0.1346533915714285,0.8525137714285714,0.5817430171428571,7
2024-08-09,MSFT,399.7378234863281,401.736413003281,396.0360207139592,397.7786234799922,19276700,3.278472900390625,0.0082693796868336,413.4794397443532,428.9243243408203,398.4992712402344,36.03875375123607,9.996596199544994,156711700.0,-11.348668124657877,-2.5178701519497864,-8.83079797270809,382.2131301683089,417.4563507080078,452.6995712477067,16.884745185898467,0.248625027021565,26.747409530337325,23.14571214161312,0.0019456264401815,1,0.4284460988,0.2027251815,0.3688287605999999,0.826806578,0.2257209314,5
2024-08-12,MSFT,400.51556396484375,402.4354042920839,397.98532149531104,400.7616957993417,16762900,0.777740478515625,0.0019456264401815,412.2447849082095,428.7695562744141,398.8839811706543,36.80768955498518,9.600416670775555,173474600.0,-10.927601645961488,-1.6774429386027163,-9.250158707358771,381.90697482955375,415.1353256225586,448.3636764155634,16.008442906261408,0.2800107241435444,32.58737595441956,27.56013364006691,0.0176988217243796,1,0.44699118733333326,0.39849652072222225,0.1545122910648148,0.8236522425,0.04849465749999998,16
2024-08-13,MSFT,407.6042175292969,408.52967573216,403.23291326546496,403.2525929980432,19414300,7.088653564453125,0.0176988217243796,411.8028261102178,428.7475030517578,399.2545011901855,43.47742815249609,9.487109177671316,192888900.0,-9.90769854616076,-0.5260318710415888,-9.38166667511917,382.5203271307185,413.3873001098633,444.2542730890081,14.93368227371353,0.4063224861006981,43.85637583878627,34.39705377451437,0.0068838288832111,1,0.5999390101,0.02783467552,0.3722262964,0.790233843,0.57210433767,10
2024-08-14,MSFT,410.41009521484375,411.2568044389076,406.0683556338293,408.38197108714223,18267000,2.805877685546875,0.0068838288832111,411.67018507256313,428.8132690429687,399.701605682373,45.91099477171902,9.180062008200386,211155900.0,-8.771890221872525,0.4878211625973172,-9.259711384469842,383.1033466254953,412.0749267578125,441.0465068901297,14.061316644652129,0.4712678505044389,55.39806246486929,43.94727141935835,0.0118237834649657,1,0.2009285485,0.1577677797142857,0.6413036985714287,0.7913001157142857,0.0431607715714285,7
2024-08-15,MSFT,415.2626953125,415.3415862221362,411.9388626649199,414.0495331175792,20752100,4.85260009765625,0.0118237834649657,412.0123289049381,428.9258764648437,400.1635754394531,49.92632477547823,8.876592650992679,231908000.0,-7.39494534209723,1.4918128338980896,-8.88675817599532,383.8518529543521,411.16024627685545,438.4686395993588,13.2835766929253,0.5751133358011208,68.65570831591668,55.97004887319073,-0.0060802532282605,0,0.4049554858333333,0.015758616,0.5792859,0.708144615,0.3891968838333333,6
2024-08-16,MSFT,412.73779296875,415.5684748504706,411.58380640221424,414.8386210132459,22775600,-2.52490234375,-0.0060802532282605,412.0814207205392,428.8316436767578,400.5762100219727,47.93245544463582,8.527169493654373,209132400.0,-6.433286203403213,1.9627775780736856,-8.396063781476899,384.4047012014505,410.27979583740233,436.1548904733542,12.613389642129206,0.5474973553900055,74.10521771287118,66.05299616455237,0.0073122353709449,1,0.561928167375,0.1732771209375,0.2647947069999999,0.8442383099999999,0.3886510355,8
2024-08-19,MSFT,415.7558288574219,415.97281647426513,410.7552711189502,413.22102581055816,15234000,3.018035888671875,0.0073122353709449,412.4313643526233,428.7877294921875,401.00001876831055,50.47827354725329,8.290767769487271,224366400.0,-5.36578075372438,2.424226422202016,-7.790007175926395,386.0644056337785,409.2632598876953,432.4621141416122,11.336885827612663,0.6399329660565104,80.93420778064898,74.56504460314561,0.0077575586925726,1,0.4244813656296296,0.2031156458386243,0.3724029635555555,0.7694415295767195,0.2213657155555555,19
2024-08-20,MSFT,418.9810791015625,420.0265568174448,415.8643912576991,415.92356696995296,16387600,3.225250244140625,0.0077575586925726,413.0551467096651,428.8215124511719,401.4009912109375,53.11645357954532,8.003622068811248,240754000.0,-4.210982666794109,2.8632196073058296,-7.074202274099939,388.59877559803226,408.31396484375,428.0291540894677,9.656877277397149,0.7705303541564904,86.84267767288584,80.62736772213532,-0.0015536989412034,0,0.5969293828571428,0.0199057454,0.3831648657142857,0.8040911857142856,0.5770236404,7
2024-08-21,MSFT,418.3301086425781,420.5591305026096,415.943244764668,418.27090283610073,16067300,-0.650970458984375,-0.0015536989412034,413.5575240366092,428.7631201171875,401.78769577026367,52.508430262012006,7.761640902320555,224686700.0,-3.3101671918042257,3.011228065836571,-6.321395257640797,388.89023860301256,408.1172821044922,427.3443256059718,9.422312822595355,0.7655849438656552,92.5625417598868,86.77980907114052,-0.0202528611179543,0,0.6417057006666667,0.1444752856666666,0.2138190066666666,0.8250135311111111,0.4972304155555556,9
2024-08-22,MSFT,409.8577270507813,420.94378045645306,408.9306008917766,418.5470440541718,19361900,-8.472381591796875,-0.0202528611179543,413.2051624189113,428.4405682373047,402.11010986328125,45.24861794628062,8.06532223534598,205324800.0,-3.242536878929286,2.4630867029692087,-5.705623581898495,388.8477242857608,408.0138549804688,427.1799856751768,9.39484307248608,0.5481023556523492,87.7365050510768,89.04724149461646,0.0029841660053471,1,0.4971702215999999,0.1172250554499999,0.3856047095,0.8556293589999999,0.379945164,10
2024-08-23,MSFT,411.080810546875,413.51697764071497,406.4451792024677,411.2682103309817,18493800,1.22308349609375,0.0029841660053471,413.0028431930031,427.9774713134765,402.4203817749024,46.4007190766345,7.994356249838927,223818600.0,-3.0550302651202514,2.120474653422595,-5.175504918542846,389.0364369146316,407.6333969116211,426.2303569086106,9.124355432055772,0.5926875584991302,78.14612367788777,86.14839016295043,-0.0079177918584714,0,0.4923019173333333,0.285650283,0.2220477723333333,0.8868505733333333,0.2066516266666666,6
2024-08-26,MSFT,407.8259582519531,411.5640508373135,405.7054152115458,410.6665125068156,13152800,-3.254852294921875,-0.0079177918584714,412.50980653195074,427.4390380859375,402.6948002624512,43.76165968862864,7.841804776690983,210665800.0,-3.1329545511597416,1.6340402939064846,-4.766994845066226,389.32309885929095,407.01832427978513,424.7135497002793,8.695050991527571,0.5228206748706521,65.20022788894723,77.02761887263723,0.0008464758968009,1,0.5249768021454545,0.21357592735151512,0.26144726856363637,0.8589066595757576,0.3114008713333334,17
2024-08-27,MSFT,408.1711730957031,408.6840392458711,404.6303529004273,407.2045864016282,13492900,0.34521484375,0.0008464758968009,412.0966033475462,426.8880157470703,402.9578761291504,44.1246438013774,7.571224888744756,224158700.0,-3.130764650393985,1.308984155737793,-4.439748806131778,389.4267116285689,406.6080627441406,423.78941385971234,8.451062676729622,0.5454885748230193,58.483992956584494,67.27678150780648,-0.007829111623794,0,0.4511804774,0.3232579340666666,0.2255616013999999,0.8816615753333333,0.1279225406,15
2024-08-28,MSFT,404.9755554199219,409.315277644923,401.7306138271053,409.19692623598894,14882700,-3.19561767578125,-0.007829111623794,411.4184083068201,426.1588751220703,403.21725982666015,41.45714317772734,7.572184812249964,209276000.0,-3.348291754695083,0.873165641149356,-4.221457395844439,389.2423208703044,406.2629898071289,423.2836587439535,8.379138323628757,0.4621802647126973,48.21226865054146,57.29882983202437,0.0061373423643689,1,0.50373942625,0.123106281875,0.3731542805,0.8892336225,0.38063314125,8
2024-08-29,MSFT,407.4610290527344,416.268697643249,404.9755591436319,409.2561057035253,17045200,2.4854736328125,0.0061373423643689,411.0415150445262,425.5194158935547,403.4451156616211,44.27866775438197,7.837967484469763,226321200.0,-3.2822904012628555,0.7513335956652671,-4.033623996928123,389.1908665000929,406.1032318115234,423.0155971229539,8.329096636827408,0.5401421449988805,43.39723237808368,50.03116466173653,0.0097309829779512,1,0.5072826234285714,0.2792766929,0.2134406692857142,0.6694764285714285,0.2280059228571428,7
2024-08-30,MSFT,411.426025390625,411.7712070065085,406.4846428028709,409.9071119024553,24308300,3.964996337890625,0.0097309829779512,411.078135077488,424.9718591308594,403.7074317932129,48.53957072156853,7.655724392981757,250629500.0,-2.876878916192084,0.9253960645888312,-3.802274980780915,389.603067860498,406.5660552978516,423.5290427352051,8.344517313392732,0.643252186878105,42.54205486137497,44.717185296666685,-0.0184591481965652,0,0.7120653758333333,0.0244127295,0.2635218875,0.83618375,0.687652645,6
2024-09-03,MSFT,403.8314514160156,414.1284456363182,401.45446023053216,412.1854296938012,20313600,-7.594573974609375,-0.0184591481965652,410.3879747287763,424.1920733642578,403.9142027282715,41.92635657793392,8.014171608182062,230315900.0,-3.132298851319831,0.5359809035688672,-3.6682797548886974,392.286215400829,407.3058288574219,422.3254423140148,7.375103616231586,0.3843386532067781,34.643993894987496,40.19442704481536,-0.001318773597232,0,0.448802200025,0.08454622253750001,0.46665158747499996,0.7991466785,0.36425598175,17
2024-09-04,MSFT,403.29888916015625,405.6068322704441,398.8309422223781,400.34985575804666,15135800,-0.532562255859375,-0.001318773597232,409.712823722241,423.44318298339846,404.1175752258301,41.49937429620882,7.925722925316629,215180100.0,-3.339202070462022,0.263262147541341,-3.6024642180033632,394.0407534886608,407.79942321777344,421.55809294688606,6.747763211899007,0.3364473402506969,27.62130837792621,34.93578571142954,-0.0012473422846764,0,0.4587627433928571,0.3344843482142857,0.2067529104999999,0.7961796592857143,0.1242783935,14
2024-09-05,MSFT,402.79583740234375,407.4413108082968,400.56678553175374,402.0363656944642,14195500,-0.5030517578125,-0.0012473422846764,409.0540631203461,422.61964721679686,404.28655181884767,41.07385896879248,7.850637378975656,200984600.0,-3.5033816322882103,0.0792660685721227,-3.582647700860333,396.2869565112753,408.3259506225586,420.36494473384187,5.896756790954819,0.2703249470388946,16.777293747378433,26.347532006764027,-0.0163813203216591,0,0.6067716518888889,0.1671930210555555,0.2260352928888888,0.817888018888889,0.4395786326666666,9
2024-09-06,MSFT,396.197509765625,405.0248942566708,395.3098139211049,403.4566777506577,19609500,-6.59832763671875,-0.0163813203216591,407.82962946751553,421.6403192138672,404.4535343933105,35.87747306909989,7.983811875874956,181375100.0,-4.118450084713288,-0.4286419070823641,-3.689808177630924,396.2218176898926,408.31285858154297,420.40389947319335,5.922439441977904,-0.0010052039557808,13.866156766698955,19.42158629733452,0.0100073945126553,1,0.548970985375,0.1342111691875,0.3168178345,0.79651792625,0.4147598225,8
2024-09-09,MSFT,400.1624145507813,403.0522719406784,396.6413094868822,401.6615826272171,15295100,3.96490478515625,0.0100073945126553,407.0994185230647,420.7267034912109,404.6031147766113,40.72985985733884,7.903165468673416,196670200.0,-4.2371187174587135,-0.4378484318622311,-3.7992702855964815,396.3019989865452,408.3340881347656,420.3661772829861,5.893257260583842,0.1604216656259989,13.441202478258864,14.694884330778732,0.0209012423391929,1,0.5213829802525253,0.09558645824747473,0.3830305616464646,0.7793829086868685,0.425796522070707,16
2024-09-10,MSFT,408.52630615234375,410.6271041580992,402.11534306269766,402.6084940695935,19594300,8.3638916015625,0.0209012423391929,407.2353125829961,420.09653930664064,404.8159480285644,49.42439190628973,8.086131478576593,216264500.0,-3.614601436237706,0.1477350794870213,-3.7623365157247273,397.2493749255405,408.7346252441406,420.2198755627407,5.619905733085304,0.4909310164768684,24.6506117567286,17.319323667228787,0.0213422537031462,1,0.5350851143846154,0.2270239668076923,0.2378909007692307,0.82957782,0.3080611323076923,13
2024-09-11,MSFT,417.24517822265625,418.1821469994098,403.9695325309428,409.8084532189213,19266900,8.7188720703125,0.0213422537031462,408.18863312010654,419.44817932128905,405.048931427002,56.5756178479437,8.523737406425909,235531400.0,-2.390159624130888,1.0977415132750714,-3.4879011374059594,397.1662860763298,409.21667327880857,421.2670604812873,5.889489842105509,0.8331222810083737,52.02011571547988,30.03730998348909,0.0093608312872239,1,0.6028512263333333,0.2020961561111111,0.195052605,0.8531499533333333,0.40075508,9
2024-09-12,MSFT,421.1509399414063,421.5158668532968,414.000250680106,417.51148327493246,17395700,3.90576171875,0.0093608312872239,409.4231385316589,418.8277233886719,405.30350372314456,59.34858769616145,8.45172874690911,252927100.0,-1.0920300943562324,1.916696834439782,-3.0087269287960146,396.6289805750864,409.7537155151367,422.8784504551871,6.406157866585846,0.9341887466043486,78.57915465722276,51.74996070981039,0.0084074417652866,1,0.4320481484999999,0.3758050518571428,0.1921468017857142,0.8017312692857143,0.05624309,14
2024-09-13,MSFT,424.6917419433594,425.914746697553,419.6320082561189,419.9969351521576,15874600,3.540802001953125,0.0084074417652866,410.87729123753513,418.2487445068359,405.5699926757813,61.734215572544194,8.29680086794661,268801700.0,0.2199248831939826,2.582921449591998,-2.3629965663980155,395.7362495614725,410.2251678466797,424.714086131887,7.0638856027587495,0.9992289214388624,93.3942821877952,74.66451752016593,0.0017417705670164,1,0.658072098,0.1708519913333333,0.1710758876666666,0.8871795800000001,0.4872201216666667,6
2024-09-16,MSFT,425.4314575195313,427.5914610863902,422.3542004104568,424.7016037460969,13834700,0.739715576171875,0.0017417705670164,412.26340231201095,417.55086120605466,405.82011962890624,62.23285772870635,8.07826228280281,282636400.0,1.3043122205910436,2.933847029591248,-1.6295348090002038,394.9444166157989,410.85985107421874,426.7752855326386,7.747378779799457,0.9577822391019808,95.97341602920945,89.31561762474246,0.0088328728776465,1,0.39973568395555553,0.18699875014444442,0.4132655836777777,0.7576201958333333,0.21273693668888885,12
2024-09-17,MSFT,429.1892395019531,435.7974738673972,426.34868538784633,434.199669703098,18874200,3.757781982421875,0.0088328728776465,413.8753868062912,416.95412475585937,406.1079187011719,64.7461144945306,8.24167328745018,301510600.0,2.4388055664874173,3.254672300390097,-0.8158667339026795,393.8144206832965,411.5315216064453,429.2486225295942,8.610325087122739,0.9983241324893212,90.99705868264978,93.45491896655146,-0.0099734969662619,0,0.4628359404444444,0.1768499613333333,0.3603140805555556,0.8550043344444445,0.2859859736666666,9
2024-09-18,MSFT,424.9087219238281,430.05721907964937,424.5142071811442,429.04132931995406,18898000,-4.280517578125,-0.0099734969662619,414.926180627009,416.4037060546875,406.37402099609375,59.859529849281074,8.048911759668396,282612600.0,2.9583951837752807,3.019409534142368,-0.0610143503670874,393.4367370657403,411.8279037475586,430.21907042937687,8.931481579787102,0.8556277424531578,83.36442591926918,90.11163354370944,0.0182912101483192,1,0.3502600916666666,0.1794733326666666,0.4702665382222222,0.7794385933333333,0.1707867594444444,9
2024-09-19,MSFT,432.6808166503906,435.4523227974912,430.9153276838819,435.1860320995677,21706600,7.7720947265625,0.0182912101483192,416.6170983435216,415.8766046142578,406.7005642700195,65.02154030454953,8.227103839239446,304319200.0,3.951763321561089,3.210222137542541,0.7415411840185477,392.1815336943672,412.5454391479492,432.9093446015312,9.872321214187018,0.9943888967747008,83.0288672702051,85.79678395737467,-0.0077961868616248,0,0.7130150478,0.1103051065799999,0.176679863,0.8595513650000001,0.602709936,10
2024-09-20,MSFT,429.30755615234375,433.2231753427317,428.2719513443701,431.2308566237703,55167100,-3.373260498046875,-0.0077961868616248,417.8257133729332,415.5094622802735,407.0365794372559,61.33482153729784,7.993112422033883,249152100.0,4.415916856203694,2.939500537748117,1.476416318455577,391.9388981679997,413.51793060302737,435.09696303805504,10.436806163911331,0.8658557351182771,83.12627690937876,83.17319003295101,-0.0040433479888111,0,0.7285834571363636,0.1774930092272727,0.0939235131818181,0.8876788218181818,0.5510904472727273,11
2024-09-23,MSFT,427.57171630859375,430.481288649773,424.4944594123769,428.331157882486,15128900,-1.73583984375,-0.0040433479888111,418.7539041287104,415.1302490234375,407.34733779907225,59.46629991105092,7.849806480274041,234023200.0,4.590774517106524,2.4914865589207578,2.099287958185766,391.9538848501046,414.3424758911133,436.731066932122,10.80680468149361,0.795446024121142,85.31870985339029,83.82461801099136,-0.0100111557834136,0,0.6436465167239057,0.13943935709629626,0.2169141007020202,0.8599271732154882,0.5042071663441077,22
2024-09-24,MSFT,423.2912292480469,427.4139642542688,420.2632749795507,427.06875254523504,17015800,-4.280487060546875,-0.0100111557834136,419.186030330552,414.65735229492185,407.6549391174317,55.0154408782901,7.811137540900398,217007400.0,4.333991386008336,1.7877627422580549,2.546228643750281,392.6128440798304,415.115739440918,437.6186348020056,10.841745192025083,0.6816541755170337,77.58829897857129,82.01109524711343,0.0068503397196635,1,0.6198735295833334,0.0163338459,0.3637926279166666,0.8624021425,0.603539676,12
2024-09-25,MSFT,426.19091796875,427.1870925626301,422.6994307636224,423.94215074360574,13396400,2.899688720703125,0.0068503397196635,419.8531624865708,414.3298760986328,407.9664935302735,57.34455248404899,7.573746416479487,230403800.0,4.31473200590483,1.414802689723639,2.8999293161811908,393.2566804825256,416.0167266845703,438.7767728866151,10.94188994919992,0.7235098996254599,75.02238285521581,79.30979722905911,-0.0018514296451006,0,0.5726312439333333,0.0675912340066666,0.3597775123333333,0.8059322560000001,0.5050399989333333,15
2024-09-26,MSFT,425.40185546875,429.3371902827192,423.2517246244965,429.1300753187062,14492000,-0.7890625,-0.0018514296451006,420.38160943725455,414.1047619628906,408.25801544189454,56.487467971808776,7.467440648032577,215911800.0,4.187526856183752,1.0300780320020486,3.157448824181703,394.5195603513969,417.0380416870117,439.55652302262655,10.799245672899543,0.6857099876560105,72.94490933697534,75.1851970569208,-0.007627926489544,0,0.5538867689,0.19167494036,0.2544382886,0.794309999,0.3622118387,10
2024-09-27,MSFT,422.1569213867188,425.9344744566884,421.6144673905514,425.6089779793521,14896100,-3.24493408203125,-0.007627926489544,420.55068676577497,413.8767742919922,408.5476835632324,52.98053869683481,7.242623963611461,201015700.0,3.781288457622736,0.4990717067528263,3.28221675086991,395.5958423499736,417.77283630371096,439.9498302574483,10.61677161681962,0.5988430869430112,69.74195514293062,72.56974911170725,0.0053268800840411,1,0.6189651013333334,0.0647880634999999,0.3162468645,0.7994740258333333,0.554177032275,12
2024-09-30,MSFT,424.40570068359375,424.52408219664926,419.5432394814415,422.3443332995087,16807300,2.248779296875,0.0053268800840411,420.9178309484244,413.7579522705078,408.833489074707,55.06266857706144,7.081068160154058,217823000.0,3.5993087051376733,0.2536735634142104,3.345635141723463,396.2660777576155,418.42182006835935,440.5775623791032,10.59014671229343,0.635041302866496,65.72041620466747,69.46909356152446,-0.0223331885134069,0,0.5170756448571429,0.16175079680158727,0.3211735454523809,0.7945714076984126,0.3553248514285714,20
2024-10-01,MSFT,414.9273681640625,422.6106687530044,413.07311568923785,422.5810808985996,19092900,-9.47833251953125,-0.0223331885134069,420.34731068324703,413.3347686767578,409.0719519042969,45.8472821219697,7.384747934025619,198730100.0,2.6596079151068466,-0.5488217812932934,3.20842969640014,397.7749133563125,418.9766159057617,440.1783184552109,10.120709244650527,0.4045065429944818,43.95670976937874,59.80636037232559,-0.0084622773481687,0,0.6278014399999999,0.0109260366571428,0.3612725227142856,0.8316781957142857,0.6168754014285714,7
2024-10-02,MSFT,411.4161376953125,417.0281982052677,411.0018776320328,416.7914652693021,16582300,-3.51123046875,-0.0084622773481687,419.49672277963424,412.8037518310547,409.33425430297854,42.97774404823794,7.287717408254857,182147800.0,1.612968023243866,-1.2763693385250194,2.8893373617688853,399.1062055801209,419.3824783325196,439.6587510849182,9.6695850685121,0.3035551026935005,24.679573348106658,44.78556644071761,-0.001414479511002,0,0.5732166907142858,0.0633829726785714,0.3634003157142857,0.72973918,0.5098337192857143,14
2024-10-03,MSFT,410.8341979980469,413.8029462214933,408.61501874387466,411.90926344701154,13686400,-0.581939697265625,-0.001414479511002,418.6717204194831,412.5751605224609,409.5701045227051,42.50293320389186,7.137732413209414,168461400.0,0.7281470720223524,-1.7289522317972263,2.4570993038195788,400.54713116724565,419.7843963623047,439.0216615573637,9.165307411024328,0.2673734214945322,5.998156918860862,24.87814667878208,-0.0011522620905994,0,0.609374753125,0.0791385759625,0.311486672125,0.7436070875,0.53023616375,8
2024-10-04,MSFT,410.3608093261719,414.00026612845136,409.28574375388894,412.5109404707377,19169700,-0.473388671875,-0.0011522620905994,417.8802050772629,412.5438513183594,409.7941708374024,42.095517813214826,6.964645981877486,149291700.0,-0.0111498871984281,-1.9745993528144048,1.963449465615977,403.9227412960105,420.492561340332,437.0623813846536,7.881147762283724,0.194270909790831,5.419067967029512,12.032266077998996,-0.015670830239948,0,0.4836501302083333,0.1764405368333333,0.33990934325,0.8013611766666666,0.3072095816666667,12
2024-10-07,MSFT,403.93011474609375,411.39639773757887,403.3975032576847,410.3016170053712,20919800,-6.430694580078125,-0.015670830239948,416.55162504572303,412.2486541748047,409.9830917358398,36.91842031073246,7.038520874592962,128371900.0,-1.1032339683354166,-2.453346747161115,1.3501127788256986,404.9769043737769,420.68094635009766,436.3849883264184,7.466010577646456,-0.0333286687994577,5.416022736509704,5.611082540800012,0.0126237705672309,1,0.6373573328333333,0.10235670087222219,0.26028597466666664,0.8751153261111111,0.5350006361666667,11
2024-10-08,MSFT,409.02923583984375,409.9662346464486,402.5788433485802,405.2714281620606,19229300,5.09912109375,0.0126237705672309,415.8352070261155,412.0266906738281,410.2104565429688,42.913638295124514,7.063440190541205,147601200.0,-1.5395154378919642,-2.3117025733741303,0.7721871354821661,405.0785587709385,420.7060928344727,436.3336268980068,7.429193125416805,0.1264011664554259,9.235309404521496,6.690133369353556,0.0066311673370353,1,0.5985505237058824,0.0553980379411764,0.3460514442941176,0.7695812741176471,0.5431524747058823,17
2024-10-09,MSFT,411.7415771484375,414.6215919010832,408.62485957486433,410.1634881099829,14974300,2.71234130859375,0.0066311673370353,415.4453375139557,411.933994140625,410.43706130981445,45.861083074713854,6.987246771661039,162575500.0,-1.647417961355984,-1.93568407747052,0.2882661161145361,404.38118234794587,420.4309127807617,436.4806432135776,7.634895505975875,0.2292996393709611,17.061231348577365,10.570854496536173,-0.0038806108650878,0,0.5626804950000001,0.0651684983333333,0.3721510323333333,0.7813982966666667,0.49751199,6
2024-10-10,MSFT,410.1437683105469,411.63309377445904,407.49061385739407,409.5421386142519,13848400,-1.597808837890625,-0.0038806108650878,414.9404261612501,411.8993292236328,410.650576171875,44.40654380914607,6.791797951616925,148727100.0,-1.8406435156811085,-1.7031277054365157,-0.1375158102445928,403.2239144078099,419.8805541992188,436.5371939906276,7.933989619107653,0.207720584385396,25.54472657799348,17.280422443697432,0.001154425011892,1,0.418294797111111,0.3303176249999999,0.2513875753333333,0.7618273544444444,0.0879771633333333,9
2024-10-11,MSFT,410.61724853515625,411.4161507329335,407.5892942253079,410.4397214022164,14144900,0.473480224609375,0.001154425011892,414.52869495876496,411.89855041503904,410.8660661315918,44.96359220997348,6.58001641990326,162872000.0,-1.933284561514768,-1.4366150010161398,-0.4966695604986277,402.20641420221546,419.1768295288086,436.1472448554017,8.097019744945998,0.2478087357049175,29.01768183588815,23.87454658748632,0.0067734880721117,1,0.60587755,0.0136916685,0.3804308225,0.8254795125000001,0.5921858799999999,4
2024-10-14,MSFT,413.3985595703125,418.2314324717677,411.8007253371844,412.047300792356,16653100,2.78131103515625,0.0067734880721117,414.4210630170076,412.12313049316407,411.0983561706543,48.244245241084975,6.653885528239558,179525100.0,-1.761963878819131,-1.0122354546564023,-0.7497284241627284,401.6813781772448,418.57518463134767,435.46899108545057,8.072053516016153,0.3467892634173647,32.52923646785079,29.0305482939108,-0.00095436048546,0,0.3212114661666667,0.25129152172666663,0.42749704725,0.8255145151666666,0.06991994128333333,16
2024-10-15,MSFT,413.0040283203125,416.692817718463,409.5717171353566,416.3969091028174,18900200,-0.39453125,-0.00095436048546,414.286107331608,412.6024914550781,411.3227389526367,47.80889830728209,6.687258032158618,160624900.0,-1.6391314906236971,-0.7115224531687749,-0.9276090374549222,401.44241310593554,417.7659240722657,434.08943503859575,7.814668466596354,0.3541399652998876,36.47871877401633,32.67521235925174,-0.0062568553043467,0,0.48440519655,0.2396424395,0.2759523634,0.8722339610000001,0.244762761,10
2024-10-16,MSFT,410.419921875,410.6566246876472,404.8571950809856,409.4829531752425,15508900,-2.5841064453125,-0.0062568553043467,413.91789919288345,412.9423498535156,411.5304737854004,44.94792816235836,6.791513404099213,145116000.0,-1.730355273394423,-0.6421969887516006,-1.0881582846428224,400.7643038955392,417.0414840698242,433.3186642441093,7.806024482475603,0.2965998371976903,37.65598564555854,35.5546469624752,0.0014420045446974,1,0.6568095707692307,0.0399566034461538,0.3032338250769231,0.764053796923077,0.6168529686923077,13
2024-10-17,MSFT,411.0117492675781,416.7125733271007,409.8972232496161,416.57447660649984,14820000,0.591827392578125,0.0014420045446974,413.641123009521,413.3172790527344,411.766524810791,45.74865511122053,6.793216023626744,159936000.0,-1.7348964476855713,-0.517390530434199,-1.2175059172513722,401.172737154132,415.9580307006836,430.7433242472352,7.109031419177406,0.3327296844823517,36.9866925725166,37.04046566403048,0.0034555899885306,1,0.573192727,0.0131204256999999,0.4136868587999999,0.8126568519999999,0.560072307,10
2024-10-18,MSFT,412.4320373535156,413.90161766396704,410.5580696214905,411.4260201751563,17145300,1.4202880859375,0.0034555899885306,413.5259719946634,413.636732788086,412.01100158691406,47.71410243978985,6.546811167830301,177081300.0,-1.6053841135916969,-0.3103025570722595,-1.2950815565194371,401.60123756359656,415.1142547607422,428.62727195788784,6.510505019845242,0.400754310895381,40.39575991902878,38.34614604570129,0.0014826957536875,1,0.6368182410769231,0.1020793763846153,0.2611023699230769,0.8446530346153847,0.5347388630769231,13
2024-10-21,MSFT,413.0435485839844,413.2210757193312,408.0824507492504,410.41998166329415,14206100,0.61151123046875,0.0014826957536875,413.480026907932,413.9028472900391,412.2715823364258,48.577902764412094,6.446226439419623,191287400.0,-1.436837837855876,-0.1134050250691509,-1.323432812786725,402.12771373384,414.3878463745117,426.64797901518335,5.917225974620552,0.4451760502954202,51.49026851572514,42.95757366909015,0.0208462585293363,1,0.49865845502356904,0.12719970910420872,0.37414185682323226,0.7879120273063972,0.3714587399191918,26
2024-10-22,MSFT,421.6539611816406,424.68188532771023,412.3136804024992,412.75749822543423,25482200,8.61041259765625,0.0208462585293363,414.2584968387615,414.325615234375,412.5761471557617,58.87925008701678,6.869224902690439,216769600.0,-0.6015411714365655,0.5775133130801278,-1.1790544845166933,402.2648332977103,414.3059829711914,426.34713264467246,5.81268442571265,0.8051194615839766,67.44821199737895,53.1114134773776,-0.0068068795014633,0,0.4511917780555555,0.1724750049833333,0.3763332123333333,0.7994898772222222,0.2787167795,18
2024-10-23,MSFT,418.7838134765625,425.17503084101816,416.742161218674,424.9580432083023,19654400,-2.870147705078125,-0.0068068795014633,414.6894793756949,414.5492071533203,412.8323226928711,54.92911613023857,6.980913811237135,197115200.0,-0.1692089429212728,0.8078764332763364,-0.9770853761976092,402.9720293082353,413.9356277465821,424.8992261849288,5.297248027685528,0.7211037624756134,74.95748086108316,64.63198712472906,0.000306134911564,1,0.5686320708333333,0.0117747085,0.4195932455,0.8592770583333333,0.5568573653333333,6
2024-10-24,MSFT,418.9120178222656,420.144895200207,416.6139175340375,419.5037748840412,13581600,0.128204345703125,0.000306134911564,415.0916258944159,414.7192456054688,413.08374404907227,55.07410327282685,6.734489800875158,210696800.0,0.1816683228709052,0.9270029592548116,-0.7453346363839064,403.68957717661743,413.6111358642578,423.53269455189815,4.797529770038151,0.7671395757912179,76.7664181216109,73.05737032669099,0.0080521405073785,1,0.5852740776363636,0.0148464665999999,0.3998794705454545,0.8573783454545455,0.5704276073636364,11
2024-10-25,MSFT,422.28515625,426.5952907757042,420.7268124778327,420.9142122484759,16899100,3.373138427734375,0.0080521405073785,415.7767240235192,414.8596948242188,413.3177963256836,58.82696369410766,6.80226002605826,227595900.0,0.7235841370530238,1.1751350187495442,-0.4515508816965203,403.6737657191379,413.6175476074219,423.5613294957059,4.808201173187145,0.93583058940535,75.3505960276099,75.69149833676796,-0.0036435930345497,0,0.5612417469166666,0.1366288634166666,0.3021293849166667,0.8323531016666667,0.4246128883333333,12
2024-10-28,MSFT,420.74652099609375,426.0232421444704,420.46048501920137,425.7470788183642,14882400,-1.53863525390625,-0.0036435930345497,416.2500380209072,415.0198693847656,413.5350328063965,56.50816493179535,6.713724104573317,212713500.0,1.0171759468607888,1.1749814628458473,-0.1578055159850585,404.1808053298092,413.43458862304686,422.68837191628455,4.47654044817954,0.8950779989839489,75.81022024891043,75.97574479937707,0.0125647873775787,1,0.5950964611222221,0.08589860678888887,0.3190049298777778,0.7858570106666667,0.5091978577444444,24
2024-10-29,MSFT,426.0331115722656,427.2364010768137,419.967330895513,422.1372070838931,17644100,5.286590576171875,0.0125647873775787,417.1817593115128,415.2254150390625,413.7598680114746,62.044095714008726,6.753391681482409,230357600.0,1.6573285965544642,1.452107290031618,0.205221306522846,403.2335749506719,413.989875793457,424.7461766362422,5.196407676477364,1.0598223755003404,83.2569880020168,78.13926809284568,0.0013428123401488,1,0.4598403537142857,0.196407749,0.3437519167142857,0.7976979842857144,0.26343262,7
2024-10-30,MSFT,426.6051940917969,432.4934181148105,426.1810914644013,431.4479404242528,29749100,0.57208251953125,0.0013428123401488,418.0792292905875,415.3778973388672,413.9787353515625,62.59889392062073,6.732457028701155,260106700.0,2.185621972128388,1.5843205324844334,0.6013014396439544,402.7536894442973,414.7493286132813,426.7449677822652,5.784524936588312,0.994173979039412,82.137125575732,80.4014446088864,-0.060527581409799,0,0.7348679418181819,0.0460081996818181,0.2191238545454545,0.8508431481818182,0.688859737,11
2024-10-31,MSFT,400.7838134765625,410.4594334413064,400.7344803180944,409.6703738017444,53971000,-25.82138061523437,-0.060527581409799,416.4320468321089,415.0269714355469,414.0724194335937,36.5969413844324,8.099475367629823,206135700.0,0.5147944312956838,-0.0692056066786165,0.5840000379743003,400.8741982045666,414.246809387207,427.6194205698474,6.456349634857752,-0.0033794719209898,57.82411155566712,74.40607504447196,0.0098928765380095,1,0.3873868957066667,0.3322758006,0.2803373081333333,0.7845527406666667,0.0551110930666666,15
2024-11-01,MSFT,404.7487182617188,409.8084519793405,401.9180365381017,403.40736208449033,24230400,3.96490478515625,0.0098928765380095,415.3193488730241,414.9247912597656,414.1643473815918,40.67202753605199,8.165558448711838,230366100.0,-0.4838363877065603,-0.8542691405446885,0.3704327528381282,400.0545434705215,413.9662048339844,427.8778661974473,6.721158008075548,0.1687136664901106,30.49628836693356,56.81917516611088,-0.004654369520296,0,0.51991385887,0.30350407533,0.1765820744,0.8646237859999999,0.216409792,10
2024-11-04,MSFT,402.8648681640625,404.7980415718176,400.01447130701087,404.1865091063775,19672300,-1.88385009765625,-0.004654369520296,414.1332078531231,414.7604724121094,414.2233135986328,39.377033282847385,7.923987864147187,210693800.0,-1.4110042863081276,-1.425149631317005,0.014145345008877,399.84076112777575,413.9129425048829,427.9851238819899,6.799585097265268,0.1074498315238613,7.19039474390145,31.836931555500698,0.0073446285742162,1,0.6338194636666667,0.11483622444285713,0.25134431769047616,0.871764008,0.5189832535712381,21
2024-11-05,MSFT,405.8237609863281,409.2166418436789,402.4900558335031,402.7760918050739,17626000,2.958892822265625,0.0073446285742162,413.3418319610474,414.7204284667969,414.30766815185547,42.47513181597178,7.838459160292086,228319800.0,-1.8853010268972523,-1.5195570975249035,-0.3657439293723489,399.3915966786253,413.752668762207,428.1137408457887,6.941863179538944,0.2239444336142698,13.10072399973221,16.92913570352239,0.0211929087557536,1,0.6180997542941177,0.1150156967647059,0.2668845425294117,0.8366107870588235,0.5030840598235294,17
2024-11-06,MSFT,414.4243469238281,414.6906677145501,404.8966664565658,406.770664244806,26681800,8.6005859375,0.0211929087557536,413.4449286241693,414.8454919433594,414.4233036804199,50.40836084625917,7.978140738698668,255001600.0,-1.5493294978500105,-0.9468684547821292,-0.6024610430678812,399.5532887970896,413.8868072509766,428.2203257048635,6.926298786419276,0.5187511417584209,23.676426752900056,14.655848498844556,0.0124945351044565,1,0.4627335702727272,0.3179142864090909,0.2193521384545454,0.8057260927272728,0.1448192763636363,11
2024-11-07,MSFT,419.6023864746094,421.0029483375747,414.12842327754487,415.5092398399127,19901800,5.17803955078125,0.0124945351044565,414.0313531813541,415.1380285644531,414.5468780517578,54.47870366394366,7.899311047365181,274903400.0,-0.8553847801825327,-0.2023389896917212,-0.6530457904908115,399.9276004879062,414.3597381591797,428.7918758304532,6.965994203678771,0.6816310388261098,40.85423982423551,25.877130192289247,-0.0067929589743824,0,0.681817863076923,0.046322327976923,0.2718598339230769,0.8425210000000001,0.6354955304615385,13
2024-11-08,MSFT,416.7520446777344,420.6577920683621,416.00244554535874,419.4939629624982,16891400,-2.850341796875,-0.0067929589743824,414.2904666571999,415.3238488769532,414.64487091064456,51.9509637001635,7.667599295625054,258012000.0,-0.5293256173142709,0.0989761385412324,-0.6283017558555033,400.3049452868193,414.6664779663086,429.028010645798,6.92678740269727,0.5726094755333567,52.07000138210094,38.86688931974549,-0.0107208256862796,0,0.7392698616666666,0.0484684618333333,0.2122616598333333,0.8687682083333333,0.6908013983333333,6
2024-11-11,MSFT,412.28411865234375,418.9909603752076,410.3016419524007,416.7323203125478,24503300,-4.467926025390625,-0.0107208256862796,414.0993858948326,415.3410107421875,414.7251344299317,48.17747236652204,7.740579233280899,233508700.0,-0.6242497097726982,0.0032416368662441,-0.6274913466389423,400.2213568750424,414.61075592041016,429.00015496577794,6.941160517374523,0.4191544670930717,49.87347257206944,47.59923792613529,0.0120091258697623,1,0.6364421680833333,0.14238333844166665,0.22117449963333335,0.80520198975,0.4940588201666667,15
2024-11-12,MSFT,417.23529052734375,418.6259798148705,411.485163708279,412.5207686609151,19401200,4.951171875,0.0120091258697623,414.3980434788813,415.60908752441406,414.80175552368166,52.311296324588376,7.697739009945942,252909900.0,-0.2965412028979699,0.2647601149927779,-0.5613013178907479,400.40923154914975,414.8223190307617,429.2354065123737,6.94904146685663,0.5837076545764559,47.44410813765251,49.795860697274286,0.0051296207143873,1,0.2854876078461538,0.2692788640769231,0.4452335516153846,0.8294232746153847,0.0162087424615384,13
2024-11-13,MSFT,419.3755493164063,423.4489505825368,412.4812790708163,415.86431721659767,21502200,2.1402587890625,0.0051296207143873,414.8720916538837,415.9306207275391,414.894620513916,54.01878108334077,7.931305617215552,274412100.0,0.1343227580590564,0.5564992607598436,-0.422176502700787,400.8754757398783,415.270100402832,429.6647250657858,6.932656432037995,0.642603541589384,50.13662631380825,49.15140234117672,0.0039747933685234,1,0.785661143,0.012789563,0.2015492832,0.807604287,0.772871584,10
2024-11-14,MSFT,421.04248046875,422.30494584048273,414.2468451563775,419.1783552177629,30246900,1.66693115234375,0.0039747933685234,415.45974773149,416.2955535888672,415.0498208618164,55.359406161064506,7.940362407707671,304659000.0,0.6033380586190447,0.8204116490558654,-0.2170735904368207,401.30662998225375,415.7716369628906,430.2366439435275,6.958149952844395,0.6821929126240667,59.12538434244296,52.23537293130122,-0.0278527070202192,0,0.4763473783363636,0.2750928096818182,0.2485598019999999,0.8834630681818182,0.2012545818636363,11
2024-11-15,MSFT,409.3153076171875,417.0084507566798,407.9739514183208,414.0692902211144,28247600,-11.7271728515625,-0.0278527070202192,414.8745629586993,416.5579095458984,415.1159757995605,45.34327334242533,8.306660025044925,276411400.0,0.0284235730799764,0.1963977308134377,-0.1679741577334612,400.9445517384504,415.61580047607424,430.2870492136981,7.060005284119836,0.2852775530030599,50.99705949555649,53.41969005060256,0.0018313589976592,1,0.6297803961999999,0.11181464895,0.2584049667,0.90318869,0.5179657314,10
2024-11-18,MSFT,410.0649108886719,412.6687324009395,406.4550421174999,409.1870876999845,24727000,0.749603271484375,0.0018313589976592,414.4165008567919,416.7559594726562,415.1493878173828,46.015629709767886,8.157162186358834,301138400.0,-0.3625345073018593,-0.1556482796547184,-0.2068862276471409,400.6346065999916,415.4668685913086,430.2991305826256,7.140045627035224,0.3178983857688361,41.44149674611158,50.521313528037005,0.0048827093712162,1,0.5954216550352563,0.12523903733974356,0.279339283349359,0.8658509351602565,0.4701826245320513,22
2024-11-19,MSFT,412.067138671875,412.215077958307,405.9125934603565,407.4512222383487,18133500,2.002227783203125,0.0048827093712162,414.19275207727605,416.8267761230469,415.22013046264647,47.86059691897019,8.024685208615386,319271900.0,-0.5049873738150268,-0.2384809169343087,-0.266506456880718,400.3679332894597,414.98752746582034,429.60712164218097,7.045799311433402,0.4001207297987963,37.0041087120241,43.147554984564046,-0.0055053035648795,0,0.5280532378636363,0.0612656627772727,0.4106810962272727,0.7752844400000001,0.4667875792727272,22
2024-11-20,MSFT,409.798583984375,411.57394553855335,404.9558378403451,411.1596854793811,19191700,-2.2685546875,-0.0055053035648795,413.77425987795215,416.6778442382813,415.28031509399415,45.94468159423008,7.959443467394994,300080200.0,-0.7918082286465165,-0.4202414174126386,-0.3715668112338778,399.860805046386,414.53826599121095,429.2157269360359,7.0813539540092165,0.3385387627787524,41.37558208666519,39.94039584826694,-0.0043167851727845,0,0.5005478225000001,0.21085627345,0.288595919875,0.835845365,0.2896915446499999,8
2024-11-21,MSFT,408.0295715332031,414.85856338751086,405.47983232208855,414.5818472703372,20780200,-1.769012451171875,-0.0043167851727845,413.2271467022617,416.4154168701172,415.28967041015625,44.450374212702094,8.060821152968373,279300000.0,-1.1486197693783424,-0.6216423665155717,-0.5269774028627707,399.1992032203677,413.9941436767578,428.7890841331479,7.147415335392665,0.2984252737908612,42.461480108637325,40.280390302442186,0.0100031315646835,1,0.6369102064444445,0.1090137535555555,0.2540760461111111,0.8240352233333333,0.5278964493333334,9
2024-11-22,MSFT,412.1111450195313,412.50644943843054,406.2407824115055,406.547145598137,24814600,4.081573486328125,0.0100031315646835,413.120860827716,416.16380493164064,415.3191395568848,48.60389436990865,7.932595858250991,304114600.0,-1.089487681078026,-0.4500082225722042,-0.6394794585058219,399.1740449671274,413.4854431152344,427.7968412633414,6.922322604773564,0.4519858897963472,40.61922040763421,41.48542753431223,0.0042925615396498,1,0.6207940839166667,0.156744826875,0.22246108925,0.7738172575000001,0.4640492480871667,12
2024-11-25,MSFT,413.8801574707031,416.143288030705,409.9863472135053,413.4749606494442,27691100,1.769012451171875,0.0042925615396498,413.1931747937147,415.9327789306641,415.3258670043945,50.33711975449079,7.805763355318757,331805700.0,-0.8896255054662561,-0.2001168375683473,-0.6895086678979088,399.21979909307566,413.14212493896486,427.0644507848541,6.739727084448719,0.5265053605233707,42.843097770570296,41.97459942894727,0.021968032060109,1,0.49884669076,0.1344211246625,0.36673220515833327,0.80485767775,0.36442555390000003,18
2024-11-26,MSFT,422.9722900390625,424.0099980685231,413.93946191933657,414.6707766023476,23458900,9.092132568359377,0.021968032060109,414.1245191027955,415.8084399414063,415.40400131225584,58.14891880788337,7.971768872640272,355264600.0,0.0023981760983247,0.5535254751969868,-0.5511272990986621,399.5790729533762,412.9890838623047,426.3990947712332,6.494123662309455,0.8722296068421129,62.96034244205276,48.80755354008574,-0.0116825046197838,0,0.3850908475,0.2104696006,0.4044395142,0.933291802,0.1746212582,5
2024-11-27,MSFT,418.0309143066406,422.2212256438805,417.07228524559736,420.1260548953634,18332400,-4.941375732421875,-0.0116825046197838,414.4965567412569,415.6708837890625,415.50127655029297,53.24684504143548,7.823785724127763,336932200.0,0.3070659801384181,0.6865546233896642,-0.379488643251246,400.4319928534787,412.56036987304685,424.68874689261503,5.879564740210177,0.7255266481561169,70.53234998867252,58.77859673376518,0.00111110810987,1,0.6185330295384616,0.0183735561153846,0.3630934267692308,0.8318041015384616,0.6001594727692308,13
2024-11-29,MSFT,418.4953918457031,419.89875718802,412.9017454606376,415.1649061905191,16271900,0.4644775390625,0.00111110810987,414.8773981797756,415.3871752929688,415.58161239624025,53.64244861800331,7.764730438645953,353204100.0,0.5793188384980112,0.7670459853994058,-0.1877271469013945,402.34333783295926,413.4459487915039,424.5485597500485,5.370767807011964,0.727398900720427,78.07758189620773,70.52342477564433,0.0177585820786412,1,0.49954994722222223,0.1259906982333333,0.3744593505555555,0.6858516611111111,0.37355924305555555,15
2024-12-02,MSFT,425.9272766113281,427.9235836266096,416.3706327320821,416.62759418862754,20207200,7.431884765625,0.0177585820786412,415.9297675542092,415.3195697021485,415.7135049438477,59.54145042058409,8.03531761406606,373411300.0,1.3788773402997094,1.2532835897608832,0.1255937505388262,402.8940627060536,414.5048767089844,426.1156907119153,5.602256887839982,0.9918862665210396,76.99568596120109,75.20187261536044,0.000510432739345,1,0.5657903946666667,0.018520918468888866,0.41568870931111107,0.8704942702222223,0.5472694843333333,11
2024-12-03,MSFT,426.1446838378906,427.3997836787713,422.725226676786,424.800612603748,18302000,0.2174072265625,0.000510432739345,416.9026167240836,415.2910290527344,415.85876892089846,59.70299430047044,7.795263284631724,391713300.0,2.0069413886701,1.505078110505019,0.501863278165081,404.2938700928063,415.66886749267576,427.0438648925452,5.473105295801304,0.9604755490025464,84.87375437041113,79.98234074260664,0.0144248290360529,1,0.5703065147499999,0.022269401625,0.40742409175,0.7596906987500001,0.548037104625,8
2024-12-04,MSFT,432.291748046875,434.5153692878957,427.5578970490266,427.953201459916,26009400,6.147064208984375,0.0144248290360529,418.3682482786352,415.4710394287109,416.0410089111328,64.07118464789977,7.836364867872676,417722700.0,2.966507330546904,1.971715241905458,0.9947920886414456,404.411971554406,416.9922668457031,429.57256213700026,6.0338266637218725,1.1080732147740533,92.0134960913419,84.62764547431802,0.0118878930933936,1,0.4833334894999999,0.27616940875,0.2404970906666666,0.8474587116666666,0.2071640708333333,6
2024-12-05,MSFT,437.4307861328125,439.4468779302167,431.0564230401268,432.7859063083414,21697800,5.1390380859375,0.0118878930933936,420.18372807427113,415.6958367919922,416.2519413757324,67.26587174625547,7.875942726602476,439420500.0,4.094449413453333,2.4797258598495096,1.6147235536038234,402.806401576259,418.14258880615233,433.4787760360456,7.335386368406041,1.128845913183154,92.96233685992593,89.94986244055963,0.0021464054162585,1,0.4658910394444444,0.0108163148888888,0.5232926305555555,0.8096494344444445,0.4550747227777778,9
2024-12-06,MSFT,438.3696899414063,440.87002757046025,436.5907746503493,437.1145598403157,18821000,0.93890380859375,0.0021464054162585,421.91572444256974,415.9551934814453,416.42103485107424,67.82870267174965,7.619036311853081,458241500.0,5.006402637915187,2.7133432674490905,2.2930593704660964,401.3869594000653,419.08095397949216,436.774948558919,8.444189320182128,1.0450644814919718,93.22341401153732,92.73308232093504,0.0055232003234642,1,0.69215561625,0.0848623111249999,0.2229820999166666,0.8655391474999999,0.6072933125000001,12
2024-12-09,MSFT,440.7908935546875,443.0738089240489,435.3356203613735,437.4110061952819,19144400,2.42120361328125,0.0055232003234642,423.7133595961048,416.3278729248047,416.60867141723634,69.29486829716282,7.627547186911816,477385900.0,5.8569873312120535,2.851142368596766,3.005844962615288,400.27094216624494,420.2828964233398,440.2948506804347,9.523087628546929,1.0123936640040272,93.73456056139226,93.30677047761849,-0.0060310848170804,0,0.35364036381481484,0.04094149074074074,0.605418110111111,0.8443386874074074,0.3126988693481481,14
2024-12-10,MSFT,438.1324462890625,444.34871163189086,436.4227478753231,439.1800467406791,18469500,-2.658447265625,-0.0060310848170804,425.0866059478151,416.6024078369141,416.7967741394043,65.75161420176208,7.648862656172957,458916400.0,6.244583678489278,2.590990972699192,3.6535927057900857,400.48687640776274,421.57531280517577,442.6637492025888,10.004587914358597,0.8925642748439574,90.42292224840914,92.4602989404462,0.0127670490844569,1,0.5470971850666667,0.2105013671,0.2424014331333333,0.8219823046666667,0.3365958148666666,15
2024-12-11,MSFT,443.7261047363281,445.0701760009867,438.8440180787416,438.8440180787416,19200200,5.593658447265625,0.0127670490844569,426.86179630862586,417.1783825683594,417.0131401062012,69.30778076244701,7.598067445869474,478116600.0,6.923310451454256,2.615774196531336,4.30753625492292,399.83323531368194,422.899853515625,445.9664717175681,10.90878514626434,0.9514370298752498,91.61193218163892,91.92313833048009,0.001269530840301,1,0.4506431078333333,0.1579361273499999,0.3914207875,0.8332435883333332,0.292706983,6
2024-12-12,MSFT,444.2894287109375,450.8120574082061,443.8446923743848,443.8446923743848,20834800,0.563323974609375,0.001269530840301,428.52157082313175,417.8358483886719,417.2311434936523,69.649566440143,7.561487819155792,498951400.0,7.421115841906101,2.4908636695865445,4.930252172319556,399.3487633632357,424.1455474853516,448.94233160746745,11.692582543482793,0.9061793078970248,88.73024073039441,90.25503172014749,-0.0050939397777624,0,0.7547210971428572,0.0134687523285714,0.2318101447142857,0.8527390671428572,0.7412523442857143,7
2024-12-13,MSFT,442.0262451171875,446.13747735633456,440.3560560775405,443.1825414368637,20177800,-2.26318359375,-0.0050939397777624,429.8077302797085,418.4596893310547,417.4087411499024,66.4480619057479,7.434340209129956,478773600.0,7.546024327323892,2.092617724003468,5.453406603320424,399.26221976600095,425.1947357177734,451.1272516695459,12.197947798199175,0.8245251912833327,86.81686897549348,89.05301396250893,0.0096587232700529,1,0.5865313095555555,0.1390297503888888,0.2744389555555556,0.855142438888889,0.4475015413333333,9
2024-12-16,MSFT,446.295654296875,446.87873364714176,440.0596337652838,442.02629379074256,23598800,4.2694091796875,0.0096587232700529,431.37800875753385,419.17838623046873,417.5985466003418,69.31364909899743,7.390394471467669,502372400.0,7.898472171232242,1.9560524543294544,5.942419716902788,400.634693454728,427.0437530517578,453.4528126487876,12.368315615580032,0.8644942595245317,83.97738821945688,86.50816597511492,0.0063552808574489,1,0.4626030995055555,0.22440635649027776,0.3129905349305555,0.8017263363611112,0.23819674913888889,19
2024-12-17,MSFT,449.1319885253906,449.9522746519603,444.2993336430134,445.7224537683285,22733500,2.836334228515625,0.0063552808574489,433.0688639735202,420.0824237060546,417.80538345336913,71.08073467299579,7.266290652716184,525105900.0,8.310855723335749,1.894748805146368,6.416106918189381,402.1252280213057,428.9971069335937,455.8689858458818,12.52776696065118,0.8746459571643413,87.37820809660586,86.05748843051872,-0.0375610588376545,0,0.55762522,0.0200272255,0.422347575,0.7286705175,0.53759798375,4
2024-12-18,MSFT,432.2621154785156,447.3431888706938,431.8964279723808,446.0287948744165,24444500,-16.869873046875,-0.0375610588376545,432.9920307835198,420.5470812988281,417.9881628417969,51.92728378900652,7.978381359880018,500661400.0,7.193492784938655,0.6219086933994191,6.571584091539236,404.2614329480022,430.0068557739258,455.7522785998494,11.97442435171737,0.5437992360785577,78.24126413761141,83.19895348455803,-0.0008231219684045,0,0.5111786021428572,0.0688629117571428,0.4199585099999999,0.76566306,0.4423156934285714,7
2024-12-19,MSFT,431.90631103515625,437.9842031344139,431.2046434354816,436.44249480171817,22963700,-0.355804443359375,-0.0008231219684045,432.88862890272327,420.9503759765625,418.17191497802736,51.61140169026921,7.892751241240895,477697700.0,6.207705595157904,-0.2911027971050659,6.49880839226297,407.091708892461,431.1122421264648,455.1327753604686,11.143517110774814,0.516528960888498,63.91490622044722,76.51145948488815,-0.0009838401221645,0,0.1768153776666666,0.217427848,0.6057567604999999,0.7569230983333334,-0.0406124773333333,6
2024-12-20,MSFT,431.48138427734375,438.5376604876813,423.6048219518138,428.03227991601136,64263700,-0.4249267578125,-0.0009838401221645,432.754605605068,421.3771282958984,418.3189001464844,51.21073996612014,8.395614619428512,413434000.0,5.330724829377118,-0.9344668503086816,6.2651916796858,410.72209966978687,432.2848327636719,453.8475658575569,9.97616916422014,0.4813695118603497,42.45057534701788,61.53558190169216,-0.0030919919410313,0,0.6652169525,0.1949105373333333,0.1398725156666666,0.7711615916666666,0.4703064233333333,6
2024-12-23,MSFT,430.1472473144531,432.5191043348879,427.7556054663108,431.6197693083459,19152500,-1.334136962890625,-0.0030919919410313,432.5062857678666,421.7677282714844,418.4735632324219,49.9009195055816,8.136177780081985,394281500.0,4.476455755678614,-1.4309887392057483,5.907444494884363,413.661864704598,433.186637878418,452.7114110522379,9.014485428010794,0.4221657906878976,33.443162769952416,46.60288144580583,0.0093737063291301,1,0.7376564855555555,0.026178416119444433,0.23616512222222222,0.8461883522222222,0.7114780648611111,14
2024-12-24,MSFT,434.1793212890625,434.4461751355928,429.0995978702605,429.5541964268554,7164500,4.032073974609375,0.0093737063291301,432.665622484171,422.1833435058594,418.65674026489256,53.75096738227643,7.936920600457004,401446000.0,4.077789809807541,-1.463723748061458,5.541513557868999,416.8020198131184,434.201596069336,451.60117232555353,8.01451510714351,0.4993599045187813,31.36281615826122,35.75218475841049,-0.0027769366652075,0,0.3493692925,0.4334425199,0.2171881713333333,0.857582035,-0.0840732416666666,6
2024-12-26,MSFT,432.9736328125,435.7704710980457,431.51100346947777,433.9322618472237,8194200,-1.2056884765625,-0.0027769366652075,432.6949568011548,422.5827355957031,418.7810165405273,52.45290016180908,7.674245388179211,393251800.0,3.622793879045332,-1.5349757430589337,5.157769622104266,418.0635412800096,434.7016632080078,451.339785136006,7.654961246392425,0.4480701486926862,32.44937742514066,32.418452117784746,-0.0173014897432138,0,0.40248605865,0.07427844437,0.5232354859999999,0.831797133,0.3282076205,7
2024-12-27,MSFT,425.4825439453125,430.117561657289,421.351556737901,429.5048352492743,18117700,-7.4910888671875,-0.0173014897432138,432.0080603386936,422.88398803710936,418.86872161865233,45.15625340162412,7.956233294352056,375134100.0,2.6274504466891244,-2.024255340332113,4.651705787021237,419.6571278499584,435.0742446899414,450.4913615299244,7.087119970050225,0.1889268971564898,29.107872005509336,30.973355196303725,-0.0132395060410787,0,0.4994259375,0.0138770816249999,0.4866969875,0.708311745,0.4855488375,4
2024-12-30,MSFT,419.849365234375,422.5374777077036,416.9537232035626,421.0649558192297,13158700,-5.6331787109375,-0.0132395060410787,430.8500893763776,423.0607403564453,418.8785334777832,40.58426835899271,7.997132397737615,361975400.0,1.3683101344641386,-2.626716522045679,3.995026656509818,420.0073182309009,435.141943359375,450.276568487849,6.956178488165032,-0.0052182659030236,19.003115781982824,26.85345507087759,-0.0078384174476638,0,0.2564365030555555,0.2750119585,0.4685515194444445,0.7484238330555556,-0.01857545744444448,11
2024-12-31,MSFT,416.5584106445313,421.72710593306806,415.7282622709632,421.1044871129431,13246500,-3.29095458984375,-0.0078384174476638,429.48897711620174,423.1432678222656,418.9151318359375,38.15386434143465,7.854397488049563,348728900.0,0.1036846218847813,-3.1130736277000293,3.2167582495848106,417.9323339648033,434.6735000610352,451.414666157267,7.702869438270843,-0.0410342777908797,8.313512433190661,18.808166740227595,-0.0069276543969261,0,0.5034991867818182,0.1300691977454545,0.3664316189818181,0.764522712,0.3734299857090909,55
2025-01-02,MSFT,413.6726379394531,421.0748471756245,409.98638702094667,420.5411695836378,16896500,-2.885772705078125,-0.0069276543969261,427.98265909936856,423.155849609375,418.9328788757324,36.11168703298383,8.085401964237295,331832400.0,-1.1185045239529927,-3.468210218830243,2.34970569487725,415.2783708247854,434.0498977661133,452.8214247074412,8.649478798607118,-0.0427704387168694,6.649221167915106,11.32194979436285,0.0113957532980824,1,0.6057086061666667,0.19046732031666663,0.2038240828333333,0.7728554231666667,0.415241284,11
2025-01-03,MSFT,418.3867492675781,419.0587698676589,414.62141923267626,416.1433429164244,16662900,4.714111328125,0.0113957532980824,427.06876292491233,423.09050537109374,418.9540989685058,41.609841834235496,7.892596961663611,348495300.0,-1.687259167320633,-3.2295718897583066,1.5423127224376736,413.3825332698749,433.3546478271484,453.326762384422,9.217445645230432,0.1252800744596373,10.804755299810424,8.589162966972049,0.0106294836421256,1,0.5086414492857143,0.3239342924285714,0.1674242548571428,0.8958897228571429,0.1847071462857143,7
2025-01-06,MSFT,422.833984375,429.2281326887413,420.491774572373,422.9822197752049,20573600,4.447235107421875,0.0106294836421256,426.6654506820635,423.1715087890625,418.9787847900391,46.304543706932506,8.103224565913582,369068900.0,-1.7588714386853894,-2.6409473288984504,0.882075890213061,412.2393083617448,432.6248077392578,453.0103071167708,9.424100982114435,0.2598581427183994,20.73149551407532,12.72849066060027,-0.0128082691659237,0,0.4497442024888889,0.0672579071,0.4829978969111111,0.805867172,0.3824862928222222,25
2025-01-07,MSFT,417.418212890625,425.6011386030249,415.8666120215368,423.9704889084133,18139100,-5.415771484375,-0.0128082691659237,425.78476136859314,423.1416326904297,418.95604873657226,41.88772047246509,8.219746138454617,350929800.0,-2.2269611550188984,-2.4872296361855675,0.2602684811666691,410.3445630222403,431.5772338867188,452.8099047511972,9.839569466285443,0.1665746601907407,23.92022061009477,18.48549047466016,0.0051849837256432,1,0.5525248146666667,0.14346163544,0.3040135543333333,0.7325531533333333,0.4090631833333333,15
2025-01-08,MSFT,419.58251953125,421.9642686702226,416.5979364179098,418.4954097350683,15054600,2.164306640625,0.0051849837256432,425.1940716697985,423.0875799560547,418.9472297668457,44.17924880117297,8.01593086087306,365984400.0,-2.395668395572045,-2.1247495013909714,-0.2709188941810737,409.1129676260421,430.5168151855469,451.9206627450516,9.94332709177921,0.2445717265576088,25.47653655051116,23.37608422489373,-0.0132136581306986,0,0.420989883,0.1799618617272727,0.3990482447272727,0.8489064227272728,0.2410280223636363,11
2025-01-10,MSFT,414.0382995605469,419.73074959963856,410.15435142162687,419.651700779007,20201100,-5.544219970703125,-0.0132136581306986,424.1316171832032,422.9534155273437,418.93958297729495,39.84478706417519,8.127392812097249,345783300.0,-2.9428193264822653,-2.137520345840953,-0.8052989806413121,407.062880012981,429.3121078491211,451.5613356852612,10.365059558934895,0.1567564411434424,19.49163554573013,22.962797568778672,-0.0042008646289541,0,0.5515957148412698,0.1344297474285714,0.3139745279126984,0.8118190673015873,0.4171659592857142,16
2025-01-13,MSFT,412.2989807128906,413.5936202176339,407.4564330075351,410.3718299167744,17604800,-1.73931884765625,-0.0042008646289541,423.00469942412576,422.6787329101562,418.929185180664,38.56643699884575,8.016998079305429,328178500.0,-3.4767115100399906,-2.1371300235189428,-1.3395814865210478,405.3468208675245,427.7407516479492,450.1346824283739,10.470796010970655,0.1552241969829441,18.48659370200264,21.151588599414627,-0.0036435398908958,0,0.48563121921111113,0.10820375358777777,0.4061650225111111,0.7750996636666666,0.3774274724666667,18
2025-01-14,MSFT,410.7967529296875,414.8190138642203,405.9047740139068,412.9116481684101,16935900,-1.502227783203125,-0.0036435398908958,421.8420378532269,422.36256408691406,418.9123573303223,37.4489082131963,8.081086777234576,311242600.0,-3.9752182974129937,-2.1085094487135567,-1.866708848699437,403.8643472426848,426.06611785888674,448.2678884750888,10.421748965992752,0.1561228112577596,15.383976019906989,17.787401755879902,0.025597080986923,1,0.2743616111428571,0.2998063528571428,0.4258320448571428,0.6887782557142856,-0.0254447485714285,7
2025-01-15,MSFT,421.31195068359375,423.1303749542111,413.3662029812818,414.21613604764553,19637800,10.51519775390625,0.025597080986923,421.79155336088087,422.7731268310547,418.9515940856934,48.66261681754964,8.384839294898079,330880400.0,-3.481665466155277,-1.2919652939646724,-2.189700172190605,404.00177771276407,425.03040313720703,446.05902856165,9.895115864290096,0.4115859363472451,27.849475569169147,20.573348430359577,-0.0040580780917819,0,0.5480105354545455,0.2696933542727273,0.1822960958181818,0.8405529845454546,0.2783171927272727,11
2025-01-16,MSFT,419.6022338867188,424.45467293276505,419.4144891834001,423.6739565648765,15300000,-1.709716796875,-0.0040580780917819,421.583046744294,423.0701971435547,418.9633641052246,47.18153895169566,8.145935327359997,315580400.0,-3.19168934037748,-0.8015913345494994,-2.39009800582798,404.9733251342829,423.6957321166992,442.4181390991156,8.83766607177418,0.3906791676458859,37.94388297997628,27.05911152301746,0.0104810885844355,1,0.5345794136,0.1120508430999999,0.3533697517,0.7843110280000001,0.4225285774999999,10
2025-01-17,MSFT,424.0001220703125,429.386239236107,423.1502190446997,429.0007970548674,26197500,4.39788818359375,0.0104810885844355,421.813244394391,423.4929022216797,419.0125039672852,51.28848290547269,8.26294032893344,341777900.0,-2.577298852938668,-0.1497606776885502,-2.4275381752501177,407.782047720642,422.4391387939453,437.09622986724855,6.939267566518076,0.5532501049683186,57.395466031260405,41.06294152680193,-0.0012353137796325,0,0.4927329613999999,0.0123035183,0.4949635174,0.840526616,0.480429451,5
2025-01-21,MSFT,423.4763488769531,425.8482057091823,420.6103539480181,425.1564304696716,26085700,-0.523773193359375,-0.0012353137796325,421.9716352974921,423.8459539794922,419.0638896179199,50.782044096254026,8.046862574092774,315692200.0,-2.108350334296574,0.2553502727628349,-2.363700607059409,408.03649096317855,421.9998504638672,435.9632099645558,6.617708269488691,0.5528704576077531,65.14329136771869,53.49421345965178,0.0413068940500946,1,0.5160200404107143,0.18488881414910713,0.2990911341636905,0.8669298432738095,0.3311312366309524,16
2025-01-22,MSFT,440.9688415527344,442.0262741390286,430.888412499157,432.430120920086,27803800,17.49249267578125,0.0413068940500946,423.7808930360866,424.3768438720703,419.2153659057617,63.680552169518144,8.79708133752011,343496000.0,-0.3215012206622987,1.6337595091176884,-1.955260729779987,406.75294366725103,422.4529769897461,438.1530103122412,7.432795685033674,1.089675963822913,82.21297391169146,68.25057710355684,0.0011429329132637,1,0.4857559821538461,0.3154621142692307,0.1987818909230769,0.8444643123076924,0.1702938696153846,13
2025-01-23,MSFT,441.4728393554688,441.5123788470024,436.3239289556834,436.81806704057095,18389300,0.503997802734375,0.0011429329132637,425.4658403045992,424.8142529296875,419.3318209838867,63.9735062352438,8.539321948505746,361885300.0,1.1223205730944985,2.4620650422995887,-1.3397444692050902,405.5876034484941,422.9525497436524,440.3174960388106,8.211297605692632,1.0332665387217552,90.12403309935156,79.16009945958722,-0.005932249435269,0,0.3758066232,0.1947612529999999,0.4294321408,0.797642854,0.1810453699999999,5
2025-01-24,MSFT,438.8539123535156,441.4135440071518,436.225094129831,439.94102216929423,15549500,-2.618927001953125,-0.005932249435269,426.7408947854484,425.2562902832031,419.4397514343262,61.210598684124434,8.304209325443747,346335800.0,2.031812752399503,2.6972457772836744,-0.6654330248841716,404.9216643351509,423.3878829956055,441.85410165606,8.723073759126086,0.9187654668855048,95.58598144337088,89.30766281813794,-0.0213934764520928,0,0.5455167528571429,0.0443489535,0.4101342788571429,0.7437839285714285,0.5011678028571429,7
2025-01-27,MSFT,429.4653015136719,430.09781275609777,418.53496919379126,419.0389997051121,35647800,-9.38861083984375,-0.0213934764520928,427.0003620928982,425.5999139404297,419.4924342346192,52.46311915505887,9.162404599320936,310688000.0,1.9722742759996663,2.1101658407070705,-0.1378915647074039,405.1278932033424,423.1521820068359,441.1764708103294,8.519057478570359,0.6751281167224844,84.97038316236997,90.22679923503078,0.0290867742047573,1,0.46258953200925923,0.1221825866759259,0.41522784516666666,0.8185827774074075,0.3404069491018518,16
2025-01-28,MSFT,441.9570617675781,443.1232202686072,426.322527413146,429.5047775015721,23491700,12.49176025390625,0.0290867742047573,428.4248096809629,426.0943493652344,419.62241561889647,60.54272820630089,9.707996617616669,334179700.0,2.899644956898328,2.4300292172845857,0.4696157396137424,404.22351848028455,423.60135345458986,442.9791884288952,9.149090207702846,0.97362639679117,84.43667211223418,88.33101223932499,-0.0108899645347146,0,0.5418286807999999,0.2020309133,0.2561404036,0.827098249,0.339797779,10
2025-01-29,MSFT,437.1441650390625,441.6408395030523,435.236799356433,441.45306462654537,23581400,-4.812896728515625,-0.0108899645347146,429.2552244769724,426.4497216796875,419.7053852844238,56.55437632079512,9.494587031440126,310598300.0,3.209238258952724,2.191698015471185,1.0175402434815386,403.9331548505472,424.18443450927737,444.4357141680075,9.548337002114687,0.8199731263450878,82.00924279950107,83.80543269136838,-0.0618089908505382,0,0.4065347003571428,0.2744507231428571,0.3190145854285714,0.8582467300000001,0.1320839728571428,14
2025-01-30,MSFT,410.1247253417969,417.90245411076046,408.3161931892364,413.8604081236296,54586300,-27.019439697265625,-0.0618089908505382,427.4332721783842,426.2313665771485,419.68288757324217,40.445740819086986,10.875543089896269,256012000.0,1.259827699139862,0.1938299645266585,1.0659977346132037,402.6044792573171,423.6982025146484,444.7919257719797,9.956956688576952,0.1782579109609309,64.04676292085108,76.83089261086211,0.0001686885606608,1,0.598993653625,0.1591586199375,0.2418477285,0.8871740175,0.4398350227499999,8
2025-01-31,MSFT,410.1939086914063,415.7579084081136,410.0456732964256,414.06796458574274,34161900,0.069183349609375,0.0001686885606608,425.7914280367673,426.2489385986328,419.7013235473633,40.49247927101162,10.506735377167107,290173900.0,-0.276326377657881,-1.0738592898168675,0.7975329121589866,401.6816374632321,423.3799774169922,445.07831737075225,10.250054849612836,0.1961502872181488,35.59926240027212,60.55175604020807,-0.0099745306122934,0,0.4868290336875,0.19371362975,0.3194573414375,0.845108385,0.29311539925,16
2025-02-03,MSFT,406.1024169921875,410.5397669066902,403.868903417148,406.7744374831542,25679100,-4.09149169921875,-0.0099745306122934,423.9162841277597,426.1696887207031,419.69468338012695,38.56487365723516,10.232744528051043,264494800.0,-1.80310368018462,-2.080509273874885,0.2774055936902653,400.3939188423726,423.0014663696289,445.6090138968853,10.68911071220793,0.1262520435472391,9.517468327189883,36.387831216104345,0.0035287007810229,1,0.5917806333809524,0.057498755919047566,0.3507206037619048,0.8333750590476191,0.5342818769047618,15
2025-02-04,MSFT,407.5354309082031,409.0672770356713,404.9362598096777,407.8516865143663,20532100,1.433013916015625,0.0035287007810229,422.3562028687543,426.0790545654297,419.708671875,39.64851408252842,9.796906863618368,285026900.0,-2.8644340329643114,-2.5134717013236614,-0.35096233164065,398.9322300138738,422.45890045166016,445.98557088944654,11.137968882953343,0.1828393209544788,8.85150537505415,17.989412034172037,0.0022310715920577,1,0.4004892533333333,0.2320456090833333,0.3674651230833333,0.8303451475,0.1684436551333333,12
2025-02-05,MSFT,408.4446716308594,408.9783190539917,405.5885389886856,407.515689607161,16316700,0.90924072265625,0.0022310715920577,421.0312951318119,426.0519763183594,419.7644038391113,40.367245233945326,9.3392549494532,301343600.0,-3.590785516292499,-2.591858547721479,-0.9989269685710198,397.435416978421,421.7394348144532,446.0434526504853,11.525608387427576,0.2264904248900873,8.895674938926396,9.088216213723465,0.0061214525047417,1,0.5723439075384615,0.2662854112307692,0.1613706811538461,0.8785121346153846,0.306058503076923,13
2025-02-06,MSFT,410.9449462890625,413.2970480674949,409.14627667499167,409.14627667499167,16309800,2.500274658203125,0.0061214525047417,420.0706904801215,426.1102838134765,419.8579431152344,42.39868714037128,9.018763627109085,317653400.0,-3.919491571621222,-2.336451682440161,-1.5830398891810604,396.72091663784505,421.415771484375,446.11062633090495,11.719948097597753,0.2879958141000405,13.007774095816094,10.2516514699322,-0.0145975254131861,0,0.4946364460416666,0.18268632675,0.3226772418333333,0.79194685,0.311950125,12
2025-02-07,MSFT,404.9461669921875,413.7418190108213,403.3155173181378,411.59727657785896,22886800,-5.998779296875,-0.0145975254131861,418.6302596717468,425.9669842529297,419.91244705200194,38.96867960715122,9.119302060364396,294766600.0,-4.610893335841865,-2.422282757328644,-2.188610578513221,394.9687630236794,420.6839538574219,446.3991446911644,12.22542034130348,0.1939982486036255,11.259731731254137,11.054393588665528,0.0060280606115963,1,0.681329759625,0.2037620966375,0.114908154125,0.83949507125,0.47756766,8
2025-02-10,MSFT,407.38720703125,410.5892121947109,406.10246006462063,408.8597288843585,20817900,2.4410400390625,0.0060280606115963,417.5594927536042,425.8371252441406,419.9466761779785,41.05827503258762,8.87099799909004,315584500.0,-4.905317241037096,-2.1733653300191,-2.7319519110179966,394.1339161266884,420.351399230957,446.5688823352257,12.474079140563896,0.2527567358745383,10.783621865978327,11.683709231016172,-0.0018922391526603,0,0.4082870356606061,0.2037342843901515,0.38797867729924246,0.7925828426818181,0.20455275085757574,29
2025-02-11,MSFT,406.6163330078125,407.6540108795472,404.5014076146391,404.8374480391833,18140600,-0.7708740234375,-0.0018922391526603,416.5172870635288,425.5100061035157,419.9697296142578,40.58569472674472,8.462541232362762,297443900.0,-5.141584413745932,-1.927706002182348,-3.213878411563584,393.387768808708,420.0672668457031,446.7467648826982,12.702488454923984,0.2479162872697438,7.53887180079915,9.860741799343856,-0.0058331564595747,0,0.48258514625,0.1769589500833333,0.3404559129166666,0.7647147850000001,0.30562619725,12
2025-02-12,MSFT,404.2444763183594,405.93442005448907,399.6292135248499,402.435914112503,19121700,-2.371856689453125,-0.0058331564595747,415.3484479449412,425.23427734375,420.0301593017578,39.09467878919288,8.357153964548464,278322200.0,-5.457308408459994,-1.794743997517128,-3.662564410942866,392.4587082628166,419.7396530151367,447.0205977674568,12.998983801673994,0.216007329704747,9.71051999277775,9.344337886518394,0.0036670664517737,1,0.452837281,0.1721640165555555,0.3749986854444444,0.7111873944444445,0.2806732522222221,9
2025-02-13,MSFT,405.7268676757813,406.1814662248677,401.59585076694265,402.2283619307085,23891700,1.482391357421875,0.0036670664517737,414.432106966926,424.9789068603516,420.0622291564941,40.564334293117525,8.08775835693251,302213900.0,-5.524225522148583,-1.4893288889645735,-4.03489663318401,391.0212112413154,418.9603988647461,446.8995864881768,13.337388306454388,0.2631725845552719,10.974230245789316,9.407874013122056,-0.0051395058149549,0,0.3419746272,0.1576087374,0.50041665,0.726922344,0.184365882,5
2025-02-14,MSFT,403.6416320800781,404.1160155029715,401.1215398904841,403.0091510093491,22758500,-2.085235595703125,-0.0051395058149549,413.4044426919881,424.53319396972654,420.1038717651367,39.1338286178289,7.839013316101413,279455400.0,-5.680042903503136,-1.3161170162553004,-4.363925887247835,389.4412732229125,418.16236877441406,446.8834643259156,13.736815025072572,0.2472113020845963,11.285336840715106,10.656695693094042,0.0029626820460606,1,0.5255106035,0.22317820425,0.25131121125,0.86433324125,0.30233240625,8
2025-02-18,MSFT,404.8374938964844,405.7862306432336,401.7342920226082,403.2167063843153,21423100,1.19586181640625,0.0029626820460606,412.5885428067021,424.1070501708985,420.2149795532226,40.431230178772914,7.568507980710268,300878500.0,-5.641995830566259,-1.0224559546547392,-4.61953987591152,388.0507838501108,417.2042373657226,446.35769088133446,13.975626757623658,0.287902598527207,11.880661634865012,11.380076240456464,0.0125229586192678,1,0.7694511756780303,0.07971953858863634,0.150829275030303,0.8566289033030303,0.6897316354621212,22
2025-02-19,MSFT,409.9072570800781,410.6188170610077,402.8707362463259,403.098050601273,24114200,5.06976318359375,0.0125229586192678,412.3331822613093,423.6593603515625,420.3238700866699,45.714176737316734,7.581334611708232,324992700.0,-5.1434650683994505,-0.4191401539903445,-4.724324914409106,387.3562103233904,416.5257827758789,445.6953552283674,14.00613054879432,0.3865508620912932,25.95629236518737,16.37409694692248,0.0052907118242391,1,0.3366185767,0.2624485926,0.4009328335,0.778744832,0.0741699845999999,10
2025-02-20,MSFT,412.0759582519531,415.2249706128277,408.520936591177,411.24414537664296,23508700,2.168701171875,0.0052907118242391,412.3086847366087,423.1522637939453,420.4293539428711,47.8450133431034,7.518670283846978,348501400.0,-4.521261499504931,0.1624507319233403,-4.683712231428271,388.1185064472021,415.08113861083984,442.0437707744776,12.991499567469685,0.4442713838054069,48.60502896696742,28.81399432233992,-0.0190324230230457,0,0.6078157777142857,0.0099870602142857,0.3821971799999999,0.72166573,0.5978287234285714,7
2025-02-21,MSFT,404.233154296875,413.97728805449503,403.91629474772697,413.2742134325657,27524800,-7.842803955078125,-0.0190324230230457,411.53958659949126,422.4695330810547,420.45228439331055,41.50081598460426,7.700264785484199,320976600.0,-4.607892506052451,0.0606557803006566,-4.668548286353108,388.7784716576377,413.21915435791016,437.6598370581826,11.82940453873692,0.3161671633473852,54.31277362836246,42.958031653505735,-0.0103133706459773,0,0.3127257550833333,0.2311321627777778,0.4561420874999999,0.7838113222222223,0.0815935865555555,18
2025-02-24,MSFT,400.0641479492188,405.381827456766,395.429748735741,404.5302202614153,26443700,-4.16900634765625,-0.0103133706459773,410.44668768041765,421.6549981689453,420.4205630493164,38.5728400574976,7.861108638022826,294532900.0,-4.955824513205528,-0.2298209814819358,-4.726003531723592,389.2459831079819,411.2796661376953,433.3133491674087,10.714696029896404,0.245491523742265,43.367869240534965,48.76189061195493,-0.0150990495146118,0,0.2616320633650794,0.4793713331071429,0.2589966051111111,0.8698200253571429,-0.21773927583730157,29
2025-02-25,MSFT,394.0235595703125,398.00441513588805,392.8352683816966,397.1923965138258,29387400,-6.04058837890625,-0.0150990495146118,408.88258024136,420.7728204345703,420.37927658081054,34.74753371371061,7.815949418701349,265145500.0,-5.653814480509425,-0.7422487590286657,-4.911565721480759,387.91282983843047,409.5075790405273,431.1023282426242,10.546690858661602,0.1414864714263196,19.413162488319767,39.03126845240572,0.0045992042358964,1,0.362834667,0.3393333787142857,0.2978319467142857,0.7394488728571428,0.0235012842857143,7
2025-02-26,MSFT,395.8357543945313,399.6680471786912,390.40913086553707,394.1325097993192,19619000,1.81219482421875,0.0045992042358964,407.64002539880494,419.8150134277344,420.3411546325684,36.77332759994222,7.919018482590831,284764500.0,-5.991679232670094,-0.8640908089514676,-5.127588423718627,390.7135964249025,407.201513671875,423.68943091884745,8.098161079164612,0.1553306549548967,16.86219909057956,26.547743606478083,-0.0180122253569686,0,0.5231006745,0.2227450497083333,0.2541542725,0.8151709916666667,0.3003556254166666,12
2025-02-27,MSFT,388.7058715820313,401.78716793671936,388.3493932994261,397.3607146060961,21127400,-7.1298828125,-0.0180122253569686,405.8367726543503,418.7033422851562,420.2586366271973,32.49845453833309,8.313215350783862,263637100.0,-6.756872419745548,-1.303427196821537,-5.453445222924011,393.0538148676124,404.77959899902345,416.5053831304345,5.793663593920075,-0.1854009606885852,9.5004310888311,15.258597555910129,0.0113621500129463,1,0.6200289640000001,0.0604670282999999,0.3195039996,0.786400353,0.5595619408999999,10
2025-02-28,MSFT,393.1224060058594,393.7561854578909,382.80393739721217,388.8346033379453,32845700,4.416534423828125,0.0113621500129463,404.6258805925893,417.7252655029297,420.186309967041,37.35638211263747,8.501717687204925,296482800.0,-6.927065220029306,-1.1788959976842357,-5.74816922234507,391.4367979949589,403.9294830322266,416.4221680694943,6.185577216838602,0.0674638000506707,18.34014881520781,14.900926331539477,-0.0214111576495118,0,0.3623770958,0.3923967242,0.2452261779999999,0.742995568,-0.0300196419999999,5
2025-03-03,MSFT,384.7052001953125,394.9345790531096,382.3979130752632,394.9345790531096,23007700,-8.417205810546875,-0.0214111576495118,402.7286729357058,416.4934564208984,420.07690933227536,32.54863988209153,8.789928279393605,273475100.0,-7.652924256762162,-1.5238040275336733,-6.129120229228489,387.970482881723,402.65504760742186,417.3396123331207,7.293868442953647,-0.1111807788451523,13.393826880756324,13.7448022615984,0.0003089000334761,1,0.4042409214851852,0.18005264010555552,0.41570643403333335,0.8026818248703704,0.22418828314814812,18
2025-03-04,MSFT,384.8240356445313,388.7553599770303,377.2881889484286,379.6648014174362,29342900,0.11883544921875,0.0003089000334761,401.02346938416537,415.20729736328127,419.9541477966309,32.68036871484014,8.981159904337035,302818000.0,-8.12492467128169,-1.5966435536425596,-6.52828111763913,385.0889810299535,401.5911285400391,418.0932760501246,8.218382497680226,-0.0080276032334682,19.573100251841293,17.102358649268464,0.0319343177122382,1,0.2922337825,0.3803805317833333,0.3273856488333333,0.7840068233333333,-0.0881467416666666,6
2025-03-05,MSFT,397.1131286621094,397.7568203379533,385.02209070764377,385.5469260754551,23433100,12.289093017578123,0.0319343177122382,400.6510559820648,414.50431762695314,419.8570442199707,44.70642665454065,9.263418817843108,326251100.0,-7.421807323177859,-0.7148209644309826,-6.706986358746876,384.69386677914673,401.0700134277344,417.446160076322,8.166228389217789,0.3791875509381127,26.38355617888461,19.78349443716073,-0.0102986312577122,0,0.5178559345833333,0.3536604273333333,0.1284836473333333,0.8193771916666667,0.164195515,12
2025-03-06,MSFT,393.0234069824219,398.2321421191711,388.8544001591339,390.43881857931865,23304600,-4.0897216796875,-0.0102986312577122,399.924613220194,413.7266595458984,419.7497804260254,42.01638588616282,9.271584756571256,302946500.0,-7.112598511240492,-0.3244897219948921,-6.7881087892456,383.9321397743098,400.2989501953125,416.6657606163152,8.177293701628274,0.2777348479715299,37.86650892443266,27.94105511838617,-0.0090201637741271,0,0.4069840350909091,0.3154370960909091,0.2775788604090909,0.8673797799999999,0.091546938690909,11
2025-03-07,MSFT,389.478271484375,390.9537458547577,381.7839796807534,388.497925986767,22034100,-3.545135498046875,-0.0090201637741271,398.9297235310684,412.8865972900391,419.6286305236816,39.78179975486842,9.412144938363914,280912400.0,-7.072088473113979,-0.2271837470947026,-6.844904726019276,382.9771004282903,399.2256164550781,415.4741324818659,8.140016750962232,0.200054301739514,41.955975343431696,35.40201348224964,-0.0334341657979706,0,0.4334576755,0.248322434925,0.31821989775,0.84795966,0.1851352449999999,4
2025-03-10,MSFT,376.4563903808594,382.6355890788174,373.5450301742595,382.08104715568106,32840100,-13.021881103515623,-0.0334341657979706,396.7894060881913,411.8127801513672,419.41711807250977,32.86720477230308,9.87793753634617,248072300.0,-7.998538776593136,-0.9229072404590876,-7.075631536134049,379.01176385472434,397.8011276245117,416.5904913942991,9.446611618216846,-0.0680005322472363,26.86504435789202,35.56250954191878,0.000762906235816,1,0.5177564188333333,0.19911685971111112,0.2831267304444444,0.8193452266666666,0.31863956611111116,11
2025-03-11,MSFT,376.74359130859375,382.23950999896846,373.2380702422645,375.3077054134949,30380200,0.287200927734375,0.000762906235816,394.8802808710868,410.6640655517578,419.1888276672364,33.14321463856,9.815330552086014,278452500.0,-8.610328099595563,-1.2277572507692105,-7.382570848826353,375.9230562830701,396.2689468383789,416.6148373936877,10.268728204739682,0.0201646377506319,15.822247912935316,28.21442253808633,0.0074122322204035,1,0.1457730978888889,0.4559595108888889,0.3982673984444445,0.8723234166666667,-0.310186417111111,9
2025-03-12,MSFT,379.5361022949219,381.4671171244127,375.2582114968026,379.2192427611773,24253600,2.792510986328125,0.0074122322204035,393.4189305304997,409.59531494140623,418.9672143554688,35.90267108234741,9.5577287717663,302706100.0,-8.768762412444744,-1.1089532508947126,-7.659809161550031,373.9100356188703,394.9149353027344,415.9198349865984,10.637683109028064,0.1339227218584027,10.26450195893644,17.650598076587908,-0.0117411142994502,0,0.3552445995,0.2984012396,0.3463541653,0.832444304,0.0568433639999999,10
2025-03-13,MSFT,375.0799255371094,381.5661320778761,373.7728082450696,379.4271716632625,20473000,-4.4561767578125,-0.0117411142994502,391.6723586263673,408.5872625732422,418.7406480407715,33.52475835758568,9.431699847554883,282233100.0,-9.14844143125532,-1.1909058157642312,-7.95753561549109,371.23110190298695,393.4567077636719,415.6823136243568,11.297611870444792,0.0865853479596397,9.84617420903709,11.977641360302933,0.025846786073183,1,0.4401805345714286,0.2792510447142857,0.2805684311428572,0.9058605271428573,0.1609294942857143,7
2025-03-14,MSFT,384.7745361328125,386.4282798172616,375.8127158813028,376.08007458561946,19952800,9.694610595703123,0.025846786073183,391.0154231507907,407.8857659912109,418.5469990539551,42.45439797656136,9.56860373559755,302185900.0,-8.568295755381314,-0.4886081119121783,-8.079687643469136,370.6248719006404,392.4090911865234,414.1933104724065,11.102810701971428,0.3247686787963436,20.53288451031209,13.547853559428525,0.0003603977445953,1,0.4238620188888889,0.2600289592777778,0.316108997111111,0.7162524944444445,0.1638330688888889,9
2025-03-17,MSFT,384.9132080078125,388.88412112316473,381.813696346666,382.9326924641042,22474300,0.138671875,0.0003603977445953,390.4342598038404,407.2528619384765,418.3532557678223,42.57322934648472,9.390162381376207,324660200.0,-8.005059127498384,0.0597028127766012,-8.064761940274986,370.09398131513086,391.4726699829101,412.8513586506894,10.922187067982328,0.3465887670420198,29.01140485850765,19.796821192618925,-0.0133265825386138,0,0.40998692366666667,0.2128637486861111,0.3771493313611111,0.8326957954166666,0.19712317660555553,19
2025-03-18,MSFT,379.78363037109375,383.5961286419255,377.38722360904,383.2990634136601,19486900,-5.12957763671875,-0.0133265825386138,389.4199141435788,406.57508178710935,418.139525756836,39.33728357227719,9.257006811190228,305173300.0,-7.881748200576226,0.1464109917590086,-8.028159192335234,369.18727859315646,390.2199768066406,411.2526750201248,10.779918745116492,0.2519018641922016,34.74384620184227,28.09604519022065,0.0112120372044437,1,0.4831307532352942,0.0571341520294117,0.4597351121764705,0.7419056500000001,0.4259965993529411,17
2025-03-19,MSFT,384.0417785644531,385.8836435250732,380.2589866011294,381.7740797920575,19185500,4.258148193359375,0.0112120372044437,388.90771075509065,405.8881823730469,418.0184648132324,43.19703631470329,9.0315072642466,324358800.0,-7.355635245818519,0.5380191572133732,-7.893654403031892,369.8007940098527,388.92670288085935,408.0526117518661,9.835225367318408,0.3722956292076824,35.68246932020241,33.14590679351742,-0.0025268825449781,0,0.4769276379090909,0.0533073926727272,0.4697649621818182,0.8559524627272727,0.4236202330636363,11
2025-03-20,MSFT,383.07135009765625,387.97313863322194,379.5460345045817,381.98206039861145,18470500,-0.970428466796875,-0.0025268825449781,388.351866882954,405.0929296875,417.89028717041015,42.53285055477809,8.988335611703288,305888300.0,-6.937026680373151,0.7653021781269933,-7.702328858500144,371.44315891679753,387.47647247314455,403.5097860294916,8.275761082478768,0.3626259518967472,35.16497052615094,35.19709534939852,0.0114257881429344,1,0.5325010984285715,0.1496362812857143,0.3178626195714286,0.7637990964285715,0.3828648261428571,14
2025-03-21,MSFT,387.4482421875,387.92354654843615,379.0706401827953,379.4865617188815,39675900,4.37689208984375,0.0114257881429344,388.2658073881489,404.4935302734375,417.7919194030762,46.52642533402145,8.978662094127403,345564200.0,-6.180848786542413,1.217184057566186,-7.398032844108599,372.5626862679829,386.6372268676758,400.7117674673687,7.280489110537633,0.5288114313245117,46.47390028381504,39.10711337672277,0.0046515002003795,1,0.6502485908333333,0.0126988053999999,0.3370526150833333,0.8397426025,0.6375497840833334,12
2025-03-24,MSFT,389.2504577636719,391.54786272911446,386.0123261773924,391.54786272911446,21004500,1.802215576171875,0.0046515002003795,388.3595836143892,403.88688903808594,417.6900100708008,48.12497476238658,8.732724555384163,366568700.0,-5.37419821080897,1.6190677066397037,-6.9932659174486735,373.3594827552061,386.0965423583984,398.8336019615908,6.5978625581003385,0.6238086145283855,53.42045308357624,45.01977463118072,0.0052917457437535,1,0.5402846103333333,0.2645893185,0.19512606141666664,0.7840169100000001,0.2756952925,11
2025-03-25,MSFT,391.3102722167969,392.4985634335279,388.8148334634192,390.0823622267607,15775000,2.059814453125,0.0052917457437535,388.6406015765232,403.4323284912109,417.5593142700195,49.96599337641435,8.372082085007344,382343700.0,-4.516646912069859,1.981295204303052,-6.497942116372911,373.50984817450575,385.9608779907227,398.4119078069396,6.451964707426236,0.7148173406149442,64.40828806529579,54.767547144229006,-0.013133912343619,0,0.4677829518,0.113408545,0.4188085174999999,0.798276204,0.3543744037999999,10
2025-03-26,MSFT,386.17083740234375,391.45881045430576,384.7844825194778,391.1518329523951,16108400,-5.139434814453125,-0.013133912343619,388.40538594088713,402.909765625,417.4004107666016,45.61599627671608,8.250813931423101,366235300.0,-4.203287880739765,1.8357233885065167,-6.0390112692462825,373.8758987761169,385.4776321411133,397.0793655061097,6.019406781428656,0.5298750729490955,67.83909974333447,61.88928029740216,0.0015642427726278,1,0.5622923127272728,0.1076169041363636,0.3300907796363636,0.8440534963636364,0.4546754137727273,11
2025-03-27,MSFT,386.77490234375,388.41873402068063,383.6258895962636,386.3293044381274,13766800,0.60406494140625,0.0015642427726278,388.2501017887788,402.42932861328126,417.2478256225586,46.208756398302455,8.003816109494094,380002100.0,-3.861690434876209,1.7418566674960587,-5.603547102372268,373.8565356764085,385.3810836791992,396.90563168199,5.980858163959125,0.5604717280110798,69.911817418101,67.38640174224373,-0.0301603933772243,0,0.4930377857499999,0.0908624724166666,0.4160997591666666,0.7571049416666668,0.4021753208333333,12
2025-03-28,MSFT,375.109619140625,385.3389984995421,373.2578420054409,384.2992097422753,21632000,-11.665283203125,-0.0301603933772243,386.9986272508594,401.5052819824219,417.0171250915527,37.66991766150775,8.397619268695165,358370100.0,-4.480613142384812,0.8983471679899653,-5.378960310374777,372.7039599606032,384.4804443359375,396.25692871127177,6.125921122294927,0.1021382571975571,49.04884466264317,62.26658727469286,-0.0090019258693259,0,0.5930615994285714,0.1368392849714285,0.2700991197142857,0.7786301928571427,0.4562223157142857,7
2025-03-31,MSFT,371.73291015625,373.3965360973775,363.66228447346174,368.9106692295297,35184700,-3.376708984375,-0.0090019258693259,385.5447494323252,400.5478955078125,416.74586303710936,35.618146699175654,8.615456082871457,323185400.0,-5.183830075597996,0.1561041878214251,-5.339934263419421,370.81289732601306,383.8318298339844,396.8507623419557,6.783664874068573,0.0353336508071468,35.99589323174066,51.65218510416159,0.0181144417050107,1,0.7411349346190477,0.025617075626984103,0.23324795168253964,0.9058049430158731,0.7155178520614286,23
2025-04-01,MSFT,378.4666442871094,379.12021808448793,369.59394254927554,371.0000917512926,19689500,6.733734130859375,0.0181144417050107,384.87064418039984,399.6372259521484,416.4670179748535,42.36035993049025,8.680514615181526,342874900.0,-5.13854455043321,0.1611117703889695,-5.299656320822179,370.2984925061442,383.51396026611326,396.7294280260823,6.891779246210008,0.3090375584626409,29.68138029856485,38.24203939764954,-0.0001307896282696,0,0.2539538017857143,0.0853517823928571,0.6606944107142858,0.8640960764285713,0.1686020146642857,14
2025-04-02,MSFT,378.4171447753906,381.3284750168948,372.95090216784337,374.2877562933966,16092600,-0.04949951171875,-0.0001307896282696,384.2560251894466,398.7360418701172,416.185365600586,42.325271140552246,8.658875917600804,326782300.0,-5.048454204866516,0.2009616927645305,-5.249415897631047,370.7740257740936,382.5791610717773,394.3842963694611,6.17134256064143,0.3237200933561808,43.49826810234004,36.39184721088184,-0.0236302127432052,0,0.2458474516363636,0.1931026863636363,0.5610498615454546,0.8448125445454546,0.0527447566636363,11
2025-04-03,MSFT,369.4750671386719,373.80251903809335,365.7517184220645,371.13872318254886,30198000,-8.94207763671875,-0.0236302127432052,382.8483148988966,397.306166381836,415.854129486084,36.45115826599213,8.945058091581183,296584300.0,-5.633666489703614,-0.3074004736580544,-5.32626601604556,369.3045139281965,381.4017440795898,393.4989742309832,6.343563100680999,0.007049266995045,40.88831159500092,38.02265333196859,-0.0355659088297894,0,0.4653351793636364,0.0859379956363636,0.4487268269090909,0.7770234827272727,0.3793971792454545,11
2025-04-04,MSFT,356.3343505859375,370.9406526219325,355.97787229621173,360.5825648601157,49209900,-13.140716552734377,-0.0355659088297894,380.3231754405196,395.6033966064453,415.428638305664,29.886862274929463,9.374895394019727,247374400.0,-7.076227104655061,-1.3999688708876006,-5.67625823376746,363.99695879886326,379.744548034668,395.4921372704727,8.293780288514927,-0.2432946433319323,24.10055954816044,36.16237974850045,-0.0055023978354905,0,0.3491681977545454,0.3797560063636363,0.2710757986363636,0.8506236654545454,-0.0305878104545454,11
2025-04-07,MSFT,354.3736572265625,367.385659790646,341.43101018463227,347.4616768226877,50425000,-1.960693359375,-0.0055023978354905,377.8517927534761,393.9137915039062,415.0033366394043,29.04635067287706,10.559163552019296,196949400.0,-8.282206235012666,-2.084758400996164,-6.197447834016502,359.4132399876901,378.6404113769531,397.8675827662162,10.15590032735389,-0.1310536703267182,15.492716380221063,26.82719584112745,-0.0092215751203311,0,0.3294802351547619,0.19070167582936504,0.4798180927261904,0.7612890549603174,0.1387785586460317,14
2025-04-08,MSFT,351.10577392578125,370.0097901278565,346.83776558065426,364.6723167446661,35868900,-3.26788330078125,-0.0092215751203311,375.30455286512415,392.3466009521485,414.5648461914063,27.65059495617552,11.460082194532362,161080500.0,-9.393363409742506,-2.556732460580803,-6.836630949161703,354.6864493745944,377.3585205078125,400.0305916410306,12.016196747172003,-0.0789666596354076,15.088433165460438,18.22723636461396,0.1013368582830784,1,0.3169131267777778,0.2274222774444444,0.4556646168888888,0.8814495077777778,0.0894908444444444,9
2025-04-09,MSFT,386.6857299804688,389.39905670107095,349.66000929830324,350.0957251156184,50199700,35.5799560546875,0.1013368582830784,376.38847449515697,391.2411743164063,414.28417114257815,53.723978947375656,13.480008280834886,211280200.0,-7.318594178632736,-0.3855705835768264,-6.93302359505591,354.69508460952414,377.7160018920898,400.7369191746555,12.189537730595038,0.6948169132072755,44.302188154656655,24.961112566779367,-0.0234064335354391,0,0.3517322928571428,0.3435933979285714,0.3046743117142857,0.7153966771428572,0.0081388942857142,7
2025-04-10,MSFT,377.6347961425781,380.1599412978202,364.2167855996792,378.3378706780709,38024400,-9.050933837890623,-0.0234064335354391,376.50717179491136,390.05098693847657,413.9686280822754,48.89657599858455,14.122075145117366,173255800.0,-6.331671763223142,0.4810814654662154,-6.812753228689357,354.8544240305188,377.84374542236327,400.83306681420777,12.16869230752858,0.4954555144054998,59.48543559597183,39.62535230536296,0.0186180479810755,1,0.677095809,0.0147049814,0.3081992386,0.836551268,0.6623908244,5
2025-04-11,MSFT,384.6656188964844,386.2500070536301,375.1987576222842,376.9317086118959,23839200,7.03082275390625,0.0186180479810755,377.28416675696593,389.5418048095703,413.6720930480957,52.469434411166006,13.902730451276543,197095000.0,-4.925422793422797,1.5098643482132488,-6.435287141636046,354.85549731641555,377.8382995605469,400.8211018046782,12.165416936748862,0.6485310464628143,81.39095931611655,61.72619435558166,-0.0016475570308049,0,0.5173803004545454,0.0183738573636363,0.4642458381818182,0.805552729090909,0.4990064437272727,11
2025-04-14,MSFT,384.0318603515625,390.8052198187617,380.4669263634922,389.38915847164185,19251200,-0.633758544921875,-0.0016475570308049,377.9268042421656,389.0185638427735,413.36643280029296,52.11573281697324,13.648127808704611,177843800.0,-3.818086842964192,2.0937602389374828,-5.911847081901675,354.86253785736415,377.7942321777344,400.7259264981046,12.139780000443183,0.6360045203525851,80.23662250589452,73.70433913932762,-0.0053634167188759,0,0.4851658770555556,0.2036419783611111,0.31119213758333336,0.786074735,0.2815239097222222,9
2025-04-15,MSFT,381.9721374511719,388.0721288920929,380.4174255118224,384.7250528209778,17199900,-2.059722900390625,-0.0053634167188759,378.31207407159474,388.5359582519531,413.04707748413085,50.91446059522607,13.220026063816457,160643900.0,-3.0713133599526827,2.272426977559194,-5.343740337511877,354.9142219964556,377.9036575317383,400.893093067021,12.1668235155157,0.5884858593676545,83.97529422114606,81.86762534771903,-0.0366060283963608,0,0.4956261663,0.10200838446,0.4023654537,0.7446931880000001,0.3936177808,10
2025-04-16,MSFT,367.9896545410156,377.8922316795949,364.4148386997168,376.9614172312142,21967800,-13.98248291015625,-0.0366060283963608,377.3289864972539,387.7450427246094,412.6868531799316,43.57201969008594,13.529831255790643,138676100.0,-3.56664544034129,1.4216759177364695,-4.98832135807776,353.9049390599328,377.1010513305664,400.29716360120005,12.302332326461723,0.3036007783708255,73.68493370309078,79.2989501433771,-0.0103064407583665,0,0.5501528059375,0.1674245383125,0.282422665875,0.76437293375,0.3827282671875,16
2025-04-17,MSFT,364.1969909667969,370.6732850580017,363.3156772913849,370.10883089247193,21120200,-3.79266357421875,-0.0103064407583665,376.078320256258,386.86008911132814,412.25952224731446,41.81072619840769,13.088958149421082,117555900.0,-4.216629259212027,0.6173536790925862,-4.833982938304613,352.4788352914479,376.1573333740234,399.83583145659895,12.589677766048675,0.2474429677609511,60.66983355008398,72.77668715810692,-0.0235465757645357,0,0.7617369100000001,0.05323441,0.185028635,0.7617369100000001,0.7085024866666667,3
2025-04-21,MSFT,355.62139892578125,360.9291967860095,352.2050274305898,359.28536510699473,20807300,-8.575592041015625,-0.0235465757645357,374.1300420343079,385.7536181640625,411.7767605590821,38.06407082726534,13.010601391334369,96748600.0,-5.361915898246366,-0.4223463679534021,-4.939569530292964,349.8801696063783,374.5659912109375,399.2518128154968,13.181026672898009,0.1162859679408569,42.88002066284744,59.07826263867404,0.0214411702666832,1,0.5847334534119047,0.10383106924583332,0.311435485322619,0.7776212430833334,0.48090238771309524,22
2025-04-22,MSFT,363.246337890625,364.1870645763753,356.3541225187108,359.8398489744652,19485000,7.62493896484375,0.0214411702666832,373.09349878252857,384.91962158203125,411.32478881835937,42.95851939043043,12.693105981281487,116233600.0,-5.589858551026509,-0.5202312165868364,-5.069627334439673,349.0763692578383,373.2657852172852,397.455201176732,12.96096075099182,0.2928960471088351,39.67773031360145,47.74252817551093,0.0206368958844835,1,0.5260528301,0.10962893503,0.3643182453999999,0.8631880300000001,0.4164238970999999,10
2025-04-23,MSFT,370.74261474609375,376.68416126561135,369.3859362391119,372.3963282706759,20545500,7.49627685546875,0.0206368958844835,372.8696050647729,384.1867297363281,410.8768737792969,47.36254582606362,12.746300080831835,136779100.0,-5.106750412443319,-0.0296984624029157,-5.077051950040403,349.49866590675657,372.23740234375,394.9761387807434,12.217330281063411,0.4671312519541681,44.09678756893169,42.21817951512684,0.0344825457377679,1,0.4441387296,0.27696447641,0.2788967967,0.8050314110000001,0.167174244,10
2025-04-24,MSFT,383.5267639160156,384.6655843545682,371.5347586504801,372.0397997068725,22232300,12.784149169921877,0.0344825457377679,373.8845725744151,383.72493835449217,410.4993772888184,53.89950287109333,12.830347904234882,159011400.0,-3.650232131765279,1.1414558546200997,-4.791687986385378,349.6632282136002,372.1051986694336,394.54716912526703,12.062164428812594,0.754468859342366,62.93615411070689,48.90355733107999,0.0117481691725538,1,0.50591463,0.0387696669285714,0.4553157122857142,0.8045478,0.4671449685714286,7
2025-04-25,MSFT,388.0325012207031,388.33947870229,380.8531326101871,383.2297451406492,18973200,4.5057373046875,0.0117481691725538,375.2319943502521,383.4006988525391,410.1773915100098,55.9747111461716,12.448633489082594,177984600.0,-2.108055207991129,2.1469062227153994,-4.254961430706528,349.55564896663265,372.1680786132813,394.7805082599298,12.151729794185332,0.8507898721041055,79.66969679337963,62.23421282433938,-0.0017608268753034,0,0.4081106693333333,0.2940339262888889,0.2978554066666666,0.7443333244444444,0.1140767466666666,9
2025-04-28,MSFT,387.3492431640625,388.9138371850431,382.8732888048125,388.1414373128656,16579400,-0.683258056640625,-0.0017608268753034,376.3860180468054,383.0331463623047,409.8189582824707,55.56623133046335,11.990913124164594,161405200.0,-0.9302784294043818,2.659746401041717,-3.5900248304460987,349.23888503809457,372.7800598144531,396.3212345908117,12.630061161573876,0.8094404482362667,90.59418617971444,77.73334569460029,0.0073626804783237,1,0.5568502308888889,0.1815428908439153,0.2616068853227513,0.7678754743518518,0.37530733226190477,20
2025-04-29,MSFT,390.201171875,391.2508426713115,386.5768248872523,387.48784509297593,14974000,2.8519287109375,0.0073626804783237,377.7017469828239,382.7643371582032,409.5316407775879,56.97751029113775,11.468277742728493,176379200.0,0.2305869031745828,3.056489386896545,-2.8259024837219626,348.9798836070492,373.7034729003906,398.42706219373207,13.231661510371575,0.8336428780398105,94.66672259741468,88.31020185683622,0.0030960936365957,1,0.4914939195454545,0.2064091805454545,0.3020969,0.7486362672727274,0.2850847418181818,11
2025-04-30,MSFT,391.4092712402344,392.7956259870468,380.69467558939255,386.4975712511458,36461100,1.208099365234375,0.0030960936365957,379.0072254835296,382.4957727050781,409.2560252380371,57.59197429452838,11.513468646651765,212840300.0,1.2338416070865037,3.247795272646773,-2.013953665560269,348.5098950809257,374.35060424804686,400.19131341516805,13.805619050102557,0.830073506920088,95.4001441775215,93.55368431821684,0.0762536997008895,1,0.4369685816153846,0.3689334768230769,0.194097958076923,0.859949663076923,0.0680350984615384,13
2025-05-01,MSFT,421.2556762695313,432.7327609318022,420.7605473528486,426.91004003637113,58938100,29.846405029296875,0.0762536997008895,383.0308874631488,382.7227410888672,409.12762329101565,69.26937835365281,13.64275586414577,271778400.0,4.386716302151228,5.120535974169198,-0.73381967201797,343.53648951998184,376.4925308227539,409.448572125526,17.50687655383378,1.1791341386474736,93.26946704570578,94.44544460688064,0.0232251396835023,1,0.654470501235294,0.2678491475588235,0.0776803589411764,0.8738410347058823,0.3866213523529411,17
2025-05-02,MSFT,431.0393981933594,435.1588741169636,425.8009261614823,427.533877248033,30757400,9.783721923828123,0.0232251396835023,387.60312658031177,383.1020098876953,409.0699966430664,71.99194179960556,13.661358862951955,302535800.0,7.587394050873172,6.656970978312914,0.9304230725602586,339.15512937395687,379.5707473754883,419.9863653770197,21.29543347635822,1.1367420982641026,92.45540631919688,93.70833918080804,0.0020447032450956,1,0.6949802261428571,0.1913748588571428,0.1136449474285714,0.8251242671428571,0.5036053500000001,7
2025-05-05,MSFT,431.9207458496094,435.2182909345157,427.9002714913439,428.652877068793,20136100,0.88134765625,0.0020447032450956,391.8238522250068,383.65576171875,409.0463125610352,72.23061342278052,13.208263190110516,322671900.0,10.078888464178137,7.318772313294302,2.760116150883834,338.44563987529443,383.3500671386719,428.2544944020493,23.42737414840929,1.0408228282932597,92.26978853632164,92.66488730040808,-0.006557113423069,0,0.5300761117569445,0.12416781710555554,0.3457560794930556,0.8103130885416667,0.40590829737499995,24
2025-05-06,MSFT,429.0885925292969,433.46554517602334,426.9694566129341,427.9894209087166,15104200,-2.8321533203125,-0.006557113423069,395.3728751111296,384.2362506103516,409.0239739990234,70.16156227289649,12.728822145323283,307567700.0,11.69012811327616,7.144009569913861,4.546118543362299,340.06389936407624,387.08581390380857,434.1077284435409,24.29534374587923,0.9466298218248538,94.55923488516612,93.09480991356152,9.231617222149602e-05,1,0.4368596162307692,0.2818982425923076,0.2812421473076923,0.7788995253846154,0.1549613742307692,13
2025-05-07,MSFT,429.1282043457031,433.8517229596541,426.9100064238295,429.61342097536215,23295300,0.03961181640625,9.231617222149602e-05,398.5876683715652,384.9383435058594,409.0178810119629,70.17443087414902,12.315457458930524,330863000.0,12.822434443499048,6.621052720109399,6.201381723389649,343.6077700253886,390.9869354248047,438.3661008242208,24.235677004367897,0.9025109834603428,93.76913623037926,93.53271988395564,0.0111227163368115,1,0.3731504138,0.1440076881733333,0.4828418920666666,0.9038849453333332,0.2291427271266666,15
2025-05-08,MSFT,433.9012756347656,439.347693561274,431.4157188741818,433.6635932118253,23491300,4.7730712890625,0.0111227163368115,401.95086906329857,385.69965393066406,409.0069546508789,71.75514198495642,12.165745441547688,354354300.0,13.94420224729123,6.194256419121264,7.749945828169966,342.4839703962496,393.3477127075195,444.2114550187895,25.861974364188345,0.8986490286053981,93.00990610403804,93.77942573986113,0.0012779505976792,1,0.4414863743,0.28372647793,0.2747871397,0.762885958,0.157759888,10
2025-05-09,MSFT,434.4557800292969,436.4461774951318,431.6335394854884,435.7133964534002,15324200,0.55450439453125,0.0012779505976792,405.0465748695841,386.6146520996094,408.9893986511231,71.94118988450658,11.640523482125952,369678500.0,14.708405837321266,5.56676800732104,9.141637830000226,342.8649442384537,396.18876190185546,449.5125795652572,26.91838981369756,0.8588173147034966,93.5064629523957,93.42850176227098,0.0240011991924558,1,0.219863536,0.362280909,0.417855564,0.866673576,-0.1424173788,5
2025-05-12,MSFT,444.88323974609375,444.99215360102,435.495584693897,441.59557651706575,22821900,10.427459716796877,0.0240011991924558,408.8405429530612,387.6498687744141,409.1024960327149,75.24360048591764,11.561655631382887,392500400.0,15.97134383156424,5.463764801251211,10.50757903031303,342.1484222636879,399.199642944336,456.250863624984,28.58280145736664,0.9003735262517689,95.9038720443574,94.14008036693036,-0.0002671846367255,0,0.5272499632777777,0.08770806347222221,0.3850419752777778,0.756923466111111,0.4395418970555555,16
2025-05-13,MSFT,444.7643737792969,446.27946690563454,441.0211705280613,443.4176075446257,23618800,-0.118865966796875,-0.0002671846367255,412.2618601746074,388.8510522460937,409.2666865539551,75.13504093533224,11.111415684682198,368881600.0,16.76933336438549,5.009403467257966,11.759929897127522,342.3432472130946,402.2362686157227,462.12929001835073,29.78002038888591,0.8550338934955459,97.31153122747476,95.57395540807592,0.008460592152937,1,0.581096495,0.1730189354166666,0.24588457275,0.8199917241666667,0.4080775640833333,12
2025-05-14,MSFT,448.52734375,449.4779827199474,443.7741186799948,443.7741186799948,19902800,3.762969970703125,0.008460592152937,415.7157157532163,390.1251184082032,409.41587341308593,76.30075206079083,10.725161995772943,388784400.0,17.503615265376936,4.594948294599529,12.908666970777409,343.1995856722856,405.5640289306641,467.9284721890425,30.75442534823048,0.8444536066916942,98.81561464853056,97.34367264012089,0.002256121922437,1,0.5727877255555556,0.1025128228888889,0.3246994598888889,0.7101512277777778,0.4702749099999999,9
2025-05-15,MSFT,449.5392761230469,452.5750254060464,446.860659567107,447.1979616790238,21992300,1.011932373046875,0.002256121922437,418.9370072170096,391.1736413574219,409.5629327392578,76.61821012715734,10.36724798457054,410776700.0,17.960159903999283,4.041194346577502,13.918965557421782,346.97398950594066,409.6415100097656,472.3090305135906,30.596274533960685,0.8183289030148087,97.45585374008532,97.8609998720302,0.0025158679238583,1,0.6161802124,0.10659033118,0.2772294516,0.7946671006666667,0.509589888,15
2025-05-16,MSFT,450.6702575683594,450.7595407562394,445.1741794982958,448.4678481067336,23849800,1.1309814453125,0.0025158679238583,421.9592215361858,392.32657836914063,409.73440200805663,76.98920852369126,10.02568464695433,434626500.0,18.20339812757163,3.427546056119878,14.775852071451752,352.5154163772171,413.9651733398438,475.41493030247045,29.68837038480995,0.7986593116294942,97.24822353998265,97.83989730953284,0.0101260444935971,1,0.4411578991666667,0.26398410575,0.2948579928333333,0.7284245266666667,0.1771738083333333,6
2025-05-19,MSFT,455.2337646484375,455.9480603525366,447.2277066057748,447.3070896149787,21336500,4.563507080078125,0.0101260444935971,425.1282256421145,393.6416882324218,409.9511857604981,78.47342467877473,9.932446725512005,455963000.0,18.550563703680723,3.019769305783175,15.530794397897548,361.1819056775694,418.9457916259765,476.7096775743837,27.57582823506541,0.814106058021029,97.39252038801294,97.36553255602696,-0.0015254305461517,0,0.4379356411269841,0.24379838793333333,0.3182659858222222,0.8331624006984127,0.19413725749206343,15
2025-05-20,MSFT,454.5393371582031,454.70797307292094,450.7198396549624,451.9797648957129,15441800,-0.694427490234375,-0.0015254305461517,427.929283881742,395.20334716796873,410.1706015014648,77.65262982377189,9.545409458937945,440521200.0,18.55576116490209,2.4199734136036355,16.13578775129846,369.7869209476895,423.5104415893555,477.2339622310215,25.370576668689274,0.7887831549221179,97.46580774956408,97.36885055918653,-0.0122225582930971,0,0.6344341306363636,0.0204103500545454,0.3451555237272727,0.7948637681818181,0.6140237736363636,11
2025-05-21,MSFT,448.9837036132813,454.1524094962116,448.229716398419,450.9678549991314,19216900,-5.555633544921875,-0.0122225582930971,429.9344667133172,396.6481494140625,410.40467224121096,71.23334388654736,9.31428169471267,421304300.0,17.905187141877832,1.4155195124634972,16.489667629414335,378.4542543250519,427.4224960327148,476.3907377403778,22.91327300840756,0.7201550109690005,90.64870488186286,95.16901100647992,0.0050600524812642,1,0.7069490984444444,0.1205432407777777,0.1725076341111111,0.8114722344444445,0.5864058511111111,9
2025-05-22,MSFT,451.2555847167969,456.6028878213618,450.3032004241896,451.344898181628,18025600,2.271881103515625,0.0050600524812642,431.9650493803153,398.0825390625,410.7157702636719,72.24382199221249,9.193203302810376,439329900.0,17.372663113385613,0.7063963871770227,16.66626672620859,385.19914724752095,430.8089370727539,476.41872689798686,21.17402212458303,0.7241475757988601,84.96219939143009,91.02557067428565,-0.0102888783554295,0,0.6273999323125,0.16022801853125,0.2123720385,0.818303723125,0.4671719113125,16
2025-05-23,MSFT,446.6126708984375,450.0948666019555,445.3527455471655,446.414273906322,16883500,-4.642913818359375,-0.0102888783554295,433.36006095346977,399.51319396972656,410.98169860839846,67.05954901527845,8.958177293297588,422446400.0,16.387089474630727,-0.2233418012622934,16.61043127589302,392.14559682718215,433.7379455566406,475.3302942860991,19.17856122829219,0.6547727615184922,75.08163823496305,83.56418083608531,0.0233461048894798,1,0.7082295333333333,0.0414223921666666,0.2503480821666666,0.8151919950000001,0.6668071383333333,6
2025-05-27,MSFT,457.0393371582031,457.2972865174385,452.5055441364309,452.86270711658346,20974300,10.426666259765623,0.0233461048894798,435.6152301158253,400.9584899902344,411.3055688476563,71.93095492787647,9.08149431656212,443420700.0,16.2599257900647,-0.2804043886626566,16.540330178727356,400.3501705735805,437.22245025634766,474.0947299391148,16.866599444355426,0.7687233752883091,82.4990883434692,80.84764198995408,-0.0072282374811075,0,0.3967106855863095,0.21401001682202378,0.389279296125,0.7537347550595238,0.18270066979761904,26
2025-05-28,MSFT,453.7357482910156,458.8548627693229,453.3091629867606,457.56517641086623,17086300,-3.3035888671875,-0.0072282374811075,437.3409937515577,402.3349407958984,411.5919508361816,68.47565176760133,8.828937564133561,426334400.0,15.71146366842038,-0.6630932082455807,16.37455687666596,409.8781000779765,440.39917907714846,470.9202580763204,13.860643002618,0.7184812865598393,82.28324063700036,79.95465573847751,0.0028861960236381,1,0.6645995746666667,0.0567359058666666,0.2786645172,0.8639971806666666,0.6078636668666667,15
2025-05-29,MSFT,455.0453186035156,458.0612374989779,451.702028016876,457.8925712924165,13974800,1.3095703125,0.0028861960236381,439.0271199279347,403.84017456054687,411.8684883117676,69.10912469113546,8.652528415417013,440309200.0,15.207176006380848,-0.9339046962280904,16.14108070260894,422.2751028043183,443.5809814453125,464.8868600863067,9.606308445223965,0.76904164224762,88.83339136965509,84.53857345004154,0.0036625494394211,1,0.62430144,0.0151924386,0.3605061198,0.7746967939999999,0.609108996,5
2025-05-30,MSFT,456.7119445800781,458.021491741184,451.93016282180776,456.0770318895628,34770500,1.6666259765625,0.0036625494394211,440.71138894242455,405.2935778808594,412.14947021484375,69.93708039900007,8.469585594271248,475079700.0,14.771727904549948,-1.0954822384471932,15.86721014299714,425.95870312683047,445.3537948608399,464.7488865948493,8.709970346191746,0.7928098994067067,86.05843742039484,85.72502314235008,0.0034973686543957,1,0.4140865078,0.18628540874,0.3996281013,0.846888734,0.2278011059,10
2025-06-02,MSFT,458.3092346191406,458.4481094805028,453.2695031394806,453.5175220765372,16626500,1.5972900390625,0.0034973686543957,442.38737424496895,406.798335571289,412.40299530029296,70.74633920061143,8.234515647610598,491706200.0,14.38964523068114,-1.1820519298528005,15.57169716053394,427.7088296942736,446.7172866821289,465.7257436699843,8.510284940632367,0.804915542182563,91.25734126672324,88.71639001892436,0.0021646202056389,1,0.4240983606666666,0.16841829466666666,0.4074833216666667,0.8509152416666668,0.2556800616666666,9
2025-06-03,MSFT,459.3013000488281,460.4620419695056,457.2080045237085,457.8131864599202,15743800,0.9920654296875,0.0021646202056389,443.99822432152695,408.2353967285157,412.6474513244629,71.26374075056268,7.878767204623925,507450000.0,14.005447269982028,-1.2529999124415312,15.25844718242356,429.6009568370531,448.0863143920898,466.57167194712656,8.250802116157223,0.803347815246412,93.60371647193256,90.3064983863502,0.001943936982343,1,0.5596593766666667,0.201932633175,0.2384079889166666,0.7965150216666667,0.3577267525,12
2025-06-04,MSFT,460.1941528320313,461.9997378828715,459.35088242690273,460.3231275179124,14162700,0.892852783203125,0.001943936982343,445.54069370347975,409.6542706298828,412.8721086120606,71.74804714242731,7.508743678153886,521612700.0,13.616055958464926,-1.3139129791669075,14.929968937631834,432.6365887829276,449.64159240722654,466.6465960315255,7.563803665608414,0.8102780998448558,93.08455991358962,92.64853921741512,0.00821352390196,1,0.43361403,0.11544948785,0.4509364697857143,0.7275320464285714,0.3181645407142857,14
2025-06-05,MSFT,463.9739685058594,465.9283588981049,460.3528981592645,461.2755213187348,20131700,3.779815673828125,0.00821352390196,447.2962436846588,411.1075445556641,413.12828948974607,73.76392528095532,7.381990991576728,541744400.0,13.457332324180356,-1.1781092907611832,14.63544161494154,436.0884087873577,451.3838806152344,466.67935244311104,6.777145788648457,0.911562586375368,90.96545436795108,92.55124358449105,0.0057731447214881,1,0.4936649264,0.34671188601,0.1596231649,0.826004857,0.1469530349999999,10
2025-06-06,MSFT,466.6525573730469,469.5890928719542,465.06523024972654,466.3648469522318,15285600,2.6785888671875,0.0057731447214881,449.13970213117193,412.7171789550781,413.38277313232425,75.11882398395535,7.255786232613737,557030000.0,13.393292892716715,-0.99371897777986,14.387011870496575,438.5741890288845,453.0214447021484,467.4687003754123,6.378177387502107,0.9717543933317456,89.24523245066506,91.0984155774019,0.0050385608887579,1,0.4706404057142857,0.2222200494071428,0.3071395530714286,0.7775057171428571,0.2484203599499999,14
2025-06-09,MSFT,469.0038146972656,469.6784189466736,464.906536971708,465.9779957450024,16469900,2.35125732421875,0.0050385608887579,451.03152237556185,414.36175720214845,413.6328868103028,76.2769537115485,7.078364499924584,573499900.0,13.378054117374177,-0.8071662024979194,14.185220319872096,441.3720763217385,454.74884643554685,468.1256165493552,5.883146364706291,1.0328254930165806,91.8978941567983,90.70286032513812,-0.0038710159349263,0,0.5711381714206349,0.1861715229642857,0.242690300031746,0.8373796623809523,0.3849666558571429,21
2025-06-10,MSFT,467.1882934570313,469.0533703074369,463.2596519580402,467.45614299188406,15375900,-1.815521240234375,-0.0038710159349263,452.57026247855896,416.20333068847657,413.877177734375,73.43463292967908,6.986604060601167,558124000.0,13.068830543541536,-0.8931118210644478,13.961942364605983,442.24628895069327,455.8640991210938,469.4819092914943,5.974504329977135,0.915786172454937,91.62463993676788,90.92258884807708,0.0036099437017573,1,0.5926622146666667,0.0117263339166666,0.3956114373333333,0.7624971425,0.5809358841666666,12
2025-06-11,MSFT,468.8748168945313,471.7022387212418,465.93828127215454,466.29541399515057,16399200,1.6865234375,0.0036099437017573,454.123077184842,418.1461688232422,414.17226318359377,74.38935295341129,6.8992721597787465,574523200.0,12.812166302150844,-0.9198208499641148,13.731987152114955,443.3274746458419,457.06962127685546,470.811767907869,6.013152478882286,0.9295251657056834,92.08656865057492,91.86970091471368,0.0132241479970502,1,0.4579094928666666,0.1460196328666666,0.3960708873333333,0.8382261326666666,0.3118898654,15
2025-06-12,MSFT,475.0752868652344,476.6130223697302,469.7676758011157,471.2557893550323,18950600,6.200469970703125,0.0132241479970502,456.1185257258318,420.0783416748047,414.4922355651855,77.57957532071025,6.959195968023045,593473800.0,12.959692876477504,-0.6178354205099623,13.577528296987468,443.1639833188021,458.3970184326172,473.6300535464322,6.646219107576615,1.047437470865259,91.37126308441236,91.69415722391837,-0.008165017019365,0,0.571195082,0.06623950175,0.3625654153125,0.7425131606250001,0.504955585625,16
2025-06-13,MSFT,471.1962890625,475.3828499324856,469.0137405811006,472.6348110082228,16814500,-3.878997802734375,-0.008165017019365,457.5545031864669,421.93392456054687,414.8090872192383,71.57297056412014,6.917046923977472,576659300.0,12.618151845016882,-0.7675011615764671,13.38565300659335,443.8456936088152,459.4798690795898,475.1140445503645,6.805162324996901,0.8747054011518531,87.53535201974383,90.331061251577,0.0088007507694221,1,0.566090962875,0.0137489116625,0.420160125125,0.87267065875,0.55234204925,8
2025-06-16,MSFT,475.3431701660156,476.8808754060361,471.2359621947383,471.4442896166044,15626100,4.146881103515625,0.0088007507694221,459.2486619464239,424.05128662109377,415.1449472045898,73.89954262825792,6.829014025374519,592285400.0,12.537571445776848,-0.6784652486532021,13.21603669443005,444.18635736870726,460.71351470947263,477.240672050238,7.174591937546024,0.9425944267033128,89.07646162779535,89.32769224398383,-0.0022957689195171,0,0.4757551763939394,0.10494782501515147,0.4192969619696969,0.7281466333333334,0.3708073657575757,14
2025-06-17,MSFT,474.25189208984375,474.9463269378011,470.3232503868908,471.63279762120845,15414100,-1.091278076171875,-0.0022957689195171,460.677541007702,426.4096374511719,415.49132888793946,72.22434076927395,6.699793007785257,576871300.0,12.244506825529127,-0.7772238951207378,13.021730720649868,444.33865880898986,461.66442108154297,478.9901833540961,7.505781897580055,0.8632587937628993,87.23576101953289,87.94919155569067,0.0046020388556555,1,0.5772995672000001,0.1882620594,0.2344383859999999,0.7633115540000001,0.389037496,5
2025-06-18,MSFT,476.4344177246094,477.1884049341582,470.7002214709418,474.2121778763568,17526500,2.182525634765625,0.0046020388556555,462.17819593312174,428.8508526611328,415.8361958312988,73.51733245086007,6.684678040316049,594397800.0,12.049463862290397,-0.7778134866875774,12.827277348977972,444.62453177785255,462.7591751098633,480.893818441874,7.837615895008633,0.8770474655712402,93.48883917374546,89.9336872736912,-0.005913602676129,0,0.6007656045454546,0.0220506242272727,0.3771837801818181,0.7879984163636364,0.5787149881818182,11
2025-06-20,MSFT,473.6169738769531,479.6289507141904,473.09117492174096,478.4087168746746,37576200,-2.81744384765625,-0.005913602676129,463.2676033563438,431.3010766601562,416.14715057373047,69.04876932772848,6.674185022611293,556821600.0,11.53458324099637,-1.034155286385282,12.568738527381653,446.4288642305389,463.9908386230469,481.5528130155549,7.569966012529652,0.7740618747859234,87.92199161029221,89.54886393452348,0.0180141333334535,1,0.3828233119090909,0.07698708261363629,0.5401896155454545,0.7643453013636363,0.30583622540909083,22
2025-06-23,MSFT,482.1487731933594,483.8849056071214,468.7656821606551,474.4204952857464,24864000,8.53179931640625,0.0180141333334535,465.06581000748815,433.21033752441406,416.5387371826172,74.16899896606591,7.277402052886656,581685600.0,11.680337876436568,-0.7107205207560661,12.391058397192634,447.3041011508267,465.535498046875,483.7668949429233,7.832441123195537,0.9556226613136092,89.23307124287415,90.21463400897058,0.0084567737644494,1,0.6831455150000001,0.04715040666666664,0.2697040672222222,0.77002339,0.6359951027777778,13
2025-06-24,MSFT,486.2261962890625,487.9524285572733,482.9424282150726,485.0754151445847,22305600,4.077423095703125,0.0084567737644494,467.0810848914476,435.3821655273438,416.9533737182617,76.1957304199997,7.172134432245749,603991200.0,11.986688360539176,-0.3234960293227651,12.31018438986194,449.331074917876,467.5161743164063,485.7012737149365,7.779452518458937,1.014432766151622,88.2162921345088,88.45711832922503,0.0044071736922772,1,0.6517087822222222,0.1098605314444444,0.2384307044444444,0.8188490644444444,0.5418482488888889,9
2025-06-25,MSFT,488.36907958984375,490.64094135329833,485.5119270894243,488.1409215620263,17495100,2.14288330078125,0.0044071736922772,469.1085129579616,437.45623474121095,417.3812399291992,77.20786308477904,7.026197277362054,621486300.0,12.261048366544742,-0.03930881865376,12.300357185198502,449.4383691161257,469.0826614379883,488.72695375985086,8.375620732449306,0.9908911411990948,93.31856557475491,90.25597631737928,0.0105227947123012,1,0.6727305942307692,0.1059320800384615,0.2213373258461538,0.8262630515384615,0.5667985153846153,13
2025-06-26,MSFT,493.5080871582031,494.0934082095605,488.9048412091741,489.0735074056833,21578900,5.139007568359375,0.0105227947123012,471.4322819294132,439.64575927734376,417.8677928161621,79.4630565698312,6.933206658958814,643065200.0,12.746225061984603,0.356694301428881,12.389530760555722,450.0404779417133,471.07127838134767,492.10207882098206,8.928924943969633,1.0334273614848088,94.85512768657512,92.12999513194627,-0.0030355062338011,0,0.4669855009090909,0.0153668104545454,0.5176476842727272,0.7939960899999999,0.4516186906363636,11
2025-06-27,MSFT,492.0100402832031,495.3434002058453,489.1230962739066,493.60726767719865,34539200,-1.498046875,-0.0030355062338011,473.39206843929793,441.8465173339844,418.3270309448242,77.06913415006736,6.882285035600231,608526000.0,12.861590812691247,0.3776480417084187,12.483942770982829,451.3567981874709,472.919514465332,494.4822307431932,9.118979284345794,0.9426744193975152,93.40375834611288,93.8591505358143,0.0029641143554672,1,0.715362037,0.0163359775888888,0.2683020001111111,0.8817892500000001,0.6990260469222221,9
2025-06-30,MSFT,493.4684143066406,496.7918742042072,491.4048797426009,493.101351114434,28369000,1.4583740234375,0.0029641143554672,475.3041013790449,444.35609252929686,418.7517414855957,77.77121751394694,6.775478566029234,636895000.0,12.921743778075324,0.3502408056739945,12.57150297240133,452.7720077236992,474.7573379516601,496.742668179621,9.261712656329475,0.9255354857300204,92.6002953282183,93.61972712030207,-0.010775837411726,0,0.6079909967666667,0.13155780066638886,0.26045119550555557,0.7825848780000001,0.47643320438888886,19
2025-07-01,MSFT,488.15087890625,494.1033336285329,487.0893808236798,492.5358672063285,19945400,-5.317535400390625,-0.010775837411726,476.5276040006834,446.8351702880859,419.1062699890137,69.42464708042957,6.792512440230938,616949600.0,12.39742497225592,-0.1392624001163298,12.53668737237225,454.8901393937632,476.2494201660156,497.6087009382681,8.969787622967333,0.778601579967416,83.89758367304512,89.9672124491254,-0.0019510209225863,0,0.571339472,0.0611967768111111,0.3674637574444444,0.7049593188888889,0.5101427088888889,9
2025-07-02,MSFT,487.198486328125,489.5893925672679,484.82744098086494,486.107196925814,16319600,-0.952392578125,-0.0019510209225863,477.5438785080588,449.4667120361328,419.4365077209473,68.01667241082588,6.647472379243227,600630000.0,11.769378352093897,-0.613847216222684,12.38322556831658,457.2735897531199,477.64427947998047,498.014969206841,8.529648779228967,0.7345086733991745,75.95074340432002,84.14954080186114,0.0157812449105891,1,0.5214864432857144,0.162307648,0.3162059065714285,0.8730363828571429,0.3591787971428571,7
2025-07-03,MSFT,494.8870849609375,496.1668712111537,489.52988173373706,489.8969449330373,13984800,7.6885986328125,0.0157812449105891,479.195612455952,452.0995269775391,419.78748443603513,72.81064866599512,6.813251843799328,614614800.0,11.75653056795096,-0.5013560002924962,12.257886568243457,459.3416985158275,479.3789260864258,499.4161536570241,8.359661420321114,0.8869836488074742,76.98900390206065,78.9457769931419,-0.002245249579748,0,0.505802977125,0.25098188095,0.243215138375,0.85588030125,0.254821102875,8
2025-07-07,MSFT,493.7759399414063,494.7977767455099,491.3056810299541,493.4386378219278,13981600,-1.11114501953125,-0.002245249579748,480.5842150736144,454.5601934814453,420.1292068481445,71.15083076214802,6.582405564312477,600633200.0,11.523848734737328,-0.5872302668049034,12.111079001542231,461.2068484897882,480.8690246582031,500.531200826618,8.177767816253338,0.8282168558721555,82.7374438886809,78.55906373168716,-0.0022101291405156,0,0.5412869576055556,0.19085682776388885,0.26785620871944443,0.8608537846666667,0.35043012375,30
2025-07-08,MSFT,492.68463134765625,494.2521279146218,490.1945116420166,493.2997134401056,11846600,-1.09130859375,-0.0022101291405156,481.73663567114215,456.7433508300781,420.44668380737306,69.47565752918325,6.402063472047674,588786600.0,11.12316628545608,-0.7903301728689236,11.913496458325003,463.0049140003652,482.1706283569336,501.33634271350206,7.949764348723775,0.7742919672889546,89.26246521040963,82.99630433371703,0.0138738216422029,1,0.7841020933333334,0.0235107886166666,0.1923871109166666,0.8456532999999999,0.7605913138333333,12
2025-07-09,MSFT,499.5200500488281,502.76412671878114,495.77990524850594,496.3354652236218,18659500,6.835418701171875,0.0138738216422029,483.4302941833028,458.9731018066406,420.8197404479981,73.65892368259134,6.664737179124618,607446100.0,11.227757125737128,-0.5485914660703006,11.776348591807428,464.1122707314482,483.6964401245117,503.2806095175752,8.097710782416435,0.9039898145979316,88.34733941648791,86.78241617185945,-0.0040316409678651,0,0.63209327,0.2204334315625,0.1474732998125,0.842013605,0.411659843125,16
2025-07-10,MSFT,497.5061645507813,500.4427003321828,493.8057110553557,499.0637004891913,16492100,-2.013885498046875,-0.0040316409678651,484.77085326591975,461.176240234375,421.1438671875,70.58945407178862,6.662755186103365,590954000.0,11.021098033512205,-0.604200446636181,11.625298480148384,466.2918190401487,485.2123336791992,504.1328483182498,7.798859726249237,0.8248809851664515,86.77928121313651,88.12969528001133,0.003669118225289,1,0.4617286534117647,0.1657103812764706,0.3725609627647058,0.8206892029411764,0.2960182752941176,17
2025-07-11,MSFT,499.3315734863281,501.0280145407016,493.85529597280816,494.5200000462786,16459500,1.825408935546875,0.003669118225289,486.1575885250063,463.3588482666016,421.4939872741699,71.73902352207907,6.699181141945512,607413500.0,10.87920574775552,-0.5968741859142916,11.476079933669812,468.4267737199604,486.73517150878905,505.04356929761775,7.522940136861715,0.8440061255721969,88.29888423277549,87.80850162079996,-0.0005960727405539,0,0.5300036124545454,0.2584771111818181,0.2115192667272727,0.8716609881818183,0.2715265054545454,11
2025-07-14,MSFT,499.033935546875,499.9764196247383,497.0597144820079,497.5458219138798,12058800,-0.297637939453125,-0.0005960727405539,487.3839072889937,465.5113415527344,421.85129837036135,71.24999994653648,6.429004284858718,595354700.0,10.620313827872964,-0.6846128846374793,11.304926712510442,469.6980114418666,487.9331039428711,506.1681964438755,7.474423175493114,0.8043810061120465,85.20658832665089,86.76158459085428,0.0055663579484384,1,0.5045377535883117,0.23432166327835494,0.2611405791774891,0.8176218460519481,0.2702160901471861,23
2025-07-15,MSFT,501.8117370605469,504.27206541624594,498.805748905247,499.033906939414,14927200,2.777801513671875,0.0055663579484384,488.7579863148559,467.1224627685546,422.2439009094238,73.09344435981585,6.360240872440161,610281900.0,10.518040064635386,-0.6295093183000446,11.14754938293543,471.9811809289071,489.4638763427735,506.9465717566398,7.143610083953627,0.8531452223316707,86.14402232323364,86.54983162755332,-0.000395417799773,0,0.6635436609090909,0.0900329688454545,0.2464233736363636,0.8083460354545454,0.5735106936363636,11
2025-07-16,MSFT,501.6133117675781,502.7046010952898,497.9128887743687,501.17679603649344,15154400,-0.19842529296875,-0.000395417799773,489.98230302463895,468.5339410400391,422.621012878418,72.73467593958122,6.248203118760231,595127500.0,10.30221854511393,-0.6762646702572006,10.978483215371131,473.79544233301743,490.7773834228516,507.75932451268574,6.920425294008542,0.8190426903321794,84.95160334430425,85.43407133139624,0.0120249208106291,1,0.5637290445555556,0.3268487322222222,0.1094222355555555,0.8778763855555556,0.2368803044444444,9
2025-07-17,MSFT,507.6451721191406,509.3019216630888,501.6133346197656,501.67285674255714,17503100,6.0318603515625,0.0120249208106291,491.6644810336391,470.0484295654297,423.03222946166994,76.50927728760041,6.35108931709955,612630600.0,10.496897456210547,-0.3852686073284666,10.882166063539014,475.7281569704461,492.4470474243164,509.1659378781867,6.790127198981656,0.9545195369500724,88.96808075962527,86.6879021423877,-0.0032245601119648,0,0.6858791211599999,0.11070283197,0.2034180461,0.833554449,0.575176291,10
2025-07-18,MSFT,506.00823974609375,510.56189422136015,503.4090060452402,510.4031281876361,21209700,-1.636932373046875,-0.0032245601119648,493.03055329196815,471.5868225097656,423.4514860534668,73.53409670136627,6.4083606641724336,591420900.0,10.399219405730264,-0.3863573262469995,10.785576731977264,477.9171310289033,493.9257385253906,509.9343460218779,6.482192057567517,0.8773751471936069,87.28748800153535,87.06905736848826,1.95405816265648e-05,1,0.7493459749999999,0.014489161,0.2361648528333333,0.8480142133333333,0.7348568050000001,6
2025-07-21,MSFT,506.0181274414063,508.0320701704435,501.5438563610088,502.69466780228106,14066800,0.0098876953125,1.95405816265648e-05,494.2674651157242,473.1246209716797,423.8595481872559,73.5407897677091,6.414064460262599,605487700.0,10.20497015776374,-0.4644852593708197,10.66945541713456,481.6701644672336,495.5457962036133,509.42142793999295,5.600141033454896,0.8773641242703278,85.95985707794541,87.40514194636864,-0.0093909959000559,0,0.6050134546305918,0.14950052980692638,0.2454860129516594,0.8303836397619048,0.45551292029437235,31
2025-07-22,MSFT,501.26611328125,507.1491456054249,501.26611328125,506.92095727911294,13868600,-4.75201416015625,-0.0093909959000559,494.9340030362504,474.4719177246094,424.29124191284177,65.02913986042634,6.376133593399191,591619100.0,9.557406567147666,-0.8896390799895144,10.44704564713718,483.8712717038005,496.5016632080078,509.1320547122151,5.087753955384368,0.6886105459064791,76.17564538423626,83.140996821239,0.0011874837447751,1,0.5112337266666667,0.3049082429866666,0.1838580268,0.821093332,0.206325484,15
2025-07-23,MSFT,501.8613586425781,502.77408166088094,496.73234393031225,502.734390153368,16396600,0.595245361328125,0.0011874837447751,495.593751189234,475.820029296875,424.74346801757815,65.56674878652704,6.3522481746255846,608015700.0,8.988623821931697,-1.1667374601643878,10.155361282096084,485.3792023474748,497.2834213256836,509.1876403038924,4.78769991827756,0.6922821364960875,68.28455146664038,76.80668464294068,0.0099036831453804,1,0.3674917226842105,0.2822704583,0.350237816736842,0.8163801847368422,0.0852212701052631,19
2025-07-24,MSFT,506.8316345214844,509.5995039044367,503.27998658866585,504.73833906736274,16107000,4.97027587890625,0.0099036831453804,496.66402579230544,477.0589971923828,425.2234552001953,69.74865259066473,6.451240823713655,624122700.0,8.837051099388248,-1.0546481461662705,9.891699245554518,486.34727643584586,498.2065490722656,510.06582170868535,4.760785525001014,0.863643105005074,68.06504683597076,70.84174789561578,0.0055395460667144,1,0.772093275,0.02479510073,0.2031116202,0.810417625,0.747298169,10
2025-07-25,MSFT,509.6392517089844,514.1829150146133,506.3157616392057,508.409026924469,19125700,2.8076171875,0.0055395460667144,497.8997615938939,478.3564947509765,425.7198474121094,71.82991234544664,6.552377434548937,643248400.0,8.841559869054947,-0.8401115011996563,9.681671370254604,486.3732326243327,499.0131072998047,511.6529819752767,5.065948966297608,0.9203421585263016,73.79199563988816,70.04719798083308,-0.002355468989289,0,0.4425640836999999,0.4265889181999999,0.1308469977,0.842697748,0.015975167,10
2025-07-28,MSFT,508.4388122558594,510.91900158393673,506.07766717141,510.0063088656235,14308000,-1.200439453125,-0.002355468989289,498.9034807045573,479.5547241210937,426.2423908996582,69.62429865891129,6.430160075833067,628940400.0,8.648572312059457,-0.8264792465561186,9.475051558615576,486.9882398308452,499.8345458984375,512.6808519660299,5.140223369115669,0.8348926264153089,78.18506029430823,73.3473675900557,0.0001366103573099,1,0.5898229493611111,0.09557993156111111,0.3145971260972222,0.8367678101388889,0.4942430135,23
2025-07-29,MSFT,508.5082702636719,513.5182406496896,507.5062640761688,511.4448362580723,16469200,0.0694580078125,0.0001366103573099,499.8182225673301,480.7341040039062,426.73978607177736,69.68230654174162,6.400289825667907,645409600.0,8.40435281575401,-0.8565589942892533,9.260911810043265,487.5593832318688,500.586538696289,513.6136941607093,5.204756603462705,0.8040468653735895,75.00734876601054,75.66146823340229,0.0013071033263978,1,0.6311921928461538,0.1848958484615384,0.1839119785384615,0.8196757053846154,0.4462963392307693,13
2025-07-30,MSFT,509.1729431152344,511.86149016920456,505.4030674134904,511.08764202727673,26380400,0.6646728515625,0.0013071033263978,500.7091483337972,481.9041577148437,427.2269429016113,70.26745106453835,6.404442177814067,671790000.0,8.170258989818763,-0.8725222561796002,9.042781245998365,489.4268414029005,501.6376419067383,513.848442410576,4.868374892053226,0.8085506640669395,73.1056655166498,75.43269152565615,0.0394745950736905,1,0.5716885552413793,0.156496556037931,0.2718148865172414,0.8274833313793103,0.4151919943,29
2025-07-31,MSFT,529.2723388671875,551.0484106553389,527.6850421089878,550.8301225339796,51617300,20.099395751953125,0.0394745950736905,503.4294521941201,483.38492919921873,427.82258575439454,81.7427189396658,8.9380868465491,723407300.0,9.497114382876418,0.3634665095024445,9.133647873373974,488.1708814020632,503.7413345336914,519.3117876653196,6.181923961448027,1.319854249509127,69.13815411815423,72.41705613360483,-0.0176005622031832,0,0.5902206812580645,0.1287506638193548,0.2810286626774194,0.8412560306451613,0.4614700189677419,31
2025-08-01,MSFT,519.9568481445312,531.5542170062565,516.7326017006552,530.7605684534492,28977600,-9.31549072265625,-0.0176005622031832,505.00348990368303,484.6932794189453,428.3692837524414,68.53951997001204,9.358338879338543,694429700.0,9.685328158730954,0.4413442282855833,9.24398393044537,488.470201375069,504.9948226928711,521.5194440106732,6.544471576831222,0.952719162633442,59.34018053705173,67.1946667239519,0.0219991306463818,1,0.447914012290909,0.3192466681363636,0.232839327,0.8638716968181818,0.1286673368181818,22
2025-08-04,MSFT,531.3954467773438,533.9847498429226,523.9449485218581,524.0838536533402,25349000,11.4385986328125,0.0219991306463818,507.5170096059365,486.34151428222657,428.9592681884766,74.07652663357803,9.69187908069946,719778700.0,10.634895786775983,1.1127294850644915,9.522166301711492,487.5590498320674,506.875798034668,526.1925462372685,7.621886180992749,1.1346733022946065,55.49469211747394,61.32434225755996,-0.0147301123784698,0,0.5507894428333333,0.113447242042735,0.3357633050470085,0.8529280419017095,0.43734220671506413,27
2025-08-05,MSFT,523.5679321289062,533.0422426180032,523.0619638515897,532.9231983823397,19171600,-7.8275146484375,-0.0147301123784698,509.0456688938383,487.78776123046873,429.5120877075195,65.57176187797427,9.71247905825047,700607100.0,10.63324651158814,0.8888641679013176,9.744382343686825,488.9508438284354,508.41996307373046,527.8890823190254,7.658676157242709,0.8890255348566053,51.99394357766059,55.60960541072873,-0.0053244661399088,0,0.7086536268181818,0.038754456840909,0.2525919193181818,0.8049613159090909,0.6698991772727273,22
2025-08-06,MSFT,520.7802124023438,527.4866537198485,519.8774501718309,526.6930052823053,21355700,-2.7877197265625,-0.0053244661399088,510.1632444660769,489.2711120605469,430.0638891601562,62.80613452108062,9.562245093233836,679251400.0,10.288395545585956,0.4352105615193054,9.853184984066653,489.7538018860992,509.4829711914063,529.2121404967133,7.744780658388314,0.7863080810984413,52.49923560109371,53.32929043207606,-0.0078102887759372,0,0.5431505319411765,0.1713746562941176,0.2854748097647059,0.843267235882353,0.3717758817647059,17
2025-08-07,MSFT,516.7127685546875,523.9053178574718,513.4488005319126,522.6255013664995,16079100,-4.06744384765625,-0.0078102887759372,510.7870086649922,490.4645806884766,430.5923942565918,58.90251240364741,9.626121681257072,663172300.0,9.57649803684717,-0.2213495577755857,9.797847594622755,491.27780114701415,510.4433013916016,529.6088016361889,7.509355179052101,0.6635612711141357,43.48859405557162,49.32725774477529,0.0023039700102365,1,0.7428922,0.0443260423071428,0.2127817585,0.8315926492857143,0.6985661521428571,14
2025-08-08,MSFT,517.9032592773438,520.5024931820143,515.2940949258492,518.4588193359411,15531000,1.19049072265625,0.0023039700102365,511.4647468185495,491.7479309082031,431.11975036621095,59.69217969821886,9.310570008036215,678703300.0,9.00457761856751,-0.6346159808441971,9.639193599411708,492.6554912789893,511.3718856811523,530.0882800833153,7.320071723236251,0.674482687633378,40.01222988249325,45.3333531797195,-0.0005172458291825,0,0.6553810885,0.10470932906,0.2399095889999999,0.826288497,0.550671767,10
2025-08-11,MSFT,517.6353759765625,523.4092640243366,515.6015722772428,518.1611446296885,20194400,-0.26788330078125,-0.0005172458291825,512.0524257859793,492.9997320556641,431.6427095031738,59.41552812158558,9.203221560826046,658508900.0,8.432505943573005,-0.9653501246709624,9.397856068243968,494.2951661230776,512.3019577026367,530.308749282196,7.029757083228322,0.6480946300278186,38.08226905911362,40.527697665726144,0.0143166946863659,1,0.6494271473333333,0.09657975672222215,0.2539930943849206,0.7698796186111112,0.5528473906686507,35
2025-08-12,MSFT,525.0462036132812,526.7724058726347,518.5580494708657,519.5997169841131,18667000,7.41082763671875,0.0143166946863659,513.2899284361986,494.3664172363281,432.159670715332,64.33943355555346,9.198493584772203,677175900.0,8.479381839385951,-0.7347793830864138,9.214161222472365,495.3164951996264,513.4636810302734,531.6108668609204,7.068537269952316,0.8191272379943138,41.00914953407857,39.70121615856179,-0.0163630735157818,0,0.4651561626111111,0.3782149104944444,0.1566289293333333,0.8566666361111112,0.0869412522222222,18
2025-08-13,MSFT,516.454833984375,528.4787877679453,515.2544004746543,527.8934364066101,19619200,-8.59136962890625,-0.0163630735157818,513.5913480122153,495.5293292236328,432.6480258178711,55.87584938270861,9.486057421094976,657556700.0,7.734125413122797,-1.1840286474796553,8.918154060602452,496.8615709503047,514.2057571411133,531.5499433319219,6.746010113631947,0.5648366207131008,36.08748046979236,38.392966354328166,0.0036495479103468,1,0.6969247089285714,0.1239761588857143,0.1790991220714285,0.80471272,0.572948555,14
2025-08-14,MSFT,518.3396606445312,521.7821945996749,516.0182375574066,518.4190436500928,20269100,1.88482666015625,0.0036495479103468,514.0435682629121,496.71009643554686,433.1451640319824,57.20585992625305,9.220193108321643,677825800.0,7.212453412010291,-1.3645605188737289,8.57701393088402,497.5798682262972,514.7404815673829,531.9010949084685,6.667675831064091,0.6048674370085392,32.706637820659815,36.60108927484356,-0.0044210893947667,0,0.5004907721499999,0.3087757616,0.1907334796999999,0.805801333,0.19171501,10
2025-08-15,MSFT,516.0480346679688,521.9310366989816,514.9667059909838,518.6274679925785,25213300,-2.2916259765625,-0.0044210893947667,514.2344698252984,497.8271740722656,433.6139784240723,55.03383162368387,9.059060079727088,652612500.0,6.538735060734666,-1.630623096119482,8.169358156854148,498.5520487604497,515.2424713134766,531.9328938665035,6.478667222629772,0.524132503294414,25.29161034230197,31.36190954425136,-0.0059019996733267,0,0.5686262478461539,0.143341627776923,0.288032118,0.782189373846154,0.4252846276923077,13
2025-08-18,MSFT,513.0023193359375,518.6770238166106,509.9467697824549,517.4567900842618,23760600,-3.04571533203125,-0.0059019996733267,514.1171221596451,498.8077410888672,434.0752574157715,52.19720319228463,9.035573933614844,628851900.0,5.693414501929624,-1.98075492393962,7.674169425869244,499.4031551001856,515.5916809082031,531.7802067162206,6.279591547909294,0.4200247878351211,22.77034938902531,26.922865850662344,-0.0141750832537183,0,0.551609082925926,0.1579644719407407,0.2904264590185185,0.8235704659259259,0.39364461028148146,33
2025-08-19,MSFT,505.73046875,511.0777415589167,504.5201350651639,510.919036073865,21481000,-7.2718505859375,-0.0141750832537183,513.3183932634885,499.5892993164063,434.47374420166017,46.08903935393533,8.996046100554755,607370900.0,4.386153453253314,-2.630412778092744,7.016566231346058,500.3141442929578,515.8148986816407,531.3156530703235,6.010200336710269,0.174711640518499,14.190264828031966,20.750741519786395,-0.0079448334324576,0,0.637955115875,0.22513805225,0.136906820125,0.8488260575,0.4128170625,16
2025-08-20,MSFT,501.7125244140625,506.9506829011106,500.4426687285887,505.8296325155463,27723000,-4.0179443359375,-0.0079448334324576,512.213072420686,500.2434735107422,434.84928085327147,43.088699293376486,8.818329534266697,579647900.0,2.99144164811014,-3.2200996665887347,6.2115413146988745,500.2797945197936,515.8074569702148,531.335119420636,6.020720422162434,0.0461347578504978,7.678538714364071,14.879717643807096,-0.0012873996752821,0,0.5765298684705882,0.2285915853941176,0.1948785438235294,0.836997055882353,0.3479382905882353,17
2025-08-21,MSFT,501.0666198730469,504.43529989468334,499.5561967172581,500.5200933584279,18443300,-0.645904541015625,-0.0012873996752821,511.15150551138703,500.9210400390625,435.3506948852539,42.608503653099405,8.53695622306374,561204600.0,1.8131030721692696,-3.5187505940236843,5.331853666192954,499.1447955560593,515.519206237793,531.8936169195267,6.352589965069401,0.0586837704984244,3.591422752852248,8.486742098416075,0.0059297332698051,1,0.5945157667272727,0.1916089001181818,0.2138753381818182,0.8247809190909091,0.4029068618181818,11
2025-08-22,MSFT,504.0378112792969,507.5157843906416,499.248138173549,501.07655468445085,24324200,2.97119140625,0.0059297332698051,510.47401082261655,501.6242999267578,435.8471403503418,45.6111991187107,8.517719794065798,585528800.0,1.1062593077892302,-3.380475486722979,4.486734794512209,498.29046828616447,515.2391342163086,532.1878001464527,6.578951327493181,0.1695514861411732,7.448694843969811,6.239552103728691,-0.0058553026762453,0,0.6405885937272727,0.1519901704545454,0.2074212329090908,0.7606113463636363,0.4885984154545454,11
2025-08-25,MSFT,501.0865173339844,504.9917771303553,500.9473838488724,503.44159720621536,21638600,-2.9512939453125,-0.0058553026762453,509.5799638236992,502.1445245361328,436.3382485961914,43.19378253304292,8.198196471738447,563890200.0,0.3044265359817473,-3.3458466068243697,3.650273142806117,497.0522279137061,514.8715194702148,532.6908110267235,6.921840064039327,0.1132000508405362,8.283147922270528,6.441088506364177,-0.0044024815947133,0,0.5743103857063492,0.2263586262757936,0.19933098278769837,0.8172637396825397,0.3479517558134921,27
2025-08-26,MSFT,498.8804931640625,501.801993130018,495.3727099158942,501.1858695359189,30835700,-2.206024169921875,-0.0044024815947133,508.5609666180195,502.6982086181641,436.80353225708006,41.42636438036813,8.071845524765973,533054500.0,-0.5032384074621632,-3.3228092402146245,2.8195708327524613,495.4258323938669,514.3901306152344,533.3544288366019,7.373507807657699,0.0910832747373465,10.352635711888327,8.694826159376204,0.0093617814692026,1,0.63991096225,0.1875697848125,0.17251926525,0.84306543375,0.452341180625,16
2025-08-27,MSFT,503.5509033203125,504.09746017877256,496.75395340313815,498.8407434548062,17277900,4.67041015625,0.0093617814692026,508.0838177325236,503.26236328125,437.2491650390625,46.42456010227706,8.019821328399432,550332400.0,-0.7577210896337192,-2.861833537908945,2.1041124482752256,494.6826935541844,514.1090286254882,533.535363696792,7.557282206555165,0.2282522599753778,13.862600487652683,10.832794707270494,0.0057228462222269,1,0.5258456541000001,0.262443524,0.2117108281999999,0.879733571,0.263402123,10
2025-08-28,MSFT,506.4326477050781,507.8735040841052,502.3186878124423,503.8986776721373,18015600,2.881744384765625,0.0057228462222269,507.9265634441954,503.9059783935547,437.6833163452149,49.29937262222276,7.843749538632533,568348000.0,-0.7185843673124168,-2.258157452470114,1.5395730851576972,494.583188413886,512.9670440673829,531.3508997208796,7.16765564810121,0.3222789472060015,22.902052953761345,15.705763051100766,-0.0057884449843731,0,0.5149193895909091,0.2355648495954545,0.2495157576363636,0.8251040681818181,0.2793545416818181,22
2025-08-29,MSFT,503.5011901855469,506.39287997665497,501.3150235761296,505.458793364042,20961600,-2.93145751953125,-0.0057884449843731,507.5050993243242,504.44731384277344,438.1170620727539,46.56227191116119,7.649026295083677,547386400.0,-0.9135811605866024,-1.96252339659544,1.0489422360088372,493.6130100612368,512.1442611694335,530.6755122776303,7.236730942130409,0.2667974241614034,27.55446858383988,21.439707341751284,-0.0030985420875198,0,0.6082249319999999,0.16653662596,0.2252384642,0.841442124,0.4416883156,10
2025-09-02,MSFT,501.9410705566406,502.81553721257154,493.6833711758906,497.32034095368414,18128000,-1.56011962890625,-0.0030985420875198,506.97519182264006,505.0137957763672,438.5653468322754,45.12632516870875,7.803940060410285,529258400.0,-1.1803992321462715,-1.783473174524087,0.6030739423778155,493.8956353747598,510.6715423583984,527.447449342037,6.570135827880124,0.2397913623903453,27.23085189875781,25.89579114545299,0.0004553854497357,1,0.6900363024404761,0.08785626085595236,0.2221074166452381,0.8413031591785713,0.6021800452797619,26
2025-09-03,MSFT,502.1696472167969,504.5942937991858,499.1587173668126,500.6194673133705,16345100,0.22857666015625,0.0004553854497357,506.51752090779786,505.4142132568359,438.99001861572265,45.392041821767805,7.634771229836208,545603500.0,-1.3577588511375325,-1.5686662348122784,0.2109073836747459,493.5378409027643,509.601628112793,525.6654153228217,6.30444893573739,0.2686728291770359,26.109126158604457,26.96481554706736,0.0051845340303413,1,0.6505929456,0.0514527262,0.297954339,0.7695412786666667,0.5991402165333334,15
2025-09-04,MSFT,504.7731628417969,504.95202275876863,499.983489561643,501.1262461318779,15509500,2.603515625,0.0051845340303413,506.3513915681787,505.78515258789065,439.4170066833496,48.45375664551192,7.444325656071166,561113000.0,-1.273554926117754,-1.187569847834,-0.0859850782837539,493.4665546003396,508.8012756347656,524.1359966691916,6.027784036230992,0.3686603824117268,31.0112295399227,28.11706919909497,-0.0255330476450791,0,0.5568367360722222,0.1277380623611111,0.3154251832222222,0.8260379338888888,0.4290986768888889,18
2025-09-05,MSFT,491.884765625,508.74796779288187,489.27131242222254,505.86622472604114,31994800,-12.888397216796877,-0.0255330476450791,504.9736176688284,505.85546630859375,439.77121810913087,37.30356080670924,8.303777778541749,529118200.0,-2.221203994452196,-1.7081751329347536,-0.5130288615174424,491.0158526991708,507.5598754882813,524.1038982773917,6.519042811725362,0.0262606301050667,26.06303726038173,27.72779765296961,0.0064646657666422,1,0.600495887275,0.16188879885,0.2376153148999999,0.8179651305,0.43860709,20
2025-09-08,MSFT,495.0646362304688,498.0457560062632,491.91457299081776,494.97517595073856,16771000,3.17987060546875,0.0064646657666422,504.02990515088936,505.8865972900391,440.1999647521973,40.916153676577885,8.150721535878994,545889200.0,-2.6846863330876545,-1.7373259772561696,-0.9473603558314848,489.7350864812333,506.4179443359375,523.1008021906416,6.58857295295105,0.1597313180886635,24.90458628161485,27.326284360639743,0.0004215190986123,1,0.5689860407333334,0.17267936827666666,0.2583345928111111,0.838757331,0.3963066707711111,31
2025-09-09,MSFT,495.2733154296875,499.0891451753406,494.5677922273047,498.2742984765216,14410500,0.20867919921875,0.0004215190986123,503.1959442250606,505.9518627929688,440.6260067749024,41.15577990503857,7.8914809224616285,560299700.0,-3.0005720317038254,-1.6425693406978723,-1.358002691005953,488.7773861384192,505.2998413085937,521.8222964787683,6.539663708338302,0.1965788142368343,22.09033656081476,24.35265336760376,0.0039325000819514,1,0.6584677136774194,0.0686483354903225,0.2728839447741935,0.7797704029032257,0.5898193802258064,31
2025-09-10,MSFT,497.2209777832031,500.06299449245154,493.5939546766565,499.8145678368591,21611800,1.947662353515625,0.0039325000819514,502.62689980202657,506.0269140625,441.051775970459,43.460594634759545,7.789877986271159,581911500.0,-3.058497197214365,-1.3603956049667294,-1.6981015922476357,489.75517282149696,503.9085800170898,518.0619872126828,5.617450369713053,0.2637458549214522,32.733272682008135,26.57606517481257,0.0012791432262948,1,0.6418227214347826,0.0921609973695652,0.2660162809130434,0.8379686626086957,0.5496617234782609,23
2025-09-11,MSFT,497.8569946289063,500.0034047018473,494.7466878610638,499.0891812108548,18881600,0.636016845703125,0.0012791432262948,502.17262311887225,506.2210363769531,441.49206802368167,44.22880784273584,7.608937904450611,600793100.0,-3.0182891061797363,-1.0561500111456803,-1.962139095034056,489.83704513919616,502.9786880493164,516.1203309594366,5.225526735968465,0.3051349646524795,38.57156194808946,31.1317237303041,0.0177440811073927,1,0.652767984,0.1258137649615384,0.2214182552692307,0.8225514207692307,0.5269542211538462,26
2025-09-12,MSFT,506.6910095214844,509.3243260516039,500.67909648146514,503.4614629424367,23624900,8.834014892578125,0.0177440811073927,502.6029456334068,506.6108868408203,441.9853752136231,53.6490733955529,7.884537441468255,624418000.0,-2.2476828427853093,-0.2284349982010027,-2.0192478445843065,491.130811073364,502.39625549316406,513.6616999129642,4.484684866427469,0.6906162716835139,57.25550552422692,42.85344671810815,0.0107079631573359,1,0.5317687799166667,0.2005896317777777,0.2676415739444444,0.80616969,0.3311791505555555,18
2025-09-15,MSFT,512.1166381835938,512.2259313574772,503.80926524972944,505.5880086221314,17143800,5.425628662109375,0.0107079631573359,503.5090115905674,506.9554779052734,442.4854026794434,58.30700333031388,7.92254663191679,641561800.0,-1.1855031950825603,0.6669957196013967,-1.8524989146839568,491.7891798121396,502.1996856689453,512.610191525751,4.145962713193896,0.976295419792948,76.82467033056069,57.55057926762567,-0.0122632461710652,0,0.5906369639682539,0.18520490161084655,0.22415812803703702,0.8198904846296298,0.40543206586666664,32
2025-09-16,MSFT,505.83642578125,513.9748550906477,505.3991924428879,513.6270820344445,19711900,-6.28021240234375,-0.0122632461710652,503.7306700849182,507.1966876220703,442.94518402099607,51.81605934569568,7.969197775905574,621849900.0,-0.8407867602307988,0.809369723562527,-1.6501564837933258,492.5048536892741,501.8413909912109,511.1779282931477,3.720911614522573,0.7139462769141587,84.48257232442876,72.85424939307211,0.0019251597321499,1,0.6130411973928572,0.0326807822214285,0.35427802175,0.7982854803571428,0.5803604158535715,28
2025-09-17,MSFT,506.8102416992188,508.07226852063866,502.74598524416496,507.4064717390096,15816600,0.97381591796875,0.0019251597321499,504.0239626196135,507.4791998291016,443.3643737792969,52.695440914717295,7.780418168803298,637666500.0,-0.4834448447656996,0.9333693112221008,-1.4168141559878005,492.45757374942247,501.8953796386719,511.3331855279213,3.7608658187066655,0.7603816034267749,79.19237309065655,80.16653858188198,-0.0030782509566056,0,0.5152049784090909,0.08165362775,0.4031414032727273,0.7984952890909092,0.43355135325,22
2025-09-18,MSFT,505.2501525878906,509.8410724066984,504.4651158521554,508.270998935228,18913700,-1.560089111328125,-0.0030782509566056,504.14074261659226,507.5938018798828,443.8004699707032,51.086865163697695,7.608670910641844,618752800.0,-0.3224183176579913,0.8755166706638473,-1.1979349883218386,492.5228503339361,502.07226104736327,511.6216717607904,3.803998529417388,0.6663920233349587,67.5785432531036,77.08449622272961,0.0186448604820101,1,0.5259464421538461,0.1253847182615384,0.3486688323076923,0.80887055,0.400561724,13
2025-09-19,MSFT,514.6704711914062,516.0318444319288,507.09843147001845,507.34685812925306,52474100,9.420318603515623,0.0186448604820101,505.14357390943167,507.9370880126953,444.2813453674317,59.18817682589029,7.835315263027295,671226900.0,0.5588947567684954,1.4054637960722671,-0.8465690393037719,491.75784974596553,502.75245361328126,513.747057480597,4.3737643797847445,1.0419939509396188,76.86425610760476,74.54505748378828,-0.006718996020213,0,0.5218181806666666,0.1058423951333333,0.3723394422222222,0.792055201111111,0.4159757788888888,9
2025-09-22,MSFT,511.21240234375,514.48167541423,509.3143886623668,512.3452424901319,20009300,-3.45806884765625,-0.006718996020213,505.72155756984296,508.17470458984377,444.70777099609376,55.55092111329749,7.658227210599591,651217600.0,0.9671556932522662,1.4509797860448306,-0.4838240927925643,491.52022616251634,503.1111831665039,514.7021401704915,4.607711930009538,0.8494629120985903,80.52854176414304,74.99044704161712,-0.0101467291585281,0,0.6749222062222223,0.138394170011111,0.18668362204444441,0.8391391884444445,0.5365280291111111,20
2025-09-23,MSFT,506.0252685546875,511.35155218118825,504.1173383670773,510.5664850795932,19799600,-5.1871337890625,-0.0101467291585281,505.7504824255424,508.31453125,445.1071739196777,50.53438067818004,7.6279405394218305,631418000.0,0.8622080826149272,1.076825740325993,-0.214617657711066,491.7398206791095,503.3581207275391,514.9764207759687,4.61631572830764,0.6147821891339823,79.83673468565406,79.07651085246728,0.0018065383480658,1,0.7969152566666667,0.0220095203333333,0.1810752166666666,0.8318143566666666,0.7749057266666667,6
2025-09-24,MSFT,506.9394226074219,509.2547456727144,503.72976965544393,507.1679860456216,13533700,0.914154052734375,0.0018065383480658,505.8637148238167,508.4170849609375,445.4804122924805,51.36789439025316,7.477728787839592,644951700.0,0.8430824080303978,0.8461600525931711,-0.0030776445627732,492.23324227524114,503.76106719970704,515.288892124173,4.576703391767245,0.6378558153225099,70.20682077464978,76.85736574148228,-0.006115863505952,0,0.6309119860625,0.0866761164062499,0.2824118995625,0.85759602625,0.5442358725625001,16
2025-09-25,MSFT,503.8390502929688,506.8003068435259,501.8615838862597,505.1010467430239,15786500,-3.100372314453125,-0.006115863505952,505.6708896304026,508.4615997314453,445.81245361328126,48.389775382144045,7.306308068791203,629165200.0,0.5711669808293891,0.4593957003137299,0.1117712805156592,492.2480160381701,503.77547454833984,515.3029330585097,4.576427036470858,0.5027575785492001,59.35790075946027,69.80048540658802,0.0087371753427873,1,0.6580625651875,0.0573664941875,0.2845709670625,0.861743213125,0.6006960805625,16
2025-09-26,MSFT,508.2411804199219,510.70558375978015,503.4316440082871,506.849997214163,16213100,4.402130126953125,0.0087371753427873,505.9156792294044,508.47351989746096,446.1618110656738,52.59250101088538,7.30399604612705,645378300.0,0.7027858786957495,0.4728116785440722,0.2299742001516772,492.22863416182986,503.865901184082,515.5031682063342,4.619192128264544,0.6879856854480386,60.24857365724325,63.27109839711775,0.0061391684555711,1,0.4240376444444445,0.1297033683777778,0.4462589716666667,0.7704141988888888,0.2943342822222222,9
2025-09-29,MSFT,511.3613586425781,513.5971983462931,505.6773863749633,508.2808926445399,17617800,3.12017822265625,0.0061391684555711,506.4343153639924,508.5805822753906,446.5146633911133,55.36680757226592,7.347982897927248,662996100.0,1.0468002480200769,0.6534608382947195,0.3933394097253572,492.17512150280817,504.2589096069336,516.342697711059,4.792691958004139,0.7938833821994832,64.63584384580615,61.41410608750321,0.006510093016419,1,0.5979438615882353,0.19021721333210784,0.2118389156593137,0.8433184292156862,0.40772664837745093,30
2025-09-30,MSFT,514.6903686523438,514.8990082310244,506.45253207823936,510.0099885223437,19728200,3.329010009765625,0.006510093016419,507.2206061533592,508.7540270996094,446.8974530029297,58.178861463593165,7.42644670184566,682724300.0,1.5699598800586614,0.9412963762666432,0.6286635037920181,492.0479862502802,504.8963745117188,517.7447627731574,5.089514961902498,0.8811370710993891,79.38713549211518,68.09051766505483,0.0033979679312181,1,0.5965498891304347,0.1742656997521739,0.229184425,0.8034637004347825,0.4222841895652173,23
2025-10-01,MSFT,516.4392700195312,517.2342231556227,508.4697238165545,511.56013673304216,22632300,1.7489013671875,0.0033979679312181,508.0985741406136,509.057490234375,447.2610188293457,59.61827459096125,7.522021890218695,705356600.0,2.101465001345332,1.178241198042651,0.923223803302681,491.89105327846914,505.6098556518554,519.3286580252418,5.426635663855648,0.8946924109310086,89.36019031272569,77.79438988354899,-0.0076388600813984,0,0.5835749386315789,0.2082932507473684,0.2081318150526315,0.8427113442105264,0.3752816928421052,19
2025-10-02,MSFT,512.4942626953125,518.3173691617891,507.4661094259624,514.3823296081488,21222900,-3.94500732421875,-0.0076388600813984,508.517211145823,509.2701483154297,447.6020429992676,55.01821670469956,7.75982459347641,684133700.0,2.179236634594133,1.0048102650331616,1.1744263695609716,491.9620805961492,505.9959106445313,520.0297406929133,5.5470132280341655,0.7315245385036736,84.50312213087032,84.41681597857037,0.0031215812486466,1,0.6015480180526316,0.0902277795263157,0.3082242012631579,0.7852056010526316,0.5113202292631579,19
2025-10-03,MSFT,514.0940551757812,517.2143082734997,511.7588690628015,513.8456285403139,15112300,1.59979248046875,0.0031215812486466,509.0483391486762,509.4153967285157,447.9623820495606,56.484534313585925,7.595225637563683,699246000.0,2.3429529937342863,0.9348212993386518,1.4081316943956346,494.2491994360683,507.1063751220703,519.9635508080723,5.070800256812805,0.7717424193448107,78.04905047583361,83.97078763980986,0.021687617247089,1,0.5248753633571429,0.2219272269999999,0.2531973821785714,0.8468549664285714,0.3029481428571428,14
2025-10-06,MSFT,525.2435302734375,527.6880704621805,514.9387971845453,515.3461902238155,21388600,11.14947509765625,0.021687617247089,510.5907383034154,509.7274822998047,448.35712142944334,65.03833208493123,8.023710612480507,720634600.0,3.333937294369491,1.5406444799790853,1.793292814390406,494.7232395460745,508.6153198242188,522.507400102363,5.462706189402811,1.0984780578679458,76.4945871105496,79.6822532390845,-0.0086838903549901,0,0.44620070541666673,0.36988261031249997,0.18391668158333332,0.8238050233333333,0.07631809013888889,27
2025-10-07,MSFT,520.682373046875,526.4657528279373,518.1583800775612,524.9652461341774,14615200,-4.5611572265625,-0.0086838903549901,511.551846374221,509.972353515625,448.7148733520508,59.854867659346986,8.043972193758762,706019400.0,3.708502910191328,1.5321680766407375,2.17633483355059,496.46732902455335,509.8857727050781,523.3042163856029,5.263313627809774,0.9023044921918484,79.24804059493412,77.93055939377243,0.0016603249848197,1,0.4611286275714286,0.2226661922142857,0.3162051892857143,0.8160781257142856,0.2384624240714285,14
2025-10-08,MSFT,521.546875,523.6336952116123,519.7980023635643,519.9868090400763,13363400,0.864501953125,0.0016603249848197,512.5037538623905,510.2331256103516,449.1612971496582,60.497483037903066,7.743380811922286,719382800.0,4.028666976851525,1.481865714640748,2.5468012622107774,498.0923022599146,511.102067565918,524.1118328719214,5.090867805705159,0.901421823853434,79.87668845264004,78.5397720527079,-0.0046678628404086,0,0.7109893857647059,0.1281404468823529,0.1608701606470588,0.9028509623529412,0.5828489315235295,17
2025-10-09,MSFT,519.1123657226562,521.0302122328587,514.1438325922749,519.0527457511332,18343600,-2.43450927734375,-0.0046678628404086,513.1331454681301,510.4319140625,449.5973274230957,57.696577814668245,7.719070925908205,701039200.0,4.039391166761902,1.1940719236408994,2.845319243121003,500.2282256635044,512.1648361206055,524.1014465777066,4.661237795048562,0.7910176899472181,71.96341108554923,77.02938004437443,-0.021899000568715,0,0.56962734332,0.22516939486,0.20520325728,0.8459070916,0.3444579499999999,25
2025-10-10,MSFT,507.7443237304688,520.2849266906686,506.4227072751714,516.3697201998212,24133800,-11.3680419921875,-0.021899000568715,512.6199243502576,510.0013537597656,449.9786421203613,46.80049343717758,8.157867246593131,676905400.0,3.094908009431606,0.1996710130484826,2.895236996383124,500.3689911682259,512.2175018310547,524.0660124938836,4.626359162064269,0.3112345834899218,55.26472815478749,69.03494256432556,0.0060473864099301,1,0.52166167928125,0.24829316139375,0.23004515284375,0.861898755,0.273368524375,16
2025-10-13,MSFT,510.8148498535156,513.159982800976,508.4597701361959,513.159982800976,14284200,3.070526123046875,0.0060473864099301,512.448012493425,509.8185137939453,450.38198013305663,49.57071814014314,7.961995234015567,691189600.0,2.564600975647295,-0.2645088165886626,2.8291097922359576,500.2881083802828,512.1524124145508,524.0167164488188,4.633114575535649,0.4436308039151797,41.413282643689136,56.21380729467526,-0.0009336625806283,0,0.5433071669042145,0.1985965225989278,0.25809630990372723,0.8353344437759628,0.344710642522481,654
2025-10-14,MSFT,510.3379211425781,512.0371813139038,502.8155546768959,507.018944638121,14684300,-0.4769287109375,-0.0009336625806283,512.247051412392,509.39736328125,450.7627731323242,49.14267109215368,8.05196890565788,676505300.0,2.0818464397513026,-0.597810681987724,2.6796571217390266,500.8345580094188,512.3774871826172,523.9204163558155,4.505634795419622,0.4116530124444182,30.08841717494595,42.255475991140834,-0.0002726225759598,0,0.5154376407697411,0.2134927081898058,0.2710696480234628,0.8011384184466019,0.3019449330809061,618
2025-10-15,MSFT,510.1987915039063,513.93513816427,506.7903850161382,511.7191917714538,14694700,-0.139129638671875,-0.0002726225759598,512.0519790401553,509.12998046875,451.1488989257812,49.00971771609618,7.987167780120305,661810600.0,1.6687965451267246,-0.808688461289842,2.4774850064165665,501.23873667118886,512.5469146728516,523.8550926745143,4.412543584963526,0.3961758840106668,32.39054565882412,34.63074849248638,-0.0035448206905602,0,0.5610987048118729,0.1511722362339465,0.2877290583628762,0.8052393437959866,0.4099264676131605,598
2025-10-16,MSFT,508.3902282714844,513.597241245564,504.93214864922606,509.3541552294708,15559600,-1.808563232421875,-0.0035448206905602,511.7032408717104,508.8821807861328,451.5634373474121,47.22126702517589,8.035590981278705,646251000.0,1.1818914804256906,-1.0364748207927006,2.218366301218391,501.7228734271965,512.7039184570312,523.684963486866,4.283581472473199,0.3035847146684652,28.305877232283844,30.261613355351287,0.0038506672486968,1,0.5147167510110198,0.1675106577733552,0.317772590680921,0.7897748361842105,0.347206093021875,608
2025-10-17,MSFT,510.3478698730469,512.235876086287,504.1173098719632,505.8364332653001,19867800,1.9576416015625,0.0038506672486968,511.5741579194568,508.7548828125,452.0159298706055,49.374772256440814,8.041517783639073,666118800.0,0.943109446605888,-1.0202054836900023,1.9633149302958903,501.4999210739181,512.4877883911133,523.4756557083085,4.288050394991911,0.4026235730605518,27.460331173887607,29.38558468833184,0.0062501050195362,1,0.4943562258092024,0.1729444043875255,0.3326993739192229,0.7899503370756646,0.3214118220392638,489
2025-10-20,MSFT,513.53759765625,515.4356111738924,510.1987581296245,511.37132460679527,14665600,3.189727783203125,0.0062501050195362,511.7611521801037,508.6675695800781,452.5008258056641,52.75719412506481,7.841184587969702,680784400.0,0.999733038750776,-0.770865513236092,1.770598551986868,501.6234169894261,512.6040481567383,523.5846793240504,4.284254565213503,0.5425089179887397,31.93489013576405,29.23369951397848,0.0016835437020132,1,0.5053787712411381,0.18065190589334312,0.31396932051455856,0.8209351521629952,0.32472686584427174,316
2025-10-21,MSFT,514.4021606445312,515.4257076122852,509.81124074780416,514.2431942660954,15586200,0.86456298828125,0.0016835437020132,512.0126767957635,508.6029052734375,453.0044734191895,53.66091831726887,7.682133322006229,696370600.0,1.1016712705363148,-0.5351418251604427,1.6368130956967577,502.4463568862392,513.0228927612304,523.5994286362217,4.123221799349112,0.5652041414884328,39.99188555585707,33.129035621836216,0.0055636206367728,1,0.529299203125,0.2928968522291666,0.1778039453333333,0.8758300166666667,0.2364023509999999,24
2025-10-22,MSFT,517.2640991210938,521.9245862885218,514.4519526367303,517.8703063443006,18962700,2.8619384765625,0.0055636206367728,512.5128122553187,508.44726318359375,453.498860168457,56.61924205041216,7.670725630719397,715333300.0,1.3972855326520062,-0.191622050435801,1.5889075830878072,503.1953861551945,513.5391265869141,523.8828670186336,4.028413764873643,0.6800592618680215,49.26079011400762,40.395855268542896,3.8348738709892416e-05,1,0.5970377991666667,0.1440040175833333,0.2589581959666666,0.8332762663333334,0.4530337748746666,30
2025-10-23,MSFT,517.283935546875,520.6526156742948,515.3461954332505,519.1720024577996,14023500,0.01983642578125,3.8348738709892416e-05,512.9672049497526,508.4638452148437,453.9711099243164,56.63990423889772,7.501846674314033,729356800.0,1.6145510593559038,0.020514781014477,1.5940362783414268,504.7682919273758,514.2113708496094,523.6544497718429,3.672839403232628,0.6626887121546422,54.28150980177568,47.84472849054677,0.0058589906055093,1,0.6262927138809524,0.1165120901595238,0.2571951921309524,0.8304367300000001,0.5097806276428571,42
2025-10-24,MSFT,520.314697265625,522.0437370421222,517.4329845218087,519.499850577073,15532400,3.03076171875,0.0058589906055093,513.6669661226929,508.5033459472656,454.4855923461914,59.79109358501981,7.305986304380687,744889200.0,2.0081440614389976,0.3312862264780565,1.676857834960941,505.4323218554711,514.8150466918945,524.197771528318,3.645085704745846,0.7930732100541314,63.41736100121326,55.65322030566551,0.0151068008815653,1,0.5588128853333333,0.1870722472962963,0.254114873037037,0.78243453,0.3717406359259259,27
2025-10-27,MSFT,528.1749877929688,531.2157277722118,525.6807743511338,528.4333612309177,18734700,7.86029052734375,0.0151068008815653,515.048682472243,508.7458850097656,455.0285546875,66.57561452015416,7.56277517596684,763623900.0,2.920661537486694,0.9950429620206024,1.925618575466092,504.7690134420101,515.655728149414,526.542442856818,4.2224740706262285,1.0749787690790005,73.81830506624252,63.839058623077136,0.0198486898949445,1,0.6339461775787537,0.1279708261447072,0.2380830022676426,0.8421302039827326,0.5059753514072823,59
2025-10-28,MSFT,538.6585693359375,550.2352153811122,537.366762825241,546.5386557673307,29986700,10.48358154296875,0.0198486898949445,517.2972431259282,509.2590100097656,455.65165603637695,73.09595493016442,8.598307491122311,793610600.0,4.438610092946192,2.01039321398408,2.428216878962112,502.07524893510544,516.8541381835937,531.6330274320819,5.718785303887255,1.2376884279234397,79.62386097771417,72.28650901505664,-0.0009592785898672,0,0.5246868935,0.2004775435083333,0.2748355470277778,0.8234133819444445,0.3242093522611111,36
2025-10-29,MSFT,538.141845703125,542.8321728172806,533.3521721804118,541.510525937623,36023000,-0.5167236328125,-0.0009592785898672,519.2824433713755,509.9072375488281,456.28087036132814,72.34682073757025,8.661285572961345,757587600.0,5.53608345665225,2.4862932621521106,3.04979019450014,500.4949434017887,517.9392669677734,535.3835905337581,6.7360498338389725,1.0790588170109752,79.79239887508977,77.74485497301548,-0.0291570204366242,0,0.5143381992083333,0.3248456084111111,0.1608162028333333,0.8571045519444445,0.1894925848888888,36
2025-10-30,MSFT,522.4512329101562,531.6032326010347,518.834126044735,527.1414993194383,41023100,-15.69061279296875,-0.0291570204366242,519.5842328512593,510.32201171875,456.8391427612305,54.18649608214938,9.421745150491969,716564500.0,5.081165174570856,1.6250999840565732,3.4560651905142827,501.0746569791037,518.4371154785156,535.7995739779275,6.697999807898173,0.6155976105508513,63.83075611115115,74.41567198798502,-0.0151210752629633,0,0.4845596828295454,0.2595902214204545,0.2558501060454545,0.8387846634090909,0.2249694647329545,44
2025-10-31,MSFT,514.5512084960938,525.9887810857076,511.8582417946861,525.5515477587454,34006400,-7.9000244140625,-0.0151210752629633,519.1048971983864,510.5917034912109,457.30533905029296,47.69492865529813,9.75808758910122,682558100.0,4.0366413231051865,0.4644609060727225,3.572180417032464,501.11925530158175,518.4599731445312,535.8006909874807,6.689317880327635,0.3872951891658067,46.88464804694883,63.502601011063234,-0.0015062143500307,0,0.3452664384736842,0.3819784738947368,0.2727550861052631,0.8873110963157894,-0.0367120358026315,38
2025-11-03,MSFT,513.7761840820312,521.6562706261378,511.3515374029952,516.5386570612455,22374700,-0.7750244140625,-0.0015062143500307,518.5974007111145,510.7864709472656,457.7762088012696,47.0988000259725,9.79713370581846,660183400.0,3.110455260315348,-0.3693801253736932,3.479835385689041,500.7235716756341,517.886605834961,535.0496399942879,6.628105058502475,0.3802536394564016,29.03355806843837,46.5829874088461,-0.0052221453604537,0,0.5438380690864103,0.1922761439601923,0.26388579494294867,0.8428703041089743,0.35156192456410257,118
2025-11-04,MSFT,511.0931701660156,512.3054631947169,504.6439932361389,508.5393367379826,20958700,-2.683013916015625,-0.0052221453604537,517.8827120877718,510.9866040039062,458.211674041748,45.00183944286275,9.749637787252311,639224700.0,2.1353345253954785,-1.07560068823485,3.2109352136303286,500.0486577322191,517.407145690918,534.765633649617,6.70979831000184,0.3181300254974613,20.27283702081763,32.0636810454016,-0.0139405276046856,0,0.5737806590196078,0.2703759559686274,0.1558433882156862,0.8513057727450981,0.3034047043137255,51
2025-11-05,MSFT,503.96826171875,511.5900049686576,503.39189488693165,510.06960470137113,23024300,-7.124908447265625,-0.0139405276046856,516.5575263383412,511.088359375,458.614133605957,39.91905468137385,9.638814379714717,616200400.0,0.7786479820108525,-1.9458297852955808,2.7244777673064333,498.3370007601727,516.5282150268555,534.7194292935383,7.043647854062328,0.1547796885909629,12.433475702178216,20.57995693047805,-0.0198359794870205,0,0.6073881697142857,0.199638717,0.1929731092285714,0.8340336394285714,0.4077494474285714,35
2025-11-06,MSFT,493.9715576171875,502.5174404542645,492.6896676102462,502.4776836990636,27406500,-9.9967041015625,-0.0198359794870205,514.4064816982312,510.8967724609375,458.8791471862793,34.09959221637531,9.75594150319965,588793900.0,-1.0906144288227324,-3.052073756903333,1.9614593280806003,494.655048265981,515.2711746215821,535.8873009771831,8.00204916207147,-0.0165766021464021,6.194722130442647,12.967011617812814,-0.0005632485423001,0,0.6042073064347826,0.1417515433695652,0.2540411469565217,0.8333770386956523,0.4624557596086956,46
2025-11-07,MSFT,493.6933288574219,496.2372153715257,490.1457889557352,493.8225155697467,24019800,-0.278228759765625,-0.0005632485423001,512.433800475297,510.6419860839844,459.140249633789,33.95124200983156,9.494190425527568,564774100.0,-2.5649024930317523,-3.621089456889882,1.0561869638581296,492.09997226950986,514.5686248779297,537.0372774863495,8.733005287195661,0.0354573239366148,3.120596923834764,7.249598252151856,0.0184775089456903,1,0.54160716516,0.2307751835399999,0.22761765436,0.858384114,0.31083197876,25
2025-11-10,MSFT,502.8155517578125,503.6602084533397,495.66085193460816,496.8930687697553,26101500,9.122222900390623,0.0184775089456903,511.5177767879175,510.6282733154297,459.46005783081057,42.74607467150823,9.527953937698294,590875600.0,-2.9630431382579445,-3.2153840816928594,0.2523409434349147,491.16845905001793,514.1686599731445,537.1688608962711,8.946558868184578,0.2531954556988995,9.738740759134728,6.35135327113736,0.005296408286832,1,0.6093601655572543,0.2099021663914703,0.18073766241862987,0.8383472814781397,0.3994579994320802,90
2025-11-11,MSFT,505.4786682128906,506.3928916321033,499.1885187507047,501.6230817360039,17980000,2.663116455078125,0.005296408286832,510.9426235902959,510.6990252685547,459.8401246643066,45.04662356690718,9.361983862248325,608855600.0,-3.0287674805428537,-2.6248867391822146,-0.4038807413606389,490.6675503997251,513.9256973266602,537.1838442535952,9.051171034225122,0.3184070910656451,17.501793486690744,10.120377056553393,0.0048361686295641,1,0.4800937495322581,0.3775695108064515,0.142336749532258,0.8450407877419355,0.1025242353225806,31
2025-11-12,MSFT,507.9232482910156,508.449911619763,495.97887455805096,506.1544212835199,26574900,2.444580078125,0.0048361686295641,510.6550640379835,510.8140972900391,460.16995559692384,47.14605828966909,9.584059090781444,635430500.0,-2.850735805382328,-1.957484051217352,-0.8932517541649769,490.4598853298706,513.8119201660156,537.1639550021606,9.089720934695247,0.3739152301647534,25.395539125543085,17.545357790456166,-0.0153579486781398,0,0.5796367764772727,0.1916972361590909,0.2286659768636363,0.8049339454545454,0.3879395461363636,22
2025-11-13,MSFT,500.1225891113281,510.2683247202687,498.1351759673349,507.098398329558,25273100,-7.8006591796875,-0.0153579486781398,509.6519711878258,510.72108581542966,460.4848477172852,41.67473296442631,9.766136923792326,610157400.0,-3.30104008783411,-1.9262306669353064,-1.3748094208988038,489.3936511897188,513.3985382080078,537.4034252262969,9.351365550076146,0.2234740349628619,23.901675281444728,22.2663359645595,0.0136898808440337,1,0.4555370290526315,0.3626987435263158,0.1817642196842105,0.8725624505263159,0.0928382945263158,19
2025-11-14,MSFT,506.9692077636719,508.3802844283928,494.3093958369769,495.09443251402297,28505700,6.84661865234375,0.0136898808440337,509.396469909335,511.0227746582031,460.96907012939454,47.44015070382592,10.073619185765434,638663100.0,-3.070054888567085,-1.3561963741346252,-1.7138585144324603,489.0940216267074,513.229605102539,537.3651885783707,9.405374606560192,0.3703077274859321,24.728520446199465,24.675244951062407,-0.0052725779535209,0,0.5133325075115385,0.2543650050576923,0.2323024998461538,0.8392757038461538,0.2589675040653846,26
2025-11-17,MSFT,504.2961730957031,508.8970396915909,501.73242330739504,505.2501533046029,19092800,-2.67303466796875,-0.0052725779535209,508.91072735565575,511.2074053955078,461.439581451416,45.547159994010656,9.86583327136761,619570300.0,-3.0673307328704027,-1.0827777747503535,-1.984552958120049,488.3213763023844,512.7675338745117,537.2136914466391,9.534986502522996,0.3267343087801375,23.819440062666548,24.149878596770225,-0.0269955836620366,0,0.4191303148231162,0.32006841031321837,0.26080127085919536,0.8313109819795658,0.09906190692975736,94
2025-11-18,MSFT,490.6824035644531,499.8145698875434,483.7165104088928,492.2524466910109,33815100,-13.61376953125,-0.0269955836620366,507.1746965183983,511.1155871582032,461.8624813842773,37.36874071474076,10.631106801042092,585755200.0,-4.116239795910019,-1.705349470231976,-2.410890325678043,485.3326499197401,511.5815460205078,537.8304421212756,10.261861986599312,0.1019043548379277,23.133890941570865,23.893950483478942,-0.0135078244291306,0,0.4750839018116883,0.238354488451948,0.2865616113896104,0.7941613105194806,0.2367294105064935,77
2025-11-19,MSFT,484.0543518066406,492.0735713081103,479.79134202204426,487.0156083775533,23245300,-6.6280517578125,-0.0135078244291306,504.9727589268023,510.8522546386719,462.2450759887696,34.153351320515085,10.749044121400944,562509900.0,-5.419859403804594,-2.407175262501241,-3.012684141303353,481.2319200192074,509.9210586547852,538.6101972903629,11.252384324452928,0.0491899011553644,16.877391735894427,21.276907580043925,-0.0160013310222436,0,0.5786097726689189,0.1942074435081081,0.2271827855135135,0.8435747445945946,0.3844023302648648,74
2025-11-20,MSFT,476.308837890625,491.3817281634789,473.3918355542452,490.525525238351,26802500,-7.745513916015625,-0.0160013310222436,502.2428616852616,510.4212915039063,462.5843968200684,30.816357193718545,11.266247584817563,535707400.0,-6.997324771907813,-3.187712504483568,-3.809612267424245,475.913095786071,507.8723037719727,539.8315117578743,12.585528979840127,0.0061913628261468,9.939401571038106,16.65022808283445,-0.0131889489333718,0,0.5220459216153847,0.167087143925641,0.3108669425641026,0.8399802561538462,0.3549587769230769,39
2025-11-21,MSFT,470.0268249511719,476.796695003642,466.19388806310616,476.3785437287191,31769200,-6.282012939453125,-0.0131889489333718,499.1746677105865,509.6880078125,462.8798062133789,28.39326096198005,11.21885896736887,503938200.0,-8.654618331581446,-3.87600485132576,-4.778613480255686,469.98001174026246,505.35791015625,540.7358085722375,14.001125817957073,0.0006616166166651,7.861302527268205,11.559365278066894,0.0039820569478747,1,0.5808812330357143,0.1690908138375,0.2500279587321428,0.8471073416071428,0.4117904205,56
2025-11-24,MSFT,471.89849853515625,474.7856351712577,465.94500021095376,472.8940649877621,34421000,1.871673583984375,0.0039820569478747,496.5769373129264,508.8836450195312,463.2145678710938,30.155392054894808,11.048985824007088,538359200.0,-9.70513227811233,-3.941215038285315,-5.763917239827015,465.94206522002986,502.54408569335936,539.1461061666889,14.56669037218089,0.081367547994606,9.133048918549475,8.977917672285244,0.0063079562599388,1,0.4735368270914,0.2617016342169369,0.26476153674242686,0.8383472253985409,0.21183519411891447,125
2025-11-25,MSFT,474.8752136230469,477.0256407210385,462.8288843313517,471.9681767111092,28019800,2.976715087890625,0.0063079562599388,494.5101064853188,508.2644207763672,463.5520079040528,32.98013983794366,11.273826578698491,566379000.0,-10.1801259639318,-3.5329669792838274,-6.647158984647973,464.8398943868664,499.3549179077148,533.8699414285632,13.823844437325452,0.1453761031065028,15.582807352558062,10.859052932791895,0.0178411513458478,1,0.6321200311785714,0.1773828183125,0.1904971347142857,0.8167772448214287,0.45473721325,56
2025-11-26,MSFT,483.3475341796875,486.1450736050165,479.06661039650686,484.1539406114854,25709100,8.472320556640625,0.0178411513458478,493.447004360973,507.79516662597655,463.93566390991214,40.37189531423822,11.27354325036072,592088100.0,-9.76040455127844,-2.4905964533043736,-7.269808097974067,466.4220773509545,496.61520233154295,526.8083273121314,12.159565328985376,0.2802866023244462,27.22947136115213,17.315109210753203,0.0134088614886971,1,0.5511949542954545,0.2086835908454545,0.2401214695227272,0.830431551590909,0.3425113662727272,44
2025-11-28,MSFT,489.8286743164063,490.4459206738112,484.4924221764412,485.4382224868377,14386700,6.48114013671875,0.0134088614886971,493.10240149958565,507.4867370605469,464.3635848999023,45.33849729307157,10.975317767772356,606474800.0,-8.80331927916194,-1.2268089449502977,-7.576510334211642,467.1148480026594,494.9840744018555,522.8533008010515,11.260655782864744,0.4075072983439903,41.85319826482138,28.221825659510504,-0.0107112422344537,0,0.5506705810422923,0.297254137285035,0.15207527562262257,0.8517074170770771,0.2534164418283283,64
2025-12-01,MSFT,484.5820007324219,487.68816317334665,482.5012705124726,486.2744758383938,23964000,-5.246673583984375,-0.0107112422344537,492.29093475985576,506.8849676513672,464.7578605651855,42.26912922672032,10.71475248464102,582510800.0,-8.371681482588883,-0.6361369187017925,-7.735544563887091,466.7877053700663,493.4856140136719,520.1835226572774,10.820136549255478,0.3332526079082508,48.67367438468919,39.25211467022088,0.0066976795387907,1,0.4943047489862871,0.3043847296100443,0.20131050876007586,0.823160704742062,0.18992002199721691,104
2025-12-02,MSFT,487.82757568359375,491.312058367048,484.1638983253085,484.56211884124775,19562700,3.245574951171875,0.0066976795387907,491.8658529430689,506.4172711181641,465.1787902832031,44.760420424805325,10.459995881576624,602073500.0,-7.679193680250478,0.0450807069092906,-7.724274387159768,467.0862662173168,492.18818359375,517.2901009701832,10.200130036909709,0.4131419356385467,51.82157654315907,47.4494830642232,-0.0250408285598356,0,0.5344309176084338,0.1681325024927711,0.2974365827951807,0.8194299909638554,0.366298416066265,83
2025-12-03,MSFT,475.6119689941406,482.0930858950488,473.0931871020635,474.2082166599713,34615100,-12.215606689453123,-0.0250408285598356,490.31786399555193,505.80900512695314,465.5326626586914,38.09676455224485,10.765309645859023,567458400.0,-8.023598429369201,-0.2394592337675458,-7.784139195601655,465.89899403849154,490.41412353515625,514.929253031821,9.997725726146344,0.1981016448836327,41.832205388613005,47.4424854388204,0.0065099747812829,1,0.4756003460188679,0.2508766948509434,0.2735229632264151,0.7984464647169811,0.2247236456679245,53
2025-12-04,MSFT,478.7081909179688,479.1860737742951,474.377470578239,477.6329924690825,22318200,3.096221923828125,0.0065099747812829,489.2121808453059,505.244380493164,465.87666732788085,40.5140852571357,10.339830613730244,589776600.0,-7.955002128579906,-0.1366903463826005,-7.818311782197306,464.9586893239905,489.1511199951172,513.3435506662439,9.8915977832651,0.28416949460122,38.03709360856658,43.8969585134462,0.0048248440837903,1,0.597335418254902,0.2405948498313725,0.1620697376862745,0.823300345490196,0.3567405679770588,51
2025-12-05,MSFT,481.0178833007813,481.2568095233099,476.7568601661199,480.3807061976695,22608700,2.3096923828125,0.0048248440837903,488.4317715553512,504.7879571533203,466.221376953125,42.32345330619818,9.922696238263086,612385300.0,-7.6263543281522175,0.1535659632360708,-7.779920291388288,464.16872220565546,488.50343627929686,512.8381503529383,9.962965361712753,0.3461959948273288,33.632691865568866,37.83399695424946,0.016267929045018,1,0.6296436149421053,0.1263211412824561,0.2440352407368421,0.8279652540350877,0.503322475022807,57
2025-12-08,MSFT,488.8430480957031,490.1173719905148,482.2325023858298,482.74025101921535,21965900,7.825164794921875,0.016267929045018,488.4709407496704,504.3999945068359,466.6444264221191,48.08488750028125,9.863895699082402,634351200.0,-6.6577270441407,0.8977545977980714,-7.555481641938771,464.041526562254,488.26092224121095,512.4803179201679,9.920677480305116,0.5120177617602157,48.0959085837747,39.92189801930336,0.0020365318428314,1,0.5234982059175571,0.2351234444899876,0.24137834556677099,0.8208140407832696,0.28837476040597604,186
2025-12-09,MSFT,489.8385925292969,489.93815525049575,486.3342095719457,486.931555516862,14696100,0.99554443359375,0.0020365318428314,488.601193300111,503.9695391845703,467.0932986450196,48.78581557691718,9.416756411901517,649047300.0,-5.743542840663906,1.4495510410198928,-7.193093881683799,464.3091673156279,487.61207427978513,510.9149812439424,9.557969621066595,0.5477734012528223,67.39207453677075,49.70689166203808,-0.0273565604601971,0,0.5670933297666667,0.2198223995966666,0.2130842776277778,0.8320398442222223,0.3472709329444444,90
2025-12-10,MSFT,476.4382934570313,482.10306917330496,472.9737111601482,481.8840433318536,35756200,-13.400299072265623,-0.0273565604601971,487.4428218864844,503.2044976806641,467.5053723144531,40.80062940537948,9.948765337419172,613291100.0,-6.03081790250053,0.9298207833466154,-6.960638685847146,463.8952923691791,486.16005554199216,508.42481871480527,9.159437481136283,0.2816782956660438,70.11911881266576,61.86903397773705,0.0102599102096923,1,0.5191244042753623,0.2291476456376811,0.2517279428405797,0.8293660401449275,0.2899767583811594,69
2025-12-11,MSFT,481.3265075683594,483.8751552220924,473.750231167373,474.5168367702029,24669200,4.888214111328125,0.0102599102096923,486.8603157609487,502.50224243164064,467.9328260803223,44.37718401637479,9.96134810294062,637960300.0,-5.797220681070087,0.9307344038216474,-6.727955084891734,464.8654711133371,484.83021850585936,504.7949658983816,8.235768576492303,0.4122525602599837,68.32129218594743,68.61082851179462,-0.0102177851063273,0,0.5659259667662339,0.2231319014844155,0.2109421378181818,0.8462111492207791,0.3427940624805194,77
2025-12-12,MSFT,476.4084167480469,480.31105063829824,474.2281237707076,477.6927059881058,21248100,-4.9180908203125,-0.0102177851063273,485.864896807339,501.7805255126953,468.3713388061523,41.650711033408335,9.75685065256285,616712200.0,-5.940464055289681,0.6299928236816434,-6.570456878971324,464.66079191778624,483.64450988769534,502.6282278576044,7.850277458671952,0.3094131731434716,53.42728231433768,63.9558977709836,-0.0077528909033152,0,0.58192122503125,0.222172939459375,0.19590583315625,0.84076181671875,0.359748282140625,64
2025-12-15,MSFT,472.7148742675781,478.588710310573,470.4250531780871,477.97146396596463,23727700,-3.69354248046875,-0.0077528909033152,484.6125137083141,500.9529418945313,468.76930114746096,39.67904261381514,9.6430511154145,592984500.0,-6.279635739455955,0.2326569116122954,-6.51229265106825,465.691995335915,481.9317932128906,498.17159108986624,6.739459029548514,0.2162243331125438,49.10869546741207,56.9524233225657,0.0033065371992535,1,0.47378101331802164,0.26563667487166126,0.2605823091961074,0.8136713062457597,0.20814433947701214,146
2025-12-16,MSFT,474.2779235839844,475.7712732838117,468.79234263095657,469.8177748762136,20705600,1.56304931640625,0.0033065371992535,483.6282670298065,499.9336297607422,469.2171647644043,40.95291001968992,9.45275679666026,613690100.0,-6.34911804523523,0.1305396846664175,-6.479657729901647,467.5311393213594,480.4308807373047,493.3306221532499,5.37007171401986,0.2615085080033197,35.580939791067266,46.03897252427232,-0.0005668181720785,0,0.5477013364726027,0.1698620914123287,0.2824365713424657,0.836752594520548,0.3778392457123288,73
2025-12-17,MSFT,474.0090942382813,477.8718969329872,472.8940646732686,474.7956002423544,24527200,-0.268829345703125,-0.0005668181720785,482.71215533537554,499.0001641845704,469.663090057373,40.79334635210977,9.133119329735855,589162900.0,-6.35264620360573,0.1016092210367345,-6.454255424642464,467.31501430894986,479.5972152709961,491.8794162330424,5.121881683614952,0.2725114150964086,27.41081808967117,37.36681778271682,0.0165084697530892,1,0.6287882838356165,0.1908014344178082,0.180410278369863,0.8512251042465754,0.437986854569863,73
2025-12-18,MSFT,481.8342590332031,487.4293375934554,475.7712630284666,476.0699208090834,28573500,7.825164794921875,0.0165084697530892,482.62854616374005,498.2059118652344,470.0866957092285,47.23763516902321,9.43934247441002,617736400.0,-5.658785931467946,0.636375594539615,-6.295161526007561,467.3276403178426,479.4862106323242,491.6447809468058,5.071499469587435,0.5965593955599461,35.145868389071346,32.712542089936576,0.0040084249888132,1,0.5446084494821429,0.203778276297619,0.2516132691547619,0.8254902984523809,0.3408301716071428,84
2025-12-19,MSFT,483.7656555175781,485.6870914455969,480.3508395546156,485.1992432324443,70836100,1.931396484375,0.0040084249888132,482.736842292677,497.4989776611328,470.5404069519043,48.72119479490619,9.146264575593689,688572500.0,-4.896604107746441,1.1188459346088973,-6.015450042355338,467.6558396004818,479.8590515136719,492.06226342686193,5.086165145659384,0.6600645810175484,49.18946178190172,37.248716086881394,-0.0020579063896725,0,0.5539319606166667,0.1873106790066666,0.2587573521166667,0.842562653,0.3666212794366666,60
2025-12-22,MSFT,482.7701110839844,486.5632169440421,480.5499868948874,483.9647726311972,16963000,-0.99554443359375,-0.0020579063896725,482.740010748992,496.9994934082032,471.0068661499024,47.97242838807727,8.92247639513376,671609500.0,-4.323068000014871,1.3539056338723745,-5.676973633887245,469.1096102983533,480.4962158203125,491.8828213422717,4.739519333162604,0.5998495670762739,63.31647492168901,49.21726836422067,0.0039799838312564,1,0.5915438388395337,0.23893105154402275,0.16952510984879296,0.853785060734127,0.35261278783688826,142
2025-12-23,MSFT,484.6915283203125,485.6671639887272,482.5908673290986,482.8298239351052,14683600,1.921417236328125,0.0039799838312564,482.9258695653082,496.4770269775391,471.5480418395996,49.58289614218836,8.504892128311957,686293100.0,-3.671175167412514,1.6046387731797855,-5.2758139405923,470.3305838753743,481.1358673095703,491.9411507437663,4.491572617363692,0.6645334447909729,68.8641842103303,60.45670697130699,0.0024031674865694,1,0.5828066575347222,0.2156148061041666,0.2015785318611111,0.8406290737500001,0.3671918536666667,72
2025-12-24,MSFT,485.8563232421875,486.9912835675863,482.680463867149,483.5267014178325,5855900,1.164794921875,0.0024031674865694,483.2049603916777,495.9873950195313,472.0936054992676,50.58156145729883,8.205315526320907,692149000.0,-3.025678052176658,1.8001087107325129,-4.825786762909171,471.09409249566977,481.68492279052737,492.27575308538496,4.397409922445624,0.6969345337204377,73.37377120276597,68.5181434449284,-0.000635217147157,0,0.6350511012121213,0.1870255315727272,0.177923371090909,0.8704019796969698,0.4480255676060606,33
2025-12-26,MSFT,485.5476989746094,485.9558848600665,483.8054577080926,484.5521325365998,8842200,-0.308624267578125,-0.000635217147157,483.42807835195686,495.4943731689453,472.623663482666,50.29727783532039,7.772823499581834,683306800.0,-2.510085632215408,1.852560904555012,-4.362646536770419,471.0921915806459,481.7949310302735,492.49767047990105,4.4428609602599085,0.6753181025287174,77.71544227199404,73.31779922836341,-0.0012506892492577,0,0.547372974640625,0.24028759143579548,0.21233944153693174,0.8454860290056818,0.3070853874491477,76
2025-12-29,MSFT,484.9404296875,486.1848877649252,482.0333622504328,482.7103401528056,10893400,-0.607269287109375,-0.0012506892492577,483.5721118124848,495.0253771972656,473.172966003418,49.70530971296216,7.514159357789731,672413400.0,-2.1259696265768184,1.7893415281548806,-3.915311154731699,471.3829080424055,481.55051879882814,491.7181295552508,4.222863587307327,0.6667014488399128,78.31842849952986,76.46921399142992,0.0007800873577012,1,0.521335113183306,0.24362604608519958,0.23503883590578803,0.8240750501805355,0.27770906405892254,122
2025-12-30,MSFT,485.3187255859375,487.5089534635432,483.3474931520442,483.7755794175697,13944500,0.3782958984375,0.0007800873577012,483.738455981385,494.52479431152346,473.6756869506836,50.09930896578896,7.274680854483252,686357900.0,-1.7706190134339297,1.715753713038216,-3.4863727264721454,471.3708595173838,481.5873550415039,491.803850565624,4.242842100054566,0.6826149943306996,81.07822513790057,79.03736530314147,-0.0079182293771887,0,0.5153043815777778,0.1972462158266666,0.2874494087777777,0.8132554184444445,0.3180581650666667,45
2025-12-31,MSFT,481.4758605957031,485.9758405710775,481.1572720274455,485.6771523949816,15601600,-3.842864990234375,-0.0079182293771887,483.52297070655817,493.8835595703125,474.15850021362303,46.144702365668415,7.099244260851021,670756300.0,-1.7785857514924146,1.3662295799837847,-3.1448153314762,471.462233744544,481.2697692871094,491.0773048296748,4.075691501293761,0.5105067836715593,77.47648759287524,78.95771374343519,-0.0220834745462714,0,0.4850883421904762,0.3479360229523809,0.1669756373095238,0.8976621004761904,0.1371523166666666,42
2026-01-02,MSFT,470.84320068359375,482.5112407273309,468.07552715971417,482.24244872265706,25571600,-10.632659912109377,-0.0220834745462714,482.315373561514,493.01238037109374,474.6137980651856,37.35798799371115,7.623277782762859,645184700.0,-2.6127481090398987,0.4256537779490408,-3.0384018869889395,470.481408234689,481.0313308715821,491.581253508475,4.386376503907775,0.0171466872960516,56.768623269391874,71.77444533338921,-0.0001902312524993,0,0.5187804598547078,0.30212016151006493,0.17909937349967525,0.8413686031136363,0.21666029524139607,114
2026-01-05,MSFT,470.7536315917969,473.9593569778809,467.4184776979013,471.95825856508776,25250300,-0.089569091796875,-0.0001902312524993,481.21425527868377,492.0821710205078,475.0473573303223,37.29356520890926,7.545963603992623,619934400.0,-3.2436643211759133,-0.1642099473495788,-3.0794543738263345,469.2005393546753,480.6336029052735,492.0666664558716,4.757496555167599,0.0679210882651099,32.869531733110314,55.70488086512578,0.0119699293158053,1,0.4807562121896342,0.2996322161439209,0.2196115724056212,0.8302130896019134,0.18112399530814235,151
2026-01-06,MSFT,476.3885192871094,476.617480129593,467.6673473241013,471.69937935780575,23037700,5.6348876953125,0.0119699293158053,480.75466137472426,491.2642626953125,475.5139431762696,43.85337773977623,7.6462614040996995,642972100.0,-3.2515003484805334,-0.1376367797233588,-3.1138635687571745,468.8230481801325,480.40213470458986,491.98122122904726,4.820580795952396,0.3266868716714872,25.16357333228037,38.26724277826083,0.010365464492384,1,0.5701186844175258,0.1915644424484536,0.2383168730412371,0.8175185378350516,0.378554239884536,97
2026-01-07,MSFT,481.3265075683594,487.5288974221053,475.8309917616744,477.63296458601815,25564200,4.93798828125,0.010365464492384,480.8091229169752,490.4844989013672,475.9833345031738,48.898402151263056,7.935664565266216,668536300.0,-2.826671956001519,0.2297532902045245,-3.0564252462060435,469.0978425440477,480.0263076782227,490.9547728123977,4.553277584736356,0.5594868480693947,43.469075846462864,33.83406030395116,-0.0110865339678458,0,0.5631947081623376,0.1060457500571428,0.330759550961039,0.8053872957142857,0.4571489559805194,77
2026-01-08,MSFT,475.9902648925781,480.5201105081445,473.7502403609407,479.1063927688648,18162600,-5.33624267578125,-0.0110865339678458,480.3501840575088,489.44080444335935,476.4170335388184,44.26914822582784,7.909993325419961,650373700.0,-2.8872995889534536,0.135300525802072,-3.0226001147555257,469.2584096761699,479.3338912963867,489.4093729166035,4.203951276204181,0.3340711377459382,52.14338919827637,40.25867945900652,0.0024471623168931,1,0.5731806160348837,0.1537419827732558,0.2730773956744186,0.8247361191860465,0.4194386315813953,86
2026-01-09,MSFT,477.1550903320313,477.6927047258898,470.106493184136,471.9582322108041,18491000,1.164825439453125,0.0024471623168931,480.0458894169872,488.2107348632812,476.8462576293945,45.48243303433162,7.886866055158094,668864700.0,-2.8089756242848125,0.1708995923765708,-2.979875216661384,469.3306709619763,479.3697311401367,489.4087913182971,4.188441416308632,0.3896987980546564,53.39923306936356,49.670566038034245,-0.004381590565727,0,0.5894470908289474,0.1546194425855263,0.2559334625921052,0.8298831940789474,0.4348276466171052,76
2026-01-12,MSFT,475.06439208984375,478.8574978399144,473.57104241242143,474.5566738594685,23519900,-2.0906982421875,-0.004381590565727,479.5714611001163,486.9491857910156,477.290725402832,43.64579051809704,7.701122438896295,645344800.0,-2.8823789234307355,0.0779970345845182,-2.9603759580152538,468.89139135869056,479.0566253662109,489.2218593737313,4.243854888657328,0.3036329870314014,43.01967931166842,49.52076719310276,-0.0136425918823966,0,0.5554001892385588,0.21966146551820678,0.2249383478825123,0.8145303586398146,0.33573872341859845,132
2026-01-13,MSFT,468.5832824707031,473.6706125344443,463.88420753037366,472.57548334410274,28545800,-6.481109619140625,-0.0136425918823966,478.52496789731504,485.87182678222655,477.6997673034668,38.46086324897363,7.949626876080138,616799000.0,-3.4240526012293344,-0.3709413145712643,-3.05311128665807,467.5633311966613,478.6653686523438,489.7674061080263,4.63874689198415,0.0459353194453432,35.436375733947465,43.95176270499312,-0.0239871120828977,0,0.5131940856818182,0.2166906335536363,0.2701152799363636,0.8177242267272727,0.2965034497636363,110
2026-01-14,MSFT,457.3433227539063,466.1242261748137,455.1431293963808,464.3919198839424,28184300,-11.239959716796877,-0.0239871120828977,476.5076683598476,484.7276690673828,478.1109358215332,31.47702654323361,8.341807318811723,588614700.0,-4.706055231030007,-1.3223551554975497,-3.3837000755324573,463.5881698543903,477.8967910766602,492.20541229893007,5.988163758134389,-0.2182197363210851,21.56235706943788,33.339470705017895,-0.0059210370909927,0,0.5832926055216867,0.1650362478542168,0.2516711482168674,0.8169127162650602,0.4182563589108434,83
2026-01-15,MSFT,454.6353759765625,462.19172164087615,453.8787357567712,462.062293141988,23225800,-2.70794677734375,-0.0059210370909927,474.4245928947728,483.54485290527344,478.5254481506348,30.06079095011539,8.339748644904095,565388900.0,-5.872861533128855,-1.9913291660771173,-3.8815323670517374,459.4081566025483,476.914663696289,494.4211707900298,7.341567968599657,-0.1363144743959868,9.638651280881668,22.21246136142231,0.0070073539895172,1,0.52811774955,0.2535882527476744,0.2182939977093023,0.8422459862790698,0.2745294977860465,86
2026-01-16,MSFT,457.8211669921875,461.1364202404358,454.4561779572919,455.8001683410004,34246700,3.185791015625,0.0070073539895172,472.8433142373837,482.4794128417969,478.92222076416016,33.8325837176701,8.221212476206944,599635600.0,-6.46596164283585,-2.06754342062729,-4.39841822220856,456.73825524536335,476.1052673339844,495.4722794226054,8.135600850236013,0.0279576359499566,6.919396157170392,12.70680150249662,-0.0116121415150257,0,0.5522994948380953,0.2362036155857142,0.2114968752083333,0.8527889857142857,0.3160958816845238,84
2026-01-20,MSFT,452.5048828125,454.77477325819245,447.2881239806389,449.2195254560932,26130000,-5.3162841796875,-0.0116121415150257,470.9063207683472,481.4501452636719,479.2926594543457,30.84332261136516,8.386343228731349,573505600.0,-7.2810460890733,-2.306102293491792,-4.974943795581508,452.929114165956,474.6387985229492,496.3484828799425,9.147875995199986,-0.009770555538255,8.97611575686259,8.511387731638191,-0.0229033132627626,0,0.5980287964997114,0.18517229154969966,0.216798909561314,0.82771690440386,0.41285650393871753,195
2026-01-21,MSFT,442.1410217285156,450.6829992738946,436.7351029497524,450.5934019351739,37980500,-10.363861083984377,-0.0229033132627626,468.16676847883934,480.4135345458984,479.6559892272949,26.01730339983143,8.913731559732511,535525100.0,-8.66341688312042,-2.9507784700311293,-5.71263841308929,447.0910105469538,472.5575668334961,498.0241231200384,10.778181569364373,-0.0971860655744404,11.774223739403393,9.2232452178121,0.0158294299512626,1,0.5322678909740259,0.2219765045454545,0.2457556046103896,0.8233081738961039,0.3102913889675324,77
2026-01-22,MSFT,449.1398620605469,450.8323067932568,442.7284117030413,445.6354487179439,25349400,6.99884033203125,0.0158294299512626,466.3546821532877,479.52246520996096,480.120016784668,33.575924798573546,8.897842524375989,560874500.0,-9.089430477233291,-2.7014336513152024,-6.387996825918091,443.93066294046895,470.8760543823242,497.82144582417953,11.444791550167546,0.096662153365237,16.009512046352473,12.25328384753946,0.0328279116950904,1,0.6364824636987951,0.1876380814518072,0.1758794597590361,0.8346877248192771,0.4488443806626506,83
2026-01-23,MSFT,463.8841857910156,469.0113467802032,448.5325382185013,449.8665935761158,38000200,14.74432373046875,0.0328279116950904,466.1193967854522,478.743837890625,480.6675694274902,46.075190745708966,9.72505438418498,598874700.0,-8.143433189538086,-1.4043490908959964,-6.73908409864209,443.5045565133928,469.8356872558594,496.16681799832605,11.20865504970782,0.3869873549477836,29.50475952024193,19.09616510199924,0.0092928831489529,1,0.5686018854776119,0.2328120774776119,0.1985860359850746,0.8746286559701493,0.3357898077776119,67
2026-01-26,MSFT,468.1950073242188,472.1474075016215,459.9517180089597,463.2470406576191,29291200,4.310821533203125,0.0092928831489529,466.3170739796204,477.99816467285154,481.2530155944824,49.09145604022545,9.901528320504754,628165900.0,-6.965581366734568,-0.1811978144739816,-6.784383552260587,443.6659562780185,468.95262145996094,494.2392866419034,10.784315525614955,0.4850194928771547,46.60263920308674,30.70563692322702,0.021901777716768,1,0.5653026196543732,0.24782004511871114,0.1868773379346335,0.850513423713152,0.31748257644614875,198
2026-01-27,MSFT,478.4493103027344,480.729165976126,471.0622242712429,471.5998386603028,29213900,10.254302978515623,0.021901777716768,467.47252505801225,477.408685913086,481.7118334960937,55.47183536709783,10.089573344176358,657379800.0,-5.145376067200857,1.311205988047783,-6.45658205524864,444.0646699052016,468.5977020263672,493.1307341475328,10.470829035258554,0.7007825251218707,65.83691020453138,47.31476964261999,0.0021849328991829,1,0.656731276019802,0.1674929319792079,0.1757757882772277,0.838576804158416,0.4892383441980198,101
2026-01-28,MSFT,479.4946899414063,481.59532063648624,475.8807787479093,481.0676716159272,36875400,1.045379638671875,0.0021849328991829,468.617493142145,476.9961279296875,482.2211329650879,56.0762127142665,9.777071097347829,694255200.0,-3.577260421835092,2.303457306730839,-5.880717728565931,444.4108792106749,468.3254150390625,492.23995086745,10.21278583669984,0.7335248106527198,79.79283709022793,64.07746216594866,-0.0999315049399564,0,0.5838584610366973,0.2603804912449541,0.1557610460733944,0.8744035110091744,0.3234779665321101,109
2026-01-29,MSFT,431.57806396484375,440.5381621786467,419.1533835040837,438.0392806211351,128855300,-47.9166259765625,-0.0999315049399564,465.0899284585925,475.4883050537109,482.4556951904297,33.57871140999364,13.38880219306031,565399900.0,-6.1303221972790425,-0.1996835749704892,-5.930638622308553,438.1548691130607,465.6383819580078,493.12189480295496,11.804659542617198,-0.1196500095406484,65.77999126794698,70.4699128542354,-0.0074047779832342,0,0.5379459000634482,0.3200731071344827,0.1419809950206896,0.8612682564137931,0.2178727907278621,145
2026-01-30,MSFT,428.38232421875,437.65104604221966,424.5593524472701,437.2229597325442,58566800,-3.19573974609375,-0.0074047779832342,461.5939661500361,473.9700280761719,482.6774475097656,32.63822610203212,13.367580150338114,506833100.0,-8.315653856391862,-1.908012187266646,-6.407641669125216,432.0872350498028,462.9837051391602,493.8801752285176,13.346677106085531,-0.0599568627150217,43.331798755061634,62.96820903774549,-0.0160822304568307,0,0.5098969504173914,0.2985699591586956,0.191533087423913,0.8635194864130434,0.2113269900434782,92
2026-02-02,MSFT,421.4929809570313,428.8303011436502,420.3779513468908,428.332517897532,42219900,-6.88934326171875,-0.0160822304568307,457.7748247030833,472.58623962402345,482.8750517272949,30.645507777230872,13.016492267939638,464613200.0,-10.482620244308066,-3.2599828601462804,-7.222637384161786,424.9890337441973,460.516194152832,496.04335456146674,15.4292773456059,-0.0492025361294621,12.808282237997846,40.64002408700213,-0.0287219720519492,0,0.511281015271522,0.2983247791555594,0.19039420835945223,0.8474009392224192,0.2129562373727761,215
2026-02-03,MSFT,409.3868713378906,420.178808008447,406.7486263222299,420.1390072256922,61424100,-12.106109619140623,-0.0287219720519492,453.1664481921126,471.0928900146485,483.0820378112793,27.471465826387785,13.139911008429763,403189100.0,-13.026655415349865,-4.643214424950463,-8.383440990399402,415.8978761245,457.4478561401367,498.9978361557734,18.16599617111687,-0.0783514791602672,7.350579251407917,21.16355341482244,0.0072469272531978,1,0.5167968900590476,0.305422630247619,0.1777804821666666,0.8544369832380952,0.2113742609428571,105
2026-02-04,MSFT,412.3536682128906,417.9387813848693,407.4256021580933,409.1778088233149,45012400,2.966796875,0.0072469272531978,449.27951676552,469.81378662109375,483.32282119750977,29.401258677203742,12.95228730974021,448201500.0,-14.634725893626468,-5.001027922581651,-9.633697971044816,409.29788079966346,454.2461135864258,499.1943463731881,19.790255300978107,0.0339922976251818,4.920132840570748,8.359664776658812,-0.0495424624250805,0,0.4126143437023999,0.3813494046232,0.206036252684,0.86637340272,0.0312649389919999,125
2026-02-05,MSFT,391.9246520996094,406.4897635323938,390.5806313349955,405.6335909812077,66289200,-20.42901611328125,-0.0495424624250805,443.8171487021,468.2517431640625,483.5043374633789,24.556123266706663,13.582340850322709,381912300.0,-17.357497771471003,-6.179039840340948,-11.178457931130056,399.0755269518076,449.7760208129883,500.476514674169,22.544774072009247,-0.0705207613142531,4.1634230957799625,5.478045062586186,0.0189753045862177,1,0.4880138747714285,0.3748285296115646,0.1371575931156462,0.8616278817006803,0.1131853428367346,147
2026-02-06,MSFT,399.3615417480469,400.0086538663787,391.1779842848308,397.4002746193236,53515300,7.4368896484375,0.0189753045862177,439.58328137314254,466.80100402832034,483.684913482666,29.134419747165463,13.24293575969594,435427600.0,-18.69966120498981,-6.016962619087803,-12.682698585902006,392.2537373258394,445.9445846557617,499.6354319856841,24.079605034947537,0.0661919561310988,6.204399640512037,5.095985192287558,0.0310614652186462,1,0.4472918404306819,0.3433472265965909,0.2093609386874999,0.888358549090909,0.1039446159329545,88
2026-02-09,MSFT,411.7662963867188,413.0505856348112,399.0927243377603,403.0550898097971,45480500,12.404754638671877,0.0310614652186462,436.9340447077688,465.53882568359376,483.8900318908691,36.10007229609649,13.29400186950701,480908100.0,-18.54855912383568,-4.692688430346932,-13.85587069348874,389.0210483007806,442.6751449584961,496.3292416162116,24.240844451633244,0.2119618957620393,11.467231817079051,7.278351517790327,-0.0007979095156083,0,0.5395744900399043,0.29833162341195935,0.1620938907069295,0.8514683841911589,0.24124286521359614,197
2026-02-10,MSFT,411.437744140625,421.801594739736,410.8702943432265,417.75959730190846,44857900,-0.32855224609375,-0.0007979095156083,434.5058256061361,464.1006298828125,484.0295867919922,35.9991424615826,13.125237478578615,436050200.0,-18.245004007248497,-3.5113066510078035,-14.733697356240691,386.35605798966566,439.4938125610352,492.6315671324047,24.18134365156276,0.2360062666674411,18.613730985060432,12.095120814217148,-0.0215355416321267,0,0.4917677886273585,0.3405653498849056,0.1676668561320755,0.8521816256603774,0.1512024388896226,106
2026-02-11,MSFT,402.57720947265625,414.61360447479314,399.2321207098042,414.3348470778888,42491000,-8.86053466796875,-0.0215355416321267,431.4650050219952,462.3556005859375,484.102310333252,33.295569415125165,13.286397927607922,393559200.0,-18.50607892922187,-3.0179052583849426,-15.488173670836929,382.4963897244134,436.1935089111328,489.8906280978522,24.62077866347127,0.1869822818465959,19.7914411434567,16.62413464853204,-0.0062566851000444,0,0.5483907551569892,0.2951719873924731,0.1564372591935484,0.8729280259139784,0.2532187656491397,93
2026-02-12,MSFT,400.0584106445313,404.3990960787573,396.24540458526855,403.20440420967,40802400,-2.518798828125,-0.0062566851000444,428.4739007955701,460.6651287841797,484.1658561706543,32.54726435720447,12.919776039456552,352756800.0,-18.700659142934967,-2.569988377678431,-16.130670765256536,378.3542586432763,433.3292633056641,488.3042679680519,25.37331739057246,0.1974001833610054,15.503530465871998,17.96956753146302,-0.0012939852380564,0,0.5272029543008695,0.2937725602965217,0.1790244847913043,0.8728971284347825,0.2334303945228695,115
2026-02-13,MSFT,399.5407409667969,403.7420326637702,396.2852191820681,402.65686886295305,34091600,-0.517669677734375,-0.0012939852380564,425.7183617642584,458.8993920898437,484.2125540161133,32.386164306546924,12.529564428188378,318665200.0,-18.681290690444712,-2.0404959401505423,-16.64079475029417,374.6331362338148,430.5745315551758,486.5159268765368,25.98453518340176,0.222622304913006,11.146357184235116,15.480442931187914,-0.0111133762511599,0,0.5281833497544117,0.2793452707235294,0.1924713781470588,0.8501709439705882,0.2488380809117647,68
2026-02-17,MSFT,395.1004943847656,398.7442713079252,392.7808378797226,397.4500470508712,32078800,-4.44024658203125,-0.0111133762511599,422.8023743947829,457.2891625976562,484.231010131836,30.97016278949373,12.11744576096594,286586400.0,-18.80743147990416,-1.7333093836879885,-17.074122096216165,370.9291489913445,427.4384979248047,483.9478468582649,26.44092621877096,0.2138703227839604,8.40807572466265,11.685987791589897,0.0069042554859546,1,0.4857180652124732,0.33835848017188375,0.1759234570184582,0.8496529342892895,0.14735958627127296,269
2026-02-18,MSFT,397.828369140625,400.77523739702553,394.5629123207548,396.3648852083561,23223400,2.727874755859375,0.0069042554859546,420.4238977039107,455.6715661621094,484.1138735961914,32.91086290316856,11.695651426344856,309809800.0,-18.47432178764689,-1.120159753144577,-17.35416203450231,368.0204723221331,424.7046722412109,481.3888721602887,26.6934666011322,0.2629295011753323,9.77285477205241,9.775762560316702,-0.0005769390090856,0,0.4267282279304348,0.3424874138014492,0.230784363057971,0.8387979402898551,0.0842408114492753,69
2026-02-19,MSFT,397.5988464355469,403.5559453902056,395.8127368785549,399.82403795970674,28234000,-0.229522705078125,-0.0005769390090856,418.2500832973999,454.0031854248047,483.9466708374024,32.82723680759707,11.413334075295277,281575800.0,-18.021114332435616,-0.5335618383466461,-17.48755249408897,365.2115319351645,422.4775634765625,479.74359501796056,27.109620245939965,0.2827794560634899,11.46130456458448,9.880745020433157,-0.0030868435621884,0,0.5178787704961039,0.2817580277077922,0.200363201512987,0.843137779090909,0.236120746012987,77
2026-02-20,MSFT,396.37152099609375,399.2552593187824,394.3059873534157,395.2539159508346,34015200,-1.227325439453125,-0.0030868435621884,416.1664106972755,452.1537548828125,483.7689247131348,32.35381655200287,10.95161535315752,247560600.0,-17.55857474494792,-0.0568178006871562,-17.501756944260762,362.8682516791325,419.8391464233399,476.8100411675472,27.13939146911345,0.2940384688303299,14.852514785626443,12.028891374087754,-0.0321225207113293,0,0.5786243635522388,0.1963910676567164,0.2249845818507462,0.86640331,0.3822332957910447,67
2026-02-23,MSFT,383.6390686035156,394.50551684604494,382.27203437696886,394.14630950985264,43238300,-12.732452392578123,-0.0321225207113293,413.0685685931079,450.0297644042969,483.5416770935059,27.86431713005381,11.17646330072662,204322300.0,-18.011782669316233,-0.4080205800443757,-17.603762089271857,360.5513436387336,415.82689056396487,471.1024374891961,26.585845302242884,0.2088421214177377,11.169334725053908,12.494384691754922,0.0117825151926027,1,0.5331642210754669,0.21709209145100003,0.24974368975595232,0.8082523377332853,0.31607213034321385,205
2026-02-24,MSFT,388.1593017578125,388.5185091169527,380.8850482189813,383.3098196996745,33884700,4.520233154296875,0.0117825151926027,410.69625746593687,448.2641845703125,483.3368325805664,31.49849336112721,10.923391700529825,238207000.0,-17.80100922260317,-0.1577977066650504,-17.64321151593812,360.874696948768,411.82510528564455,462.7755136225212,24.74371167903281,0.2677564881192193,12.125412735438696,12.71575408203966,0.0298200264733548,1,0.6025385286891892,0.2209780756837838,0.1764833994594594,0.821308224054054,0.3815604491756756,74
2026-02-25,MSFT,399.7342224121094,400.6023372807383,389.31678308531696,389.68597856263057,43625500,11.574920654296877,0.0298200264733548,409.65225412747714,446.6323388671875,483.16599731445314,39.8545349541898,11.031937687843818,281832500.0,-16.509657333552468,0.90684334590852,-17.416500679460988,366.95691375406216,407.8893508911133,448.8217880281644,20.07036322356849,0.4003830574307281,22.43463004696764,15.243125835820058,0.0027958182358562,1,0.526074561255814,0.2735546171139535,0.2003708177325581,0.8186843659302325,0.2525199395348837,86
2026-02-26,MSFT,400.851806640625,406.6093255926281,397.8782360341113,403.8353349281015,34405900,1.117584228515625,0.0027958182358562,408.8141162715865,445.12120666503904,482.99797744750975,40.60784965746192,10.86759139289189,316238400.0,-15.2206181391889,1.7567060322176715,-16.977324171406572,379.50198501875633,403.9572067260742,428.4124284333921,12.107827908564143,0.4365084454638174,37.54812341442693,24.0360553989444,-0.0223539015122216,0,0.5304826237637363,0.3084778479450549,0.161039527043956,0.8598467430769231,0.222004772010989,91
2026-02-27,MSFT,391.8912048339844,395.9624042352165,389.0374004516944,390.03523926255787,51367200,-8.960601806640625,-0.0223539015122216,407.2024104203863,443.5047332763672,482.7330172729492,36.64481650199442,10.93522102118037,264871200.0,-14.752038650810618,1.7802284164767634,-16.532267067287382,380.55224915910446,401.9728637695313,423.3934783799581,10.657741624423778,0.2646739106486819,40.588379246932966,33.523710902775825,0.0147934535016223,1,0.5225759111583334,0.2938187131583333,0.1836053745958333,0.8420498993333333,0.228757195625,120
2026-03-02,MSFT,397.6886291503906,400.3229381169724,389.78576315389057,392.0109241194205,35474900,5.79742431640625,0.0147934535016223,406.29633601372007,441.9729473876953,482.4976385498047,40.678592284640494,10.906789159887614,300346100.0,-13.75433097341272,2.22234887509973,-15.97667984851245,382.7294039560044,400.4381790161133,418.1469540762222,8.844698626699289,0.4223675873574017,38.92190326458914,39.01946864198299,0.0134989468947495,1,0.5487626194142124,0.28224610569406255,0.16899127773556435,0.8641007934458874,0.26651651465734266,212
2026-03-03,MSFT,403.0570068359375,405.82103971635513,391.8213629990231,392.2903484387299,38199200,5.368377685546875,0.0134989468947495,405.9878284729789,440.55390563964846,482.2702868652344,44.22019046830338,11.127709699705076,338545300.0,-12.38766000368804,2.87121587585953,-15.25887587954757,384.5861231928044,399.5163803100586,414.4466374273128,7.474165192259228,0.6185721886124509,44.567810256086354,41.35936425586946,0.0031441531290252,1,0.5400003682350516,0.2468719204288659,0.2131277117268041,0.8212378297938144,0.2931284442577319,97
2026-03-04,MSFT,404.32427978515625,410.14166638677375,399.4448336072076,400.4027502952161,35808000,1.26727294921875,0.0031441531290252,405.8293952646149,439.0037060546875,482.0442118835449,45.05413021985957,11.096932776838011,374353300.0,-11.074643481559349,3.3473859183905788,-14.422029399949928,384.848184305192,399.26325073242185,413.67831715965167,7.220833072308227,0.6755465047033775,62.30679749138051,48.59883700401864,0.0135241436684017,1,0.4730974643678161,0.3251062896206896,0.2017962506781609,0.8634029336781609,0.1479911725517241,87
2026-03-05,MSFT,409.79241943359375,410.7204021828405,403.525993165685,403.54596943015656,39001300,5.4681396484375,0.0135241436684017,406.2068261378509,437.5242413330078,481.8398226928711,48.62338271056551,10.818181079717837,413354600.0,-9.483515197605245,3.9508113618757488,-13.434326559480992,385.1484298093297,399.135188293457,413.1219467775844,7.008531893130816,0.8809757333062886,80.91403698157319,62.59621490967999,-0.0041881645310669,0,0.5346732156933334,0.31832094492,0.1470058415066666,0.8422806957333333,0.2163522696,75
2026-03-06,MSFT,408.0761413574219,412.1572983375802,407.6271321747383,408.3156433731429,31123900,-1.716278076171875,-0.0041881645310669,406.3848561587624,436.0303619384766,481.604034576416,47.57869264686764,10.36903715708384,382230700.0,-8.265741543061154,4.134868013135872,-12.400609556197026,385.8498401091923,399.9427627563476,414.03568540350295,7.04746976793826,0.7885625219377749,87.98508045481806,77.06863830925722,0.0011003722075924,1,0.6233304416614035,0.1726768295789473,0.2039927331052631,0.8652991470175438,0.4506536118947368,57
2026-03-09,MSFT,408.5251770019531,409.3234358422322,402.62794618065146,404.044890641513,30131900,0.44903564453125,0.0011003722075924,406.5886962390664,434.50703491210936,481.3739637756348,47.89412543139816,10.106640907405046,412362600.0,-7.181628382893791,4.175184938642587,-11.35681332153638,385.8258030132952,400.400944519043,414.9760860247908,7.280273288693313,0.7787016674831698,90.74157495897396,86.54689746512172,-0.0089152151416425,0,0.5508156499173972,0.2645200581370833,0.18466429427530862,0.8485392271486626,0.2862955908272557,169
2026-03-10,MSFT,404.8830871582031,409.3134939311744,402.05918625996463,409.1438479339772,31706400,-3.64208984375,-0.0089152151416425,406.4262572789841,432.8875701904297,481.15346069335936,45.50252302582826,9.902902819105387,380656200.0,-6.540947138014587,3.8526929468174327,-10.39364008483202,386.2674896546364,400.0567840576172,413.84607846059794,6.893668575306451,0.6750018151596894,84.02471899919483,87.5837914709956,-0.002168805812888,0,0.5915121187777778,0.2003757852722222,0.2081121031111111,0.8354749512222223,0.3911363318,90
2026-03-11,MSFT,404.0049743652344,408.1260534422115,400.7220762180728,404.6934855668013,25512100,-0.87811279296875,-0.002168805812888,406.1956589062461,431.2567156982422,480.9172076416016,44.92010894258475,9.724408133750623,355144100.0,-6.034497073368698,3.487314409170658,-9.521811482539356,386.769861200102,399.6851455688477,412.6004299375933,6.4627292317127,0.66723707636049,79.68523060639957,84.8171748548561,-0.007459038776109,0,0.5300119180418182,0.3213622231172727,0.1486258606272727,0.8482339517272727,0.2086496930554545,110
2026-03-12,MSFT,400.9914855957031,405.2422886286942,400.8418158660113,403.7555185610488,27263900,-3.01348876953125,-0.007459038776109,405.7000233528611,429.57773681640623,480.6891017150879,42.891173293681305,9.34412703581722,327880200.0,-5.809328781276918,2.9699861610099507,-8.779314942286868,386.7432032242729,399.605859375,412.4685155257271,6.437671444980725,0.5538623673239051,71.65501065348208,78.45498675302547,-0.015701969810701,0,0.4919449188933333,0.2508316045146667,0.2572234841733333,0.821741626,0.2411133129,75
2026-03-13,MSFT,394.6951293945313,403.9251383935716,393.3979511212616,400.1333630935344,26848000,-6.296356201171875,-0.015701969810701,404.6519382139725,427.7652648925781,480.3773806762695,38.93419997021388,9.428631338423848,301032200.0,-6.068985129374994,2.1682638503295006,-8.237248979704495,386.3015007507394,399.3376953125,412.37388987426056,6.528907596143234,0.3219355389345405,60.79558765595296,70.71194297194485,0.0111237828964918,1,0.5252127973209876,0.233477037428395,0.2413101640185184,0.860876927654321,0.2917357632839505,81
2026-03-16,MSFT,399.0856323242188,399.7641553863696,393.9367805641587,397.209690545171,27733700,4.3905029296875,0.0111237828964918,404.1218138435198,426.1174603271484,480.10413009643554,42.89070447217629,9.171398730122926,328765900.0,-5.853017816492525,1.907384930569576,-7.7604027470621,386.2786536355935,399.3149398803711,412.3512261251486,6.529325573785463,0.4912050275727804,50.6390136727721,61.02987066073569,-0.0013502086602691,0,0.517941278365459,0.247219988573539,0.23483873008337228,0.8328735939216144,0.2707212864499298,224
2026-03-17,MSFT,398.5467834472656,403.5259891234105,396.8903674487218,399.4049101655112,26228300,-0.538848876953125,-0.0013502086602691,403.5908585676861,424.67153198242187,479.8216374206543,42.52652879016985,8.99027179759191,302537600.0,-5.660096694686331,1.680244841900616,-7.340341536586947,386.5879639395709,399.4872543334961,412.3865447274213,6.457923377528727,0.463545634778741,42.91765017353589,51.45075050075363,-0.0190781005914355,0,0.5364412864019418,0.2451634229048543,0.2183952913106796,0.8331743625242718,0.2912778628572816,103
2026-03-18,MSFT,390.9432678222656,397.13983817793417,390.1549666521916,396.271723303423,25908500,-7.603515625,-0.0190781005914355,402.38632611574127,423.07532470703126,479.4927940368652,37.66653635713024,8.947525011697776,276629100.0,-6.050993396180786,1.031478512324929,-7.082471908505715,385.7278135607248,399.14299926757815,412.5581849744315,6.721994739464331,0.1943862118463425,30.94518027228516,41.50061470619769,-0.0070701769628479,0,0.5588411784511363,0.2016027691022727,0.239556057340909,0.8463581843181818,0.357238407125,88
2026-03-19,MSFT,388.1792297363281,391.6417315076428,386.2234742615233,389.2569126674818,25138800,-2.7640380859375,-0.0070701769628479,401.033269317702,421.3111389160157,479.1421440124512,36.05352418592573,8.695434457013617,251490300.0,-6.508787372626671,0.4589476287032354,-6.967735001329906,384.4367143391002,398.6720184326172,412.9073225261341,7.141361036314107,0.1314518949732986,18.97182306212327,30.944884502648083,-0.0183794519073602,0,0.4938796609976471,0.2681181961811764,0.2380021376,0.8199051936470587,0.2257614604458823,85
2026-03-20,MSFT,381.0447082519531,386.1636263101853,379.2984903035221,385.95408868282834,50853200,-7.134521484375,-0.0183794519073602,399.12959683524974,419.3055029296875,478.7508610534668,32.21830525323578,8.708670526713078,200637100.0,-7.362419268907615,-0.3157474140621668,-7.046671854845449,381.7384044972952,397.90567779541016,414.0729510935251,8.126183766810993,-0.0214537180311963,7.033015091630858,18.98333947534641,0.0029591369520265,1,0.5399005336704545,0.1847177133454545,0.2753817515795455,0.8167275447727274,0.3551828195522727,88
2026-03-23,MSFT,382.1722717285156,386.3731646745857,380.85511716508233,383.07032058481127,29680100,1.1275634765625,0.0029591369520265,397.5146134917512,417.4291430664063,478.3607516479492,33.42368263991185,8.480768882626672,230317200.0,-7.857368890155101,-0.6485576282477217,-7.208811261907379,381.3957934032606,397.8323379516602,414.26888250005976,8.263051029500147,0.0236204855274958,7.2004953154252815,11.068444489726446,-0.0267885840006177,0,0.4117462903040776,0.33975811101943076,0.2484955946347278,0.857688152266889,0.07198817822980176,162
2026-03-24,MSFT,371.9344177246094,381.6434000325674,371.04635704379217,381.53362193174286,42733600,-10.23785400390625,-0.0267885840006177,395.07840437107103,415.3247296142578,477.90055389404296,28.472695333660013,8.669707868490727,187583600.0,-8.972302173322646,-1.410792729132213,-7.561509444190433,377.4518715720887,397.02109375,416.59031592791126,9.85802643032051,-0.1409727427415876,5.406770541465064,6.54676031617371,-0.0045607208735276,0,0.4696070813956043,0.3385294079582417,0.1918635174395604,0.8553365716483516,0.1310776714615384,91
2026-03-25,MSFT,370.2381286621094,376.2451074667104,368.831172255135,376.10542586510894,31181200,-1.6962890625,-0.0045607208735276,392.7126638273604,413.2282043457032,477.4184817504883,27.739513053720263,8.580009821568204,156402400.0,-9.878893449470183,-1.8539072042238,-8.024986245246383,372.825208728683,395.5462890625,418.26736939631706,11.488455820262748,-0.056931273261754,4.71778905591447,5.775018304268248,-0.0136643179673396,0,0.5764809479251909,0.2806450491969465,0.1428739960305343,0.8771516788549618,0.2958358999473283,131
2026-03-26,MSFT,365.1790771484375,373.9101668945663,364.4007640805619,370.01860155518807,36836600,-5.059051513671875,-0.0136643179673396,390.0904174769868,411.1601202392578,476.8993580627441,25.620539336176915,8.646395035313649,119565800.0,-10.880176838431794,-2.2841524745483284,-8.596024363883465,367.6412846341655,393.7626525878906,419.8840205416157,13.2675700867261,-0.0471301405441303,2.380026982146181,4.168195526508548,-0.0251387492825618,0,0.5194442710054348,0.276762739125,0.2037929939456521,0.8328332991304347,0.2426815312282608,92
2026-03-27,MSFT,355.9989318847656,361.6666793192034,355.73951450811694,361.1178497172151,37883400,-9.180145263671877,-0.0251387492825618,386.8436093253467,409.133232421875,476.3434112548828,22.292752053226053,8.703049864242715,81682400.0,-12.272986787131288,-2.941569938598258,-9.33141684853303,361.0817544741995,391.96803894042966,422.85432340665983,15.759593333028963,-0.0822828429717927,1.8213823781851963,2.9730661387485924,0.0061384235206194,1,0.3515285273390804,0.3637053719827586,0.2847660921724138,0.851102401954023,-0.0121768472616091,87
2026-03-30,MSFT,358.1842041015625,364.5703662773937,355.51000344849933,361.1178525849577,44797000,2.185272216796875,0.0061384235206194,384.1141421611768,407.204208984375,475.789958190918,24.79680917697766,8.72857221886069,126479400.0,-13.050032846030206,-2.9748927979977413,-10.075140048032464,355.93285525467934,389.9928176879883,424.0527801212973,17.46696907662461,0.0330497846451153,2.4330884597198352,2.2114992733503804,0.0312291577560837,1,0.4241371938755953,0.2976658408692009,0.27819696771183255,0.8613333361044372,0.12647135237117965,187
2026-03-31,MSFT,369.3699951171875,372.0940755014272,362.28533367877645,363.7621155862403,45244400,11.185791015625,0.0312291577560837,382.7099376807968,405.435185546875,475.26143173217775,36.14049282601108,9.09866501750383,171723800.0,-12.617797479578885,-2.0341259452371343,-10.583671534341748,353.6723811812702,388.3084671020508,422.9445530228313,17.83946983143063,0.2266077924021318,11.145302284224654,5.133257707376538,-0.0021611901863888,0,0.4733521005239999,0.2755081404352,0.251139765944,0.8510048153599999,0.19784395767248,125
2026-04-01,MSFT,368.57171630859375,373.1817267376728,367.4042619540212,372.682807332766,29417200,-0.79827880859375,-0.0021611901863888,381.3634404072537,403.7565222167969,474.7483088684082,35.72632273023137,8.86143642937153,142306600.0,-12.199039334132069,-1.2922942398322537,-10.906745094299811,351.68576170487233,386.5208389282226,421.35591615157296,18.02494133043069,0.2423699895288675,19.9767526111328,11.18504778502574,0.0110728687515928,1,0.5260463051029703,0.2673804649752475,0.2065732292376237,0.8237403248514852,0.2586658394356436,101
2026-04-02,MSFT,372.6528625488281,372.83249667260446,363.3629859357669,366.4163701688664,24099100,4.081146240234375,0.0110728687515928,380.5338615635941,402.3667590332032,474.2348573303223,39.54100054597885,8.904870308476246,166405700.0,-11.406370553331726,-0.3997003672255292,-11.006670186106197,351.05076839335106,384.6638610839844,418.2769537746177,17.476605468427152,0.3213345221503039,30.183392217824395,20.43514903772726,-0.0015530146410365,0,0.4563047097026316,0.2699366923960526,0.2737585964736841,0.8398389153947369,0.1863680143092105,76
2026-04-06,MSFT,372.0741271972656,372.9222962461191,368.7014272663852,372.682794233078,16146600,-0.5787353515625,-0.0015530146410365,379.7281725763247,400.8254443359375,473.7239685058594,39.18583051790542,8.57029878499465,150259100.0,-10.70151355307621,0.2441253064239887,-10.9456388595002,350.6309842569312,382.8637603759765,415.096536495022,16.837726342860165,0.3326294772305443,32.392691915220354,27.51761224805916,-0.0015822508381434,0,0.5578399510089512,0.2457215661116336,0.19643848276290435,0.8585020953375478,0.31211838614114845,252
2026-04-07,MSFT,371.48541259765625,371.645070458656,365.7677853538718,369.5396147715723,21443300,-0.588714599609375,-0.0015822508381434,378.9431478164515,398.9774688720703,473.1992234802246,38.80399652423679,8.408587574880308,128815800.0,-10.07428358016017,0.6970842234720234,-10.771367803632192,350.689765067646,381.0117721557617,411.3337792438774,15.91657229725686,0.3429134402214556,36.191468713091616,32.922517615378766,0.0054795785435011,1,0.5338112341814516,0.2022671245330645,0.2639216348870968,0.8332606712903226,0.3315441083540322,124
2026-04-08,MSFT,373.52099609375,384.167949815935,370.6073237610428,384.148004001906,33064800,2.03558349609375,0.0054795785435011,378.4267524142895,397.08398864746096,472.6987435913086,40.946683003821065,8.776590323452588,161880600.0,-9.30567470619104,1.1725544779529231,-10.478229184143965,351.0386906529713,379.4436676025391,407.8486445521068,14.971907228833471,0.3957458842634409,40.90671389010232,36.49695817280474,-0.003365977272341,0,0.5761491059328359,0.1939918697179104,0.2298590269402985,0.8351701058208956,0.3821572357358209,67
2026-04-09,MSFT,372.26373291015625,372.6927962909368,366.2567237727329,371.6949574789129,30435300,-1.25726318359375,-0.003365977272341,377.8397981758006,394.96027709960936,472.1493183898926,40.01476479474639,8.668567608992909,131445300.0,-8.697735190448498,1.4243951949563751,-10.122130385404873,351.6568653426476,377.8566055297852,404.0563457169227,13.867557059325934,0.3932647312591545,47.50231512433432,41.5334992425094,-0.0058970328580828,0,0.5420632694468085,0.1957814187893617,0.2621553178723404,0.8487307310638298,0.3462818542085106,94
2026-04-10,MSFT,370.0684814453125,374.8281921461914,369.23030048358606,372.17393720824543,28111100,-2.19525146484375,-0.0058970328580828,377.09967277289695,392.7717529296875,471.56852981567386,38.3725770788668,8.449233612822367,103334200.0,-8.29742958766957,1.4597606381882429,-9.757190225857812,352.186805013185,376.3104553222656,400.4341056313463,12.821142738870522,0.3706254278067627,50.434364607838894,46.28113120742516,0.0364008984031869,1,0.5652577923974359,0.2488525226153846,0.1858896805128205,0.8756607842307691,0.3164052688833333,78
2026-04-13,MSFT,383.539306640625,383.70895264062807,370.2181521550117,372.8025510733858,35745800,13.4708251953125,0.0364008984031869,377.7129712364901,391.8109777832031,471.04438095092775,51.52045526484776,8.820036297286167,139080000.0,-6.814646497687761,2.3540349825360423,-9.168681480223803,352.8712745731516,375.7526641845704,398.6340537959891,12.178963340725304,0.6701523069247686,66.42045001592307,54.78570991603207,0.0227384773933672,1,0.5094733601001912,0.24024751872530928,0.2502791163032421,0.8433151108701407,0.2692258411138359,171
2026-04-14,MSFT,392.2604064941406,393.8370088930228,385.684652281273,387.0816509997633,37504500,8.721099853515625,0.0227384773933672,379.09844126102826,391.0885394287109,470.5381425476074,57.79783168446505,8.925583865508424,176584500.0,-4.879561792177242,3.4312957504372488,-8.31085754261449,353.76174275107127,375.4114028930664,397.0610630350615,11.533831937524765,0.8891285934875075,80.28796302364307,65.71425921580165,0.04606853385463,1,0.579411842451923,0.1795011665826923,0.2410869973076922,0.81014860625,0.3999106772115385,104
2026-04-15,MSFT,410.3312683105469,413.47445440771634,395.8725939925935,397.1398382929036,45063400,18.07086181640625,0.04606853385463,382.0729962181253,390.86530517578126,470.12974868774415,67.25830874708507,9.80333129751323,221647900.0,-1.866312014275593,5.155636422671119,-7.021948436946712,351.42117887337423,376.0006271362305,400.5800753990868,13.074152801320071,1.1983606956344062,96.09007552078106,80.9328295201157,0.0219834021717666,1,0.517186480925,0.284761846598,0.198051667355,0.8422274747,0.2324246375906,100
2026-04-16,MSFT,419.3517456054688,419.9105328997013,411.2492993874727,418.9525857224824,41642400,9.020477294921877,0.0219834021717666,385.6233533026341,391.0646026611328,469.7591653442383,70.77958420190835,9.78732653263046,263290300.0,1.2353469636100272,6.605836320445391,-5.370489356835364,346.9696757989868,377.4210510253906,407.8724262517944,16.13655366793794,1.1884860579912468,96.53205338636548,90.9700306435965,0.006020092104702,1,0.5518016101381357,0.2497634332915254,0.1984349523601694,0.8300239266101695,0.3020381769779661,118
2026-04-17,MSFT,421.8762817382813,430.64726300981,419.78081413338697,423.9018933176335,48568200,2.5245361328125,0.006020092104702,389.07601315364815,391.25505493164064,469.4277923583985,71.69700389598572,9.895054452038371,311858500.0,3.852731131082578,7.378576390334354,-3.5258452592517755,343.21666894773307,379.1059036254883,414.9951383032435,18.93361951609676,1.0958663997271418,94.0121456401812,95.54475818244256,-0.0111639562437672,0,0.5107722641576087,0.2155859711184782,0.2736417668586957,0.8183426538043478,0.2951862948732608,92
2026-04-20,MSFT,417.1664733886719,422.4150847565369,415.4002792280178,420.2398034863272,27582200,-4.709808349609375,-0.0111639562437672,391.7512950807933,391.75989135742185,469.0776322937012,67.44275128834867,9.689322386072709,284276300.0,5.483771267098405,7.207693221080144,-1.7239219539817396,341.3650710407116,380.9119918823242,420.45891272393686,20.764334903811548,0.9583730001578206,89.24643811811386,93.26354571488685,0.0145669502449612,1,0.624862838593798,0.14389118118546462,0.23124598102208135,0.8287448342914746,0.48097165709694695,236
2026-04-21,MSFT,423.2433166503906,426.2567789178336,416.2983670043314,419.33177508554746,32048500,6.07684326171875,0.0145669502449612,394.7505352302788,392.23752685546873,468.7194134521485,69.92258340480116,9.708543066603385,316324800.0,7.183921021127162,7.126274380087121,0.0576466410400406,339.317391922296,382.965544128418,426.6136963345399,22.79481946892101,0.9613914963887458,85.86767079209062,89.7087515167952,0.0206525608455849,1,0.5689900347391305,0.2015476082782608,0.2294623571630434,0.8356891178260869,0.3674424247282609,92
2026-04-22,MSFT,431.984375,432.7626880248645,422.7543663498755,425.2689090952171,29378200,8.741058349609375,0.0206525608455849,398.2966152083475,392.6418884277344,468.4104556274414,73.09688259157038,9.729955824345211,345703000.0,9.13137153982359,7.25897991902684,1.8723916207967504,337.746332945566,385.9680419921875,434.18975103880905,24.987410251752188,0.9771329544056924,89.38493238730096,88.16634709916845,-0.03966093461768,0,0.5798057583023255,0.1946444557872093,0.2255497865116279,0.8225849006976743,0.3851613024883721,86
2026-04-23,MSFT,414.8514709472656,422.7443793162959,410.5208543154444,418.9825380949446,38308000,-17.132904052734375,-0.03966093461768,399.8732681358635,392.7101629638672,468.02128982543945,59.77969121416165,10.568067600074524,307395000.0,9.1863632577884,5.85117730959332,3.3351859481950807,338.9768219093381,388.1987091064453,437.4205963035525,25.35911946250724,0.7707409585301992,87.04644529343447,87.43301615760866,0.0213349371955102,1,0.4991516688043478,0.2269993811543478,0.2738489450217391,0.8430415953260869,0.2721522881793478,92
2026-04-24,MSFT,423.7023010253906,424.0316048781353,414.9013556123021,416.0688403922519,27457400,8.850830078125,0.0213349371955102,402.142699839628,393.1326647949219,467.6422010803223,63.48111644325469,10.468929480845604,334852400.0,9.830809159773253,5.196498569262538,4.634310590510715,340.77941550397395,391.12487030029297,441.470325096612,25.743929174161394,0.8235389456396324,86.20643942958587,87.54593903677373,0.0004710499812119,1,0.4635510184318182,0.2007285008409091,0.3357204804545454,0.824677635,0.2628225166136363,88
2026-04-27,MSFT,423.9018859863281,426.1869149113369,416.1686352924954,421.46715688014,30867300,0.1995849609375,0.0004710499812119,404.21500328217087,393.6095343017578,467.2741796875,63.56254937257763,10.436740204988164,365719700.0,10.239606211947034,4.484236497149055,5.755369714797979,344.9553436048139,394.5200180053711,444.08469240592825,25.1265700793324,0.7963992837268266,82.13916406987846,85.13068293096624,0.0104279086797753,1,0.48682906478553817,0.25256028348597154,0.2606106516956099,0.8368102464183295,0.23426877700872517,194
2026-04-28,MSFT,428.3222961425781,428.99086152362304,420.9881750222059,423.6524179624475,30438100,4.42041015625,0.0104279086797753,406.510935935543,394.18516540527344,466.91913330078125,65.40266313678595,10.262879226161663,396157800.0,10.795823445209123,4.032362984328916,6.763460460880207,349.3245206551127,398.02692260742185,446.729324559731,24.471913423979547,0.8110254558370898,88.82533460680607,85.72364603542343,-0.0111590340474512,0,0.5396196004814433,0.2576372503175257,0.2027431437216495,0.8305178829896906,0.2819823520103092,97
2026-04-29,MSFT,423.5426330566406,425.8975483734993,419.38166246548025,423.6623688360089,38288300,-4.7796630859375,-0.0111590340474512,408.1330023280285,394.7540081787109,466.5416767883301,61.77024832824204,10.16843311551425,357869500.0,10.72729318583589,3.171066179964546,7.556227005871344,352.688248583868,400.73555450439454,448.782860424921,23.979557281833163,0.7373398270235019,88.49587622545494,86.48679163404647,-0.0392969198361944,0,0.4968154622453846,0.2222950633992307,0.2808894710076923,0.8572695624615384,0.2745203992843077,130
2026-04-30,MSFT,406.8987121582031,413.5243765293071,397.1498378648014,409.92216255995794,70909400,-16.6439208984375,-0.0392969198361944,408.0154508832832,394.9354150390625,466.0671116638184,51.12255371783061,11.327316120966035,286960100.0,9.22363284615716,1.333924672228651,7.889708173928508,356.88566755986426,402.651904296875,448.4181410338857,22.732407942751124,0.5463967344063247,79.15268456181225,85.49129846469106,0.0163323185025234,1,0.5837997288311927,0.2787639795449541,0.137436287146789,0.8921156336697248,0.3050357505688073,109
