Date,ticker,Close,High,Low,Open,Volume,Daily_Change_USD,Daily_Return_Pct,EMA_20,SMA_50,SMA_200,RSI_14,ATR_14,OBV,MACD_12_26_9,MACDh_12_26_9,MACDs_12_26_9,BBL_20_2.0,BBM_20_2.0,BBU_20_2.0,BBB_20_2.0,BBP_20_2.0,STOCHk_14_3_3,STOCHd_14_3_3,Target_Forward_Return,Target_Direction,llm_positive,llm_negative,llm_neutral,llm_confidence,llm_score,llm_relevance,llm_impact_magnitude,llm_uncertainty,news_count
2023-05-01,AAPL,167.01431274414062,167.86125191507637,166.07874407354768,166.70902333840385,52472900,-0.088653564453125,-0.0005305325597236,162.34979343155803,155.81761505126954,148.43144229888915,65.85039323769836,2.7219669428737845,731964100.0,2.634078838060333,0.0128312659243015,2.621247572136032,157.89094874937666,162.76290740966795,167.6348660699593,5.986571188518745,0.9363137734648228,96.18110832297089,80.67101522706248,-0.0061913397804567,0,0.202208619047619,0.1746242857142857,0.6231677619047619,0.6335677142857142,0.0275843809523809,0.2085714285714285,0.2260274761904762,0.2427912380952381,21
2023-05-02,AAPL,165.9802703857422,167.76279339985444,164.99545801480568,167.50673256610264,48425700,-1.0340423583984375,-0.0061913397804567,162.69555314148033,156.13255767822267,148.52526973724366,62.441915274965005,2.7252075458862834,683538400.0,2.610081821840083,-0.0089326002367586,2.619014422076842,157.82038567356855,162.8796073913574,167.93882910914627,6.212222387831353,0.806436757207384,89.69999253721285,89.08225637962909,-0.0064672780039646,0,0.231737,0.2065102083333333,0.56175325,0.6484201666666667,0.0252267499999999,0.2804166666666667,0.2850655833333333,0.2422575416666667,24
2023-05-03,AAPL,164.90682983398438,168.32412999077732,164.62124085601573,166.9256982160475,65136000,-1.0734405517578125,-0.0064672780039646,162.90615092171882,156.50619598388673,148.62892482757567,59.02627707934842,2.7950419450916626,618402400.0,2.475905633244224,-0.1144870310660941,2.5903926643103183,157.83361368797577,162.9692237854004,168.10483388282503,6.302552074724559,0.6886441933700954,76.01810835783459,87.2997364060061,-0.0099133606863635,0,0.27362225,0.1669299375,0.559448125,0.6195464374999999,0.1066921875,0.325,0.299649125,0.2341531875,16
2023-05-04,AAPL,163.2720489501953,164.50306450874902,161.81453073644045,162.3857237588548,81235400,-1.6347808837890625,-0.0099133606863635,162.9409983530023,156.8386685180664,148.70514293670655,54.16674328195902,2.816274598838253,537167000.0,2.212156518876924,-0.3025889163467159,2.51474543522364,157.99204513711706,163.06918334960938,168.1463215621017,6.226974475744165,0.5199783413505256,57.645708498554654,74.4546031312007,0.0469268930282311,1,0.2454622105263158,0.2441253684210526,0.5104127631578947,0.6286617631578948,0.001336894736842,0.4081578947368421,0.3849409736842105,0.258062447368421,38
2023-05-05,AAPL,170.93389892578125,171.65280778469676,168.1665634032941,168.38322333782398,113453200,7.6618499755859375,0.0469268930282311,163.70222697898126,157.31472686767577,148.80967090606688,67.6212563490734,3.213737758528482,650620200.0,2.5915074214121887,0.061409588950839,2.5300978324613497,157.40770541551012,163.5079147338867,169.6081240522633,7.461668541617488,1.1086663427699217,62.580350906202206,65.41472258753048,-0.00040330917049,0,0.4245681612903225,0.1462172580645161,0.4292149032258064,0.653294870967742,0.2783509354838709,0.4580645161290322,0.4625448709677419,0.2370507096774193,31
2023-05-08,AAPL,170.86495971679688,171.20965008439242,169.49607101524845,169.86044681233005,55962800,-0.068939208984375,-0.00040330917049,164.38439200163037,157.84238891601564,148.90253154754635,67.42945385733377,3.1065835664295887,594657400.0,2.8536873948024493,0.2588716498728796,2.5948157449295697,157.46520806801223,164.07270584106445,170.68020361411666,8.054353390688677,1.013980791899296,74.50617520796239,64.91074487090641,-0.009971060402368,0,0.25495762037037034,0.18235879761904758,0.5626840727513227,0.6255916296296297,0.0725988386243386,0.34940476190476183,0.24860888624338626,0.22802718783068784,42
2023-05-09,AAPL,169.1612548828125,170.90436226614003,168.9938385535857,170.42181373691182,45326900,-1.703704833984375,-0.009971060402368,164.8393313236477,158.3121450805664,148.993049659729,62.69655290089333,3.0211507197242127,549330500.0,2.890670322869568,0.2366836623519979,2.6539866605175697,158.1989388126601,164.61287689208984,171.0268149715196,7.792753763284681,0.8545698394960993,88.2319876414437,75.10617125186944,0.0104208385380246,1,0.2667013461538461,0.1698420384615384,0.5634569230769231,0.6238103846153845,0.0968593461538461,0.2665384615384615,0.2747086923076923,0.237184,26
2023-05-10,AAPL,170.92405700683594,171.38692008917508,169.28926463206565,170.3922648627901,53724500,1.7628021240234375,0.0104208385380246,165.41882900776088,158.8272021484375,149.09796962738037,65.40248314367891,2.9643303259126674,603055000.0,3.027325831130611,0.2986713364904325,2.7286544946401783,159.1354000862264,165.2756561279297,171.41591216963295,7.430321180453204,0.9599483181599868,88.20302044561784,83.64706109834131,0.0010945680553782,1,0.2461338333333333,0.2218754166666666,0.531991,0.6091158333333334,0.0242585833333333,0.17,0.2460036666666666,0.2337435,12
2023-05-11,AAPL,171.11114501953125,171.9383837832071,169.55513971049686,171.2096322648924,49514700,0.1870880126953125,0.0010945680553782,165.9609543422152,159.38736358642578,149.21044208526612,65.68696452651346,2.922824164969636,652569700.0,3.1148170727338425,0.3089300624749311,2.805887010258912,159.13155936246486,165.6789352416992,172.22631112093356,7.903691401303095,0.9148386985892188,88.14696806909372,88.19399205205174,-0.005417542808326,0,0.2242071176470588,0.167817294117647,0.6079761176470588,0.6235755882352941,0.0563898823529411,0.1452941176470588,0.1662779411764705,0.2495436470588235,17
2023-05-12,AAPL,170.18414306640625,171.6535334613317,168.63584185680983,171.2196142676148,45533100,-0.927001953125,-0.005417542808326,166.36316279213816,159.91716674804687,149.29284038543702,62.92601467306224,2.929600410651939,607036600.0,3.073918977185315,0.2144255735411229,2.859493403644192,159.3752470804116,166.05309982299804,172.73095256558446,8.043032921041025,0.8093092497430697,90.44404997195066,88.93134616222073,-0.0028972882013644,0,0.2040452857142857,0.1797246428571428,0.6162305,0.6292109285714285,0.0243207142857142,0.2492857142857143,0.1844891428571428,0.2338579285714285,14
2023-05-15,AAPL,169.69107055664062,170.81530899814229,169.09935977781652,170.7659972586019,37266700,-0.493072509765625,-0.0028972882013644,166.68010638875742,160.33626373291017,149.37002826690673,61.4465930633732,2.842911039914356,569769900.0,2.9675124744559014,0.0864152566493672,2.881097217806534,159.7282715196074,166.40162506103516,173.07497860246292,8.020779291043594,0.7464612038898278,86.13722994418958,88.24274932841132,0.0,0,0.2421120555555555,0.1830747222222222,0.5748134444444445,0.6038906666666667,0.05903733333333333,0.27444444444444444,0.23681091666666665,0.22032188888888884,21
2023-05-16,AAPL,169.69107055664062,170.74626955321972,169.42479920138675,169.61217478294208,42110300,0.0,0.0,166.96686488093675,160.70021087646484,149.42192401885987,61.44659306337321,2.7342367050514,569769900.0,2.850327750386328,-0.0246155739361655,2.874943324322493,159.96919878312454,166.68909225463867,173.4089857261528,8.062787289343012,0.7233650216872822,81.11271331426411,85.89799774346812,0.0036032239912078,1,0.1810421111111111,0.2033260555555555,0.6156323888888889,0.6217173333333332,-0.0222839444444444,0.2661111111111111,0.1998424444444444,0.2296454444444444,18
2023-05-17,AAPL,170.30250549316406,170.53917778241149,168.06388478776768,169.3360585337975,57951600,0.6114349365234375,0.0036032239912078,167.28454493924414,161.12030975341796,149.4817784500122,62.70752533796466,2.7157407257365715,627721500.0,2.7748094258905383,-0.0801071187455639,2.8549165446361022,160.0957559828728,166.9500114440918,173.80426690531078,8.211147039680618,0.7445556682297957,80.76266867463724,82.67087064436365,0.0136660470954743,1,0.2192957692307692,0.1545703846153846,0.6261342307692307,0.6261342307692307,0.0647253846153846,0.1415384615384615,0.1840078461538461,0.2403731538461538,13
2023-05-18,AAPL,172.62986755371094,172.81724313624747,170.19401507639674,170.60820660461047,65496700,2.327362060546875,0.0136660470954743,167.7936232834791,161.56194152832032,149.56062213897704,67.11621189808415,2.7091326781732974,693218200.0,2.8696793995526946,0.0118102839332738,2.8578691156194207,160.2267294750613,167.37555465698242,174.52437983890354,8.542257197082153,0.8674948514628884,86.64671723198522,82.84069974029552,0.0006284543443828,1,0.21483775,0.1496899375,0.635472875,0.635472875,0.0651478125,0.120625,0.222918875,0.2541929375,16
2023-05-19,AAPL,172.7383575439453,173.95134816577144,172.5213979143073,173.95134816577144,55809500,0.108489990234375,0.0006284543443828,168.26455035590445,162.05065093994142,149.6100101852417,67.31021580528986,2.6177625048369286,749027700.0,2.919959299511192,0.0496721471134162,2.870287152397775,160.73942076473935,167.88678436279298,175.0341479608466,8.514504134653766,0.8393959964813817,90.71468229984636,86.04135606882294,-0.0054808141030924,0,0.1824844117647059,0.1853133529411764,0.6322026470588235,0.6326716470588236,-0.0028289411764705,0.1417647058823529,0.1267637058823529,0.2512421764705883,17
2023-05-22,AAPL,171.79161071777344,172.2945693897219,171.05197977463047,171.57465110395842,43570900,-0.946746826171875,-0.0054808141030924,168.60046086655865,162.5615899658203,149.65623317718507,63.77429003481576,2.5512350237282084,705456800.0,2.8505525307298,-0.01578769733438,2.86634022806418,161.3933004634672,168.3354118347168,175.27752320596642,8.24795127250569,0.7489299507186168,90.16925862424412,89.17688605202522,-0.0151550801236572,0,0.2358218810457516,0.1764488899782135,0.5877295969498911,0.6201638106753813,0.0593729206971677,0.2449041394335512,0.20344870305010887,0.2437431161220043,36
2023-05-23,AAPL,169.18809509277344,170.98293990870613,168.91196743614205,170.73639628329747,50747300,-2.603515625,-0.0151550801236572,168.65642603096006,162.9816571044922,149.69056751251222,55.18847439034169,2.5746927564355784,654709500.0,2.556001222929808,-0.2482712041074979,2.804272427037306,162.5853267994389,168.73067932128907,174.87603184313926,7.284214757588325,0.5372163980713875,77.65481988943844,86.17958693784296,0.0016322281086129,1,0.2804313333333333,0.1564548333333333,0.5631140555555556,0.6050721666666666,0.1239764444444444,0.2916666666666667,0.2051192777777777,0.2309301111111111,18
2023-05-24,AAPL,169.46424865722656,170.03623176135926,168.16250594092847,168.72461766792532,45143500,0.276153564453125,0.0016322281086129,168.7333615191759,163.36549163818358,149.72863872528075,55.86716663269591,2.524623689578094,699853000.0,2.318128531385554,-0.3889151165214017,2.707043647906956,164.03356963872096,169.1402488708496,174.24692810297825,6.038396261351073,0.5317231386238748,55.58142892743686,74.46850248037315,0.0066923230478204,1,0.1947117272727272,0.2383060909090908,0.5669824090909091,0.6216872727272728,-0.0435942272727272,0.2572727272727272,0.222979,0.2450806818181818,22
2023-05-25,AAPL,170.59835815429688,171.49576564962197,169.31632809947834,170.02637505144455,56058300,1.1341094970703125,0.0066923230478204,168.9109802463303,163.76412872314452,149.77213481903075,58.63778052476902,2.4999675367613463,755911300.0,2.195813892119901,-0.4089838046296439,2.6047976967495448,164.46675251503166,169.3775535583496,174.28835460166755,5.798644436821674,0.6242979083431207,42.52928618072924,58.58851166586819,0.0141046770159103,1,0.2868662142857143,0.1470486428571428,0.5660855,0.647824,0.1398173571428571,0.1421428571428571,0.2502506428571428,0.2308494285714286,14
2023-05-26,AAPL,173.0045928955078,173.3399036765556,170.7166757800904,170.92377905521317,54835000,2.406234741210937,0.0141046770159103,169.30084811768054,164.15455993652344,149.80645786285402,63.82662774598402,2.517223107154016,810746300.0,2.266910163878805,-0.2703100262965923,2.537220190175397,164.63636559757123,169.67263488769532,174.70890417781942,5.936454388720437,0.8307962517360135,50.25110008547023,49.45393839787877,0.0106597010820839,1,0.2444062666666666,0.1466018666666667,0.6089922,0.6183770666666667,0.0978044,0.1713333333333333,0.2349933333333333,0.2372845333333333,15
2023-05-30,AAPL,174.84877014160156,176.51540772383512,174.1288668535482,174.51347436884586,55964400,1.84417724609375,0.0106597010820839,169.82922164376825,164.5986169433594,149.85368328094484,67.22066452195628,2.58819394438068,866710700.0,2.4438924914252595,-0.0746621590001099,2.518554650425369,164.7075526421022,170.06435775756836,175.42116287303452,6.299738741379824,0.9465733101078904,69.08260371788826,53.95432999469591,-0.0002820517765727,0,0.22192254166666664,0.16406086684782606,0.6140169080615941,0.6227814298007246,0.05786167481884055,0.20442481884057967,0.21184007155797097,0.23787140443840576,46
2023-05-31,AAPL,174.79945373535156,176.87042648421155,174.3162227478627,174.87834951174753,99625300,-0.04931640625,-0.0002820517765727,170.30257708106188,164.99441619873048,149.88294261932373,67.03951722006354,2.5857660723784064,767085400.0,2.550769160184757,0.0257716078075098,2.524997552377247,165.11404119966008,170.50531692504882,175.89659265043755,6.323879891392067,0.898248673322409,80.22762122085034,66.52044167473628,0.0160226515161898,1,0.2346617647058823,0.1827508823529411,0.5825877058823529,0.6022275882352941,0.0519108823529411,0.2458823529411764,0.2543855294117647,0.2522368823529411,17
2023-06-01,AAPL,177.60020446777344,177.6297885060057,174.4838886927619,175.243247452332,68901800,2.800750732421875,0.0160226515161898,170.99758921312966,165.40920166015624,149.92085567474365,71.70324712193545,2.625775625297364,835987200.0,2.828857558406753,0.2430880048236048,2.585769553583148,165.54950171898767,171.13998565673828,176.73046959448888,6.5332294101784525,1.0777870827435474,85.48482237670036,78.265015771813,0.0047752394127882,1,0.3782523478260869,0.1249938695652173,0.4967539130434782,0.6549647826086956,0.253258652173913,0.2886956521739131,0.3133148695652173,0.2226504782608696,23
2023-06-02,AAPL,178.4482879638672,179.2668146743205,176.78165050926717,178.52718373632618,61996900,0.84808349609375,0.0047752394127882,171.70717957034276,165.86950866699215,149.96379444122314,72.95130569774514,2.615731949565648,897984100.0,3.082148775409763,0.397103377461292,2.685045397948471,166.6784815948523,171.89879760742187,177.11911361999145,6.0737085834557245,1.1273078431147965,89.62269060772071,85.11171140175713,-0.007571236654417,0,0.294926625,0.1745699166666666,0.5305036666666666,0.6179527916666666,0.1203568749999999,0.4129166666666666,0.2743512916666666,0.2377511249999999,24
2023-06-05,AAPL,177.0972137451172,182.3929658521557,175.57849662924414,180.10504889865825,121946500,-1.35107421875,-0.007571236654417,172.2205161584165,166.28112823486327,149.992516746521,67.8194118521823,2.915641754804641,776037600.0,3.137694107173843,0.3621189673802973,2.775575139793545,166.54213016898862,172.20696334838868,177.87179652778875,6.579098857854714,0.9316323395463526,85.14209985609578,86.74987094683895,-0.0020600981730263,0,0.2344302698412698,0.18048660634920632,0.5850834968253968,0.6311618746031745,0.05394363571428567,0.2763015873015873,0.23240099920634918,0.23955639603174597,49
2023-06-06,AAPL,176.7323760986328,177.62978364684955,174.97697127382227,177.48186345973468,64848400,-0.364837646484375,-0.0020600981730263,172.6502171051038,166.65945190429687,150.02137851715088,66.45981900484881,2.8968682275348314,711189200.0,3.116351473854337,0.2726210672486329,2.843730406605704,166.54367851493294,172.50033416748047,178.456989820028,6.906254044428953,0.8552364093215948,72.07711956256897,82.28063667546182,-0.0077562957307478,0,0.3123345624999999,0.190127375,0.49753809375,0.6037452812499999,0.12220728125,0.4484375,0.26496815625,0.23603221875,32
2023-06-07,AAPL,175.36158752441406,178.70471906299082,174.86850018805862,175.9730110061888,61944600,-1.37078857421875,-0.0077562957307478,172.90844285932383,167.0491619873047,150.05629543304445,61.47330621698298,2.963964702348929,649244600.0,2.95476540508966,0.0888279987871643,2.8659374063024954,166.93627475519284,172.81035079956055,178.68442684392826,6.798291904610438,0.7171606824276417,58.042320676167286,71.75384669827734,0.0154648724293771,1,0.2632885185185185,0.1897962962962963,0.5469155185185185,0.6146773703703703,0.0734922222222222,0.357037037037037,0.246901074074074,0.232946037037037,27
2023-06-08,AAPL,178.0735321044922,178.33978837820231,175.00652888652115,175.44043301517675,50214900,2.711944580078125,0.0154648724293771,173.40035612076844,167.5055191040039,150.1241602706909,66.78325016232958,2.9903429015869456,699459500.0,3.010831552415993,0.1159153168907982,2.894916235525195,166.93707708174665,173.16782455444337,179.3985720271401,7.196195354106091,0.8936692645261055,60.24386555097495,63.454435263237066,0.002160026535902,1,0.24892445,0.17904065,0.57203525,0.61571885,0.0698839,0.2735,0.1758005,0.2287263,20
2023-06-09,AAPL,178.4581756591797,179.71060666093933,178.13273621096323,178.99070336218668,48900000,0.3846435546875,0.002160026535902,173.88205321966473,167.90811645507813,150.1956171798706,67.46810710359028,2.893680876934103,748359500.0,3.051130366764511,0.1249713049914524,2.9261590617730584,166.975145423637,173.5351760864258,180.09520674921458,7.560462161886643,0.8752268720845457,64.19510832459356,60.827098183911936,0.0156387513589704,1,0.2348755882352941,0.2301818823529411,0.5349428823529411,0.6393763529411765,0.0046937647058823,0.4070588235294117,0.2941289411764706,0.2319130588235294,17
2023-06-12,AAPL,181.24903869628903,181.34766218390047,178.468033910057,178.76388932505995,54274900,2.790863037109375,0.0156387513589704,174.58367088410515,168.3352145385742,150.27955600738525,71.98194051388829,2.893381280347441,802634400.0,3.270565744308243,0.2755253460281475,2.9950403982800955,166.91454228264652,174.08842086791992,181.2622994531933,8.241649329125902,0.99907576098852,77.98583424772424,67.47493604109758,-0.002611645047619,0,0.21771924629629627,0.1772089185185185,0.6050721740740741,0.614124874074074,0.040510366666666665,0.29725925925925917,0.21946896666666663,0.22459801666666665,31
2023-06-13,AAPL,180.7756805419922,181.60406367252176,179.91771337450308,180.27273686584888,54929100,-0.473358154296875,-0.002611645047619,175.1733860896182,168.70281707763672,150.3488570022583,70.2027344744556,2.8071647816096728,747705300.0,3.3674558797127645,0.2979323851461353,3.069523494566629,167.2054207933352,174.6426513671875,182.07988194103984,8.517083903193235,0.9123194187610024,84.31532852585863,75.49875703272549,0.0034914240061989,1,0.2651237142857143,0.170043,0.5648334642857142,0.6035568928571429,0.09508075,0.3428571428571428,0.2195353928571428,0.2295386071428571,28
2023-06-14,AAPL,181.40684509277344,181.84076439721943,179.5035350184376,180.83486192307944,57462900,0.63116455078125,0.0034914240061989,175.76704885182346,169.05802856445314,150.45277667999267,71.2240723687964,2.773597967121973,805168200.0,3.455340697773352,0.3086537625653776,3.146686935207974,167.60039724372092,175.22844009399415,182.85648294426736,8.706398169362782,0.9049796992526056,91.01845854225272,84.4398737719452,0.0111986369553758,1,0.2276962,0.1844672,0.587837,0.6010317333333333,0.0432290666666666,0.3206666666666667,0.1955708,0.2471403333333333,15
2023-06-15,AAPL,183.4383544921875,183.9413132306641,181.2391890770768,181.4167083517838,65433200,2.0315093994140625,0.0111986369553758,176.49764938900097,169.46450561523437,150.57784885406494,74.27988587823774,2.7684926947266417,870601400.0,3.646876952357843,0.4001520137198953,3.246724938637948,167.81745063172465,175.8852325439453,183.953014456166,9.173916190155303,0.9681039987459948,92.43025416121804,89.25468040977647,-0.0058599299806285,0,0.2139911875,0.1552643125,0.6307450625,0.636609875,0.058726875,0.18625,0.2072961875,0.2246530625,16
2023-06-16,AAPL,182.3634185791016,184.4048073735327,181.7224110612984,184.1483923281464,101256200,-1.0749359130859375,-0.0058599299806285,177.05629407377245,169.8863168334961,150.7096699142456,70.04149191753199,2.762342953120045,769345200.0,3.6696312447649575,0.3383250449016075,3.33130619986335,167.98051072176074,176.37191009521484,184.7633094686689,9.515573504787682,0.85700293939296,89.59666821822647,91.01512697389909,0.0004865551385786,1,0.2395391538461538,0.1643801538461538,0.5960809230769231,0.6082134615384616,0.0751590769230769,0.1580769230769231,0.3006205769230769,0.2426342307692307,26
2023-06-20,AAPL,182.4521484375,183.5270901354668,181.8604527350327,181.8604527350327,49799100,0.0887298583984375,0.0004865551385786,177.57018496555602,170.2921743774414,150.85022998809814,70.1926825508601,2.684078270785333,819144300.0,3.6527176876938654,0.2571291902644121,3.395588497429453,168.2421875812154,176.85759963989258,185.47301169856976,9.742767148507491,0.8246826013372603,85.65865333492859,89.22852523812436,-0.0056753329211961,0,0.22131224084595957,0.16774684595959594,0.6109413617424242,0.6192388986742424,0.05356542108585855,0.21592171717171713,0.17899041729797976,0.22943402146464645,32
2023-06-21,AAPL,181.4166717529297,182.8466218007744,180.06560242478363,182.34366316376423,49515700,-1.0354766845703125,-0.0056753329211961,177.93651704054398,170.72912506103515,150.98198062896728,66.00624197586436,2.691002635442863,769628600.0,3.515237784237172,0.0957194294461745,3.419518354790997,168.8345546079716,177.3388526916504,185.8431507753292,9.591015115526584,0.739750478002724,76.88653645660197,84.04728600325234,0.0165253311731878,1,0.1711583571428571,0.1732762142857143,0.6555661428571428,0.6555661428571428,-0.0021178571428571,0.1021428571428571,0.1847400714285714,0.2285725,14
2023-06-22,AAPL,184.4146423339844,184.46395407144703,181.1306792503188,181.19971869233248,51245300,2.9979705810546875,0.0165253311731878,178.55348135420496,171.25026123046874,151.13927402496338,71.33656005855099,2.736879220134678,820873900.0,3.60662026766164,0.1496815302965135,3.4569387373651264,169.9312756955637,178.10018005371094,186.2690844118582,9.173381358383455,0.8864938309612912,83.33713817244626,81.96077598799228,-0.0017112647423033,0,0.2091815,0.1647935,0.6260255,0.6565903571428571,0.044388,0.1771428571428571,0.1728047857142857,0.2262962857142857,14
2023-06-23,AAPL,184.0990600585937,184.96689848868263,182.4521503453693,182.98469303577104,53117000,-0.315582275390625,-0.0017112647423033,179.08163170700388,171.77887298583985,151.30127223968506,70.09065771606787,2.721012714647436,767756900.0,3.611940490340146,0.1240014023800153,3.48793908796013,171.2906560474194,178.8319206237793,186.3731852001392,8.433913308155955,0.8492212334868675,86.9242415374129,82.38263872215371,-0.0075529319403145,0,0.2496172352941176,0.1799482352941176,0.5704348235294118,0.6155986470588236,0.069669,0.3205882352941177,0.2166282352941176,0.2532921176470588,17
2023-06-26,AAPL,182.7085723876953,185.4501365723536,182.6691169769034,184.24700235631448,48088700,-1.3904876708984375,-0.0075529319403145,179.4270546289745,172.17213317871094,151.4492991256714,64.72659527393523,2.7252989204190623,719668200.0,3.4640249475768314,-0.0191313123066394,3.483156259883471,172.7403070186373,179.43743133544922,186.1345556522612,7.464578897467578,0.7442198246219269,88.32785747923214,86.19641239636377,0.0150589749163791,1,0.21222480858395987,0.1862540291353383,0.6015216062030074,0.6219459724310776,0.0259707553258145,0.23018483709273183,0.18557874530075189,0.24031945112781958,34
2023-06-27,AAPL,185.45997619628903,185.78541559077308,183.10301971608257,183.31997931240525,50730800,2.75140380859375,0.0150589749163791,180.00161858776636,172.62731567382812,151.61844539642334,69.6724650410319,2.750409226323256,770399000.0,3.5281458381477933,0.0359916626114578,3.4921541755363354,173.55804427163406,180.0602005004883,186.56235672934253,7.222202586447303,0.9152296181256384,87.50547447713006,87.58585783125837,0.0063280459063681,1,0.225583923076923,0.1624313076923077,0.6119853846153845,0.6281991538461539,0.0631527692307692,0.0776923076923077,0.1501666923076923,0.2577601538461538,13
2023-06-28,AAPL,186.63357543945312,187.27458302156515,185.00639308619472,185.33181751858007,51216800,1.1735992431640625,0.0063280459063681,180.63323352602225,173.1055758666992,151.77917644500732,71.50762576145623,2.715964991255197,821615800.0,3.631796665392841,0.1117139918852041,3.5200826735076367,174.00871267232645,180.6494407653809,187.2901688584353,7.352060504498407,0.950563145352324,88.62841056171641,88.15391417269286,0.0017963051594698,1,0.2150751875,0.1833074375,0.60161775,0.605579,0.03176775,0.283125,0.1986488125,0.2265466875,16
2023-06-29,AAPL,186.9688262939453,187.4422009047134,186.32781886596203,186.4658826988121,46347300,0.3352508544921875,0.0017963051594698,181.2366233134435,173.5661178588867,151.911838722229,72.02832886085056,2.601566208933494,867963100.0,3.698360240197985,0.1426220533522784,3.5557381868457067,174.64271549119346,181.2579093933105,187.87310329542763,7.29920578280842,0.9316515120446496,95.56968491664394,90.56785665183013,0.0231027204428169,1,0.3276873846153846,0.13989,0.5324227692307691,0.5970360769230769,0.1877974615384615,0.3361538461538461,0.2123486923076923,0.2306235384615384,13
2023-06-30,AAPL,191.288314819336,191.7912585176698,188.6157746627016,188.9806695476879,85213200,4.319488525390625,0.0231027204428169,182.19392726638563,174.09020172119142,152.1131700515747,77.68650265352709,2.7601994957042795,953176300.0,4.052939216897585,0.397760824041502,3.6551783928560826,174.23951072992512,181.94231491088868,189.64511909185225,8.467303699786639,1.1066621771032827,95.3050571087082,93.16771752902284,-0.0077847710854368,0,0.3509321538461538,0.1454331923076923,0.5036348846153846,0.6153027692307692,0.2054989615384615,0.3873076923076923,0.253031,0.2249932692307692,26
2023-07-03,AAPL,189.79917907714844,191.19954526937025,189.10884478636748,191.10092178559267,31458200,-1.4891357421875,-0.0077847710854368,182.9182369626488,174.6038052368164,152.29984027862548,72.25973903982157,2.718718819794577,921718100.0,4.165764461751024,0.4084688551159532,3.757295606635071,174.26673002417934,182.5098594665528,190.7529889089261,9.03307850487284,0.9421451623169538,91.64274561164534,94.17249587899914,-0.00587136302818,0,0.22947895726495726,0.19261999572649566,0.5779012564102565,0.6135012521367521,0.036858961538461466,0.3203846153846153,0.2163152564102563,0.23822883760683758,45
2023-07-05,AAPL,188.684799194336,190.31198136153697,187.98460856583768,188.9214865295673,46920300,-1.1143798828125,-0.00587136302818,183.4674333656665,175.12722595214845,152.49536937713623,68.40859582667335,2.6907655323592,874797800.0,4.11779080867106,0.2883961616287909,3.829394647042269,174.82043646628458,183.08923873901367,191.3580410117428,9.03253771732148,0.8383537464535039,84.91070397798286,90.6195022327788,0.0025087243716401,1,0.25867347619047615,0.15456193333333335,0.5867647952380952,0.621054780952381,0.10411157619047616,0.2687619047619047,0.20204626666666664,0.2355023714285714,22
2023-07-06,AAPL,189.1581573486328,189.36526064633148,186.5842409083175,187.21539208287064,45094300,0.473358154296875,0.0025087243716401,184.00940707833,175.65400787353516,152.70146221160888,69.16046517766316,2.697212261334541,919892100.0,4.071038986701353,0.1933154717272667,3.877723514974088,175.57950666508415,183.71052780151368,191.8415489379432,8.851992570849855,0.834990492320334,78.68371846335856,85.07905601766225,-0.0058912599828228,0,0.2058518125,0.1744963125,0.6196521875,0.6196521875,0.0313555624999999,0.151875,0.2050899375,0.2307945625,16
2023-07-07,AAPL,188.0437774658203,190.0062704618662,187.60987325439865,188.76369580404943,46815000,-1.1143798828125,-0.0058912599828228,184.3936328295196,176.189228515625,152.88342945098876,65.22483292365095,2.6757254717726147,873077100.0,3.899120058760559,0.0171172350291777,3.882002823731381,176.97445581611748,184.344637298584,191.7148187810505,7.99608992208326,0.750953126190752,73.43447788994156,79.00963344376099,-0.0108558049867908,0,0.238406,0.161944,0.5996503846153846,0.6128314615384615,0.076462,0.2776923076923077,0.1946524615384615,0.2363721538461538,13
2023-07-10,AAPL,186.00241088867188,187.36333679085425,184.45410938571573,186.6434184249519,59922200,-2.041366577148437,-0.0108558049867908,184.5468497875341,176.68381958007814,153.04331150054932,58.64165975806368,2.741007086653468,813154900.0,3.557147267937438,-0.2598844446351549,3.817031712572593,177.93114772263473,184.74108123779297,191.5510147529512,7.372408421051407,0.5926095422276378,65.40512032338084,72.50777222556032,-0.002810041859402,0,0.2250464652777778,0.19628284722222214,0.5786710833333334,0.621717875,0.028763618055555534,0.2292361111111111,0.23521439583333328,0.24367163194444444,32
2023-07-11,AAPL,185.479736328125,186.68287064614395,184.0202020095467,186.5448067923301,46638100,-0.522674560546875,-0.002810041859402,184.6356961247332,177.0763690185547,153.21618900299072,57.05383634309869,2.7354114830780247,766516800.0,3.206987740178392,-0.4880351779153615,3.695022918093753,178.91993818761568,185.09215927124023,191.2643803548648,6.669349050685146,0.5313968870876192,54.94821854785327,64.59593892039189,0.0089854059034519,1,0.262652625,0.161523625,0.5758240625,0.6198301875,0.101129,0.26,0.3506820625,0.2324215,16
2023-07-12,AAPL,187.14634704589844,189.0496566889716,185.864317131752,187.0575799007695,60750200,1.6666107177734375,0.0089854059034519,184.87480573627272,177.47723663330078,153.40220973968505,60.70722703596444,2.795019260061492,827267000.0,3.029048364119149,-0.5327796431796838,3.5618280072988324,179.41722125984433,185.38702468872071,191.3568281175971,6.4403681313729,0.647351782863381,51.07780515240044,57.143714674544846,0.0040575391915562,1,0.2504321052631579,0.1502207894736842,0.5993473684210526,0.6375313157894736,0.1002112631578947,0.1647368421052631,0.1836933157894736,0.2453674210526315,19
2023-07-13,AAPL,187.9057006835937,188.54672319895087,187.1562134087189,187.8662603208446,41342300,0.7593536376953125,0.0040575391915562,185.1634623979224,177.89506439208984,153.60336582183837,62.28164166404505,2.6954018952751304,868609300.0,2.915693321334828,-0.5169077487712039,3.432601070106032,180.0737789737025,185.7435256958008,191.41327241789904,6.104919889788059,0.6906765058274772,53.66575114683054,53.23059161569475,0.0007871152490037,1,0.2505136315789473,0.1609805263157894,0.5885062631578947,0.642789,0.0895331578947368,0.2194736842105263,0.2143545789473684,0.239936947368421,19
2023-07-14,AAPL,188.05360412597656,188.5368199651974,187.00826163971,187.59995726794867,41616200,0.1479034423828125,0.0007871152490037,185.4387139910704,178.33653106689454,153.803592338562,62.59601320225039,2.612055926004583,910225500.0,2.805453681265533,-0.5017179110723995,3.3071715923379323,180.68975498011423,186.0758636474609,191.46197231480767,5.789153479412281,0.683596414467616,57.95014126570927,54.231232521646746,0.0173058371518792,1,0.2428120555555555,0.1424433888888888,0.6147451666666667,0.6289350555555555,0.1003686666666666,0.1155555555555555,0.1505070555555555,0.249413,18
2023-07-17,AAPL,191.3080291748047,191.6334686208352,189.1581605746784,189.2469126832782,50520200,3.254425048828125,0.0173058371518792,185.99769638952125,178.86455505371094,154.01523166656494,68.76498555965166,2.6811851094941583,960745700.0,2.946724865376865,-0.2883573815688542,3.235082246945719,180.77069235670743,186.4693473815918,192.1680024064761,6.112162781610018,0.924545947428276,70.61981844444584,60.74523695232855,-0.00134037212814,0,0.2504428104575163,0.14880347450980388,0.6007541359477124,0.6367034692810457,0.10163937516339866,0.2142222222222222,0.16513774705882345,0.23712617581699347,30
2023-07-18,AAPL,191.0516052246093,191.64331601668744,189.7597188779972,190.6768691009351,48288200,-0.2564239501953125,-0.00134037212814,186.47902104048205,179.4201461791992,154.23501300811768,67.81592136010644,2.624214540151028,912457500.0,3.0033710350738545,-0.185368969497492,3.1887400045713465,181.198714177433,186.9037567138672,192.60879925030136,6.104791724618017,0.8635247664020681,81.31554546693236,69.96183505902916,0.007071856192732,1,0.216217,0.2003053529411764,0.583478,0.6297035294117647,0.0159116470588235,0.2047058823529411,0.2295274117647058,0.2597416470588235,17
2023-07-19,AAPL,192.40269470214844,195.4894113562338,189.9865545896983,190.4303452538346,80507300,1.3510894775390625,0.007071856192732,187.0431804368312,179.84952209472655,154.49767581939696,70.1533284170343,2.8298318420356336,992964800.0,3.121304704297444,-0.053948240219122,3.175252944516566,181.6011394441239,187.4012840270996,193.2014286100753,6.190079873878532,0.9311453450426648,86.00233163339645,79.31256518159155,-0.0100976239527276,0,0.2452261818181818,0.2898842727272727,0.4648896363636364,0.6327033636363636,-0.0446579999999999,0.5081818181818182,0.4542583636363636,0.2328047272727272,11
2023-07-20,AAPL,190.4598846435547,193.7537038386121,189.8385898976753,192.3927782230016,59581200,-1.94281005859375,-0.0100976239527276,187.3685808374716,180.2414205932617,154.7716324234009,63.061055772060605,2.907351991957144,933383600.0,3.023150455233832,-0.121681991426187,3.14483244666002,182.60637206670745,187.85344467163085,193.10051727655429,5.586346967547336,0.7483708696424517,73.23881552110069,80.18556420714316,-0.0061616030598994,0,0.2451626315789473,0.1711100526315789,0.5837276842105263,0.606439,0.0740526315789473,0.2289473684210526,0.1991404210526315,0.2522385263157895,19
2023-07-21,AAPL,189.28634643554688,192.2744541324422,188.58615588066945,191.4164870851642,71951700,-1.1735382080078125,-0.0061616030598994,187.5512251801454,180.6439224243164,155.01886081695557,59.16980807812004,2.963133867658261,861431900.0,2.8181815374627206,-0.2613207273578393,3.07950226482056,183.0631441904491,188.09702987670897,193.13091556296885,5.3524350592451295,0.618131065439584,58.38333211815945,72.54149309088554,0.0042200487381369,1,0.2428541111111111,0.1572875555555555,0.5998586666666667,0.6513053888888889,0.0855666111111111,0.2261111111111111,0.2515938888888889,0.2360944999999999,18
2023-07-24,AAPL,190.08514404296875,192.21528467718613,189.5920567691868,190.73602285584008,45377800,0.798797607421875,0.0042200487381369,187.79255078612857,181.02714416503903,155.25216747283935,60.93674198926241,2.960691322942618,906809700.0,2.6891990715678844,-0.3122425546021405,3.001441626170025,183.64497215096804,188.3963340759277,193.14769600088744,5.044006772493562,0.6777185145767796,51.64775983028968,61.08996915651661,0.0045135349053013,1,0.2671171388888889,0.17378753703703706,0.5590955370370371,0.6364334444444445,0.09332956481481484,0.30481481481481476,0.2332090185185185,0.21596709259259259,25
2023-07-25,AAPL,190.943099975586,191.75177028050072,190.2527808420176,190.6571159944749,37283200,0.8579559326171875,0.0045135349053013,188.0926030898864,181.42378326416016,155.48829135894775,62.798863438765,2.868258102556144,944092900.0,2.625939218878216,-0.3004019258334471,2.926341144711663,184.7185076189957,188.80806045532228,192.89761329164887,4.331968483193335,0.7610358156151669,53.05214414724588,54.361078698565,0.004545037909412,1,0.264686125,0.1439255625,0.59138875,0.667267375,0.120760625,0.193125,0.2759041875,0.2351590625,16
2023-07-26,AAPL,191.8109436035156,192.935181951258,190.64726489612823,190.99241694846552,47471900,0.8678436279296875,0.004545037909412,188.4467307578511,181.85631927490235,155.73351551055907,64.63527897322037,2.826805170597116,991564800.0,2.615681114082946,-0.2485280245029737,2.86420913858592,185.1403080427748,189.1256088256836,193.1109096085925,4.214448595993262,0.8369049068201075,60.38946238676335,55.02978878809964,-0.0065808722979046,0,0.1913164117647058,0.1781831764705882,0.6305006470588235,0.6305006470588235,0.013133294117647,0.1817647058823529,0.1633698823529411,0.2387705294117647,17
2023-07-27,AAPL,190.5486602783203,194.47363103189025,189.8879250921341,193.3099522093675,47460200,-1.2622833251953125,-0.0065808722979046,188.6469145217053,182.27347106933595,155.99863925933838,59.99613280171667,2.95244093982276,944104600.0,2.4771408394946093,-0.3096546392730483,2.7867954787676577,185.46230716688493,189.3213630676269,193.1804189683689,4.076725244539372,0.6590152154128408,61.73659458318178,58.392733705730336,0.0135079069590897,1,0.2467772,0.17785575,0.5753674,0.62859875,0.06892145,0.184,0.1782958,0.2608103,20
2023-07-28,AAPL,193.12257385253903,193.9115165426313,191.4559363697747,191.97860770429688,48291400,2.57391357421875,0.0135079069590897,189.0731677913085,182.7421011352539,156.27501277923585,65.44277761764806,2.981756320143345,992396000.0,2.545694803051191,-0.1928805405731735,2.7385753436243645,185.5921480208176,189.62905044555663,193.66595287029568,4.257683530296501,0.9326985197330172,68.07086986195289,63.39897561063267,0.003165966906599,1,0.1761994,0.2089939333333333,0.6148072666666666,0.6691472666666667,-0.0327945333333333,0.196,0.2513297333333333,0.2434905333333333,15
2023-07-31,AAPL,193.73399353027344,193.77344894031904,192.56044337061044,193.34938604539337,38824100,0.611419677734375,0.003165966906599,189.51705595692425,183.2107308959961,156.5615115737915,66.60590399466675,2.8554169808265777,1031220100.0,2.619168625679152,-0.0955253743561708,2.714694000035322,185.38598815925272,189.7513343811035,194.1166806029543,4.601123081520223,0.9561676149803068,72.68240984666755,67.49662476393407,-0.0042758068707005,0,0.21689552717391303,0.17021509420289851,0.6128896884057972,0.630655152173913,0.0466804474637681,0.2085869565217391,0.22059470108695647,0.2343196938405797,39
2023-08-01,AAPL,192.90562438964844,194.0101351852124,192.5801849485631,193.52691923606864,35175100,-0.828369140625,-0.0042758068707005,189.8397767600408,183.61624603271488,156.8470097732544,63.488094654649885,2.753597927671059,996045000.0,2.58080478175458,-0.1071113746245937,2.6879161563791736,185.32962716458127,189.9066566467285,194.4836861288757,4.820293888551319,0.8276107084974497,76.88685569077579,72.54671179979874,-0.0154898691792758,0,0.24523295,0.1851856,0.5695817,0.58561095,0.0600475,0.305,0.30108815,0.27622785,20
2023-08-02,AAPL,189.91754150390625,192.4815869108448,189.19763812575488,192.34352304314683,50389300,-2.9880828857421875,-0.0154898691792758,189.8471829261232,183.95982971191407,157.094743309021,53.719688203169866,2.8217685231155234,945655700.0,2.2829711720478656,-0.3239559874650464,2.606927159512912,185.4256690898776,189.96829376220705,194.5109184345365,4.782508262158437,0.4944137737583821,61.866636855588034,70.47863413101047,-0.0073217746831302,0,0.2204665789473684,0.2700238947368421,0.5095096842105263,0.6282733684210526,-0.0495572105263157,0.3605263157894737,0.3651476842105263,0.2344506315789473,19
2023-08-03,AAPL,188.52700805664065,189.710414639766,188.0536484329567,188.92148694956984,61235200,-1.390533447265625,-0.0073217746831302,189.7214519861725,184.2945376586914,157.35815212249756,49.87395854918657,2.753348847960812,884420500.0,1.9126832407630443,-0.5553951349998942,2.4680783757629388,185.36337297127275,189.9367362976074,194.51009962394207,4.8156701178320365,0.3458762030944283,36.73460842260684,58.496033656323554,-0.0480202594739458,0,0.3204861666666667,0.1922960666666666,0.4872178666666666,0.5896041000000001,0.1281902,0.417,0.4232065,0.2563858,30
2023-08-04,AAPL,179.47389221191406,184.789371855198,179.40485277798012,182.9550867901928,115956800,-9.053115844726562,-0.0480202594739458,188.7454939124336,184.5002536010742,157.55651432037354,33.20649212071015,3.208263593010789,768463700.0,0.8785887743279375,-1.271591681148001,2.1501804554759385,183.0771623878739,189.5082420349121,195.9393216819504,6.787123956174374,-0.2801450435790585,13.699369593047214,37.43353829041403,-0.0172536118641717,0,0.2712585384615384,0.3003943333333333,0.428347282051282,0.6456820256410256,-0.0291356923076923,0.4387179487179487,0.4791315641025641,0.2408944358974359,39
2023-08-07,AAPL,176.3773193359375,180.59814508763776,174.89805755245857,179.61197056531847,97576100,-3.0965728759765625,-0.0172536118641717,187.5675725241959,184.63851501464845,157.73281665802003,29.566775112728752,3.38625101745139,670887600.0,-0.1886316641173948,-1.8710496956746667,1.682418031557272,180.51473644284545,189.0269874572754,197.5392384717053,9.00638700212468,-0.2430272027865605,4.659703882265421,18.364560632639822,0.005311675755061,1,0.21006123611111108,0.20217008333333333,0.5877690694444445,0.6334049027777778,0.007891208333333366,0.21208333333333332,0.254824125,0.23544965277777777,44
2023-08-08,AAPL,177.31417846679688,177.77768168655695,175.1248698685598,177.20569866966517,67823000,0.936859130859375,0.005311675755061,186.5910588044436,184.77283142089843,157.9132632827759,31.995400753123874,3.333862503204659,738710600.0,-0.9478881833536832,-2.104244971928764,1.156356788575081,178.78443100624492,188.61870956420896,198.45298812217305,10.427680881377588,-0.0747514182551494,6.651885033192268,8.336986169501634,-0.0089542050909852,0,0.2149824444444444,0.2111015,0.5739164999999999,0.6428044444444444,0.0038809999999999,0.2877777777777777,0.2918116666666666,0.2542502777777777,18
2023-08-09,AAPL,175.72647094726562,178.42857997538025,174.5627769846933,178.36941190145535,60378500,-1.58770751953125,-0.0089542050909852,185.556336151379,184.8272689819336,158.08807834625244,30.101110965118902,3.371858252310537,678332100.0,-1.65859986598457,-2.251965323647721,0.5933654576631507,176.72440828801584,188.0477157592773,199.37102323053884,12.043015173613313,-0.0440656293791797,8.456982550047156,6.589523821834948,-0.0012347597905945,0,0.240707,0.2011373846153846,0.5581558461538462,0.6008857692307692,0.0395696153846153,0.3546153846153846,0.2837311538461539,0.2283766153846153,13
2023-08-10,AAPL,175.50949096679688,178.25105509162734,175.14461118800062,176.99860916334498,54686900,-0.21697998046875,-0.0012347597905945,184.59949375284737,184.8404833984375,158.24276363372803,29.84109057701945,3.352900084547407,623645200.0,-2.213832779695906,-2.2457585898872456,0.0319258101913393,174.85340669622542,187.4279052734375,200.0024038506496,13.417957757002304,0.0260878899680514,7.647271099600181,7.585379560946535,0.0003375878854374,1,0.251575,0.1996105238095238,0.5488148571428572,0.6475095714285714,0.0519645714285714,0.2752380952380952,0.2604712857142857,0.2451457142857143,21
2023-08-11,AAPL,175.56874084472656,176.3883728930982,174.34424265962002,175.10462674008653,52036700,0.0592498779296875,0.0003375878854374,183.73942204731205,184.855869140625,158.38704502105713,30.018860532870107,3.259416523756747,675681900.0,-2.6188889722024555,-2.120651825915036,-0.4982371462874196,173.21657438847544,186.803662109375,200.3907498302746,14.546917943122796,0.0865588897550517,5.560806818340403,7.221686822662581,0.0093932134795251,1,0.1958205333333333,0.1823125333333333,0.6218673333333332,0.623924,0.0135079999999999,0.24,0.194394,0.2306819333333333,15
2023-08-14,AAPL,177.2178955078125,177.44501774834183,175.09474782272636,175.74650562753334,43675600,1.6491546630859375,0.0093932134795251,183.11832428164544,184.8482229614258,158.52538692474366,34.95881124464805,3.19447748103237,719357500.0,-2.7748393040659494,-1.821281726222824,-0.9535575778431256,172.06551178640763,186.0991554260254,200.1327990656432,15.08189933209681,0.1835725579798608,8.371269098047913,7.193115671996165,-0.0112003872516908,0,0.22783274074074075,0.16936298148148146,0.6028045740740741,0.6319351481481482,0.0584697592592592,0.26416666666666666,0.22837661111111104,0.23488712962962963,19
2023-08-15,AAPL,175.2329864501953,177.2376229940336,174.8379899652799,176.6451282666605,43622600,-1.9849090576171875,-0.0112003872516908,182.3673397262692,184.7839169311524,158.6684803390503,32.02832465662192,3.137702877298181,675734900.0,-3.0237408358593427,-1.6561466064129735,-1.3675942294463692,170.70855871560838,185.3082244873047,199.90789025900105,15.757169777099165,0.1549497024568271,8.258066484100015,7.396714133496109,-0.0049588695435389,0,0.1981120952380952,0.1990943333333333,0.6027940476190475,0.6281539523809524,-0.0009821904761904,0.1885714285714285,0.2961991904761905,0.2297597619047619,21
2023-08-16,AAPL,174.36402893066406,176.30940286172734,174.2948962433497,174.91703015656563,46964900,-0.86895751953125,-0.0049588695435389,181.6051196504973,184.72925323486328,158.82956226348878,30.810662701697183,3.05747457308957,628770000.0,-3.253609122032032,-1.50881191406853,-1.7447972079635017,169.44684308833462,184.4062911987305,199.3657393091263,16.22444441906202,0.1643505096592541,6.347239660113449,7.658858414087125,-0.0145553722586817,0,0.2510303333333333,0.1752094166666666,0.5737604166666667,0.5737604166666667,0.0758210833333333,0.2666666666666666,0.34548125,0.2559979166666666,12
2023-08-17,AAPL,171.8260955810547,175.29223725703497,171.31258808782235,174.9268647491592,66062900,-2.537933349609375,-0.0145553722586817,180.6737840248361,184.6311276245117,158.92425647735595,27.51983807046222,3.12334418709836,562707100.0,-3.5990834126258164,-1.4834289637298514,-2.115654448895965,167.83375865911802,183.47460174560547,199.1154448320929,17.049600258213477,0.1276253747915212,2.342734525335112,5.649346889849525,0.0028161421995516,1,0.2559885625,0.180828,0.56318375,0.60591775,0.0751605625,0.3175,0.166891875,0.2443539375,16
2023-08-18,AAPL,172.3099822998047,172.91236175457905,169.81159252872837,170.14734105941557,61172200,0.48388671875,0.0028161421995516,179.877231479595,184.57009552001952,159.03315036773682,29.07526493224843,3.1217316898663827,623879300.0,-3.7901383076052753,-1.3395870869674482,-2.450551220637827,166.50348614455328,182.62578353881835,198.74808093308343,17.656102092329334,0.1800765738670985,4.3125315128166255,4.334168566088396,0.0077368116752107,1,0.1842547647058823,0.1846563529411764,0.6310895294117647,0.6350669411764706,-0.0004015882352941,0.1711764705882353,0.1960506470588235,0.2387042941176471,17
2023-08-21,AAPL,173.6431121826172,173.92949746098708,171.56935789788312,172.88274314562352,46311900,1.3331298828125,0.0077368116752107,179.28350583226378,184.48148712158203,159.16191356658936,33.320816843714354,3.0673322522404955,670191200.0,-3.79028618843202,-1.0717879742353542,-2.718498214196666,165.61003089779166,181.8036819458008,197.9973329938099,17.814436841644117,0.2480318138574788,9.8294067756863,5.494890937946013,0.0079049198695064,1,0.23025074107142854,0.17045863988095236,0.5992909845238096,0.6292983803571429,0.05979208035714284,0.23625595238095234,0.21335933392857143,0.24512969404761906,28
2023-08-22,AAPL,175.0157470703125,175.46012191641384,174.04799506153495,174.8478727981476,42038900,1.3726348876953125,0.0079049198695064,178.87705261683988,184.41263854980468,159.32512508392335,37.47116046452843,2.9780235009230784,712230100.0,-3.637709965121928,-0.7353694007402094,-2.902340564381719,165.12628951782435,181.0073143005371,196.88833908324983,17.547384583967204,0.3113608122837669,17.792968894170045,10.644969060890991,0.021948795762658,1,0.2647913125,0.1518116875,0.5833974375,0.681413625,0.112979625,0.085,0.1992820625,0.24785475,16
2023-08-23,AAPL,178.8571319580078,179.28176749229362,176.1019960768648,176.28962468028294,52722800,3.841384887695313,0.021948795762658,178.87515541123685,184.36480041503907,159.53773044586185,47.348155736969744,3.070023280998653,764952900.0,-3.1702795431098707,-0.2143511829825213,-2.9559283601273494,165.25631575657155,180.35962371826173,195.4629316799519,16.747992317042012,0.4502595138738806,34.48247380589893,20.701616491918426,-0.0261704457786027,0,0.2481543333333333,0.173451375,0.5783946666666667,0.63534675,0.0747030416666666,0.1195833333333333,0.1582935,0.230239,24
2023-08-24,AAPL,174.17636108398438,178.83739189345877,173.81097351698816,178.41275636104422,54945800,-4.6807708740234375,-0.0261704457786027,178.42765118959375,184.2328140258789,159.72825916290284,39.218848181743965,3.211175792428725,710007100.0,-3.141325412759187,-0.1483176421054697,-2.9930077706537173,164.97005670546986,179.54100875854493,194.11196081162,16.23133584224289,0.3159129322840509,42.33701580064758,31.53748616690552,0.012643123125354,1,0.2350855499999999,0.1539655,0.6109493500000001,0.6109493500000001,0.0811201,0.1835,0.2490044,0.2506301,20
2023-08-25,AAPL,176.3784942626953,176.91174101480664,173.62335841851225,175.16386577811136,51449600,2.202133178710937,0.012643123125354,178.23249338703198,184.1322470092773,159.9271438217163,44.08298052120415,3.216690564133415,761456700.0,-2.9071732289945373,0.0686676333273439,-2.9758408623218813,165.48951254576554,178.70380477905277,191.91809701234,14.78904408288923,0.4120153211649162,56.73365039160014,44.51771333271555,0.0088463320933622,1,0.27784185,0.15841705,0.5637415,0.641038,0.11942485,0.307,0.26404835,0.2402324,20
2023-08-28,AAPL,177.9387969970703,178.3337935661488,176.31928695480332,177.84004032072406,43820700,1.560302734375,0.0088463320933622,178.20452230227374,184.022255859375,160.13097827911378,47.3010009418311,3.130820281791421,805277400.0,-2.566121889924034,0.3277751779182778,-2.893897067842312,166.64202785280813,177.91404495239257,189.18606205197705,12.671306644285096,0.5010979421189244,65.20894579621644,54.759870662821385,0.0218099941199154,1,0.2132184259259259,0.18241001851851849,0.6043717962962963,0.6268762407407408,0.030808462962962937,0.1835185185185185,0.18676464814814817,0.24031366666666665,24
2023-08-29,AAPL,181.81964111328125,182.5898947624316,177.25736718090633,177.4548654120463,53003900,3.8808441162109375,0.0218099941199154,178.54881933189353,184.0113803100586,160.3769806289673,54.33960390896257,3.2880850889152664,858281300.0,-1.9600898641178048,0.7470457629796057,-2.7071356270974105,168.1983799127365,177.35974578857423,186.521111664412,10.330828830527022,0.7434077726591832,83.04470163021439,68.329099272677,0.0191723848774041,1,0.2955728,0.2113956,0.4930316666666667,0.6378768,0.0841773333333333,0.3286666666666666,0.3422944,0.2464647333333333,15
2023-08-30,AAPL,185.30555725097656,185.50307057198083,182.4319252754348,182.62942352828824,60813900,3.4859161376953125,0.0191723848774041,179.19231818133,184.06844848632807,160.58141399383544,59.56391065726882,3.316323972471289,919095200.0,-1.1848624612441083,1.2178185326826418,-2.4026809939267504,169.0789628490133,177.1291465759277,185.1793303028421,9.08962063277787,1.0078400041798032,92.84413095932688,80.3659261285859,0.0011723306257274,1,0.2622131,0.1690126,0.56877475,0.6183021,0.09320035,0.2875,0.2291973,0.24358955,20
2023-08-31,AAPL,185.5227966308593,186.7571794584308,185.1376697913831,185.49317264844964,60794500,0.2172393798828125,0.0011723306257274,179.795220890809,184.15057098388672,160.7730196762085,59.87204656328531,3.195122950655316,979889700.0,-0.5466582211530806,1.484818218218936,-2.0314764393720166,169.71094947765633,176.97893600463868,184.24692253162104,8.213391594570169,1.087773559740491,95.14301813139204,90.34395024031107,0.0084633515763805,1,0.3103175625,0.1423905625,0.54729225,0.66025925,0.1679271875,0.204375,0.2623943125,0.22191075,16
2023-09-01,AAPL,187.0929412841797,187.54718572230075,185.92767607044595,187.1225652663115,45766500,1.5701446533203125,0.0084633515763805,180.4902418806538,184.20413696289063,160.9794575881958,62.11893317081742,3.111499103568605,1025656200.0,0.0848427737261658,1.693055370478546,-1.6082125967523802,168.9066767412527,177.35988845825196,185.8131001752512,9.532269996875891,1.075701470149786,96.29855887499804,94.76190265523898,0.0012667474790444,1,0.282546,0.1592156153846154,0.5582385384615385,0.6286010769230769,0.1233304615384615,0.4030769230769231,0.3189833076923077,0.2147259230769231,13
2023-09-05,AAPL,187.32994079589844,187.6064413525269,185.26605625958229,185.92768366781115,45280000,0.23699951171875,0.0012667474790444,181.1416417773437,184.2687545776367,161.17842739105225,62.46060867293773,3.0564195313811777,1070936200.0,0.5975475851934675,1.7646081455566782,-1.1670605603632107,168.42361266377085,177.90751953125,187.39142639872915,10.661614407830903,0.9967584243661464,96.2001943054243,95.88059043727148,-0.0357932874502467,0,0.19781750624999997,0.15713040624999997,0.64505260625,0.64661655625,0.04068711666666663,0.110625,0.16907434999999998,0.26009753124999996,29
2023-09-06,AAPL,180.62478637695312,186.4905763861184,179.20277485131902,186.04618648324464,81755800,-6.7051544189453125,-0.0357932874502467,181.09241745349703,184.22707885742187,161.35001712799072,48.99588943499039,3.4186157037524807,989180400.0,0.4575456167668505,1.299684941704049,-0.8421393249371985,168.52102473195916,178.07304992675782,187.62507512155648,10.728209797863794,0.6335704417731644,85.55027974045133,92.68301097362456,-0.0292496020672061,0,0.197697,0.1900694285714285,0.6122340714285714,0.6128035714285714,0.0076277142857142,0.1792857142857142,0.2913352857142857,0.2623821428571428,14
2023-09-07,AAPL,175.34158325195312,175.983471267165,171.3718044532104,172.99131387800804,112488800,-5.283203125,-0.0292496020672061,180.5447189581119,184.0247109985352,161.4857018661499,41.41939883139541,3.835356148037499,876691600.0,-0.0788088313368007,0.6106643948803182,-0.6894732262171189,168.48141820160507,178.05380554199218,187.62619288237929,10.75224122421754,0.3583309370173602,63.42946615976819,81.7266467352146,0.0034919807233126,1,0.2130653793103448,0.3255661034482758,0.4613687931034482,0.6952198965517241,-0.1125007931034482,0.3624137931034483,0.3528422068965517,0.2242043448275862,29
2023-09-08,AAPL,175.95387268066406,177.98814840122637,175.56874581023814,176.12176201867752,65551300,0.6122894287109375,0.0034919807233126,180.1074955031169,183.81111694335937,161.62164562225342,42.52858505989381,3.750442505268624,942242900.0,-0.4492878452948048,0.1921483047378513,-0.6414361500326562,168.52532512889312,178.07602462768554,187.626724126478,10.72654167652345,0.3889007057917695,40.02208286629892,63.000609588839474,0.0066224895638511,1,0.2740891379310345,0.2182205172413793,0.5076908275862069,0.6698775517241379,0.055868724137931,0.2996551724137931,0.2817344482758621,0.2153279310344827,29
2023-09-11,AAPL,177.11912536621094,178.0473836718388,175.1243584797436,177.82026144859472,58953100,1.165252685546875,0.0066224895638511,179.82288882341155,183.6141229248047,161.77954196929932,44.67550637009291,3.691341268613378,1001196000.0,-0.6414744614257302,-3.064911445915808e-05,-0.641443812311271,168.66051162795048,178.15354385375977,187.64657607956903,10.65713543548906,0.4455169611277366,31.56732717748297,45.00629206785003,-0.0170606027268672,0,0.25711629135802466,0.22741932592592592,0.5154645740740741,0.6126882592592593,0.029696950617283932,0.4637160493827161,0.3437765037037037,0.23716761481481477,52
2023-09-12,AAPL,174.0973663330078,177.87951732730735,172.6358612060169,177.24751388848827,90370200,-3.021759033203125,-0.0170606027268672,179.27760096718262,183.27030395507813,161.9116607284546,40.45503271331508,3.802220900947456,910825800.0,-1.02578977344848,-0.3074767689097671,-0.7183130045387128,168.34683288730395,177.99751739501954,187.6482019027352,10.843616977306928,0.2979339673318711,26.8047284769707,32.7980461735842,-0.0118547071359362,0,0.2708005,0.21845905,0.510740675,0.583339575,0.052341475,0.50275,0.315473175,0.236112125,40
2023-09-13,AAPL,172.0334930419922,175.0848841389881,171.80635572558617,174.30474566083996,84267900,-2.063873291015625,-0.0118547071359362,178.58768592668827,182.914990234375,162.02908405303955,37.82659978201081,3.764814294694203,826557900.0,-1.479841066499489,-0.6092224495686209,-0.8706186169308681,167.9068461269636,177.83754272460936,187.7682393222551,11.1682791445493,0.2077722783317571,18.75531399979418,25.709123218082613,0.0087822956582916,1,0.2505641162790697,0.188897488372093,0.5605387441860465,0.6318255813953488,0.0616666976744186,0.3132558139534884,0.2833995581395349,0.2303185813953488,43
2023-09-14,AAPL,173.54434204101562,173.8998448696545,171.41132506918257,171.8260758579031,60895800,1.5108489990234375,0.0087822956582916,178.1073674613861,182.6121810913086,162.16861469268798,40.85600728387836,3.673650402249754,887453700.0,-1.6981914065290198,-0.6620582316785213,-1.0361331748504985,167.80229648366364,177.79655838012695,187.79082027659027,11.24235698094414,0.2872671147122897,11.415485895711742,18.99184279082554,-0.0041537263872322,0,0.2402192173913043,0.1729648695652174,0.5868161739130435,0.609333,0.0672542608695652,0.2730434782608695,0.2726413913043478,0.2258551304347826,23
2023-09-15,AAPL,172.823486328125,174.29487626046748,171.64836639188815,174.27512191376346,109259500,-0.720855712890625,-0.0041537263872322,177.6041406867898,182.28548767089845,162.3236665725708,39.85811917947986,3.600283221273296,778194200.0,-1.907415161067348,-0.6970255889734798,-1.2103895720938684,167.96248503561725,177.84642791748047,187.7303707993437,11.115143551209588,0.245903955061677,8.799925899342819,12.990241931616248,0.0169131462031262,1,0.2886894090909091,0.1708749545454545,0.5404359545454546,0.6207345909090909,0.1178144999999999,0.2409090909090909,0.3136505,0.2315803636363636,22
2023-09-18,AAPL,175.74647521972656,177.13886254322455,173.96896109059597,174.2750855940285,67257600,2.9229888916015625,0.0169131462031262,177.4272201661171,182.03954162597657,162.5083288192749,45.65445302386248,3.651361292260885,845451800.0,-1.8164270781298344,-0.4848300048287726,-1.3315970733010616,168.40962382118911,178.01825256347655,187.626881305764,10.795105113012225,0.3817845186508284,16.423507095443142,12.212972963499237,0.0061809970913515,1,0.2633790456140351,0.1757806749373433,0.5608404639097744,0.6133678375939849,0.08759837393483706,0.2822781954887218,0.2975136443609023,0.2414998350877193,36
2023-09-19,AAPL,176.832763671875,177.38576479928514,174.91699900323945,175.30212586469654,51826900,1.0862884521484375,0.0061809970913515,177.3706052619036,181.85614868164063,162.66469486236574,47.67284803666758,3.566890185388373,897278700.0,-1.6377846058207126,-0.2449500260157209,-1.3928345798049917,168.7609037359837,178.17773513793946,187.59456653989525,10.57015501366156,0.4285868351755172,23.175370721453405,16.13293457207979,-0.0199922995359702,0,0.2794191764705882,0.1639502352941176,0.5566308823529412,0.6579637647058822,0.1154688823529411,0.2164705882352941,0.3280737647058823,0.236972,17
2023-09-20,AAPL,173.29747009277344,177.45486279571944,173.20858308214417,177.02035765272817,58436200,-3.5352935791015625,-0.0199922995359702,176.98268762674834,181.6125033569336,162.80200778961182,42.18205651387841,3.6154180088302943,838842500.0,-1.761176064243955,-0.2946731875511705,-1.4665028766927843,168.53091377097638,178.0918212890625,187.6527288071486,10.73705400830026,0.2492732155802306,24.148565189528004,21.24914766880818,-0.0088894970187695,0,0.1966317142857143,0.1895244761904762,0.6138443809523809,0.6496761904761905,0.007107238095238,0.1985714285714285,0.1469815238095238,0.2325123333333333,21
2023-09-21,AAPL,171.75694274902344,174.09734264324985,171.6878251518227,172.36920682730067,63149100,-1.54052734375,-0.0088894970187695,176.48499763839357,181.3047152709961,162.93407642364502,40.019043317723884,3.529282257587213,775693400.0,-1.9606709714644808,-0.3953344758173571,-1.5653364956471236,167.79619701660235,177.73681182861327,187.6774266406242,11.185769239066111,0.1992203604768715,15.95716451239288,21.09370014112476,0.0049446250500722,1,0.1787764615384615,0.1909225384615384,0.6303015384615385,0.6303015384615385,-0.0121459999999999,0.21,0.1972121538461538,0.2213704615384615,13
2023-09-22,AAPL,172.60621643066406,174.86761425499944,171.87547142547365,172.48772049861157,56725400,0.849273681640625,0.0049446250500722,176.11558990432408,180.9987255859375,163.0761930465698,41.7911243154762,3.499381489614984,832418800.0,-2.026878243583752,-0.3692333983493028,-1.6576448452344494,167.58257091422698,177.65830459594727,187.7340382776676,11.342823184804995,0.2492942784678369,7.279119606670601,15.794949769530495,0.0073801788396505,1,0.2436236666666666,0.1608712857142857,0.5955054285714285,0.6347693333333333,0.0827525714285714,0.1957142857142857,0.2036808571428571,0.2357223809523809,21
2023-09-25,AAPL,173.8800811767578,174.7589610297227,171.97418651044094,172.02356483056997,46172700,1.27386474609375,0.0073801788396505,175.90268431122252,180.7152551269532,163.24296848297118,44.442511318248144,3.4483381345911828,878591500.0,-1.954032870272755,-0.2371104200306444,-1.7169224502421103,167.33606075913255,177.53338394165038,187.73070712416825,11.487781008972794,0.3208695213683258,8.855457972370273,10.69724736381125,-0.0233982030476319,0,0.29031430357142857,0.16348322023809522,0.5462025678571428,0.6111334142857142,0.1268310107142857,0.30917857142857147,0.3088187261904762,0.23890221547619048,35
2023-09-26,AAPL,169.8115997314453,173.01111068359924,169.51534481079926,172.63586851438868,64588900,-4.0684814453125,-0.0233982030476319,175.3225810179104,180.285326538086,163.39908710479736,38.422908306588994,3.5137951511174235,814002600.0,-2.199243329894216,-0.3858567037216842,-1.813386626172532,166.3930963227214,177.12702407836915,187.8609518340169,12.12003398295516,0.1592382344349786,9.222104443193867,8.452227340744914,-0.0088975666949088,0,0.2077391999999999,0.248143,0.5441181333333333,0.6581419333333333,-0.0404037999999999,0.3,0.3002276,0.2410382666666666,15
2023-09-27,AAPL,168.30068969726562,170.87808171574733,166.93794126401278,170.46333088230946,66921800,-1.5109100341796875,-0.0088975666949088,174.65382946356328,179.83030822753906,163.53924396514893,36.44848749848676,3.5442483868757897,747080800.0,-2.4868256205875525,-0.5387511955320166,-1.948074425055536,165.29014960234582,176.45107650756836,187.6120034127909,12.650449207935347,0.1348696268905354,10.776440495041989,9.618000970202042,0.0015255099977751,1,0.1954696315789473,0.2932809473684211,0.5112495263157895,0.6205783684210526,-0.0978112105263157,0.2631578947368421,0.3408641052631579,0.2640423157894737,19
2023-09-28,AAPL,168.55743408203125,169.88068876106084,165.52578284422083,167.22429469748067,56294400,0.256744384765625,0.0015255099977751,174.07322037960787,179.3534030151367,163.68309345245362,37.040536341213325,3.6021524961589484,803375200.0,-2.663318454447591,-0.5721952235136438,-2.091123230933947,164.7259320445755,175.6136703491211,186.5014086536667,12.39964779837549,0.1759549104820103,13.316737754829632,11.105094231021829,0.0030466443007699,1,0.200523625,0.188658625,0.610818125,0.640666375,0.0118649999999999,0.15625,0.19741975,0.23655425,16
2023-09-29,AAPL,169.0709686279297,170.90773103963988,168.21182785802986,169.87084635964763,51861100,0.5135345458984375,0.0030466443007699,173.59681545087662,178.92562469482422,163.81805522918702,38.2790970821584,3.537420402262597,855236300.0,-2.7302793895147204,-0.5113249268646185,-2.218954462650102,164.5558724844768,174.79107894897462,185.02628541347244,11.711360243374552,0.2205669303845558,21.725076418213263,15.272751556028297,0.0148354254219338,1,0.2054855882352941,0.2252068823529411,0.5693078235294118,0.6336414705882353,-0.019721294117647,0.1811764705882353,0.2348717058823529,0.2317187647058823,17
2023-10-02,AAPL,171.57920837402344,172.12233981703872,168.79443355791753,169.08081880430257,52164500,2.50823974609375,0.0148354254219338,173.40466239593823,178.57148193359376,163.96073993682862,44.0668457792756,3.5224551063239247,907400800.0,-2.5515398644285767,-0.2660683214227797,-2.285471543005797,165.4044253764602,174.0153923034668,182.62635923047333,9.896787649669353,0.3585417903648687,34.55125590425036,23.197690025764416,-0.0077696746398164,0,0.24875770940170938,0.20008520512820507,0.5511574358974358,0.5960428717948717,0.04867272649572646,0.3744444444444444,0.30119926495726496,0.24374188888888884,19
2023-10-03,AAPL,170.24609375,171.46073744550782,168.6858469308082,170.1078434596355,49594600,-1.3331146240234375,-0.0077696746398164,173.10384633442033,178.17470092773436,164.10787044525148,41.822103933806446,3.4775198446733047,857806200.0,-2.48876972373418,-0.1626385445827063,-2.3261311791514734,166.94700208461697,173.16119995117188,179.3753978177268,7.177355976173873,0.2654479094670358,39.670726149190905,31.98235282388484,0.0073085226751257,1,0.2470784285714285,0.1994008571428571,0.5535211428571428,0.659173,0.0476775,0.2185714285714285,0.1930642857142857,0.2499654285714286,14
2023-10-04,AAPL,171.49034118652344,172.03347264460572,168.83394692911625,168.95244285882518,53020300,1.2442474365234375,0.0073085226751257,172.95017917747776,177.78564575195313,164.29421230316163,44.65578280155312,3.457663121160174,910826500.0,-2.311972584678472,0.0113268755784012,-2.323299460256873,167.48919212223186,172.7044776916504,177.91976326106894,6.0395487588109935,0.3835982719482871,46.77168411405616,40.33122205583248,0.0071981941829863,1,0.2208206399999999,0.202661,0.57651876,0.61516324,0.01815964,0.3372,0.23940164,0.2275914399999999,25
2023-10-05,AAPL,172.72476196289062,173.25800883188634,170.52261166431626,171.61874445939648,48527900,1.2344207763671875,0.0071981941829863,172.92871087132662,177.40392211914062,164.4965102005005,47.393407697934194,3.406072695903739,959354400.0,-2.0486367290735927,0.2197301849466244,-2.268366914020217,167.50018186962896,172.57363662719726,177.64709138476556,5.879756441046956,0.5148937304967512,49.97269540613902,45.47170188979536,0.0147502272588737,1,0.204021,0.1773958666666666,0.6185835333333334,0.6185835333333334,0.0266251333333333,0.2313333333333333,0.1278929999999999,0.2507768,15
2023-10-06,AAPL,175.27249145507812,175.76624458491796,171.016326818613,171.6285909459562,57266700,2.5477294921875,0.0147502272588737,173.15192806977916,177.09839874267578,164.7220682144165,52.60433580700485,3.5020616295038254,1016621100.0,-1.61573549548703,0.5221051348265497,-2.13784063031358,167.54888978686728,172.53956756591796,177.53024534496865,5.784966137861704,0.7738028791031277,64.01791857929938,53.58743269983152,0.0084512832191923,1,0.2018240833333333,0.2700513333333333,0.5281248333333334,0.6614538333333333,-0.0682271666666666,0.2175,0.337189,0.288226,12
2023-10-09,AAPL,176.75376892089844,176.81301689163445,173.60362121945622,174.6009972191987,42390800,1.4812774658203125,0.0084512832191923,173.4949605317905,176.77102264404297,164.95537685394288,55.3722203854504,3.481156918266284,1059011900.0,-1.1399903380476246,0.7982802338127644,-1.938270571860389,167.59555527973544,172.52129974365235,177.44704420756926,5.710302984310955,0.9296273597068068,78.72547288014825,64.23869562186222,-0.0033522003049966,0,0.2176837388888889,0.1772147222222222,0.605101811111111,0.6092928111111111,0.040469088888888866,0.23605555555555555,0.16105573888888888,0.23881264444444442,21
2023-10-10,AAPL,176.1612548828125,177.47464011941017,175.72674968355904,175.8748846750232,43698000,-0.5925140380859375,-0.0033522003049966,173.74889332712593,176.41956787109376,165.1702356338501,54.0134130140299,3.3573521695223443,1015313900.0,-0.801530262316561,0.9093922476350624,-1.7109225099516234,167.48898838606638,172.62449417114257,177.75999995621876,5.949915520082302,0.8443439516656542,88.27884854889123,77.00741333611295,0.0079038335875292,1,0.248028294117647,0.2051543529411764,0.5468177647058824,0.6816490588235294,0.0428738823529411,0.2629411764705882,0.2466431764705882,0.2349878235294117,17
2023-10-11,AAPL,177.55360412597656,177.60298244581088,175.38109366659629,175.97358830016492,47551100,1.3923492431640625,0.0079038335875292,174.1112467365403,176.1125274658203,165.40788761138916,56.70225602019329,3.27624764164322,1062865000.0,-0.4161501464080004,1.0358178908348985,-1.451968037242899,167.34549550147364,172.9004997253418,178.45550394920997,6.425665897660766,0.9188209597250874,94.24074621164644,87.08168921356197,0.0050614666204544,1,0.2546646470588235,0.1508581176470588,0.5944774705882353,0.6324269411764706,0.1038065294117647,0.1370588235294117,0.2138722352941176,0.2516675882352941,17
2023-10-12,AAPL,178.45228576660156,180.0619109305439,176.80313684087554,177.8202822818536,56743100,0.898681640625,0.0050614666204544,174.52467902511756,175.8832223510742,165.6518521499634,58.393243897322726,3.274999530787872,1119608100.0,-0.0377820028239739,1.13134882753514,-1.169130830359114,167.08794743385613,173.1458969116211,179.20384638938606,6.997508558758542,0.9379690582149112,92.50871621624668,91.67610365892811,-0.0102928170715659,0,0.3151986153846154,0.1487560769230769,0.5360456153846154,0.6317423076923077,0.1664426923076923,0.2207692307692307,0.2165126153846154,0.2667592307692308,13
2023-10-13,AAPL,176.61550903320312,179.6570151987734,175.91437292525092,179.1533924067404,51427100,-1.8367767333984373,-0.0102928170715659,174.7238056925543,175.64499237060548,165.89562992095946,53.77094447956762,3.308402583840344,1068181000.0,0.1125673389473718,1.0253585354451886,-0.9127911964978168,167.0951607602237,173.335498046875,179.57583533352627,7.200299254297828,0.762807187789706,88.2695519738049,91.673004800566,-0.0007267591294579,0,0.2151915333333333,0.1619708666666666,0.6228379333333333,0.6328963333333333,0.0532208,0.178,0.2310006,0.2265140666666666,15
2023-10-16,AAPL,176.48715209960938,176.8426550206093,174.3047562379969,174.54176320804768,52517000,-0.12835693359375,-0.0007267591294579,174.89174344560715,175.58525756835937,166.15838298797607,53.45251646034824,3.253366598038347,1015664000.0,0.2188402890633938,0.9053051884489686,-0.6864648993855748,167.06695135480527,173.37253189086914,179.678112426933,7.274024861138874,0.7469733112539446,80.20842542350682,86.99556453785279,-0.0087849471160172,0,0.22101520370370364,0.17564974074074072,0.6033354444444444,0.6124037222222222,0.04536551851851842,0.25925925925925924,0.25659916666666666,0.23816740740740738,36
2023-10-17,AAPL,174.9367218017578,176.19085892709333,172.6160912129652,174.44296868905948,57549400,-1.5504302978515625,-0.0087849471160172,174.89602709857388,175.5564456176758,166.3958319091797,49.629377898679934,3.29748761865305,958114600.0,0.1759276160884439,0.689914012379215,-0.513986396290771,167.128006765481,173.2777297973633,179.4274528292456,7.098111268048113,0.6348834732713756,72.1467555758773,80.20824432439633,-0.0073947288243263,0,0.2777595454545454,0.1356200909090909,0.5866207272727273,0.6731686363636363,0.1421394545454545,0.0972727272727272,0.2369364545454545,0.2275844545454545,11
2023-10-18,AAPL,173.6431121826172,175.36137864838344,172.9222367694585,173.3863659573123,54764400,-1.293609619140625,-0.0073947288243263,174.77670186848275,175.4830242919922,166.62523956298827,46.632453279975614,3.236177208672471,903350200.0,0.0371077731585387,0.4408753355594478,-0.4037675624009091,167.14322178791636,173.29501190185547,179.4468020157946,7.099789020382354,0.5282926005532085,61.9942612217633,71.44981407371581,-0.0021610079196827,0,0.2180417647058823,0.2085057647058823,0.5734527647058824,0.6291143529411765,0.009536,0.2605882352941176,0.2771074705882353,0.2327418235294117,17
2023-10-19,AAPL,173.2678680419922,175.6181228712257,173.00123711265553,173.84060845589931,59302900,-0.375244140625,-0.0021610079196827,174.63300340881702,175.4338522338867,166.87666538238526,45.76906842243751,3.1919421050937324,844047300.0,-0.1020110981687025,0.2414051713857652,-0.3434162695544678,167.25919917953573,173.3705581665039,179.4819171534721,7.0500540017860205,0.4915984215024269,50.2842519269596,61.47508957486673,-0.0147041689757974,0,0.2077300952380952,0.1617812380952381,0.6304891428571429,0.6510374761904762,0.0459488571428571,0.1661904761904762,0.2012556666666666,0.2348306666666666,21
2023-10-20,AAPL,170.72010803222656,173.2283676109075,170.48310107616433,173.11974130623128,64244000,-2.547760009765625,-0.0147041689757974,174.2603467062846,175.33806457519532,167.10901000976563,40.31177433241123,3.162858166574741,779803300.0,-0.4130849599799262,-0.0557349523403666,-0.3573500076395595,167.0632608631398,173.27625274658203,179.48924463002427,7.171198343640078,0.294290354606156,34.66432662413544,48.98094659095278,0.0006940277770204,1,0.2277989411764706,0.1843406470588235,0.5878608823529411,0.6552304117647059,0.043458294117647,0.2205882352941176,0.2768431764705882,0.2339539411764706,17
2023-10-23,AAPL,170.83859252929688,171.8359684831129,167.80694090892598,168.77470794688867,55980100,0.1184844970703125,0.0006940277770204,173.9344653560953,175.24346160888672,167.34853523254395,40.66609453607051,3.224727409975612,835783400.0,-0.6426445219178447,-0.2282356114226281,-0.4144089104952166,166.82939656071173,173.124178314209,179.41896006770625,7.271984554430805,0.3184539294279514,27.632606006504663,37.5270615191999,0.00254330132391,1,0.20718561029411764,0.17014596078431368,0.6226689681372549,0.663307556372549,0.03703968872549016,0.1584313725490196,0.1736388137254902,0.22976207107843138,27
2023-10-24,AAPL,171.27308654785156,171.5002087664513,169.3079436842464,170.8879597127696,43816600,0.4344940185546875,0.00254330132391,173.6810007076911,175.1245654296875,167.56761669158936,42.02520093158115,3.15098010084913,879600000.0,-0.7805148037574838,-0.2928847146098137,-0.4876300891476701,167.02525211556764,173.1972526550293,179.36925319449097,7.127134460677533,0.3441213594461569,23.634557531734828,28.643830054124976,-0.0134916731205242,0,0.1839966875,0.1935815625,0.6224220625,0.6224220625,-0.00958475,0.159375,0.1657309375,0.23651575,16
2023-10-25,AAPL,168.9623260498047,170.8978298690587,168.51793618108192,169.7325797223047,57157000,-2.310760498046875,-0.0134916731205242,173.23160312122573,174.99915222167968,167.77253868103028,37.15126374157835,3.122706548414881,822443000.0,-1.0639722460258554,-0.4610737255025482,-0.6028985205233072,167.15737243235463,173.23033447265624,179.30329651295784,7.011430254162788,0.148605705541378,20.81654051832274,24.02790135218741,-0.0246055423428728,0,0.1849791764705882,0.1926557647058823,0.6223655294117647,0.626941,-0.0076764705882352,0.1505882352941176,0.2059384117647058,0.2387411764705882,17
2023-10-26,AAPL,164.80491638183594,169.23882483986895,163.60015755926395,168.24143389027685,70625300,-4.15740966796875,-0.0246055423428728,172.42906152699814,174.8079699707031,167.95382194519044,30.334739677822903,3.3024180292856045,751817700.0,-1.6055744635267786,-0.802140754402777,-0.8034337091240016,166.21845855991998,173.04270858764647,179.86695861537297,7.887359234520993,-0.1035675841551021,15.010004846189467,19.82036763208235,0.0079695166635727,1,0.19856875,0.2012474375,0.6001840625,0.612662,-0.0026786249999999,0.169375,0.1317514375,0.23423,16
2023-10-27,AAPL,166.1183319091797,166.8490920877316,164.74569858206283,164.8247009041889,58499100,1.31341552734375,0.0079695166635727,171.82803965863448,174.69381469726562,168.12810256958008,34.42802176437613,3.216773420455831,810316800.0,-1.906835652110885,-0.8827215543895068,-1.0241140977213783,165.62062401486804,172.89507675170898,180.16952948854995,8.414875511218439,0.0342093015321303,10.681181438202657,15.502575600904956,0.012305254901586,1,0.2490287894736842,0.1761526315789473,0.5748192105263158,0.6663301578947368,0.0728763157894736,0.1347368421052631,0.1941902105263157,0.2362181578947368,19
2023-10-30,AAPL,168.16246032714844,169.03147079181505,166.76020302980592,166.90833803254793,51131000,2.04412841796875,0.012305254901586,171.47893686515962,174.6108642578125,168.31299720764162,40.306601690798885,3.1950852391829407,861447800.0,-1.9580718018233083,-0.7471661632815438,-1.2109056385417647,165.17876715239174,172.72423934936523,180.26971154633875,8.73701598038182,0.1977141454416505,16.776738486895923,14.155974923762685,0.0028186062675721,1,0.2511872592592592,0.16787560493827156,0.580937442680776,0.6277106172839506,0.08331169135802467,0.28239858906525567,0.24541911463844798,0.2360194744268077,43
2023-10-31,AAPL,168.63644409179688,168.764809656098,165.8022909489589,167.23418704526227,44846000,0.4739837646484375,0.0028186062675721,171.2082232676965,174.5107308959961,168.49362449645997,41.613690627923525,3.178473344036953,906293800.0,-1.9380892051095489,-0.5817468532542271,-1.3563423518553217,164.96117827288978,172.64375686645508,180.3263354600204,8.899920545065516,0.2391948077163433,24.535182405443155,17.33103411018058,0.0187387382170329,1,0.2291128,0.2065054,0.5643822000000001,0.6046479333333333,0.0226074666666666,0.3126666666666666,0.2247118,0.2470572,15
2023-11-01,AAPL,171.79647827148438,172.05322449399938,167.99457285522465,168.86358325166134,56934900,3.1600341796875,0.0187387382170329,171.26424755377153,174.44634552001952,168.6842504119873,49.54580730975356,3.241343222232509,963228700.0,-1.648264339160903,-0.2335375898444651,-1.414726749316438,164.98452273739238,172.65906372070313,180.33360470401388,8.889821151498012,0.4438021471841407,36.4513449191592,25.92108860383276,0.0206932250831213,1,0.20865535,0.2030711999999999,0.5882738,0.5958176,0.0055840499999999,0.3055,0.2271523999999999,0.2576465,20
2023-11-02,AAPL,175.35150146484375,175.5588693503195,173.26786256268767,173.32711052996643,77334800,3.555023193359375,0.0206932250831213,171.6535098310165,174.37623291015626,168.8962403869629,56.67657368595674,3.278560926275553,1040563500.0,-1.1188183422760574,0.2367267256323046,-1.355545067908362,165.02647368366223,172.79040069580077,180.5543277079393,8.986525849670329,0.6649359122670021,56.793036057668,39.25985446075679,-0.0051810694131033,0,0.3358357894736842,0.1891640526315789,0.4750002631578947,0.6812129473684211,0.1466716842105263,0.48,0.4810755789473684,0.2461468947368421,19
2023-11-03,AAPL,174.4429931640625,174.61088250590672,171.18423421755685,172.06311427874405,79829200,-0.90850830078125,-0.0051810694131033,171.9191749103542,174.3815655517578,169.10339279174804,54.55459307281153,3.342039949204935,960734300.0,-0.7637337551234111,0.4734490502279609,-1.237182805351372,165.02974580916492,172.74892578125,180.46810575333507,8.936877537357057,0.6097310458454638,75.30101607526757,56.18179901736493,0.0146051151929587,1,0.2723823125,0.2394121875,0.488205625,0.59586875,0.03297,0.49375,0.474834875,0.2597636875,16
2023-11-06,AAPL,176.99075317382812,177.18825142381783,174.00849494223715,174.17636920813592,63841300,2.547760009765625,0.0146051151929587,172.4021823640184,174.39381072998046,169.31050102233883,59.17116028300039,3.33044827294606,1024575600.0,-0.2735899466877924,0.7708742869308638,-1.0444642336186565,165.01635480661807,172.7607749938965,180.5051951811749,8.965484424982495,0.7730984423391773,91.13465804092093,74.40957005795217,0.0144507419693624,1,0.23764945238095236,0.1686513333333333,0.5936995119047619,0.6243662222222223,0.06899817857142854,0.20972222222222223,0.2746915753968253,0.23559103174603171,36
2023-11-07,AAPL,179.54840087890625,180.1606499568927,176.73400192517136,176.9413698079054,70530000,2.557647705078125,0.0144507419693624,173.08277460353153,174.42600280761718,169.51446800231935,63.21141830748395,3.337319684287152,1095105600.0,0.3175725685507302,1.0896294417355092,-0.772056873184779,164.75926717468695,172.93013229370118,181.1009974127154,9.449903276702509,0.9049919126558496,93.65576427746146,86.69714613121664,0.0058849054686016,1,0.2484173125,0.1627235625,0.5888595,0.6506965,0.0856936875,0.260625,0.252166,0.23307325,16
2023-11-08,AAPL,180.6050262451172,181.15802736111343,179.32126504404005,180.07177947416378,49340300,1.0566253662109375,0.0058849054686016,173.79917952177777,174.4017105102539,169.71673652648926,64.7627650481735,3.2301370152004543,1144445900.0,0.8614042257310928,1.3067688791326977,-0.4453646534016047,164.47018773349194,173.0827033996582,181.6952190658245,9.95190795729538,0.9367088047810436,97.2332990143882,94.00790711092353,-0.0026244217810701,0,0.2184086666666666,0.1728368888888889,0.6087548888888888,0.6497908333333333,0.0455717222222222,0.22,0.1563775555555555,0.2246641666666667,18
2023-11-09,AAPL,180.13104248046875,181.8196699529317,179.53853262491765,180.67417400336527,53763500,-0.4739837646484375,-0.0026244217810701,174.40221408927215,174.29822021484375,169.9199291229248,63.46979038771602,3.162351323258572,1090682400.0,1.2398559163622167,1.3481764558110572,-0.1083205394488404,164.31697583718795,173.16664123535156,182.0163066335152,10.220981749176492,0.8934838737836556,94.62837537826567,95.17247955670511,0.0232200271950995,1,0.2294917222222222,0.1901622777777777,0.5803462222222222,0.5977248333333333,0.0393296111111111,0.1855555555555555,0.1830497222222222,0.2500550555555555,18
2023-11-10,AAPL,184.31369018554688,184.48180071812672,181.47581782404296,181.9108954867133,66133400,4.182647705078125,0.0232200271950995,175.34616419367927,174.2740380859375,170.13371032714844,69.29539098797363,3.247237531429957,1156815800.0,1.855892745422864,1.5713706278973634,0.2845221175255004,163.5417371093419,173.55155029296876,183.5613634765956,11.535262193543636,1.037579458035334,95.59236958576804,95.81801465947396,-0.0085838594037245,0,0.3022361333333334,0.1505283333333333,0.5472357999999999,0.6109656,0.1517078,0.272,0.2449421333333333,0.2380468,15
2023-11-13,AAPL,182.7315673828125,183.94779597294087,182.1481747757102,183.74015491726047,43627500,-1.582122802734375,-0.0085838594037245,176.0495359259777,174.18681060791016,170.32989517211914,65.06839145627553,3.169971665601866,1113188300.0,2.191183681415538,1.52532925111203,0.6658544303035079,163.14288378464286,173.8637710571289,184.5846583296149,12.332514367197664,0.913575672437197,93.8483386538828,94.6896945393055,0.0142857548447261,1,0.21870045701754384,0.17876233728070176,0.6025376644736842,0.6260105789473683,0.039938186403508734,0.23916666666666664,0.22767368552631576,0.235107474122807,32
2023-11-14,AAPL,185.342025756836,186.0045247766197,184.214786141562,185.5991101996175,60108400,2.610458374023437,0.0142857548447261,176.93453495748798,174.14705230712892,170.55353782653808,68.48436982232585,3.177327789045103,1173296700.0,2.637146949634825,1.577034015465054,1.0601129341697717,162.5529525371684,174.3840362548828,186.2151199725972,13.568998598497709,0.9631016804295792,95.95208130873316,95.13092984946134,0.0030410218518388,1,0.2216437692307692,0.1741033846153846,0.6042533846153846,0.63828,0.0475403846153846,0.2169230769230769,0.168211,0.2361440384615384,26
2023-11-15,AAPL,185.90565490722656,187.3789832148446,185.6782334530312,185.7474572062222,53790500,0.563629150390625,0.0030410218518388,177.78892733365356,174.2526696777344,170.773656539917,69.18504924307699,3.0958727653996427,1227087200.0,3.001457283460212,1.5530754794323522,1.4483818040278598,162.15541164251323,174.99716339111328,187.8389151397133,14.676525607331277,0.92472755001289,94.05058098000907,94.61700031420835,0.0090422195962691,1,0.2329833333333333,0.1600402,0.6069770666666667,0.6437306666666667,0.0729432,0.1586666666666666,0.2073883333333333,0.2478938,15
2023-11-16,AAPL,187.586654663086,188.82266388785249,186.5385061665612,187.4482222334322,54412900,1.680999755859375,0.0090422195962691,178.72204422217092,174.49757110595704,170.99657508850098,71.23885084575458,3.0830967807729466,1281500100.0,3.386777812896696,1.550716807095069,1.8360610058016271,161.7861045859512,175.71310272216795,189.6401008583848,15.85197452034947,0.9262782196416438,95.05474322550884,95.01913517141702,-0.000105582714499,0,0.2545105,0.1475223,0.5979675999999999,0.6537094999999999,0.1069881,0.08,0.2187158,0.2503581,10
2023-11-17,AAPL,187.5668487548828,188.24912816814668,186.4593894684262,188.12057839811112,50922700,-0.019805908203125,-0.000105582714499,179.56440655861968,174.7298306274414,171.1928945159912,71.17865609934397,2.990714060697771,1230577400.0,3.648491399545549,1.449944314995137,2.198547084550412,161.91852033639765,176.5554397583008,191.192359180204,16.580536336847686,0.876151862259493,94.22200147134738,94.4424418922884,0.0092782675707823,1,0.232477875,0.1674659375,0.6000566875,0.6000566875,0.065011875,0.31375,0.2330549375,0.2252011875,16
2023-11-20,AAPL,189.30714416503903,189.7620021367657,187.75472463510505,187.76460727588125,46505100,1.74029541015625,0.0092782675707823,180.4922863306596,174.97359100341797,171.3798223876953,73.3124992119503,2.9338882979252765,1277082500.0,3.950786391610024,1.4017914456476892,2.5489949459623342,162.0901292249767,177.4788673400879,192.8676054551991,17.341487857957826,0.8843160087745012,95.69531420405892,94.99068630030506,-0.0042307889785887,0,0.2306597246753246,0.1891384225108225,0.5802021658008658,0.623685051082251,0.04152124805194803,0.26468831168831164,0.2374818597402597,0.23227838787878782,30
2023-11-21,AAPL,188.5062255859375,189.37638084971888,187.61630503925363,189.2676114417462,38134500,-0.8009185791015625,-0.0042307889785887,181.2555186406861,175.26176818847657,171.5763645172119,70.71756914300595,2.850044548820989,1238948000.0,4.078713049833539,1.223774483096963,2.854938566736576,162.5145446100698,178.34052429199218,194.16650397391456,17.748046603262107,0.8211713112951026,95.23185782513924,95.04972450018184,0.003514505165314,1,0.26883,0.1871730769230769,0.5439972307692308,0.6079674615384616,0.0816568461538461,0.1938461538461538,0.2539344615384615,0.2355911538461538,13
2023-11-22,AAPL,189.16873168945312,190.77059476808083,188.69410838615653,189.34672485819107,39617700,0.662506103515625,0.003514505165314,182.0091579786639,175.60447296142578,171.76186294555663,71.61264283905071,2.808210594058299,1278565700.0,4.185308917954785,1.0642962809745675,3.1210126369802174,163.46882520493932,179.3508445739746,195.23286394300987,17.710559888090874,0.8090881230953597,94.32411500423808,95.08376234447876,-0.0070043933540054,0,0.2568783333333333,0.1565001666666666,0.5866218333333334,0.6271890555555556,0.1003781111111111,0.1688888888888889,0.2483240555555556,0.2516065555555555,18
2023-11-24,AAPL,187.84371948242188,188.76330300712377,187.1317770364584,188.73363999587545,24048300,-1.32501220703125,-0.0070043933540054,182.5648305028313,175.89046051025392,171.9541584777832,67.18914841913016,2.7531208839823336,1254517400.0,4.115429391643261,0.7955334037304342,3.3198959879128265,165.70279641133044,180.5027847290039,195.30277304667737,16.398626026621457,0.7480047482419888,89.20023428190929,92.9187357037622,-0.000947563085444,0,0.32726312573099414,0.1427936198830409,0.5299437134502925,0.6267144736842105,0.18446950584795319,0.3540058479532163,0.3293149824561403,0.23785703508771927,28
2023-11-27,AAPL,187.6657257080078,188.5358809364272,186.78568783853885,187.79427548166112,40552600,-0.1779937744140625,-0.000947563085444,183.05063004618148,176.18730529785157,172.15072624206542,66.59406082408594,2.681483184975616,1213964800.0,3.999582061199306,0.5437488586291832,3.455833202570122,168.0422151179792,181.5801544189453,195.11809371991143,14.91125431001795,0.7247598823488672,84.08014976137423,89.20149968250719,0.0032141187708356,1,0.19293186507936508,0.17592901190476193,0.6311393769841269,0.6311393769841269,0.017002825396825367,0.18698412698412695,0.15797578968253967,0.25067863888888886,20
2023-11-28,AAPL,188.26890563964844,188.9413024556769,187.2800983304318,187.6558499360948,38415400,0.603179931640625,0.0032141187708356,183.54760867413071,176.43775390625,172.34848808288575,67.64002472528765,2.6086061092805783,1252380200.0,3.911356118091163,0.3644183324168328,3.5469377856743303,170.24959063143734,182.58547668457032,194.9213627377033,13.5124504721086,0.7303616023445141,79.52293965533617,84.26777456620657,-0.0054096194552434,0,0.2079756875,0.191328375,0.6006962499999999,0.6036365625,0.0166474375,0.278125,0.1661974375,0.24452275,16
2023-11-29,AAPL,187.2504425048828,189.93999969621768,186.85492560121705,188.7633165390084,43014200,-1.018463134765625,-0.0054096194552434,183.90025951515472,176.64610748291017,172.52717338562013,63.99641566075257,2.6426395368320112,1209366000.0,3.716414446864548,0.1355813289521732,3.5808331179123742,172.83223751363755,183.51617660522464,194.20011569681168,11.643593811972318,0.6747607257794411,74.89662469166326,79.49990470279123,0.0030627515707959,1,0.2411348125,0.153584625,0.6052808749999999,0.6306601875,0.0875500625,0.1475,0.169786125,0.2495679375,16
2023-11-30,AAPL,187.82394409179688,188.18981305356235,186.08364867108205,187.71517468500207,48794400,0.5735015869140625,0.0030627515707959,184.2739437605492,176.93663696289062,172.71192680358888,65.1353211321574,2.604319882949746,1258160400.0,3.5670794812201336,-0.0110029093537926,3.5780823905739263,174.9463779181241,184.31754989624025,193.6887218743564,10.168507538638094,0.6870840810383646,71.70249118546887,75.37401851082278,0.0067913265086443,1,0.2706129545454545,0.1842919545454545,0.545095409090909,0.6073852727272727,0.086321,0.2713636363636363,0.2311971363636363,0.2293138636363636,22
2023-12-01,AAPL,189.0995178222656,189.4159283197641,187.11200544734405,188.19969953750024,45704800,1.27557373046875,0.0067913265086443,184.73352224261745,177.28348846435546,172.89256988525392,67.59095597572092,2.582862953626197,1303865200.0,3.511183842975271,-0.0535188380789248,3.564702681054196,176.3780032087612,185.0049507141113,193.63189821946145,9.326180161179987,0.7373126245184058,72.52565449402162,73.04159012371791,-0.0094646693175551,0,0.1814721818181818,0.1764348181818182,0.6420936363636364,0.6420936363636364,0.0050372727272727,0.1381818181818181,0.144969,0.2355267272727273,11
2023-12-04,AAPL,187.30975341796875,187.92282418358675,185.3519192531924,187.8536004326293,43389500,-1.789764404296875,-0.0094646693175551,184.9788775926509,177.57755920410156,173.07224105834962,61.0893776149251,2.666058354729555,1260475700.0,3.284604244087632,-0.2240787495732514,3.508682993660883,178.47053687064115,185.64828872680664,192.82604058297213,7.732634548253777,0.615737122462304,65.3755732663599,69.86790631528346,0.0210632011712403,1,0.2505072687728937,0.1548994352106227,0.5945936760531135,0.6281483635531135,0.09560776625457873,0.20803113553113547,0.2218614661172161,0.2505163443223443,43
2023-12-05,AAPL,191.25509643554688,192.2241233156588,188.05135551468544,188.081033613139,66628400,3.945343017578125,0.0210632011712403,185.57661272054577,177.92505950927733,173.2773508453369,68.32289163309714,2.8266520363695906,1327104100.0,3.3843814458589634,-0.0994412382415359,3.4838226841005,179.97542093992942,186.36150588989256,192.7475908398557,6.853437805698173,0.8831448049937481,71.24275643845914,69.71466139961355,-0.00568704846158,0,0.2913463571428571,0.1614167857142857,0.5472373571428572,0.6575775714285713,0.1299295714285714,0.2642857142857143,0.2788380714285714,0.2387702142857143,14
2023-12-06,AAPL,190.1674194335937,192.5800964734148,189.9597632703297,192.27356863697847,41089700,-1.087677001953125,-0.00568704846158,186.01383240750272,178.33217590332032,173.49706336975098,64.74921292257872,2.8119149768492657,1286014400.0,3.337219761098254,-0.1172823384017962,3.45450209950005,181.12463564843503,186.89245681762696,192.66027798681887,6.17234239134675,0.7838994587297183,66.57669880995911,67.73167617159271,0.0101393650164987,1,0.2993449,0.1358789,0.5647766,0.61835185,0.163466,0.1995,0.20921425,0.2341196,20
2023-12-07,AAPL,192.09559631347656,192.817421410012,191.42319951100376,191.46276025185608,47477700,1.9281768798828125,0.0101393650164987,186.59304801759544,178.80807403564452,173.72429924011232,67.94967920114148,2.800349762532763,1333492100.0,3.416053408628557,-0.0307589526971949,3.4468123613257515,182.03968354975493,187.4669853210449,192.89428709233488,5.790141407560893,0.926419166234377,80.95058177249145,72.92334567363658,0.0074123987612533,1,0.2470849285714285,0.1607022142857142,0.592213357142857,0.6545482857142858,0.0863827142857142,0.2178571428571428,0.1955977857142857,0.2352332142857142,14
2023-12-08,AAPL,193.5194854736328,193.79635031367133,191.50231010992096,192.02637677770835,53406400,1.42388916015625,0.0074123987612533,187.25270872769423,179.30731506347655,173.9562417602539,70.10798800053682,2.764184794048308,1386898500.0,3.552474878488084,0.0845300137298661,3.467944864758218,183.21437124509384,188.13640747070312,193.0584436963124,5.232412260636763,1.0468344559230989,84.55791615537261,77.36173224594104,-0.0129274268079627,0,0.3540225555555555,0.1359500555555555,0.5100276666666667,0.6340987222222222,0.2180726666666666,0.3238888888888889,0.2987983333333333,0.2225469444444444,18
2023-12-11,AAPL,191.0177764892578,191.3243194093573,189.2774811684409,190.9485678278168,60943700,-2.501708984375,-0.0129274268079627,187.611286609748,179.74625122070313,174.18892135620118,62.18462573024769,2.869743330558567,1325954800.0,3.419307223601777,-0.0389101129251532,3.45821733652693,183.72663371741405,188.47161178588868,193.2165898543633,5.0352177959459725,0.7683009980895067,84.71610266807112,83.40820019864505,0.0079201721670281,1,0.24949535947712417,0.14699320647653,0.603511894533571,0.6572495415923946,0.10250211378490787,0.17380570409982168,0.23954422875816994,0.23046272430184192,34
2023-12-12,AAPL,192.5306701660156,192.54055280703432,189.57413099725628,190.9189094878757,52696900,1.5128936767578125,0.0079201721670281,188.07979932939247,180.16528045654297,174.42320747375487,64.77714986034952,2.876648936217101,1378651700.0,3.3966938018384667,-0.0492188277507708,3.445912629589237,184.68837587461053,188.96156692504883,193.2347579754872,4.522815004104248,0.9176156879998046,82.94292502297274,84.07231461547217,0.016691565571828,1,0.2023066470588235,0.2263721764705882,0.5713214705882352,0.6088752352941176,-0.0240654117647058,0.3223529411764705,0.1852917058823529,0.2415544117647058,17
2023-12-13,AAPL,195.7443084716797,195.78385412672148,192.66911702808835,192.90642113434447,70404200,3.2136383056640625,0.016691565571828,188.80975258103885,180.67524475097656,174.67607299804686,69.55225376994697,2.903544295109155,1449055900.0,3.5966265835089644,0.1205711631357813,3.476055420373183,184.60736184465924,189.481681060791,194.3560002769228,5.144897584656692,1.1424104714112948,83.90945339866805,83.85616036323731,0.0007577777848801,1,0.2919259375,0.1439099375,0.5641645,0.631725625,0.1480159375,0.205,0.2252876875,0.2378798125,16
2023-12-14,AAPL,195.89263916015625,197.3857329370989,193.96446770304377,195.80365011321348,66831600,0.1483306884765625,0.0007577777848801,189.48431320762143,181.1632907104492,174.94002082824707,69.75605904171964,2.940524362176728,1515887500.0,3.72411452625164,0.1984472847027651,3.5256672415488746,184.6496070660532,189.9810302734375,195.3124534808219,5.61258479303004,1.0544118949824477,90.74169660592446,85.8646916758551,-0.0027260434241417,0,0.2401984,0.1872230666666667,0.5725787333333333,0.5838240666666666,0.0529753333333333,0.3873333333333333,0.2149178666666666,0.2159152,15
2023-12-15,AAPL,195.358627319336,196.1793239404845,194.7950000262589,195.3190665857872,128538400,-0.5340118408203125,-0.0027260434241417,190.0437716944514,181.61596801757813,175.198344039917,67.99156634027625,2.829367187323074,1387349100.0,3.738958955329309,0.1706333710243472,3.568325584304962,184.6725120115862,190.36962890625,196.0667458009138,5.985321216830666,0.937852909228428,90.12278349425362,88.25797783294871,-0.0085031480455827,0,0.2025800769230769,0.1675171153846154,0.6299033076923077,0.6458399615384616,0.0350629615384615,0.1869230769230769,0.1468711153846154,0.2433782307692307,26
2023-12-18,AAPL,193.6974639892578,194.4291868327445,192.21425301938103,193.8952224343076,55751900,-1.661163330078125,-0.0085031480455827,190.3917423891949,181.98446746826173,175.4231502532959,62.68010779296953,2.8518676953682047,1331597200.0,3.5754655334856125,0.00571195934452,3.5697535741410924,184.9555759186908,190.6761596679688,196.3967434172468,6.000313577994745,0.7640730783523931,80.03274070910403,86.9657402697607,0.0053601038651089,1,0.21424568521303256,0.18043400601503753,0.6053207729323308,0.6516289659147869,0.033811649122806965,0.1685964912280702,0.2491141438596491,0.22528418195488722,31
2023-12-19,AAPL,194.73570251464844,194.74558515548247,193.69745188302565,193.96443406555755,40714100,1.038238525390625,0.0053601038651089,190.80545287733327,182.34410614013672,175.6393601989746,64.54439630082626,2.7230295223031065,1372311300.0,3.489448797217733,-0.0642438215386875,3.5536926187564206,185.00187291769848,190.9475875854492,196.89330225319995,6.22758814911974,0.8185584190362997,76.82805798231104,82.32786072855623,-0.0107139059655785,0,0.2910463043478261,0.1736628695652174,0.5352911304347826,0.6254422173913043,0.1173834782608695,0.3326086956521739,0.2634035217391304,0.2202593478260869,23
2023-12-20,AAPL,192.6493225097656,195.46741418063525,192.6493225097656,194.696145715934,52242800,-2.0863800048828125,-0.0107139059655785,190.98105950899355,182.67386749267573,175.8561190032959,58.24744182727594,2.729819675772143,1320068500.0,3.2158560969349423,-0.2702692174571828,3.486125314392125,185.27537162711573,191.1547424316406,197.0341132361655,6.151425520219484,0.6271037435651067,69.32335808490551,75.3947189254402,-0.0007700309834108,0,0.2810174347826087,0.1816884782608696,0.5372943913043479,0.6011303913043478,0.0993290869565217,0.3391304347826087,0.2663770434782608,0.2413391304347826,23
2023-12-21,AAPL,192.5009765625,194.8741228719849,191.3341913202036,193.9050960501454,46482500,-0.148345947265625,-0.0007700309834108,191.1258135140894,182.97281494140623,176.06588249206544,57.8155414681158,2.787684809772802,1273586000.0,2.9530210442598843,-0.4264834161057931,3.3795044603656774,185.48786652226127,191.32135467529287,197.1548428283247,6.0981045873652695,0.6011077640222824,66.00912078051729,70.72017894924461,-0.0055474334292134,0,0.1900944166666666,0.1861485416666667,0.6237576666666667,0.656575375,0.0039459166666666,0.14875,0.1414258333333333,0.2488682916666666,24
2023-12-22,AAPL,191.4330902099609,193.22282892375424,190.81013681243016,192.9953923922105,37149600,-1.0678863525390625,-0.0055474334292134,191.15507796131527,183.23243103027343,176.28153350830078,54.67277671479794,2.760899617026467,1236436400.0,2.6282559686651155,-0.6009987933604499,3.2292547620255654,185.8897220836945,191.5008232116699,197.1119243396453,5.860132644728445,0.4939643752479103,52.09257189959277,62.47501692167185,-0.0028409600407596,0,0.2318454285714286,0.1792123571428571,0.5889425714285714,0.5889425714285714,0.0526330714285714,0.3692857142857143,0.2032888571428571,0.2480257857142857,14
2023-12-26,AAPL,190.8892364501953,191.71983089218512,190.67169765519787,191.4429660781885,28919300,-0.543853759765625,-0.0028409600407596,191.129759722161,183.5179055786133,176.5047563934326,53.08999245624031,2.6385591613093795,1207517100.0,2.3004744161389965,-0.7430242767092556,3.043498692848252,186.32217115285823,191.6619987487793,197.0018263447004,5.572129718755786,0.4276416434142669,38.50495298697458,52.20221522236155,0.00051806070239,1,0.20573541154188946,0.1899413028074866,0.6043237156862744,0.6491912250445633,0.015794108734402873,0.164879679144385,0.17821368404634577,0.22932427918894827,33
2023-12-27,AAPL,190.9881286621093,191.3342172608312,188.95118798803827,190.33552729492325,48087700,0.0988922119140625,0.00051806070239,191.11627104977515,183.80792510986328,176.71877334594726,53.354431525687424,2.6203070264153494,1255604800.0,2.0253381122198,-0.8145284645027622,2.839866576722561,186.6766298944256,191.7979598999024,196.9192899053791,5.3403383520341166,0.4209354565194071,26.752252994302413,39.11659262695659,0.0022263237982078,1,0.3118415416666666,0.1795656666666666,0.508593125,0.6261377083333334,0.1322759583333333,0.3245833333333333,0.28592025,0.2500559166666666,24
2023-12-28,AAPL,191.413330078125,192.4812438348005,191.0079154404236,191.9670597842524,34049900,0.425201416015625,0.0022263237982078,191.14456238580848,184.13745727539063,176.92447738647462,54.54101194109606,2.5397933225779044,1289654700.0,1.8206139060140167,-0.8154021365668354,2.6360160425808528,187.32119981594403,192.0061042785645,196.6910087411849,4.879953666289202,0.4367357215959208,24.40636896908188,29.887858316786293,-0.0054242253794183,0,0.2328049,0.2106492999999999,0.5565463,0.68271135,0.0221556,0.1775,0.1972742,0.24225765,20
2023-12-29,AAPL,190.37506103515625,192.2241257878035,189.58401220758475,191.72972215657148,42672100,-1.03826904296875,-0.0054242253794183,191.0712765428892,184.47209625244145,177.12302017211914,51.12130710979462,2.5469590552665364,1246982600.0,1.5566448304192306,-0.8634969697292978,2.4201418001485284,187.7842675826167,192.13366012573243,196.48305266884816,4.527465453236544,0.2978339419651008,23.407529578444905,24.8553838472764,-0.0357864675924664,0,0.2270574,0.20478265,0.5681602499999999,0.65327515,0.0222746999999999,0.2024999999999999,0.2082369,0.24339505,20
2024-01-02,AAPL,183.5622100830078,186.3308738952772,181.83179708633995,185.05530386559408,82488700,-6.8128509521484375,-0.0357864675924664,190.35612735623383,184.67798309326173,177.27341606140138,35.42546413397863,2.9752665476629483,1164493900.0,0.7886166202471827,-1.3052201439210769,2.09383676416826,186.2475750971825,191.8567947387696,197.46601438035657,5.847298396936626,-0.2393706420644739,19.065951194716128,22.293283247414305,-0.0074876559994141,0,0.23436166770833333,0.1793389270833333,0.586299928125,0.6599160010416667,0.055022745833333275,0.193125,0.19583963229166665,0.23536888333333333,57
2024-01-03,AAPL,182.1877593994141,183.79952025374087,181.3769301071996,182.15809638511385,58414500,-1.37445068359375,-0.0074876559994141,189.57818755082243,184.90733612060544,177.42112525939942,33.210134833274786,2.935789661868547,1106079400.0,0.0682552429852307,-1.620465216946423,1.688720459931654,184.8357908489836,191.6006950378418,198.36559922670003,7.061461011424966,-0.1957183262056257,11.023861070040178,17.832447281067072,-0.012700319610193,0,0.1973595714285714,0.2207727857142857,0.5818680714285714,0.6587017857142857,-0.0234131785714285,0.2660714285714285,0.2496656428571428,0.2325096785714286,28
2024-01-04,AAPL,179.87391662597656,181.04070184894312,178.85544644389557,180.11122069139344,71983600,-2.3138427734375,-0.012700319610193,188.6539712722657,185.08804260253908,177.5454473876953,29.828382396389184,2.964112754272114,1034095800.0,-0.6814883392803495,-1.8961670393696028,1.2146787000892534,182.5494078700935,191.0316360473633,199.5138642246331,8.880443420551314,-0.1577115816859629,7.228794906983018,12.439535723913108,-0.0040129054292095,0,0.2026037916666666,0.2577795833333333,0.539616875,0.6177313333333333,-0.05517575,0.3654166666666666,0.2909370833333333,0.2324287916666666,24
2024-01-05,AAPL,179.152099609375,180.7144169560074,178.15340966673114,179.953046197359,62379700,-0.7218170166015625,-0.0040129054292095,187.7490311138952,185.2456228637696,177.65690322875977,28.841716250481,2.935319506772411,971716100.0,-1.3187088755502998,-2.0267100605116424,0.7080011849613428,180.54054182876635,190.4808700561524,200.4211982835384,10.437088222513546,-0.0698388517778586,5.367147985171634,7.873267987398276,0.0241748681874116,1,0.2556108888888889,0.1784725,0.5659168888888888,0.6218166111111111,0.0771383333333333,0.2333333333333333,0.1772391111111111,0.2322477777777777,18
2024-01-08,AAPL,183.4830780029297,183.5226387437428,179.46852282651062,180.0519155054874,59144500,4.330978393554688,0.0241748681874116,187.34274986523167,185.536037902832,177.79715393066405,41.37267233794725,3.037835194457791,1030860600.0,-1.457436559175676,-1.732350195309615,0.274913636133939,179.6897074219756,190.050244140625,200.4107808592744,10.902944919116512,0.1830682465574322,13.939653412133824,8.845198768096159,-0.0022634987663358,0,0.21805287781954885,0.18976331390977438,0.5921841447368421,0.6159119692982457,0.0282894329573935,0.30414160401002505,0.16383026879699247,0.22020561027568922,30
2024-01-09,AAPL,183.06776428222656,183.0776469225398,180.68473531069785,181.86141829199207,42841800,-0.415313720703125,-0.0022634987663358,186.9356083811361,185.90129486083984,177.9299115753174,40.63371357512436,3.0207285871559377,988018800.0,-1.5826478154149015,-1.4860491612390725,-0.096598654175829,178.86969325426378,189.52765808105468,200.1856229078456,11.2468701768402,0.1969452468734979,21.56880372082435,13.625201706043269,0.0056716678909465,1,0.2449057142857142,0.1724121428571428,0.5826826190476191,0.6426189523809525,0.0724937619047619,0.2328571428571428,0.273150619047619,0.2338000476190476,21
2024-01-10,AAPL,184.10606384277344,184.31370496059992,181.86146667843008,182.28666173303463,46792900,1.038299560546875,0.0056716678909465,186.66612794891105,186.26104949951173,178.06136093139648,43.357542286492034,2.9801221367997885,1034811700.0,-1.5798846145852965,-1.1866287683275738,-0.3932558462577225,178.29404495175675,189.18207244873048,200.0700999457042,11.51063349295365,0.266899532198651,31.18222807194307,22.23022840163375,-0.0032226396172582,0,0.2085417368421052,0.2160931578947368,0.5753654210526316,0.6274416315789474,-0.0075513157894736,0.261578947368421,0.2018421052631579,0.251216947368421,19
2024-01-11,AAPL,183.51275634765625,184.9564217479187,181.56480461990645,184.45212033242825,49128400,-0.5933074951171875,-0.0032226396172582,186.3658068440297,186.56805541992188,178.19954429626466,42.16697430823661,3.00951463617211,985683300.0,-1.6070447034080928,-0.9710310857202962,-0.6360136176877966,177.6893688100695,188.7311767578125,199.7729847055555,11.70109585223674,0.2636971936637003,31.605471031474394,28.11883427474727,0.0017780450351601,1,0.2307285714285714,0.1745133571428571,0.5947582857142857,0.6115236428571428,0.0562150714285714,0.2292857142857143,0.1691903571428571,0.2272095714285714,14
2024-01-12,AAPL,183.83905029296875,184.64987951630312,183.1172251929773,183.97748271061096,40477800,0.3262939453125,0.0017780450351601,186.12516336297625,186.8721075439453,178.34246116638184,43.09246735689929,2.904024613825945,1026161100.0,-1.5839809288892468,-0.7583738489611601,-0.8256070799280867,177.3909639646654,188.13591384887687,198.8808637330885,11.422539869599388,0.3000519498828963,34.72079191095256,32.50283033812334,-0.0123170703770461,0,0.1956863333333333,0.1572475555555555,0.6470666666666667,0.6470666666666667,0.0384388888888888,0.1633333333333333,0.1977013333333333,0.2419644444444444,9
2024-01-16,AAPL,181.5746917724609,182.1976301200088,178.90489995610474,180.12114381484557,65603000,-2.2643585205078125,-0.0123170703770461,185.6917851162605,187.06767181396484,178.4586930847168,38.48928718353821,3.049033594042949,960558100.0,-1.7284925438920595,-0.7223083711711782,-1.0061841727208811,176.93285855388947,187.4200164794921,197.90717440509488,11.191075662668318,0.2213103517416848,31.220124282845177,32.51546240842404,-0.0051735008986376,0,0.19775998148148144,0.18389473677248674,0.6183457757936508,0.6457616507936508,0.013865263227513228,0.2399801587301587,0.1819276243386243,0.22270751256613752,59
2024-01-17,AAPL,180.63531494140625,180.8825167727283,178.281963767062,179.24110807963172,47317400,-0.9393768310546876,-0.0051735008986376,185.2102165281792,187.17334808349608,178.56239898681642,36.73609725954868,3.066440337711234,913240700.0,-1.89695201745252,-0.7126142757853109,-1.1843377416672092,176.4654924473458,186.6838508605957,196.9022092738456,10.94723337465365,0.204035830679688,26.31016510116772,30.75036043165515,0.032570723246841,1,0.2508402608695652,0.205232,0.5439281304347826,0.6165799565217391,0.0456083478260869,0.32,0.3021544347826086,0.2254318695652173,23
2024-01-18,AAPL,186.51873779296875,187.0230241166397,183.7500741577492,184.00715864056133,78005800,5.8834228515625,0.032570723246841,185.33483760101623,187.41486297607423,178.6830149078369,51.60462216494382,3.3036738261056784,991246500.0,-1.53798537162794,-0.2829181039685844,-1.2550672676593555,176.62611018091513,186.32491455078124,196.02371892064733,10.41063605825273,0.5099921204096923,33.19533001119593,30.24187313173628,0.0155329502739434,1,0.27958475,0.1762654375,0.5441501875,0.6348640624999999,0.1033192499999999,0.315,0.3241395625,0.23532725,16
2024-01-19,AAPL,189.4159240722656,189.80155831594573,186.70660172518024,187.2108880167613,68903000,2.897186279296875,0.0155329502739434,185.72351250304,187.66336639404287,178.81186317443849,56.96795699009285,3.3021843044536325,1060149500.0,-1.0081022237402235,0.1975720351353054,-1.2056742588755291,177.02862093192414,186.0589256286621,195.08923032540008,9.706929851632838,0.6858740405966682,51.916548244700245,37.1406811190213,0.0121633903306721,1,0.2364086666666666,0.2018156666666666,0.5617760952380952,0.6608585714285714,0.0345929523809523,0.1880952380952381,0.2159161904761904,0.2363521904761905,21
2024-01-22,AAPL,191.7198638916016,193.143748944668,190.1081030206995,190.1476637655088,60133900,2.303939819335937,0.0121633903306721,186.2945935876649,187.90679565429687,178.95488998413086,60.698088103707214,3.332587202164257,1120283400.0,-0.3976731938100499,0.6464008520523834,-1.0440740458624334,177.1096249348479,186.0124526977539,194.91528046065991,9.57229221354546,0.8205392346029549,76.30956533387109,53.80714786325576,0.0066531614773721,1,0.2381220214285714,0.16634730714285714,0.5955310190476191,0.6296151547619048,0.07177472619047613,0.20188095238095238,0.19888118809523805,0.23062895952380955,45
2024-01-23,AAPL,192.9954071044922,193.55903452389103,191.66052626402544,192.83720939883847,42355600,1.275543212890625,0.0066531614773721,186.93276630355325,188.1546032714844,179.11350273132325,62.62947829604307,3.2301529920000687,1162639000.0,0.1868677918508297,0.9847534701706104,-0.7978856783197807,177.05997869278434,186.03717422485352,195.0143697569227,9.650969565060048,0.8875504802575495,88.96165313929426,72.39592223928854,-0.0034839886032317,0,0.2083237142857143,0.1694124285714286,0.6222640714285713,0.6222640714285713,0.0389113571428571,0.2685714285714285,0.1454720714285714,0.2219186428571428,14
2024-01-24,AAPL,192.3230133056641,194.18197579456825,192.1648005219272,193.23271418014863,53631300,-0.672393798828125,-0.0034839886032317,187.44612316089712,188.39844268798828,179.2643214416504,60.92967597038631,3.1435117263315657,1109007700.0,0.5890736993213466,1.109567502112902,-0.5204938027915553,176.9898447809956,186.08167037963867,195.1734959782817,9.77186584803776,0.843239256973699,91.74830811190245,85.67317552835591,-0.0016965933494079,0,0.2803101818181818,0.1597032727272727,0.5599868181818182,0.6296585,0.1206069545454545,0.3063636363636364,0.2959148636363636,0.2245591818181818,22
2024-01-25,AAPL,191.9967193603516,194.07322080915367,190.94858599423333,193.03497008475264,54822100,-0.3262939453125,-0.0016965933494079,187.87951327513088,188.5521032714844,179.42645935058593,60.07755379955175,3.142163375516476,1054185600.0,0.871450050570246,1.1135550826894411,-0.2421050321191951,176.91619585940688,186.13704452514648,195.35789319088607,9.907591139918296,0.817740538188037,90.37003243075856,90.35999789398508,-0.0090126941783625,0,0.2532136896551724,0.1621316551724138,0.5846548620689656,0.6241803103448276,0.0910821034482758,0.2527586206896551,0.2499759310344827,0.2433915517241379,29
2024-01-26,AAPL,190.2663116455078,192.5801172619257,189.79168833424328,192.0956113086777,44594000,-1.73040771484375,-0.0090126941783625,188.1068274056429,188.70279815673828,179.58600173950197,55.63393413947705,3.116896629242621,1009591600.0,0.9447158066259078,0.9494566709960824,-0.0047408643701745,176.95095881924146,186.1009536743164,195.2509485293913,9.833366970367887,0.7276153176677004,83.38062646086605,88.49965566784236,-0.0035859290498667,0,0.2433688571428571,0.1543307619047619,0.6023006666666666,0.612225380952381,0.0890380476190476,0.1528571428571428,0.2961188095238095,0.2436596666666666,21
2024-01-29,AAPL,189.5840301513672,190.04877081575225,187.4581003710548,189.86089500402176,47145600,-0.682281494140625,-0.0035859290498667,188.24751338142624,188.7876382446289,179.7455795288086,53.93985291592735,3.09484767532908,962446000.0,0.936924746377656,0.7533324885982644,0.1835922577793916,177.0389235785254,186.0094886779785,194.9800537774316,9.645276876152302,0.6992372517092933,77.60727105169497,83.78597664777318,-0.0192458835023705,0,0.2172208939393939,0.15561969696969694,0.6271598636363636,0.6471583383838383,0.061601282828282804,0.14934343434343425,0.17593606565656564,0.24417639898989896,42
2024-01-30,AAPL,185.9353179931641,189.6532430962833,185.37170567810733,188.80286821503816,55859400,-3.648712158203125,-0.0192458835023705,188.02730429682984,188.78823150634764,179.8600283050537,45.89180912440545,3.179611228389573,906586600.0,0.6290780769090816,0.3563886553037519,0.2726894216053296,177.04316731007475,185.7875015258789,194.53183574168304,9.413264233585831,0.5084521281802112,64.86319724230141,75.2836982516208,-0.0193574192580548,0,0.2736232,0.192118,0.53425912,0.62523984,0.08150524,0.3616,0.3510092,0.22142396,25
2024-01-31,AAPL,182.33609008789065,185.005882307602,182.28666178515888,184.9465411859158,55467800,-3.599227905273437,-0.0193574192580548,187.4852838959785,188.6832202148437,179.95820449829102,39.61305674346848,3.21311444121926,851118800.0,0.0936007898460218,-0.1432709054074462,0.236871695253468,176.90347423635245,185.72619552612304,194.5489168158936,9.500782875326424,0.3078764291147316,48.2380073915049,63.56949189516709,0.0133405547877925,1,0.244634619047619,0.1766114761904761,0.5787542857142858,0.623804380952381,0.068023,0.3085714285714285,0.2989999523809524,0.2472200476190476,21
2024-02-01,AAPL,184.7685546875,184.85754373397813,181.7625867762094,181.9306822266693,64885400,2.432464599609375,0.0133405547877925,187.2265477808853,188.6272543334961,180.068444442749,45.08167175663643,3.2046746209727943,916004200.0,-0.1329566127541852,-0.2958626464061227,0.1629060336519374,177.1688600358897,185.85523529052733,194.54161054516496,9.347463622490006,0.4374491332016103,38.1426786258481,50.41462775321813,-0.0054053219293562,0,0.2770030555555556,0.1941077222222222,0.5288893888888889,0.6007607222222222,0.0828953055555555,0.3966666666666667,0.3231993055555555,0.2508922777777778,36
2024-02-02,AAPL,183.7698211669922,185.2332515745558,177.24368771791086,177.84686070362292,102551700,-0.9987335205078124,-0.0054053219293562,186.8973357224193,188.51650787353515,180.1675849151612,43.345986492315056,3.5464524235208046,813452500.0,-0.3886147262534791,-0.4412166079243332,0.0526018816708541,177.74245023434278,186.0500305175781,194.3576108008135,8.930479893095688,0.3627633274163238,34.94088449275382,40.440523503368944,0.0098467734442508,1,0.4094536296296296,0.1671179629629629,0.4234285555555555,0.6494372962962963,0.2423357407407407,0.4155555555555555,0.5193260370370371,0.2376088518518518,27
2024-02-05,AAPL,185.5793609619141,187.13179578344227,183.75995901240583,186.04410163536497,69668800,1.809539794921875,0.0098467734442508,186.77181431665693,188.4579705810547,180.2700611114502,47.30463189968668,3.5339798769147768,883121300.0,-0.4401372563089865,-0.3941913103838724,-0.045945945925114,178.68173760585728,186.37139358520508,194.0610495645529,8.25197025296938,0.4485001263113595,42.8456800543691,38.64308105765701,0.0086317124246915,1,0.22190304962406016,0.18055013258145358,0.5975472498746868,0.6479158012531329,0.04135296967418547,0.21645864661654132,0.22361044285714282,0.2342731,38
2024-02-06,AAPL,187.1812286376953,187.19111127921155,184.67954732588265,184.7685363635356,43490800,1.60186767578125,0.0086317124246915,186.81080615675583,188.4182205200196,180.3853722381592,50.595607527370746,3.460950168087213,926612100.0,-0.3477037857054483,-0.2414062718242674,-0.1062975138811808,178.97627875012736,186.55630111694336,194.13632348375936,8.126257136781927,0.5412220103391631,48.80333341172558,42.196632652949496,0.0005809844846083,1,0.2510905,0.1665198,0.58239,0.5917737,0.0845708,0.195,0.2117370999999999,0.2370452,10
2024-02-07,AAPL,187.2899780273437,188.91162125480523,186.49892923853312,188.5062066759397,53439000,0.1087493896484375,0.0005809844846083,186.8564415730023,188.407145690918,180.50925331115724,50.82016327714268,3.386074585814705,980051100.0,-0.2626467986144121,-0.1250794277865849,-0.1375673708278271,179.3544402876836,186.7674118041992,194.18038332071484,7.938185195056556,0.5352467443035693,55.730749067940735,49.12658751134514,-0.0057545740525113,0,0.2606465,0.1652252083333333,0.5741284583333334,0.6181970833333333,0.0954214166666666,0.2670833333333333,0.2548265,0.2447855833333333,24
2024-02-08,AAPL,186.2122039794922,187.418535043408,185.2530596605407,187.2702199788289,40962000,-1.0777740478515625,-0.0057545740525113,186.7950856117156,188.37807525634764,180.6262190246582,48.468868522131686,3.2988889284613188,939089100.0,-0.2789898604245593,-0.1131379916773857,-0.1658518687471736,179.55473514111057,186.8727188110352,194.1907024809597,7.832051373239235,0.4548704355369397,56.97613863488727,53.83674037151786,0.0040941187614838,1,0.2590393076923077,0.2270263461538461,0.5139345,0.6171421538461538,0.0320129615384615,0.3476923076923077,0.2950077307692307,0.2362561923076923,26
2024-02-09,AAPL,186.97457885742188,188.10325716765925,186.1330139747395,186.77655292696195,45155200,0.7623748779296875,0.0040941187614838,186.8121802065448,188.3521887207031,180.75467819213867,50.22324633708087,3.2039856616369216,984244300.0,-0.2277986523734227,-0.0495574269009993,-0.1782412254724234,179.89198240259876,187.04580993652343,194.1996374704481,7.649278576571611,0.4950214707606689,56.56946672223942,56.42545147502248,-0.0090020325511773,0,0.2810058333333333,0.1559232777777777,0.5630713333333334,0.6163772222222222,0.1250825555555555,0.2266666666666666,0.2546160555555555,0.2491467777777777,18
2024-02-12,AAPL,185.2914276123047,186.79633688725167,184.9350021289556,186.54881961012745,41781900,-1.6831512451171875,-0.0090020325511773,186.66734662614093,188.3130084228516,180.8747710418701,46.46232991833645,3.120813594981877,942462400.0,-0.3193640598940135,-0.112898267537272,-0.2064657923567414,180.0675377685881,187.11842880249023,194.1693198363924,7.53628713005557,0.3704418220760366,52.63646317037663,55.3940228425011,-0.0112744033541571,0,0.27694251666666664,0.1543024611111111,0.5687553777777777,0.6561665722222223,0.12264011666666663,0.23816666666666667,0.2618086833333333,0.2485189888888889,26
2024-02-13,AAPL,183.202377319336,184.3607714461939,181.68757282391297,183.9251386304961,56529500,-2.08905029296875,-0.0112744033541571,186.3373495493024,188.22057708740235,180.9615216064453,42.23494963496104,3.1553165373682943,885932900.0,-0.5541117494430523,-0.2781167656690487,-0.2759949837740036,180.37273035280583,187.199813079834,194.0268958068621,7.29389908537637,0.2072369033502149,46.78911760968544,51.99834916743382,-0.0048097877531649,0,0.163125,0.2312753846153846,0.6056001538461538,0.6756316923076924,-0.0681504615384615,0.1884615384615384,0.1636994615384615,0.2394121538461538,13
2024-02-14,AAPL,182.3212127685547,183.6875129162611,180.6282031229016,183.4796068721132,54630500,-0.88116455078125,-0.0048097877531649,185.95486033208832,188.0850109863281,181.0376128387451,40.55866861172712,3.148458912796241,831302400.0,-0.8020085444575216,-0.4208108485468144,-0.3811976959107072,180.7478814539715,187.28410797119145,193.82033448841133,6.98001190600255,0.1203547115784764,38.67529284658816,46.033624542216735,-0.0015747447630488,0,0.1840358333333333,0.2046086666666666,0.6113558333333333,0.6169869166666667,-0.0205727499999999,0.1591666666666666,0.2068301666666666,0.2330359166666666,12
2024-02-15,AAPL,182.0341033935547,182.6578517542401,179.54903541760635,181.727184392981,65434500,-0.287109375,-0.0015747447630488,185.5814549093708,187.97949798583983,181.11271179199213,40.00157651714027,3.145627300213209,765867900.0,-1.009993293606101,-0.503036478156315,-0.5069568154497859,180.13770253637193,187.05987625122071,193.9820499660695,7.401024584825801,0.1369801550280931,35.30800798025507,40.25747281217622,-0.008430326543131,0,0.234182375,0.1716686875,0.594149,0.594149,0.0625138125,0.294375,0.294429375,0.2279326875,16
2024-02-16,AAPL,180.4994964599609,183.0142804515248,179.86585283584154,181.5984737728991,49752500,-1.53460693359375,-0.008430326543131,185.0974588665699,187.7643859863281,181.18530792236328,37.070630975003255,3.145827322746784,716115400.0,-1.283853199537873,-0.6215171072704697,-0.6623360922674033,179.22358895437307,186.61405487060543,194.00452078683784,7.920588748105593,0.0863211819153017,32.25139308521394,35.41156463735239,-0.0041139669876657,0,0.3389894444444444,0.1967085555555555,0.4643023333333334,0.6590627222222223,0.1422809444444444,0.2972222222222222,0.3889267777777777,0.2319096666666666,18
2024-02-20,AAPL,179.75692749023438,180.61828269677792,178.21242224791314,179.98463913307552,53665600,-0.7425689697265625,-0.0041139669876657,184.58883683072844,187.5561761474609,181.25955841064453,35.707267717985104,3.092972546040927,662449800.0,-1.5430212692969576,-0.7045481416236434,-0.8384731276733142,178.44107801839047,186.01590805053712,193.59073808268377,8.144281971936193,0.0868566995074213,28.39542899258249,31.98494335268384,0.0041859675482045,1,0.204703840625,0.19586525312499997,0.59943125,0.6366989,0.008838621875000003,0.1815625,0.1989712,0.24426025625,39
2024-02-21,AAPL,180.50938415527344,181.0737156195715,178.8658660184515,180.13315310757224,41371400,0.7524566650390625,0.0041859675482045,184.20031752830417,187.3244519042969,181.34574508666992,38.18802133375889,3.0297494785465746,703821200.0,-1.6684638547256156,-0.663992581641841,-1.0044712730837746,178.17075362953454,185.39160690307617,192.6124601766178,7.789838379594742,0.1619358846625519,25.254888419510152,28.6339034991022,0.0112439171949836,1,0.208759375,0.154731375,0.63650975,0.63650975,0.0540279375,0.126875,0.189466,0.222548,16
2024-02-22,AAPL,182.5390167236328,183.1231689152353,180.6479964148563,181.65785591778803,52292200,2.029632568359375,0.0112439171949836,184.04209840404977,187.1048425292969,181.4037706756592,44.417870672965,3.000037712933384,756113400.0,-1.585823238372143,-0.4650815722306947,-1.1207416661414482,178.3295818587685,184.90240707397464,191.4752322891807,7.109507463119683,0.320215031363214,31.63732229701996,28.42921323637087,-0.0100340411424442,0,0.2275001,0.1690442,0.603456,0.6270607,0.0584559999999999,0.19,0.2476451,0.2413879,10
2024-02-23,AAPL,180.70741271972656,183.2023759242145,180.42028422645075,183.17267506039363,45119700,-1.83160400390625,-0.0100340411424442,183.72450929125708,186.89863525390624,181.45298294067385,40.45528215438827,2.984470140421271,710993700.0,-1.6491151177415873,-0.4226987612801112,-1.226416356461476,178.38972444358453,184.33794174194333,190.28615904030207,6.453600644717841,0.1948220920561787,32.2305547687005,29.70758849507688,-0.0074511681783112,0,0.2513953333333333,0.1504736,0.5981314,0.6207144,0.1009217333333333,0.2026666666666666,0.1968899999999999,0.2233104666666666,15
2024-02-26,AAPL,179.36093139648438,180.94503297704767,178.85598645977296,180.4302078946742,40867400,-1.3464813232421875,-0.0074511681783112,183.30893044413588,186.6352404785156,181.5039813232422,37.786510236555074,2.9205113101965168,670126300.0,-1.787321053372409,-0.4487237575287464,-1.3385972958436627,178.12548398216776,183.79267272949207,189.4598614768166,6.16693654122484,0.1090000235919341,26.47918458383764,30.115687216519365,0.0081142715386779,1,0.1923473896825397,0.16258452619047617,0.6450685666666667,0.6450685666666667,0.02976284126984123,0.11638888888888888,0.2122012158730158,0.23084187539682535,39
2024-02-27,AAPL,180.8163146972656,182.0934971193568,177.77679547469845,179.30151026553332,54318900,1.45538330078125,0.0081142715386779,183.0715384682435,186.33668060302733,181.55344261169432,42.2231277506085,3.020239191229504,724445200.0,-1.7591347732103202,-0.3364299818933258,-1.4227047913169943,178.21501879637964,183.35428695678712,188.4935551171946,5.605833652112757,0.2530803822347864,20.45045305248465,26.38673080167426,-0.0066254131442269,0,0.2082142307692307,0.186355,0.6054308461538461,0.6256912307692308,0.0218591538461538,0.18,0.1745055384615384,0.2289233846153846,13
2024-02-28,AAPL,179.6183319091797,181.30144633523983,178.34114943443706,180.6975035880192,48953900,-1.1979827880859375,-0.0066254131442269,182.74266165309456,186.01119445800785,181.5959785461426,39.712662004474296,3.0159575990561662,675491300.0,-1.8125699638911783,-0.3118921380593471,-1.5006778258318312,177.79704834495905,183.0384376525879,188.27982696021675,5.72709139659196,0.1737405349350557,18.62170829241209,21.85044864291146,-0.0036931675550719,0,0.2837885517241379,0.1710209310344827,0.545190827586207,0.6259288965517242,0.1127677586206896,0.3658620689655172,0.2832745172413793,0.2453728965517241,29
2024-02-29,AAPL,178.95497131347656,180.75690414056305,177.74708592784262,179.4698114222519,136682600,-0.663360595703125,-0.0036931675550719,182.3819292397976,185.6831213378906,181.63983268737792,38.35283051030815,3.0155190714607567,538808700.0,-1.8866967281685727,-0.3088151218693935,-1.5778816062991796,177.3381862480874,182.8693817138672,188.400577179647,6.049340150812536,0.1461515033587072,18.93134225175595,19.33450119888423,-0.0060303583059778,0,0.317624875,0.1589805625,0.5233948125,0.6324458749999999,0.1586443125,0.235625,0.2855180625,0.2352858125,16
2024-03-01,AAPL,177.8758087158203,178.73716395290236,175.61845249589473,177.76690051629518,73563100,-1.07916259765625,-0.0060303583059778,181.9527749041808,185.36668823242184,181.68075637817384,36.18226101175228,3.03844762475512,465245600.0,-2.0093594802995938,-0.3451822992003313,-1.6641771810992625,176.66088847648567,182.5247444152832,188.38860035408075,6.425272318646291,0.1035939705899204,16.563819438608952,18.038956660925667,-0.0253812449554008,0,0.2690180526315789,0.1557780526315789,0.5752041578947369,0.6213048421052632,0.1132398421052631,0.2163157894736842,0.217807,0.2329073684210526,19
2024-03-04,AAPL,173.36109924316406,175.14321147352493,172.06409607852763,174.4006596751229,81510100,-4.51470947265625,-0.0253812449554008,181.134520079322,184.9391961669922,181.69910652160644,28.830976470653795,3.236537982793517,383735500.0,-2.44271185679304,-0.6228277405550213,-1.819884116238018,174.9484010851022,182.0043083190918,189.0602155530813,7.7535606702442434,-0.112480350811007,14.135290367952448,16.543484019439116,-0.0284410547192585,0,0.24976720193531954,0.16544621313980135,0.5847868411000764,0.622991811560988,0.08432104532722173,0.2599185128596893,0.24945372498090146,0.23544853017570658,35
2024-03-05,AAPL,168.43052673339844,170.3314573247722,167.9354922531265,169.06417026385637,95132400,-4.930572509765625,-0.0284410547192585,179.92461595113883,184.45482025146484,181.6897466278076,23.270360865329817,3.39290005473952,288603100.0,-3.147717800901205,-1.0622669477305493,-2.085450853170656,172.1391859534617,181.14686660766603,190.1545472618704,9.945168605884277,-0.2058609403704957,11.295036053230126,13.99804861993051,-0.0058780987552117,0,0.2113762068965517,0.2329912068965517,0.555633,0.6538176206896552,-0.0216150344827586,0.243448275862069,0.2698929655172413,0.2287261034482758,29
2024-03-06,AAPL,167.4404754638672,169.53943215491887,167.00484265804033,169.36121186741923,68587700,-0.99005126953125,-0.0058780987552117,178.7356501904463,183.9536102294922,181.6637996673584,22.338682323625303,3.3315921577494496,220015400.0,-3.7431799062374296,-1.326183242453419,-2.4169966637840106,169.79008140986372,180.15982894897465,190.52957648808552,11.511720009512056,-0.1132913765322961,5.45992197695752,10.296749466046698,-0.0007095353218001,0,0.1911561904761904,0.3312477619047619,0.477596238095238,0.652060238095238,-0.1400915238095238,0.3938095238095238,0.3366141904761904,0.2347499047619047,21
2024-03-07,AAPL,167.32167053222656,169.0344857697736,166.81674075207243,167.47017484778516,71765100,-0.118804931640625,-0.0007095353218001,177.6486045087111,183.4713818359375,181.63671623229985,22.22369743795377,3.252031647746001,148250300.0,-4.176530041361218,-1.4076267020617657,-2.7689033392994524,167.92129844520647,179.16141357421876,190.40152870323104,12.54747314700773,-0.0266735663335062,2.971237682045677,6.57539857074444,0.0102366556920359,1,0.176168,0.2260061428571428,0.5978262142857143,0.6608030714285714,-0.0498382142857142,0.2207142857142857,0.2385592142857142,0.2298251428571428,14
2024-03-08,AAPL,169.03448486328125,171.9749911536114,167.26226790901475,167.32166963491963,76267000,1.7128143310546875,0.0102366556920359,176.8282121615273,183.0342868041992,181.62293060302736,27.979425779549107,3.356366761806761,224517300.0,-4.3318188325978895,-1.2503323946387497,-3.08148643795914,166.72851985408732,178.3025276184082,189.87653538272903,12.98243824012504,0.0996182591263897,6.435241735507165,4.955467131503454,0.0118317246568917,1,0.2355526666666666,0.1983320476190476,0.566115619047619,0.6389509523809525,0.0372206666666666,0.2799999999999999,0.2132938095238095,0.2255241904761905,21
2024-03-11,AAPL,171.03445434570312,172.64827197645664,170.34140892696936,171.22256991091453,60139500,1.999969482421875,0.0118317246568917,176.2764257028774,182.6352133178711,181.632162399292,34.11089260786755,3.374753929761664,284656800.0,-4.244576658101778,-0.9304721761141104,-3.3141044819876675,166.23871779485648,177.50552139282226,188.77232499078804,12.694595085898404,0.2128259585403846,14.118845383126148,7.8417749335596625,0.0027782352509797,1,0.21646301388888886,0.1875026231481481,0.5960347074074074,0.6291850287037036,0.0289604537037037,0.21893518518518518,0.21633619074074073,0.24715281666666666,41
2024-03-12,AAPL,171.50962829589844,172.30168642339717,169.31167416803427,171.43042097242335,59825400,0.4751739501953125,0.0027782352509797,175.82244499745084,182.23713928222656,181.64238929748527,35.5155700458976,3.347272381590323,344482200.0,-4.08994766885877,-0.6206745494968819,-3.469273119361888,165.8570718168153,176.81643142700196,187.7757910371886,12.396313534594984,0.2578871704250455,22.638416986900964,14.397501368511426,-0.0121222716436886,0,0.2636687647058823,0.1654459411764706,0.5708854705882352,0.6077209411764706,0.0982229411764706,0.2894117647058823,0.2822955882352941,0.2476558823529412,17
2024-03-13,AAPL,169.4305419921875,171.4700820663792,169.06420612614593,171.05425482761498,52488700,-2.079086303710937,-0.0121222716436886,175.2136923302829,181.8182489013672,181.6365502166748,32.27355947682803,3.2828545093161936,291993500.0,-4.088043548592793,-0.4950163433847239,-3.5930272052080694,165.12942431372718,176.12783966064453,187.12625500756187,12.48912763377852,0.1955335174564871,23.444116867203444,20.067126412410182,0.0109272501305859,1,0.2285885416666666,0.183806375,0.5876054583333333,0.5953852916666666,0.0447822083333333,0.2745833333333333,0.2600491666666666,0.2372896666666666,24
2024-03-14,AAPL,171.28195190429688,172.57893998999515,170.34138929390355,171.1928493122845,72913500,1.851409912109375,0.0109272501305859,174.83924086114138,181.57264373779296,181.6279370117188,37.72514826027425,3.273250472779869,364907000.0,-3.892273506408799,-0.2393970409605832,-3.652876465448216,164.76979319753883,175.57587661743165,186.3819600373245,12.30930310937711,0.3013191021073312,24.60694316423998,23.5631590061148,-0.0021965884772511,0,0.3477212222222222,0.1697067222222222,0.4825722777777778,0.6264415,0.1780145555555555,0.3355555555555555,0.3124075555555555,0.223145,18
2024-03-15,AAPL,170.9057159423828,170.9057159423828,168.59885322457814,169.47011882986197,121752700,-0.3762359619140625,-0.0021965884772511,174.46461944030722,181.3470028686524,181.60822174072263,37.07208647524961,3.2310967732755027,243154300.0,-3.724549151159124,-0.0573381485687263,-3.6672110025903977,164.45757434773597,175.01945724487305,185.5813401420101,12.069381385819009,0.3052553061535403,23.982188712393548,24.01108291461232,0.0063724071751587,1,0.257144125,0.16274375,0.5801123125,0.6142245625,0.094400375,0.203125,0.2516373125,0.2518426875,16
2024-03-18,AAPL,171.9947967529297,175.94517770513775,171.7967859641753,173.82643054023092,75604200,1.089080810546875,0.0063724071751587,174.22939823198556,181.1894204711914,181.59419845581056,40.29408374464496,3.360265701095462,318758500.0,-3.4638179346530933,0.1627144543498437,-3.626532389002937,164.26689833605062,174.59422225952147,184.9215461829924,11.830086688802394,0.3741481565866214,30.581073168171184,26.39006834826824,0.0135850802144208,1,0.2450196356421356,0.15607583261183255,0.5989050606060605,0.650145606060606,0.0889437857142857,0.19028138528138527,0.21689640331890328,0.22891502453102452,35
2024-03-19,AAPL,174.33135986328125,174.85609525037736,171.31164624406932,172.6086342803731,55215200,2.3365631103515625,0.0135850802144208,174.23910886353752,181.0930056762696,181.5778542327881,46.610097364668086,3.37342165146779,373973700.0,-3.033675133035985,0.4742858047735621,-3.5079609378095467,164.27096069834445,174.32294387817382,184.3749270580032,11.53259915901171,0.5004186231192826,38.80689240258256,31.12338476104909,0.0147091723574133,1,0.26013632,0.1840514,0.55581252,0.62896,0.07608488,0.3368,0.29355324,0.2446639599999999,25
2024-03-20,AAPL,176.8956298828125,176.8956298828125,173.3511809805003,173.97492929704185,53423100,2.56427001953125,0.0147091723574133,174.49211086537323,180.9612567138672,181.5700909423828,52.54336031918968,3.385637883670963,427396800.0,-2.4575397155894905,0.8403369777760448,-3.2978766933655352,164.41697428465528,174.1422561645508,183.8675380444463,11.169353256461632,0.6415575277028011,58.06870788224239,42.48555781766538,-0.0408574736962685,0,0.2110192692307692,0.2082656153846153,0.5807155384615384,0.6469357692307691,0.0027537692307692,0.2296153846153846,0.2409515769230769,0.2355128076923076,26
2024-03-21,AAPL,169.66812133789062,175.72735394947048,169.14338597139206,175.29172116809335,106181300,-7.227508544921875,-0.0408574736962685,174.0326832913273,180.69326385498047,181.53294548034668,39.28999924289832,3.697538314224497,321215500.0,-2.5546988056113378,0.5945423102033582,-3.149241115814696,164.39777918613083,173.49871139526368,182.59964360439653,10.491066055700164,0.289549577485643,55.5827697311189,50.81945667198128,0.0053101929335923,1,0.22701496,0.2754831199999999,0.49750216,0.66031604,-0.0484681999999999,0.3351999999999999,0.3600073599999999,0.2231208,25
2024-03-22,AAPL,170.569091796875,171.3314491823172,168.37113733503185,170.05425166968308,71160100,0.900970458984375,0.0053101929335923,173.7028174347128,180.4225244140625,181.50212905883788,41.27843882912288,3.644879280871702,392375600.0,-2.5298349357594816,0.4955249440441713,-3.025359879803653,164.44062169838318,172.9917953491211,181.54296899985903,9.886218746363646,0.3583408751126789,50.02395615653375,54.55847792329835,-0.0083003710006855,0,0.2505881904761904,0.3469274285714285,0.4024845714285714,0.7288502857142858,-0.0963390952380952,0.4114285714285715,0.447872619047619,0.2284585714285714,21
2024-03-25,AAPL,169.15330505371094,170.2324767040703,167.76719930445816,168.87608692531137,54288300,-1.4157867431640625,-0.0083003710006855,173.26953054128407,180.1353353881836,181.4710876464844,39.11063961740597,3.584665938839212,338087300.0,-2.594464921105072,0.3447159669588648,-2.9391808880639365,164.30130173439352,172.4814140319824,180.6615263295713,9.48521015263951,0.2965731485585814,29.567729195445583,45.05815169436608,-0.0066724212631649,0,0.21000886274509803,0.22373376405228754,0.5662577261437908,0.6627473699346406,-0.013724943137254933,0.2645424836601307,0.34165920915032677,0.2566499509803921,33
2024-03-26,AAPL,168.02464294433594,169.71765273934344,167.89592911986227,168.3117563520967,57388400,-1.128662109375,-0.0066724212631649,172.77001743681282,179.81904724121094,181.4208432006836,37.42335146869876,3.458741487456494,280698900.0,-2.7055701215270176,0.1868886132295353,-2.892458734756553,164.40164117091507,171.84183044433593,179.28201971775678,8.659345927801821,0.2434751079763244,24.13234714015483,34.574677497378055,0.0212125089552777,1,0.1978902,0.2784463,0.5236637,0.6422007,-0.0805558,0.385,0.3229016,0.2337598,10
2024-03-27,AAPL,171.5888671875,171.87599567632833,168.42064920188324,168.71767294274684,60273300,3.5642242431640625,0.0212125089552777,172.65752693687827,179.61933074951173,181.3864966583252,45.42973126688791,3.486785147780487,340972200.0,-2.4774600668869766,0.3319989342956608,-2.809459001182637,164.91121511587275,171.44035720825195,177.96949930063116,7.616808782599684,0.5113728555104803,26.693298479936672,26.79779160517903,-0.0105593046947475,0,0.20616415,0.32885575,0.46498025,0.6841326999999999,-0.1226916,0.4105,0.43122615,0.2123335,20
2024-03-28,AAPL,169.77700805664062,170.51955971989585,168.81664003025037,170.04433088544317,65672700,-1.811859130859375,-0.0105593046947475,172.3831918054271,179.4021646118164,181.3291365051269,42.45596585330118,3.435745291313997,275299500.0,-2.4150439710764147,0.3155320240849786,-2.7305759951613933,165.40949283795837,170.98145904541016,176.55342525286196,6.517626225159257,0.3919186743129618,26.304721060847942,25.710122226979816,-0.0084554845878841,0,0.2344116,0.1781056,0.5874831333333332,0.6540796666666666,0.0563059333333333,0.238,0.2403802666666666,0.2321441333333333,15
2024-04-01,AAPL,168.34146118164062,169.54934678777494,167.79692011211174,169.48994505423667,46240500,-1.435546875,-0.0084554845878841,171.9982650793522,179.03861907958984,181.2669654083252,40.210121981517,3.3317697665436325,229059000.0,-2.453137162722556,0.2219510659510706,-2.675088228673626,165.81163226697993,170.50474166870117,175.19785107042242,5.504960572697948,0.2695258833869137,24.406867170909965,25.801628903898195,-0.0069989139288131,0,0.19970832291666665,0.20062929829545453,0.5996627698863637,0.6318611183712121,-0.0009209232954545243,0.2303314393939394,0.22661120075757574,0.23233670549242422,39
2024-04-02,AAPL,167.1632537841797,167.65828830624176,166.55931106297376,167.40087579338118,49329500,-1.1782073974609375,-0.0069989139288131,171.5377878131453,178.59356567382812,181.19574745178224,38.41406483230731,3.221082648838149,179729500.0,-2.5490143313285785,0.100859117876038,-2.6498734492046165,165.4786543710491,170.19484939575196,174.91104442045483,5.542112515680613,0.1785973018828596,11.383619539002623,20.69840259025351,0.0047974429702906,1,0.1851988571428571,0.2587724285714285,0.556029,0.653399142857143,-0.0735735714285714,0.2314285714285714,0.3267757142857143,0.2343773571428571,14
2024-04-03,AAPL,167.9652099609375,168.98497988400436,166.90584392266877,167.11374996517486,47691700,0.8019561767578125,0.0047974429702906,171.1975423034112,178.11847259521485,181.118381729126,40.36655229828149,3.1395150283022524,227421200.0,-2.5311094626451336,0.0950111892475864,-2.62612065189272,165.41637359073184,170.1715835571289,174.926793523526,5.588723883268897,0.2680046084418081,8.578459360532014,14.7896486901482,-0.004892454128757,0,0.223945125,0.173329625,0.6027256249999999,0.60735875,0.050615625,0.1425,0.17136725,0.234003375,8
2024-04-04,AAPL,167.14344787597656,170.2126525655396,167.14344787597656,168.59883533803097,53704400,-0.8217620849609375,-0.004892454128757,170.81143807222696,177.60143341064452,181.0422818756104,39.00204992835004,3.134492861249451,173716800.0,-2.553790549939663,0.0578640815624456,-2.6116546315021085,165.36577502619147,170.15673217773437,174.94768932927727,5.63122844477124,0.1855237683781624,8.365255488552288,9.442444796028974,0.0045018615722072,1,0.2096068333333333,0.175517,0.6148763333333332,0.6148763333333332,0.0340898333333333,0.3166666666666666,0.2416286666666666,0.2116913333333333,6
2024-04-05,AAPL,167.89590454101562,168.69785802201392,167.27215623034843,167.90579979250484,42104800,0.7524566650390625,0.0045018615722072,170.5337682121116,177.11289123535155,180.969500656128,40.96969929048537,3.0216298101628727,215821600.0,-2.4824325732591603,0.103377646594359,-2.58581021985352,165.45630797456778,170.18544387817383,174.91457978177988,5.557626781514137,0.2579325923566302,10.727962398062289,9.22389241571553,-0.0066635003225418,0,0.2821303333333333,0.203843,0.5140266666666666,0.5613568333333333,0.0782876666666666,0.4583333333333333,0.3551513333333334,0.3027286666666666,6
2024-04-08,AAPL,166.77713012695312,167.51968192191484,166.5692240844266,167.3513719945941,37425500,-1.1187744140625,-0.0066635003225418,170.17599315638222,176.60849945068358,180.89630294799804,38.95750761117662,2.9005619991933127,178396100.0,-2.487482458483015,0.0786622090964033,-2.5661446675794184,165.13576045862436,170.07257614135742,175.00939182409047,5.805539957988024,0.1662376898199377,6.896553767670375,8.663257218094984,0.0072426057461061,1,0.18516327777777772,0.18614449999999996,0.6286925833333333,0.6472421944444444,-0.0009811944444444304,0.17222222222222225,0.17481258333333335,0.24274602777777773,19
2024-04-09,AAPL,167.9850311279297,168.3909631058002,166.6781477036779,167.02466284236104,42373800,1.2079010009765625,0.0072426057461061,169.9673301060534,176.16287384033205,180.8141548919677,42.25507653306552,2.8157229565453843,220769900.0,-2.366734767814308,0.1595279198120889,-2.5262626876263963,164.92353754208804,169.92010498046875,174.91667241884946,5.881078568018814,0.3063596782788362,9.610554327643603,9.078356831125424,-0.0111392727467277,0,0.2731054,0.1587929333333333,0.5681018666666666,0.6325945999999999,0.1143124666666666,0.3206666666666667,0.2617372,0.2224944,15
2024-04-10,AAPL,166.11380004882812,167.41078821247058,165.45045553411236,167.1236748074244,49709300,-1.8712310791015625,-0.0111392727467277,169.60032724346053,175.69346923828124,180.7242285919189,38.76170143616852,2.7956410020648086,171060600.0,-2.394432534793509,0.1054641222663099,-2.499896657059819,164.44773621510691,169.65031356811522,174.85289092112353,6.133295298531181,0.1601190833575819,7.451779502781534,7.986295866031838,0.0432707349348739,1,0.2672525625,0.158323875,0.57442375,0.5985231875,0.10892875,0.31125,0.2670803125,0.2222703125,16
2024-04-11,AAPL,173.30166625976562,173.71750852250418,166.49000200344838,166.6682071669761,91070300,7.1878662109375,0.0432707349348739,169.95283572120383,175.44079620361327,180.6771940612793,54.36781701468269,3.139074392894183,262130900.0,-1.8154550472546305,0.5475532878441509,-2.3630083350987814,164.40569265402468,169.8438697814941,175.2820469089636,6.403736719453848,0.8179187066935886,38.4059686806722,18.48943417036578,0.0086268119967971,1,0.4214176,0.1273423,0.4512404,0.6427881,0.2940754,0.4049999999999999,0.4228167,0.2155424,10
2024-04-12,AAPL,174.7967071533203,176.58872985356905,172.47994902506244,172.52944039553972,101670900,1.4950408935546875,0.0086268119967971,170.41415680997684,175.29000854492188,180.62387771606444,56.83199166447849,3.2083391382950706,363801800.0,-1.221888738759617,0.9128956770713316,-2.1347844158309486,164.19356780900586,170.0196075439453,175.84564727888477,6.853373936219196,0.9099782894309976,61.77857606934528,35.878774750933005,-0.0218635155917121,0,0.3386239230769231,0.1436224615384615,0.5177539999999999,0.6256693076923077,0.1950015384615384,0.3669230769230769,0.3105892307692307,0.2224353846153846,13
2024-04-15,AAPL,170.97503662109375,174.8759113224836,170.7869210734751,173.61851932570818,73531800,-3.8216705322265625,-0.0218635155917121,170.46757393484512,175.01413818359376,180.54558502197267,49.47690757277677,3.271242789060316,290270000.0,-1.0477818587345098,0.8696020456771512,-1.917383904411661,164.19484723832744,170.0230735778809,175.8512999174343,6.855806352522787,0.5816683316459726,76.16032879516011,58.7816245150592,-0.0191674802900843,0,0.19382602222222223,0.21828785555555555,0.5878866111111111,0.6549990444444445,-0.024461833333333304,0.23411111111111108,0.3129441777777777,0.24938247777777775,18
2024-04-16,AAPL,167.6978759765625,172.03436750787574,166.59889888763496,170.04433444727837,73711200,-3.27716064453125,-0.0191674802900843,170.20379317691345,174.69269927978516,180.44923027038573,44.1949317992137,3.425830348430349,216558800.0,-1.1608587208571066,0.6052201468436436,-1.7660788677007502,163.96978962257225,169.8082275390625,175.64666545555275,6.876507694713652,0.3192708741032029,51.22951921656534,63.05614136035691,-0.0081472228834144,0,0.2257930625,0.1972420625,0.57696525,0.591116625,0.0285510625,0.28375,0.287728375,0.256889125,16
2024-04-17,AAPL,166.33160400390625,168.95528100035153,166.33160400390625,167.9256158132339,50901200,-1.36627197265625,-0.0081472228834144,169.83501325567465,174.307744140625,180.3244467163086,42.17350656861804,3.368533680431416,165657600.0,-1.3452129015826415,0.336692772894487,-1.6819056744771286,163.77148239783253,169.40823974609376,175.04499709435498,6.654643666340557,0.2270916989945862,25.896141990654755,51.0953300007934,-0.0057143077312042,0,0.2608194615384615,0.146882,0.5922987692307692,0.6198797692307692,0.1139373846153846,0.1853846153846154,0.2971770769230769,0.2592703076923077,13
2024-04-18,AAPL,165.38113403320312,166.96525061902096,164.89600984807865,166.36130787024413,43122900,-0.950469970703125,-0.0057143077312042,169.41083428210592,173.87174224853516,180.2023564910889,40.77624296495587,3.2757270440393373,122534700.0,-1.5501408425309933,0.1054118655569085,-1.6555527080879018,164.09136413032758,168.83251495361327,173.57366577689896,5.616395425476336,0.1360186535873285,10.74579826817889,29.290486491799665,-0.0122126679373317,0,0.207682,0.1860257777777777,0.6062926666666667,0.6151938888888888,0.0216563333333333,0.3311111111111111,0.2394902222222222,0.2226946666666666,9
2024-04-19,AAPL,163.36138916015625,164.74747975255278,162.45052746983075,164.559379327856,68149400,-2.019744873046875,-0.0122126679373317,168.83469665144406,173.3931704711914,180.07573944091797,37.90249159251852,3.251075581134555,54385300.0,-1.8541507480466064,-0.1588784319669638,-1.6952723160796428,163.2325063298137,168.51717834472657,173.80185035963945,6.271968314235954,0.0121940235816765,6.167498339935649,14.26981286625643,0.0050908588899063,1,0.2748206,0.1776891,0.5474905999999999,0.5788373,0.0971313999999999,0.199,0.291207,0.2558125,10
2024-04-22,AAPL,164.1930389404297,165.59893510418706,163.13367296874276,163.8762247169617,48116400,0.8316497802734375,0.0050908588899063,168.39263401229982,172.95278717041015,179.95091384887695,39.784320858554416,3.194946049299537,102501700.0,-2.0048627912858024,-0.2476723801649276,-1.7571904111208747,162.68305301329772,168.1983757019043,173.71369839051087,6.558116468831192,0.1368900799087656,7.6387810993826415,8.18402590249906,0.0063917706846905,1,0.23072063055555556,0.1742092111111111,0.5950705805555555,0.6349736777777778,0.05651151666666667,0.19258333333333333,0.2558728805555555,0.24387642499999998,37
2024-04-23,AAPL,165.24252319335938,165.39104261951863,163.28219064755024,163.70792820716713,49537800,1.0494842529296875,0.0063917706846905,168.09262345811504,172.51814605712892,179.83690757751464,42.16613775838431,3.117367900918741,152039500.0,-2.016375046680708,-0.2073477084478661,-1.8090273382328408,162.36095066454757,168.00283660888672,173.64472255322588,6.716417482251864,0.2553731639774692,12.838428197718452,8.88156921234558,0.0127021661719917,1,0.279844,0.1516199333333333,0.5685362,0.6106849333333333,0.1282240666666666,0.2626666666666666,0.3173063333333333,0.2388497333333333,15
2024-04-24,AAPL,167.34146118164062,167.61867928406764,164.55936979904956,164.8860792640679,48251800,2.09893798828125,0.0127021661719917,168.02108419368892,172.15914672851562,179.7436028289795,46.70641221602846,3.113220871211551,200291300.0,-1.8349793383473525,-0.0207616000916088,-1.814217738255744,162.3194653612006,167.96867752075195,173.6178896803033,6.726506683192065,0.4444863884204749,22.222157739983874,14.233122345694987,0.0051474027732565,1,0.2815570714285714,0.177625,0.5408180714285714,0.6093515714285714,0.1039322142857143,0.2857142857142857,0.3119666428571429,0.2427725,14
2024-04-25,AAPL,168.2028350830078,168.9156860278579,166.4801094484109,167.84640961058278,50558300,0.8613739013671875,0.0051474027732565,168.0383938021955,171.85915588378907,179.65721832275392,48.4934715582229,3.0648177075140834,250849600.0,-1.6032351606170323,0.1687860621109691,-1.7720212227280014,162.39671386819896,167.79937591552735,173.20203796285574,6.4394304422778905,0.5373389232887492,31.67596719832109,22.245517712007807,-0.0034729035416758,0,0.309584,0.1609168461538461,0.5294994615384615,0.6499153076923078,0.1486671538461538,0.1623076923076923,0.4204783076923076,0.2508785384615385,13
2024-04-26,AAPL,167.61868286132812,169.63841695172266,167.49986430971396,168.19292468782604,44838400,-0.5841522216796875,-0.0034729035416758,167.99842133163668,171.5651052856445,179.55958000183105,47.33427065036088,2.9986559171208422,206011200.0,-1.4499977608697918,0.2576187694865679,-1.7076165303563595,162.36543883905344,167.69145965576172,173.01748047247,6.352167042545369,0.4931678079247,37.27818734737812,30.39210409522769,0.0248080620056807,1,0.2270372727272727,0.2048966363636363,0.5680663636363636,0.6150255454545455,0.0221406363636363,0.1899999999999999,0.3352832727272727,0.256795,11
2024-04-29,AAPL,171.7769775390625,174.28185098854456,171.38095596804143,171.64826373021612,68169400,4.158294677734375,0.0248080620056807,168.358283827582,171.35996276855468,179.4789363861084,55.49070056290959,3.260406789270528,274180600.0,-0.981699963289941,0.5807332536531351,-1.562433216943076,162.25054798083457,167.8632354736328,173.47592296643106,6.687214716148921,0.8486513430911209,47.73570812933078,38.89662089167666,-0.0182709848017015,0,0.22197133686067017,0.1628638927689594,0.6151652479717813,0.6483402109347443,0.05910740952380947,0.18691710758377425,0.2381960162257495,0.23437159541446206,49
2024-04-30,AAPL,168.63844299316406,173.25216784182598,168.3117184327478,171.6086497890361,65934800,-3.138534545898437,-0.0182709848017015,168.3849656528755,171.12274169921875,179.38186058044434,49.28636689964,3.3804098335425032,208245800.0,-0.853979943624779,0.566762618654638,-1.420742562279417,162.3242689006519,167.93699493408204,173.54972096751217,6.684323529348873,0.5624872882538813,48.762731457881806,44.5922089781969,-0.0060470205591098,0,0.1639363571428571,0.2433177857142857,0.5927462857142858,0.6684602142857142,-0.0793814285714285,0.1835714285714285,0.2833012142857142,0.2194793571428571,14
2024-05-01,AAPL,167.61868286132812,170.9948217396029,167.43056733625505,167.8959009696714,50383100,-1.0197601318359375,-0.0060470205591098,168.3119863393948,170.87997680664063,179.26341384887695,47.4307400909546,3.3935415885286,157862700.0,-0.8255308225677993,0.4761693917692942,-1.3017002143370937,162.30525872466265,167.91966857910157,173.5340784335405,6.687018741695705,0.4731952488705936,48.762731457881806,48.4203903483648,0.0220320184017235,1,0.3624217777777778,0.1393587777777777,0.498219611111111,0.6369166111111111,0.2230629444444444,0.3344444444444444,0.3520482222222222,0.2516943333333333,18
2024-05-02,AAPL,171.31166076660156,171.69778712393833,169.19291342760516,170.79682058773386,94214900,3.6929779052734375,0.0220320184017235,168.59766961817638,170.69602233886718,179.16471412658692,54.16141208712255,3.4425103509630004,252077600.0,-0.4992373384407358,0.641970300717086,-1.141207639157822,162.33770129895248,168.12807922363282,173.91845714831317,6.888055762509921,0.7749027424789797,50.54555060654349,49.3570045074357,0.0598161712737264,1,0.336815,0.1911915,0.4719935714285714,0.6043590714285714,0.1456237142857142,0.4607142857142857,0.4287279285714285,0.2533424285714286,14
2024-05-03,AAPL,181.55886840820312,185.14291355827163,180.84601747897057,184.7963833456082,163224100,10.247207641601562,0.0598161712737264,169.83206950294084,170.6764193725586,179.1104949951172,66.8459924958629,4.184563382442077,415301700.0,0.5795360845038715,1.3765949789293548,-0.7970588944254832,160.58151604284976,168.81122741699218,177.0409387911346,9.750194344376933,1.2744889469188283,64.02508872301827,54.44445692914786,-0.0091068375702033,0,0.4027711034482759,0.1517663448275862,0.4454627586206896,0.6972749310344828,0.2510046551724137,0.4903448275862069,0.470427724137931,0.2154553448275862,29
2024-05-06,AAPL,179.9054412841797,182.37070337959045,178.62824383792136,180.5390848280799,78569700,-1.6534271240234375,-0.0091068375702033,170.7914382440112,170.66037994384766,179.0577227783203,63.779174695959,4.152984536672578,336732000.0,1.2862272169798814,1.6666288891242915,-0.3804016721444103,159.991703460885,169.4676429748535,178.94358248882202,11.18318440927936,1.0507526875799382,77.48013858406017,64.0169259712073,0.0037972795055045,1,0.22109335897435892,0.17906431623931618,0.5998425641025641,0.616369938949939,0.042028975579975536,0.2866178266178266,0.2394748107448107,0.2267576031746031,41
2024-05-07,AAPL,180.58859252929688,183.06376520709568,179.51933122687228,181.6281680754234,77305800,0.6831512451171875,0.0037972795055045,171.72450055689555,170.6849331665039,179.01423400878906,64.503795840652,4.10951663978335,414037800.0,1.879741141271268,1.8081142507325425,0.0716268905387252,159.49120008001623,170.0978210449219,180.7044420098276,12.471201453079766,0.9945388130247144,80.3519435975802,73.95239030155288,0.0018640388121591,1,0.258770125,0.1927215,0.5485086666666666,0.61363175,0.0660487083333333,0.3133333333333333,0.2941159166666666,0.228248625,24
2024-05-08,AAPL,180.9252166748047,181.25194126160503,179.64801918938014,181.0341248704048,45057100,0.3366241455078125,0.0018640388121591,172.60075923479167,170.68711120605468,178.96843437194823,64.87666927033884,3.9305455992434624,459094900.0,2.3501765848303933,1.8228397554333344,0.527336829397059,159.41129065875387,170.8383918762207,182.26549309368752,13.377673591947907,0.9413553624241044,79.4211589562342,79.08441371262485,0.0100144090699971,1,0.28536,0.1739870454545454,0.5406532272727272,0.6347406363636363,0.1113729999999999,0.2827272727272727,0.277133909090909,0.2254336818181818,22
2024-05-09,AAPL,182.7370758056641,182.8261784061232,180.30149897565,180.7470270852025,48983000,1.811859130859375,0.0100144090699971,173.5661227177319,170.74948608398438,178.92740425109864,66.892568685446,3.830126587188442,508077900.0,2.836504494526963,1.847334132103924,0.9891703624230398,158.78855844610518,171.31016235351564,183.8317662609261,14.618635269950737,0.9562879299107132,83.47091620135525,81.08133958505655,-0.0068904463371598,0,0.2867660833333333,0.1657115833333333,0.5475226666666667,0.6201751666666667,0.1210547499999999,0.2091666666666667,0.2938,0.251315,12
2024-05-10,AAPL,181.4779357910156,183.50040923773955,180.5658387363955,183.3120385724197,50759500,-1.2591400146484375,-0.0068904463371598,174.3196287247113,170.79994537353517,178.87573921203614,64.13757880988143,3.766158295342414,457318400.0,3.0847615793654484,1.6764729735539268,1.4082886058115216,158.43098418793443,171.64422378540038,184.8574633828664,15.396078360301738,0.872115858986662,84.57248080858756,82.488185322059,0.0176454246906965,1,0.3170093846153846,0.1494597692307692,0.5335312307692308,0.6163209230769231,0.1675495384615384,0.2092307692307692,0.3315343076923077,0.2496127692307692,13
2024-05-13,AAPL,184.68019104003903,185.4931559868038,183.03444380225457,183.8474087490193,72044800,3.202255249023437,0.0176454246906965,175.3063489452187,170.93603302001952,178.84639686584472,67.77280354128628,3.78394843108854,529363200.0,3.4995615764759123,1.6730183765315123,1.8265431999444,157.95557757442302,172.32948150634766,186.7033854382723,16.681886124511074,0.9296226547841432,89.47344418648215,85.83894706547498,0.0061735734207835,1,0.24335381746031745,0.16709728055555553,0.5895491190476191,0.6247844904761904,0.07625654722222217,0.3006587301587302,0.22693376111111108,0.23672258928571424,30
2024-05-14,AAPL,185.82032775878903,186.6828664107388,184.6901187820661,185.8996425272296,52393600,1.14013671875,0.0061735734207835,176.30768026079684,171.18521759033203,178.80988563537596,68.97850570698789,3.656714641060766,581756800.0,3.875617362870429,1.6392593303408232,2.2363580325296057,157.89170908073402,173.235604095459,188.579499110184,17.7144820717916,0.9100889523570438,91.6939855856062,88.57997019355862,0.0122180132388771,1,0.2874073846153846,0.1670193846153846,0.5455733076923077,0.6193993076923078,0.1203880769230769,0.2838461538461538,0.299095,0.2641817692307692,13
2024-05-15,AAPL,188.09068298339844,189.0126888680272,185.76085876781028,186.2962297111884,70400000,2.270355224609375,0.0122180132388771,177.42987099628272,171.57842071533204,178.7816690826416,71.28252116256252,3.627794316714773,652156800.0,4.307192343201137,1.6566674485372253,2.650524894663912,158.03545903493915,174.32355804443358,190.611657053928,18.687203487830065,0.9226130050824198,95.85833369521836,92.3419211557689,0.0006324476983357,1,0.277495294117647,0.1487987647058823,0.5737062941176471,0.6135558823529412,0.1286964117647058,0.2105882352941176,0.325232,0.2495593529411764,17
2024-05-16,AAPL,188.2096405029297,189.458829238671,188.0311936136785,188.8342348708004,52845200,0.11895751953125,0.0006324476983357,178.45651571120146,171.99380401611327,178.75818916320802,71.40237045662451,3.4706401244488942,705002000.0,4.605725564753868,1.5641605360719648,3.041565028681904,158.6524276420282,175.46498336791993,192.27753909381164,19.16343124786177,0.879022004232905,95.26255397183574,94.27162441755344,0.0001579309168984,1,0.1983318,0.1554281,0.6462405,0.6462405,0.0429037,0.117,0.1958437,0.2213919,10
2024-05-17,AAPL,188.23936462402344,189.17129419091543,187.5552880216136,187.88245575005936,41282900,0.02972412109375,0.0001579309168984,179.3882156076607,172.4121578979492,178.74979827880858,71.43445039758788,3.338166270509817,746284900.0,4.789503368339666,1.39835067172621,3.391152696613456,159.98134621526867,176.7088821411133,193.4364180669579,18.93230914390213,0.8446557381202557,94.8403877230221,95.3204251300254,0.0061622240749064,1,0.2616974545454545,0.1721842727272727,0.5661184545454545,0.5924133636363637,0.0895132727272727,0.4145454545454545,0.2048473636363636,0.2533537272727272,11
2024-05-20,AAPL,189.3993377685547,190.2717851507536,187.3867726618656,187.70403175639103,44361300,1.15997314453125,0.0061622240749064,180.3416558134601,172.8194549560547,178.75415992736816,72.72051642185798,3.3057981432511205,790646200.0,4.9714410622416665,1.264230692502568,3.7072103697390975,161.4060708756138,177.96919708251954,194.53232328942528,18.6134752287789,0.8450478050837265,94.99120881952582,95.03138350479456,0.0068573753421456,1,0.23428266825396823,0.22811820476190478,0.5375994714285715,0.6319534380952381,0.0061644396825396965,0.22795238095238088,0.29294422539682535,0.2385953587301587,25
2024-05-21,AAPL,190.6981201171875,191.07484642166347,189.28039297280435,189.44893121149715,42309400,1.2987823486328125,0.0068573753421456,181.32798574714843,173.21272827148437,178.81028106689453,74.12517638829088,3.197844950794549,832955600.0,5.16093680963715,1.1629811519184408,3.997955657718709,162.87528128583,179.24197692871093,195.60867257159185,18.26212355311209,0.8499833881697338,96.30761346095603,95.37973666783466,-0.0075386522459686,0,0.2113542727272727,0.1817728181818181,0.6068734545454546,0.6227764545454545,0.0295816363636363,0.12,0.2240790909090909,0.2358448181818181,11
2024-05-22,AAPL,189.2605133056641,191.16403734183464,188.63593413629764,190.6187578068766,34648500,-1.4376068115234375,-0.0075386522459686,182.08346456224515,173.5677459716797,178.87469703674316,69.83852146166412,3.1500062547047247,798307100.0,5.135907158846692,0.9103612009023864,4.2255459579443055,164.3750339008314,180.3379295349121,196.30082516899284,17.70331474387968,0.7794788607056434,93.09134619491203,94.79672282513133,-0.0210579747757405,0,0.2297203076923077,0.1615178461538461,0.6087622307692307,0.6136342307692307,0.0682025384615384,0.2776923076923077,0.2377032307692307,0.2362116153846153,13
2024-05-23,AAPL,185.2750701904297,189.35968258649527,185.02721720275105,189.3398501117122,51005900,-3.985443115234375,-0.0210579747757405,182.3874270030246,173.88463653564452,178.91450149536132,59.55600287643145,3.2344676210646948,747301200.0,4.739841090956872,0.4114361064100533,4.328404984546819,166.11432692528632,181.1915412902832,196.26875565528007,16.64229384841093,0.6354205359587768,78.70547940632294,89.36814635406368,0.0165881154688196,1,0.2064947777777778,0.2312181111111111,0.5622873888888889,0.6547492222222222,-0.0247232777777777,0.1716666666666667,0.2673376111111111,0.2550391111111111,18
2024-05-24,AAPL,188.3484344482422,188.94328765804343,186.42509288132968,187.1984081051696,36327000,3.0733642578125,0.0165881154688196,182.9551419978073,174.22596618652344,178.9776113128662,63.96238912437813,3.2654497529610573,783628200.0,4.620686293763754,0.2338250473735481,4.386861246390206,168.21286230808164,182.2280288696289,196.24319543117616,15.382009725379962,0.7183493700105409,71.21960582312823,81.00547714145439,5.273986857812218e-05,1,0.2849976666666666,0.1590575833333333,0.5559450833333334,0.6630020833333333,0.1259400833333333,0.3541666666666667,0.2650940833333333,0.2082329166666666,12
2024-05-28,AAPL,188.35836791992188,191.3425125399711,187.4760118609873,189.86530324069457,52280100,0.0099334716796875,5.273986857812218e-05,183.46973494277057,174.57501922607423,179.04185569763183,63.97605040849768,3.308381961962681,835908300.0,4.475466415712106,0.0708841354575202,4.404582280254585,169.66505652531993,183.05709838867188,196.44914025202385,14.631546092703378,0.6979261110942765,67.77533638226224,72.56680720390447,0.0015790342616086,1,0.26692428928571427,0.15651586428571423,0.5765603392857143,0.6291814642857143,0.110408475,0.2514285714285714,0.2628753678571428,0.24803159285714285,23
2024-05-29,AAPL,188.65579223632807,190.5989665094868,187.88249204796583,187.9816393040112,53068000,0.29742431640625,0.0015790342616086,183.96364516120465,174.90823913574218,179.10729095458984,64.41107172605585,3.2661028547882665,888976300.0,4.334413847997922,-0.0561347458053305,4.390548593803253,172.2245642925452,184.05796585083007,195.8913674091149,12.858342211469678,0.694273234236651,75.32307581564208,71.43933934034419,0.0052549607538039,1,0.3995071666666667,0.1249149166666666,0.4755780833333333,0.68097175,0.2745921666666667,0.445,0.3522584166666667,0.2111223333333333,12
2024-05-30,AAPL,189.6471710205078,190.52952698465035,188.99285067972127,189.12172393667825,49889100,0.9913787841796876,0.0052549607538039,184.50493333828112,175.2145553588867,179.1694373321533,65.88967904288947,3.166647990040692,938865400.0,4.2535918948459255,-0.1095653591658623,4.363157254011788,175.81194743319276,185.15939025878907,194.5068330843854,10.096644639552778,0.7400539294784315,78.13896522775671,73.74579247522036,0.0050186998384467,1,0.3165410769230768,0.136826,0.5466333076923077,0.6345245384615384,0.1797153076923076,0.2769230769230769,0.3665633846153845,0.2278643076923076,13
2024-05-31,AAPL,190.5989532470703,190.9162123421418,188.2790528434088,189.7959119633218,75158300,0.9517822265625,0.0050186998384467,185.08531618673723,175.48862182617188,179.2462671661377,67.29456330302978,3.128827383518715,1014023700.0,4.2177215177734695,-0.1163485889906548,4.334070106764124,178.96690239387183,186.1237548828125,193.2806073717532,7.69042349639548,0.8126512926718298,83.66152331749761,79.0411881202988,0.0092587574201872,1,0.2878246666666667,0.1765462222222222,0.5356293333333333,0.6539471111111111,0.1112786666666666,0.36,0.3105345555555556,0.218744,9
2024-06-03,AAPL,192.36366271972656,193.31542486412093,190.86663609575567,191.24336235629545,50080500,1.76470947265625,0.0092587574201872,185.778492047022,175.9425326538086,179.336265335083,69.77982446650023,3.099373400199565,1064104200.0,4.2823272883385926,-0.0413942547404255,4.323721543079018,179.3378254763485,186.66399459838868,193.99016372042885,7.849579280463347,0.8889937582925094,88.09467956663514,83.29838937062982,0.0016492758440025,1,0.2944717,0.14831091111111108,0.5572176333333333,0.6355826333333333,0.14616073333333332,0.28688888888888886,0.350462011111111,0.23926567777777774,14
2024-06-04,AAPL,192.6809234619141,193.64259428823087,191.3722523931234,192.96842627855952,47471400,0.3172607421875,0.0016492758440025,186.43586646748784,176.38476928710938,179.4405394744873,70.2179857004839,3.040156864121564,1111575600.0,4.30945144370412,-0.0114160794999182,4.320867523204038,180.2214056629496,187.3027687072754,194.3841317516012,7.561407760493727,0.8797400811802848,89.61778751265315,87.12466346559529,0.0078209234310697,1,0.2200300714285714,0.183061,0.5969093571428571,0.6371141428571429,0.0369690714285714,0.3071428571428571,0.2694499285714286,0.2433629285714285,14
2024-06-05,AAPL,194.1878662109375,195.20901937445225,193.19645419760303,193.72190135445047,54156800,1.5069427490234375,0.0078209234310697,187.1741521573402,176.8854605102539,179.54992889404298,72.27427837132498,3.003581081865607,1165732400.0,4.401803962004266,0.064749151040182,4.337054810964084,180.99981170613827,187.98273239135744,194.96565307657656,7.429321402437689,0.9443079120685552,89.25800304437594,88.99015670788806,-0.0070967231942428,0,0.2796322727272727,0.1649705454545454,0.5553976363636364,0.6152892727272726,0.1146617272727272,0.3009090909090909,0.2557183636363636,0.2178694545454545,11
2024-06-06,AAPL,192.8097686767578,194.8124248113502,192.5024334295556,194.0093836485974,41181800,-1.3780975341796875,-0.0070967231942428,187.7108775401419,177.38116302490235,179.64576217651367,67.6726461603708,2.954038960431969,1124550600.0,4.314063209091131,-0.018393281498362,4.332456490589493,182.09258602202468,188.57695999145508,195.0613339608855,6.87716460136406,0.826385299896155,85.08147818344638,87.98575624682515,0.0123921522199186,1,0.347671375,0.129014875,0.5233139375,0.641284875,0.2186566875,0.2725,0.3437445625,0.2271305,16
2024-06-07,AAPL,195.1990966796875,195.24867030234284,192.4727138388465,192.97832848334124,53103900,2.3893280029296875,0.0123921522199186,188.42404126771768,177.8533676147461,179.74667892456054,71.10739751516894,2.941318782079428,1177654500.0,4.386759004517245,0.0434420111422007,4.343316993375044,182.6851722766572,189.20006103515624,195.71494979365528,6.886772364506241,0.9604096759676196,88.64056637518736,87.66001586766988,-0.0191477582921584,0,0.22807,0.1608929999999999,0.61103725,0.6236102499999999,0.0671770833333333,0.1825,0.1984015833333333,0.2435946666666666,12
2024-06-10,AAPL,191.4614715576172,195.6055813883456,190.49980075281104,195.20900753042525,97010200,-3.737625122070313,-0.0191477582921584,188.7133203429462,178.28705688476563,179.80970062255858,60.31210776525931,3.095923200183362,1080644300.0,4.095564714791152,-0.198201822867114,4.293766537658266,184.17260978058644,189.6992378234864,195.2258658663862,5.826726671450701,0.659431186652304,78.92518687960867,84.21574381274748,0.0726491615660309,1,0.21918862083333332,0.1600489486111111,0.6207625597222223,0.6423497263888889,0.05913965138888886,0.2115694444444444,0.20826167361111111,0.2360698694444444,24
2024-06-11,AAPL,205.37098693847656,205.38091074009856,191.9671077738812,191.9869251216324,172373300,13.909515380859377,0.0726491615660309,190.29976478061576,179.02764739990235,179.96567375183105,75.32528489794775,3.869031484633219,1253017600.0,4.930338908894356,0.5092578969888724,4.421081011905484,182.34657873456072,190.7337776184082,199.12097650225567,8.794665516065368,1.3725922398393045,86.76363676111716,84.77646333863773,0.0285783850487915,1,0.307749375,0.1998276249999999,0.492423125,0.5809793333333334,0.107921875,0.60875,0.4513437916666666,0.243229125,24
2024-06-12,AAPL,211.2401580810547,218.3089152196564,205.1231328450552,205.58909768640683,198134300,5.869171142578125,0.0285783850487915,192.29408795208613,179.90918548583986,180.13998207092283,78.94460805776541,4.534513691059503,1451151900.0,5.996374064834498,1.2602344423432117,4.736139622491287,180.03993075649697,192.0047691345215,203.969607512546,12.463063737382246,1.3038298696061903,79.8455779898572,81.84480054352768,0.0054911084970312,1,0.3809506,0.12900564,0.490044,0.65821776,0.25194496,0.3388,0.4395397599999999,0.22985244,25
2024-06-13,AAPL,212.4001007080078,214.888539245905,209.7827737762817,212.8958066808934,97862700,1.159942626953125,0.0054911084970312,194.20894630979296,180.79788330078125,180.3122885894776,79.58203738050798,4.5753173895283465,1549014600.0,6.855783082438165,1.6957147679575026,5.160068314480663,178.47650320032682,193.220240020752,207.9639768411771,15.261068735699384,1.1504409608249777,86.72658105153778,84.44526526750404,-0.0081683333868539,0,0.2088974090909091,0.2044484545454545,0.5866542727272727,0.6088468181818182,0.0044489545454545,0.4090909090909091,0.286585409090909,0.223003409090909,22
2024-06-14,AAPL,210.66514587402344,213.3221228300664,209.4853631481137,212.0134668282421,70122700,-1.734954833984375,-0.0081683333868539,195.77620341114823,181.66831726074216,180.45651611328125,75.8816936252046,4.5225632675586525,1478891900.0,7.312579698277744,1.7220091070376655,5.590570591240079,177.96684343030526,194.34301528930663,210.719187148308,16.852853532835397,0.9983500028349156,78.47918363972332,81.6837808937061,0.0196714493416738,1,0.217191875,0.181047,0.6017613749999999,0.6017613749999999,0.036144875,0.22375,0.2396889999999999,0.2286227499999999,8
2024-06-17,AAPL,214.80923461914065,217.0696527520261,210.89316027395952,211.5375720180444,93728300,4.144088745117188,0.0196714493416738,197.58887305000465,182.6065838623047,180.60403450012208,78.45821771513151,4.656987811161794,1572620200.0,7.917717121143994,1.8617172239231312,6.055999897220863,177.30192138807317,195.6715087890625,214.04109619005183,18.7759449647747,1.0209078846552488,81.72487109306617,82.31021192810908,-0.010984506175637,0,0.2527547476190476,0.15989131428571426,0.5873542476190476,0.6269266952380952,0.09286346666666667,0.28257142857142853,0.27402084285714284,0.23296135238095236,34
2024-06-18,AAPL,212.4496612548828,216.75240063817128,211.1707464886947,215.7213237330737,79943300,-2.3595733642578125,-0.010984506175637,199.004186212374,183.5200344848633,180.7386688232422,73.63475040076459,4.723035406755707,1492676900.0,8.113369168450049,1.6458954169833486,6.4674737514667004,177.3160311832511,196.8240249633789,216.33201874350672,19.8227770047457,0.9004931636645602,81.39850552483792,80.53418675254247,-0.0215130235714012,0,0.26704496,0.14587156,0.58708368,0.6045769999999999,0.12117336,0.244,0.27239956,0.2283646,25
2024-06-20,AAPL,207.8792266845703,212.4000773678065,207.0563681724187,212.0927269910851,86172500,-4.5704345703125,-0.0215130235714012,199.84942816210705,184.3179183959961,180.8426002502441,65.26504387418271,4.770910955020593,1406504400.0,7.8096046908620735,1.0737047515162974,6.735899939345776,177.81984611201196,197.68308029174804,217.54631447148407,20.096038720583657,0.7566587671614952,78.08513628322238,80.40283763370883,-0.0104443966351558,0,0.2506643333333334,0.1594120083333333,0.5899238166666667,0.6362401916666667,0.09125233333333325,0.1785833333333333,0.29248908333333334,0.23954866666666663,27
2024-06-21,AAPL,205.7080535888672,210.0702597495804,205.3313122387871,208.58314195009936,241805100,-2.171173095703125,-0.0104443966351558,200.40739248846512,185.10980346679688,180.93449081420897,61.67844768863933,4.768627851861502,1164699300.0,7.309415241346869,0.4588122416008744,6.850602999745995,178.74349969482523,198.5054573059082,218.2674149169912,19.910744902724435,0.682233876438425,66.8151780561078,75.4329399547227,0.0031327137038812,1,0.3261422,0.1871068,0.4867508666666666,0.6363402666666667,0.1390354,0.3899999999999999,0.3776886,0.2455318666666666,15
2024-06-24,AAPL,206.3524780273437,210.87331399723783,204.8157865138524,205.93608683303725,80727000,0.6444244384765625,0.0031327137038812,200.97359111121543,185.77081970214843,181.0631292724609,62.33997037372336,4.86069211125607,1245426300.0,6.8856378188262966,0.0280278552642414,6.857609963562055,180.4963028693997,199.5593276977539,218.6223525261081,19.105120315123973,0.6781760867112172,58.98742936368438,67.96258123433819,0.004468216697492,1,0.21752829914529911,0.1797680616605616,0.6027039261294261,0.6326404755799756,0.03776025946275943,0.2588034188034188,0.218314365079365,0.2319068608058608,26
2024-06-25,AAPL,207.2745056152344,209.5646648210329,206.81844945769743,207.3538052595708,55549700,0.922027587890625,0.004468216697492,201.5736782068363,186.42037567138672,181.2227938842773,63.31571967624112,4.742941731429862,1300976000.0,6.548701721938784,-0.2471265932986179,6.795828315237402,181.88883984411328,200.5056312561036,219.1224226680937,18.569843944393995,0.6817948702688723,57.33807768917262,61.0468950363216,0.0199932390759618,1,0.2701998571428571,0.1598162142857143,0.5699842142857142,0.6278115714285715,0.1103837142857142,0.3321428571428572,0.269301,0.219652,14
2024-06-26,AAPL,211.4185943603516,213.01476817493463,208.8310086144187,209.68362348048936,66213200,4.144088745117188,0.0199932390759618,202.51128926907583,187.22924682617187,181.4001174926757,67.40359057046905,4.814178933449176,1367189200.0,6.540673947954304,-0.2041234938264793,6.744797441780783,183.33994902552843,201.658642578125,219.9773361307216,18.16802227605957,0.7663932270662157,64.18300471036275,60.16950392107325,0.0039859178238521,1,0.2379763529411764,0.1573121176470588,0.6047119411764706,0.6556532352941177,0.0806643529411764,0.1952941176470588,0.2979362352941176,0.2261869411764706,17
2024-06-27,AAPL,212.26129150390625,213.8872063968936,210.52632069800987,212.8462208878068,49772700,0.8426971435546875,0.0039859178238521,203.43986091048825,188.12051513671875,181.57582832336425,68.18009372052325,4.71037227383736,1416961900.0,6.52707049035314,-0.1741815611421149,6.701252051495255,184.9875661370957,202.83891754150392,220.69026894591207,17.601505293731957,0.7639120632647334,71.26559086942837,64.26222442298791,-0.0162541130043543,0,0.2652725,0.1547106,0.58001735,0.6359651000000001,0.1105619499999999,0.1805,0.17363435,0.22936705,20
2024-06-28,AAPL,208.8111724853516,214.21437951883613,208.4939285392998,213.9169529190877,82542700,-3.4501190185546875,-0.0162541130043543,203.95141439380856,188.9701065063477,181.749397354126,61.69966818176104,4.7825207528158575,1334419200.0,6.166806771489149,-0.427556224004884,6.594362995494033,186.8463864207757,203.7971176147461,220.7478488087165,16.63490768894358,0.6479008431326263,73.10751320266102,69.51870292748404,0.0291045828066178,1,0.2054018666666666,0.2124203333333333,0.5821781333333332,0.5903977333333333,-0.0070184666666666,0.14,0.2572408666666667,0.2820538666666666,15
2024-07-01,AAPL,214.88853454589844,215.6420021622164,210.10001313722785,210.26855134899324,60402900,6.077362060546875,0.0291045828066178,204.9930448844838,189.9602545166016,181.9636725616455,67.55052331135741,4.928828533105068,1394822100.0,6.29907568294712,-0.2362298500375317,6.535305532984651,188.54365668142387,205.0115966796875,221.4795366779512,16.065374120268263,0.7998838308632518,77.0383780412656,73.80382737111832,0.0162399386207492,1,0.3094811898989899,0.13998641616161614,0.550532602020202,0.6100019656565657,0.16949463232323225,0.2569292929292929,0.23365550707070704,0.2535562404040404,19
2024-07-02,AAPL,218.37831115722656,218.4873670751859,213.2527132686293,214.2936836981781,58046200,3.489776611328125,0.0162399386207492,206.26783214855453,191.06059295654296,182.18784240722653,70.3513658875811,4.950673195494461,1452868300.0,6.6093075719395245,0.0592016311638978,6.550105940775627,189.93657895242896,206.3123291015625,222.6880792506961,15.874717929312084,0.8684100558991024,84.02145434485595,78.05578186292752,0.0058110736567524,1,0.2493428823529411,0.1733237647058823,0.5773337058823529,0.6197056470588235,0.0760190588235294,0.2741176470588235,0.1953455294117647,0.2238354117647059,17
2024-07-03,AAPL,219.64732360839844,219.64732360839844,217.1489612238199,218.1106320389385,37369800,1.269012451171875,0.0058110736567524,207.54206943044443,192.16967864990235,182.421961593628,71.32076259504007,4.775508137571895,1490238100.0,6.87827876230412,0.2625382572227943,6.615740505081326,191.5580189716953,207.6606491088868,223.76327924607816,15.508600407723875,0.8721961691160842,95.40590259308316,85.48857832640157,0.0216202968195404,1,0.3749888947368421,0.1359834210526316,0.4890278947368421,0.6638372105263158,0.2390054736842105,0.3121052631578947,0.3769642631578948,0.237001,19
2024-07-05,AAPL,224.3961639404297,224.5052198536283,219.7464397478406,219.7464397478406,60412400,4.74884033203125,0.0216202968195404,209.14722128853828,193.3527514648437,182.66521003723145,74.65974546164792,4.781393002404607,1550650500.0,7.389451103038937,0.6189684783660878,6.770482624672849,192.74299045187016,209.1710639953613,225.5991375388525,15.707787903068136,0.96338665044206,99.54947875761992,92.99227856518634,0.0065389516828713,1,0.4264228136363637,0.12485516590909085,0.4487222318181818,0.6376933545454545,0.3015676022727273,0.37515909090909094,0.33595462727272724,0.23232367499999995,31
2024-07-08,AAPL,225.8634796142578,225.89322076278884,221.3327197032473,225.13973799267995,59085900,1.467315673828125,0.0065389516828713,210.7392458909877,194.5231918334961,182.91036361694336,75.60483095229363,4.765615006485817,1609736400.0,7.8227828071902366,0.8418401460139098,6.980942661176327,194.6637658410924,210.8237495422364,226.9837332433804,15.33032567367987,0.965338652258566,99.76833845925484,98.24123993665263,0.0037748470851168,1,0.43646403918128657,0.14230916549707598,0.42122679532163737,0.6311350859649123,0.2941549263157895,0.4373040935672514,0.4892214684210526,0.24697002163742687,30
2024-07-09,AAPL,226.7160797119141,227.4298975332092,224.4259205051531,225.97252074204383,48076100,0.85260009765625,0.0037748470851168,212.26084911202835,195.69345672607423,183.17745666503907,76.16118504852145,4.639783722312263,1657812500.0,8.141152864589742,0.9281681627307314,7.21298470185901,196.4967955681065,212.39959869384765,228.3024018195888,14.974419183026246,0.9501244499120088,98.71616677069558,99.3446613291901,0.0188035925270215,1,0.5296364,0.1116365999999999,0.3587271333333333,0.6347436,0.4179999333333333,0.452,0.3662506,0.2152246,15
2024-07-10,AAPL,230.97915649414065,231.0783037422216,227.28119408246096,227.3307677065015,62627700,4.2630767822265625,0.0188035925270215,214.0435450531819,196.96066619873048,183.47356773376464,78.76848449971313,4.619958030026211,1720440200.0,8.637885925070776,1.1399209785694122,7.497964946501364,199.58894740847583,214.37548294067383,229.16201847287184,13.794987495179214,1.0614456989371153,98.7749523120849,99.0864858473451,-0.0232209520097506,0,0.412626,0.1356185833333333,0.4517555,0.6220942083333333,0.2770073333333333,0.3366666666666666,0.407958,0.2315644999999999,24
2024-07-11,AAPL,225.6156005859375,230.39419780728423,223.83105624130303,229.40278596334767,64710600,-5.363555908203125,-0.0232209520097506,215.14564558011105,198.037438659668,183.738614654541,68.6022738941791,4.800539617369881,1655729600.0,8.500764792598744,0.8022398768779038,7.69852491572084,200.43461867541944,215.3877136230469,230.34080857067428,13.884817008454853,0.841998997488927,91.88852733633966,96.45988213970672,0.0130509759809722,1,0.3261634375,0.21486225,0.4589743125,0.6040170625,0.111301375,0.416875,0.349882125,0.2299090625,16
2024-07-12,AAPL,228.5601043701172,230.64207551688347,226.71607753741577,226.9540218514806,53046500,2.9445037841796875,0.0130509759809722,216.42321308392115,199.23587188720705,184.01201477050785,70.82821469248357,4.816677854053888,1708776100.0,8.531348084213647,0.6662585347942445,7.865089549419403,200.38370226320748,216.2537109375,232.1237196117925,14.677212802955449,0.8877248489647037,89.74450962918199,93.4693297592022,0.0167433355486694,1,0.3510658888888889,0.1446035555555555,0.5043306666666667,0.5892488888888888,0.2064625555555555,0.4711111111111111,0.5179876666666667,0.2227945555555555,9
2024-07-15,AAPL,232.386962890625,235.1926606193721,231.0882156126273,234.44910163171727,62631300,3.826858520507813,0.0167433355486694,217.94357020836912,200.53123748779296,184.3248915863037,73.46154877471734,4.946383453711103,1771407400.0,8.763362475756253,0.7186183410694795,8.044744134686773,200.02085366248136,217.2530540466309,234.4852544307804,15.863712903617746,0.93911713265343,86.57428542041576,89.40244079531247,0.0017918920594164,1,0.339056244047619,0.17865180092592592,0.48229189021164015,0.5734390443121693,0.16040436640211636,0.35088624338624336,0.4094120046296296,0.23171877116402118,33
2024-07-16,AAPL,232.80337524414065,234.2409196318231,230.3347538954296,232.9818221444648,43234300,0.416412353515625,0.0017918920594164,219.35878973558548,201.7610717773437,184.6474050140381,73.73933743452693,4.872082188188417,1814641700.0,8.878490833789385,0.6669973592820888,8.211493474507296,200.14650595540328,218.3599655151367,236.57342507487016,16.68205022543008,0.896503741687153,90.52472535716394,88.94784013558723,-0.0252960575085459,0,0.3502993571428571,0.1647607142857143,0.48494,0.5924512142857142,0.1855387142857142,0.4671428571428571,0.4391719285714285,0.2277097857142857,14
2024-07-17,AAPL,226.91436767578125,229.47221227385296,224.69359950369105,227.479464610192,57345900,-5.889007568359375,-0.0252960575085459,220.0783685870327,202.66818176269533,184.93918968200683,63.60020803886584,5.103346013349928,1757295800.0,8.39773335005691,0.1489919004396913,8.248741449617219,200.4617417397653,218.9652221679688,237.46870259617225,16.900839544290186,0.7148013596322184,83.38547645221131,86.82816240993033,-0.0205347836670687,0,0.30788575,0.1589885833333333,0.5331256666666667,0.57676425,0.14889725,0.3166666666666666,0.3853736666666666,0.2422304166666666,12
2024-07-18,AAPL,222.2547302246093,228.46097889584823,220.3611448415193,228.3023493485251,66034600,-4.659637451171875,-0.0205347836670687,220.2856411239448,203.5151675415039,185.20510848999024,56.9300283623772,5.317380873419856,1691261200.0,7.553661868405982,-0.5560636649689901,8.109725533374972,201.1499829972872,219.4554756164551,237.760968235623,16.682648330142964,0.5764594175745685,70.52855213899342,81.47958464945621,0.0005798559710816,1,0.5605865,0.059023,0.3803904999999999,0.5605865,0.5015635,0.08,0.7107265,0.2689829999999999,2
2024-07-19,AAPL,222.38360595703125,224.8522270905052,221.3624528868853,222.88923571935769,49151500,0.128875732421875,0.0005798559710816,220.48544729852443,204.3510678100586,185.4591304779053,57.06415120582224,5.186837539862714,1740412700.0,6.816551371483399,-1.034539329513258,7.851090700996657,202.63361016581416,220.18069458007807,237.7277789943421,15.938803760910304,0.5627714361242369,56.49589076777343,70.13663978632606,-0.0015602987539841,0,0.2711160666666667,0.1550723333333333,0.5738119333333334,0.6180258,0.1160437333333333,0.2146666666666666,0.2649459333333333,0.2412216666666666,15
2024-07-22,AAPL,222.03662109375,225.82380677595344,221.174082433242,225.06041535891617,48201800,-0.34698486328125,-0.0015602987539841,220.63317813616496,205.1732958984375,185.718083114624,56.55351473032884,5.148472311494766,1692210900.0,6.13368194609447,-1.373927003921751,7.507608950016221,204.7480806615,220.99712295532223,237.2461652491445,14.705207087340426,0.5319864432509649,46.84337541279199,57.95593943985293,0.004688348716054,1,0.2634334444444444,0.16208040277777777,0.5744862222222222,0.6062692638888889,0.10135304166666659,0.25333333333333335,0.31728931944444444,0.24139605555555554,23
2024-07-23,AAPL,223.07760620117188,224.9910392063895,220.7676144514488,222.44310313331528,39960300,1.040985107421875,0.004688348716054,220.8659808090228,205.98010650634765,185.97601943969727,57.77431289410869,5.082397486026619,1732171200.0,5.611812325699816,-1.5166372994531248,7.128449625152941,207.02775092628588,221.83337936401367,236.63900780174143,13.348422568483484,0.5420187107352925,40.61541445882997,47.98489354646512,-0.028754247547165,0,0.225434294117647,0.2000630588235294,0.5745029411764706,0.5899961764705882,0.0253713529411764,0.2452941176470588,0.2748300588235294,0.241789,17
2024-07-24,AAPL,216.6631774902344,222.86942645430565,215.2652980307627,222.07629380801336,61777600,-6.4144287109375,-0.028754247547165,220.465713826281,206.68381134033203,186.195711517334,48.694669514421,5.27739110633966,1670393600.0,4.62729551995173,-2.0009232841609697,6.6282188041127,208.8388165838472,222.30281295776368,235.7668093316801,12.11320378251317,0.2905660655682126,26.636053745763167,38.03161453912837,-0.004804624022782,0,0.3811463333333333,0.0987061666666666,0.5201478333333334,0.5924806666666668,0.2824403333333333,0.0533333333333333,0.3310148333333333,0.2830705,6
2024-07-25,AAPL,215.6221923828125,218.9533371697593,212.77682977395943,217.0498128962932,51391200,-1.040985107421875,-0.004804624022782,220.0044260697602,207.3026513671875,186.39746002197265,47.392945490364895,5.341613698443959,1619002400.0,3.7201761847142905,-2.326434095518728,6.046610280233018,209.61588499116948,222.51299285888672,235.410100726604,11.5922290217869,0.2328548172678858,17.521854297320996,28.257774167304703,0.0021609911134485,1,0.2057265,0.2057265,0.5885475,0.5885475,0.0,0.54,0.226,0.1990905,2
2024-07-26,AAPL,216.0881500244141,217.6050090608147,214.15488466672127,216.8217851678197,41601300,0.4659576416015625,0.0021609911134485,219.63144739877487,207.9080078125,186.59413192749025,48.06222486975866,5.206507319561778,1660603700.0,3.0042453927931945,-2.43389190995186,5.438137302745054,210.31784363235465,222.7043357849121,235.0908279374696,11.123709925899538,0.2329273825466401,11.49355158133757,18.550486541473905,0.0012846754872153,1,0.2937892857142857,0.1885537142857143,0.5176568571428571,0.569213,0.1052355714285714,0.4071428571428571,0.5428537142857143,0.2450147142857142,7
2024-07-29,AAPL,216.36575317382807,217.41664743865044,213.8971319294418,215.096747065996,36311800,0.2776031494140625,0.0012846754872153,219.32042890116088,208.4735092163086,186.7951544189453,48.48273733220467,5.0860079045365545,1696915500.0,2.431239520525708,-2.405518225775477,4.836757746301185,212.023764788977,223.08206481933595,234.1403648496949,9.914109446059282,0.1963225980906126,14.492148170319744,14.502518016326098,0.002565913380959,1,0.21726867368421046,0.18605939999999999,0.5966722204678363,0.6220818204678363,0.031209067251461966,0.12767836257309942,0.3437000567251462,0.26895134210526317,36
2024-07-30,AAPL,216.92092895507807,218.43778796730905,214.2639371695869,217.3075789949067,41643800,0.55517578125,0.002565913380959,219.09190509677205,209.04773498535155,186.9919910430908,49.36567762991866,5.020853825478382,1738559300.0,1.998884389241795,-2.2702986856475125,4.269183074889307,212.3943460684004,223.1836845397949,233.9730230111894,9.668572766546204,0.2097711040708811,16.423426978322542,14.13637557665995,0.0149909293176131,1,0.5133144,0.0892214,0.3974643999999999,0.6681302,0.4240928,0.3339999999999999,0.5104826,0.2216537999999999,5
2024-07-31,AAPL,220.1727752685547,221.8978375670677,218.7352309170004,219.53827220377053,50036300,3.2518463134765625,0.0149909293176131,219.19484511313232,209.6864031982421,187.2005934906006,54.30565745931156,5.017714881657756,1788595600.0,1.8967718482654163,-1.897928981299113,3.794700829564529,212.6163717646304,223.2734077453613,233.93044372609228,9.546175774667322,0.3545265080078116,22.49744563699524,17.804340261879172,-0.0167507747980958,0,0.359466,0.17458825,0.4659455,0.58672625,0.184878,0.3525,0.39915275,0.22820475,4
2024-08-01,AAPL,216.4847106933593,222.552146893606,215.1562223313537,222.44309097566543,62501000,-3.688064575195313,-0.0167507747980958,218.93673707315395,210.2281106567383,187.3999394989013,48.52355274700084,5.187587001700221,1726094600.0,1.5009489301257304,-1.83500151955104,3.33595044967677,212.1580886377276,223.1152770996094,234.0724655614912,9.821997493241984,0.1974330399939435,22.674340737533225,20.531737784283663,0.0068694069769097,1,0.5769946666666667,0.0788996666666666,0.3441056666666666,0.612059,0.498095,0.5299999999999999,0.4608426666666667,0.2135213333333333,3
2024-08-02,AAPL,217.97183227539065,223.6625423233413,215.84030263063204,217.2679231335739,105568600,1.48712158203125,0.0068694069769097,218.84484137812888,210.77358489990235,187.60736289978027,50.798402527042334,5.375776479629441,1831663200.0,1.2923572095785971,-1.634874592078538,2.927231801657136,211.63116979182152,222.79406051635743,233.9569512408933,10.020815365242951,0.2840062955033859,24.579624203905635,23.250470192811363,-0.0481670216076973,0,0.3312025,0.177946625,0.490851,0.61840225,0.153256,0.315,0.436407125,0.2317445,8
2024-08-05,AAPL,207.4727783203125,211.66644653820467,194.3167378055649,197.3801970311264,119548600,-10.499053955078123,-0.0481670216076973,217.7617877535749,211.1378302001953,187.77004318237303,38.02290490239659,6.681442050357743,1712114600.0,0.2766715607724563,-2.120448192707743,2.3971197534802,208.9790990805177,221.87452545166016,234.76995182280265,11.624071168054838,-0.0584052328651986,26.0556762896344,24.43654707702441,-0.0097482256296566,0,0.24072871296296294,0.20704625000000002,0.5522252685185185,0.5872559351851852,0.03368246296296297,0.2924074074074074,0.4502824259259259,0.26142474074074074,15
2024-08-06,AAPL,205.4502868652344,208.18659343179937,199.343200967242,203.5368691310161,69660500,-2.022491455078125,-0.0097482256296566,216.58926385944724,211.5413345336914,187.92907905578613,36.13748987329101,6.835867079943432,1642454100.0,-0.683584850643399,-2.464563683298879,1.7809788326554798,206.28427208880467,220.8112358093261,235.33819952984769,13.157812071724248,-0.0287047327857013,31.41102625772562,27.348775583755213,0.0124983010741668,1,0.2687086666666667,0.2692535555555555,0.4620377777777777,0.5759731111111112,-0.0005448888888888,0.5377777777777778,0.3293945555555556,0.2323387777777777,9
2024-08-07,AAPL,208.01806640625,211.80525225793107,204.61751548926864,205.12313014700663,63516400,2.567779541015625,0.0124983010741668,215.7729593400952,211.93472717285155,188.10283004760743,40.192334732770654,6.861000629137647,1705970500.0,-1.2232952397840222,-2.403419257951602,1.1801240181675794,204.90458134349453,219.66318130493164,234.42178126636875,13.437481760723063,0.1054803663928396,37.83879121579776,31.76849792105259,0.0166332762938916,1,0.3195008333333333,0.1388576666666666,0.5416415,0.5876621666666666,0.1806433333333333,0.2966666666666667,0.3068761666666666,0.255401,6
2024-08-08,AAPL,211.47808837890625,212.36044444161047,207.0365669160157,211.279809007194,47161100,3.46002197265625,0.0166332762938916,215.3639240104581,212.39712158203125,188.3066199493408,45.23794605542198,6.751206121741728,1753131600.0,-1.3561914244568245,-2.029052354099523,0.6728609296426986,204.0522636089629,218.95630569458007,233.86034778019723,13.613713510865187,0.2491211688508812,43.520725488327344,37.59018098728357,0.0137359925676585,1,0.2170198,0.1720539999999999,0.6109262,0.6109262,0.0449658,0.254,0.2817442,0.228495,5
2024-08-09,AAPL,214.3829498291016,214.91830568661297,210.149616086692,210.27850449568905,42201600,2.9048614501953125,0.0137359925676585,215.270497897948,212.9116647338867,188.52434173583984,49.11895144610337,6.609597798754532,1795333200.0,-1.2131303546042034,-1.5087930273975216,0.2956626727933182,203.89972757871976,218.2474479675293,232.59516835633883,13.14812202609964,0.3653271030622453,54.45726367312858,45.27226012575122,0.0071298518747702,1,0.363331125,0.171217125,0.46545175,0.56720475,0.192113875,0.3712499999999999,0.314577375,0.237484125,8
2024-08-12,AAPL,215.9114685058593,217.8767320905019,213.9958359256548,214.4623401059105,38028100,1.5285186767578125,0.0071298518747702,215.33154271774904,213.4369506835937,188.7475336456299,51.08344405550172,6.414690539189715,1833361300.0,-0.9652875096551838,-1.0087601459588016,0.0434726363036178,204.6077127005905,217.423673248291,230.23963379599152,11.788928368499311,0.4410030665745549,64.49079429729228,54.15626115291607,0.0171930351250115,1,0.33321452976190474,0.1584891607142857,0.5082963095238094,0.5961189761904762,0.1747255119047619,0.27767857142857144,0.3591959226190476,0.26701439880952377,23
2024-08-13,AAPL,219.62364196777344,220.2390240033397,217.38044783379533,217.38044783379533,44155300,3.712173461914064,0.0171930351250115,215.74031407489423,214.01744445800784,189.0008402252197,55.56999782080082,6.265609464781905,1877516600.0,-0.4639804175378117,-0.4059624430731436,-0.058017974464668,205.9863417743932,216.76468658447263,227.5430313945521,9.944742365476738,0.6326249732067954,75.08033372063656,64.6761305636858,0.0020336609057507,1,0.3716328571428571,0.1517438571428571,0.4766235714285714,0.5831854285714285,0.2198891428571428,0.2557142857142857,0.4528812857142857,0.2543342857142857,7
2024-08-14,AAPL,220.07028198242188,221.3705324358261,218.06530765715263,218.9288446755302,41960600,0.4466400146484375,0.0020336609057507,216.15269197084925,214.5715768432617,189.27716705322263,56.09181282434541,6.054153415774163,1919477200.0,-0.0303015217754705,0.022173162151358,-0.0524746839268285,206.5590909615721,216.4224822998047,226.2858736380373,9.114941510160714,0.6849160982023265,82.52761650630339,74.03291484141074,0.0135306395010139,1,0.207945125,0.186213125,0.605841875,0.605841875,0.0217319999999999,0.1325,0.219107,0.24885675,8
2024-08-15,AAPL,223.0479736328125,223.6732909687273,221.10255033510867,222.9288713384501,46414000,2.977691650390625,0.0135306395010139,216.8093854624648,215.1789178466797,189.5618152618408,59.50636511281464,5.879071670812111,1965891200.0,0.5473573632179409,0.4798656377158156,0.0674917255021253,206.49938379610705,216.46214447021484,226.42490514432265,9.205083594169684,0.8305223008976594,90.62188591794197,82.74327871496062,0.0059185210887204,1,0.2494668181818181,0.1884130909090909,0.5621202727272727,0.5862082727272727,0.0610537272727272,0.3309090909090909,0.2178398181818181,0.2412856363636364,11
2024-08-16,AAPL,224.3680877685547,225.1422830006272,221.98593577772976,222.25393109506464,44340200,1.3201141357421875,0.0059185210887204,217.52926187256853,215.78252227783204,189.8428433990479,60.95600120465844,5.6845913531039205,2010231400.0,1.099009670115663,0.8252143556908302,0.2737953144248329,206.3288094855504,216.561368560791,226.79392763603164,9.45003177920742,0.8814646536785371,94.37241564987754,89.17397269137429,-0.0007079616166469,0,0.2646936,0.2010095999999999,0.534297,0.535944,0.0636838,0.3379999999999999,0.2319752,0.2917714,5
2024-08-19,AAPL,224.2092437744141,224.30850577318623,221.3804434072076,224.04051049270504,40687800,-0.158843994140625,-0.0007079616166469,218.1654506251253,216.4105117797852,190.12070739746093,60.674537302485504,5.491952282264147,1969543600.0,1.5060202509716871,0.9857799492374836,0.5202403017342039,206.1647446607063,216.6699996948242,227.1752547289421,9.69700932193139,0.8588320347818617,97.44384898077108,94.14605018286352,0.0027446993376856,1,0.25023169444444443,0.21334963888888883,0.5364189444444445,0.5689081111111111,0.03688219444444443,0.29527777777777775,0.27125275,0.2470406388888889,13
2024-08-20,AAPL,224.8246307373047,225.4797235950926,223.772520166148,224.09014645304697,30299000,0.615386962890625,0.0027446993376856,218.7996582548567,217.0030224609375,190.38584815979004,61.41782193250745,5.221613078455608,1999842600.0,1.8568312586425009,1.0692727655266376,0.7875584931158632,206.0140749015185,216.7573509216309,227.5006269417432,9.912721275133665,0.8754571603936825,97.45315798734764,96.42314087266544,-0.0004855401145111,0,0.2297306666666666,0.1658386666666666,0.6044309999999999,0.6044309999999999,0.0638923333333333,0.3066666666666666,0.2668616666666666,0.251247,3
2024-08-21,AAPL,224.7154693603516,226.2837152200136,223.375523094966,224.8345868015738,34765500,-0.109161376953125,-0.0004855401145111,219.3630688363324,217.66810241699216,190.6326679992676,61.1968608172231,5.056368724640749,1965077100.0,2.1018146874750414,1.0514049554873424,1.050409731987699,205.8712923561419,217.15996551513672,228.4486386741316,10.396642983633146,0.8346497741054103,96.65506029676904,97.18402242162924,-0.0082597533923004,0,0.3758963333333333,0.1257243333333333,0.4983793333333333,0.55938,0.250172,0.3666666666666667,0.3508623333333333,0.2187909999999999,3
2024-08-22,AAPL,222.859375,226.6410241305216,222.2340576918725,226.09511339685903,43695300,-1.8560943603515625,-0.0082597533923004,219.6960503757293,218.0178701782227,190.87474990844728,57.414534293998976,5.009982847069914,1921381800.0,2.121736459808972,0.8570613822570179,1.2646750775519535,205.99212048577607,217.5218246459961,229.0515288062161,10.600963079437152,0.7314695277446751,93.76430769624704,95.95750866012123,0.0102881746038701,1,0.5400118,0.0928726,0.367116,0.7279028,0.4471394,0.3379999999999999,0.3413256,0.2093792,5
2024-08-23,AAPL,225.1521911621093,226.52192810531065,222.66087229355688,223.98097823318813,38677300,2.292816162109375,0.0102881746038701,220.215682831575,218.2961108398437,191.11555709838868,60.649942696299966,4.927916630261616,1960059100.0,2.296068066907708,0.8251143914846031,1.4709536754231047,206.0023109017492,217.97502670288085,229.9477425040125,10.985401384949943,0.7997300102350273,92.64701268929927,94.35546022743846,0.0014988234276755,1,0.403527625,0.1642195,0.432252875,0.579843125,0.2393081249999999,0.59375,0.31804825,0.2584065,8
2024-08-26,AAPL,225.4896545410156,225.58891654674125,222.22414052811973,225.0727813784282,30602200,0.33746337890625,0.0014988234276755,220.7179658515217,218.5579019165039,191.3452633666992,61.11816975463453,4.81626372943018,1990661300.0,2.43340679708976,0.7699624973333234,1.6634442997564358,206.0502104254754,218.43122177124025,230.8122331170051,11.336301876048925,0.7850507350592909,92.539652419856,92.98365760180076,0.0037414507950837,1,0.3782304074074074,0.15007779629629622,0.4716918333333333,0.5532253703703703,0.22815279629629626,0.2644444444444444,0.40600703703703706,0.26690318518518513,18
2024-08-27,AAPL,226.33331298828125,227.1472189452107,223.2166771577116,224.31841866937577,35934600,0.843658447265625,0.0037414507950837,221.2527608169274,218.87126525878907,191.57390480041505,62.32511553188793,4.752997876435105,2026595900.0,2.58057762368557,0.7337066591433077,1.846870964542263,206.0785838026472,218.9018409729004,231.7250981431536,11.715988420436087,0.7897653816309644,95.09030473036448,93.42565661317326,-0.0067533294051498,0,0.2697392857142857,0.2469665714285714,0.4832942857142857,0.6828497142857143,0.0227724285714285,0.2414285714285714,0.3868664285714285,0.2434014285714285,7
2024-08-28,AAPL,224.8048095703125,228.149730282918,224.00082364270057,226.2241624042973,38052200,-1.52850341796875,-0.0067533294051498,221.59105117439265,219.0711767578125,191.79727363586423,58.76592625872956,4.709848502419557,1988543700.0,2.5445422137595983,0.5581369993738681,1.9864052143857305,206.0618199925325,219.1334426879883,232.2050653834441,11.93028552384656,0.7169343093224294,90.71405824847214,92.78133846623086,0.014570202774651,1,0.2496495,0.208604,0.5417466666666667,0.59169075,0.0410453333333333,0.1949999999999999,0.3726109166666667,0.2352283333333333,12
2024-08-29,AAPL,228.08026123046875,231.1869775896776,227.1770435151196,228.38796742499144,51906300,3.27545166015625,0.014570202774651,222.20907117973323,219.38378875732425,192.0161064910889,63.56733223403423,4.829299896487094,2040450000.0,2.7486013017929167,0.6097568699257492,2.138844431867168,206.14381683295883,219.7132202148437,233.28262359672863,12.351922536674165,0.8083054125575987,86.4328249396134,90.74572930615,-0.0034379735751901,0,0.3879196666666666,0.1447113333333333,0.467369,0.5849358333333333,0.2432083333333333,0.4016666666666666,0.4483361666666667,0.2750461666666666,6
2024-08-30,AAPL,227.296127319336,228.68570457235603,225.78743262658827,228.4772755570311,52990800,-0.7841339111328125,-0.0034379735751901,222.69355271683824,219.77212677001955,192.2389292907715,61.71463656563368,4.6913693285785705,1987459200.0,2.8146015709959897,0.5406057113030576,2.273995859692932,206.24555923199927,220.179434967041,234.11331070208263,12.656836672441646,0.7553737555731717,78.38812691877143,85.17833670228565,-0.0272052799934802,0,0.2653453333333333,0.190159,0.5444956666666666,0.5444956666666666,0.0751868333333333,0.1899999999999999,0.2278474999999999,0.2909008333333333,6
2024-09-03,AAPL,221.1124725341797,227.29611365629745,219.52437135882835,226.84946493362216,50190600,-6.18365478515625,-0.0272052799934802,222.5429736518232,220.0802151489258,192.4177815246582,49.46986902510599,4.911396945144928,1937268600.0,2.340952949236652,0.0535656716349755,2.287387277601676,208.20540262615484,220.8614196777344,233.5174367293139,11.460595580745895,0.5099183200932074,58.9898473274416,74.60359972860881,-0.0086187627524639,0,0.4176546666666667,0.12726500000000002,0.45508035416666665,0.6524731666666667,0.29038966666666666,0.4491666666666667,0.4309479583333333,0.23482214583333333,15
2024-09-04,AAPL,219.20675659179688,220.1298295937355,215.8618210075421,220.01072730838987,43840200,-1.9057159423828125,-0.0086187627524639,222.2252386937254,220.33730072021484,192.58428703308107,46.41350981882293,4.935629415251544,1893428400.0,1.7911602735458416,-0.3969816032446678,2.1881418767905094,210.9979711038233,221.5492431640625,232.1005152243017,9.524990389992624,0.3889950633965306,38.955863407611,58.77794588460801,0.0069279171128031,1,0.2501408571428571,0.2241112857142857,0.5257481428571429,0.58482,0.0260295714285714,0.2271428571428571,0.3569778571428572,0.248436,7
2024-09-05,AAPL,220.72540283203125,223.80232842315377,219.87180099289256,219.98098315180297,36615400,1.518646240234375,0.0069279171128031,222.08239718308783,220.6063186645508,192.74998077392576,49.111653713681925,4.911339587830498,1930043800.0,1.461144512341832,-0.5815978915589417,2.0427424039007738,213.62705357086577,222.1846099853516,230.7421663998373,7.703104562507709,0.4147415989656675,25.594919490536256,41.18021007519628,-0.007015193433185,0,0.2221864444444444,0.2086361111111111,0.5691775555555556,0.5691775555555556,0.0135503333333333,0.2988888888888888,0.2692444444444444,0.2589201111111111,9
2024-09-06,AAPL,219.17697143554688,223.5640821152314,218.13478104858405,222.28367202274,48423000,-1.548431396484375,-0.007015193433185,221.8056899690364,220.76148620605468,192.9080313873291,46.53863205929535,4.9483368363174165,1881620800.0,1.0624123428773655,-0.7842640488187265,1.846676391696092,215.3916504935735,222.5695541381836,229.7474577827937,6.450031921395372,0.2636787235793958,25.064818043864182,29.871866980670475,0.0004077560108333,1,0.3420514285714285,0.2376708571428571,0.4202777142857142,0.5906574285714286,0.1043802857142857,0.3814285714285714,0.3626194285714286,0.2349258571428571,7
2024-09-09,AAPL,219.266342163086,219.6236642204836,215.0975949236184,219.1770154350509,67180000,0.0893707275390625,0.0004077560108333,221.56384732085056,220.90158721923828,193.0578273773193,46.7121622282758,4.918174869213688,1948800800.0,0.7450373696490544,-0.8813112176376303,1.6263485872866847,216.4842712215099,222.8137237548828,229.1431762882557,5.681384814820395,0.2197718465307371,26.42598137998185,25.695239638127426,-0.0036214741167246,0,0.38046210119047613,0.15764343253968252,0.4618944186507936,0.5653326746031746,0.22281859325396822,0.4929166666666666,0.38052345039682534,0.23969261507936504,18
2024-09-10,AAPL,218.47227478027344,219.83207646515768,215.1174187834135,217.29112653781647,51591000,-0.7940673828125,-0.0036214741167246,221.2694118407956,221.09480926513672,193.20765762329103,45.3050514244826,4.9036379272515775,1897209800.0,0.4245469028823265,-0.9614413475234866,1.3859882504058132,217.09045631565093,222.9417640686035,228.79307182155603,5.249180455172131,0.1180777462888721,22.83886163844774,24.77655368743125,0.0115851605403876,1,0.4813985,0.1172654166666666,0.4013360833333333,0.6593801666666667,0.3641330833333333,0.4275,0.4234975,0.2168406666666666,12
2024-09-11,AAPL,221.00331115722656,221.4301044903715,216.2687979033432,219.81224273641337,44587100,2.531036376953125,0.0115851605403876,221.2440689185509,221.21710479736328,193.3668305206299,50.430571640352994,4.922042831521347,1941796900.0,0.3705182777606808,-0.812375978116106,1.1828942558767868,217.28638724663327,223.01074752807617,228.73510780951904,5.133707989317622,0.3246584533334436,27.863392086720623,25.70941170171673,0.0004939354816972,1,0.229079,0.1599391666666666,0.6109821666666666,0.6171596666666667,0.0691398333333333,0.1083333333333333,0.2238833333333333,0.2462348333333333,6
2024-09-12,AAPL,221.1124725341797,221.88666769221828,218.18442519080247,220.8444772424724,37455600,0.109161376953125,0.0004939354816972,221.2315359295632,221.27178802490235,193.53317428588863,50.64539116349096,4.834914236513809,1979252500.0,0.3326737579179166,-0.6801763983670961,1.0128501562850127,217.42824428407508,223.06285705566407,228.69746982725303,5.052040349490283,0.3269282557162875,31.688130444536736,27.46346138990169,-0.0012120081207235,0,0.2878705,0.1811485,0.5309809999999999,0.59177075,0.1067221249999999,0.57625,0.51996725,0.2161708749999999,8
2024-09-13,AAPL,220.844482421875,222.37301734416337,220.2588759685165,221.91644846858927,36766600,-0.2679901123046875,-0.0012120081207235,221.19467369073573,221.29573120117183,193.699068069458,50.07168894784793,4.640573317880455,1942485900.0,0.2778542105305916,-0.5879967566035369,0.8658509671341286,217.23564652789608,222.9526824951172,228.6697184623383,5.128474708839903,0.3156212340337151,36.6027744488833,32.05143232671355,-0.0277752827558455,0,0.3361643333333333,0.1687997777777777,0.495036,0.5211154444444444,0.1673644444444444,0.6177777777777779,0.4999015555555555,0.2124656666666666,9
2024-09-16,AAPL,214.71046447753903,215.6037619118882,212.3283127438496,214.9288136198369,59357400,-6.1340179443359375,-0.0277752827558455,220.5771299561456,221.10201721191407,193.83127586364745,39.142142386493575,4.917401629319381,1883128500.0,-0.2575853758370954,-0.8987490743769792,0.6411636985398838,215.76622314228285,222.4698013305664,229.17337951885,6.02650620281065,-0.0787459051785981,28.5780844614704,32.28966311829681,0.0021727257641726,1,0.27782029999999996,0.16393860000000002,0.5582411,0.5690426,0.1138820333333333,0.312,0.2719151,0.2597315666666667,8
2024-09-17,AAPL,215.17697143554688,215.28615358843467,212.904016801209,214.14471619981745,45519300,0.4665069580078125,0.0021727257641726,220.06282914466,220.88828704833983,193.9709085083008,40.211022016401046,4.736311283455546,1928647800.0,-0.6369396491235761,-1.022482678130768,0.3855430290071917,214.65924195605405,222.01818771362304,229.377133471192,6.62913775970566,0.0351768783565446,21.15180530069656,28.777554737016747,0.0179897826084798,1,0.346682,0.13361425,0.5197039999999999,0.61429325,0.2130675,0.4175,0.44545775,0.32749125,4
2024-09-18,AAPL,219.04795837402344,221.0529328037412,215.92138686335736,215.9313221513165,59894900,3.8709869384765625,0.0179897826084798,219.9661747855517,220.734924621582,194.12702857971192,48.321885057234816,4.8177148609368885,1988542700.0,-0.6180992852487179,-0.8029138514047278,0.1848145661560098,214.3802309366158,221.72935409545897,229.07847725430216,6.628913152995736,0.3175703642815525,21.122838676115464,23.617576146094137,0.0370655149058616,1,0.2795616666666666,0.1823663333333333,0.5380721666666667,0.5992406666666666,0.0971951666666666,0.325,0.2879511666666666,0.3058185,6
2024-09-19,AAPL,227.1670837402344,228.11002736409569,222.9586412306041,223.31596324984213,66781300,8.119125366210938,0.0370655149058616,220.65197563837864,220.65868316650392,194.31736640930177,60.442977370292326,5.120883013017983,2055324000.0,0.0513850664905533,-0.1067435997323652,0.1581286662229185,214.2309171044581,221.8519348144532,229.4729525244481,6.870363980705319,0.8487164790871953,47.15096973343706,29.808537903416354,-0.0029274655146402,0,0.3679133333333333,0.1706313333333333,0.4614551666666666,0.65072,0.1972823333333333,0.3883333333333333,0.3815759999999999,0.2079561666666666,6
2024-09-20,AAPL,226.50205993652344,231.35567496568984,225.9263736470506,228.25889437635817,318679900,-0.6650238037109375,-0.0029274655146402,221.20912652391624,220.6764123535156,194.5133279418945,59.21779716917115,5.142912891990929,1736644100.0,0.5222739267709642,0.2913162084384365,0.2309577183325276,214.1556831234567,222.0340690612793,229.9124549991019,7.096555921468286,0.7835600407562027,66.94633270847284,45.07338037267511,-0.0075809555606799,0,0.4077582857142857,0.1244601428571428,0.4677818571428571,0.6587001428571428,0.2832981428571429,0.4285714285714285,0.5465955714285714,0.2096885714285714,7
2024-09-23,AAPL,224.7849578857422,227.74278104335207,224.12986496132828,225.6484798300337,54146000,-1.71710205078125,-0.0075809555606799,221.5496818917092,220.6009094238281,194.6809772491455,56.05816450994594,5.0336274055647126,1682498100.0,0.7482753041161345,0.4138540686268854,0.334421235489249,214.1648120879907,222.0157073974609,229.8666027069312,7.072378257827745,0.6763652665792651,76.89146655821641,63.6629230000421,0.0039740672831367,1,0.26093243650793646,0.24257784920634917,0.4964896944444444,0.6489781150793651,0.01835467063492063,0.2619444444444444,0.3533178095238095,0.26839568253968255,17
2024-09-24,AAPL,225.6782684326172,227.64354731931363,224.0504713158708,226.9487434922604,43556100,0.893310546875,0.0039740672831367,221.9428806098909,220.466735534668,194.85853149414064,57.33360823312787,4.930730876841728,1726054200.0,0.9880757966117528,0.5229236488980029,0.4651521477137498,214.15713896111404,222.025138092041,229.893137222968,7.087484956469447,0.7321511657402657,70.040095516486,71.29263159439175,-0.0043981592761241,0,0.3813588333333333,0.1485145833333333,0.47012675,0.6170065,0.2328444166666666,0.3441666666666667,0.45312775,0.2273986666666666,12
2024-09-25,AAPL,224.68569946289065,225.59885242729763,222.3531936181764,223.2564112941643,42308700,-0.9925689697265624,-0.0043981592761241,222.20410145303373,220.3043820190429,195.0214820098877,55.40915419356955,4.8160411580988045,1683745500.0,1.0855142612770123,0.4962896908506099,0.5892245704264024,214.22382567651707,221.9427574157715,229.66168915502595,6.955786103706319,0.6776762730761025,66.85808066780679,71.26321424750307,0.0050802709568391,1,0.2905738888888889,0.196506,0.5129201111111111,0.5484285555555556,0.0940678888888889,0.3244444444444444,0.2666692222222222,0.2549143333333333,9
2024-09-26,AAPL,225.82716369628903,226.79986786044512,223.7328623413079,225.6087993733805,36636700,1.1414642333984375,0.0050802709568391,222.54915500001044,220.2826379394532,195.183020401001,57.18883301703501,4.691110041030119,1720382200.0,1.2405413817128874,0.521053449029188,0.7194879326836994,214.18676880544805,221.9938751220703,229.80098143869256,7.0336231685034285,0.7454999598287287,68.68388254616804,68.5273529101536,0.0011865693672128,1,0.2069346,0.182164,0.6109015999999999,0.6109015999999999,0.0247708,0.302,0.2121229999999999,0.2356596,5
2024-09-27,AAPL,226.0951232910156,227.81226214161185,225.6087788258606,226.7601514881057,34026000,0.2679595947265625,0.0011865693672128,222.8868662658205,220.3594458007813,195.35840713500977,57.6164792400328,4.513422417795911,1754408200.0,1.369239846799417,0.5198015312925739,0.8494383155068428,214.353615012712,221.89461822509764,229.4356214374833,6.796923037345403,0.7785110248341296,69.41415518115603,68.31870613171027,0.0228720076504804,1,0.24746775,0.162189,0.5903435,0.5903435,0.08527875,0.1674999999999999,0.35723325,0.28353125,4
2024-09-30,AAPL,231.2663726806641,231.2663726806641,227.9412921655648,228.32838978012128,54541900,5.1712493896484375,0.0228720076504804,223.6849144958056,220.53710113525392,195.552085647583,64.90283629749818,4.56041005864252,1808950100.0,1.8669894234995468,0.814040886394163,1.0529485371053835,213.82029559918865,222.09313049316407,230.36596538713948,7.4498791345822815,1.0544195130849456,80.9425936146241,73.01354378064939,-0.0291415970139888,0,0.4455299722222222,0.20052870833333333,0.35394129166666666,0.6770423611111113,0.2450012638888889,0.4679166666666666,0.5574565555555555,0.24063041666666662,14
2024-10-01,AAPL,224.5269012451172,227.9412933564836,222.0752779583648,227.8122709144617,63285000,-6.739471435546875,-0.0291415970139888,223.7651037100257,220.58690673828124,195.6959986114502,52.28685639215547,4.891173248903716,1745665100.0,1.6980662773548545,0.5160941921995765,1.181972085155278,213.9382574179949,222.2638519287109,230.5894464394269,7.491631624728961,0.6359091722214807,78.66471183572047,76.34048687716687,0.002519675193235,1,0.307204125,0.2370605,0.455735625,0.52686625,0.0701437499999999,0.57875,0.591879625,0.27707675,8
2024-10-02,AAPL,225.09263610839844,225.6782425626932,221.360617941662,224.20925878310885,32880600,0.56573486328125,0.002519675193235,223.8915353670136,220.62720733642576,195.84199859619144,53.11080827058847,4.8502054897699605,1778545700.0,1.5914977470775682,0.3276205295378323,1.263877217539736,214.2695799376636,222.55814590454105,230.84671187141848,7.448449872001148,0.652890754201974,76.90849155510709,78.83859900181722,-0.0048946997258818,0,0.2031079999999999,0.2690886666666666,0.5278033333333333,0.5503276666666667,-0.0659806666666666,0.2466666666666666,0.45456,0.285201,3
2024-10-03,AAPL,223.99087524414065,225.12239234050705,221.6583697697889,223.46481998018768,34044200,-1.1017608642578125,-0.0048946997258818,223.9009963076924,220.77376129150392,195.98515983581544,51.25448019726136,4.751192424123405,1744501500.0,1.4019774023089724,0.1104801478153891,1.2914972544935832,214.4550753558852,222.72141952514647,230.98776369440776,7.423034737193719,0.5767845914107153,64.16281622765266,73.24533987282673,0.0050074709802114,1,0.2332514285714285,0.268651,0.4980972857142857,0.5874148571428571,-0.0353998571428571,0.3,0.353196,0.2892312857142857,7
2024-10-04,AAPL,225.1125030517578,226.30357145139808,222.46237094034984,226.20430944090447,37245100,1.1216278076171875,0.0050074709802114,224.0163779023653,220.9635675048828,196.142235031128,53.053440985249416,4.686193001760894,1781746600.0,1.3269904341969152,0.0283945437626655,1.2985958904342496,214.85664146218463,223.01819610595703,231.17975074972944,7.319182727040632,0.6283031871506749,64.84746301679202,68.63959026651725,-0.0225308485279542,0,0.210669,0.142846,0.646485,0.646485,0.067823,0.08,0.36353,0.279303,1
2024-10-07,AAPL,220.04052734375,224.01076551273388,219.6832053027312,222.8296172342201,39505400,-5.0719757080078125,-0.0225308485279542,223.6377254682114,221.0426150512696,196.26875915527344,44.971156580986914,4.739271912279875,1742241200.0,0.8485155117131171,-0.3600643029769059,1.208579814690023,214.95980704360989,223.05690536499023,231.15400368637057,7.260118944204827,0.3137371005317115,51.38219756794657,60.130825604130415,0.0184040498798383,1,0.2725887261904762,0.17263433333333333,0.5547771547619048,0.579650619047619,0.09995442857142854,0.19154761904761905,0.28047209523809524,0.28505549999999996,13
2024-10-08,AAPL,224.0901641845703,224.298593199742,221.58890998571715,222.631100497344,31855700,4.0496368408203125,0.0184040498798383,223.6808148697694,221.1971032714844,196.42596336364747,51.34461403302249,4.704900051116455,1774096900.0,0.7870202576193037,-0.3372476456565756,1.124267903275879,215.51110502510195,223.3377998352051,231.16449464530825,7.008840255324661,0.548063989181872,43.536036228372666,53.25523227103708,0.0166983147796879,1,0.3043384444444444,0.2024111111111111,0.4932507777777778,0.5768667777777777,0.1019272222222222,0.3466666666666667,0.3360982222222222,0.2902266666666666,9
2024-10-09,AAPL,227.83209228515625,228.0405364361267,223.157145699626,223.55416342639623,33591100,3.7419281005859375,0.0166983147796879,224.07617462361577,221.415326538086,196.6026189422608,56.37274558245396,4.717649385786763,1807688000.0,1.0283727103547164,-0.0767161543369303,1.1050888646916468,215.69546819216515,223.6792388916016,231.663009591038,7.138588935654833,0.7600809535930092,44.75209191741826,46.5567752379125,-0.0021781900508491,0,0.395404,0.1640132,0.4405828,0.5250636,0.2313906,0.3179999999999999,0.4114332,0.2405472,5
2024-10-10,AAPL,227.33583068847656,227.7924147414137,225.47974919262128,226.08521111865923,28183500,-0.4962615966796875,-0.0021781900508491,224.3866180583644,221.5585876464844,196.78213264465333,55.55280642659678,4.54869893626878,1779504500.0,1.1661593455507102,0.0488563846872507,1.1173029608634597,215.9461686426549,223.9904067993164,232.034644955978,7.182663107414894,0.7079391375546088,57.87826962909147,48.72213259162746,-0.0065054080961932,0,0.398246,0.1830966666666666,0.4186573333333332,0.5107153333333333,0.215149,0.69,0.436742,0.2209906666666667,3
2024-10-11,AAPL,225.8569183349609,227.70307961960657,225.6484741750507,227.5938974682738,31759200,-1.478912353515625,-0.0065054080961932,224.5266466561355,221.7460317993164,196.9569710540772,53.075264253404725,4.370549401146429,1747745300.0,1.1428463580813286,0.0204347177742953,1.1224116403070332,216.29270000286508,224.24102859497071,232.18935718707635,7.089093946730054,0.6016496563563779,63.059553546715016,55.229971697741576,0.0164798656700193,1,0.317271875,0.18280525,0.499923,0.56071275,0.13446675,0.515,0.288985875,0.227282375,8
2024-10-14,AAPL,229.5790100097656,230.0058033150611,226.89910245149323,226.9983493120185,39882100,3.722091674804688,0.0164798656700193,225.007824118386,221.9781753540039,197.14992546081544,58.13570294747897,4.354716228214553,1787627400.0,1.40847630083951,0.2288517284259814,1.1796245724135286,218.02042904916897,224.98445587158204,231.94848269399512,6.190673747157042,0.8298776882504556,68.26613812672889,63.06798710084512,0.0110246854747106,1,0.24135491666666664,0.18200724999999998,0.5766378611111111,0.5896775833333333,0.05934774999999997,0.3116666666666667,0.2606995555555555,0.24768683333333333,11
2024-10-15,AAPL,232.11004638671875,235.7229623804217,230.6410474142004,231.87182665313995,64751400,2.531036376953125,0.0110246854747106,225.6842262391796,222.47092071533203,197.3534090423584,61.19989013586672,4.482518809817519,1852378800.0,1.8024459521495828,0.4982571037888434,1.3041888483607391,219.78562889751592,225.83110961914065,231.8765903407653,5.353983985483908,1.0193083111751855,72.06896070307015,67.79821745883801,-0.0088518840008824,0,0.5864544,0.076082,0.3374638,0.7328555999999999,0.5103726,0.424,0.6203634,0.2235088,5
2024-10-16,AAPL,230.0554351806641,230.3929017691756,228.12986736523644,229.8767817438953,34082200,-2.0546112060546875,-0.0088518840008824,226.1005318526543,222.96302368164064,197.551810913086,57.5194308486698,4.446637396365004,1818296600.0,1.9266703297340089,0.4979851850986154,1.4286851446353932,220.9314422829154,226.38148345947263,231.8315246360299,4.81491780447046,0.8370572443557398,75.85787687794122,72.06432523591342,0.0015963480057223,1,0.2471481428571428,0.1331817142857143,0.6196702857142856,0.6196702857142856,0.1139665714285714,0.1042857142857143,0.3193028571428571,0.2434372857142857,7
2024-10-17,AAPL,230.4226837158203,232.11004699556463,228.8048220166126,231.69315867439417,32993800,0.36724853515625,0.0015963480057223,226.512165363432,223.41111602783204,197.78611328125,58.005567312079485,4.365107937978363,1851290400.0,2.031336943697454,0.4821214392496487,1.549215504447805,220.82239437059243,226.54426345825195,232.26613254591143,5.051435865392329,0.8389120056882324,69.69878910376994,72.54187556159376,0.0122764872030498,1,0.1950569,0.2670412,0.5379018999999999,0.628598,-0.0719844,0.343,0.2933202,0.2508405,10
2024-10-18,AAPL,233.25146484375,234.4226776953708,232.2688255608399,234.4226776953708,46431500,2.8287811279296875,0.0122764872030498,227.15400340917657,223.8465835571289,198.04143180847169,61.64637887188716,4.339028369519225,1897721900.0,2.315849315911663,0.6133070491710861,1.702542266740577,220.4566893420565,226.8817337036133,233.30677806517008,5.663782849923155,0.9956954988707132,72.07085008429196,72.54250535533437,0.0062978988861186,1,0.3152710909090909,0.1704597272727272,0.5142691818181818,0.5667785454545454,0.1448114545454545,0.1427272727272727,0.3707272727272727,0.2502259090909091,11
2024-10-21,AAPL,234.720458984375,235.0877162866724,232.7055644739604,232.7055644739604,36254500,1.468994140625,0.0062978988861186,227.8746182258621,224.2533337402344,198.31566452026368,63.41997947779686,4.199251472604424,1933976400.0,2.629551142215803,0.7416071003801807,1.887944041835622,220.1879675920865,227.3785087585449,234.56904992500327,6.32473245226008,1.0105283493875263,81.765560091672,74.51173309324463,-0.0026217216290571,0,0.3779510404761905,0.12586006666666666,0.4961891190476191,0.6125052523809523,0.25209111666666667,0.21664285714285714,0.2729708928571429,0.24544146428571426,16
2024-10-22,AAPL,234.10508728027344,234.4624093106695,230.8693487210388,232.14974382855843,38846600,-0.6153717041015625,-0.0026217216290571,228.46799623104417,224.61720611572267,198.59042945861816,62.12396233835162,4.174384243370985,1895129800.0,2.7962730509050857,0.7266632072555708,2.069609843649515,220.08849587710185,227.79984970092767,235.5112035247536,6.770288772314734,0.9088281852574536,89.41821872529293,81.08487630041897,-0.0216230136385581,0,0.2366572,0.1675194,0.5958235999999999,0.5958235999999999,0.0691379,0.141,0.2660715999999999,0.2515552,10
2024-10-23,AAPL,229.04302978515625,233.39044533687328,226.0653512199268,232.33833466706656,52287000,-5.062057495117188,-0.0216230136385581,228.52276133143585,224.80559387207032,198.8182292175293,52.60135616977068,4.450480801726387,1842842800.0,2.491218415072183,0.3372868571381344,2.1539315579340483,220.42531030559164,228.01771621704103,235.6101221284904,6.659487725262961,0.56752230979702,80.67237750461094,83.95205210719195,-0.0008232868531788,0,0.2777197777777778,0.2100366666666666,0.5122436666666667,0.6034624444444444,0.0676831111111111,0.2444444444444444,0.4461852222222223,0.2503075555555555,9
2024-10-24,AAPL,228.85446166992188,229.10260155629064,226.710529416834,228.26884002769643,31109500,-0.188568115234375,-0.0008232868531788,228.55435183986305,224.9812774658203,199.04716270446767,52.279873862403086,4.303451611564263,1811733300.0,2.208783071081001,0.0438812105175618,2.164901860563439,220.6369295827708,228.16908111572263,235.7012326486745,6.602254342367878,0.5454969971860493,68.48184102279173,79.52414575089853,0.0036430357070704,1,0.500408,0.1029102857142857,0.396682,0.6959354285714285,0.3974975714285714,0.42,0.4659428571428571,0.242213,7
2024-10-25,AAPL,229.6881866455078,231.48471683213373,227.86188088691333,228.0306141764868,38802300,0.8337249755859375,0.0036430357070704,228.6623361070673,225.11408172607423,199.27507331848145,53.62928159517521,4.254836206825414,1850535600.0,2.028838476877325,-0.1088507069488908,2.1376891838262164,220.8517027520312,228.34873428344727,235.8457658148633,6.566300054118163,0.5893321814405881,57.6118221032763,68.92201354355964,0.008599437514968,1,0.3825684444444445,0.1330048888888889,0.4844267777777777,0.6195095555555555,0.2495635555555555,0.3677777777777777,0.3509258888888889,0.267787,9
2024-10-28,AAPL,231.6633758544922,232.98348177622344,230.8197093862656,231.5839844241638,36087100,1.975189208984375,0.008599437514968,228.94814941634587,225.25998748779296,199.5158264160156,56.749622805824814,4.186297558531858,1886622700.0,2.022300529692302,-0.0923109233071315,2.114611452999433,220.83872702958672,228.36858444213868,235.89844185469065,6.594477459275742,0.7187817930563482,60.72499162276993,62.27288491627932,0.0011569400164967,1,0.4598152444444445,0.1515301888888889,0.38865472222222225,0.6064091888888888,0.3082850111111111,0.5527777777777777,0.5273176777777777,0.24705163333333333,19
2024-10-29,AAPL,231.931396484375,232.58648944554807,230.59145013134693,231.36564539627625,35417200,0.2680206298828125,0.0011569400164967,229.2322681847296,225.4144305419921,199.75628814697265,57.170778469931314,4.029779112508243,1922039900.0,2.0155126095842206,-0.0792790747321703,2.094791684316391,221.2730535740071,228.7388092041016,236.204564834196,6.52775596416858,0.7138154152410322,62.660434807138046,60.332416177728085,-0.0152780394761634,0,0.4476353333333333,0.1297821111111111,0.4225825555555556,0.6198891111111111,0.3178532222222222,0.3511111111111111,0.5014472222222222,0.2384887777777778,9
2024-10-30,AAPL,228.387939453125,231.7328600109945,227.8420287171323,230.87925826342104,47070900,-3.54345703125,-0.0152780394761634,229.1518559245768,225.48569671630847,199.990354385376,50.20959478609778,4.034035444989275,1874969000.0,1.7045566969259198,-0.3121879899123772,2.016744686838297,221.62383377468103,228.9035743713379,236.1833149679948,6.3605302946010855,0.4645842519134749,52.62337357956718,58.66960000315839,-0.0182094268485488,0,0.3281418,0.157875,0.5139834000000001,0.5982172,0.170267,0.438,0.2266454,0.2163166,5
2024-10-31,AAPL,224.2291259765625,228.11995749798112,223.69313535160188,227.63359787833264,64370100,-4.1588134765625,-0.0182094268485488,228.6830245009564,225.4759698486328,200.20832344055177,43.5129873147338,4.081233206170264,1810598900.0,1.1097479216766717,-0.7255974121293005,1.835345333805972,221.6672301149977,228.9154869079589,236.16374370092024,6.332692375571447,0.1767249653773746,31.544073979464184,48.94262745538981,-0.0132796827237415,0,0.3338096,0.1966399999999999,0.4695506,0.6534810999999999,0.1371696,0.271,0.3408175,0.240624,10
2024-11-01,AAPL,221.25143432617188,223.67328184782377,218.6310779402587,219.3258665378009,65276700,-2.977691650390625,-0.0132796827237415,227.9752540081197,225.44381103515624,200.38198692321777,39.45538587753667,4.189577122608373,1745322200.0,0.3935462946362804,-1.153439231335753,1.5469855259720338,220.89663311817927,228.7224334716797,236.5482338251801,6.843054469748248,0.0226686851162676,15.65953840547934,33.27566198817023,-0.0040375356191276,0,0.3439589375,0.1862948125,0.469746375,0.6148253124999999,0.15766425,0.363125,0.413555375,0.249235,16
2024-11-04,AAPL,220.35812377929688,221.13231895883283,218.0752491010658,219.34572401852256,44944500,-0.893310546875,-0.0040375356191276,227.2498130339461,225.3479296875,200.53669792175293,38.30147206196996,4.117191987072495,1700377700.0,-0.2433264345009433,-1.4322495683783818,1.1889231338774384,220.9820655523732,228.73831329345705,236.4945610345409,6.781765266523671,-0.0402218826618524,11.06844840873508,19.42402026455953,0.006486217739428,1,0.24565555555555552,0.22993411111111106,0.5244104722222223,0.5563126111111112,0.0157215,0.32416666666666666,0.5298316666666667,0.24724858333333333,13
2024-11-05,AAPL,221.78741455078125,222.2836942947505,219.49460455688447,220.14969745378525,28111300,1.429290771484375,0.006486217739428,226.72958460697805,225.2738848876953,200.68703567504883,41.26148008632715,4.022327540700598,1728489000.0,-0.6255103466752416,-1.451546784442144,0.8260364377669025,220.53316387723945,228.6231758117676,236.7131877462957,7.077158215306111,0.077518468680415,16.85669880141945,14.52822853854462,-0.0032669971778582,0,0.3126565,0.165964,0.5213794166666667,0.5764484166666667,0.1466924166666666,0.3258333333333333,0.2735068333333333,0.2323935833333333,12
2024-11-06,AAPL,221.0628356933593,224.3879158153704,219.54422098922427,220.9536535511224,54561100,-0.724578857421875,-0.0032669971778582,226.18989423425245,225.1684753417969,200.8273728179932,40.20834511102447,4.080996632518135,1673927900.0,-0.9756150260741948,-1.441321171072878,0.4657061449986831,219.54991758304337,228.28471298217767,237.01950838131208,7.65254517924403,0.0866029506807877,17.600086301885455,15.175077837346658,0.0213721772879296,1,0.301728,0.184109909090909,0.5141621818181817,0.557111,0.1176181818181818,0.3145454545454545,0.325911,0.2634142727272727,11
2024-11-07,AAPL,225.7874298095703,226.1844626949484,222.899093187882,222.95864433437472,42137700,4.7245941162109375,0.0213721772879296,226.15156428904464,225.18812774658204,200.99469490051268,49.29587863036128,4.155327373166051,1716065600.0,-0.8619047453805138,-1.0620887123033576,0.2001839669228437,219.41298316774456,228.20729293823243,237.0016027087203,7.707299497100802,0.3624188144484777,28.23798295151993,20.89825601827494,-0.0011881297853209,0,0.4582059999999999,0.1107609166666666,0.43103325,0.6541723333333334,0.3474451666666667,0.4091666666666667,0.3401704166666666,0.2468487499999999,12
2024-11-08,AAPL,225.5191650390625,227.20836966100225,224.97265364792685,225.72782337627456,38328800,-0.2682647705078125,-0.0011881297853209,226.09133578904635,225.1369058227539,201.16230712890624,48.84195549585636,4.018212276016717,1677736800.0,-0.7843932564971112,-0.787661778735964,0.0032685222388527,219.3768306449608,228.1904052734375,237.0039799019142,7.724754787928527,0.3484587498842853,36.10632637611945,27.31479854317494,-0.0120286551268151,0,0.484459,0.1202796666666666,0.3952615,0.61736,0.3641793333333333,0.4683333333333333,0.4721606666666667,0.2448946666666666,6
2024-11-11,AAPL,222.8064727783203,224.26714170400084,220.0938084143074,223.57158868270503,42005600,-2.7126922607421875,-0.0120286551268151,225.7784916927868,225.0471127319336,201.32500793457032,44.39067443187509,4.118722586640887,1635731200.0,-0.9311230309468216,-0.7475132425485393,-0.1836097883982821,218.76155694449383,227.85177841186524,236.94199987923665,7.979065628305001,0.2224871994783278,40.55005560130338,34.96478830964758,0.0,0,0.39107863492063494,0.21449004761904758,0.3944313650793651,0.641127761904762,0.17658857142857134,0.38698412698412693,0.39879017460317456,0.23486334920634921,17
2024-11-12,AAPL,222.8064727783203,224.15783943194583,221.9420008205612,223.12444853772337,40398300,0.0,0.0,225.49544227236137,225.0809927368164,201.4911201477051,44.39067443187509,3.9828023026940143,1635731200.0,-1.0354711672712824,-0.6814891030984003,-0.3539820641728821,218.26349641815136,227.3865997314453,236.50970304473924,8.024310424685334,0.2489819639304669,36.01776245261696,37.55804814334659,0.0039691559525525,1,0.47397825,0.1077315,0.418290375,0.629148125,0.36624675,0.3712499999999999,0.3441995,0.231970375,8
2024-11-13,AAPL,223.6908264160156,225.2111120360391,221.34580821096,222.5878726169869,48566200,0.8843536376953125,0.0039691559525525,225.32357409556656,225.1706741333008,201.6798976898193,46.24301847816483,3.974409554292949,1684297400.0,-1.0348784349769176,-0.5447170966432283,-0.4901613383336892,217.8959572240475,227.0683692932129,236.2407813623783,8.078987044929264,0.3158857859999854,33.43187261462929,36.666563556183206,0.0137705134080254,1,0.2930483333333333,0.180874,0.5260778333333332,0.617851,0.1121741666666666,0.235,0.3028363333333333,0.27263,6
2024-11-14,AAPL,226.7711639404297,227.41703140021204,223.57160465201176,223.59148192887395,44923900,3.0803375244140625,0.0137705134080254,225.46143979507733,225.2915893554688,201.90207305908203,52.213828907518064,3.965196496714902,1729221300.0,-0.7768956264172573,-0.2293874304668544,-0.5475081959504029,217.8432721761809,226.88579330444333,235.9283144327058,7.970989277525082,0.4936616479857928,42.57762863087968,37.34242123270864,-0.0141091767919834,0,0.2388100999999999,0.1769295,0.5842605,0.5949593,0.0618806,0.302,0.2567029,0.2553482,10
2024-11-15,AAPL,223.5716094970703,225.47941874534823,222.84624807603967,224.9627156691729,47923700,-3.199554443359375,-0.0141091767919834,225.28145595717191,225.3794821166992,202.09608833312987,46.44351581742638,3.962319308691696,1681297600.0,-0.8211539442363005,-0.218916598628718,-0.6022373456075825,217.7460163212056,226.40180053710927,235.0575847530132,7.646391676540602,0.3365144642331201,44.62460456386275,40.2113686031239,0.0134222049989254,1,0.318807625,0.13933375,0.541858875,0.63415675,0.17947425,0.18625,0.29100325,0.232018625,8
2024-11-18,AAPL,226.5724334716797,228.28151537171908,223.7405204544732,223.82001439888424,44633700,3.000823974609375,0.0134222049989254,225.4044061966489,225.5256039428711,202.3101013946533,51.8213138569922,4.0157183491172015,1725931300.0,-0.6070894152740038,-0.0038816557331371,-0.6032077595408667,218.2210792087588,225.9943992614746,233.7677193141904,6.879214775337928,0.5371806516575335,52.80731090965258,46.66984803479833,0.0011401035690044,1,0.3278063666666667,0.13204717777777777,0.5401466222222222,0.6061713222222221,0.19575924444444445,0.2238888888888889,0.2378624222222222,0.2935768888888889,12
2024-11-19,AAPL,226.83074951171875,228.6988190707445,225.221039030722,225.53899960732684,36211800,0.2583160400390625,0.0011401035690044,225.5402484171317,225.6927734375,202.51635833740235,52.26565743890889,3.9772941841818703,1762143100.0,-0.4118502350835911,0.1530860195658204,-0.5649362546494116,218.78388830116168,225.63068237304688,232.47747644493208,6.069027492072236,0.5876371573375977,60.83603970882086,52.75598506077873,0.0031541991634365,1,0.28352925,0.1749360833333333,0.5415349166666666,0.6082775833333333,0.1085932499999999,0.2333333333333333,0.2531550833333333,0.2334279166666666,12
2024-11-20,AAPL,227.5462188720703,228.470307592388,224.45596175602088,226.6121839320157,35169600,0.7154693603515625,0.0031541991634365,225.731293222364,225.82363159179687,202.7181832885742,53.543664512475,3.9799407307665295,1797312700.0,-0.1971171365578641,0.294255294473238,-0.4913724310311021,218.8281960521352,225.55584182739256,232.28348760265004,5.965392623619842,0.6479252260870974,77.92736167456805,63.85690409768049,-0.0020961652963034,0,0.3723187142857143,0.1468868571428571,0.4807945714285714,0.6427205714285714,0.225432,0.4571428571428572,0.2983234285714286,0.2105987142857142,7
2024-11-21,AAPL,227.0692443847656,228.6988322336917,224.2770861035494,227.42695953023323,42108300,-0.4769744873046875,-0.0020961652963034,225.85871714259267,225.9427670288086,202.9170796203613,52.53387571668907,4.011498259293374,1755204400.0,-0.0646818516681833,0.341352463490335,-0.4060343151585183,218.87027543982748,225.4665809631348,232.06288648644204,5.85124899231591,0.621481897402117,85.40899904398408,74.72413347579099,0.0059075841279034,1,0.443542,0.0995771666666666,0.4568811666666666,0.7177790000000001,0.3439646666666667,0.1216666666666666,0.351724,0.2067108333333333,6
2024-11-22,AAPL,228.41067504882807,229.25528492407807,226.61216818417896,226.61216818417896,38168300,1.3414306640625,0.0059075841279034,226.1017607527104,226.09409088134765,203.128071975708,55.098596751515565,3.913756722193782,1793372700.0,0.1468238159816621,0.4422865049121444,-0.2954626889304823,218.94793402502543,225.4027053833008,231.8574767415761,5.727323766854439,0.7330035797217657,88.38600281937549,83.90745451264253,0.0130508656419527,1,0.3614968,0.1480834,0.4904192,0.6199858,0.2134135999999999,0.208,0.3375692,0.2633628,5
2024-11-25,AAPL,231.39163208007807,231.7692245216812,228.2815130321861,229.99059491471,90152800,2.98095703125,0.0130508656419527,226.60555802198343,226.42771423339843,203.35015724182128,60.23992912931713,3.88332491985816,1883525500.0,0.5486573208670507,0.6752960078380263,-0.1266386869709757,218.9861825798072,225.38911819458008,231.7920538093529,5.681672359395097,0.9687313949908384,90.97292691085048,88.25597625807002,0.0094044095934169,1,0.3119821481481481,0.22303977777777775,0.4649781296296296,0.5671770555555556,0.08894231481481478,0.4466666666666666,0.4323832592592592,0.25360909259259257,17
2024-11-26,AAPL,233.56773376464844,234.0745057649552,231.8487208075284,231.8487208075284,45986200,2.1761016845703125,0.0094044095934169,227.2686223784277,226.79552947998047,203.59153877258305,63.52343539478427,3.797578403073795,1929511700.0,1.030823793026542,0.9259699839980142,0.1048538090285278,218.70421665346203,225.4709350585937,232.23765346372545,6.002297727086818,1.0982810441701194,94.87777531298804,91.41223501440469,-0.0005531421866787,0,0.2637491666666666,0.1856368333333333,0.5506138333333334,0.5506138333333334,0.0781123333333333,0.4266666666666667,0.3771396666666666,0.2615773333333333,6
2024-11-27,AAPL,233.43853759765625,234.1937224347506,232.32565277909848,232.9814664022851,33498400,-0.1291961669921875,-0.0005531421866787,227.8562333516876,227.08334106445312,203.84271957397465,63.18978418877207,3.6597563496865337,1896013300.0,1.3865360209352957,1.0253457695254142,0.3611902514098815,218.20494465430127,225.7234649658203,233.24198527733927,6.66170910734293,1.0130712103028945,95.97685298089608,93.9425184015782,0.0102158834112444,1,0.43733525,0.138153,0.424512,0.56893875,0.29918225,0.4924999999999999,0.399736,0.20681225,4
2024-11-29,AAPL,235.8233184814453,236.3002669685808,232.48464874765904,233.31931239062584,28481400,2.3847808837890625,0.0102158834112444,228.61500336404544,227.2564657592773,204.11023010253905,66.66979245789257,3.670889340489049,1924494700.0,1.8396658879930496,1.1827805092665349,0.6568853787265152,217.6349168029749,226.30317459106445,234.971432379154,7.660747847442525,1.049138253794312,96.02543186687338,95.6266867202525,0.0095226004772461,1,0.21701021428571426,0.1889580595238095,0.5940318690476191,0.5988585119047618,0.0280522380952381,0.22928571428571431,0.3367325238095238,0.25658772619047615,13
2024-12-02,AAPL,238.0689697265625,239.26134854667043,235.65440375298792,235.7637060292764,48137100,2.2456512451171875,0.0095226004772461,229.51538111285663,227.4878039550781,204.3904044342041,69.58566630489993,3.6663218728600113,1972631800.0,2.352857582443733,1.3567777629737738,0.9960798194699588,217.402738862008,227.144051361084,236.88536386016008,8.577211193253387,1.0607518682166652,95.0151791097768,95.67248798584876,0.0127717520885666,1,0.30312570833333335,0.15258020833333333,0.5442942083333333,0.5877127083333333,0.15054554166666667,0.3629166666666666,0.287036625,0.25696583333333334,14
2024-12-03,AAPL,241.10952758789065,241.218829858088,237.3833345065081,238.28756099978403,38861000,3.040557861328125,0.0127717520885666,230.61958553905032,227.8142953491211,204.69345458984367,73.02649984955717,3.678405692768569,2011492800.0,2.97066927976951,1.5796715682396407,1.390997711529869,217.2096525293358,228.18162155151367,239.1535905736916,9.61687356551707,1.0891333638586438,96.61716251434882,95.88592449699966,0.0014836070377259,1,0.29793725,0.17189475,0.5301685,0.5394347500000001,0.12604225,0.1875,0.34356925,0.25086325,4
2024-12-04,AAPL,241.4672393798828,242.5602620666903,239.71841824290905,241.32812877991805,44383900,0.3577117919921875,0.0014836070377259,231.65269542865343,228.1300747680664,205.002006149292,73.40765921266055,3.6186512735551903,2055876700.0,3.449391416012503,1.6467149635861071,1.802676452426396,217.18080988456668,229.1656127929688,241.1504157013708,10.459512456809382,1.0132177258538768,95.75001544202614,95.7941190220506,0.0001234770973681,1,0.29071275,0.128125625,0.581162,0.664516,0.162587125,0.11125,0.221827375,0.22507175,8
2024-12-05,AAPL,241.4970550537109,242.98753231090083,240.59284370740727,242.4410361127995,40033900,0.029815673828125,0.0001234770973681,232.59025348818275,228.4663018798828,205.30694450378417,73.44134691481344,3.5312253685507886,2095910600.0,3.7875277711976025,1.587881055016965,2.199646716180637,217.667666343733,230.18732376098632,242.70698117823963,10.877799187806731,0.9516789443910304,95.50183066283704,95.956336206404,-0.000822910526614,0,0.3017481,0.1730681,0.5251840999999999,0.6169290000000001,0.1286798,0.32,0.3079495,0.2605142,10
2024-12-06,AAPL,241.2983245849609,243.0769692456264,240.5431549096241,241.36788746709487,36870600,-0.19873046875,-0.000822910526614,233.4195935926378,228.77572509765625,205.6007410430908,72.77954401959003,3.459981723368754,2059040000.0,3.9934335645483534,1.4350294786941733,2.558404085854181,217.7282548754983,230.96286849975587,244.19748212401348,11.460382104036428,0.8904706392886794,92.6190304533834,94.62362551941554,0.016101137954386,1,0.3316951111111111,0.1801945555555555,0.4881103333333333,0.5184375555555555,0.151501,0.5299999999999999,0.3553775555555555,0.2383568888888888,9
2024-12-09,AAPL,245.1835021972656,245.6703968797777,240.2152448072501,240.2947387449205,44649200,3.885177612304688,0.016101137954386,234.5399658406976,229.15749267578124,205.9231214904785,77.12033433456072,3.6024938911658166,2103689200.0,4.419175251322656,1.48861693237478,2.930558318947876,217.60012288375623,231.946085357666,246.2920478315758,12.370083721644168,0.9613638458790684,93.70852185012752,93.94312765544932,0.0041338417781144,1,0.33435129999999996,0.13278666666666666,0.5328622,0.5946087333333333,0.20156476666666667,0.166,0.2210093333333333,0.24979826666666669,12
2024-12-10,AAPL,246.19705200195312,246.63426111556623,243.7824708197424,245.3226337747269,36914800,1.0135498046875,0.0041338417781144,235.65016452272192,229.45610626220704,206.25730209350587,78.10142288755063,3.5488722057842503,2140604000.0,4.783225557273937,1.4821337906608485,3.301091766613089,218.1407368977177,233.1156143188477,248.0904917399776,12.84759707313967,0.9367794578621136,95.52337026074107,93.95030752141732,-0.0051662341638585,0,0.238731,0.1348756,0.6263936,0.6263936,0.1038554,0.064,0.2112553999999999,0.2736012,5
2024-12-11,AAPL,244.9251403808593,249.2077755123232,244.69658964103184,246.3858091597837,45205800,-1.27191162109375,-0.0051662341638585,236.53349555683025,229.86407104492187,206.57784622192383,73.8233441484451,3.617608896177616,2095398200.0,4.91247742769238,1.2891085288634327,3.6233688988289474,219.1885207079095,234.2215476989746,249.2545746900397,12.836587528988405,0.8560025764686802,92.86344966948228,94.03178059345028,0.0059637736588191,1,0.41594,0.159637,0.4244228888888888,0.6167634444444444,0.2563031111111111,0.4611111111111111,0.4502379999999999,0.236425,9
2024-12-12,AAPL,246.3858184814453,247.1608653940442,244.1202792424049,245.32260415969785,32777500,1.4606781005859375,0.0059637736588191,237.4718120258412,230.2899346923828,206.91168365478515,75.4841506543951,3.5763929858534502,2128175700.0,5.074281819346822,1.1607303364143,3.9135514829325215,220.24815537639785,235.3562973022461,250.4644392280944,12.8385278822145,0.865019114638081,89.45910208294909,92.61530733772416,0.000685632211919,1,0.3232079,0.1661563,0.5106360000000001,0.577913,0.1570516,0.333,0.2431792,0.2727774,10
2024-12-13,AAPL,246.55474853515625,247.7073727380188,244.67674782957272,246.24671899982584,33155300,0.1689300537109375,0.000685632211919,238.3368535981569,230.74121215820315,207.2496825408936,75.67635825521205,3.5374095517529254,2161331000.0,5.156700970148791,0.9945195897730148,4.162181380375776,221.0261355118032,236.34547653198243,251.66481755216165,12.963515312387372,0.8332151164245831,85.88496441442624,89.40250538895253,0.0117276589761292,1,0.4652506666666666,0.1136753333333333,0.421074,0.6630183333333333,0.3515755555555555,0.1955555555555555,0.4864432222222221,0.2239741111111111,9
2024-12-16,AAPL,249.44625854492188,249.78411156803347,246.07778066556844,246.41563368868003,51694800,2.891510009765625,0.0117276589761292,239.39489216451548,231.2278872680664,207.60753479003907,78.7477239280665,3.549475362518076,2213025800.0,5.393170323035946,0.9847911541281364,4.40837916890781,222.48404495609608,237.639208984375,252.79437301265392,12.754767273506117,0.8895388244731434,90.98311208136228,88.77572619291253,0.0097196488070805,1,0.29627968518518516,0.1437142407407407,0.5600062592592593,0.5924312222222222,0.1525655185185185,0.14814814814814814,0.3386598148148148,0.2490137962962963,17
2024-12-17,AAPL,251.87078857421875,252.2185726786221,248.19428090188288,248.4923793968116,51356400,2.424530029296875,0.0097196488070805,240.58307277496343,231.8644924926758,208.0000832366944,80.92293784564738,3.5833908206767298,2264382200.0,5.71038750700211,1.0416066704754403,4.66878083652667,223.4350674116104,238.90412673950195,254.3731860673936,12.950014333372216,0.9191160418958751,94.5633394608392,90.47713865220923,-0.0214217291454983,0,0.2364606,0.175711,0.5878286,0.5878286,0.0607493999999999,0.362,0.3266274,0.2684744,5
2024-12-18,AAPL,246.47528076171875,252.6657259429232,246.16725119368888,250.55918941684527,56774100,-5.3955078125,-0.0214217291454983,241.1442354403687,232.31219482421875,208.390307006836,64.98302654057004,3.791611101287985,2207608100.0,5.463432968006913,0.6357217051841939,4.827711262822719,225.13020517594063,239.886353302002,254.6425014280633,12.302615736947956,0.7232604133350985,88.5644977468637,91.3703164296884,0.0070145466440794,1,0.3243562857142857,0.2063111428571428,0.4693325714285714,0.6078979999999999,0.1180449999999999,0.4571428571428572,0.3782221428571429,0.2175632857142857,7
2024-12-19,AAPL,248.2041931152344,250.400169527173,245.5213371883983,245.92873792847348,60882300,1.728912353515625,0.0070145466440794,241.81661236178448,232.7196368408203,208.7941255950928,67.21175791818722,3.8692697611084657,2268490400.0,5.34560765690361,0.414317115264712,4.931290541638898,226.88864629659,240.9192520141601,254.9498577317304,11.647558756944443,0.7596089309227567,80.45012417933913,87.85932046234734,0.0188158838728635,1,0.2859366,0.1878434,0.5262203999999999,0.5262203999999999,0.0980934,0.236,0.3714176,0.3238758,5
2024-12-20,AAPL,252.87437438964844,253.38113119374523,244.1302382023433,246.4653101181541,147495300,4.670181274414063,0.0188158838728635,242.8697325549144,233.2304077148437,209.22188911437988,72.3341078522585,4.253671420415141,2415985700.0,5.5649258463696185,0.5069082437845767,5.058017602585042,228.77748344772328,242.2095085144043,255.6415335810853,11.09124505397541,0.8969939686048913,79.97699570959705,82.99720587859996,0.003064919783676,1,0.639301,0.044724,0.315974,0.639301,0.594577,0.08,0.583078,0.28074,1
2024-12-23,AAPL,253.6494140625,254.02699130961165,251.84096111600803,253.15258832932108,40858800,0.7750396728515625,0.003064919783676,243.89636888897013,233.78625762939453,209.644963760376,73.08557684670487,4.105982761357175,2456844500.0,5.7351649049380455,0.5417178418824022,5.193447063055643,230.73794301251525,243.4714454650879,256.20494791766055,10.459955522298443,0.8996531447384992,89.32222402205082,83.24978130366232,0.0114780768623645,1,0.3251993888888889,0.14485091666666666,0.5299497916666667,0.5590991666666667,0.18034883333333332,0.3123611111111111,0.30741101388888886,0.2697884166666667,13
2024-12-24,AAPL,256.5608215332031,256.5707374276886,253.66927695641888,253.868019379837,23234700,2.911407470703125,0.0114780768623645,245.10250723604,234.32589385986327,210.07259559631348,75.7502137776935,4.021364233059418,2480079200.0,6.035434109115414,0.673589636847816,5.361844472267598,232.04569512319213,244.72990493774407,257.4141147522962,10.365884641502,0.9663639583557608,98.0442960469988,89.11450525954888,0.0031758115424256,1,0.3661758571428571,0.1169941428571428,0.51683,0.6390474285714286,0.2491815714285714,0.29,0.5001467142857142,0.2482761428571428,7
2024-12-26,AAPL,257.3756103515625,258.44877099351584,255.99445048269988,256.5508929178466,27237100,0.814788818359375,0.0031758115424256,246.27137419942304,234.8312051391601,210.5019255065918,76.45283041592477,3.909432538613457,2507316300.0,6.26690528184011,0.7240486476580088,5.542856634182101,233.18118620903,245.92029876708983,258.6594113251497,10.360358719411778,0.9496118364707072,97.1383030896036,94.8349410528844,-0.0132422556975101,0,0.25604550000000004,0.14899258333333326,0.5949619166666666,0.6052144166666666,0.10705291666666665,0.2425,0.492074,0.2470573333333333,5
2024-12-27,AAPL,253.9673767089844,257.05764856283577,251.45343969164696,256.19314630806485,42355300,-3.408233642578125,-0.0132422556975101,247.00432681938128,235.30944396972657,210.9246096801758,67.62620827606389,4.053199547277892,2464961000.0,6.104957730215432,0.4496808768266636,5.655276853388768,235.1203770923277,246.94674072265624,258.77310435298483,9.578068206707512,0.7968214155162532,89.8253189111407,95.0026393492477,-0.0132634535219465,0,0.3341329999999999,0.2111378,0.4547296,0.511547,0.1229952,0.302,0.1925456,0.2665308,5
2024-12-30,AAPL,250.5988922119141,251.8906421270002,249.15810064436016,250.6287005424076,35557500,-3.3684844970703125,-0.0132634535219465,247.34666638057487,235.71296813964844,211.32119438171387,60.22553076186714,4.107205012802629,2429403500.0,5.639792563447315,-0.0123874319531624,5.652179995400478,236.93371776689847,247.68551940917968,258.43732105146074,8.68181690066343,0.6354830055307971,72.004448602841,86.3226902011951,-0.0070577995864277,0,0.4771854444444444,0.16607777777777774,0.35673677777777774,0.6800655555555556,0.31110777777777776,0.3333333333333333,0.3628203333333333,0.227876,6
2024-12-31,AAPL,248.8302154541016,251.6720594492945,247.8464949766397,250.8373957991616,39480700,-1.7686767578125,-0.0070577995864277,247.4879567685298,236.02454315185548,211.71081687927247,56.71591185835912,4.0870878313635,2389922800.0,5.0699847562285925,-0.4657561913375083,5.535740947566101,238.41492966246483,248.22358169555665,258.03223372864846,7.903078318418607,0.530923400916777,51.59003812131576,71.13993521176582,-0.0262358593558225,0,0.2392295277777777,0.2678265555555555,0.4929441388888889,0.6163383611111111,-0.0285969166666666,0.2591666666666666,0.4189017777777777,0.2328045,36
2025-01-02,AAPL,242.30194091796875,247.51861164989128,240.2848294479123,247.34967754084445,55740700,-6.5282745361328125,-0.0262358593558225,246.99405049704785,236.1761727905273,212.06235260009765,46.04909081993463,4.405537700993912,2334182100.0,4.045002496907273,-1.1925907605270627,5.237593257434336,238.635060108695,248.2832023620605,257.9313446154261,7.771884816674859,0.1900304075634164,30.15097231206627,51.24848634540766,-0.0020095091155263,0,0.40469316666666666,0.10058166666666665,0.49472516666666666,0.5859611666666666,0.3041115,0.10833333333333334,0.2779488333333333,0.24330799999999997,4
2025-01-03,AAPL,241.8150329589844,242.62981931594803,240.3543640210219,241.8150329589844,40244100,-0.486907958984375,-0.0020095091155263,246.500810731518,236.3303717041016,212.39977096557607,45.36380349734534,4.253388957703359,2293938000.0,3.1570151631393344,-1.6644624754360011,4.821477638575336,238.7005184919257,248.3005920410156,257.9006655901055,7.732622359196073,0.1622130523861411,17.466852492064547,33.06928764181552,0.0067389426404897,1,0.5062812,0.1330384,0.3606805999999999,0.6059068,0.3732428,0.6539999999999999,0.5535512,0.2304986,5
2025-01-06,AAPL,243.44461059570312,245.75982034447205,241.6560349140449,242.75898865424097,45045600,1.62957763671875,0.0067389426404897,246.2097440519165,236.6184033203125,212.73251586914063,48.145142638083314,4.242702991469341,2338983600.0,2.555316007553529,-1.8129293048174453,4.368245312370974,239.0394458707204,248.39796981811523,257.7564937655101,7.535105020582465,0.2353557435843843,12.308444750423243,19.975423184851348,-0.0113877776305525,0,0.25898231666666666,0.1834610333333333,0.5575568,0.62142855,0.07552134999999997,0.3446666666666667,0.46880664999999994,0.23564106666666665,10
2025-01-07,AAPL,240.6723175048828,243.9911096142756,239.8177766758021,241.4374181829594,40856000,-2.7722930908203125,-0.0113877776305525,245.6823700950562,236.8547604370117,213.0875368499756,44.03791297403068,4.237747987683927,2298127600.0,1.833627294279239,-2.0276944144733884,3.861321708752628,238.9097037842021,248.3666694641113,257.82363514402056,7.615325921400042,0.0931912930817366,10.135655009569613,13.303650750685796,0.002023052361165,1,0.336587,0.10921825,0.554195,0.579179,0.2273685,0.06,0.3876525,0.239364,4
2025-01-08,AAPL,241.15921020507807,242.16280789951685,238.52603985831155,240.3841632667122,37628900,0.4868927001953125,0.002023052361165,245.2515929626773,237.0841809082032,213.4404874420166,44.92653629288444,4.19482084864974,2335756500.0,1.286146069999802,-2.0601405110022606,3.3462865810020626,238.2844005869981,248.16545486450195,258.04650914200585,7.963279403975816,0.1454707937707172,11.733159084033554,11.392419614675466,-0.0241038532428196,0,0.2322536,0.1641608,0.603586,0.610999,0.0680928,0.124,0.1452312,0.2828804,5
2025-01-10,AAPL,235.34634399414065,238.63532775588945,231.5207799769646,238.48627094630749,61710900,-5.8128662109375,-0.0241038532428196,244.3082359180548,237.1578402709961,213.77145263671875,37.3095152283079,4.58365009004001,2274045600.0,0.3788464265152242,-2.3739521235894707,2.752798550104695,236.2849807745728,247.62291946411133,258.9608581536499,9.15742267644316,-0.0413936256904538,10.670073920439322,10.846296004680823,-0.0103440441949633,0,0.286967775,0.1562843,0.55674815,0.6102832499999999,0.13068347499999994,0.31649999999999995,0.383691125,0.24287330000000001,9
2025-01-13,AAPL,232.9119110107422,233.18020116738663,228.26162915914,232.0474390372333,49630700,-2.434432983398437,-0.0103440441949633,243.2228716411679,237.17745056152344,214.0958889770508,34.659226070073906,4.762297571822911,2224414900.0,-0.5305179928565167,-2.6266532343689697,2.096135241512453,234.0248417725495,247.02225799560543,260.0196742186614,10.523275374875064,-0.0428135385798104,14.276134138905,12.226455714459286,-0.0047781348607501,0,0.2530149666666666,0.1746865,0.5722984666666666,0.6185944,0.0783287,0.18733333333333335,0.2767477666666667,0.2689611333333333,12
2025-01-14,AAPL,231.7990264892578,234.62099318079112,230.99417118008773,233.2596954436476,39435300,-1.112884521484375,-0.0047781348607501,242.13488638860505,237.2456723022461,214.3969397735596,33.48810657938051,4.681192173885802,2184979600.0,-1.325714317521374,-2.7374796472270617,1.4117653297056876,231.6958834944396,246.29291839599608,260.8899532975526,11.85339391535978,0.0035330118587039,13.77657110359017,12.907593054311493,0.0196759554112349,1,0.354715,0.175128,0.4701572499999999,0.693969,0.17958725,0.18625,0.462079,0.226931125,8
2025-01-15,AAPL,236.35989379882807,237.4429855317883,232.9417299765356,233.1504034772107,39832000,4.5608673095703125,0.0196759554112349,241.58488709434056,237.4882876586914,214.7298542022705,42.11977203509981,4.749961235931853,2224811600.0,-1.5697936546860092,-2.3852471875133574,0.8154535328273482,230.5597278955637,245.78317565917968,261.00662342279566,12.38770532017691,0.1905010610384468,17.983312134199682,15.345339125564948,-0.0404003025936208,0,0.3059298333333333,0.1838189999999999,0.5102515,0.6465923333333333,0.1221108333333333,0.3349999999999999,0.297859,0.2863815,6
2025-01-16,AAPL,226.8108825683593,236.4989845496957,226.5823469720856,235.84318609247865,71759100,-9.54901123046875,-0.0404003025936208,240.17783904424712,237.5994766235352,215.0222013092041,32.58502802749598,5.119009546051735,2153052500.0,-2.5048790038445645,-2.65626602933753,0.1513870254929656,227.4486249593108,244.6514068603516,261.8541887613923,14.063096649887823,-0.0185360250051427,13.08742020818912,14.949101148659652,0.0075353138578275,1,0.2778968181818182,0.2973613636363636,0.4247416363636363,0.594114,-0.0194643636363636,0.4872727272727273,0.4685388181818182,0.2421953636363636,11
2025-01-17,AAPL,228.5199737548828,230.8153063545454,227.02949646555183,230.6463874145182,68488300,1.7090911865234375,0.0075353138578275,239.0675661595457,237.7627136230469,215.3289849090576,35.40356098076948,5.0393962774899,2221540800.0,-3.07261234225075,-2.5791994941949725,-0.4934128480557774,225.260149924584,243.4838661193848,261.7075823141856,14.969136547113449,0.0894390528104488,11.300686173418969,14.123806171935918,-0.0319157922008027,0,0.3918643333333333,0.114589,0.4935469999999999,0.5416636666666667,0.2772753333333333,0.1883333333333333,0.3070533333333333,0.2916006666666667,6
2025-01-21,AAPL,221.22657775878903,222.99527628303537,217.9872792040061,222.57794445660952,98070400,-7.29339599609375,-0.0319157922008027,237.3684244070928,237.75149688720705,215.5952917480469,29.69750568793126,5.431774725588959,2123470400.0,-4.06421150630581,-2.856638926600026,-1.207572579705784,221.6540653956844,242.22143096923827,262.78879654279217,16.98228393024888,-0.0103923770734389,5.543231947133382,9.977112776247152,0.0053449006625256,1,0.34849258333333333,0.14803666666666665,0.503470875,0.6436986041666667,0.20045618749999997,0.20666666666666664,0.4341427708333333,0.25483124999999995,14
2025-01-22,AAPL,222.4090118408203,222.6971640978084,218.39465138442915,218.39465138442915,64126500,1.18243408203125,0.0053449006625256,235.9437184484001,237.77842041015623,215.8716195678711,31.621657898425063,5.351113153288266,2187596900.0,-4.700464411699073,-2.794313465594631,-1.906150946104442,218.8475075647208,240.9316719055176,263.0158362463144,18.33230489468997,0.0806347983364762,9.679775070886691,8.841231063813009,-0.0007594095883745,0,0.3772714285714286,0.160377,0.4623511428571428,0.5673381428571428,0.2168947142857143,0.3,0.436315,0.2382465714285714,7
2025-01-23,AAPL,222.2401123046875,225.58871322146769,220.8887455720124,223.3132578125695,60234800,-0.1688995361328125,-0.0007594095883745,234.6386131013799,237.7074740600586,216.14334060668943,31.489081905130057,5.304602760157342,2127362100.0,-5.158860076508404,-2.602167304323169,-2.556692772185235,216.6035778158192,239.39995880126952,262.1963397867199,19.044598921066704,0.1236278357618654,12.360796548245878,9.194601188755312,-0.0039346426517542,0,0.385164,0.132455,0.4823815714285714,0.6231515714285714,0.2527088571428571,0.42,0.3531032857142857,0.2567697142857142,7
2025-01-24,AAPL,221.3656768798828,224.19758968028435,220.00437919561992,223.35297985225768,54697900,-0.8744354248046875,-0.0039346426517542,233.3745239374278,237.624404296875,216.4162833404541,30.769816568733987,5.225217597622134,2072664200.0,-5.528967083377495,-2.377819448953808,-3.151147634423687,214.6840347995624,237.78577194213867,260.88750908471496,19.43071442323112,0.1446134123828774,13.230803125444943,11.757124914859167,0.0317802178622927,1,0.15629,0.22371,0.62,0.62,-0.067419,0.08,0.623461,0.2296,1
2025-01-27,AAPL,228.4007263183593,230.67618150163648,222.5580508531902,222.5978054024586,94863400,7.0350494384765625,0.0317802178622927,232.900828926088,237.7362893676758,216.71836181640623,42.2072061868421,5.517023813631529,2167527600.0,-5.19472826365714,-1.6348645033867624,-3.5598637602703778,214.632062588942,236.37776718139648,258.1234717738509,18.39911160152961,0.316583527355443,21.35369695029697,15.64843220799593,0.036543948713529,1,0.29694816296296295,0.2005038351851852,0.5025480055555555,0.557081175925926,0.09644443518518515,0.27399999999999997,0.4143344462962963,0.24825636111111107,23
2025-01-28,AAPL,236.7473907470703,238.66514594376807,229.3446904229109,229.38444497187515,75707600,8.346664428710938,0.036543948713529,233.26716814713387,238.0151077270508,217.07152976989747,52.280237613437926,5.856123514472755,2243235200.0,-4.20783027937901,-0.5183732152869056,-3.689457064092105,215.8408217419968,235.3463562011719,254.851890660347,16.576024183269677,0.5359137697259918,40.60121660308479,25.06190555960889,0.004616809396192,1,0.313729,0.2561961666666666,0.4300751666666667,0.5901163333333334,0.0575328333333333,0.2799999999999999,0.4645323333333333,0.2195768333333333,6
2025-01-29,AAPL,237.8404083251953,238.33723404319065,232.5243670778784,232.633669342314,45486100,1.093017578125,0.004616809396192,233.7027148307588,238.2980993652344,217.3942234802246,53.42505888472048,5.853033760961293,2288721300.0,-3.299474840685235,0.3119857787254956,-3.611460619410731,216.939988983852,234.5400077819824,252.14002658011285,15.008116495408837,0.5937612789244148,63.919963329716495,41.95829229436608,-0.0073947644813415,0,0.3066625454545454,0.274996,0.4183415454545454,0.6454493636363636,0.0316669090909091,0.3163636363636363,0.5376718181818182,0.2606010909090909,11
2025-01-30,AAPL,236.0816345214844,239.26131599650063,235.7040572963344,237.15477986216183,55658300,-1.7587738037109375,-0.0073947644813415,233.92927861082785,238.48430877685547,217.70064811706544,51.29268961281395,5.689049828047364,2233063000.0,-2.690500542965509,0.7367680611561775,-3.4272686041216867,217.79693781382585,233.8141448974609,249.83135198109605,13.70080248195372,0.5707829277658568,79.77270374471838,61.43129455917322,-0.0066921555449814,0,0.3919631666666667,0.144281,0.4637558333333333,0.5687764999999999,0.2476823333333333,0.6,0.5841775,0.2349115,6
2025-01-31,AAPL,234.50173950195312,245.62070152543137,231.9579942451269,245.62070152543137,100959800,-1.57989501953125,-0.0066921555449814,233.9837986956969,238.70291137695312,218.01828163146973,49.38581322647116,6.258596788922871,2132103200.0,-2.308754464623888,0.894811311598239,-3.2035657762221272,218.6237460824452,233.09772109985352,247.5716961172619,12.418804395953783,0.548501479393565,75.64569860751979,73.11278856065155,-0.0338559109897993,0,0.3839243,0.1214286999999999,0.4946471,0.6045931,0.2624957,0.258,0.4051907,0.2404412,10
2025-02-03,AAPL,226.56246948242188,230.35822543026035,224.2671369795404,228.52991033796465,73063300,-7.93927001953125,-0.0338559109897993,233.2770054372897,238.702712097168,218.31260459899903,41.11410931062271,6.5425971984578615,2059039900.0,-2.616687145947054,0.4695029042200587,-3.086190050167113,218.21759268459104,232.3107475280761,246.4039023715613,12.13302009781695,0.2960613464659559,58.61609416813298,71.34483217345705,0.0210078826788635,1,0.32882646666666665,0.19610481666666665,0.47506871666666667,0.5771950833333334,0.1327214666666667,0.3551666666666667,0.3940751,0.2298977166666666,10
2025-02-04,AAPL,231.3220672607422,231.6499740681249,225.21110156992967,225.80729852188347,45067300,4.7595977783203125,0.0210078826788635,233.0908208490471,238.79253845214845,218.6375569152832,46.860374013655886,6.535188291296248,2104107200.0,-2.448442134514352,0.5101983325222093,-2.958640467036561,218.38292053157585,231.78609924316407,245.1892779547524,11.565127292234324,0.4826894801447104,46.35019890787222,60.20399722784166,-0.0014175533741167,0,0.311428875,0.144813375,0.54375775,0.633452,0.1666155,0.3175,0.237199625,0.221659625,8
2025-02-05,AAPL,230.99415588378903,231.1928831432029,226.8208227884249,227.07916670947125,39620300,-0.327911376953125,-0.0014175533741167,232.89113847140348,238.8614971923828,218.9656220245361,46.52353837729846,6.389906589940603,2064486900.0,-2.3148819404192977,0.5150068212938108,-2.8298887617131085,218.8738930773545,231.1635765075684,243.45325993778224,10.632889156576535,0.4931072014693728,42.11911046074383,49.02846784558301,0.0032262255941548,1,0.343055,0.14428575,0.512659375,0.616979625,0.19876925,0.28625,0.262008875,0.213704,8
2025-02-06,AAPL,231.7393951416016,232.3157148088948,228.9670990724139,229.82163993606684,29925300,0.7452392578125,0.0032262255941548,232.78144863046995,238.9549002075196,219.3075120544433,47.448076495915984,6.172671528979193,2094412200.0,-2.124411056212552,0.5643821644004459,-2.688793220612997,219.2181726241304,230.7169303894043,242.21568815467825,9.967849126517336,0.5444597917909487,48.3638740167051,45.61106112844038,-0.0239686874661435,0,0.337492,0.1261563,0.536352,0.6312723,0.2113357,0.209,0.4875349,0.2445256,10
2025-02-07,AAPL,226.1849060058593,232.5144614947352,225.81724462416,231.12335539671392,39707200,-5.554489135742188,-0.0239686874661435,232.15320647574512,238.91038482666016,219.6174713897705,41.66607932397857,6.210139053378908,2054705000.0,-2.3940650688025187,0.2357825214483826,-2.6298475902509013,219.3720489040972,229.9682151794433,240.5643814547895,9.215331142243288,0.3214774534830342,42.16707701833528,44.2166871652614,0.0011872561854502,1,0.3081399999999999,0.168360923076923,0.523499076923077,0.5710060769230769,0.1397788461538461,0.3284615384615384,0.4465497692307692,0.270291,13
2025-02-10,AAPL,226.4534454345703,229.3779949636392,226.005813710008,228.36336710225456,33115600,0.2685394287109375,0.0011872561854502,231.61037209087127,238.81162109375,219.92352600097647,42.03385441307636,6.0074277819683575,2087820600.0,-2.5566277160478705,0.0585758993624248,-2.615203615410296,219.12290822209025,229.52357025146483,239.92423228083945,9.062826983720848,0.3524072406052826,36.34381204161154,42.2915876922173,0.0218318313644101,1,0.3021206222222222,0.15962606031746027,0.5382534126984126,0.587100526984127,0.14249449523809518,0.25330158730158725,0.3710931492063492,0.274172965079365,15
2025-02-11,AAPL,231.3973388671875,233.9936212519964,226.9309481287188,227.000572314181,53718400,4.943893432617188,0.0218318313644101,231.59008321242524,238.7682131958008,220.2438053894043,48.47449577288277,6.116909784501053,2141539000.0,-2.2604715935834747,0.2837856174614566,-2.544257211044932,219.1252032942164,229.4478416442871,239.77047999435788,8.997808195619426,0.5944282438649526,34.580195108656184,37.697028056201,0.018270203159199,1,0.22534375,0.2070445,0.56761175,0.56761175,0.0182992499999999,0.2749999999999999,0.3695565,0.2244775,4
2025-02-12,AAPL,235.62501525878903,235.71455375787428,229.4675472393098,229.9848183887124,45243300,4.2276763916015625,0.018270203159199,231.97436245493608,238.81194274902344,220.5809162902832,53.25733200173475,6.126202408362727,2186782300.0,-1.6654295451023131,0.7030621327540945,-2.368491677856408,219.0119890022013,229.63914108276367,240.26629316332608,9.255523279223818,0.7816311524784637,45.01806415012938,38.64735710013237,0.0196731999859343,1,0.215124,0.2153811428571428,0.5694952857142856,0.5694952857142856,-0.0002571428571428,0.48,0.3079717142857143,0.2234152857142857,7
2025-02-13,AAPL,240.2605133056641,241.06625350434595,234.33184765944367,235.6648009555,53614100,4.635498046875,0.0196731999859343,232.76351967881493,238.90068664550785,220.94412544250488,57.874614982636565,6.169645510972687,2240396400.0,-0.810465935913669,1.2464205935541912,-2.05688652946786,218.5952566663333,229.83417205810548,241.07308744987765,9.780021213669482,0.963849975024794,60.737588241146206,46.77861583331059,0.0127106978261322,1,0.1726133333333333,0.1939453333333333,0.6334417777777778,0.6334417777777778,-0.0213321111111111,0.1011111111111111,0.3747602222222222,0.2741117777777778,9
2025-02-14,AAPL,243.3143920898437,244.25939586817944,239.7233655892969,239.981993568851,40896200,3.0538787841796875,0.0127106978261322,233.76836467034147,239.00559509277343,221.3018125152588,60.633537245123,6.052958708680537,2281292600.0,0.1122276886663087,1.7352913745073353,-1.6230636858410266,218.08537554951192,230.6593475341797,243.23331951884745,10.902633792289317,1.0032238250210497,75.64559674698616,60.46708304608725,-0.0005314234698778,0,0.5076491428571429,0.0835001428571428,0.4088505714285714,0.6687062857142857,0.4241488571428571,0.1914285714285714,0.573766,0.2266587142857143,7
2025-02-18,AAPL,243.18508911132807,243.89134891584123,240.56890729516903,242.8667637165237,48822500,-0.129302978515625,-0.0005314234698778,234.66519556948307,239.0471063232422,221.6745457458496,60.45300495505193,5.857921773822797,2232470100.0,0.8235420835563048,1.9572846155178647,-1.1337425319615604,217.7391212638908,231.392603302002,245.0460853401131,11.80113957254832,0.9318490249011072,84.85048136375997,73.74455545063078,0.0016360282099101,1,0.3034323125,0.19308152083333333,0.5034862083333334,0.6157138333333333,0.11035082291666662,0.24510416666666665,0.45976109374999996,0.2361551875,17
2025-02-19,AAPL,243.5829467773437,244.7169542759842,241.8819431186772,243.37405904734027,32204200,0.397857666015625,0.0016360282099101,235.5145052083269,239.0894204711914,222.0543670654297,60.839367985268666,5.641999586928814,2264674300.0,1.4031925248923756,2.029548045483149,-0.6263555205907732,218.70930661144945,232.5104217529297,246.31153689440995,11.871394871190432,0.9011460273646574,89.41679177543047,83.30428996205886,0.0039205179431116,1,0.2699440714285714,0.1614577142857143,0.5685985,0.6047767857142857,0.1084862857142857,0.2485714285714285,0.3547676428571428,0.2545160714285714,14
2025-02-20,AAPL,244.5379180908203,245.4829218502696,243.00600383864503,243.65259654249155,32316900,0.9549713134765624,0.0039205179431116,236.3738778638025,239.1502377319336,222.4204983520508,61.8039687303131,5.4159223315499405,2296991200.0,1.917523858354457,2.035103503156184,-0.1175796448017271,219.6849493431889,233.6168670654297,247.54878478767043,11.927150549740738,0.8919435659584896,91.32673987542582,88.53133767153876,-0.0011389590576884,0,0.2004382,0.1887365999999999,0.6108252000000001,0.6108252000000001,0.0117017999999999,0.23,0.2555447999999999,0.2414352,5
2025-02-21,AAPL,244.2593994140625,247.38289505871285,243.93113206298463,244.65729095432025,53197400,-0.2785186767578125,-0.0011389590576884,237.12487991620824,239.2094592285156,222.73400100708008,61.32949088281119,5.275625236134103,2243793800.0,2.2764198649625484,1.9151996078114204,0.361220257151128,221.07904736393945,234.71783142089845,248.35661547785747,11.621429845695715,0.8497954052691222,90.62464250906304,90.45605805330644,0.0063123665336812,1,0.26976225,0.1752531666666666,0.55498475,0.59010125,0.0945093333333333,0.27,0.3764503333333333,0.27537975,12
2025-02-24,AAPL,245.8012542724609,247.55199828948733,243.1353323966777,243.64264638435856,51326400,1.5418548583984375,0.0063123665336812,237.9512012834704,239.2218142700196,223.0634800720215,63.02194720180636,5.214270997325212,2295120200.0,2.654661056964045,1.834752639850333,0.8199084171137114,222.9412295309424,235.93961029052736,248.9379910501123,11.018396396924794,0.8793412488960082,91.1934515251645,91.04827796988444,-0.0002428481619801,0,0.2686867777777778,0.19637505555555554,0.5349383888888889,0.5676621944444444,0.07231163888888886,0.3922222222222222,0.34865263888888887,0.2487009722222222,20
2025-02-25,AAPL,245.74156188964844,248.68601093773057,243.62276739789988,246.69652285022872,48013300,-0.0596923828125,-0.0002428481619801,238.69314038882067,239.21270446777345,223.38924491882324,62.90715886711333,5.203483321789889,2247106900.0,2.915989538029009,1.6768648967322384,1.2391246412967711,223.6233462124721,236.8066520690918,249.98995792571148,11.13423608790623,0.838872128043293,88.59189201750547,90.13666201724436,-0.0270401856724644,0,0.2203026666666666,0.257787,0.5219103333333334,0.5550316666666667,-0.0374843333333333,0.5499999999999999,0.4248855,0.2141604999999999,6
2025-02-26,AAPL,239.0966644287109,243.6923767743236,237.87313357927937,243.04579925662603,44433600,-6.6448974609375,-0.0270401856724644,238.7315712497626,239.09613494873048,223.6801021575928,51.63293185167679,5.393836535259831,2202673300.0,2.5574261341387228,1.0546411942735614,1.5027849398651614,223.70320461280767,236.92411575317385,250.14502689353984,11.16046046924114,0.5821633491243995,79.11867235562529,86.30133863276508,-0.012730832290805,0,0.237473,0.2120038333333333,0.5505236666666667,0.5940795,0.0254691666666666,0.2433333333333333,0.2340808333333333,0.2583841666666667,6
2025-02-27,AAPL,236.05276489257807,241.18564780716903,235.81402085750776,238.1516754344793,41153600,-3.0438995361328125,-0.012730832290805,238.47644683479265,238.8894738769532,223.9466806030273,47.43875533555347,5.392250136288507,2161519700.0,2.004537736366302,0.4014022372009125,1.6031354991653897,223.6156388039125,236.83473358154296,250.05382835917345,11.163138596880753,0.4704227595717031,63.316718740354894,77.00909437116188,0.0191318603791581,1,0.4493807142857143,0.1312328571428571,0.4193865714285714,0.6422161428571428,0.3181477142857142,0.4214285714285714,0.4193841428571428,0.2214138571428571,7
2025-02-28,AAPL,240.5688934326172,240.8175794410065,228.9900734891547,235.704595715666,56833400,4.516128540039063,0.0191318603791581,238.67572746315687,238.7697567749024,224.24213539123537,53.47697030951375,5.8519112659716,2218353100.0,1.9087802970165344,0.2445158382809154,1.6642644587356188,223.74675375302544,237.0590965270996,250.37143930117367,11.231243997044714,0.6318249148584476,55.67870827514304,66.03803312370773,-0.0157542314522276,0,0.2860536666666666,0.1916495,0.522297,0.615447,0.0944041666666666,0.2233333333333333,0.3472636666666666,0.2282106666666666,6
2025-03-03,AAPL,236.77891540527344,242.74737946323825,234.8690087281554,240.519147417306,47184000,-3.78997802734375,-0.0157542314522276,238.4950786957394,238.51640991210937,224.50262901306152,48.44700547052937,5.996658370908119,2171169100.0,1.5096697506493513,-0.1236757664690142,1.6333455171183655,223.9111944989477,237.17295532226564,250.4347161455836,11.183198189943788,0.485143755710804,51.411888558602335,56.80243852470009,-0.0088224662886385,0,0.1730278962962963,0.3031340074074074,0.5238383703703704,0.6317804592592592,-0.13010597777777777,0.3264444444444445,0.3120665037037037,0.24704698518518517,19
2025-03-04,AAPL,234.68994140625,238.80819608105105,233.44651142335263,236.4605996661973,53798100,-2.088973999023437,-0.0088224662886385,238.132684668169,238.17279296875,224.74697708129884,45.88516837550617,5.951303105678853,2117371000.0,1.0131302884663853,-0.4961721829215841,1.5093024713879697,225.17246260153053,237.57932891845704,249.9861952353835,10.444398823253508,0.3835569176615895,46.13911083519066,51.07656922297867,-0.0008052980890261,0,0.294790125,0.215693,0.489517,0.57384825,0.07909725,0.42375,0.29754425,0.245705375,8
2025-03-05,AAPL,234.50094604492188,235.3066862220588,228.02515316620745,234.1826206927458,47227600,-0.188995361328125,-0.0008052980890261,237.78680479928832,237.9333062744141,224.97902839660645,45.6499734782636,6.046319530691174,2070143400.0,0.5974814469525143,-0.7294568195483644,1.3269382665008786,225.57710915366823,237.738272857666,249.8994365616637,10.230715953151252,0.366898970709525,35.18335750138858,44.24478563172719,-0.0017391695894667,0,0.335232125,0.16214825,0.502619625,0.5963324999999999,0.173084,0.43,0.328411875,0.2200835,8
2025-03-06,AAPL,234.0931091308593,236.6098102558101,231.93451645578955,233.20778757123543,45170400,-0.4078369140625,-0.0017391695894667,237.435024259438,237.65108459472657,225.20844573974608,45.112603344029296,5.948389121357562,2024973000.0,0.2324877409756425,-0.8755604204201888,1.1080481613958313,226.0037845161237,237.89322052001955,249.7826565239154,9.995607254302003,0.3401895856155434,29.88397710840725,37.06881514832883,0.0158926172011832,1,0.321444,0.1654220909090909,0.5131341818181818,0.643535,0.1560218181818181,0.2781818181818182,0.2559796363636363,0.2440385454545454,11
2025-03-07,AAPL,237.8134613037109,240.10136041796665,233.5261018066448,233.8742682867737,46273600,3.7203521728515625,0.0158926172011832,237.471065882702,237.3498663330078,225.4563162231445,50.801958140351225,5.9931655134978685,2071246600.0,0.2406548085890563,-0.6939146822454201,0.9345694908344764,226.64629160983392,238.196923828125,249.7475560464161,9.698389074600833,0.4834007993169922,36.02957377637729,33.69896946205771,-0.0484795875201463,0,0.3132896666666667,0.2104646666666666,0.4762458333333333,0.5953126666666667,0.1028248333333333,0.4283333333333334,0.4269891666666667,0.2250039999999999,6
2025-03-10,AAPL,226.28436279296875,234.91874867921032,223.0415027897028,234.3019970725287,72071200,-11.529098510742188,-0.0484795875201463,236.4056655884417,236.8025653076172,225.6407413482666,37.74491547192182,6.620222156391462,1999175400.0,-0.6753891627541293,-1.2879669228708843,0.6125777601167554,226.6718874143845,238.20189666748047,249.7319059205764,9.680871071477084,-0.0168050438169309,29.79695545402293,31.903502112935826,-0.0291893226679411,0,0.3139614380952381,0.13725913809523807,0.5487796523809524,0.5888663095238095,0.17670256190476188,0.19814285714285715,0.35023706190476184,0.2630420380952381,14
2025-03-11,AAPL,219.6792755126953,224.65299583409444,216.3070937419303,222.6336665978936,76137400,-6.6050872802734375,-0.0291893226679411,234.8126760574183,236.06493438720705,225.7856471252441,32.57876673893696,6.860011220294819,1923038000.0,-1.9122922377285647,-2.019895998276256,0.1076037605476913,224.69145718379443,237.86318817138672,251.034919158979,11.07504787844825,-0.1902628316589749,23.478759818304056,29.768429682901427,-0.0174787615751472,0,0.1912106666666666,0.2752165,0.533573,0.533573,-0.0840055,0.1766666666666666,0.3316411666666667,0.2941521666666666,6
2025-03-12,AAPL,215.8395538330078,220.58448707211764,213.7804415985268,218.9829485881484,62547500,-3.8397216796875,-0.0174787615751472,233.00571203604588,235.234213256836,225.91854232788089,30.007516362750664,6.8560136669588205,1860490500.0,-3.1658859234786974,-2.618791747221111,-0.5470941762575864,220.96944638538707,237.0852989196777,253.2011514539684,13.59498257186378,-0.1591567229057252,9.653091853211633,20.97626904184621,-0.0336437058319391,0,0.2344375,0.1563515,0.6092112999999999,0.6093702999999999,0.0780860999999999,0.1349999999999999,0.323817,0.2603259,10
2025-03-13,AAPL,208.57791137695312,215.70028194858563,207.3245394208188,214.8149604095552,61368300,-7.261642456054687,-0.0336437058319391,230.679254830418,234.3264239501953,226.03505653381347,25.85201090042143,6.974513720189548,1799122200.0,-4.691244067800369,-3.315319913234226,-1.375924154566143,215.37335169010493,235.73294372558595,256.0925357610669,17.273438081001842,-0.1668854734738612,6.448042540614476,13.193298070710055,0.018170562751941,1,0.29279425,0.1473505,0.55985525,0.60547325,0.145444,0.1425,0.2613625,0.2412555,4
2025-03-14,AAPL,212.36788940429688,212.8254631170957,208.47843695256688,210.13965751241795,60107600,3.78997802734375,0.018170562751941,228.93531526602555,233.56180389404287,226.15515380859367,31.20661080456842,6.786836037642355,1859229800.0,-5.530529334614158,-3.3236841440384124,-2.206845190575746,211.71490919244624,234.3383125305176,256.9617158685889,19.30832657602682,0.0144315203617436,7.040911562510376,7.714015318778828,0.0023889651065525,1,0.3025622857142857,0.1552111428571428,0.5422265714285714,0.6042261428571428,0.1473511428571428,0.1514285714285714,0.2270892857142857,0.2348977142857143,7
2025-03-17,AAPL,212.875228881836,214.0888178495616,208.86641153353528,212.18885305172668,48073400,0.5073394775390625,0.0023889651065525,227.40578322943605,232.84270416259767,226.27773811340333,31.91540985084817,6.675091057526927,1907303200.0,-6.084591515993736,-3.102197060334392,-2.982394455659344,208.76283605948305,232.8163543701172,256.8698726807513,20.663083034446387,0.0854842266574945,10.162091258950229,7.88368178735836,-0.0061215722954734,0,0.2921505833333333,0.23067679166666663,0.47717275,0.5474646666666666,0.061473749999999994,0.33708333333333335,0.4333616666666667,0.260207,16
2025-03-18,AAPL,211.5720977783203,214.01915944879545,210.378408047948,213.03437263106773,42432400,-1.303131103515625,-0.0061215722954734,225.89781318647263,232.2281072998047,226.3923196411133,31.031014344288625,6.4583525106212525,1864870800.0,-6.55329922173118,-2.856723812857468,-3.696575408873712,205.9901212984118,231.2357048034668,256.4812883085218,21.83536796491864,0.1105535247143489,13.14900033619026,10.117334385883622,0.0119893211893127,1,0.2118798888888889,0.2546804444444444,0.5334398888888888,0.6324158888888889,-0.0428002222222222,0.2566666666666666,0.3583744444444444,0.2190945555555555,9
2025-03-19,AAPL,214.10870361328125,217.6101915579757,212.6265295918345,213.0940604852241,54385400,2.536605834960937,0.0119893211893127,224.7750408461687,231.67398071289065,226.51462730407715,34.81742055473426,6.428334029837976,1919256200.0,-6.643488563075806,-2.3575305233616746,-4.285958039714132,204.13333420415145,229.7619926452637,255.39065108637587,22.308875498552148,0.1946135696499784,15.46853247042057,12.92654135518702,-0.0052963876125049,0,0.3285078571428571,0.1210357142857142,0.5504567142857143,0.6125622857142857,0.2074721428571428,0.14,0.2476988571428571,0.2655732857142857,7
2025-03-20,AAPL,212.9747009277344,216.3468825511506,211.10457731145533,212.8652784783013,48862900,-1.134002685546875,-0.0052963876125049,223.65119894917493,231.06458251953129,226.6265060424805,33.92084718596879,6.343617687684926,1870393300.0,-6.728902209266039,-1.9543553356415253,-4.774546873624513,202.5018769393625,228.18383178710937,253.8657866348562,22.50988130632107,0.2038946032429975,15.697860511186848,14.771797772599228,0.0194768981000192,1,0.2405663999999999,0.2149274,0.5445064000000001,0.5445064000000001,0.025639,0.166,0.5034797999999999,0.2598188,5
2025-03-21,AAPL,217.122787475586,217.68978368973623,210.16952111998103,210.44804823896536,94127800,4.1480865478515625,0.0194768981000192,223.0294454754998,230.5935919189453,226.75030166625976,40.006559513327936,6.4276637506899466,1964521100.0,-6.388237595378342,-1.290952577403063,-5.097285017975279,201.8273329309214,226.8270011901856,251.8266694494497,22.04293856382901,0.3059131502474337,21.665466155841298,17.610619712482904,0.0112703601054693,1,0.2235400833333333,0.1891534166666666,0.5873068333333333,0.61425075,0.03438675,0.1575,0.2325207499999999,0.2520498333333333,12
2025-03-24,AAPL,219.56983947753903,220.3158974796034,217.4311459430569,219.8384246082871,44299500,2.447052001953125,0.0112703601054693,222.6999591899797,230.16180450439447,226.8847462463379,43.322723501548616,6.196624197356197,2008820600.0,-5.853328264166606,-0.6048345969530615,-5.248493667213545,201.92239408225487,225.51543045043945,249.10846681862404,20.92365592993826,0.3739969099331769,27.734694242224865,21.699340303084337,0.0136818420972346,1,0.28893399999999997,0.17812674999999997,0.53293925,0.6124474444444444,0.11080730555555557,0.23527777777777778,0.2740423611111111,0.23091049999999994,10
2025-03-25,AAPL,222.573959350586,222.9221258053629,218.9232508666907,219.6096266224241,34493600,3.004119873046875,0.0136818420972346,222.6879592052756,229.90635681152344,227.0266767120361,47.18255513467425,6.039642107450197,2043314200.0,-5.127890271046368,0.0964827169337416,-5.22437298798011,202.6504808376504,224.3570503234864,246.06361980932223,19.350022167378818,0.4589273889164313,37.926159306805744,29.1087732349573,-0.0099217042044116,0,0.1586975,0.1919895,0.6493135,0.6493135,-0.033292,0.1425,0.33403475,0.2324875,4
2025-03-26,AAPL,220.3656463623047,223.837308532426,219.3112201065871,222.3352353150336,34466100,-2.20831298828125,-0.0099217042044116,222.46678655356408,229.65543151855468,227.16445610046387,44.76895987418252,5.931531130192243,2008848100.0,-4.677251394919921,0.4376972744481513,-5.114948669368072,202.74680442417016,223.420499420166,244.09419441616183,18.5065336884032,0.4261173907602633,41.22407816944848,35.628310572826365,0.0104726648180157,1,0.1896996666666666,0.2521486666666666,0.5581516666666667,0.580676,-0.062449,0.1633333333333333,0.139327,0.2307979999999999,3
2025-03-27,AAPL,222.6734619140625,223.8074695251928,219.4007454858761,220.2263848697343,37094800,2.3078155517578125,0.0104726648180157,222.4864699212306,229.4729202270508,227.30182792663567,47.77560098507927,5.822616337986843,2045942900.0,-4.086785491889543,0.8225305419828235,-4.909316033872367,202.90692809929607,222.75153427124025,242.5961404431843,17.817705486849462,0.4980329073678438,47.31210327935518,42.154113585203135,-0.0265803877002929,0,0.2274597142857142,0.2364268571428571,0.5361134285714286,0.5361134285714286,-0.0089672857142857,0.3871428571428571,0.3313075714285714,0.2375201428571428,7
2025-03-28,AAPL,216.7547149658203,222.6336557419088,216.5358700680628,220.504904155295,39818600,-5.918746948242188,-0.0265803877002929,221.9405884969058,229.08081665039063,227.4282941436768,41.53125717318179,5.845114588559191,2006124300.0,-4.049747455564386,0.6876548626463848,-4.737402318210771,203.34440544665893,221.5608253479004,239.77724524914183,16.44371912104731,0.3680830149904335,49.94382278949963,46.16000141276776,0.0194125589034523,1,0.1035705,0.4832444999999999,0.4131855,0.7410654999999999,-0.3796745,0.08,0.2215444999999999,0.205387,2
2025-03-31,AAPL,220.9624786376953,224.4341253115235,215.09348022110552,215.86937928840504,65299300,4.207763671875,0.0194125589034523,221.84743517698087,228.96384857177733,227.50625160217285,46.84979044181513,6.094795338691962,2071423600.0,-3.63891602358666,0.8787890356992891,-4.517705059285949,203.94472764086547,220.77000350952147,237.59527937817748,15.242356843039468,0.5057198208717756,63.25107539480616,53.502333821220326,0.0047719780620076,1,0.22455004848484847,0.21100659393939392,0.5644435212121212,0.5709232787878787,0.013543618181818165,0.3429696969696969,0.23009858787878787,0.23437795757575755,17
2025-04-01,AAPL,222.01690673828125,222.5043215641154,217.7494466522301,218.65466729819107,36412700,1.0544281005859375,0.0047719780620076,221.86357532567624,228.8337872314453,227.56013534545897,48.12326729287871,5.999086736777198,2107836300.0,-3.191456494513659,1.060998851817832,-4.252455346331491,204.5465516073574,220.13635177612304,235.72615194488867,14.163767177008856,0.5603136326893379,73.33388547602011,62.17626122010864,0.0031364045607933,1,0.1980111666666666,0.2046758888888888,0.5973128333333333,0.5973128333333333,-0.0066645555555555,0.3122222222222222,0.2016762222222222,0.255282,18
2025-04-02,AAPL,222.71324157714844,224.00641185945875,219.8583310514353,220.15675729790527,35905900,0.6963348388671875,0.0031364045607933,221.9444959210545,228.8635205078125,227.61170104980468,48.99244074469413,5.866872027580501,2143742200.0,-2.7489648365039443,1.2027924078620376,-3.951757244365982,205.3444270599629,219.5469665527344,233.74950604550585,12.938042110784602,0.6114686224257841,84.93203085629214,73.8389972423728,-0.0924561181742474,0,0.2483783333333333,0.2233292222222222,0.5282924444444445,0.6011728888888889,0.0250493333333333,0.2233333333333333,0.280194,0.2463433333333333,9
2025-04-03,AAPL,202.12203979492188,206.39944211542388,200.19223396809613,204.4596791341039,103419000,-20.59120178222656,-0.0924561181742474,220.05664295666097,228.4577810668945,227.5689855194092,31.946899235477392,7.056453140542773,2040323200.0,-4.01355909463399,-0.0494414802144067,-3.964117614419584,203.4605493020217,217.9484130859375,232.4362768698533,13.294764186425324,-0.046194163855469,61.0157898087296,73.09390204701396,-0.07288746190437,0,0.2327429166666666,0.27047125,0.4967858333333333,0.56442425,-0.03772825,0.2649999999999999,0.3339745833333333,0.28091525,12
2025-04-04,AAPL,187.389877319336,198.82943318150367,186.3553350717911,192.8709112290044,125910900,-14.732162475585938,-0.07288746190437,216.94552241977289,227.7607763671875,227.43188873291007,25.193287884127404,7.678613967870488,1914412300.0,-6.133814746838112,-1.735757705934823,-4.398057040903289,198.33005247270063,215.4272338867188,232.5244153007368,15.872813390909103,-0.3199408981060119,33.29735906580034,59.74839324360736,-0.0367342212626019,0,0.2637762222222222,0.2784944444444444,0.4577292222222222,0.5917855555555556,-0.0147182222222222,0.1822222222222222,0.2811873333333333,0.2515096666666667,9
2025-04-07,AAPL,180.5062561035156,193.1295449362321,173.70219548773406,176.26863687444822,160466300,-6.8836212158203125,-0.0367342212626019,213.47511610393883,226.94358795166016,227.2721717071533,22.771005811853307,8.51780935934389,1753946000.0,-8.274203463110894,-3.100917137766084,-5.17328632534481,190.96454335366656,213.1383285522461,235.3121137508256,20.806942936257567,-0.2358254839327327,8.029753956895641,34.11430094380853,-0.0498180927969346,0,0.3049017746031746,0.18963652380952378,0.5054619269841271,0.5720079285714286,0.11526542063492061,0.23614285714285713,0.3036431539682539,0.24259593968253967,18
2025-04-08,AAPL,171.51377868652344,189.3395914266431,168.32065857366717,185.71872345097177,120859500,-8.992477416992188,-0.0498180927969346,209.4787982546612,225.80584899902345,227.09034446716308,20.057868796818283,9.410746751746178,1633086500.0,-10.574201898433811,-4.320732458471202,-6.253469439962611,182.3321412513121,210.7300537109375,239.12796617056293,26.951933964368827,-0.1904781307458709,7.273036020554183,16.20004968108339,0.1532884230147397,1,0.1826484285714285,0.3351061428571428,0.4822454285714285,0.6158824285714285,-0.1524575714285714,0.2128571428571428,0.342184,0.227652,7
2025-04-09,AAPL,197.8048553466797,199.55559936553783,170.98654976711688,171.04623198001363,184395900,26.29107666015625,0.1532884230147397,208.36699416818675,225.0269982910156,227.05082847595216,41.866546520640696,10.77919695508009,1817482400.0,-10.158397384575409,-3.1239423556902377,-7.034455028885171,180.99466343699163,209.82831878662108,238.6619741362505,27.48309238368441,0.2915029625250773,23.88204967864237,13.0616132186974,-0.0423937845025884,0,0.2253394444444444,0.3212912222222222,0.4533694444444445,0.5309585555555556,-0.0959517777777777,0.2777777777777778,0.3502707777777777,0.2926972222222222,9
2025-04-10,AAPL,189.41915893554688,193.7562435722064,182.0381599544528,188.0762635840202,121880000,-8.385696411132812,-0.0423937845025884,206.56243843174485,224.05857330322263,226.9661618804932,38.27951278182509,11.13544684344772,1695602400.0,-10.385803848000933,-2.6810790552926083,-7.704724792708324,178.69252238866324,208.8703811645508,239.04823994043835,28.896254804182167,0.1777236189377084,31.94468896327,21.033258220822187,0.040594504137098,1,0.19536425,0.249258,0.55537775,0.55537775,-0.053894,0.08,0.15922875,0.2700245,4
2025-04-11,AAPL,197.1085357666016,198.4912294473957,185.0820833366806,185.12188160037283,87435900,7.689376831054687,0.040594504137098,205.66206674935023,223.279111328125,226.91533203125,43.09413325635352,11.29785393396682,1783038300.0,-9.832216984127683,-1.7019937531354865,-8.130223230992197,177.5526042013328,208.107413482666,238.6622227639992,29.36446017948152,0.3200139687537836,47.14885685618622,34.325198499366195,0.0220539174721825,1,0.1272168571428571,0.3690697142857143,0.5037134285714285,0.6105845714285714,-0.2418525714285714,0.1685714285714285,0.281948,0.2872545714285714,7
2025-04-14,AAPL,201.4555511474609,211.82078139531484,200.10269875392328,210.3286654544389,101352900,4.347015380859375,0.0220539174721825,205.261446215837,222.6181875610352,226.8655168151856,45.67415813184723,11.541739055020138,1884391200.0,-8.939676567701127,-0.6475626693671437,-8.292113898333984,176.93258471344487,207.53642959594723,238.14027447844964,29.492503983117587,0.4006517241243267,49.31749599221637,42.80368060389086,-0.0018762983720392,0,0.2557187619047619,0.2547601547619048,0.4895210952380952,0.5875547202380952,0.0009586904761904672,0.32749999999999996,0.32007476190476186,0.27489017857142856,17
2025-04-15,AAPL,201.0775604248047,202.4403549077855,198.7498630049633,200.7990333068026,51343900,-0.37799072265625,-0.0018762983720392,204.86298090240533,222.10848937988283,226.80959815979003,45.48106265477968,10.980935687006,1833047300.0,-8.168669215696184,0.098755746110239,-8.267424961806423,176.34282529351742,207.01170272827147,237.68058016302552,29.63009050267149,0.4032546542322706,56.24298831281624,50.90311372040628,-0.0389334532520138,0,0.1749712,0.2973034,0.5277254,0.6258366,-0.1223322,0.474,0.3597751999999999,0.2299128,5
2025-04-16,AAPL,193.24891662597656,199.6451131111785,191.35889396287376,197.31741584829123,59732400,-7.828643798828125,-0.0389334532520138,203.75687954274548,221.3470263671875,226.7317868804932,41.56195169768007,10.890773599500635,1773314900.0,-8.09602057667351,0.1371235081063311,-8.233144084779841,174.9197503056642,205.96871337890624,237.0176764521483,30.14920330751733,0.2951655144984281,53.95024151185319,53.17024193896194,0.013949730279158,1,0.2258422,0.2606094,0.5135484,0.5535878000000001,-0.0347674,0.222,0.2014438,0.2535226,5
2025-04-17,AAPL,195.94468688964844,197.7849695303218,193.39814444403507,196.1635318040612,52164700,2.695770263671875,0.013949730279158,203.0128611948315,220.64603698730468,226.63706764221192,43.37151155693722,10.43686497841811,1825479600.0,-7.731792584021832,0.4010812006064075,-8.13287378462824,173.94964390356736,205.117212677002,236.28478145043653,30.390008099919104,0.3528514390385874,50.676598196985815,53.623276007218415,-0.0193929321428429,0,0.3639856,0.2194836,0.4165308,0.5975634,0.144502,0.51,0.4708757999999999,0.3206874,5
2025-04-21,AAPL,192.14474487304688,192.78138039340035,188.81234657174457,192.254167314604,46742500,-3.7999420166015625,-0.0193929321428429,201.97780249751867,219.8541439819336,226.50589981079105,41.42430828457984,10.200827502667092,1778737100.0,-7.661446453393751,0.3771418649875926,-8.038588318381343,172.72335050419258,203.868310546875,235.0132705895574,30.55399827382326,0.3117903240562577,45.47889966068698,50.035246456508666,0.0340650764056218,1,0.22892869047619047,0.2324126071428571,0.5386589523809524,0.5806536071428571,-0.0034838809523809514,0.2920238095238095,0.3006010357142857,0.26241216666666667,14
2025-04-22,AAPL,198.690170288086,200.5304375648519,194.9399811908512,195.08918671811185,52976400,6.545425415039063,0.0340650764056218,201.6646946680489,219.3042492675781,226.40111404418943,45.92757980349484,10.071175016176944,1831713500.0,-6.996879834141936,0.833366787391526,-7.830246621533462,172.46474943287103,202.8243270874024,233.18390474193365,29.93682078525873,0.4319134665448918,48.849758387876136,48.33508541518298,0.024331561705656,1,0.2848788571428571,0.157889,0.5572322857142857,0.6593358571428573,0.1269898571428571,0.29,0.3346647142857142,0.2442185714285714,7
2025-04-23,AAPL,203.5246124267578,206.90673568869565,201.7340703321958,204.91724784553512,52929200,4.834442138671875,0.024331561705656,201.84182969268784,218.84567260742188,226.2967562866211,49.04361590952994,9.938702900779283,1884642700.0,-6.010817955185701,1.4555429330782097,-7.46636088826391,172.88628291092547,201.87185974121093,230.8574365714964,28.71680764960845,0.5285099153835023,59.41626711929405,51.24830838928572,0.0184261896423869,1,0.263246125,0.180179,0.556574875,0.556574875,0.08306725,0.25,0.339259125,0.249310125,8
2025-04-24,AAPL,207.27479553222656,207.7323844355936,201.87334307751465,203.81309077731203,47311000,3.75018310546875,0.0184261896423869,202.3592550107392,218.36322174072265,226.2038128662109,51.38404909452601,9.64729850487212,1931953700.0,-4.870603096248885,2.0766062336120203,-6.947209329860906,173.36261787006276,201.21731719970705,229.0720165293513,27.6861849837692,0.608733507779653,75.00506600505294,61.0903638374077,0.0043672828565983,1,0.1942073999999999,0.3178642,0.4879282,0.6183029999999999,-0.1236569999999999,0.254,0.3853592,0.2490193999999999,5
2025-04-25,AAPL,208.1800231933593,208.6475540878433,205.1162098506388,205.2853145092793,38222300,0.9052276611328124,0.0043672828565983,202.9136138852744,217.81432189941407,226.11113258361817,51.95765272273665,9.210444628610148,1970176000.0,-3.849555024726527,2.478123444107503,-6.32767846883403,174.1980392990351,200.49264526367188,226.78725122830863,26.22999554926937,0.6461778499367159,87.3694509621031,73.93026136215003,0.0041092739681627,1,0.24686525,0.156161625,0.59697325,0.608702875,0.090703625,0.21125,0.2246072499999999,0.2488595,8
2025-04-28,AAPL,209.0354919433593,210.38834431536768,206.36958545714225,208.8962283982374,38743100,0.85546875,0.0041092739681627,203.4966498908063,217.189821472168,226.0014142608643,52.52769159465709,8.839609930725528,2008919100.0,-2.9374764926252226,2.712161580967046,-5.649638073592269,174.56230111992537,200.10668411254883,225.6510671051723,25.530764357932373,0.6747704736769125,91.59233522015175,84.65561739576927,0.005091993415746,1,0.3027234976190476,0.13881905952380952,0.558457819047619,0.5919758190476191,0.16390445714285715,0.1622380952380952,0.27513038809523804,0.28532819285714284,16
2025-04-29,AAPL,210.0998992919922,211.124484458046,207.2748146298869,207.59314001435672,36827600,1.0644073486328125,0.005091993415746,204.12553078615736,216.5255316162109,225.92383575439453,53.27063971367214,8.483185637685065,2045746700.0,-2.1044995465851457,2.8361108216056987,-4.940610368190844,175.3909346203202,199.56355514526368,223.7361756702072,24.2254859684656,0.7179396341380564,93.67106864249418,90.87761827491634,0.0061075856262864,1,0.3176388461538461,0.1551212307692308,0.52724,0.6131901538461538,0.1625176923076923,0.19,0.3015917692307692,0.2813926923076923,13
2025-04-30,AAPL,211.3831024169922,212.4574277707069,205.5837430092506,208.19992461631293,52286500,1.283203125,0.0061075856262864,204.81672808433208,215.88949188232425,225.8379507446289,54.201199894250976,8.368221289383008,2098033200.0,-1.3255355983020536,2.8920598159110327,-4.217595414213086,176.4421649513492,199.03186492919923,221.62156490704925,22.69958128150561,0.7733820612912915,95.28367161484728,93.51569182583108,0.0038588187872508,1,0.2463477857142857,0.1963000714285714,0.5573523571428571,0.5941187142857143,0.0500477857142857,0.2692857142857143,0.3449147857142857,0.2549905714285714,14
2025-05-01,AAPL,212.19879150390625,213.4322643155357,207.8020097882055,207.98107159612528,57365700,0.8156890869140625,0.0038588187872508,205.5197817433392,215.26180877685547,225.7370098876953,54.81714530311309,8.172652234950666,2155398900.0,-0.6350611749269603,2.866027391428901,-3.501088566355861,177.7287248867238,198.50614242553712,219.28355996435045,20.933777952596376,0.8295079634605824,95.96770489427696,94.9741483838728,-0.0373616669998403,0,0.300331875,0.156348875,0.543319375,0.580735875,0.143983,0.28,0.490014,0.262703,8
2025-05-02,AAPL,204.27069091796875,205.9020705063368,201.09745506032,205.0067917796952,101010600,-7.9281005859375,-0.0373616669998403,205.40082071235148,214.45646423339844,225.59434646606445,48.05266025495653,8.381843964138922,2054388300.0,-0.7192950930990492,2.22543477860545,-2.944729871704499,177.74048288509684,198.61357498168945,219.48666707828207,21.018797026856745,0.6355121682523209,84.96846270089874,92.07327973667434,-0.0314585312230804,0,0.2837564545454545,0.3185451818181818,0.3976986363636364,0.651023,-0.0347888181818182,0.4481818181818182,0.4818902727272727,0.2239409090909091,11
2025-05-05,AAPL,197.8446350097656,203.02725796650907,197.1682163705072,202.03251395918383,69018500,-6.426055908203125,-0.0314585312230804,204.68118397877188,213.5281689453125,225.4489978027344,43.37996405958132,8.290460434376254,1985369800.0,-1.2897130775851051,1.324013435295515,-2.6137265128806204,178.8997882144314,199.1363128662109,219.3728375179905,20.32429380710226,0.4680854821005115,65.04134340575233,81.992503666976,-0.0019106203280501,0,0.23803375396825396,0.19551867460317454,0.5664477698412699,0.6017969603174603,0.04251503174603174,0.22825396825396824,0.2816073015873015,0.2663406031746032,20
2025-05-06,AAPL,197.4666290283203,199.5953806140849,195.98447015970467,197.1682179665783,51216500,-0.3780059814453125,-0.0019106203280501,203.9940835073003,212.5614764404297,225.32505729675293,43.11437446573034,7.956206864376535,1934153300.0,-1.7520784932654294,0.6893184156921528,-2.441396908957582,181.6054808054007,199.9843315124512,218.36318221950165,18.380290663827523,0.4315054427433532,44.87547519552504,64.9617604340587,-0.011384825780476,0,0.2212913,0.2211987,0.5575104,0.6141223,9.279999999998804e-05,0.091,0.2833727,0.2738956,10
2025-05-07,AAPL,195.218505859375,198.39174158064424,192.2342739226712,198.1231564563361,68536700,-2.2481231689453125,-0.011384825780476,203.15831420749788,211.55101531982424,225.18923179626464,41.487531712445765,7.827725492490573,1865616600.0,-2.2737013538623216,0.1341564440762086,-2.4078577979385303,187.9562732177164,201.16956787109376,214.3828625244712,13.136474659869272,0.2748077914013049,32.61956495678266,47.51212785268668,0.0063185095327125,1,0.2119772727272727,0.299408,0.488615,0.5799661818181818,-0.0874306363636363,0.46,0.4784193636363636,0.2572068181818182,11
2025-05-08,AAPL,196.4519958496093,198.99853803284543,193.65675249053749,196.68078271707188,50478900,1.233489990234375,0.0063185095327125,202.51961722103232,210.6981219482421,225.061308670044,42.76366350191046,7.650158353191816,1916095500.0,-2.558071044808571,-0.1201705974960325,-2.4379004473125385,187.8068245810876,201.10192489624023,214.39702521139287,13.22225067911441,0.3251262143042553,30.7340466613266,36.07636227121143,0.0052661511223814,1,0.28958375,0.2031050833333333,0.5073111666666666,0.5656749166666667,0.0864786666666666,0.375,0.338214,0.3039484166666666,12
2025-05-09,AAPL,197.48654174804688,199.4859718922483,196.5017396407649,197.95407268173315,36453900,1.0345458984375,0.0052661511223814,202.04027669979564,209.9267974853516,224.9333533477783,43.869384932308805,7.320431045295182,1952549400.0,-2.669188126502973,-0.185030143352348,-2.484157983150625,189.19978061000168,201.5052940368652,213.8108074637288,12.213588219287436,0.3367092802464782,27.275929295875624,30.209846971328293,0.0631460992245842,1,0.2861417777777777,0.211997111111111,0.5018612222222223,0.5708384444444444,0.0741445555555555,0.2844444444444444,0.3767217777777777,0.2597434444444444,9
2025-05-12,AAPL,209.95704650878903,210.435160708662,205.9330174500644,210.1363431333648,63775800,12.470504760742188,0.0631460992245842,202.79425477684265,209.314560546875,224.89982269287108,55.12350990554828,7.722444467818036,2016325200.0,-1.731029470261234,0.6025028103115133,-2.333532280572747,189.49090537261628,202.1477195739746,214.8045337753329,12.52234180828999,0.8085028669369412,46.471155586066594,34.82704384775627,0.0101522957002473,1,0.2529008646464646,0.1895333535353535,0.5575660505050505,0.5853109898989899,0.06336748686868683,0.28092929292929286,0.342613004040404,0.27357455757575755,19
2025-05-13,AAPL,212.08859252929688,212.55673652410627,208.17412935394688,209.598471364776,51909300,2.1315460205078125,0.0101522957002473,203.6794298008859,208.82075408935543,224.88215469360352,56.72080965791759,7.483884660842419,2068234500.0,-0.8062401912819155,1.2218336714326656,-2.028073862714581,189.31027662380404,202.6793716430664,216.0484666623288,13.192358858114437,0.8519019377404949,67.34814358084323,47.03174282092848,-0.002817811770519,0,0.3663508333333333,0.1563988333333333,0.4772505,0.6075233333333333,0.2099523333333333,0.3366666666666666,0.2881193333333333,0.2482286666666666,6
2025-05-14,AAPL,211.490966796875,213.0946053909996,209.7478820292828,211.5905625216416,49325800,-0.597625732421875,-0.002817811770519,204.42338570526584,208.356774597168,224.8591687774658,56.117713216248525,7.188373139476298,2018908700.0,-0.1201761115764838,1.526318200910478,-1.6464943124869618,189.3196963857665,203.2000419616699,217.08038753757336,13.661754635387062,0.7986570035258451,89.36976731227985,67.72968882639655,-0.0041444352607221,0,0.2304788571428571,0.2513075714285714,0.5182137142857143,0.5738168571428571,-0.0208285714285714,0.1571428571428571,0.4415971428571428,0.2955224285714286,7
2025-05-15,AAPL,210.6144561767578,212.1184991665837,208.71199985896817,210.116431917556,45029500,-0.8765106201171875,-0.0041444352607221,205.0130114644556,207.8790447998047,224.83041229248047,55.19083245848429,6.918239294343384,1973879200.0,0.3487869340133329,1.5962249972002358,-1.2474380631869029,190.62071312223,204.0683189392089,217.515924756188,13.179513495169248,0.7433941523361592,90.40352830531884,82.3738130661473,-0.0008985114573251,0,0.3003284285714285,0.164269,0.5354027142857143,0.5657442857142857,0.1360595714285714,0.37,0.4052857142857143,0.2329654285714285,7
2025-05-16,AAPL,210.4252166748047,211.7300530759797,208.9411140237391,211.5208761877012,54737900,-0.189239501953125,-0.0008985114573251,205.52845957972687,207.4056869506836,224.7979337310791,54.97969488626228,6.623289277050329,1919141300.0,0.697137315057347,1.5556603025954,-0.8585229875380529,191.6156768430809,204.7923454284668,217.9690140138527,12.86832137970553,0.7137441345601286,87.78790952312191,89.1870683802402,-0.0117391578955459,0,0.2192566666666666,0.1865175,0.5942258333333333,0.5942258333333333,0.032739,0.225,0.3919938333333333,0.2598216666666667,6
2025-05-19,AAPL,207.9550018310547,208.65223273202483,203.45285841572863,207.0884445111699,46140500,-2.47021484375,-0.0117391578955459,205.7595588417581,206.8085177612305,224.7368448638916,52.173878082179925,6.648222775766451,1873000800.0,0.7650626424131701,1.2988685039609784,-0.5338058615478083,193.7029141729386,205.5828582763672,217.46280237979576,11.557329441794462,0.5998381614439964,82.22768911183462,86.80637564675845,-0.0091962902259735,0,0.41192096296296293,0.144317037037037,0.44376209259259264,0.5940628703703704,0.26760390740740736,0.4618518518518518,0.43820072222222217,0.2235912222222222,16
2025-05-20,AAPL,206.04258728027344,207.6462259262217,204.2198167548668,206.84938410987283,42496600,-1.91241455078125,-0.0091962902259735,205.7865139311405,206.40368225097657,224.68463424682616,50.044535003008754,6.440148654367983,1830504200.0,0.6570045427872913,0.9526483234680796,-0.2956437806807884,194.4991502880222,205.95047912597656,217.4018079639309,11.120468266499888,0.5040217233999776,75.03853452413794,81.68471105303149,-0.0230590407152908,0,0.2380989999999999,0.2334396666666666,0.5284611666666666,0.5890623333333334,0.0046596666666666,0.14,0.3355539999999999,0.2676541666666667,6
2025-05-21,AAPL,201.2914428710937,206.2218800326306,199.91690624087693,204.3592741534597,59211800,-4.751144409179688,-0.0230590407152908,205.3584119254218,206.03592559814453,224.60123229980468,45.11798298853122,6.430493307038389,1771292400.0,0.1858477364474424,0.3851932137025847,-0.1993454772551423,194.25230177457527,205.8388206481933,217.42533952181145,11.257855867160274,0.3037642786974718,60.90642672217357,72.72421678604871,-0.0036122341120674,0,0.262046875,0.203284,0.53466925,0.603344,0.058763,0.3575,0.240702125,0.22448125,8
2025-05-22,AAPL,200.5643310546875,201.94883789272,198.9108868600604,199.91690559460176,46742400,-0.72711181640625,-0.0036122341120674,204.90183279487565,205.7304211425781,224.56669006347656,44.39764877901055,6.188168858868478,1724550000.0,-0.2434133562836962,-0.0352543032228431,-0.208159053060853,193.7156445793031,205.5032974243164,217.2909502693297,11.47198414113477,0.2905025523500082,49.4967995097579,61.81392025202314,-0.0302444792312706,0,0.3387961666666667,0.189887,0.4713173333333333,0.6013928333333333,0.1489091666666666,0.2066666666666666,0.5722531666666667,0.2598548333333333,6
2025-05-23,AAPL,194.4983673095703,196.91875752656549,192.69552221161257,192.90468385583864,78432900,-6.065963745117188,-0.0302444792312706,203.91102655817988,205.44883026123048,224.51193046569824,38.828169727010994,6.308214572026081,1646117100.0,-1.0608496296147791,-0.6821524612431409,-0.3786971683716383,192.1754174269572,204.81921463012696,217.46301183329672,12.34629985863638,0.0918612441059536,31.401417721436303,47.26821465112258,0.0252984216631122,1,0.20385,0.3200661428571428,0.4760838571428571,0.5276041428571429,-0.116216,0.1871428571428571,0.2451761428571428,0.2787935714285714,7
2025-05-27,AAPL,199.4188690185547,199.94677348688447,196.64984031499387,197.51641281084125,56288500,4.920501708984375,0.0252984216631122,203.4832020305965,205.1898498535156,224.46893447875976,44.86960300486607,6.24679968668952,1702405600.0,-1.2966830449881002,-0.7343887012931694,-0.5622943436949308,191.641212105246,204.3383834838868,217.0355548625275,12.427593056340312,0.3062751805647175,28.4091772331805,36.43579815479157,0.001048885100483,1,0.2336287083333333,0.2543847083333333,0.5119865972222222,0.5628594305555555,-0.020755944444444462,0.2311111111111111,0.3647735833333333,0.27782806944444444,20
2025-05-28,AAPL,199.62803649902344,201.9289060786693,199.11008702875665,199.7973629184677,45339700,0.20916748046875,0.001048885100483,203.116043408542,204.92490600585936,224.4096842193604,45.11773911171703,6.001943926919744,1747745300.0,-1.4499900751720816,-0.7101565851817206,-0.7398334899903609,191.2481669800573,203.81479034423828,216.38141370841925,12.331414558243043,0.333417708007846,26.426482317495186,28.74569242403733,-0.0023451360612307,0,0.4307419999999999,0.1075883333333333,0.4616699999999999,0.5791613333333333,0.3231536666666667,0.1633333333333333,0.3327693333333333,0.2494346666666667,3
2025-05-29,AAPL,199.15988159179688,203.0046291598645,197.72556941325453,202.77554227533128,51396800,-0.4681549072265625,-0.0023451360612307,202.73926609266147,204.6766616821289,224.33356887817385,44.63352203566605,5.950309342611902,1696348500.0,-1.5909240079420215,-0.6808724143613284,-0.9100515935806932,190.9846392843085,203.20362930297853,215.4226193216485,12.02635017945605,0.334530198281404,33.371774779442795,29.402478110039493,0.0045012535107264,1,0.1749798333333333,0.2123885,0.6126316666666667,0.6126316666666667,-0.0374085,0.1716666666666666,0.2934173333333333,0.2695738333333333,6
2025-05-30,AAPL,200.0563507080078,201.16196516975768,196.00242594876025,198.58218796001185,70819900,0.8964691162109375,0.0045012535107264,202.48375034174205,204.39561462402344,224.25429328918457,45.83236711617042,5.893825762496583,1767168400.0,-1.611698937360984,-0.5613178750242327,-1.050381062336751,191.0367575990165,202.5965072631836,214.15625692735065,11.41159817641902,0.3901292575976036,33.91933840269489,31.23919849987762,0.0042319771811119,1,0.3633887777777778,0.1557795555555555,0.4808316666666666,0.6008112222222222,0.2076093333333333,0.1755555555555555,0.3704072222222222,0.2746823333333333,9
2025-06-02,AAPL,200.90298461914065,201.3312933884623,199.3292261245183,199.4885975362889,35423300,0.8466339111328125,0.0042319771811119,202.3332012253038,204.15418029785155,224.1606900024414,46.99955479990835,5.615843012599972,1802591700.0,-1.5420709041104317,-0.3933518734189443,-1.1487190306914874,190.8727152722205,202.4281219482422,213.98352862426384,11.416799765574265,0.4340076307194646,36.00268059493209,34.43126459235659,0.007783841539412,1,0.26187005555555554,0.24528794444444443,0.492842,0.5608604444444444,0.016582333333333348,0.42055555555555557,0.4868538333333334,0.28140577777777775,6
2025-06-03,AAPL,202.4667816162109,202.96480586317463,200.16591202699755,200.55437033168948,46381600,1.5637969970703125,0.007783841539412,202.34592316729496,203.86106018066403,224.0726725006104,49.17788143748439,5.414632357141197,1848973300.0,-1.3451982298132634,-0.1571833592974207,-1.1880148705158426,191.2964651136845,202.65922927856445,214.0219934434444,11.213665625128073,0.4915316528812446,41.40635486031222,37.1094579526464,-0.0022138294743113,0,0.341509,0.1465962857142857,0.511895,0.6157041428571429,0.1949127142857142,0.31,0.2242417142857142,0.2434875714285714,7
2025-06-04,AAPL,202.0185546875,205.42503857555045,201.3013985849112,202.10819540070028,43604000,-0.4482269287109375,-0.0022138294743113,202.3147452168384,203.51003448486327,223.9675254058837,48.56179665193216,5.322418616676775,1805369300.0,-1.2113793570295854,-0.0186915892109942,-1.1926877678185912,191.7695110247672,202.88682556152344,214.0041400982797,10.959129067140998,0.4609496128245385,45.378322821836406,40.92911942569357,-0.0107977740528938,0,0.3137840909090909,0.1640708181818181,0.5221451818181818,0.5826239999999999,0.1497133636363636,0.3272727272727272,0.4122519090909091,0.2272932727272727,11
2025-06-05,AAPL,199.8372039794922,203.9409187010704,199.35908978394465,202.69585814733983,55126100,-2.1813507080078125,-0.0107977740528938,202.07878890851964,203.0552993774414,223.84487098693847,45.56980697261206,5.269519352423134,1750243200.0,-1.2667415005640237,-0.0592429861963459,-1.2074985143676775,192.4650250566702,203.1177604675293,213.7704958783884,10.489221017737696,0.346022811911154,44.473370498991606,43.75268272704674,0.0163983118888506,1,0.2288491428571428,0.1571618571428571,0.613989,0.613989,0.0716871428571428,0.1571428571428571,0.4161625714285714,0.232488,7
2025-06-06,AAPL,203.1141967773437,204.8871617909174,201.2515910514923,202.19783403313104,46607700,3.2769927978515625,0.0163983118888506,202.17739918174087,202.7102703857421,223.7393957519531,50.50352464855001,5.253836385208996,1796850900.0,-1.034268067885563,0.1385843571856919,-1.1728524250712549,193.2454581521625,203.450870513916,213.65628287566952,10.032311325063072,0.4835051380268568,50.27100054167799,46.707564620835335,-0.0121125732949137,0,0.263031,0.2560045,0.480964375,0.570622375,0.0070267499999999,0.46375,0.334270875,0.243150625,8
2025-06-09,AAPL,200.65396118164065,205.1859847584805,199.2296191652445,203.5823461143216,72862600,-2.460235595703125,-0.0121125732949137,202.03230984839809,202.26988037109376,223.6185424041748,47.055053584930896,5.304017042925208,1723988300.0,-1.0366023425909248,0.1090000659842642,-1.145602408575189,193.6845242174884,203.6092414855957,213.53395875370305,9.748788606738596,0.3511151388940945,52.01472774671462,48.91969959579473,0.0060560949617103,1,0.20963447008547006,0.22695879487179485,0.5634067350427351,0.577325811965812,-0.017324324786324733,0.31880341880341884,0.34953083760683756,0.2824922307692308,17
2025-06-10,AAPL,201.869140625,203.5425099498084,199.77744796710627,199.8073282051838,54672600,1.215179443359375,0.0060560949617103,202.0167699223602,201.97216888427727,223.50431076049804,48.91065061727126,5.194091681480704,1778660900.0,-0.9296806666922066,0.172737393506386,-1.102418060198593,193.697347302922,203.20484619140623,212.71234507989053,9.35755132486245,0.4297551552688533,62.114962538089934,54.80023027549418,-0.0191937894869239,0,0.2232447142857143,0.1853622857142857,0.5913928571428572,0.5913928571428572,0.0378825714285714,0.3257142857142857,0.3637017142857143,0.2313785714285714,7
2025-06-11,AAPL,197.9945068359375,203.69190510411792,197.62597377824,202.6958566684009,60989900,-3.8746337890625,-0.0191937894869239,201.6336972474628,201.5128094482422,223.3799864196777,43.656710746574944,5.256365941794794,1717671000.0,-1.144403067133311,-0.0335880055477746,-1.1108150615855363,193.6654693016077,202.5001419067383,211.3348145118689,8.725596458297225,0.2450027141818356,54.22635172280357,56.11868066920271,0.0021129385173963,1,0.2289446666666666,0.203573,0.5674823333333333,0.5806918888888889,0.0253716666666666,0.1966666666666666,0.2919983333333333,0.2831282222222222,9
2025-06-12,AAPL,198.4128570556641,198.890956077424,196.58013147350607,198.29333609984755,43904600,0.4183502197265625,0.0021129385173963,201.3269505625296,201.04072845458984,223.24628974914552,44.35177823125756,5.045970131946446,1761575600.0,-1.2662185705533204,-0.1243228071742272,-1.1418957633790932,193.87659003194148,201.84623641967767,209.815882807414,7.89675005003888,0.2845965054800317,51.45395142490487,55.93175522859946,-0.0138052331025052,0,0.2698179,0.1843831,0.5457994,0.5883802,0.0854348,0.314,0.2735235,0.2447038,10
2025-06-13,AAPL,195.67372131347656,199.57822954037988,194.9266849517312,198.94075911963023,51447300,-2.7391357421875,-0.0138052331025052,200.7885477769055,200.4999380493164,223.0972100830078,40.80257713475565,5.01779687885375,1710128300.0,-1.5657347812072828,-0.3390712142625516,-1.2266635669447312,193.7830079780564,201.09919967651368,208.41539137497097,7.276201705651784,0.1292143107608056,31.219095844493044,45.63313299740049,0.0100280161541861,1,0.1552145,0.2021958333333333,0.6425898333333333,0.6425898333333333,-0.0469815,0.0566666666666666,0.1653301666666666,0.272782,6
2025-06-16,AAPL,197.6359405517578,197.9048779009829,195.78328974313985,196.52037110088887,43020700,1.96221923828125,0.0100280161541861,200.48829946974857,200.41021606445312,222.9537232208252,44.24468519335749,4.81875114375751,1753149000.0,-1.6260250379968395,-0.3194891768416867,-1.306535861155153,194.38561706401435,200.45973587036133,206.5338546767083,6.060188376457951,0.2675551459700728,25.94540912257018,36.20615213065603,-0.0140106725701882,0,0.23369890277777775,0.21519212499999998,0.5511092916666667,0.5934114583333333,0.018506694444444426,0.33222222222222225,0.25656423611111107,0.292656625,15
2025-06-17,AAPL,194.866928100586,197.6060614779548,194.43863454049264,196.4207613301707,38856200,-2.769012451171875,-0.0140106725701882,199.9529307679236,200.55975708007813,222.80403381347656,40.65240650312444,4.702933634293772,1714292800.0,-1.87562067645257,-0.4552678522379336,-1.4203528242146364,194.3096939206784,199.8053321838379,205.30097044699733,5.50099259423471,0.0506978583036486,12.27354155255458,23.146015506539268,0.0048046328189801,1,0.2355534,0.1867852,0.5776616,0.5776616,0.0487678,0.368,0.3341764,0.2150275999999999,5
2025-06-18,AAPL,195.80319213867188,196.7892855051932,194.2991645580616,195.16572178414583,45394700,0.9362640380859376,0.0048046328189801,199.5577175651377,200.86569580078125,222.6426484680176,42.35659129164111,4.54487558521076,1759687500.0,-1.9751104907064128,-0.4438061331934213,-1.531304357512992,194.3359091943545,199.29336242675785,204.2508156591612,4.9750309513948014,0.1479875730069208,14.407721301649914,17.542223992258226,0.022484682623141,1,0.2518897333333333,0.1817995333333333,0.566311,0.5819586666666666,0.0700902666666666,0.234,0.2460547333333333,0.2432215333333333,15
2025-06-20,AAPL,200.2057647705078,200.90299573747225,196.0821242533237,197.45667615855007,96813500,4.4025726318359375,0.022484682623141,199.6194363466015,201.4395355224609,222.50719665527345,49.67461110871268,4.584513300467159,1856501000.0,-1.6793475940271776,-0.1184345892113485,-1.560913004815829,194.3469842772301,199.2390785217285,204.13117276622685,4.910777826112882,0.5988008611921607,23.501849332910684,16.727704062371725,0.0024874463490283,1,0.21203446428571426,0.22958489285714284,0.5583808928571429,0.6526848214285714,-0.01755042857142855,0.3125,0.31537064285714284,0.22410596428571428,9
2025-06-23,AAPL,200.70376586914065,201.5006076815208,198.1738094532141,200.83325703321927,55814300,0.4980010986328125,0.0024874463490283,199.72270582493857,201.49751373291016,222.40515312194825,50.4410446885514,4.49467650959855,1912315300.0,-1.3887600791422017,0.1377223405389021,-1.5264824196811038,194.34603040266592,199.2460502624512,204.14607012223644,4.91856160092594,0.6487458876088443,41.39069308897852,26.4334212411797,-0.0059553776604875,0,0.34466600555555554,0.1694752111111111,0.4858589722222222,0.5639867500000001,0.17519122222222225,0.38305555555555554,0.47558401666666655,0.23947489999999996,18
2025-06-24,AAPL,199.5084991455078,202.636090538428,199.40888822531903,201.78944331230144,54064000,-1.1952667236328125,-0.0059553776604875,199.7023051888023,201.69930053710937,222.3066618347168,48.53065168360873,4.404142638420723,1858251300.0,-1.2406143849877085,0.2286944277547165,-1.4693088127424248,195.1073818047446,199.49655685424804,203.8857319037515,4.400251431617615,0.5013604254928409,52.49186440972604,39.128135610538415,0.0062905597855569,1,0.3240063333333333,0.12263,0.553364,0.641159,0.2013763333333333,0.1633333333333333,0.3120673333333333,0.2187016666666666,3
2025-06-25,AAPL,200.7635192871093,202.8651820841085,199.82723133036671,200.653953351778,39525700,1.2550201416015625,0.0062905597855569,199.80337319816488,201.77240020751952,222.2068524169921,50.64436433356106,4.329324088433578,1897777000.0,-1.0102921986706974,0.3672132912573818,-1.3775054899280792,195.1403734418296,199.56378936767567,203.987205293522,4.43308471928894,0.6356112492636655,54.5881773878248,49.490244962176455,-0.0027781666638545,0,0.3538269090909091,0.2082145454545454,0.4379585454545454,0.6027688181818182,0.1456121818181818,0.2827272727272727,0.4310180909090909,0.246828,11
2025-06-26,AAPL,200.2057647705078,201.8392838353224,198.6718566431861,200.63405836503767,50799100,-0.5577545166015625,-0.0027781666638545,199.8416962050547,201.74740447998047,222.111996383667,49.66813420578641,4.246331452983773,1846977900.0,-0.862820279676356,0.4117481682013786,-1.2745684478777346,195.16042221243603,199.59267578125,204.024929350064,4.441298811657431,0.5691622195954231,53.48473323690403,53.52159167815162,0.0003979975130872,1,0.1810037272727273,0.2393408181818181,0.5796556363636364,0.6121399090909091,-0.0583373636363636,0.209090909090909,0.3356576363636364,0.2508448181818182,11
2025-06-27,AAPL,200.2854461669922,202.41698947637084,199.20971189891864,201.09224306842364,73188600,0.079681396484375,0.0003979975130872,199.8839581061916,201.73156219482425,222.0170919036865,49.81695944107834,4.172113319017233,1920166500.0,-0.7310905419449512,0.4347823247462268,-1.165872866691178,195.21153057500584,199.64895401000976,204.08637744501368,4.445225828512423,0.5717186635786838,56.20630025566234,54.75973696013039,0.0203400039326806,1,0.3479447692307692,0.1388122307692307,0.5132432307692307,0.5882723846153847,0.2091324615384615,0.2661538461538461,0.3654756923076923,0.2337455384615384,13
2025-06-30,AAPL,204.3592529296875,206.57048164253425,198.4726031076903,201.211736268348,91912800,4.0738067626953125,0.0203400039326806,200.31017666081027,201.95376892089843,221.9465267944336,56.843032200198536,4.452525120147712,2012079300.0,-0.294575928271513,0.697037550735732,-0.9916134790072452,194.97433779411017,199.8640991210937,204.7538604480773,4.893086200559675,0.9596496135494156,63.7405357993488,57.81052309730506,0.0129161835744464,1,0.26476281851851846,0.25371882777777777,0.4815184657407407,0.6047201583333334,0.011044115740740735,0.3091759259259259,0.4093878907407407,0.24732197407407408,27
2025-07-01,AAPL,206.9987945556641,209.35942450018743,205.3254252695324,205.85332972802505,78788900,2.6395416259765625,0.0129161835744464,200.9471878888916,202.1748510742188,221.87650421142573,60.68397667796703,4.491642723744301,2090868200.0,0.2613414164596008,1.0023639163734768,-0.7410224999138759,194.38070371729032,200.16888961791992,205.95707551854952,5.783302202133431,1.0899866603283452,73.76414975968133,64.5703286048975,0.0222307845576912,1,0.3058424,0.2282322666666666,0.4659254666666667,0.5767059333333333,0.0776102,0.2706666666666667,0.3443531333333333,0.2670054666666666,15
2025-07-02,AAPL,211.6005401611328,212.49697770796604,207.31752868499885,208.08449026524104,67941800,4.60174560546875,0.0222307845576912,201.96179286720027,202.56396697998048,221.82894454956056,66.31294634427069,4.563538468641277,2158810000.0,1.0610017614406502,1.441619409083621,-0.3806176476429707,193.0262811389226,200.625577545166,208.22487395140945,7.575600777555507,1.222103865230867,87.12662477892962,74.87710344598658,0.0052249681322158,1,0.1878913636363636,0.2072720909090909,0.6048368181818181,0.6055616363636364,-0.0193806363636363,0.1745454545454545,0.342017909090909,0.2699240909090909,11
2025-07-03,AAPL,212.7061462402344,213.8017903991559,210.97301649264048,211.31166931275297,34955800,1.1056060791015625,0.0052249681322158,202.98506461701305,202.84428649902344,221.7882528686524,67.51628404565277,4.439626714203715,2193765800.0,1.7636215849131816,1.7153913860449217,0.0482301988682598,191.918365773181,201.15995712280272,210.40154847242445,9.18830117266329,1.1246861974644795,91.2604775006372,84.05041734641605,-0.0168578563276233,0,0.2221268571428571,0.2232452857142857,0.5546278571428571,0.6028221428571429,-0.0011184285714285,0.2028571428571428,0.2527574285714286,0.2310641428571428,7
2025-07-07,AAPL,209.1203765869141,215.37555986284275,207.9749269074613,211.83958469799765,50229000,-3.5857696533203125,-0.0168578563276233,203.5693800427179,202.95620178222657,221.7603024291992,60.02703856297887,4.651127160002122,2143536800.0,2.0079646470850605,1.5677875585734404,0.4401770885116199,191.7819128407104,201.62411575317384,211.4663186656373,9.762922332675918,0.8808223067748117,86.59245852115367,88.32652026690683,0.000285736947035,1,0.24036437499999996,0.19838024999999998,0.5612554583333333,0.5860969583333333,0.04198420833333332,0.15666666666666662,0.32245162499999996,0.257747375,20
2025-07-08,AAPL,209.1801300048828,210.59451698338924,207.6262968509882,209.26978591644843,42848900,0.05975341796875,0.000285736947035,204.1037371819717,202.9943084716797,221.7303182220459,60.10645259364652,4.530919515173472,2186385700.0,2.181285385580935,1.392886637655452,0.788398747925483,191.5603682507796,201.9274124145508,212.294456578322,10.26808994361595,0.8497967924009364,78.43611239658351,85.42968280612479,0.0053807659282933,1,0.2297565555555555,0.2814818333333333,0.488761611111111,0.6017854444444445,-0.0517251666666666,0.4433333333333333,0.3723900555555555,0.2286206666666667,18
2025-07-09,AAPL,210.30567932128903,210.49493096772343,206.4011710318064,208.7020406311003,48749400,1.12554931640625,0.0053807659282933,204.6943983380972,203.0368215942383,221.68660682678225,61.65192392856868,4.499693830940871,2235135100.0,2.382007443710308,1.2748869566278591,1.107120487082448,191.4437417256524,202.4099983215332,213.376254917414,10.83568666253396,0.8599989171656659,72.29049619715609,79.10635570496441,0.0060149059034102,1,0.3352001875,0.1291045,0.535695625,0.5889915,0.2060956875,0.210625,0.2710151875,0.23222675,16
2025-07-10,AAPL,211.5706481933593,212.6364120977978,209.2000480941239,209.678147079363,44443600,1.2649688720703125,0.0060149059034102,205.3492792766936,203.08752471923827,221.60862464904784,63.36944392871671,4.423741700421802,2279578700.0,2.6130321292621943,1.204729313743797,1.4083028155183972,191.2313441488613,202.8950736999512,214.55880325104107,11.497301869772004,0.8719039632823758,75.60961089900205,75.44540649758055,-0.0058847524653646,0,0.2769374705882353,0.2682931764705882,0.4547692352941176,0.6319562352941177,0.0086443529411764,0.2511764705882353,0.3976395294117646,0.2329263529411764,17
2025-07-11,AAPL,210.3256072998047,211.29177557167307,209.03074119537857,209.7379423257593,39765800,-1.2450408935546875,-0.0058847524653646,205.82321527889465,203.0920388793945,221.52774238586423,60.49744851353673,4.2891820788188735,2239812900.0,2.664936730373853,1.0053071318843645,1.6596295984894884,191.647334329779,203.51162872314453,215.37592311651005,11.659573919980376,0.7871632459015226,75.62224743373424,74.50745150996413,-0.0120289621971257,0,0.2466167272727273,0.2213129999999999,0.5320702727272727,0.5650252727272727,0.0253036363636363,0.3427272727272727,0.3987295454545455,0.2495768181818181,11
2025-07-14,AAPL,207.7956085205078,210.07656782568804,206.719874444485,209.10042946873696,38840100,-2.529998779296875,-0.0120289621971257,206.0110622542864,203.02028900146485,221.44279563903808,55.03869650408604,4.240364277140361,2200972800.0,2.473409814601496,0.6510241728896058,1.82238564171189,192.2184483581844,203.98076629638672,215.7430842345891,11.532771595839174,0.6621637097451265,68.69252833782853,73.30812889018829,0.0023488604461725,1,0.2896489583333333,0.22234781666666667,0.48800324999999994,0.60499585,0.06730106666666663,0.351,0.4134290916666667,0.23154586666666666,23
2025-07-15,AAPL,208.28369140625,211.052704873644,208.0944397695192,208.393257343384,42296300,0.4880828857421875,0.0023488604461725,206.227503125902,202.94198699951173,221.35582275390624,55.86604242649827,4.170130853997203,2243269100.0,2.334101494672637,0.4093726823685979,1.92472881230404,193.3567704342157,204.61126480102536,215.86575916783505,11.000855087577042,0.6631537804157098,61.280827588185815,68.53186778658286,0.0050212892525172,1,0.2994721,0.2138059,0.4867221,0.6174176,0.0856662,0.337,0.3214481,0.2315564,10
2025-07-16,AAPL,209.3295440673828,211.5606828488181,207.8155461810567,209.4689902412225,47490500,1.0458526611328125,0.0050212892525172,206.5229355965192,203.0431640625,221.2790419769287,57.66376264964189,4.1397741264089305,2290759600.0,2.281787194252672,0.285646705558906,1.996140488693766,194.2406886132464,205.19594497680663,216.1512013403669,10.677848789651806,0.68865825469523,59.14356702105329,63.03897431568921,-0.0006661748290881,0,0.3568553,0.1419135,0.5012312999999999,0.5372736,0.2149417,0.1669999999999999,0.2913394,0.2611852,10
2025-07-17,AAPL,209.19009399414065,210.9630589706936,208.761785269157,209.7379236663323,48068100,-0.1394500732421875,-0.0006661748290881,206.7769506820069,203.2700732421875,221.195856628418,57.32844814437229,4.0013098103466165,2242691500.0,2.2036727115082613,0.1660257782515959,2.0376469332566653,195.92115544218063,205.9121032714844,215.90305110078808,9.704089920475596,0.6640480352145282,61.89355034020984,60.77264831648298,0.0055232575526924,1,0.341706,0.1839213333333333,0.474373,0.6910074166666668,0.1577846666666666,0.2366666666666666,0.3845130833333333,0.2211985833333333,12
2025-07-18,AAPL,210.3455047607422,210.95309492429405,208.871357307622,210.0367321724359,48974600,1.1554107666015625,0.0055232575526924,207.11681297521983,203.52765075683592,221.1171085357666,59.4332993369458,3.864197510798436,2291666100.0,2.209528346448735,0.1375051305536558,2.07202321589508,197.6282676287956,206.63921890258788,215.6501701763802,8.721433735229292,0.7056545277818651,65.95953197951424,62.33221644692579,0.0061558759780324,1,0.34269375,0.202320875,0.454985375,0.549638625,0.1403725,0.2024999999999999,0.409056375,0.275122375,8
2025-07-21,AAPL,211.640365600586,214.92732845073888,210.7937335563828,211.2618775331451,51377400,1.29486083984375,0.0061558759780324,207.54762751096897,203.85608795166016,221.01897850036625,61.71264254584417,3.915456523598309,2343043500.0,2.292230026615272,0.1761654485761541,2.1160645780391176,198.45799691964368,207.2109489440918,215.96390096853992,8.448348959407333,0.7530241593991496,65.49398833651647,64.44902355208018,0.009036152178977,1,0.3494513386243387,0.15826308267195763,0.4922856216931217,0.610389169973545,0.1911881084656085,0.2531613756613756,0.40493490410052907,0.2362208306878307,24
2025-07-22,AAPL,213.5527801513672,214.1006098348481,211.39135685335447,212.29776458434165,46404100,1.91241455078125,0.009036152178977,208.1195468100545,204.1981036376953,220.96410789489747,64.85361630281061,3.8292991277336887,2389447600.0,2.483459796875138,0.2939161750688166,2.1895436218063216,199.21984443684903,207.8533996582032,216.4869548795572,8.307350503336682,0.830071468070727,70.92168202481314,67.45840078028128,-0.0011660263965397,0,0.3174911111111111,0.1491393333333333,0.5333695555555555,0.5945516666666666,0.1683517777777777,0.2366666666666666,0.4235952222222222,0.2404896666666666,9
2025-07-23,AAPL,213.30377197265625,214.29982043425807,211.57065737650467,214.15041924441525,46989300,-0.2490081787109375,-0.0011660263965397,208.6132825398261,204.5144482421875,220.9051635742188,64.11606534128086,3.750717979877962,2342458300.0,2.5851182545106326,0.3164597061634486,2.268658548347184,200.50270193243176,208.5431632995605,216.58362466668933,7.711076440879641,0.7960407653072088,73.14597320999542,69.85388119044167,-0.0018211504107996,0,0.280387125,0.133839625,0.585773625,0.618894625,0.146547375,0.0925,0.281288125,0.2906961249999999,8
2025-07-24,AAPL,212.91531372070312,214.8376951551737,212.68622683006964,213.054759897414,46022600,-0.388458251953125,-0.0018211504107996,209.0229997951477,204.5736135864257,220.8497857666016,62.91402042017299,3.6364858616798297,2296435700.0,2.6043170345021736,0.2685267889239915,2.335790245578182,201.74191197923824,209.15075302124023,216.55959406324223,7.0846898086468695,0.7540586765272023,76.39648462067727,73.48804661849528,0.0005613597849676,1,0.2091514,0.2503267,0.5405223,0.6310922999999999,-0.0411753,0.124,0.2505712,0.2788616,10
2025-07-25,AAPL,213.0348358154297,214.38946224202752,212.55672164240056,213.85158759699283,40268800,0.1195220947265625,0.0005613597849676,209.4050794161269,204.59253845214843,220.7893974304199,63.142981970885245,3.507646914390339,2336704500.0,2.599214513168846,0.2107394140725311,2.388475099096315,203.44715087505688,209.7922065734864,216.1372622719158,6.048895525780083,0.7555240959307866,75.76801555266832,75.10349112778033,0.000794974677059,1,0.30327925,0.2091658333333333,0.4875549999999999,0.6063035833333333,0.0941131666666666,0.2933333333333333,0.408892,0.2198560833333333,12
2025-07-28,AAPL,213.2041931152344,214.0010349872641,212.21809958876685,213.1842678888476,37858000,0.1693572998046875,0.000794974677059,209.7668997684229,204.62680297851563,220.7552157592773,63.486968239135216,3.384453234683696,2374562500.0,2.5791061170867806,0.1525048143923726,2.426601302694408,205.6586645208004,210.43814392089843,215.21762332099647,4.542407864892265,0.7893672053779724,76.72653966638677,76.29701327991079,-0.0129876794142801,0,0.22456164999999997,0.2363767,0.5390617333333333,0.5841500166666665,-0.011814733333333332,0.3586666666666667,0.3702805,0.21814333333333336,11
2025-07-29,AAPL,210.43516540527344,213.96117031669576,209.9869466315705,213.33365491441555,51411700,-2.769027709960937,-0.0129876794142801,209.8305441147896,204.623217163086,220.68694076538085,54.52639558639887,3.426579695429521,2323150800.0,2.313069053640021,-0.0908257992435097,2.4038948528835307,206.8581688447576,210.7419395446777,214.62571024459788,3.685807113962507,0.460505631883648,67.62032545039705,73.37162688981738,-0.0105078797677832,0,0.295522625,0.19656475,0.50791275,0.5890593749999999,0.09895775,0.21125,0.336306,0.23903825,8
2025-07-30,AAPL,208.22393798828125,211.5507362671114,206.89919168476044,211.0626670399741,45512500,-2.2112274169921875,-0.0105078797677832,209.67753400750308,204.57919158935547,220.5888999938965,48.62443218352223,3.514077187352481,2277638300.0,1.901881485724914,-0.4016106937268935,2.3034921794518075,207.1242696212032,210.8031967163086,214.482123811414,3.490390233556431,0.1494550365704563,47.7942899456282,64.04705168747067,-0.0070797185201643,0,0.195878,0.2564866,0.5476356,0.6534344,-0.0606086,0.25,0.5166506,0.231313,5
2025-07-31,AAPL,206.7497711181641,209.0107900151974,206.34138763159265,207.6661338109758,80698400,-1.4741668701171875,-0.0070797185201643,209.39869944661365,204.55508697509765,220.4859696960449,45.11820947608157,3.453743272799073,2196939900.0,1.4404547635515712,-0.690429932720189,2.13088469627176,206.50379919954423,210.56065826416017,214.61751732877607,3.85338752078401,0.0303155612139917,22.78309270604426,46.06590270068983,-0.0250035554678446,0,0.2636254,0.1522064,0.5841683999999999,0.5913009333333333,0.1114192666666666,0.192,0.4297724,0.2593797333333333,15
2025-08-01,AAPL,201.58029174804688,212.7360314354296,200.7037642416869,210.036733427522,104434500,-5.169479370117188,-0.0250035554678446,208.65408918960728,204.46584106445312,220.36458656311035,35.4615395912592,4.0664949814379,2092505400.0,0.6501425412861579,-1.184593723988482,1.83473626527464,204.48811392183129,210.0043655395508,215.52061715727027,5.2534637587622885,-0.2635686672126962,9.748167801865511,26.775183484512656,0.0047929847519818,1,0.2481710666666666,0.2106866666666666,0.5411424,0.5833187333333334,0.0374843999999999,0.242,0.3545859333333333,0.2423096666666666,15
2025-08-04,AAPL,202.5464630126953,207.0585613783641,200.88304868853191,203.70186769022783,75109300,0.9661712646484376,0.0047929847519818,208.07241050609184,204.49094146728515,220.229423828125,38.1269791729245,4.217139103466063,2167614700.0,0.1006165131438194,-1.3872958017046566,1.487912314848476,203.27530711803232,209.67566986083983,216.0760326036473,6.105012324086423,-0.0569377185813453,7.958058925252627,13.496439811054133,-0.0021146466969286,0,0.2521017083333333,0.18710904166666667,0.5607893888888889,0.5901759722222222,0.06499280555555553,0.18305555555555553,0.261820875,0.2510008888888889,18
2025-08-05,AAPL,202.1181488037109,204.52858421879685,201.3611574563388,202.59624780213056,44155100,-0.428314208984375,-0.0021146466969286,207.50533796300795,204.52201782226564,220.07946434021,37.389761088011646,4.1421596505369225,2123459600.0,-0.3652379644723851,-1.482520223456689,1.117282258984304,202.1225679944844,209.32257080078125,216.5225736070781,6.879337262821329,-0.0003068881285432,9.687236332230878,9.131154353116338,0.050906782152972,1,0.2972233571428572,0.1937400714285714,0.5090368571428571,0.5888295714285714,0.1034830714285714,0.2592857142857143,0.4319117857142857,0.2529199285714286,14
2025-08-06,AAPL,212.40733337402344,214.52892145014,204.7775985486828,204.8174489981037,108483100,10.2891845703125,0.050906782152972,207.97219466881896,204.88019714355468,219.9912238311768,58.26614405215047,4.732774864529217,2231942700.0,0.0947282420295323,-0.8180432135638174,0.9127714555933496,202.11289291491303,209.427653503418,216.74241409192288,6.985477291216983,0.7036758301623718,35.06072094046098,17.568672065981495,0.0317936496750399,1,0.3019663125,0.269809125,0.428224875,0.5765704375,0.0321573125,0.491875,0.4579544375,0.2259608125,16
2025-08-07,AAPL,219.16053771972656,219.9773047383464,215.7241736307253,218.0150880895572,90224800,6.753204345703125,0.0317936496750399,209.03775114985777,205.27503051757813,219.9349131011963,66.22601189235377,4.935431757371629,2322167500.0,0.9927382576979368,0.0639734416836697,0.9287648160142672,201.38355135939,209.8071479797364,218.2307446000827,8.029847125284721,1.0551897937157897,62.66304875415907,35.803668675616976,0.0423578656267655,1,0.3019225909090909,0.2273758181818181,0.4707016818181818,0.614786,0.0745468636363636,0.3263636363636363,0.3908744545454545,0.2234336818181818,22
2025-08-08,AAPL,228.44371032714844,230.08718413442585,218.3836152444713,219.9573735658332,113854000,9.283172607421877,0.0423578656267655,210.88593773817115,205.85134399414065,219.9108743286133,73.66243621346074,5.418870123984696,2436021500.0,2.4255320875721225,1.197413817246284,1.2281182703258384,199.00472896999068,210.71305313110352,222.4213772922164,11.113050650761576,1.2571816833930087,90.81733062056578,62.84703343839527,-0.0083373593733123,0,0.3438573,0.1618917,0.4942510999999999,0.6090848,0.1819658,0.282,0.5039379,0.2266231,10
2025-08-11,AAPL,226.53909301757807,228.9123836457684,224.1259219286985,227.27701087414155,61806100,-1.9046173095703125,-0.0083373593733123,212.376714431448,206.39892822265625,219.8699674987793,70.24505402131146,5.373698094919345,2374215400.0,3.368514680726321,1.712317128320386,1.656197552405935,198.16089513982203,211.65022735595704,225.13955957209205,12.746815710666276,1.0518755644483293,92.69796286340144,82.05944741270876,0.0108724190659246,1,0.2775535666666667,0.20568888148148146,0.5167578407407407,0.5936821870370371,0.07186480555555554,0.2562037037037037,0.32556000925925926,0.25702657777777776,28
2025-08-12,AAPL,229.0021209716797,230.148885799434,226.429412881848,227.36674823663387,55626200,2.4630279541015625,0.0108724190659246,213.96008648289865,206.9778436279297,219.8444526672364,72.05082537185892,5.255539153681245,2429841600.0,4.265411937448107,2.087371508033738,2.178040429414369,197.33621463401715,212.6861488342285,228.03608303443988,14.434352480730093,1.0314671686744592,92.81235613805217,92.10921654067312,0.0160244452865203,1,0.3454303571428571,0.1532585714285714,0.5013111428571428,0.5631007857142858,0.1921714999999999,0.1978571428571428,0.3737578571428571,0.2511940714285714,14
2025-08-13,AAPL,232.6717529296875,234.3370398551092,229.77992501054072,230.4181341091737,69878500,3.669631958007813,0.0160244452865203,215.7421499540214,207.61321899414065,219.8625962829589,74.53084948824684,5.261209134377548,2499720100.0,5.212234708596014,2.427355423345316,2.7848792852506983,196.30893233371245,213.8532592773437,231.39758622097503,16.407818148685088,1.0363127839787265,93.0263206925002,92.84554656465129,-0.0023572346327241,0,0.2879687142857143,0.1928342857142857,0.5191971428571429,0.5272241428571428,0.0951344285714285,0.3,0.4024291428571428,0.2698407142857142,7
2025-08-14,AAPL,232.123291015625,234.4566858681212,230.1987431425788,233.39967872378065,51916300,-0.5484619140625,-0.0023572346327241,217.30225862655504,208.2063491821289,219.8789404296875,73.48137272605602,5.189547248032182,2447803800.0,5.850896787335444,2.4528140016677966,3.398082785667647,195.89615294212285,214.999919128418,234.10368531471303,17.770951974065216,0.9481674377770396,94.74698163444698,93.52855282166644,-0.005112134601489,0,0.2039771666666666,0.3022946666666666,0.4937281666666666,0.5499548333333334,-0.0983178333333333,0.335,0.6519041666666666,0.3240423333333333,6
2025-08-15,AAPL,230.9366455078125,233.6190590405621,228.69299310222905,233.33985018068216,56038700,-1.1866455078125,-0.005112134601489,218.60077166286527,208.7847109985352,219.88518272399904,71.14709182766477,5.170727154482245,2391765100.0,6.189934993276353,2.2334817660869644,3.956453227189389,195.85084720726425,216.02947616577148,236.2081051242788,18.68136637337681,0.8693801341184826,92.56889397247818,93.4473987664751,-0.0030225315870904,0,0.229623,0.264969,0.505408,0.5826004444444445,-0.0353455555555555,0.3477777777777777,0.4085508888888889,0.2645464444444444,9
2025-08-18,AAPL,230.23863220214844,232.46233685580373,229.4608338889284,231.0463446646661,37476200,-0.6980133056640625,-0.0030225315870904,219.7091393332732,209.39273956298828,219.8780590057373,69.74360724432918,5.015782569653185,2354288900.0,6.3293406744788,1.898309957831529,4.431030716647271,195.9773668054173,216.9593894958496,237.94141218628192,19.34188950216758,0.8164433406211615,90.0537115075593,92.45652903816148,-0.0014292607707683,0,0.2960304345238095,0.2204015238095238,0.48356825000000003,0.620858375,0.07562891071428572,0.318452380952381,0.44942072023809526,0.2299950119047619,23
2025-08-19,AAPL,229.90956115722656,232.2130419457167,228.70298322789472,230.62753117126795,39402600,-0.329071044921875,-0.0014292607707683,220.6806080784116,209.92864685058595,219.8679498291016,69.0520348847862,4.908230865950956,2314886300.0,6.340181729678051,1.527320810424623,4.812860919253428,196.125664512574,217.77722854614257,239.4287925797112,19.88413956602548,0.7801721989292321,87.86750090047052,90.16336879350268,-0.0197345877540666,0,0.2689588888888889,0.2282972222222222,0.5027440000000001,0.5656394444444444,0.0406617777777777,0.3044444444444444,0.3302862222222222,0.2591831111111111,9
2025-08-20,AAPL,225.3723907470703,229.8198151985665,225.1330775565405,229.33119207499823,42263900,-4.53717041015625,-0.0197345877540666,221.12744452304577,210.4230154418945,219.85287208557128,60.189925054225554,4.89882034700346,2272622400.0,5.914483130751307,0.8812977691983033,5.033185361553004,196.5891784765149,218.3806594848633,240.17214049321169,19.95733602027962,0.6604234989702734,82.37241633433483,86.76454291412155,-0.004911237335397,0,0.3399410833333333,0.14403525,0.51602375,0.60575475,0.1959055833333333,0.1466666666666666,0.5242375833333334,0.2546156666666667,12
2025-08-21,AAPL,224.2655334472656,225.8809736474361,223.14869792378403,225.6316789169631,30621200,-1.1068572998046875,-0.004911237335397,221.42631013487625,210.87094329833985,219.8530541229248,58.22668267372043,4.744067159621222,2242001200.0,5.425260761456741,0.313660319922989,5.111600441533752,197.16439859612112,218.94817047119145,240.7319423462617,19.89856487787967,0.6220487206386761,76.4198255757686,82.21991427019132,0.0127167499485965,1,0.2000640909090909,0.2417555454545454,0.5581804545454546,0.5878387272727272,-0.0416913636363636,0.2145454545454545,0.2701932727272727,0.2602687272727272,11
2025-08-22,AAPL,227.11746215820312,228.44371192910324,224.77410085849388,225.53195134940427,42477800,2.8519287109375,0.0127167499485965,221.9683246132883,211.45340240478515,219.88238426208497,61.6936709132569,4.703646539779537,2284479000.0,5.207644833549097,0.0768355136122753,5.130809319936821,197.7684384767187,219.65230178833008,241.53616509994143,19.9259130302217,0.6705631282642882,73.51846517112192,77.43690236040844,-0.0026343741790885,0,0.3107779,0.1794861999999999,0.5097362000000001,0.6028093,0.1312917,0.173,0.3949013,0.2750982,10
2025-08-25,AAPL,226.51914978027344,228.6531118971015,225.59176554347297,225.84106025439087,30983100,-0.5983123779296875,-0.0026343741790885,222.4017365339536,212.0155282592773,219.91318939208983,60.55813749776417,4.5863393836258926,2253495900.0,4.930073021324517,-0.1605890388898432,5.090662060214361,198.4492203911853,220.318049621582,242.18687885197872,19.852054126258444,0.6417794270868457,73.57498441694923,74.50442505461325,0.0094647015905993,1,0.28276454629629627,0.1527204907407407,0.5645150740740741,0.5876148240740741,0.13004396296296297,0.13722222222222222,0.26116075925925925,0.2630733240740741,27
2025-08-26,AAPL,228.6630859375,228.8425860476144,224.05612439304167,226.229967042174,54575100,2.1439361572265625,0.0094647015905993,222.9980555247675,212.67531555175785,219.94756774902345,63.17381716062678,4.600633831550662,2308071000.0,4.827445306097417,-0.2105734032935551,5.038018709390972,199.56572558041256,221.2294456481933,242.8931657159741,19.58484324209823,0.671568877968523,73.38384496088145,73.49243151631754,0.0051459181254831,1,0.345066,0.11559175,0.53934225,0.53934225,0.22947425,0.1225,0.267386,0.2698312499999999,4
2025-08-27,AAPL,229.8397674560547,230.24859923631865,227.6160475796746,227.965066276898,31259500,1.1766815185546875,0.0051459181254831,223.64964713727105,213.3193920898437,219.9914524078369,64.5628659471465,4.460056533343047,2339330500.0,4.785891686746084,-0.2017016181159112,4.987593304861995,201.1999740069748,222.310237121582,243.4205002361893,18.991714810741733,0.6783381451381011,71.20095150053753,72.71992695945607,0.0089808792919288,1,0.2420878333333333,0.2262499999999999,0.5316623333333333,0.5837981666666666,0.0158376666666666,0.3416666666666667,0.2918721666666666,0.2434068333333333,6
2025-08-28,AAPL,231.9039306640625,232.75153884501827,228.69301327644948,230.16884905542523,38074700,2.0641632080078125,0.0089808792919288,224.43576937791784,214.0601321411133,220.0220349121093,66.9200597705214,4.431375750144887,2377405200.0,4.8634579481581,-0.0993082853631159,4.962766233521216,203.3368289148389,223.5679450988769,243.7990612829149,18.098405095677226,0.7060189237547482,72.59086698037304,72.39188781393067,-0.0018060204541949,0,0.207022375,0.19606175,0.596916125,0.596916125,0.010960625,0.2575,0.351392375,0.275016875,8
2025-08-29,AAPL,231.485107421875,232.7216147258446,230.71727541448905,231.8540587429437,39418400,-0.4188232421875,-0.0018060204541949,225.1071349059138,214.7737704467773,220.05186462402344,65.96132713103172,4.258016004517077,2337986800.0,4.835394812301757,-0.101897136975567,4.937291949277324,207.2811726691644,225.06318588256835,242.8451990959724,15.801796409904318,0.6805735228693296,74.14068947903844,72.644169319983,-0.0104246975467298,0,0.29633075,0.1832473333333333,0.5204220833333334,0.5800311666666667,0.11308375,0.1983333333333333,0.2368590833333333,0.2464604166666666,12
2025-09-02,AAPL,229.0719451904297,230.19876225122124,226.32970313085187,228.6032698757151,44075600,-2.4131622314453125,-0.0104246975467298,225.4847358853915,215.3510940551758,220.083191986084,60.57634021265336,4.3221151678389385,2293911200.0,4.565800840534877,-0.2971928869939582,4.862993727528835,211.86439715675445,226.38945999145508,240.9145228261557,12.831924980296233,0.5923398827771712,67.84257175342,71.52470940427715,0.0380898292544877,1,0.24692744034090908,0.17999269886363634,0.5730803295454545,0.633884409090909,0.06693475,0.2278409090909091,0.3156385568181818,0.2348396590909091,22
2025-09-03,AAPL,237.79725646972656,238.17618932549604,233.6988505309185,236.5408165177042,66427800,8.725311279296875,0.0380898292544877,226.6573568934234,216.0929638671875,220.15814590454104,70.08573200752195,4.663695808355183,2360339000.0,4.998584801282107,0.1084728590026173,4.890111942279489,217.8556773543833,228.17341537475585,238.49115339512835,9.0437687523119,0.9663735925436524,74.52697121715077,72.17007748320307,0.0054932916058174,1,0.2104544705882353,0.2420963529411764,0.547449294117647,0.5904108235294118,-0.0316418235294117,0.2329411764705882,0.3553782941176471,0.2329885294117647,17
2025-09-04,AAPL,239.10354614257807,239.2232027368954,236.0721290991865,237.77729643117493,47549400,1.3062896728515625,0.0054932916058174,227.84270825048577,216.8848648071289,220.23520950317385,71.20555098371524,4.5556513675947325,2407888400.0,5.384902068633124,0.3958321010829078,4.989069967550217,220.9345148281264,229.5082260131836,238.08193719824084,7.471375936272325,1.0595779891745016,83.03836811308675,75.13597036121917,-0.0003753695782166,0,0.247369,0.1861090526315789,0.566522052631579,0.5983413157894737,0.06126,0.1868421052631579,0.3332925789473684,0.2427527368421053,19
2025-09-05,AAPL,239.0137939453125,240.6392002919357,237.81718240373485,239.32291694518145,54870400,-0.089752197265625,-0.0003753695782166,228.9066211738026,217.6498703002929,220.29642265319825,71.00886550544801,4.431820404780886,2353018000.0,5.61904616756064,0.503980960008338,5.115065207552302,222.3631225832919,230.5008888244629,238.63865506563388,7.060941311482994,1.0230492538468785,95.8136450615972,84.45966146394491,-0.0075513878695669,0,0.2650760909090909,0.1964368181818181,0.538487,0.5669247272727272,0.0686392727272727,0.2472727272727272,0.3833935454545454,0.2618331818181818,11
2025-09-08,AAPL,237.2089080810547,239.47249309970456,235.67324414176576,238.62490021245955,48999500,-1.8048858642578125,-0.0075513878695669,229.69731516496944,218.3899331665039,220.36460914611817,67.00086130597157,4.386636730006452,2304018500.0,5.594478185610797,0.3835303824467955,5.210947803164001,222.35963472390165,230.9391487121582,239.5186627004148,7.430107918991286,0.8653912900823036,90.11673964424232,89.6562509396421,-0.0148393870133927,0,0.3036478075396825,0.18184863888888883,0.5145036216931217,0.5826688240740742,0.12179926851851848,0.2549206349206349,0.31888318518518516,0.2518093657407407,24
2025-09-09,AAPL,233.6888732910156,238.1063683630383,232.7016607361876,236.3313911991396,66313900,-3.5200347900390625,-0.0148393870133927,230.07746355792625,219.0580017089844,220.40019134521484,59.8998058518548,4.459356079781046,2237704600.0,5.230674533474797,0.0157813842486369,5.21489314922616,222.8861106481768,231.29663772583007,239.70716480348327,7.272502670464898,0.6422167447472894,77.11896185004946,87.68311551862966,-0.0322594778437971,0,0.3240944375,0.1518619375,0.524043625,0.5676375625,0.1722325,0.228125,0.350906875,0.24541,16
2025-09-10,AAPL,226.1501922607422,231.76431424305807,225.31256565050364,231.5349673602948,83440800,-7.538681030273437,-0.0322594778437971,229.7034377200992,219.49382049560543,220.39678855896,48.13387176927433,4.73913833411897,2154263800.0,4.284658090970652,-0.7441880466044068,5.028846137575059,222.49957137536487,231.1540412902832,239.80851120520148,7.488054170811575,0.2109095601039902,52.60355835885048,73.27975328438076,0.0142863706911668,1,0.3357255384615384,0.1588632307692307,0.5054113076923077,0.6107322307692308,0.1768623076923076,0.1076923076923077,0.412014923076923,0.2842381538461538,13
2025-09-11,AAPL,229.3810577392578,229.7998710451417,226.010588238333,226.23995033725743,50208600,3.230865478515625,0.0142863706911668,229.6727348647809,219.9414657592773,220.4059627532959,52.44513136163293,4.671291510739666,2204472400.0,3.752381963750992,-1.0211713390592545,4.773553302810246,222.3315871981376,230.98950653076173,239.64742586338588,7.496374586584208,0.4071111239485059,36.511212730236174,55.411244313045366,0.0175629595102468,1,0.4696703333333333,0.1057208888888888,0.4246086666666666,0.6258134444444444,0.3639495555555555,0.2244444444444444,0.595250111111111,0.2229927777777777,9
2025-09-12,AAPL,233.40966796875,233.84841389514688,228.3739115767776,228.5733443098202,55824200,4.028610229492188,0.0175629595102468,230.0286332556352,220.3776483154297,220.43766487121584,57.22020528207253,4.7286637112846375,2260296600.0,3.61396493692871,-0.9276706927052292,4.541635629633939,222.34421216432324,231.053825378418,239.7634385925127,7.539033989011176,0.6352438123497598,35.225170817869326,41.44664730231866,0.0112358610359752,1,0.3673869411764706,0.1608955294117647,0.4717177058823529,0.5997588235294118,0.206491294117647,0.3588235294117647,0.4090746470588235,0.2534011176470588,17
2025-09-15,AAPL,236.0322265625,237.5180285002954,234.3669397384463,236.3313832553385,42699500,2.62255859375,0.0112358610359752,230.6004040467652,220.844169921875,220.47577262878417,60.03362486130815,4.684356341303263,2302996100.0,3.673540716134255,-0.6944759307997472,4.368016646934002,222.33353549984025,231.3086044311524,240.2836733624644,7.760255139132498,0.7631524151791174,53.57787512580908,41.77141955797153,0.0061259552249304,1,0.27505603333333334,0.17961343333333332,0.5453307666666666,0.6197204333333333,0.09544260000000004,0.24983333333333335,0.38855175,0.24631931666666665,19
2025-09-16,AAPL,237.4781494140625,240.53949594661788,235.65332541334,236.51088466190768,63421100,1.4459228515625,0.0061259552249304,231.2554274150792,221.411325378418,220.5062052154541,61.53558879046705,4.698771640730021,2366417200.0,3.793697457617867,-0.4594553514529087,4.253152809070776,222.3211714776973,231.67058029174805,241.0199891057988,8.071295718495481,0.8105848315022095,69.33280553019296,52.71195049129045,0.0035272570821431,1,0.411293125,0.132453,0.4562538124999999,0.6072860625000001,0.2788403125,0.321875,0.4365826875,0.24029275,16
2025-09-17,AAPL,238.3157958984375,239.42266510979977,237.05934071942244,238.2958480596019,46508000,0.837646484375,0.0035272570821431,231.9278434611133,221.99403869628907,220.52994552612304,62.41675800301806,4.531953979990544,2412925200.0,3.911425137503983,-0.2733821372534351,4.184807274757418,222.34839041164403,232.09089202880853,241.8333936459732,8.395419167034998,0.8194715338133354,78.81166771788044,67.24078279129417,-0.0046446263169837,0,0.2166804285714285,0.1649370714285714,0.6183827857142857,0.6314165,0.0517434285714285,0.0878571428571428,0.2391964285714285,0.2541881428571428,14
2025-09-18,AAPL,237.2089080810547,240.51953392817583,235.98236714862816,239.2930082114909,44249600,-1.1068878173828125,-0.0046446263169837,232.4308019963458,222.5321032714844,220.54879737854003,60.44616692194392,4.532326322816052,2368675600.0,3.8707885350308686,-0.2512149917812394,4.122003526812108,223.21031207110696,232.6827178955078,242.15512371990863,8.141907495385757,0.7389144990962834,80.61164395443232,76.25203906750191,0.0320329906817458,1,0.2848527777777778,0.160154,0.5549933333333333,0.66181,0.1246986666666666,0.2288888888888889,0.2719638888888889,0.215438,9
2025-09-19,AAPL,244.8074188232422,245.6051649827189,239.53234916144805,240.5494606794321,163741300,7.5985107421875,0.0320329906817458,233.6095274084312,223.196838684082,220.59371788024905,67.93111404229707,4.808321364162353,2532416900.0,4.400988195888544,0.2231877352611491,4.177800460627395,223.672947252174,233.70981216430664,243.7466770764393,8.589168609725624,1.0528422847218275,86.17609137412937,81.86646768214739,0.0430956726375881,1,0.353246,0.2219983333333333,0.4247556666666667,0.5606741666666667,0.131248,0.4366666666666667,0.4406171666666667,0.212932,6
2025-09-22,AAPL,255.3575592041016,255.9160073848096,247.42002368458668,247.5995237986898,105517400,10.550140380859377,0.0430956726375881,235.6807685318284,224.097477722168,220.6801608276367,75.00385351772614,5.258340449691286,2637934300.0,5.607839719012077,1.1440314067077448,4.463808312304332,221.7877703273186,235.1218170166016,248.45586370588447,11.34224535900168,1.2587997349583369,90.62091510134624,85.80288347663598,-0.0064432788711973,0,0.3060639259259259,0.15258940740740737,0.5413468148148147,0.6625808148148148,0.15347451851851848,0.32481481481481483,0.3584383888888889,0.21881355555555557,12
2025-09-23,AAPL,253.71221923828125,256.6140134777918,252.86462630601795,255.1581408102608,60275200,-1.6453399658203125,-0.0064432788711973,237.3980495514905,225.01580993652345,220.74317428588867,72.32484918165675,5.150558072697184,2577659100.0,6.358219465279717,1.515528922380308,4.842690542899409,221.49075319233884,236.481470489502,251.47218778666507,12.678132680867774,1.0747139515478716,94.99117155796758,90.59605934448103,-0.0083323289600394,0,0.242924,0.1731955,0.5838805,0.5838805,0.0697285,0.3849999999999999,0.149604,0.212424,2
2025-09-24,AAPL,251.59820556640625,255.018537102084,250.33178410429736,254.499999814208,42303700,-2.114013671875,-0.0083323289600394,238.7504453624349,225.88210021972657,220.79382911682129,68.9186994073258,5.117429138775,2535355400.0,6.705026216134371,1.4898685385879693,5.215157677546402,221.7241667239516,237.62822647094723,253.53228621794293,13.38566548527443,0.9391953789691332,90.96017590460872,92.19075418797416,0.0180729394726339,1,0.2509191428571428,0.2015762857142857,0.5475045714285715,0.567801,0.0493427142857142,0.2485714285714285,0.1494774285714286,0.2265542857142857,7
2025-09-25,AAPL,256.14532470703125,256.4444966190252,250.99989343760635,252.49566170312627,55202100,4.547119140625,0.0180729394726339,240.4071005381108,226.81841583251952,220.8670704650879,71.97588202590579,5.14079871324956,2590557500.0,7.263063502624391,1.6383246600623913,5.624738842562,221.5520161951916,238.9435043334961,256.33499247180066,14.556987591536345,0.9945471093887684,91.0693258578862,92.34022444015416,-0.0054890943685314,0,0.2159235,0.1629776666666666,0.621099,0.621099,0.0529458333333333,0.1416666666666667,0.2402506666666666,0.2611136666666667,6
2025-09-26,AAPL,254.73931884765625,256.87328100426123,253.06405044687503,253.38315498635407,46076300,-1.406005859375,-0.0054890943685314,241.7720737104484,227.72940032958985,220.9342754364013,69.6931864345688,5.045686702116464,2544481200.0,7.505342236845905,1.504482715427125,6.00085952141878,221.7211853668944,240.08527374267567,258.44936211845715,15.297971499463191,0.8989864567496387,91.90566877807116,91.31172351352204,-0.0040319633970178,0,0.3371588888888889,0.125648,0.5371933333333333,0.6229811111111112,0.2115108888888889,0.2033333333333333,0.3920122222222222,0.2435815555555555,9
2025-09-29,AAPL,253.71221923828125,254.28061851263053,252.29622703166865,253.84185736381545,40127700,-1.027099609375,-0.0040319633970178,242.90923042738487,228.59673461914065,220.97691902160645,67.99666735233538,4.859787067392976,2504353500.0,7.527696920324644,1.22146991912469,6.306227001199954,222.36459669133367,241.1966293334961,260.02866197565857,15.615502334507251,0.8322952477462355,93.90846632978098,92.29448698857946,0.0007861175643599,1,0.29451981746031747,0.15444262698412695,0.5510377968253969,0.5928086968253968,0.140077246031746,0.15574603174603172,0.38183982063492067,0.2431214206349206,25
2025-09-30,AAPL,253.9116668701172,255.1980209495745,252.39595068950493,254.1410137555297,37704300,0.1994476318359375,0.0007861175643599,243.9570815171689,229.44216064453124,221.01549209594725,68.1587585469328,4.712807295441303,2542057800.0,7.475335905984963,0.9352871238280064,6.540048782156957,223.6927311091332,242.4386154174805,261.1844997258277,15.464437689570826,0.806015210163437,91.20888009819208,92.3410050686814,0.003220303893757,1,0.3250555714285714,0.1820115,0.4929329999999999,0.6216107857142857,0.1430442142857143,0.2642857142857143,0.3685851428571429,0.2498922142857143,14
2025-10-01,AAPL,254.7293395996093,258.0599285933123,254.2108023261884,254.32049261064776,48713900,0.8176727294921875,0.003220303893757,244.9830108583537,230.2656918334961,221.064513092041,68.85520072734889,4.672482611709432,2590771700.0,7.414350760282446,0.6994415825003903,6.714909177782055,223.93463400871016,243.28521957397464,262.6358051392391,15.907736276909846,0.7957047472035593,89.7229014334658,91.61341595381296,0.0065766372016866,1,0.18733575,0.1524715,0.6601935,0.6601935,0.03486425,0.08,0.195427,0.23531125,4
2025-10-02,AAPL,256.40460205078125,257.4516276685696,253.43299812845933,255.85613542550084,42630200,1.675262451171875,0.0065766372016866,246.0707814481088,231.1277084350586,221.1146070098877,70.28903783258049,4.625778820880916,2633401900.0,7.415715519608653,0.560645073461278,6.855070446147376,224.09090405579093,244.1502723693848,264.2096406829786,16.43198520233081,0.8054515349093014,90.73264960603365,90.5548103792305,0.0034612549164674,1,0.1927346,0.1890833999999999,0.6181822,0.6181822,0.0036507999999999,0.13,0.1930132,0.2369636,5
2025-10-03,AAPL,257.2920837402344,258.5086431914624,253.23357360959045,253.9515436206674,49155600,0.887481689453125,0.0034612549164674,247.1394769045017,232.0152438354492,221.16829368591308,71.0494214583659,4.672156732380275,2682557500.0,7.403071457047275,0.43840080871992,6.964670648327355,224.36872703183187,245.06418685913087,265.7596466864299,16.889828001833084,0.7954246241239319,92.15705794964052,90.87086966304666,-0.0051546403980478,0,0.15302875,0.258503125,0.588468625,0.590316,-0.1054745,0.18375,0.309928125,0.261611875,8
2025-10-06,AAPL,255.96583557128903,258.33912604890287,254.3304629034206,257.2621558739689,44664100,-1.3262481689453125,-0.0051546403980478,247.9800824918148,232.8738638305664,221.2008915710449,68.23883019315416,4.624764333316132,2637893400.0,7.203002078805014,0.1906651443821267,7.012336934422887,225.11634573796724,246.0020332336425,266.88772072931795,16.980093392837116,0.7385318256751089,92.13412526331484,91.674610939663,-0.0008180041021814,0,0.28970821212121206,0.14794189696969695,0.5623500181818182,0.6081407878787878,0.14176637575757575,0.2249393939393939,0.28911386969696967,0.24937671515151513,18
2025-10-07,AAPL,255.75645446777344,256.6738420114173,254.70939836699205,256.0855101139428,31955800,-0.209381103515625,-0.0008180041021814,248.720689346668,233.7249090576172,221.2203199005127,67.78294555906227,4.434741426966785,2605937600.0,6.947464306069179,-0.0518981026829665,6.9993624087521455,226.61031224527136,247.10541229248048,267.6005123396896,16.58814338145745,0.7110514746296883,90.39042033945888,91.5605345174714,0.0061603382324295,1,0.2054767,0.1991472,0.5953763000000001,0.5953763000000001,0.0063295,0.16,0.2417371,0.2391249,10
2025-10-08,AAPL,257.3320007324219,257.7906945345413,255.3874895821648,255.79633660873367,36496900,1.5755462646484375,0.0061603382324295,249.54081424054928,234.66284576416007,221.2746035003662,69.43753453420788,4.289631678781762,2642434500.0,6.793767869270113,-0.1644756315856259,6.958243500855739,230.1329499733032,248.66450271606445,267.1960554588257,14.904863814777258,0.7338578460389161,90.09784740540572,90.87413100272649,-0.0155779207341334,0,0.3770361,0.1463156,0.4766484,0.5682959999999999,0.2307206,0.182,0.368978,0.2482809,10
2025-10-09,AAPL,253.32330322265625,257.2721380835156,252.42584836214985,257.08267167133846,38322000,-4.008697509765625,-0.0155779207341334,249.90105128646425,235.5648330688477,221.30019905090333,60.87158148516272,4.333668871031067,2604112500.0,6.276146439440311,-0.5456776491323421,6.821824088572653,233.50139585150623,249.8616149902344,266.22183412896254,13.095424152579485,0.6057959005031694,78.2730026374904,86.25375679411833,-0.034522048096483,0,0.3257930833333333,0.1630760833333333,0.5111309166666667,0.6389221666666667,0.1627171666666666,0.1858333333333333,0.2950689166666667,0.2677655,12
2025-10-10,AAPL,244.5780639648437,255.6567217403356,243.3116425485481,254.2207817432353,61999100,-8.7452392578125,-0.034522048096483,249.3941001129766,236.32139892578124,221.2587174987793,47.19370778298975,4.905912465370813,2542113400.0,5.101453624113503,-1.37629637156732,6.477749995680823,235.65997687335096,250.42003479003907,265.1800927067272,11.78824044894288,0.3021020358399057,51.790017975500966,73.38695600613237,0.0097444154436288,1,0.224155125,0.238774375,0.537070625,0.578664125,-0.0146194999999999,0.16125,0.4513038749999999,0.265742375,8
2025-10-13,AAPL,246.9613342285156,248.98560621270488,244.867252416582,248.67648318296307,38142900,2.383270263671875,0.0097444154436288,249.1624081239803,237.2290197753906,221.22527709960937,50.46064390925789,4.87031459269155,2580256300.0,4.313092452237385,-1.7317260347547512,6.044818486992136,237.6377403236127,250.96649017333985,264.29524002306704,10.621935893131509,0.349755003658268,28.528837925333857,52.86395284610841,0.0004441188177246,1,0.3338607504363002,0.1799655534613147,0.4861738556137289,0.6021852069226296,0.15389528394415355,0.44330424665503204,0.4182091313845259,0.2304244101512507,261
2025-10-14,AAPL,247.07101440429688,248.1479694164288,244.00966795095763,245.90431694508948,35478000,0.10968017578125,0.0004441188177246,248.9632277697248,238.11951080322265,221.17782806396485,50.61207507824181,4.818027940747238,2615734300.0,3.6550279304339313,-1.911832445246564,5.566860375680495,239.47186012652344,251.4461334228516,263.4204067191797,9.524324859027566,0.3173117102690352,19.02894120548492,33.11593236877325,0.006336506208048,1,0.3359608424242424,0.1896630848484848,0.474376103030303,0.5871774181818182,0.1462978484848484,0.489030303030303,0.4690094545454545,0.2244420787878788,165
2025-10-15,AAPL,248.63658142089844,251.1095960297993,246.7718617608356,248.7861673842289,33893600,1.5655670166015625,0.006336506208048,248.93211859364607,239.0498794555664,221.13413291931155,52.82859645763287,4.78372124990556,2649627900.0,3.222686110625318,-1.875339412044141,5.09802552266946,241.50198156178791,251.9621726989746,262.4223638361613,8.30298534509285,0.3410358264748399,27.93095538450648,25.16291150510841,-0.0075799739632285,0,0.3306828145695364,0.208488880794702,0.460828334437086,0.5575497185430464,0.1221939966887417,0.6594039735099337,0.5016254569536425,0.2185026390728476,302
2025-10-16,AAPL,246.75192260742188,248.33743345063007,244.4384754074267,247.54966879270205,39777000,-1.8846588134765625,-0.0075799739632285,248.7244808806724,239.7367712402344,221.0980556488037,49.92387057760965,4.74189159016029,2609850900.0,2.6968878437671435,-1.9209101431218525,4.617797986888996,244.0487045452576,252.43932342529297,260.8299423053284,6.647632204194606,0.1610857375846435,27.471628736188787,24.81050844206006,0.0195594198897863,1,0.3631006734104046,0.1872707427745664,0.4496286329479769,0.5893586416184972,0.1758300057803468,0.5127745664739884,0.5659068843930636,0.2259040028901734,346
2025-10-17,AAPL,251.5782470703125,252.66518358811555,246.5724201648456,247.3203043073955,49147000,4.826324462890625,0.0195594198897863,248.9962681368285,240.3851254272461,221.1029524230957,56.51742763561394,4.838382435382411,2658997900.0,2.639209810148543,-1.5828705413923627,4.222080351540906,245.1330534622525,252.7778648376465,260.42267621304046,6.048639884116484,0.4215403946266647,37.35786171053813,30.92014861041113,0.0394387676625445,1,0.3187283205128205,0.2020934401709401,0.479178329059829,0.5775969615384615,0.1166349529914529,0.5452991452991452,0.4116827521367521,0.2229507008547008,234
2025-10-20,AAPL,261.50018310546875,263.63416054313814,254.90884523128253,255.168106265739,90483000,9.92193603515625,0.0394387676625445,250.18711718146096,241.0462548828125,221.1663022613525,66.33199201464117,5.353920366628356,2749480900.0,3.355437475386907,-0.6933143009231992,4.048751776310106,244.60262459133185,253.08499603271488,261.56736747409786,6.703180018057286,0.9960397649941772,55.51120736307161,40.11356593659951,0.0020209274583087,1,0.3353581378693125,0.1780476317332215,0.4865943570461983,0.5896926845881517,0.15731058129126924,0.4831949597642921,0.4013337187366803,0.22445452153629364,228
2025-10-21,AAPL,262.0286560058594,264.5415659974475,261.0913055219307,261.1411827196178,46695900,0.528472900390625,0.0020209274583087,251.3148827837846,241.75604614257813,221.264935836792,66.76231794009117,5.217944660120389,2796176800.0,3.920503285215773,-0.102598792875467,4.02310207809124,244.1638953043364,253.5008178710937,262.83774043785115,7.36638457040819,0.9566728530622932,77.35303060313295,56.74069989224756,-0.0164400712542459,0,0.3190224,0.2259806999999999,0.4549969,0.61786455,0.0930417999999999,0.327,0.38358565,0.22126705,20
2025-10-22,AAPL,257.72088623046875,262.1084670888602,254.7093866241016,261.9090191460537,45015300,-4.307769775390625,-0.0164400712542459,251.92497835013543,242.3304214477539,221.34446510314945,60.02723601831704,5.373740074737409,2751161500.0,3.974900809008204,-0.0385610152664286,4.013461824274633,244.33905564865208,253.80695190429688,263.2748481599417,7.460706796727051,0.7066950366000443,81.84504394720288,71.56976063780247,0.0043720555055193,1,0.2718688461538461,0.2086846153846153,0.5194467692307693,0.5427135384615385,0.0631843461538461,0.5246153846153846,0.4184471538461538,0.2221803461538461,26
2025-10-23,AAPL,258.84765625,259.8847307097371,257.2821086816683,259.2066564378435,32754900,1.12677001953125,0.0043720555055193,252.58428100726545,242.8539395141601,221.4214803314209,61.13175674410852,5.175803071403935,2783916400.0,4.06210672454597,0.038915920217069,4.023190804328901,244.269624315816,253.9420684814453,263.6145126470746,7.617835220032505,0.7535857372010755,76.40515984873011,78.53441146635532,0.0124819616313287,1,0.36933808,0.15557244,0.47508944,0.5940312,0.2137656399999999,0.2908,0.35272308,0.23992968,25
2025-10-24,AAPL,262.0785827636719,263.3848847726989,258.4488367256365,260.4531761824355,38253700,3.230926513671875,0.0124819616313287,253.4885002221613,243.45304534912108,221.52851165771483,64.18752559675549,5.158677712522396,2822170100.0,4.341876360607245,0.2549484450226744,4.08692791558457,244.00704257355267,254.30903167724608,264.6110207809395,8.101945130103038,0.8770898516889468,76.48355039330379,78.2445847297456,0.022791192752595,1,0.2614918461538461,0.1967696923076922,0.5417386923076923,0.5966873076923076,0.0647220769230769,0.2938461538461538,0.301821923076923,0.2425394615384615,13
2025-10-27,AAPL,268.0516662597656,268.36078929414754,263.9033982511248,264.13276036080543,44888200,5.97308349609375,0.022791192752595,254.8754684162188,244.19534576416007,221.66297393798828,69.0343952713872,5.238929770947629,2867058300.0,4.988074316063205,0.7209171203829072,4.267157195680298,243.11905034066072,255.0260040283203,266.93295771597985,9.337834965517724,1.0469771098944145,86.78141838341493,79.8900428751496,0.0007067783895675,1,0.3134465966666667,0.17564214666666664,0.51091153,0.61195917,0.13780458333333334,0.21280000000000002,0.39929522333333334,0.2578008733333333,34
2025-10-28,AAPL,268.2411193847656,269.12862319727753,267.39351124836816,268.23113785786586,41534800,0.189453125,0.0007067783895675,256.1483875560804,244.9553955078125,221.8274478149414,69.17688756427954,4.988657069373468,2908593100.0,5.452623683545141,0.9483731902918748,4.5042504932532665,242.536352342099,255.74247665405272,268.94860096600644,10.327673748008523,0.9732138830239382,94.57559633825092,85.94685503832322,0.0026022429598195,1,0.2600710454545454,0.1729203181818182,0.5670089090909091,0.5964435909090909,0.0871505,0.2749999999999999,0.3969351363636363,0.2387112272727272,22
2025-10-29,AAPL,268.93914794921875,270.6443152614699,266.35642794866993,268.5203194424725,51086700,0.698028564453125,0.0026022429598195,257.3665552125698,245.73598724365235,222.0075839996338,69.72958354977325,4.938602086761075,2959679800.0,5.810131891887096,1.0447051189070633,4.765426772980033,242.06520594876764,256.4529670715332,270.8407281942987,11.220584645255688,0.9339167425406052,96.36323046595508,92.57341506254032,0.0063032490532304,1,0.3494871818181818,0.1362711818181818,0.5142418181818181,0.5662403636363637,0.2132160909090909,0.2018181818181818,0.3058144545454545,0.2406063636363636,11
2025-10-30,AAPL,270.63433837890625,273.36662916750566,267.72259312931254,271.2226702585742,69886500,1.6951904296875,0.0063032490532304,258.63015360936373,246.64122619628907,222.20176055908203,71.08556727203782,4.988990226149078,3029566300.0,6.159247452450472,1.115056543576352,5.04419090887412,241.5054434861754,257.16445388793943,272.82346428970345,12.178207497205277,0.9301001195276494,93.67220889682056,94.87034523367554,-0.003795043518679,0,0.3259505789473684,0.178494947368421,0.4955545789473684,0.6426054736842105,0.1474558421052631,0.1936842105263158,0.4342644210526316,0.2507209999999999,19
2025-10-31,AAPL,269.6072692871094,276.53767519933945,268.40069127196034,276.2085891024436,86167100,-1.027069091796875,-0.003795043518679,259.67559319772045,247.54806091308595,222.36799743652344,69.06686769460786,5.21384691909408,2943399200.0,6.280648748105193,0.9891662713848576,5.291482476720336,241.2076623070798,257.7802131652832,274.35276402348666,12.857892120352512,0.8568266654608497,87.71611205623849,92.58385047300472,-0.0048823412690103,0,0.3647514166666667,0.1485493333333333,0.486699375,0.620416375,0.2162021666666666,0.2295833333333333,0.419212875,0.238175125,24
2025-11-03,AAPL,268.2909545898437,270.08589475979994,265.49886601188945,269.65711516237894,50194600,-1.316314697265625,-0.0048823412690103,260.4961038064941,248.3715307617188,222.57539779663085,66.46186869667686,5.169074192580967,2893204600.0,6.199184217590073,0.726161392695789,5.473022824894284,241.2335119057649,258.39646911621094,275.55942632665693,13.284204129528687,0.7882511839979033,81.23184836189091,87.54005643831665,0.0036797500454424,1,0.32891854905239687,0.1511966459308807,0.519884932664437,0.6406136794871794,0.17772206287625417,0.1868171683389074,0.38315251248606463,0.23773616588628763,77
2025-11-04,AAPL,269.2781982421875,270.7240893859628,266.8650119182292,267.5730004152706,49274800,0.98724365234375,0.0036797500454424,261.3324937527506,249.22671173095705,222.7791889190674,67.45336964657555,5.075502997949016,2942479400.0,6.143467236118852,0.5363555289796542,5.607111707139198,241.3235508413564,259.07255630493165,276.8215617685069,13.701957256085786,0.7874989801034205,76.79563970838042,81.91453337550327,0.0003703658371287,1,0.2758458148148148,0.1826273703703703,0.5415268518518518,0.5967377777777778,0.0932185185185185,0.3007407407407407,0.3355282962962963,0.2390005925925926,27
2025-11-05,AAPL,269.3779296875,270.9335263776032,266.17696342424256,267.8522167164328,43683100,0.0997314453125,0.0003703658371287,262.0987257465363,250.04100860595705,223.0199456787109,67.55771141746564,5.052721566192703,2986162500.0,6.037759092585191,0.3445179083567939,5.6932411842283965,241.39343080928225,259.6748527526855,277.9562746960888,14.080240538974737,0.7653808047550629,75.93313111949232,77.98687306325455,-0.0013697782796735,0,0.27442035,0.1802481,0.5453315,0.5976277999999999,0.0941723,0.1845,0.4073892,0.2532146,20
2025-11-06,AAPL,269.0089416503906,272.6287059365568,267.1342708755924,267.1342708755924,51204000,-0.368988037109375,-0.0013697782796735,262.75684154690333,250.8243920898437,223.2529453277588,66.70563305196895,5.084272530104968,2934958500.0,5.856698007453758,0.1307654585802886,5.72593254887347,241.9900631606621,260.4591346740723,278.9282061874825,14.181934172914785,0.7314628261120331,73.00001126506419,75.24292736431231,-0.0048188944041811,0,0.2669284827586207,0.1836101379310344,0.5494614137931034,0.5753611379310344,0.083318448275862,0.3179310344827586,0.4413284827586207,0.2536311034482759,29
2025-11-07,AAPL,267.7126159667969,271.5218466038475,266.0173996929098,269.03885049148494,48227400,-1.29632568359375,-0.0048188944041811,263.2288200630837,251.54056579589843,223.4803078460693,63.66748571188519,5.114284985878735,2886731100.0,5.544687438845187,-0.1449960880226264,5.689683526867814,244.4159947048359,261.6158622741699,278.8157298435039,13.148948553668946,0.6772325765896303,67.06211014333932,71.99841750929862,0.0045486945601134,1,0.289231,0.1685783571428571,0.5421909285714286,0.6240982142857143,0.1206525,0.2828571428571428,0.3634767857142857,0.2400518571428571,14
2025-11-10,AAPL,268.93035888671875,273.22240319845355,266.96401085683,268.46122924118225,41312400,1.217742919921875,0.0045486945601134,263.7718237605727,252.2894708251953,223.7181312561035,65.26779824989316,5.196006939860508,2928043500.0,5.334189278261363,-0.2843953988851613,5.618584677146524,246.6283445387797,262.7143135070801,278.80028247538047,12.245978343214173,0.6932132715128398,63.40969958696374,67.82394033178907,0.021601146577912,1,0.3299845573232323,0.17553955656565653,0.4944759472222222,0.587576823989899,0.154445029040404,0.3226136363636363,0.35783296818181815,0.23710601792929287,55
2025-11-11,AAPL,274.73956298828125,275.3983427074405,269.2996575494418,269.3096487524697,46208300,5.8092041015625,0.021601146577912,264.81637035368783,253.20282318115235,223.94982543945312,71.67688410936628,5.286862431350598,2974251800.0,5.5718928781763,-0.0373534391761793,5.609246317352479,248.8963700936586,264.0977409362793,279.2991117789,11.511927961768096,0.850028367907618,71.79389161229396,67.42190044753234,-0.006466862149501,0,0.3095173461538462,0.2203192692307692,0.4701634615384615,0.5503308846153846,0.0891981538461538,0.4896153846153846,0.4411427307692308,0.2213415,26
2025-11-12,AAPL,272.9628601074219,275.2186787593472,271.19615348009904,274.49002155435767,48398000,-1.776702880859375,-0.006466862149501,265.59222652071014,253.90613525390623,224.1309027862549,67.57010608019908,5.1965526347718525,2925853800.0,5.552899253674468,-0.0450776509424093,5.5979769046168775,251.4189991305504,265.31405487060545,279.2091106106605,10.474421151063186,0.775234780626584,78.6828628733255,71.29548469086107,-0.00190140318345,0,0.25985425,0.15359875,0.58654725,0.58654725,0.1062555,0.2324999999999999,0.55266825,0.2790905,4
2025-11-13,AAPL,272.44384765625,276.1868935731559,271.5854266195937,273.6016697208788,49602800,-0.519012451171875,-0.00190140318345,266.24476186695205,254.57294128417968,224.3039199829101,66.37373468459343,5.154046514685448,2876251000.0,5.433334603003402,-0.1317138412907805,5.565048444294183,255.2969670850748,266.59865112304686,277.9003351610189,8.478425521182276,0.7585984758361721,79.49892138200097,76.65855862254016,-0.0019785067163711,0,0.301828,0.2037786666666666,0.4943935555555556,0.6117464444444445,0.0980493333333333,0.1833333333333333,0.3146926666666667,0.2657616666666667,9
2025-11-14,AAPL,271.9048156738281,275.44821996704485,269.1000292932184,270.54732197227213,47431300,-0.539031982421875,-0.0019785067163711,266.78381461046405,255.23076171875,224.48303588867188,65.08485376627428,5.239342526052665,2828819700.0,5.234740549287324,-0.2642463160054875,5.498986865292811,258.4441051647725,267.61497955322267,276.7858539416728,6.853782552651374,0.733883702845614,68.6220240975959,75.60126945097413,-0.0181711618596065,0,0.2908617857142857,0.1534641785714285,0.5556741071428571,0.6229697142857143,0.1373976428571428,0.1785714285714285,0.2979846785714286,0.2348702857142857,28
2025-11-17,AAPL,266.9639892578125,269.98836893107386,265.237217022597,268.3214829895084,45018300,-4.940826416015625,-0.0181711618596065,266.8009741006877,255.82586334228515,224.6453471374512,54.6158575699367,5.341360820708269,2783801400.0,4.625351755505221,-0.6989080878300715,5.324259843335293,259.1467159871711,267.88816986083987,276.62962373450864,6.526196269293792,0.4471380495519626,46.9697231051758,65.03022286159089,-7.464669137968727e-05,0,0.28338924480519484,0.22986000064935064,0.4867507962121212,0.6003880441558441,0.05352944534632037,0.3509761904761905,0.4769634714285715,0.2324930977272727,58
2025-11-18,AAPL,266.9440612792969,270.2079864201871,264.8279974843966,269.48932037088264,45677300,-0.019927978515625,-7.464669137968727e-05,266.8146014510314,256.4909671020508,224.8472550964356,54.577725632150994,5.344119971785576,2738124100.0,4.093610135247332,-0.9845197664703688,5.0781299017177,259.79830029214946,268.1339401245117,276.469579956874,6.217519369977157,0.4286270238911209,30.46092807117033,48.684225091314005,0.004187729065556,1,0.2495528857142857,0.1849880285714285,0.5654593142857143,0.6071596285714286,0.0645648857142857,0.3091428571428571,0.3720303428571428,0.2342652571428571,35
2025-11-19,AAPL,268.0619506835937,271.7051756343288,265.00762791735707,265.0375710636542,40424500,1.117889404296875,0.004187729065556,266.9333966160374,257.32920227050784,225.0309545135498,56.41602903832776,5.440793382156014,2778548600.0,3.719528987692911,-1.086880731219832,4.806409718912743,261.8151895545991,268.650993347168,275.48679713973684,5.088984564992995,0.4569148938845669,20.32313328601373,32.58459482078662,-0.0086013497036722,0,0.2692127352941176,0.2182641764705882,0.5125232352941176,0.5817682647058824,0.0509485882352941,0.4264705882352941,0.4006805882352941,0.237028794117647,34
2025-11-20,AAPL,265.7562561035156,274.91922505965954,265.4268814706152,270.327749378444,45823600,-2.305694580078125,-0.0086013497036722,266.8212879957972,258.056706237793,225.20476501464844,51.76280718810504,5.730189825505182,2732725000.0,3.200127620825583,-1.2850256784697276,4.485153299295311,263.6386492623975,268.9964233398438,274.35419741729004,3.9835281160429257,0.1976200200408091,17.9536446651398,22.91256867410796,0.0196806472353217,1,0.2462286,0.2084307428571428,0.5453407714285714,0.5744072571428571,0.0377978857142857,0.45,0.3939066285714286,0.2264042571428571,35
2025-11-21,AAPL,270.98651123046875,272.8230952896135,265.17732758833057,265.4568071090486,59030800,5.230255126953125,0.0196806472353217,267.2179759229088,258.80824310302734,225.4010005950928,59.85224418878944,5.867016816632163,2791755800.0,3.173948866360888,-1.0489635463475384,4.2229124127084265,265.0676892799589,269.4418197631836,273.8159502464083,3.2468088933404453,0.6765712606435964,30.002467908943355,22.759748620032298,0.0163174688834717,1,0.2895586666666667,0.166041303030303,0.5444003333333334,0.5940650606060607,0.123517303030303,0.3118181818181817,0.3646558181818182,0.2245748484848485,33
2025-11-24,AAPL,275.4083251953125,276.4863089537433,270.397615191446,270.397615191446,65585800,4.42181396484375,0.0163174688834717,267.99800918694723,259.5957650756836,225.64711769104005,65.17025103398946,5.882850884179672,2857341600.0,3.470005385085585,-0.6023256220982729,4.072331007183858,264.7772432235372,269.8096527099609,274.84206219638463,3.730340583354473,1.0562616178647144,51.04771317885818,33.00127525098045,0.0038054956574156,1,0.32215985041666667,0.17862280833333333,0.4992173954166666,0.5607162329166667,0.14353712208333333,0.5290208333333333,0.39777830750000004,0.21573292458333335,97
2025-11-25,AAPL,276.4563903808594,279.8600705608694,274.73957871594786,274.75953066216096,46914200,1.048065185546875,0.0038054956574156,268.8035693006531,260.37532989501955,225.8971324157715,66.30937045345475,5.828396667089807,2904255800.0,3.746020616721637,-0.2610483123697769,4.007068929091414,264.476375570638,270.2204162597656,275.9644569488932,4.251374317776036,1.0428212001437691,74.109422823879,51.71986797056018,0.0020939575267391,1,0.2999462903225806,0.1921770967741935,0.5078767096774194,0.5655984516129032,0.1077692903225806,0.4261290322580645,0.3843657096774193,0.2323060967741935,31
2025-11-26,AAPL,277.0352783203125,279.01161742605893,276.1170014953278,276.4463761157936,33431400,0.578887939453125,0.0020939575267391,269.58754158823973,261.149719543457,226.1253221130371,66.95228207529526,5.618840900207043,2937687200.0,3.965761267826224,-0.0330461290121522,3.998807396838376,264.198818694182,270.62522277832034,277.0516268624587,4.749301649094613,0.9987280178827724,83.10632111947567,69.42115237407096,0.004683906792458,1,0.2777927307692308,0.1755500384615384,0.5466574230769231,0.5949249615384615,0.1022427692307692,0.305,0.3970718846153846,0.2356534615384615,26
2025-11-28,AAPL,278.3328857421875,278.4826014787427,275.4781737009374,276.7458380127342,20135600,1.297607421875,0.004683906792458,270.4204315076633,261.9721990966797,226.3388614654541,68.40760126189403,5.432097105749775,2957822800.0,4.196241728780535,0.1579474655537271,4.038294263226808,263.75841999488176,271.0101501464844,278.26188029808696,5.351629928017789,1.0048957588476208,82.80197903111696,80.0059076581572,0.0152411974371333,1,0.2923722205128205,0.24203824230769228,0.4655896749999999,0.6234458256410256,0.050334104487179496,0.37189743589743585,0.4075627352564103,0.23418723205128206,59
2025-12-01,AAPL,282.57501220703125,282.89442609469603,275.6279276857388,277.4944549964911,46587700,4.24212646484375,0.0152411974371333,271.5780106218889,262.7275509643555,226.5504339599609,72.64820411029295,5.563125770264596,3004410500.0,4.667400420697788,0.503284925976784,4.164115494721004,262.86868185669164,271.65853729248045,280.44839272826925,6.471252862799032,1.1209701054981658,89.760242176099,85.22284744223055,0.010914832876105,1,0.2914985633255633,0.18195966511266506,0.5265418512043513,0.580344717948718,0.10953890404040396,0.42491064491064484,0.42827787373737375,0.23006636596736593,83
2025-12-02,AAPL,285.6592712402344,286.86701880065203,282.10587559562896,282.47518456741903,53669500,3.084259033203125,0.010914832876105,272.9190830617313,263.3335852050781,226.7621583557129,75.24945196792665,5.505841301318773,3058080000.0,5.229389855239447,0.8522194884147538,4.377170366824693,261.98271479723434,272.526953125,283.0711914527656,7.738125133574816,1.1227248335545343,94.19748414540364,88.91990178420652,-0.0071281578098053,0,0.3581951315789474,0.1789346315789473,0.4628703684210526,0.5824625789473684,0.1792604736842105,0.4526315789473684,0.5069849736842106,0.2304548947368421,38
2025-12-03,AAPL,283.623046875,288.0847586222564,282.77461708045536,285.6692634925469,43538700,-2.036224365234375,-0.0071281578098053,273.93850818680454,263.9318017578125,226.96434814453124,70.48357033800978,5.491862747067507,3014541300.0,5.447666928890271,0.8563972496524626,4.591269679237809,261.77087900327314,273.24419555664065,284.71751211000816,8.397848327569845,0.9523038857196472,91.18912743364508,91.71561791838258,-0.0121414798746686,0,0.3198222121212121,0.1634386969696969,0.5167392424242424,0.5792222727272728,0.1563835757575757,0.2812121212121212,0.3573212121212121,0.2483252727272727,33
2025-12-04,AAPL,280.179443359375,284.20196835267484,278.0733405949076,283.5731318378766,43989100,-3.443603515625,-0.0121414798746686,274.5328829651446,264.50342651367185,227.14733062744145,63.19421036314501,5.537345962117491,2970552200.0,5.281896641428489,0.5525015697525442,4.7293950716759445,262.0752919584767,273.7842712402344,285.493250521992,8.553434591926214,0.7730883694150937,80.44796931692966,88.61152696532612,-0.006840055245008,0,0.3145209677419355,0.1910453870967741,0.4944335806451613,0.5932116774193548,0.1234757096774193,0.2725806451612903,0.3833475483870968,0.2426156774193548,31
2025-12-05,AAPL,278.26300048828125,280.6186397013617,277.5343433093784,280.01974631085085,47265800,-1.91644287109375,-0.006840055245008,274.8881322530624,264.9457800292969,227.3159560394287,59.50588808206558,5.362128135679337,2923286400.0,4.938948447672601,0.1676427007973249,4.771305746875276,262.5981601494468,274.2469741821289,285.89578821481103,8.495126750201516,0.6723791922029536,68.19736991380158,79.94482222145876,-0.0031924337050984,0,0.2835958064516129,0.1854064516129032,0.5309979677419355,0.5913312258064517,0.0981894193548387,0.2435483870967741,0.3345695483870968,0.2417660967741935,31
2025-12-08,AAPL,277.3746643066406,279.15136205700173,275.6378704438954,277.6142094762677,38211800,-0.888336181640625,-0.0031924337050984,275.1249448295937,265.39848693847654,227.4815323638916,57.82125531504071,5.230082669781266,2885074600.0,4.543108105337865,-0.1825581132299287,4.725666218567794,263.40849374898323,274.7300765991211,286.051659449259,8.241968255014196,0.6167940800560107,59.24171965318755,69.2956862946396,-0.002555062909471,0,0.2575303915343915,0.20662141005291004,0.5358482949735449,0.5807882817460318,0.050908944444444465,0.28958994708994706,0.3529429378306878,0.2539225052910053,58
2025-12-09,AAPL,276.6659545898437,279.5106752769474,276.40645748061854,277.64414811825674,32193300,-0.708709716796875,-0.002555062909471,275.2717076639032,265.8575616455078,227.6358558654785,56.44825220323857,5.078235178820379,2852881300.0,4.124668223190497,-0.4807983963018376,4.605466619492335,264.0895256359051,275.11685638427736,286.1441871326496,8.016470450628823,0.5702390379374018,54.07853040157613,60.50587332285509,0.0057724699116128,1,0.38159852,0.13637124,0.4820304,0.6185618,0.24522736,0.2496,0.3827629999999999,0.23171952,25
2025-12-10,AAPL,278.26300048828125,279.2312028389952,275.92734368017386,277.23491184461454,33038300,1.5970458984375,0.0057724699116128,275.55659269479634,266.3445883178711,227.79846305847167,58.82121654133513,4.951494034534735,2885919600.0,3.877225615421196,-0.5825928032569117,4.459818418678108,264.1831654428816,275.2930282592773,286.40289107567304,8.071299797633955,0.6336637669648315,53.86385693300874,55.728035662590806,-0.0026902469609422,0,0.2373146666666666,0.2157251111111111,0.5469603333333334,0.6039230000000001,0.0215897037037037,0.2737037037037036,0.3687039259259259,0.2254673703703703,27
2025-12-11,AAPL,277.514404296875,279.07150890817053,273.3022288840155,278.5824273392719,33248000,-0.74859619140625,-0.0026902469609422,275.74305094261337,266.8002896118164,227.9905517578125,57.24668676501643,5.0099073195076125,2852671600.0,3.57945834203764,-0.7042880613123739,4.283746403350014,264.42453175635313,275.52060546875,286.6166791811468,8.054623496140204,0.5898425370902816,53.83310727933528,53.92516487130672,0.0008992046267306,1,0.3134631578947368,0.1787781052631578,0.5077588947368421,0.6145206842105263,0.1346851315789473,0.1634210526315789,0.3984950263157895,0.2298116315789473,38
2025-12-12,AAPL,277.7639465332031,278.70220580092337,276.30666253778065,277.38464634485007,39532900,0.249542236328125,0.0008992046267306,275.9355171893362,267.2274765014648,228.19910766601564,57.65361177555572,4.823167029767262,2892204500.0,3.325279849355468,-0.7667732431956367,4.0920530925511045,264.74337513441606,275.78661041259767,286.8298456907793,8.008536209687696,0.5895270303853857,50.87610112546083,52.85768844593495,-0.0149849990699609,0,0.311018375,0.173461375,0.515520375,0.60670609375,0.13755715625,0.244375,0.4447484375,0.2345775625,32
2025-12-15,AAPL,273.6016540527344,279.6304615267261,272.33402020742307,279.6304615267261,50409100,-4.16229248046875,-0.0149849990699609,275.71324450965983,267.55366790771484,228.3642714691162,49.23580645559509,4.99982947901982,2841795400.0,2.75620750081373,-1.0686764733898997,3.8248839742036296,264.92314681952206,275.87145233154297,286.8197578435639,7.93725151297149,0.3963402018551444,34.5174184123935,46.40887560572987,0.0018241281266524,1,0.3254151820987654,0.16796320293209874,0.5066217520061728,0.6107256819444444,0.1574520209876543,0.27283487654320987,0.34766646095679016,0.23543934027777771,63
2025-12-16,AAPL,274.1007385253906,274.9891026980292,271.2859911871425,272.3140798989353,37648600,0.49908447265625,0.0018241281266524,275.559672511158,267.9163659667969,228.5508805847168,50.17519256594241,4.907206767010315,2879444000.0,2.3187563309622874,-1.2049021145930745,3.5236584455553617,266.0246351811009,276.22828979492186,286.4319444087428,7.387841861813924,0.3957456249719856,22.150570626984774,35.84803005494637,-0.010087028861802,0,0.2984112307692307,0.1546544102564102,0.5469345128205128,0.5745609487179487,0.1437568717948718,0.2958974358974359,0.3680440256410256,0.2369288461538461,39
2025-12-17,AAPL,271.3358764648437,275.6478724530811,271.13626563598973,274.50001118897205,50138700,-2.764862060546875,-0.010087028861802,275.15740622103283,268.22795440673826,228.73411026000977,45.1865755162048,4.878949627730391,2829305300.0,1.7290405625055882,-1.435694306439819,3.164734868945408,266.883914385067,276.44788055419923,286.0118467233315,6.9191821257296064,0.2327466451180838,8.660506337529307,21.77616512563586,0.0012875747907972,1,0.3092726666666666,0.1590552727272727,0.5316721515151515,0.6069245454545454,0.1502174545454545,0.1969696969696969,0.4438987878787879,0.2461908181818182,33
2025-12-18,AAPL,271.68524169921875,273.12257373871984,266.4549687260805,273.1025913325419,51630700,0.349365234375,0.0012875747907972,274.826723885622,268.51501922607423,228.92003173828124,45.91827467685716,5.006710726652459,2880936000.0,1.275177964177601,-1.511645523814245,2.786823487991846,267.58415990282793,276.6290451049805,285.67393030713305,6.539360462832115,0.2267072331340819,14.038101619894055,14.949726194802713,0.0054374113038218,1,0.3106239999999999,0.1918203214285714,0.4975558214285714,0.59017025,0.1188036785714285,0.2671428571428572,0.3897980357142857,0.2382731428571428,28
2025-12-19,AAPL,273.1625061035156,274.09077415448866,269.399477884542,271.6453053723066,144632000,1.477264404296875,0.0054374113038218,274.6682269539928,268.9118032836914,229.1153787231445,49.0173441201998,4.984181122602043,3025568000.0,1.0229001206545831,-1.4111386938698107,2.434038814524394,269.2520165562622,276.99935760498045,284.7466986536987,5.593761022194464,0.2523762360958915,18.7897573966991,13.82945511804082,-0.0098659488912342,0,0.4132790952380952,0.1247630476190476,0.4619579047619048,0.6365847142857143,0.2885160476190476,0.2066666666666666,0.4558144761904761,0.2423401428571428,21
2025-12-22,AAPL,270.4674987792969,273.37210596231955,270.00836035897595,272.3539780142796,36571800,-2.69500732421875,-0.0098659488912342,274.2681576040218,269.42959197998044,229.2786489105225,44.05730504542474,4.868435728369297,2988996200.0,0.5986032188608874,-1.4683484765308052,2.0669516953916927,269.1426489587727,276.97340698242186,284.804165006071,5.654519767051945,0.0845926931034685,24.580821913284456,19.13622697662587,0.0051297130359793,1,0.3749916327035538,0.16288778182636074,0.4621206951754386,0.5881486092555105,0.21210383485155193,0.4189378092667566,0.4818661706027891,0.2356903244489428,69
2025-12-23,AAPL,271.8549194335937,271.99467443806464,269.06012395403746,270.3377490962612,29642000,1.387420654296875,0.0051297130359793,274.03832539731434,269.92746368408206,229.5065016937256,47.02901396439888,4.730301068059146,3018638200.0,0.3700326133098883,-1.3575352656654436,1.727567878975332,268.67512150475176,276.7957366943359,284.9163518839201,5.8675868975190975,0.195785531921309,26.662996387565915,23.34452523251649,0.0053237813227493,1,0.3239908780487804,0.2121390731707317,0.4638701707317073,0.598478731707317,0.1118518292682926,0.3848780487804878,0.4681216585365854,0.2336603658536585,41
2025-12-24,AAPL,273.3022155761719,274.9192064044749,271.69521595033444,271.8349404799371,17910600,1.447296142578125,0.0053237813227493,273.96821970006266,270.4520877075195,229.77461639404297,50.01207361485358,4.622707452779239,3036548800.0,0.3021900065076579,-1.1403022979741393,1.4424923044817972,268.37589689445133,276.6380279541016,284.9001590137518,5.973243173220608,0.298126394156297,32.44069134898817,27.894836549946177,-0.0014973926274014,0,0.3676873913043478,0.1854791739130435,0.4468336521739131,0.5614368695652174,0.1822083478260869,0.4769565217391304,0.4085285217391304,0.2262951304347826,23
2025-12-26,AAPL,272.8929748535156,274.859322715931,272.35396775197984,273.65157518449314,21521800,-0.40924072265625,-0.0014973926274014,273.86581542896295,270.93721557617187,230.0598834991455,49.16889334462555,4.47146798929152,3015027000.0,0.2129472226586131,-0.9836360654585472,1.1965832881171603,268.0127926912597,276.43091278076173,284.8490328702638,6.090577934876982,0.2898617571601203,42.5448749085165,33.88285421502352,0.0013169082135329,1,0.3926259798387096,0.1790629889112903,0.4283110161290322,0.5598781360887097,0.2135630060483871,0.4800604838709678,0.5254826945564516,0.23845025504032255,47
2025-12-29,AAPL,273.2523498535156,273.8512128461511,271.8449608988494,272.1843267483383,23715200,0.359375,0.0013169082135329,273.8073901360632,271.4672241210937,230.38325569152832,49.96662906773187,4.295381129149388,3038742200.0,0.1692690048548684,-0.8218514266098336,0.991120431464702,267.697276347942,276.1768859863281,284.65649562471424,6.140709138711856,0.3275547898116992,49.599439943112365,41.52833540020568,-0.0024840480713893,0,0.3920224569754478,0.2019740394078452,0.4060035534728163,0.5811486804334863,0.19004854095045495,0.6584006118586503,0.5415235936843743,0.2165398535168909,79
2025-12-30,AAPL,272.5735778808594,273.5717234473003,271.77507361210075,272.304089543875,22139600,-0.67877197265625,-0.0024840480713893,273.68988420699617,271.8871307373047,230.68428413391112,48.42093558794139,4.116900322438686,3016602600.0,0.078972135482104,-0.7297186367860784,0.8086907722681824,267.5951650096902,275.6768142700195,283.7584635303488,5.863133090629448,0.3080072340931002,48.96463634539404,47.036317065674304,-0.0044675750650128,0,0.3836346285714285,0.1944750285714285,0.4218904571428571,0.6094900857142856,0.1891596,0.4145714285714286,0.4763965714285714,0.2347934,35
2025-12-31,AAPL,271.3558349609375,273.17246717497864,271.24605357156486,272.553621806917,27293600,-1.217742919921875,-0.0044675750650128,273.4675938026096,272.08424377441406,230.97668716430664,45.69018144341146,3.960436985365478,2989309000.0,-0.0898151277009446,-0.7188047199753017,0.628989592274357,268.10077845226573,274.9616424560547,281.8225064598436,4.990415348486635,0.2372191393732735,45.0757498198927,47.87994203613303,-0.0031265927617707,0,0.3546521666666666,0.1702141666666666,0.4751337,0.5941441333333334,0.1844379333333333,0.381,0.4849048333333333,0.2473579,30
2026-01-02,AAPL,270.5074157714844,277.32473598417806,268.5011336129586,271.75509761912826,37838100,-0.848419189453125,-0.0031265927617707,273.1856720853596,272.2538189697266,231.27136375427247,43.83531309420578,4.3078059414979055,2951470900.0,-0.2887124900063895,-0.7341616658245973,0.4454491758182077,268.44793474430656,274.3058609008789,280.1637870574512,4.271090772419985,0.1757858474254723,38.13120481358437,44.05719699295704,-0.0138371141564174,0,0.3485875828804348,0.18792757948369565,0.4634848933423913,0.6053926236413043,0.1606599925271739,0.4484307065217391,0.4429356019021739,0.23480660801630435,78
2026-01-05,AAPL,266.7643737792969,271.0064921177503,265.6464557026853,270.1381104139889,45647200,-3.7430419921875,-0.0138371141564174,272.5741198657346,272.43468872070315,231.5346421051025,36.747436383996586,4.382965261038416,2905823700.0,-0.7398438303346779,-0.9482344049223086,0.2083905745876306,267.5531119138926,273.635107421875,279.71710292985733,4.445332739125088,-0.0648420517213932,25.31618578557583,36.174380139684295,-0.0183342704518245,0,0.34376707503546095,0.21833479460992908,0.4378982165957446,0.5734684439716312,0.12543233418439712,0.5420666666666667,0.4396706554609929,0.21748916765957446,82
2026-01-06,AAPL,261.8734436035156,267.0538212812338,261.6338984265986,266.504853430471,52352100,-4.89093017578125,-0.0183342704518245,271.55500784076133,272.4952044677734,231.77913581848145,29.93601847721635,4.457033660581045,2853471600.0,-1.4750227140692118,-1.346730630925474,-0.1282920831437378,265.2203440715658,272.81562957763674,280.41091508370766,5.568072120962914,-0.2203274956138917,13.426126463709428,25.62450568762321,-0.0077374975075948,0,0.3386037777777778,0.1705423555555555,0.4908539111111111,0.5789025333333333,0.1680615777777777,0.3115555555555555,0.4048963333333333,0.2400728444444444,45
2026-01-07,AAPL,259.8471984863281,263.1909919246956,259.32817380451803,262.71190159101934,48309800,-2.0262451171875,-0.0077374975075948,270.4399783784344,272.45057678222656,231.9927578735352,27.64945988755729,4.4145896934093685,2805161800.0,-2.195845977465069,-1.654043115457065,-0.5418028620080042,262.7689060861184,271.9392562866211,281.1096064871238,6.7444107376959535,-0.1593018552132357,4.134979924512062,14.292430724599107,-0.0049550934017078,0,0.3711292666666667,0.1835773555555555,0.4452934444444444,0.5788701333333334,0.1875519777777778,0.4095555555555555,0.4845945555555555,0.2383504,45
2026-01-08,AAPL,258.55963134765625,258.80916773471864,255.2258136413284,256.5433578451618,50419300,-1.287567138671875,-0.0049550934017078,269.3085167564555,272.2607360839844,232.1877068328857,26.27601756671653,4.429360775665828,2754742500.0,-2.838281571216669,-1.837182967366932,-1.0010986038497371,260.44378097944264,271.03394012451173,281.6240992695808,7.814636897654976,-0.0889575692856168,6.49885376761523,8.01998671861224,0.0012738888084979,1,0.3356629056603774,0.1979916226415094,0.4663456037735849,0.5560893584905661,0.1376713773584905,0.4141509433962264,0.4182143962264151,0.2395179622641509,53
2026-01-09,AAPL,258.8890075683594,259.7274461787287,255.74485516422808,258.5995368285105,39997000,0.329376220703125,0.0012738888084979,268.3161825480654,272.0736938476563,232.3692820739746,27.271278072260703,4.397448649868316,2794739500.0,-3.282994186080316,-1.825516465784463,-1.457477720295853,258.77604346050896,270.06524047851565,281.35443749652234,8.36034803886935,0.0050031949867751,11.51541711184032,7.383083601322537,0.0033929113461488,1,0.3247062888888888,0.1778451555555555,0.4974486888888889,0.6038248222222222,0.1468612444444444,0.2766666666666666,0.4311925777777778,0.2452127555555555,45
2026-01-12,AAPL,259.76739501953125,260.8154357257053,256.32378048041085,258.6794199598783,45263800,0.878387451171875,0.0033929113461488,267.50201230725264,271.8902587890625,232.56629081726075,29.98579593331058,4.404177692398755,2840003300.0,-3.52393191744892,-1.6531633577224532,-1.8707685597264665,257.58446421252484,269.1778900146484,280.771315816772,8.613951020637458,0.094145201093475,17.404458058404373,11.806242979286642,0.0030738747315866,1,0.37405601927437643,0.17930072260015115,0.4466432747543461,0.5928863167044596,0.19475537263794407,0.40983749055177626,0.5278873344671201,0.22888137452758875,85
2026-01-13,AAPL,260.5658874511719,261.3244878277737,257.9108470550362,258.24022168851656,45730800,0.798492431640625,0.0030738747315866,266.84142898762593,271.6888897705078,232.7557529449463,32.45386120288381,4.3334250552800935,2885734100.0,-3.6088446250576,-1.390460852264907,-2.218383772792693,256.8489402915187,268.3179870605469,279.7870338295751,8.548846758037246,0.1620425495905494,20.43063292851784,16.450169366254176,-0.0041754589918768,0,0.4048042941176471,0.1657488235294117,0.4294469058823529,0.5915430823529412,0.2390555647058823,0.4624705882352941,0.5440080235294118,0.2228114117647059,85
2026-01-14,AAPL,259.4779052734375,261.334471811998,256.2339322781376,259.0087756526009,40019400,-1.087982177734375,-0.0041754589918768,266.14014101484605,271.4863024902344,232.9693688964844,30.85772464597732,4.388218946607258,2845714700.0,-3.721035841777564,-1.2021216551878964,-2.518914186589668,255.79696941467512,267.611799621582,279.4266298284889,8.8298275514112,0.1557760794823156,21.31890807596889,19.717999687630364,-0.0067318453757286,0,0.3936149591836735,0.1796329795918367,0.4267522244897959,0.6133113265306123,0.2139821224489795,0.366734693877551,0.5411415306122449,0.2259581428571428,49
2026-01-15,AAPL,257.73114013671875,260.5559089501236,256.5732877053955,260.1666175851947,39388600,-1.74676513671875,-0.0067318453757286,265.33928378835776,271.27510620117187,233.15321220397948,28.439364510727675,4.359247682187316,2806326100.0,-3.905873064167906,-1.109567102062591,-2.7963059621053152,254.6271865426081,266.79331970214844,278.9594528616888,9.12026820845647,0.1275653304713598,18.247483971780472,19.9990083254224,-0.0103790448074641,0,0.3794285357142857,0.15703675,0.4635346964285714,0.5921702321428571,0.2223919999999999,0.2742857142857143,0.4950357678571428,0.242212375,56
2026-01-16,AAPL,255.0561370849609,258.41988279267105,254.45724364888235,257.4217372195352,72142800,-2.6750030517578125,-0.0103790448074641,264.35993648327235,270.9906649780273,233.3184083557129,25.184287988482826,4.330918500873131,2734183300.0,-4.219567734680368,-1.138609418060042,-3.080958316620326,252.98741895256447,265.9793327331543,278.97124651374406,9.769115251991392,0.0796156042648274,11.065672207364177,16.877354751704512,-0.0345556443029432,0,0.3818346808510638,0.1454655957446808,0.4726997659574468,0.6495608510638298,0.2363691063829787,0.2506382978723404,0.4766052978723404,0.2392920638297872,47
2026-01-20,AAPL,246.2425079345703,254.31750190322293,242.9685916985444,252.26132447540704,80267500,-8.813629150390625,-0.0345556443029432,262.6344670976817,270.52795654296875,233.4360546875,17.910457583911732,4.884963278411946,2653915800.0,-5.120335198108137,-1.6315015051902488,-3.488833692917888,249.41950596864524,264.7071960449219,279.99488612119853,11.550641844796893,-0.1039070656921864,7.828397276916998,12.380517818687215,0.0038508468560267,1,0.30518661412151066,0.2311736215106732,0.4636398087027914,0.6103583368226602,0.07401305151888338,0.3412602627257799,0.45643910632183904,0.2294236900656814,121
2026-01-21,AAPL,247.1907501220703,251.09350304772093,244.7253292878456,248.2388060412761,54641700,0.9482421875,0.0038508468560267,261.16363690952824,270.0915927124024,233.6613982391357,20.568580156248025,4.990906884230763,2708557500.0,-5.692070042553155,-1.7625890797082135,-3.929480962844941,246.8546096746,263.4086082458496,279.96260681709924,12.569064224202668,0.0101528475438589,8.145901270194967,9.01332358482538,0.0028265618791432,1,0.3721220454545454,0.1907354772727272,0.4371425681818182,0.6195451363636364,0.1813866590909091,0.3436363636363636,0.4893955,0.2298500454545454,44
2026-01-22,AAPL,247.8894500732422,250.5345296526772,247.68980878155543,248.737864640942,39708300,0.698699951171875,0.0028265618791432,259.89942863940576,269.69512939453125,233.96389610290527,22.55841720329081,4.873254930400485,2748265800.0,-6.019406804431668,-1.671940673269381,-4.347466131162287,244.7542827677828,262.2797058105469,279.80512885331103,13.363918484355269,0.0894462660846834,12.047270624061165,9.340523057057707,-0.001248270078888,0,0.2885199827586207,0.2125492758620689,0.4989307931034482,0.6088183103448276,0.0759707931034482,0.2598275862068965,0.4295931551724137,0.2563294827586207,58
2026-01-23,AAPL,247.5800170898437,248.9474868587461,244.22624741136653,246.8613663013417,41689000,-0.3094329833984375,-0.001248270078888,258.7261513489713,269.26812255859375,234.2992649078369,22.2920772609856,4.86239668161328,2706576800.0,-6.231954114500098,-1.5075903866702485,-4.72436372782985,243.00697482754788,261.0659606933594,279.1249465591709,13.834806972038056,0.1266140384702708,14.353192863071795,11.515454919109308,0.0297129735567756,1,0.3240148108108108,0.189097054054054,0.4868882432432432,0.6017880540540541,0.1349179729729729,0.3681081081081081,0.4565687297297296,0.235464054054054,37
2026-01-26,AAPL,254.9363555908203,256.0842168676608,249.336758511775,251.0136357054716,55969200,7.356338500976562,0.0297129735567756,258.3652184196236,268.8720584106445,234.7163777923584,40.32926571626751,5.122525474199261,2762546000.0,-5.740629942943031,-0.8130129720905446,-4.927616970852486,242.81783366710965,260.1476676940918,277.477501721074,13.323074683383547,0.3496433348652502,26.819806565689067,17.740090017607343,0.0111975399803765,1,0.2992361740863314,0.19753330198213584,0.5032305628447385,0.5989064653748977,0.1017029632753282,0.3097117540301057,0.45901993815166725,0.23505212184619761,111
2026-01-27,AAPL,257.791015625,261.46421404872183,257.73112933459527,258.68937090303496,49648300,2.8546600341796875,0.0111975399803765,258.31053243918325,268.5686215209961,235.01630859375,45.60563105848564,5.222906401606565,2812194300.0,-5.062546900472967,-0.1079439436963838,-4.954602956776583,243.06269996727323,259.392569732666,275.7224394980588,12.590853918616562,0.4509624347690719,46.47779808077107,29.216932503177315,-0.0070854034237701,0,0.3695662653061224,0.2187843265306122,0.4116495102040817,0.6314748163265306,0.1507819795918367,0.4004081632653061,0.5747884081632654,0.2364682653061224,49
2026-01-28,AAPL,255.96446228027344,258.3799575946877,254.0380333360145,257.17220993748055,41288000,-1.8265533447265625,-0.0070854034237701,258.0870971859538,268.23903381347657,235.34903511047364,42.98643757829747,5.159979105682751,2770906300.0,-4.619300374464956,0.2682420658493019,-4.887542440314258,243.44150510743827,258.5281753540039,273.61484560056954,11.671200035282329,0.4150338334492968,64.41695207057259,45.904852239010914,0.0071750706875104,1,0.3198590980392157,0.2036002549019608,0.4765406666666666,0.5827965294117646,0.1162589019607843,0.2799999999999999,0.4885209215686274,0.2350603137254902,51
2026-01-29,AAPL,257.801025390625,259.16847988830324,253.93820707645816,257.52154586161765,67253000,1.8365631103515625,0.0071750706875104,258.05985225306534,267.9569580078125,235.65249755859367,46.32441994107352,5.165000084694345,2838159300.0,-4.072879396573512,0.6517304349925972,-4.724609831566109,244.1485646621539,257.7895477294922,271.4305307968305,10.58303813128396,0.5004207050575513,74.58530831028999,61.82668615387788,0.0046461584937966,1,0.3520650862068966,0.1876905517241379,0.4602444482758621,0.633812948275862,0.1643745344827586,0.3522413793103448,0.5734505862068966,0.2344546551724138,58
2026-01-30,AAPL,258.9988098144531,261.41430490835,251.7123292610244,254.6967898409532,92443400,1.197784423828125,0.0046461584937966,258.1492767827213,267.7976544189453,235.94021385192872,48.44443477525526,5.489069767739435,2930602700.0,-3.5028074581870783,0.9774418987032244,-4.480249356890303,245.0048114374719,257.171696472168,269.33858150686405,9.462071605545304,0.5750855020440653,79.04306860536227,72.6817763287416,0.0405812600235682,1,0.3772143461538461,0.1810551538461538,0.4417304999999999,0.6040991730769231,0.1961592115384615,0.3396153846153846,0.5522871153846154,0.2331648076923076,52
2026-02-02,AAPL,269.5093078613281,269.9883982625768,258.7293169184304,259.5478036352127,73913400,10.510498046875,0.0405812600235682,259.2311845044934,267.8489593505859,236.28237258911133,62.45706573395767,5.901213451768501,3004516100.0,-2.1778075772710963,1.8419534236953647,-4.0197610009664615,245.1677884681,257.12179107666014,269.07579368522033,9.298319336143798,1.0181325950103672,88.36384061854763,80.66407251139997,-0.0019629088916998,0,0.326171330615942,0.2134781251332054,0.4603505561860614,0.6190033265664961,0.1126932380647911,0.3724853473998295,0.49778256433823537,0.23163522929987213,112
2026-02-03,AAPL,268.98028564453125,271.3758289780004,267.11372779647115,268.70080609664296,64394700,-0.529022216796875,-0.0019629088916998,260.1596703273541,267.86732604980466,236.6610294342041,61.55027015537775,5.784134003894271,2940121400.0,-1.1570851399757205,2.290140688792593,-3.447225828768313,244.8884393053071,257.2325866699219,269.5767340345367,9.597654421952903,0.975840842936014,92.15478849621888,86.52056590670959,0.0260128664278178,1,0.3198982954545454,0.166664659090909,0.5134371590909091,0.6004479318181818,0.1532335681818181,0.2952272727272727,0.5214669545454546,0.2512922954545454,44
2026-02-04,AAPL,275.97723388671875,278.432693698261,271.7850411492978,271.7850411492978,90545700,6.9969482421875,0.0260128664278178,261.66610495205555,268.0717456054688,237.06119216918944,68.13906226018705,6.046153578882519,3030667100.0,0.2139734400738007,2.928959415073692,-2.714985974999891,243.22881108124025,257.93777618408205,272.6467412869238,11.40504917150597,1.1132130158889109,94.29007981399508,91.60290297625386,-0.0020975930923734,0,0.3318006,0.2171231866666666,0.4510762399999999,0.5955671066666667,0.1146774266666666,0.3598666666666666,0.5623567733333333,0.2340972133333333,75
2026-02-05,AAPL,275.3983459472656,278.98168486317746,272.72332314901723,277.6142303156022,52977400,-0.578887939453125,-0.0020975930923734,262.97393742778985,268.1599822998047,237.4774601745605,67.11435815382012,6.061311302830927,2977689700.0,1.23954709662263,3.163626457298017,-1.924079360675387,242.1569401233312,258.71533355712893,275.2737269909267,12.800473173455249,1.003763014716287,91.56441575198764,92.6697613540672,0.0080097488401533,1,0.3055042,0.2088110181818181,0.485684909090909,0.5805711090909091,0.0966932,0.4132727272727273,0.4848641818181818,0.2268240363636363,55
2026-02-06,AAPL,277.6042175292969,280.3890519626743,276.4164219647768,276.6060720438839,50453400,2.20587158203125,0.0080097488401533,264.3672974374572,268.2039001464844,237.8720304107666,69.02584866972416,5.984839496586479,3028143100.0,2.204900291669105,3.3031837218755937,-1.0982834302064886,241.1768471043121,259.6675628662109,278.15827862810977,14.241837184281556,0.9850178569086392,91.89469997079624,92.58306517892632,-0.0116604839095325,0,0.3314759,0.1931116333333333,0.4754126333333333,0.6261408333333333,0.1383642333333333,0.3979999999999999,0.4971274666666667,0.2395985666666666,30
2026-02-09,AAPL,274.3672180175781,277.9439398399519,271.4499228389202,277.6541982366954,44623400,-3.23699951171875,-0.0116604839095325,265.3196708260401,268.1621166992188,238.2262434387207,63.218754707737006,6.0212093183325655,2983519700.0,2.6778818903670185,3.020932256458805,-0.3430503660917872,240.88116761284888,260.44147338867185,280.0017791644948,15.020883979282347,0.8559695024328011,88.65195973674243,90.7036918198421,-0.0034229597690441,0,0.3202273612189441,0.1986783096100759,0.4810945234860248,0.5990892641261215,0.12154916768029674,0.33982142857142855,0.49717783309610075,0.24402887933488607,76
2026-02-10,AAPL,273.4280700683594,275.11651686144285,272.68876099546605,274.6369782150198,34376900,-0.93914794921875,-0.0034229597690441,266.0918993253086,268.0899725341797,238.55700981140137,61.5995538366269,5.764534071735724,2949142800.0,2.9430165613138115,2.628853541924479,0.3141630193893325,240.7682087558365,261.12450714111327,281.48080552639004,15.59125844459793,0.8022053099827073,85.55232316551188,88.69966095768352,0.0066501177328548,1,0.3288415249999999,0.243285125,0.427873375,0.5789563,0.0855565,0.4695,0.533379375,0.2355236999999999,40
2026-02-11,AAPL,275.24639892578125,279.92208361183503,274.1973776592452,274.44714753122867,51931300,1.818328857421875,0.0066501177328548,266.9637564301155,268.0282427978516,238.8923416900635,63.54634331847129,5.816639748288577,3001074100.0,3.2622563797552857,2.3584746882927625,0.9037816914625232,240.59713896695328,261.85853271484376,283.11992646273427,16.23883974866958,0.8148398070626435,83.29271461731935,85.83233250652455,-0.0499817391067174,0,0.3799341,0.2047581,0.4153079,0.623749975,0.1751759749999999,0.52525,0.536919525,0.224854975,40
2026-02-12,AAPL,261.4891052246094,275.46621856633783,259.94051360693726,275.3363333447182,81077200,-13.757293701171877,-0.0499817391067174,266.44236107721014,267.6065246582031,239.1546097564697,44.97028330053515,6.510144406225148,2919996900.0,2.3777484051670967,1.1791733709636587,1.198575034203438,240.72468118814407,261.9590927124024,283.19350423666066,16.21200570241016,0.4889333526559924,68.5550853872263,79.13337439001918,-0.0227334502347267,0,0.3265845303030303,0.2167383181818181,0.4566772272727272,0.5828653484848485,0.1098463333333333,0.3321212121212121,0.4359571969696969,0.2451905,66
2026-02-13,AAPL,255.5445556640625,261.9886306947134,255.21485759663088,261.7688319830923,56290700,-5.944549560546875,-0.0227334502347267,265.4044748473865,267.00423034667966,239.3818330383301,39.58548284864505,6.528975027072102,2863706200.0,1.1834518971108992,-0.0120985096740311,1.1955504067849303,240.50716379291592,261.84976348876955,283.1923631846232,16.301408419464934,0.3522858528351629,46.09260335328207,65.98013445260924,0.0316679014875651,1,0.2465028076923077,0.2914392692307692,0.462057923076923,0.5873448461538462,-0.044936423076923,0.4103846153846154,0.4689078461538462,0.2435463846153846,26
2026-02-17,AAPL,263.6371154785156,266.0449008431299,255.30478047881587,257.8124646511843,58469100,8.092559814453125,0.0316679014875651,265.2361549074941,266.60451171875,239.64310310363769,48.607353960990885,6.829771122589381,2922175300.0,0.8798232005319733,-0.2525817650023656,1.132404965534339,241.15587503317465,262.27881240844727,283.40174978371994,16.107238843508156,0.5321523244124756,31.360716702125032,48.6694684808778,0.0017811375828364,1,0.3597931715991436,0.1964097390389401,0.44379715664891667,0.5947550714866052,0.1633834799297321,0.49896231335090024,0.513583698972515,0.23240937036305076,123
2026-02-18,AAPL,264.106689453125,266.57441720150126,262.20844437502524,263.35737977838915,34203300,0.469573974609375,0.0017811375828364,265.1285867689828,266.283056640625,239.9026425933838,49.08249788910025,6.653785530009856,2956378600.0,0.6693698869357831,-0.3704280628788445,1.0397979498146277,243.36740565349544,263.172021484375,282.9766373152546,15.050700085195354,0.523597225432988,32.72267558316014,36.72533187952241,-0.0142615510902853,0,0.3390189999999999,0.2379510263157895,0.4230299736842105,0.5990919473684211,0.101067947368421,0.4384210526315789,0.4965735789473684,0.2485289999999999,38
2026-02-19,AAPL,260.3401184082031,264.2365527856389,259.81060750150084,262.35827847824623,30845300,-3.766571044921875,-0.0142615510902853,264.67254216319424,265.92459899902343,240.1829897308349,45.452481143711296,6.494654083876155,2925533300.0,0.196389459458544,-0.674726792284867,0.871116251743411,245.362831362798,263.82948989868163,282.2961484345653,13.99893434428077,0.4055223909702424,38.29695591967005,34.12678273498507,0.0153504496927319,1,0.2759003829787234,0.2861691914893617,0.4379306170212766,0.6343283191489362,-0.0102686808510638,0.4119148936170212,0.4624878936170213,0.2177343829787234,47
2026-02-20,AAPL,264.3364562988281,264.5063132392292,257.9223826043077,258.73163460792017,42070500,3.996337890625,0.0153504496927319,264.6405339856356,265.6638348388672,240.51544883728027,49.70284502761383,6.501030980379394,2967603800.0,0.1423788769611746,-0.5829898998257891,0.7253687767869638,247.69463329366903,264.65184020996094,281.6090471262528,12.814728137041408,0.4907005937743854,36.51376281499454,35.84446477260824,0.0060472579702757,1,0.2556208181818182,0.2523044848484848,0.4920747575757576,0.5977859696969697,0.0033164242424242,0.4066666666666667,0.424367,0.2329095454545454,33
2026-02-23,AAPL,265.9349670410156,269.1819753311392,263.13755670993424,263.24744081710827,37308200,1.5985107421875,0.0060472579702757,264.7638133242432,265.44921508789065,240.85779052734367,51.3362531016333,6.468415811866934,3004912000.0,0.2259568686609441,-0.3995295265008157,0.6254863951617599,250.52905319278776,265.5695877075196,280.6101222222513,11.32700068902196,0.5121464876510283,36.30134459845945,37.03735444437468,0.0223910356446412,1,0.2950380736677116,0.21573350073145245,0.4892285419017764,0.5972180645768025,0.0793046369557645,0.3383228840125392,0.3938010108324625,0.23491585862068964,92
2026-02-24,AAPL,271.8895263671875,274.6369951599546,267.46358073991865,267.61343657617186,47014600,5.954559326171875,0.0223910356446412,265.44245266166644,265.3217456054688,241.2411456298828,56.94531742415968,6.627959548086366,3051926600.0,0.7638707757139969,0.1107075044417895,0.6531632712722073,251.97014347872445,266.41724624633787,280.8643490139513,10.84547113309262,0.6893902261537523,48.35159950725088,40.38890230690162,0.0076798608551356,1,0.3263784857142857,0.2394031999999999,0.4342184,0.5722292857142857,0.0869752571428571,0.5871428571428572,0.5438447428571428,0.2315827428571428,35
2026-02-25,AAPL,273.97760009765625,274.6869380517792,270.8005039088116,271.5298429675081,33714300,2.08807373046875,0.0076798608551356,266.2553238460464,265.2510095214844,241.62877365112303,58.74121750651088,6.432136304863596,3085640900.0,1.3431781996166592,0.5520119426755615,0.7911662569410977,252.9911217598143,267.2265754699707,281.4620291801272,10.654220064093982,0.7371201074844891,61.11750793268293,48.59015067946442,-0.0046676776162442,0,0.2715856071428571,0.2415674642857142,0.4868469642857143,0.5832609285714286,0.0300183571428571,0.4482142857142857,0.4539154285714285,0.2408835,28
2026-02-26,AAPL,272.6987609863281,275.8558253670768,270.55071567552415,274.6969199809464,32345100,-1.278839111328125,-0.0046676776162442,266.86898452607323,265.1497058105469,242.00483474731445,57.16842028216424,6.351634403912815,3053295800.0,1.679729007757942,0.7108502006534754,0.9688788071044664,254.62938929771173,268.06329040527345,281.4971915128352,10.022932336055092,0.6725288337296691,70.0734965493911,59.8475346631083,-0.0321304443824963,0,0.3625727297297297,0.1728071351351351,0.4646202702702703,0.6182245675675676,0.1897657837837837,0.3772972972972973,0.4939205945945946,0.2344144864864865,37
2026-02-27,AAPL,263.93682861328125,272.5588900215503,262.6480379442022,272.5588900215503,72366500,-8.761932373046875,-0.0321304443824963,266.5897315819978,264.9564093017578,242.2747336578369,47.737426414835056,6.615855020928037,2980929300.0,1.2253086367109065,0.2051438636851517,1.0201647730257546,255.625044713422,268.3700805664063,281.1151164193906,9.498104875241948,0.3260792670862915,59.76154540292574,63.65084996166659,0.002044010867783,1,0.2743293947368421,0.2491781315789473,0.4764926578947368,0.6039787105263158,0.0251513684210526,0.3689473684210526,0.3643252894736842,0.2270569210526316,38
2026-03-02,AAPL,264.476318359375,266.2846497598317,259.960490133898,262.16844722421786,41827900,0.53948974609375,0.002044010867783,266.3884541322242,264.7639208984375,242.5366722869873,48.30292976672905,6.595019635571299,3022757200.0,0.8983538683515349,-0.0974487237393757,0.9958025920909106,256.4947156215568,268.6439559936524,280.7931963657479,9.044864104355751,0.3284815549517973,47.41260409243672,59.08254868158451,-0.0036641681167179,0,0.347932481712963,0.1922926062289562,0.4597749699284512,0.5945556147516835,0.1556398287457912,0.4828537457912458,0.45216719473905725,0.21648842965067336,99
2026-03-03,AAPL,263.5072326660156,265.3155642216452,259.8905695547566,263.23749216234586,38568900,-0.969085693359375,-0.0036641681167179,266.1140520878234,264.60734802246094,242.796753616333,47.31258873369456,6.511446423522532,2984188300.0,0.5546490928920207,-0.3529227993591119,0.9075718922511328,255.99997881058823,268.3438522338867,280.6877256571852,9.20004190186524,0.3040882548770221,35.449557459573235,47.54123565164523,-0.0046635601744375,0,0.2863933414634146,0.2097742682926829,0.5038324146341464,0.5649642926829268,0.0766191219512195,0.4790243902439025,0.366097243902439,0.2328314634146341,41
2026-03-04,AAPL,262.2783508300781,265.9050144519466,261.179387723623,264.4063951364299,39803100,-1.2288818359375,-0.0046635601744375,265.7487472061334,264.4192102050781,243.0550730895996,46.0239597135876,6.383887873865467,2944385200.0,0.1810134774242442,-0.5812467318615109,0.7622602092857551,255.39134277317564,268.0087554931641,280.6261682131525,9.415672034125205,0.2729168098778339,35.08937421941204,39.31717859047399,-0.0084945470488299,0,0.3608475849056604,0.1885122452830188,0.4506402075471698,0.5699889433962264,0.172335396226415,0.5830188679245283,0.4199602641509434,0.2159645094339622,53
2026-03-05,AAPL,260.0504150390625,261.3192350446657,257.0132047817476,260.549954795684,49658600,-2.227935791015625,-0.0084945470488299,265.20604890450755,264.15696838378904,243.3031990814209,43.70009518062864,6.303977743470117,2894726600.0,-0.291510882438331,-0.8430168733792689,0.5515059909409379,254.6972167842482,267.21241455078126,279.7276123173143,9.367227782116876,0.2138679050334027,30.40342875501893,33.6474534780014,-0.0108725959744321,0,0.3452386071428571,0.1734926428571428,0.4812688214285714,0.5863948928571429,0.1717460357142857,0.5057142857142857,0.5233529285714286,0.2317281071428571,28
2026-03-06,AAPL,257.2229919433594,258.53178361058343,254.13584003818684,258.39192833924307,41120000,-2.827423095703125,-0.0108725959744321,264.4457577653506,263.8920782470703,243.5495390319824,40.879108369135125,6.276163261856227,2853606600.0,-0.8839496348945772,-1.148364500668412,0.2644148657738349,253.6591793472031,266.30364685058595,278.9481143539688,9.496278141829,0.1409237911838848,23.95371749678653,29.815506823739167,0.0093995704904312,1,0.3376532631578947,0.1536387894736842,0.5087081052631579,0.6154537368421052,0.1840143684210526,0.3005263157894737,0.4008411052631578,0.2360249999999999,19
2026-03-09,AAPL,259.6407775878906,260.9095975388004,253.44647267699952,255.45463216869047,38218500,2.41778564453125,0.0093995704904312,263.98814060559255,263.6477954101563,243.8175299835205,44.196464266267455,6.360946233280847,2891825100.0,-1.1451657612165604,-1.1276645015923163,-0.0175012596242442,253.57357337791728,265.4054748535156,277.23737632911394,8.91609450191536,0.256391765198777,21.760670600227247,25.372605617344234,0.0036555398041986,1,0.2755997017374517,0.19677625418275413,0.5276242857142857,0.5925071086443586,0.0788236809309309,0.32474796224796226,0.39884915186615183,0.233209070999571,63
2026-03-10,AAPL,260.58990478515625,262.2384104290217,256.71350175461305,257.4128391437035,30590800,0.949127197265625,0.0036555398041986,263.66449909888433,263.39354919433595,244.1140222930908,45.48953500808838,6.301229264789977,2922415900.0,-1.261058097883904,-0.9948454706077277,-0.2662126272761762,253.461782501174,264.7166091918945,275.971435882615,8.503302248452284,0.3166695711920337,24.577344713559125,23.430577603524306,-7.670678451010549e-05,0,0.3156714418604651,0.228608976744186,0.4557197906976744,0.5936290697674419,0.0870624418604651,0.4895348837209302,0.4583747441860465,0.2340881162790697,43
2026-03-11,AAPL,260.5699157714844,261.888707997661,259.3110658747261,260.8496568052655,26218900,-0.019989013671875,-7.670678451010549e-05,263.3697768772272,263.1470880126953,244.4140502166748,45.465640641999855,6.035258754657471,2896197000.0,-1.3390804698918828,-0.8582942740925652,-0.4807861957993175,253.43044513028028,264.0737014770508,274.71695782382136,8.060822631893537,0.3353987919012404,30.43547694350669,25.59116408576435,-0.0193627461027329,0,0.36674625,0.2186853333333333,0.4145685277777777,0.6205533611111111,0.1480608888888889,0.5652777777777778,0.5015569444444444,0.2135838055555555,36
2026-03-12,AAPL,255.52456665039065,258.71164792954545,253.94601921584928,258.4219063383753,40794000,-5.04534912109375,-0.0193627461027329,262.62261399848086,262.7925323486328,244.7191812133789,39.7851075536784,6.077304311870159,2855403000.0,-1.7874269252002932,-1.0453125835207806,-0.7421143416795127,253.1356700231901,263.0876098632813,273.0395497033724,7.565494889905975,0.1200216573645727,24.312719488278887,26.441847048448235,-0.0220518763281484,0,0.2969241999999999,0.2078957428571428,0.4951801714285714,0.5931401714285714,0.0890285142857142,0.4851428571428571,0.4347361142857143,0.2277034285714285,35
2026-03-13,AAPL,249.8897705078125,256.0940459350445,249.29033192864068,255.2448374700317,36930000,-5.634796142578125,-0.0220518763281484,261.4099622374648,262.3388562011719,244.9715357208252,34.58757142777071,6.129190718622564,2818473000.0,-2.56782538531769,-1.4605688349105417,-1.107256550407148,251.0175948143728,262.5076431274414,273.99769144051004,8.754067634892065,-0.0490783100223109,14.439200614614274,23.062465682133283,0.010794859745288,1,0.2837039743589744,0.1964776923076923,0.5198184871794872,0.5792395128205128,0.0872262051282051,0.4715384615384616,0.4342697692307692,0.2233521282051282,39
2026-03-16,AAPL,252.58729553222656,253.6563027081548,249.6499992581203,251.8779423541949,32074200,2.6975250244140625,0.010794859745288,260.5697082655374,261.96348541259766,245.2363320159912,38.71520979690882,5.9775559137234175,2850547200.0,-2.9347985314926746,-1.4620335848684212,-1.4727649466242534,250.4467830907475,262.3597801208496,274.2727771509517,9.08142019681119,0.0898393761062124,7.980162883599644,15.5773609954976,0.0055770477421746,1,0.32509327679093564,0.1993370232821637,0.4755698791301169,0.5900229597222223,0.12575632591374267,0.43492580409356724,0.4358148506944444,0.22157450979532164,100
2026-03-17,AAPL,253.99598693847656,254.89516767044785,251.94787083452104,252.72716690012703,32361600,1.40869140625,0.0055770477421746,259.943639567722,261.6332568359375,245.5105125427246,40.81552386588833,5.761108836737943,2882908800.0,-3.076493863963208,-1.2829831338711637,-1.7935107300920443,249.4417165050318,261.87772369384766,274.31373088266355,9.497567806381571,0.1831082261491686,10.793522070938044,11.070961856383988,-0.0168744447950817,0,0.3009924444444444,0.1852692,0.5137385777777778,0.6057175555555556,0.1157234,0.412,0.3773612666666666,0.2156742666666666,45
2026-03-18,AAPL,249.7099456787109,254.70534343896443,248.7708084606242,252.3974721128864,35757900,-4.286041259765625,-0.0168744447950817,258.96900205448287,261.29216827392577,245.7587805175781,36.69490479044533,5.773496418280963,2847150900.0,-3.4943553917323698,-1.36067572931226,-2.1336796624201098,247.6968717149582,261.1578865051269,274.6189012952957,10.308717818410194,0.0747742274684587,11.357347426474668,10.043677460337452,-0.0039209309678203,0,0.33975634375,0.1644170625,0.49582675,0.60114903125,0.175339375,0.4340625,0.3898719375,0.2136389375,32
2026-03-19,AAPL,248.73085021972656,251.5982036354298,247.0723745163624,249.17043241392184,34864100,-0.979095458984375,-0.0039209309678203,257.99393997498225,261.02931640625,245.99791984558107,35.80561840252828,5.6843773254799945,2812286800.0,-3.860022546778396,-1.3810743074866283,-2.478948239291767,246.06523286341616,260.5774230957031,275.08961332799004,11.13848625861726,0.0918406289348342,10.09790597463974,10.749591824017484,-0.0038962445152316,0,0.3168860512820513,0.2034350769230769,0.4796789743589744,0.597481282051282,0.1134510512820513,0.4035897435897436,0.3981474358974359,0.2392421794871794,39
2026-03-20,AAPL,247.76173400878903,248.97061168291063,245.77356028907465,247.7517334570195,88331100,-0.9691162109375,-0.0038962445152316,257.0194441686781,260.78760711669923,246.224394607544,34.90395179737046,5.506711187505424,2723955700.0,-4.17983346232478,-1.36070817842641,-2.81912528389837,244.3253681950833,259.7486869812012,275.172005767319,11.875570163890044,0.1114016335057128,7.485421280893012,9.64689156066914,0.0141134804754949,1,0.3443940227272727,0.1934066363636364,0.4621995681818181,0.6041697954545454,0.1509874772727273,0.3938636363636364,0.4977748181818182,0.2301568863636363,44
2026-03-23,AAPL,251.25851440429688,254.3656523266213,250.0496214753341,253.73622734962268,40546100,3.4967803955078125,0.0141134804754949,256.470784191118,260.641584777832,246.470594406128,40.70601711467077,5.585083125385912,2764501800.0,-4.10381869552063,-1.0277547292978078,-3.076063966222822,243.4428582602427,259.0148643493652,274.5868704384877,12.02402505218282,0.2509521284323678,15.251341570284556,10.944889608605768,0.0005964238375686,1,0.32711022412251284,0.2077926495081601,0.4650972863430583,0.627780973528672,0.11931758221551526,0.4516029510395707,0.46640386245947907,0.22956545174519336,124
2026-03-24,AAPL,251.4083709716797,254.5954370944537,249.32029842391177,250.1195650925759,45152300,0.1498565673828125,0.0005964238375686,255.98864959879057,260.4919720458984,246.7284502410889,40.94892850323761,5.562944235754199,2809654100.0,-3.9855414318740814,-0.7275819725210084,-3.2579594593530743,243.2696327044316,257.99080657958984,272.71198045474813,11.41216934845841,0.2764296630237519,23.78164094450035,15.506134598559306,0.0038944425565474,1,0.3261311794871794,0.1977448974358974,0.4761240512820512,0.5733754358974359,0.128386282051282,0.4615384615384615,0.4842939743589743,0.2351967179487179,39
2026-03-25,AAPL,252.3874664306641,254.76528059453105,251.3684162845015,253.86611511385965,28476700,0.979095458984375,0.0038944425565474,255.6456797732547,260.3443734741211,246.97481658935547,42.60339285179812,5.408224241059581,2838130800.0,-3.769350303435772,-0.4091126752661576,-3.3602376281696142,243.98011308635645,256.9112998962402,269.842486706124,10.066654767701012,0.3250804998765301,33.87960642738427,24.304196314056394,0.0010688333127273,1,0.2714084705882353,0.262362794117647,0.466228794117647,0.5667478235294118,0.0090457352941176,0.4579411764705882,0.4612203823529411,0.2310444705882353,34
2026-03-26,AAPL,252.6572265625,256.7634441190972,250.53918279672283,251.88793104116343,41796700,0.2697601318359375,0.0010688333127273,255.36106518175424,260.18620025634766,247.23483291625976,43.07660710933124,5.466512604010632,2879927500.0,-3.535494903932346,-0.140205820610185,-3.3952890833221607,245.09397450740104,255.9092231750488,266.72447184269663,8.452410220674127,0.3496568727875531,38.733793373964126,32.13168024861625,-0.0161730686724309,0,0.26347198,0.23717684,0.49935134,0.57934138,0.0262953,0.38,0.39874054,0.23793174,50
2026-03-27,AAPL,248.57098388671875,255.2548282141602,247.8416601166152,253.666280215245,47900000,-4.08624267578125,-0.0161730686724309,254.71439077270324,259.96806182861326,247.46834213256835,37.96988780285519,5.605559424977373,2832027500.0,-3.637952398071093,-0.1941306517991452,-3.443821746271948,244.53480189662343,255.14093093872071,265.747059980818,8.313937715187407,0.1902759231985165,32.98946113317265,35.20095364484035,-0.0087218517369916,0,0.3047250555555555,0.2032053148148148,0.4920697777777778,0.6003305185185185,0.1015199259259259,0.3457407407407408,0.3855506481481481,0.2336635555555555,54
2026-03-30,AAPL,246.40298461914065,250.63907198816293,245.2840052006544,249.83982057534303,39446200,-2.167999267578125,-0.0087218517369916,253.9228282818877,259.7414987182617,247.7103845214844,35.56111662011733,5.587667093729604,2792581300.0,-3.849713027096925,-0.3247130246599816,-3.5250000024369434,243.8900922298089,254.2372642517089,264.584436273609,8.139776088571944,0.1214289461899872,21.84582028617014,31.189691597768974,0.0290312904184264,1,0.3316981702741702,0.17601810046897545,0.49228378733766226,0.607018757936508,0.15568013888888887,0.37273268398268394,0.4462884047619047,0.2284304215367965,85
2026-03-31,AAPL,253.556381225586,255.24482803058763,246.8725521332485,247.6818040942864,49598100,7.1533966064453125,0.0290312904184264,253.88792856223995,259.71150360107424,247.986102142334,47.414895705749686,5.820108259280847,2842179400.0,-3.401109653573372,0.0991122790908578,-3.500221932664229,244.30679891601028,253.7397216796875,263.17264444336473,7.435117135964254,0.4902818851222049,28.44542275499798,27.760234724780258,0.0072501345152824,1,0.3493035454545454,0.1719771272727272,0.4787194363636363,0.589716109090909,0.1773264727272727,0.2961818181818181,0.4833772181818182,0.2553622727272727,55
2026-04-01,AAPL,255.3946990966797,255.9441806293992,253.096813183035,253.8461228128272,40059400,1.83831787109375,0.0072501345152824,254.03143051790087,259.8945474243164,248.28470703125,49.96230710865538,5.607769629786797,2882238800.0,-2.864234249801626,0.5087901462900826,-3.373024396091709,244.76580342208285,253.3955390930176,262.0252747639523,6.811276711360647,0.6158297356890862,52.14084758575677,34.14403020897496,0.0011344553655323,1,0.2916948301886792,0.2182923396226415,0.4900129433962264,0.5784671509433962,0.0734024905660377,0.4033962264150943,0.4096736226415094,0.2462801886792452,53
2026-04-02,AAPL,255.68443298339844,255.89424639361263,250.4192795609811,253.9660149621701,31289400,0.28973388671875,0.0011344553655323,254.18885932413872,260.06442108154295,248.5749494934082,50.370382721595696,5.598283715704278,2913528200.0,-2.387851851327099,0.7881380358116878,-3.175989887138787,245.0242005549112,253.1772399902344,261.33027942555753,6.440578494052346,0.6537581789621683,80.0947003099569,53.56032355023723,0.01148787622262,1,0.31292786,0.177753,0.5093192400000001,0.5880631199999999,0.13517502,0.2638,0.33024038,0.2465833999999999,50
2026-04-06,AAPL,258.6217041015625,261.9186847371787,256.2239194053331,256.2738916739028,29329900,2.9372711181640625,0.01148787622262,254.6110350172267,260.27906616210936,248.89372337341308,54.42799826462338,5.643710004138277,2942858100.0,-1.753093565588074,1.1383170572405703,-2.8914106228286443,244.9340952908466,253.2471755981445,261.5602559054425,6.565190934637887,0.8232573429309786,86.28570577749394,72.84041789106921,-0.0207060792616357,0,0.3069808629528985,0.19820936865942024,0.4948099125905797,0.5981123396739131,0.10877149682971013,0.36409148550724635,0.3764426147644927,0.23525293469202896,105
2026-04-07,AAPL,253.26666259765625,255.96418954301225,245.47383916108728,255.92421782448065,62148000,-5.35504150390625,-0.0207060792616357,254.48299954869617,260.39279907226563,249.181040725708,46.89959982517093,6.179721071019487,2880710100.0,-1.6629803441316255,0.9827442229576152,-2.645724567089241,245.14865896118377,252.9284698486328,260.7082807360818,6.151787414129307,0.5217352808388351,72.92287016921496,79.76775875222194,0.0213017357907092,1,0.3321237884615385,0.2074153076923077,0.4604609999999999,0.5779518461538461,0.1247085576923077,0.3803846153846154,0.4496094038461538,0.2340750576923077,52
2026-04-08,AAPL,258.66168212890625,259.51090582044134,256.29386854025813,258.2121146377317,41032800,5.39501953125,0.0213017357907092,254.88096931824,260.46730560302734,249.4733203125,53.82856626543709,6.184329796145602,2921742900.0,-1.1430555459776317,1.2021352168892876,-2.345190762866919,245.394135311323,252.83205871582032,260.26998212031765,5.883686936123435,0.891885146972679,69.52950942031745,76.24602845567546,0.0061413483476417,1,0.353852,0.183399294117647,0.4627488823529411,0.6067370588235294,0.1704528529411764,0.2955882352941176,0.4307903235294117,0.2425055882352941,34
2026-04-09,AAPL,260.2502136230469,260.879638597066,255.8342992320816,258.7615948993736,28121600,1.588531494140625,0.0061413483476417,255.3923259186978,260.5164895629883,249.77105255126952,55.66309098516128,6.1029733367769445,2949864500.0,-0.5959603222961789,1.399384352456592,-1.995344674752771,245.4436519872976,252.81607360839843,260.1884952294993,5.83224121463136,1.0041857612545453,72.79279144489489,71.7483903448091,-3.834482173115106e-05,0,0.2908200555555555,0.2076959444444444,0.5014842222222222,0.5860754166666666,0.0831240833333333,0.3927777777777778,0.3402824166666666,0.2266404722222222,36
2026-04-10,AAPL,260.240234375,261.94865175168746,258.7815563792568,259.7406946341393,31291500,-0.009979248046875,-3.834482173115106e-05,255.85403148596467,260.6020050048828,250.074711227417,55.64813250487455,5.893267767895071,2918573000.0,-0.1613289580332662,1.467212573375604,-1.6285415314088705,245.07146408172343,253.0518569946289,261.0322499075344,6.307318197688503,0.9503774099108846,86.71286104015655,76.3450539684563,-0.0049139542039732,0,0.34385725,0.2005419166666666,0.4556008333333333,0.5791807916666667,0.1433153541666666,0.4764583333333334,0.4240713333333333,0.2197972083333333,48
2026-04-13,AAPL,258.96142578125,259.9405042051452,256.4237552437805,259.49093671136296,36234700,-1.27880859375,-0.0049139542039732,256.14997379980133,260.6252130126953,250.3657007598877,53.6581544050251,5.7449257224182455,2882338300.0,0.0790194760961071,1.366048806003982,-1.2870293299078748,245.2684157684674,253.5054397583008,261.7424637481341,6.498498807510222,0.8311867265218206,87.26421598303062,82.25662282269401,-0.0014275869090963,0,0.31053599430199424,0.20004153098290597,0.4894226392450143,0.5791379601139601,0.11049451317663812,0.3871260683760684,0.500481521011396,0.23986004878917377,86
2026-04-14,AAPL,258.5917358398437,261.68888841493145,256.9532612999924,259.01136264890187,48370700,-0.36968994140625,-0.0014275869090963,256.38252256551965,260.6170715332031,250.6576306152344,53.067352488473325,5.672832964741161,2833967600.0,0.2369352114858998,1.2191716331150195,-0.9822364216291198,245.29134941290567,253.80566177368163,262.3199741344576,6.70931633382408,0.7810605168898179,83.89292919332989,85.95666873883903,0.0293629552911454,1,0.3400603035714286,0.1776909464285714,0.4822486785714285,0.5838940892857142,0.1623694642857142,0.3891071428571428,0.379100625,0.2248604821428571,56
2026-04-15,AAPL,266.18475341796875,266.3146386359468,257.5726926972944,257.92237663273806,49913500,7.593017578125,0.0293629552911454,257.316068360991,260.55058044433594,250.9871271514893,62.25878999461594,5.892055320020536,2883881100.0,0.9636690535764388,1.556724380164447,-0.5930553265880082,244.33298762318904,254.41510009765625,264.4972125721235,7.9257186154416495,1.0836898442721667,87.10431143329735,86.0871522032193,-0.0113726336344068,0,0.3352355952380952,0.1729132619047619,0.4918514285714285,0.6183235952380952,0.1623222857142857,0.35,0.3742380476190476,0.2305971428571429,42
2026-04-16,AAPL,263.15753173828125,266.91408037974617,261.0294875448873,266.55439590858066,43323100,-3.0272216796875,-0.0113726336344068,257.8723982064472,260.43412536621094,251.28111854553225,57.42976014003867,5.8915222853661335,2840558000.0,1.280577667050352,1.498906394910688,-0.2183287278603362,244.56612289035112,255.0874794006348,265.6088359109184,8.249214375401802,0.8835081688258909,87.29040518299189,86.09588193653973,0.0259302115492419,1,0.3209893414634146,0.183449487804878,0.4955612195121952,0.613837487804878,0.1375398780487804,0.3870731707317073,0.4058628780487805,0.223705756097561,41
2026-04-17,AAPL,269.98126220703125,272.0493335842862,266.47448343207725,266.7142527536172,61436200,6.82373046875,0.0259302115492419,259.02562334936,260.3142059326172,251.59603088378907,64.17513513027404,6.105827968268907,2901994200.0,2.0586175848911807,1.8215570502012133,0.2370605346899672,244.21405642321085,256.15,268.08594357678913,9.319495277602298,1.0793954251730793,91.42949074116494,88.60806911915138,0.0104354753713964,1,0.3187192340425532,0.2454954893617021,0.4357853829787234,0.5938321063829787,0.0732238510638297,0.4638297872340425,0.4291091914893617,0.2205102765957446,47
2026-04-20,AAPL,272.79864501953125,274.0275237795767,270.04120633500696,270.08114756253855,36590200,2.8173828125,0.0104354753713964,260.3373396989001,260.2622119140625,251.90202140808103,66.53303323447977,5.95871608286009,2938584400.0,2.869481476106671,2.105936753133363,0.763544722973308,244.07663805241137,257.40184555053713,270.72705304866287,10.353622344568262,1.077732071757973,90.20077463118392,89.64022351844693,-0.025196703995697,0,0.4088309571912761,0.1600403080291356,0.4311288809839586,0.6068548024398973,0.2487907164119405,0.42079028251442047,0.49334313763631005,0.22950923342175064,135
2026-04-21,AAPL,265.9250183105469,272.5488901425708,265.1557075406741,271.250098918132,50209800,-6.873626708984375,-0.025196703995697,260.869499566676,260.0286279296875,252.1681157684326,56.7238867704905,6.079017611145595,2888374600.0,2.923749556814016,1.7281638670725663,1.1955856897414496,244.6299538736662,258.1351707458496,271.64038761803306,10.463678260627386,0.7884014243689015,86.5310597320613,89.38710836813674,0.0262989952410139,1,0.2929256415094339,0.2088541320754717,0.4982203396226414,0.5759576037735848,0.0840715471698113,0.4483018867924528,0.3613530188679245,0.2348876603773585,53
2026-04-22,AAPL,272.9185791015625,273.48803128351057,266.62435952726383,267.5734973129919,43249200,6.993560791015625,0.0262989952410139,262.01703095095087,259.9996551513672,252.48710678100585,62.742598614612895,6.185017279846887,2931623800.0,3.490839089907184,1.836202720132587,1.6546363697745965,244.63591330826483,259.21068115234374,273.78544899642264,11.245499436431787,0.9702612794888422,87.81204708886146,88.1812938173689,0.0009516944880663,1,0.3870194464285714,0.171957,0.4410236428571428,0.6085075714285715,0.2150624464285714,0.4083928571428571,0.4242872678571428,0.2242877678571428,56
2026-04-23,AAPL,273.1783142089844,275.5161566987003,271.39995382845746,274.79681820267325,33399600,0.259735107421875,0.0009516944880663,263.08001030885885,259.9946600341797,252.8070977020264,62.94869755858473,6.037244822018026,2965023400.0,3.916077973806921,1.80915328322586,2.106924690581061,244.8291675784293,260.25022354125974,275.67127950409014,11.850945411684195,0.9191700846843888,86.65268611730919,86.99859764607731,-0.0086677025443872,0,0.3352997173913044,0.1978573478260869,0.4668430652173913,0.5985921086956522,0.1374423913043478,0.423695652173913,0.4411589999999999,0.2446467391304347,46
2026-04-24,AAPL,270.8104858398437,272.80864483253174,269.4017800912603,272.50893317942314,38157100,-2.367828369140625,-0.0086677025443872,263.8162460737145,259.9059417724609,253.1096217346192,59.70614882185341,5.875765485997029,2926866300.0,4.015728078767779,1.5270427105493738,2.4886853682184054,245.49625612627017,261.1578865051269,276.81951688398374,11.993993816111942,0.8081607438440066,90.8903251493253,88.45168611849867,-0.012727861582674,0,0.3332081186440678,0.1840837966101695,0.4827081525423728,0.5849263898305085,0.1491244237288135,0.4664406779661016,0.4186345932203389,0.2290046101694915,59
2026-04-27,AAPL,267.3636474609375,268.1129570778125,264.8260075108844,265.84505761361925,41466800,-3.44683837890625,-0.012727861582674,264.1540938248786,260.0234326171875,253.38858673095703,55.24498656054603,5.883530689065768,2885399500.0,3.773076773752962,1.027513124427645,2.745563649325317,247.3404436053979,262.0975196838379,276.85459576227794,11.26075217822827,0.678427208381522,78.37775048015247,85.30692058226232,0.0115841027685055,1,0.3707441855158729,0.18512196230158726,0.4441339962522046,0.5885566240079365,0.1856223610008818,0.47808641975308636,0.47896933134920633,0.23291799999999996,89
2026-04-28,AAPL,270.4608154296875,272.97851539952296,268.4127145556596,272.0893199684016,40018900,3.09716796875,0.0115841027685055,264.75473397771754,260.3217578125,253.68926277160645,58.2627248640378,5.864340492602889,2925418400.0,3.787034856803984,0.8331769659829336,2.953857890821051,250.0072265375084,263.30041122436523,276.59359591122205,10.09735201327076,0.7693261386942841,72.40993245804341,80.55933602917374,-0.0019947057588975,0,0.3776099743589743,0.1629961282051282,0.4593939230769231,0.5998352051282051,0.2146139743589743,0.3917948717948717,0.5326956666666667,0.2383047179487179,39
2026-04-29,AAPL,269.9213256835937,270.7905199823619,266.7942019267937,267.3037117460274,30047900,-0.53948974609375,-0.0019947057588975,265.24679033065814,260.44744201660154,253.9998913574219,57.53498691749748,5.730910318528984,2895370500.0,3.711777365411365,0.6063355796722512,3.1054417857391137,251.31988027981504,264.1186584472656,276.91743661471617,9.69168800318285,0.7266883276047905,67.86310176092444,72.88359489970678,0.0043676599378028,1,0.344109673076923,0.1460540384615384,0.5098364807692307,0.6036714807692307,0.198055673076923,0.2617307692307692,0.5488330384615385,0.2415965192307692,52
2026-04-30,AAPL,271.1002502441406,275.7459641951834,267.893213328058,270.25102650288807,91848200,1.178924560546875,0.0043676599378028,265.80426270337074,260.5873132324219,254.3139741516113,58.74759648449284,5.882470357714443,2987218700.0,3.704560750313647,0.4792951716596265,3.22526557865402,252.41918087429443,264.9039360046387,277.388691134983,9.425873634528152,0.7481552170951968,73.65578604611751,71.30960675502847,0.0323935181219199,1,0.4092994761904762,0.1430663968253968,0.4476342063492063,0.6322204603174604,0.2662331428571428,0.3671428571428571,0.5596008571428571,0.2303749841269841,63
