Date,ticker,finbert_positive,finbert_negative,finbert_neutral,finbert_confidence,finbert_score,news_count
2023-05-01,MSFT,0.23454629128571428,0.11271836610714285,0.6527353392857143,0.7894387057142858,0.12182792221428572,14
2023-05-02,MSFT,0.2826664138823529,0.33634413,0.38098946588235294,0.8152152047058824,-0.05367771623529413,17
2023-05-03,MSFT,0.3493870611481481,0.23605664343333335,0.414556307,0.8434712629629629,0.11333042022222223,27
2023-05-04,MSFT,0.38401648512000003,0.12643924814,0.48954427260000005,0.7966831292000001,0.257577232272,25
2023-05-05,MSFT,0.35104652812307696,0.23718305903846154,0.4117704086153846,0.8310847407692308,0.11386346976923076,13
2023-05-06,MSFT,0.32765243866666666,0.025588891333333332,0.6467586733333334,0.8981753166666667,0.3020635425,3
2023-05-07,MSFT,0.215383706,0.1604181,0.6241982533333333,0.6241982533333333,0.05496561000000002,3
2023-05-08,MSFT,0.429749997,0.16778517076666669,0.40246481126666667,0.8486596513333333,0.26196481946666667,15
2023-05-09,MSFT,0.2888495222954546,0.2405400375,0.47061045222727277,0.8430310777272727,0.048309485636363635,22
2023-05-10,MSFT,0.28064985886000005,0.19581313206666667,0.5235369926666666,0.7501409706666666,0.08483672666666668,15
2023-05-11,MSFT,0.20056659703157895,0.17537833989473683,0.6240550635263158,0.8694836057894737,0.025188258165789477,19
2023-05-12,MSFT,0.2885389411,0.025086886349999997,0.6863741775000001,0.827937343,0.26345204566,10
2023-05-13,MSFT,0.1168030368,0.0364351988,0.8467617300000001,0.8467617300000001,0.0803678358,5
2023-05-14,MSFT,0.2858783125,0.021296921,0.6928247574999999,0.6928247574999999,0.264581385,4
2023-05-15,MSFT,0.21494525064583334,0.21284459120833332,0.5722101437083333,0.8335933187500001,0.0021006646958333366,24
2023-05-16,MSFT,0.35775331932,0.1453670724,0.49687961588,0.8224559927999999,0.21238624688000002,25
2023-05-17,MSFT,0.3355100146117647,0.19495273999999999,0.4695372524117647,0.8512691682352941,0.14055726876470587,17
2023-05-18,MSFT,0.40413081362500003,0.0406131173125,0.5552560578125,0.8000977943750001,0.3635176979375,16
2023-05-19,MSFT,0.20535078621428574,0.14691354542857143,0.6477356669285715,0.85177222,0.058437243414285724,14
2023-05-20,MSFT,0.33378447914285714,0.038131025857142856,0.628084494,0.8163867571428571,0.29565346371428575,7
2023-05-21,MSFT,0.21785332742857144,0.049544754428571425,0.7326019071428572,0.8381414514285714,0.16830857085714285,7
2023-05-22,MSFT,0.3125587018,0.153897818,0.5335434592,0.7962719309999999,0.15866087990000002,10
2023-05-23,MSFT,0.2873659760689655,0.22371129855172414,0.4889227263448276,0.8313806789655173,0.06365467607931034,29
2023-05-24,MSFT,0.29040342190833335,0.10755042725000001,0.6020461415416667,0.8293024400000001,0.18285299941666666,24
2023-05-25,MSFT,0.45087649704347826,0.19401991395652174,0.3551035988695652,0.8899422869565218,0.2568565864782609,23
2023-05-26,MSFT,0.45935659483333335,0.12955149545833333,0.4110919177916667,0.8037164808333334,0.32980509245833334,24
2023-05-27,MSFT,0.29668425875,0.137615172375,0.5657005724999999,0.75817781375,0.15906909125,8
2023-05-28,MSFT,0.24724617919999997,0.1279220795,0.6248317720000001,0.70105052,0.1193240982,5
2023-05-29,MSFT,0.31382024914285717,0.01452639,0.6716533757142857,0.7936454757142857,0.29929386057142854,7
2023-05-30,MSFT,0.32414404225000004,0.26276825745,0.41308769349999996,0.8003249188461539,0.06137578492307692,26
2023-05-31,MSFT,0.3375194776818182,0.14857472954545453,0.5139057935,0.7755147931818182,0.188944752,22
2023-06-01,MSFT,0.3939714835714286,0.07019160205714285,0.5358369123333333,0.8485563661904763,0.32377987647619044,21
2023-06-02,MSFT,0.2279774614,0.26163302804166666,0.5103895135,0.8905576991666666,-0.03365556249999999,12
2023-06-03,MSFT,0.22604230814285714,0.1757873320357143,0.5981703511428572,0.7733856692857143,0.05025497707142858,14
2023-06-04,MSFT,0.1652192295,0.1713312142125,0.6634495665,0.83838517625,-0.006111989500000012,8
2023-06-05,MSFT,0.20768784752941175,0.25422909873529415,0.5380830507058824,0.7908038247058823,-0.046541247823529405,17
2023-06-06,MSFT,0.31409217905555553,0.2395736194444444,0.4463342177222222,0.7843006516666667,0.07451856266666666,18
2023-06-07,MSFT,0.3165716538235294,0.187159721,0.4962686386470589,0.8597475035294118,0.12941192912352942,17
2023-06-08,MSFT,0.40381996000000003,0.2057845243333333,0.39039551295833336,0.7752544516666666,0.1980354317666667,12
2023-06-09,MSFT,0.3146570702,0.166441969125,0.5189009615,0.7885279475,0.14821509899000002,20
2023-06-10,MSFT,0.19755860142857143,0.05323839085714286,0.7492030057142857,0.7805047428571428,0.14432021814285714,7
2023-06-11,MSFT,0.2784895798,0.024197356,0.697313104,0.7887433899999999,0.25429223668,5
2023-06-12,MSFT,0.3668381774705882,0.16254316000000002,0.47061866176470585,0.8163559782352942,0.2042950128235294,17
2023-06-13,MSFT,0.44188319820000005,0.15072466528,0.40739215004,0.8009024191999999,0.29115853784,25
2023-06-14,MSFT,0.24021229652941176,0.22944550479411766,0.5303422164705882,0.7866957164705882,0.010766793705882353,17
2023-06-15,MSFT,0.36287830811538463,0.07813163538461539,0.5589900563076923,0.8275809830769231,0.2847466719538462,26
2023-06-16,MSFT,0.2309908323333333,0.05938893622564102,0.7096202411794872,0.8658924251282051,0.171601896974359,39
2023-06-17,MSFT,0.2446349267777778,0.10079427433333334,0.6545708,0.7972400522222222,0.1438406525111111,9
2023-06-18,MSFT,0.5786680399999999,0.009231848,0.41210014,0.6370979999999999,0.5694361800000001,2
2023-06-19,MSFT,0.037787037833333335,0.46497066533333337,0.49724231066666663,0.7564561483333333,-0.42718362508333335,6
2023-06-20,MSFT,0.33874339910526313,0.21744836026315792,0.4438082403157894,0.7979607115789473,0.12129503542105262,19
2023-06-21,MSFT,0.42501665783333337,0.12564034204166666,0.44934300475,0.7854035349999999,0.2993763170833333,12
2023-06-22,MSFT,0.3622322786111111,0.16386131605555557,0.4739064107222222,0.8775871466666667,0.19837095983333333,18
2023-06-23,MSFT,0.67010382125,0.106899017125,0.22299713283333333,0.8541513808333333,0.5632048063333334,12
2023-06-24,MSFT,0.1234287258888889,0.1945094923888889,0.6820617600000001,0.8656974166666667,-0.07108076555555556,9
2023-06-25,MSFT,0.06642229133333333,0.44071240466666667,0.49286526999999997,0.77057252,-0.37429011333333334,3
2023-06-26,MSFT,0.4240242578095238,0.09139317488571429,0.4845825518571429,0.7527417642857144,0.3326310834,21
2023-06-27,MSFT,0.4750457357222222,0.09340724096296296,0.4315470326296296,0.8350393637037037,0.3816384948148148,27
2023-06-28,MSFT,0.378140398125,0.08748389868749999,0.534375702625,0.78111494,0.29065649975,16
2023-06-29,MSFT,0.4860097188789474,0.21501352628421055,0.2989767552105263,0.7816045357894736,0.2709961952631579,19
2023-06-30,MSFT,0.3141049407647059,0.2431287872941177,0.4427662729411765,0.7486219835294117,0.07097614911764707,17
2023-07-01,MSFT,0.0875475775,0.2503753579,0.6620770562,0.84119582,-0.1628277841,10
2023-07-02,MSFT,0.14300201666666665,0.030492669666666666,0.82650537,0.82650537,0.11250934666666666,3
2023-07-03,MSFT,0.3052106594666667,0.13299125813333335,0.5617980805999999,0.8478974353333333,0.17221939300000003,15
2023-07-04,MSFT,0.2647701763888889,0.12389792588888889,0.6113319288888889,0.7799857622222223,0.14087225488888888,9
2023-07-05,MSFT,0.37229254526315786,0.13517799334210526,0.4925294602631579,0.7765078831578948,0.23711454784210526,19
2023-07-06,MSFT,0.34004481945454545,0.17146133409090908,0.48849382863636365,0.7850219227272728,0.1685834830909091,11
2023-07-07,MSFT,0.2708871142,0.17230241602500002,0.55681045145,0.8252714214999999,0.09858469495000001,20
2023-07-08,MSFT,0.31194232727272725,0.09078800063636362,0.5972696654545454,0.7386969736363637,0.22115433181818184,11
2023-07-09,MSFT,0.44412506,0.012973183,0.5429018,0.5429018,0.43115187,1
2023-07-10,MSFT,0.3741297248,0.31210761851999996,0.31376266783333334,0.8187819573333334,0.06202210801866667,15
2023-07-11,MSFT,0.3416768141064516,0.22581792043548385,0.4325052807419355,0.8635149429032258,0.11585889330645162,31
2023-07-12,MSFT,0.3922724301612903,0.16920640033870968,0.43852116496774196,0.7690720835483871,0.2230660230967742,31
2023-07-13,MSFT,0.3238920030833333,0.2873579482375,0.3887500469166667,0.7428465854166667,0.0365340555,24
2023-07-14,MSFT,0.34309120952,0.2460632041,0.41084558964,0.8164804515999999,0.09702800655999999,25
2023-07-15,MSFT,0.2134210494,0.0355428992,0.7510360636,0.840763567,0.17787815645,10
2023-07-16,MSFT,0.05022263666666666,0.624581139,0.32519618666666666,0.90654526,-0.5743584949999999,3
2023-07-17,MSFT,0.4560464923478261,0.1404349408652174,0.40351857469565217,0.8045243639130435,0.3156115538260869,23
2023-07-18,MSFT,0.509683951060606,0.10199834377272728,0.38831770975757574,0.8105790209090908,0.40768561415151516,33
2023-07-19,MSFT,0.5093208694324324,0.11422790386486487,0.3764512204054054,0.7982678232432432,0.3950929638378378,37
2023-07-20,MSFT,0.34298462345652175,0.21335518059565217,0.44366019952173913,0.8067837913043477,0.12962943960869566,23
2023-07-21,MSFT,0.3086927013363636,0.2592266134272727,0.4320806750909091,0.8017018263636363,0.049466088318181806,22
2023-07-22,MSFT,0.18311709,0.036415600666666666,0.7804673733333334,0.7804673733333334,0.1467014866666667,3
2023-07-23,MSFT,0.23299521028571427,0.06783867285714286,0.6991661271428572,0.7501001214285715,0.16515653514285716,7
2023-07-24,MSFT,0.41444459937931033,0.07039308131034483,0.5151623132068965,0.8106542427586207,0.34405151981206894,29
2023-07-25,MSFT,0.417054633435,0.1850010743375,0.397944280975,0.82015263375,0.2320535526685,40
2023-07-26,MSFT,0.36849472179787235,0.2699384585531915,0.36156682234042553,0.835792720212766,0.09855625948936171,47
2023-07-27,MSFT,0.18588468663043478,0.4328124907391305,0.3813028173478261,0.8027795739130434,-0.24692780140869566,23
2023-07-28,MSFT,0.38670542436363636,0.2015285040090909,0.41176604336363637,0.8134878672727273,0.18517692618181816,11
2023-07-29,MSFT,0.42388363433333337,0.15863464666666668,0.41748173499999996,0.8024417966666667,0.26524900133333335,6
2023-07-30,MSFT,0.21973373233333335,0.0214316525,0.7588346189999999,0.8910757399999999,0.1983020755,6
2023-07-31,MSFT,0.382421878375,0.131251917775,0.4863262021875,0.76918505125,0.251169963,16
2023-08-01,MSFT,0.22314488663636364,0.09667780131818184,0.68017733,0.8067459681818182,0.12646708413636365,11
2023-08-02,MSFT,0.2641776415,0.2672344541153846,0.46858791323076926,0.7322140815384616,-0.0030568103076922945,13
2023-08-03,MSFT,0.15151706742857143,0.3817465312142857,0.4667364002857143,0.8232251685714286,-0.2302294607142857,14
2023-08-04,MSFT,0.34596494843750003,0.282745445375,0.3712895998125,0.768222838125,0.06321949625,16
2023-08-05,MSFT,0.24422228571428573,0.06627314914285713,0.6895045728571428,0.6895045728571428,0.17794913494285716,7
2023-08-06,MSFT,0.2991346505,0.028638241000000002,0.6722271225,0.8623935825,0.27049641,4
2023-08-07,MSFT,0.5561321028,0.11198668729999998,0.3318812104,0.792742914,0.444145418,10
2023-08-08,MSFT,0.39672311969230767,0.2974904326923077,0.30578644815384615,0.8545654353846154,0.09923269138461539,13
2023-08-09,MSFT,0.31083945895454546,0.2081093640681818,0.48105117154545457,0.7583035559090909,0.10273008872727273,22
2023-08-10,MSFT,0.44749279211764703,0.1013666901764706,0.4511405154117647,0.8474336217647058,0.34612609611764705,17
2023-08-11,MSFT,0.40093787592857144,0.16294613407142858,0.43611601457142857,0.7989632064285714,0.23799174671428572,14
2023-08-12,MSFT,0.1569317255,0.15274436425000001,0.6903239262499999,0.71538627875,0.004187361250000011,8
2023-08-13,MSFT,0.4398225066666666,0.021194738333333334,0.5389827606666666,0.8343461833333333,0.41862777,3
2023-08-14,MSFT,0.19946457754545455,0.2719963944545455,0.528539031090909,0.8573027572727273,-0.07253182027272727,11
2023-08-15,MSFT,0.3603657675,0.18378282747222222,0.4558514116666667,0.8417640616666666,0.17658293566666666,18
2023-08-16,MSFT,0.5028760091578948,0.159400738,0.3377232472105263,0.8008958831578947,0.3434752765263158,19
2023-08-17,MSFT,0.30923142054545455,0.14645642590909091,0.5443121455454546,0.8644516236363636,0.1627749920909091,11
2023-08-18,MSFT,0.16205998991666667,0.24812333808333334,0.5898166725833334,0.8547145333333334,-0.08606334364166668,12
2023-08-19,MSFT,0.35067020025,0.23875242325,0.41057735175,0.8082375775,0.111917765,4
2023-08-20,MSFT,0.21798421,0.117212262,0.66480355,0.66480355,0.10077194000000002,2
2023-08-21,MSFT,0.36312836945454546,0.061887233300000004,0.5749843854545454,0.7434030854545455,0.30124113345454545,11
2023-08-22,MSFT,0.37128535682692304,0.16191519358846154,0.4667994348846154,0.8314726496153846,0.20937016246153844,26
2023-08-23,MSFT,0.3448527915454545,0.02208743443181818,0.6330597798636364,0.8148094499999999,0.32276535235000003,22
2023-08-24,MSFT,0.41711422108333335,0.2657407821291667,0.31714498575,0.8227191704166666,0.15137343683333335,24
2023-08-25,MSFT,0.2957228660833333,0.13559064625,0.5686865148333333,0.7951098483333333,0.16013221233333333,12
2023-08-26,MSFT,0.09009602733333333,0.4257874908333334,0.4841164695,0.856932755,-0.3356914741666667,6
2023-08-27,MSFT,0.311294675,0.03353569,0.65516961,0.6804609850000001,0.27775899249999997,2
2023-08-28,MSFT,0.32919889700000005,0.0381669496,0.6326341917,0.797600594,0.29103193958,10
2023-08-29,MSFT,0.3591941451904762,0.17698184244285714,0.4638239914285714,0.7963084585714286,0.1822123016190476,21
2023-08-30,MSFT,0.37499500199999997,0.09644326054166667,0.5285617370833333,0.8054675208333334,0.278551738,12
2023-08-31,MSFT,0.2989930345333333,0.13567989046666667,0.5653270826,0.7563282966666667,0.16331314333333333,15
2023-09-01,MSFT,0.25406279277777777,0.07446946511111112,0.6714677466666666,0.7390274188888889,0.1795933261111111,9
2023-09-02,MSFT,0.08587072000000001,0.13146436733333333,0.7826649,0.7826649,-0.04559364266666666,3
2023-09-03,MSFT,0.212611835,0.282348863,0.505039275,0.73096615,-0.06973702849999999,2
2023-09-04,MSFT,0.545357561,0.02332420625,0.4313182,0.73738801,0.522033338,4
2023-09-05,MSFT,0.48474822799999995,0.07825881770000001,0.4369929566,0.800272717,0.40648940749999996,10
2023-09-06,MSFT,0.38374863035,0.20684984425000003,0.4094015448,0.759084758,0.17689878975,20
2023-09-07,MSFT,0.34072642519999996,0.2312021923,0.42807138279999996,0.79147219,0.10952423053333334,15
2023-09-08,MSFT,0.3184527026,0.20328088913333334,0.47826641006666665,0.863007132,0.1151718111,15
2023-09-09,MSFT,0.30697304020000005,0.18901624479999998,0.504010708,0.821155682,0.11795677739999999,5
2023-09-10,MSFT,0.3615595833333334,0.059904564333333334,0.57853583,0.8475103866666668,0.30165503,3
2023-09-11,MSFT,0.29940082191666667,0.122837832,0.5777613500833333,0.8041943129166667,0.17656299347916668,24
2023-09-12,MSFT,0.29561249058333333,0.07509378432083334,0.6292937229166666,0.8143046174999999,0.22051871041666668,24
2023-09-13,MSFT,0.23830117322,0.13513851655,0.6265603022999999,0.77865487,0.10316265775,20
2023-09-14,MSFT,0.5023491946,0.08384332866666666,0.4138074792,0.8156028186666667,0.41850586353333336,15
2023-09-15,MSFT,0.3401134365909091,0.18953011840909093,0.4703564466818182,0.7495864604545454,0.1505833143181818,22
2023-09-16,MSFT,0.16342886066666665,0.028093391111111112,0.8084777644444444,0.8323303811111111,0.1353354658888889,9
2023-09-17,MSFT,0.2967743026,0.0384088776,0.66481676,0.8408735999999999,0.2583654268,5
2023-09-18,MSFT,0.31075498075,0.23178097774999998,0.4574640425,0.8205652258333332,0.07897400736666667,12
2023-09-19,MSFT,0.3899903404117647,0.19283869531764705,0.4171709535294118,0.7974375647058823,0.19715164694117648,17
2023-09-20,MSFT,0.37224185704545454,0.10975274333181818,0.5180053975454545,0.8290489363636364,0.2624891140909091,22
2023-09-21,MSFT,0.5015437777058824,0.022225819470588236,0.47623038770588233,0.81606886,0.4793179605,17
2023-09-22,MSFT,0.3608097398,0.25011197255,0.38907827694999997,0.766550085,0.11069776816999999,20
2023-09-23,MSFT,0.4414526555,0.0139315203125,0.54461581125,0.761616465,0.42752112975,8
2023-09-24,MSFT,0.2095725152,0.2706263175,0.5198011694,0.8641983169999999,-0.06105379710000001,10
2023-09-25,MSFT,0.28859046179166664,0.24496766375416668,0.46644186370833335,0.8412699791666666,0.043622801833333315,24
2023-09-26,MSFT,0.4785866007727273,0.14255673829545457,0.37885667086363634,0.8062990409090909,0.3360298603818182,22
2023-09-27,MSFT,0.40146513905000003,0.273331163425,0.3252036982,0.8349281599999999,0.12813397866,20
2023-09-28,MSFT,0.3971408774,0.19483150624666665,0.408027616,0.7124153893333334,0.20230936946666667,15
2023-09-29,MSFT,0.32307080817333333,0.16292892666666667,0.5140002610666666,0.7603648833333333,0.16014188633333334,15
2023-09-30,MSFT,0.30241999533333336,0.19058386650000003,0.5069961508333333,0.8028141433333333,0.11183612583333336,6
2023-10-01,MSFT,0.23534040257142858,0.29305142728571426,0.47160815385714283,0.8488705485714286,-0.05771101445714287,7
2023-10-02,MSFT,0.3946876353157895,0.13665034763157893,0.4686620229473684,0.8158125526315789,0.25803728800000003,19
2023-10-03,MSFT,0.38150605536538457,0.22829805962307692,0.3901958831923077,0.8521053492307692,0.15320799139615385,26
2023-10-04,MSFT,0.4062746641428571,0.09373105207142858,0.4999942905714286,0.8216013264285714,0.31254360778571433,14
2023-10-05,MSFT,0.23403601576,0.38710686726666665,0.3788571171333333,0.7839160806666666,-0.15307084404466667,15
2023-10-06,MSFT,0.19621871066666666,0.20972093866666666,0.59406035275,0.78410226,-0.013502219583333348,12
2023-10-07,MSFT,0.06922275333333333,0.050164763333333334,0.88061245,0.88061245,0.019057990315766667,3
2023-10-08,MSFT,0.25859381,0.0540692695,0.6873369,0.6873369,0.204524538,2
2023-10-09,MSFT,0.5416525561153847,0.1783458605,0.28000158915384615,0.7863338784615385,0.3633066863846154,13
2023-10-10,MSFT,0.2992165314210526,0.16959522721052633,0.5311882472105264,0.74745359,0.12962130415789472,19
2023-10-11,MSFT,0.4089485764210526,0.13114873471052632,0.4599026912631579,0.7742657189473684,0.277799842,19
2023-10-12,MSFT,0.44541689552941177,0.10878892528235294,0.4457941779411765,0.7784525511764705,0.3366279693529412,17
2023-10-13,MSFT,0.40909067555555556,0.2699319080740741,0.3209774151111111,0.8316473007407408,0.1391587654074074,27
2023-10-14,MSFT,0.13456517880000002,0.08638425320000001,0.779050526,0.779050526,0.048180925,5
2023-10-15,MSFT,0.34213462275,0.16968569212499998,0.488179665625,0.844680895,0.172448936,8
2023-10-16,MSFT,0.40297254338000005,0.121105530825,0.47592192205000006,0.8243605860000001,0.281867011,20
2023-10-17,MSFT,0.36783655975,0.15306982462500002,0.47909361175000004,0.787683219,0.21476674354999997,20
2023-10-18,MSFT,0.36685078309090907,0.19253113120454549,0.44061809159090914,0.7849506204545456,0.1743196565,22
2023-10-19,MSFT,0.33864235146666666,0.07310159593333335,0.5882560682,0.7787988286666666,0.26554075520000003,15
2023-10-20,MSFT,0.3523905818235294,0.2054918871764706,0.44211753011764704,0.8558116294117647,0.14689868589411764,17
2023-10-21,MSFT,0.31408169459999996,0.30903411859999996,0.376884174,0.7062737,0.005047590000000002,5
2023-10-22,MSFT,0.0766004255,0.04001751075,0.883382075,0.883382075,0.036582916,4
2023-10-23,MSFT,0.3975218844857143,0.19249344047714284,0.40998467797142857,0.8227147148571429,0.2050284378285714,35
2023-10-24,MSFT,0.5521008224,0.12381773742,0.32408144068,0.8058794172,0.42828308049119995,25
2023-10-25,MSFT,0.4334170633323529,0.3090011337352941,0.2575818017352941,0.8554427314705881,0.12441592808823528,34
2023-10-26,MSFT,0.36953841049999997,0.27940465959615385,0.35105693288461537,0.8031140607692309,0.0901337456923077,26
2023-10-27,MSFT,0.2779153200576923,0.19584865334615384,0.5262360351538462,0.8388874646153847,0.08206666612692308,26
2023-10-28,MSFT,0.20144444274999998,0.280889598325,0.517665962,0.83526871375,-0.079445150375,8
2023-10-29,MSFT,0.28469883,0.09302209077777777,0.6222790544444445,0.7211118400000001,0.19167674522222222,9
2023-10-30,MSFT,0.3324989462307692,0.23287715548076923,0.43462388553846154,0.8491009700000001,0.09962178911538462,26
2023-10-31,MSFT,0.3679152775294118,0.11074056711764706,0.5213441372352942,0.8723988841176471,0.2571747016117647,17
2023-11-01,MSFT,0.4182133279333333,0.14598051989333335,0.4358061244,0.8041212826666667,0.27223281714666664,15
2023-11-02,MSFT,0.3410706413333333,0.0840405975,0.5748887392222222,0.8429557272222222,0.25703004025555554,18
2023-11-03,MSFT,0.24762688438461536,0.2307040408076923,0.5216690705384616,0.801808356923077,0.016922843923076927,13
2023-11-04,MSFT,0.13316770588888888,0.24994844700000002,0.6168838644444444,0.725969188888889,-0.11678074394444445,9
2023-11-05,MSFT,0.2685701525,0.0392961525,0.6921336499999999,0.862819505,0.22927399175000002,4
2023-11-06,MSFT,0.3129270720625,0.132189229,0.55488371125,0.766823435,0.180737843375,16
2023-11-07,MSFT,0.4388291844666667,0.11598726827333333,0.4451835396666667,0.8000710533333333,0.32284191339999996,15
2023-11-08,MSFT,0.33210652088235293,0.020249392529411762,0.6476440825882354,0.8015740852941177,0.3118571282352941,17
2023-11-09,MSFT,0.33001910252941175,0.10761464611764707,0.5623662477647059,0.7820684482352941,0.22240445429411765,17
2023-11-10,MSFT,0.4151137803809524,0.17420122866666668,0.41068500790476187,0.7841360528571428,0.24091254995238096,21
2023-11-11,MSFT,0.2848883496,0.0489451166,0.666166542,0.821229264,0.23594323020000002,5
2023-11-12,MSFT,0.41611039666666666,0.015784296333333333,0.5681052766666667,0.69959209,0.4003261,3
2023-11-13,MSFT,0.2853087124,0.1550362232666667,0.5596550746,0.8140758833333333,0.13027247984666665,15
2023-11-14,MSFT,0.289583622625,0.33383557639583333,0.3765808029166667,0.8287694570833333,-0.04425195508333333,24
2023-11-15,MSFT,0.3400116309090909,0.07785473390909091,0.5821336177727272,0.7732927454545454,0.2621569042590909,22
2023-11-16,MSFT,0.42430045168749997,0.08534451097500001,0.4903550351875,0.843551546875,0.3389559380375,16
2023-11-17,MSFT,0.2845254132352941,0.21672954379411766,0.49874502764705886,0.7759798711764706,0.06779586805882354,17
2023-11-18,MSFT,0.3831625228,0.025745515200000003,0.591091974,0.827193154,0.35741701519999997,5
2023-11-19,MSFT,0.2532945623333333,0.2849642846666667,0.46174115283333333,0.7164430283333334,-0.0316697295,6
2023-11-20,MSFT,0.3532446640645161,0.18646267908064515,0.4602926568387097,0.7710137606451613,0.16678198376774195,31
2023-11-21,MSFT,0.48209076575757576,0.12275293625757577,0.3951563,0.8005143942424243,0.3593378328484848,33
2023-11-22,MSFT,0.34213354089,0.15604881465666667,0.5018176448333334,0.8085211993333333,0.18608472703333334,30
2023-11-23,MSFT,0.37094666955555555,0.015525017611111112,0.6135283155555555,0.7888619499999999,0.3554216528888889,9
2023-11-24,MSFT,0.2430293829230769,0.12628959973076923,0.630681003076923,0.7390803392307692,0.11673978138461538,13
2023-11-25,MSFT,0.13389720233333333,0.18843913866666664,0.677663655,0.8381923316666667,-0.054541939000000005,6
2023-11-26,MSFT,0.2557362432,0.12893090059999998,0.615332864,0.703560738,0.126805343,5
2023-11-27,MSFT,0.33441162625000004,0.0575449325625,0.608043459375,0.832626693125,0.2768666966,16
2023-11-28,MSFT,0.39849418570588235,0.18881693785294118,0.4126888690588235,0.8434378970588235,0.20967724408235291,17
2023-11-29,MSFT,0.2886614425263158,0.18662016705263157,0.5247183733157894,0.8306841131578947,0.10204127421052632,19
2023-11-30,MSFT,0.35305067749999997,0.15842087645,0.48852844190909095,0.8162048822727273,0.19462980218181822,22
2023-12-01,MSFT,0.56667677,0.0153935433125,0.417929689875,0.86168385875,0.551283213875,8
2023-12-02,MSFT,0.3484777440909091,0.16729791372727273,0.4842243442727273,0.7477144036363637,0.1811798309090909,11
2023-12-03,MSFT,0.4304607148333333,0.09087994591666666,0.4786593469166667,0.8252344333333334,0.3395807775,12
2023-12-04,MSFT,0.39867876258823526,0.02402032529411765,0.5773009010588236,0.8231594370588236,0.37465843099999996,17
2023-12-05,MSFT,0.44913101006666667,0.10413555203333334,0.4467334386,0.7734132739999999,0.34499546093333333,15
2023-12-06,MSFT,0.3547861671111111,0.2405320597222222,0.4046817555,0.8113734455555556,0.11425410077777778,18
2023-12-07,MSFT,0.5084196919,0.07507358545000001,0.41650671089999997,0.745642781,0.4333461112,20
2023-12-08,MSFT,0.4062658244117647,0.11851552911764707,0.475218655,0.7715268770588235,0.2877502858823529,17
2023-12-09,MSFT,0.22313113076923077,0.06369743092307692,0.7131714338461539,0.8114356476923077,0.15943369646153846,13
2023-12-10,MSFT,0.5359213144444444,0.04845524411111111,0.4156234411111111,0.7099862622222222,0.4874660706666667,9
2023-12-11,MSFT,0.2711081915,0.16652646052631578,0.5623653365789473,0.8330574768421052,0.10458173645736843,19
2023-12-12,MSFT,0.2835831196153846,0.08910556415384616,0.6273113191538461,0.8110449261538462,0.19447754684615384,13
2023-12-13,MSFT,0.4115196957956522,0.18988273453913043,0.3985975716086957,0.8396757291304348,0.221636965,23
2023-12-14,MSFT,0.46394079499999996,0.13450019894444443,0.40155900544444445,0.7645246755555556,0.3294405988888889,18
2023-12-15,MSFT,0.38049137224999996,0.020816684107142856,0.5986919481071429,0.8079566225,0.35967468695714283,28
2023-12-16,MSFT,0.2974198528888889,0.11288254872222223,0.5896975999999999,0.7853352877777778,0.18453730614444444,9
2023-12-17,MSFT,0.574303255,0.03028773275,0.395409011,0.765670775,0.5440155,4
2023-12-18,MSFT,0.414541436625,0.14816448731249998,0.4372940495625,0.8476010350000001,0.26637695293749997,16
2023-12-19,MSFT,0.5113175758999999,0.08834854871,0.40033387530000003,0.842710838,0.42296902944000003,20
2023-12-20,MSFT,0.4539465054117647,0.08867416555882353,0.4573793531764706,0.8726671594117646,0.3652723374058824,17
2023-12-21,MSFT,0.3427859830869565,0.07313425660869564,0.5840797445217392,0.8107025099999999,0.26965172452173913,23
2023-12-22,MSFT,0.5109165518333333,0.026665412333333333,0.4624180345833333,0.8436295008333333,0.4842511365,12
2023-12-23,MSFT,0.23303313325,0.229377377,0.5375894825,0.8258561074999999,0.003655757499999985,4
2023-12-24,MSFT,0.412795385,0.396601001,0.19060363000000002,0.74844307,0.016194404999999967,2
2023-12-25,MSFT,0.20311555666666667,0.013200557833333335,0.7836838899999999,0.7836838899999999,0.1899149933333333,3
2023-12-26,MSFT,0.5137388446153847,0.018092813,0.4681683572307692,0.7421395976923078,0.4956460264615385,13
2023-12-27,MSFT,0.242514904,0.23947028123684208,0.5180148284210526,0.8604261405263158,0.003044619757894735,19
2023-12-28,MSFT,0.351716246,0.13599054983333334,0.5122932020555555,0.7852892833333334,0.21572569205555556,18
2023-12-29,MSFT,0.37464044194444446,0.11136814511111111,0.5139914189444444,0.7927006916666666,0.2632722916888889,18
2023-12-30,MSFT,0.1666316862857143,0.24335284564285714,0.5900154743571429,0.8175849592857143,-0.07672115478571429,14
2023-12-31,MSFT,0.525278661023077,0.12659658320769232,0.3481247694615385,0.7780475092307693,0.3986820780769231,13
2024-01-01,MSFT,0.23422243737499998,0.096766461625,0.6690110975,0.79752749875,0.137455977,8
2024-01-02,MSFT,0.22446847176470588,0.1995922984117647,0.5759392359411765,0.811994964117647,0.024876172882352932,17
2024-01-03,MSFT,0.411427607452381,0.23960989471428573,0.34896249352380954,0.8804775866666668,0.1718177136190476,21
2024-01-04,MSFT,0.4021910514736842,0.1083982805263158,0.48941067415789474,0.8278948189473684,0.2937927726842105,19
2024-01-05,MSFT,0.39167245121428573,0.15814680860714286,0.45018074114285717,0.8262263664285714,0.23352564197142858,14
2024-01-06,MSFT,0.2965885358888889,0.2165825738888889,0.48682887522222223,0.8119643477777778,0.08000596628888888,9
2024-01-07,MSFT,0.18026251166666665,0.16511215883333333,0.6546253000000001,0.84861757,0.015150353000000004,6
2024-01-08,MSFT,0.379553,0.12813881272222222,0.4923082022777778,0.8344012522222222,0.2514141871111111,18
2024-01-09,MSFT,0.4948079463181818,0.05245710743181819,0.4527349301818182,0.8108228677272727,0.442350828,22
2024-01-10,MSFT,0.4199416072727273,0.015056940090909092,0.5650014318181819,0.7960199336363637,0.40488466472727275,11
2024-01-11,MSFT,0.53768215796875,0.15970514820625,0.30261269125,0.797333738125,0.377977012115625,16
2024-01-12,MSFT,0.644004138,0.01334347705,0.3426524055,0.8091503879999999,0.6306606539999999,10
2024-01-13,MSFT,0.4786946534444445,0.05350519847777778,0.4678001372222222,0.8175231822222222,0.4251894711111111,9
2024-01-14,MSFT,0.23809429566666665,0.07322183574999999,0.6886838883333333,0.7109796316666667,0.16487246333333336,6
2024-01-15,MSFT,0.3341822858125,0.14691990896875,0.518897815375,0.8491162318750001,0.1872623771875,16
2024-01-16,MSFT,0.43062155274999997,0.08225916466666668,0.4871192874166667,0.8086970733333333,0.34836238633333333,24
2024-01-17,MSFT,0.4637546094285715,0.10578128758095237,0.4304641026666666,0.7990244652380953,0.35797332028571427,21
2024-01-18,MSFT,0.32469716009090904,0.25844777004545455,0.41685507436363634,0.8143187154545455,0.06624939227272728,11
2024-01-19,MSFT,0.36126184930434785,0.1661634854043478,0.47257467717391305,0.8287738513043479,0.1950983647304348,23
2024-01-20,MSFT,0.2832641647692308,0.08551330461538462,0.6312225566153846,0.7479556684615384,0.19775085884615384,13
2024-01-21,MSFT,0.31259977,0.25440469600000004,0.4329955471111111,0.7750004277777778,0.05819508555555556,9
2024-01-22,MSFT,0.21529020644,0.12587275094,0.65883703304,0.797150544,0.08941746024000001,25
2024-01-23,MSFT,0.48510957755,0.18430328170000002,0.33058712915,0.8309475559999999,0.300806290925,20
2024-01-24,MSFT,0.4454051529,0.15694342568518518,0.3976514197777778,0.850295885925926,0.288461729962963,27
2024-01-25,MSFT,0.33210340689285717,0.10247815482142857,0.5654184357142857,0.8302894375000001,0.2296252559392857,28
2024-01-26,MSFT,0.44305358869047623,0.23227897004761905,0.3246674388571429,0.8305021614285715,0.21077462053809523,21
2024-01-27,MSFT,0.401588411,0.01284663575,0.5855649350000001,0.77082382,0.38874177825,4
2024-01-28,MSFT,0.39919424299999995,0.187210459,0.41359532250000003,0.7847228125,0.21198376649999998,4
2024-01-29,MSFT,0.379695862,0.16207837608108108,0.45822574735135135,0.8073144359459459,0.21761749135135133,37
2024-01-30,MSFT,0.35750017226923075,0.21944106965384616,0.4230587523846153,0.8481399561538462,0.13805910403846153,26
2024-01-31,MSFT,0.33326050886111114,0.3355221878888889,0.3312173069444444,0.835053163888889,-0.002261683083333333,36
2024-02-01,MSFT,0.2860637968423077,0.27276300182692303,0.4411731993846154,0.8179866542307692,0.01330079888461538,26
2024-02-02,MSFT,0.4524192224375,0.17262443625,0.374956314125,0.82442588125,0.27979478318125,16
2024-02-03,MSFT,0.37618761847058824,0.14661537700000002,0.47719700747058824,0.8423248064705883,0.22957224914705884,17
2024-02-04,MSFT,0.07456462579999999,0.40181968360000003,0.5236156944,0.895152764,-0.32725506645999997,5
2024-02-05,MSFT,0.3820014338666667,0.08958173573333333,0.5284168266666667,0.8068832753333334,0.2924197006,15
2024-02-06,MSFT,0.3742499677619048,0.22107445203333334,0.4046755894761904,0.8089490690476191,0.15317551614285713,21
2024-02-07,MSFT,0.41518587399999995,0.27700418467,0.30780993865,0.8387144065,0.13818168270000003,20
2024-02-08,MSFT,0.36881791695,0.1416919156,0.48949016925000005,0.831698931,0.227126000625,20
2024-02-09,MSFT,0.40266079273333333,0.21570568446666666,0.3816335155333333,0.8631629126666667,0.18695510858,15
2024-02-10,MSFT,0.36935007993333335,0.12521981026666668,0.5054301236666666,0.7795907073333334,0.24413027084,15
2024-02-11,MSFT,0.07474932299999999,0.052198975555555555,0.8730517044444445,0.8730517044444445,0.022550346226666667,9
2024-02-12,MSFT,0.30899531570833333,0.19399615095833334,0.4970085274166667,0.79721376,0.11499916695833334,24
2024-02-13,MSFT,0.4392253437272728,0.1548215404409091,0.40595311409090906,0.8427941204545455,0.2844038101363636,22
2024-02-14,MSFT,0.4748894077,0.16940984556666666,0.35570075166666665,0.8508667373333334,0.30547955618,15
2024-02-15,MSFT,0.2766763206842105,0.2369475971578947,0.48637610647368423,0.7976566152631579,0.03972872415789473,19
2024-02-16,MSFT,0.33576351066666665,0.13463575127777777,0.5296007292222222,0.8555744711111112,0.20112776107222224,18
2024-02-17,MSFT,0.28932637127272726,0.29258679497272727,0.41808683572727273,0.8457926445454546,-0.0032604239090909108,11
2024-02-18,MSFT,0.21100426742857142,0.15797342257142857,0.6310222992857143,0.8848329028571429,0.05303083599999999,7
2024-02-19,MSFT,0.3928498181111111,0.12754136677777778,0.47960882155555556,0.7794417966666667,0.26530843681111116,9
2024-02-20,MSFT,0.2922942251904762,0.11783469787619047,0.5898710672380952,0.8242345542857143,0.17445952476190477,21
2024-02-21,MSFT,0.40448798550000004,0.167802616425,0.42770939195,0.8380036455000001,0.23668536584999997,20
2024-02-22,MSFT,0.38504597212499997,0.13891829010416665,0.47603572695833335,0.8244248154166667,0.24612767968750002,24
2024-02-23,MSFT,0.5385398103133333,0.08593134003333332,0.37552885220000004,0.881121148,0.4526084747333333,15
2024-02-24,MSFT,0.4460449991666667,0.15296577901666666,0.40098924155555554,0.77004166,0.2930792259444444,18
2024-02-25,MSFT,0.2140132285,0.34312638295,0.4428603668333333,0.8783133316666666,-0.12911314599999998,6
2024-02-26,MSFT,0.33403556704761905,0.11870401819047618,0.5472604227619048,0.8313882595238095,0.21533154409523808,21
2024-02-27,MSFT,0.33983134202173915,0.16360478123913041,0.49656388052173916,0.7935177991304347,0.17622656239130435,23
2024-02-28,MSFT,0.2778570911173913,0.10505845295652173,0.6170844556956522,0.7945161139130434,0.1727986367173913,23
2024-02-29,MSFT,0.3726151338166666,0.15060519499166666,0.4767796684166667,0.8237065679166666,0.22200994404166666,24
2024-03-01,MSFT,0.4457350283809524,0.14575500076190476,0.4085099557619048,0.8235927571428571,0.29998002528571427,21
2024-03-02,MSFT,0.33298171523076925,0.03325521253846154,0.6337630776923077,0.8202260661538462,0.29972650738461537,13
2024-03-03,MSFT,0.4710284325,0.05686424825,0.4721072665,0.854249735,0.414164205,4
2024-03-04,MSFT,0.355328759875,0.16311538475,0.481555862375,0.78406155625,0.19221337032500002,16
2024-03-05,MSFT,0.3867439430952381,0.13398429523809524,0.47927176047619047,0.7727324861904763,0.2527596440476191,21
2024-03-06,MSFT,0.420945459,0.2157579427904762,0.363296604,0.7586254423809523,0.20518751914285716,21
2024-03-07,MSFT,0.517455289,0.10231516196666668,0.3802295425,0.8384288183333334,0.415140118,12
2024-03-08,MSFT,0.32756744815384614,0.2333473131923077,0.4390852255384615,0.7950781023076924,0.09422013569230768,13
2024-03-09,MSFT,0.333916966,0.05352509378571429,0.6125579407142857,0.8167554285714286,0.2803918707785714,14
2024-03-10,MSFT,0.4086077987272727,0.020883475363636363,0.5705087272727273,0.7918385627272727,0.3877243312727273,11
2024-03-11,MSFT,0.4389164363333333,0.08009170205555556,0.48099186850000003,0.8106175766666667,0.35882473533333337,18
2024-03-12,MSFT,0.4298290525625,0.08075684860625,0.489414097625,0.759436638125,0.349072202125,16
2024-03-13,MSFT,0.3602915723571428,0.1713895494285714,0.46831888625,0.8257834167857142,0.18890202305357143,28
2024-03-14,MSFT,0.3865581029230769,0.12711637271923076,0.4863255251153846,0.7589400650000001,0.2594417323846154,26
2024-03-15,MSFT,0.24941552300000003,0.3286686655526316,0.42191580463157896,0.855410612631579,-0.07925313978947368,19
2024-03-16,MSFT,0.30982041791666665,0.015440369791666667,0.6747392233333334,0.8477711233333333,0.2943800536666667,12
2024-03-17,MSFT,0.29343238955555556,0.023353630666666667,0.6832139766666666,0.7554148722222221,0.27007876433333333,9
2024-03-18,MSFT,0.37922845752941176,0.09939737985294117,0.5213741791764706,0.8193187211764706,0.2798310771,17
2024-03-19,MSFT,0.43027778348,0.11195233646,0.45776988112,0.7632834324,0.31832544572,25
2024-03-20,MSFT,0.5150628452115384,0.1267007380423077,0.35823641500000003,0.8217197915384615,0.3883621055,26
2024-03-21,MSFT,0.4545761261923077,0.0393692221076923,0.5060546531153846,0.7933375980769231,0.4152069019038462,26
2024-03-22,MSFT,0.39187566029411763,0.08327310323529412,0.5248512357058823,0.7819748111764706,0.3086025612117647,17
2024-03-23,MSFT,0.39705114057142854,0.019832386785714286,0.5831164681428571,0.83696105,0.3772187544285714,7
2024-03-24,MSFT,0.1062736004,0.1263870272,0.767339376,0.848815313,-0.020113432129999997,10
2024-03-25,MSFT,0.3298975385,0.18307776920000002,0.48702468125,0.7995279225,0.14681977645,20
2024-03-26,MSFT,0.598621994,0.01993494069285714,0.38144304714285715,0.7822215207142857,0.5786870621428571,14
2024-03-27,MSFT,0.3708897412388889,0.20228568285,0.42682458083333336,0.8368226011111112,0.16860406094444447,18
2024-03-28,MSFT,0.41142571042105264,0.04241380097368421,0.5461604912631579,0.8089520042105264,0.369011912,19
2024-03-29,MSFT,0.37420835411111114,0.19240656833333333,0.4333850752222222,0.7492348911111111,0.18180178566666666,9
2024-03-30,MSFT,0.155667542,0.0128452805,0.831487195,0.831487195,0.142822265,4
2024-03-31,MSFT,0.16574524699999998,0.15930156212500002,0.67495319125,0.75298053875,0.006443689624999997,8
2024-04-01,MSFT,0.3471417053125,0.18915864815,0.4636996244375,0.7835525,0.15798305431249998,16
2024-04-02,MSFT,0.4501508945,0.019577519666666668,0.5302715781111111,0.8378428244444445,0.43057336794999995,18
2024-04-03,MSFT,0.3933397265,0.13898492172727273,0.46767534327272725,0.7608544868181819,0.2543548112727273,22
2024-04-04,MSFT,0.4920034740714286,0.10496789678571428,0.40302862321428573,0.7824677821428571,0.38703557149999995,14
2024-04-05,MSFT,0.37803424935714286,0.14147344725,0.4804922952142857,0.8043116092857143,0.23656079214285716,14
2024-04-06,MSFT,0.22054709199999997,0.035636349000000005,0.7438165866666666,0.7438165866666666,0.18491074033333335,3
2024-04-07,MSFT,0.3655019992857143,0.14522066571428574,0.48927733114285715,0.8162212871428572,0.22028133857142856,7
2024-04-08,MSFT,0.3619523370714286,0.1273136035,0.5107340490714286,0.8333029921428572,0.23463872707142858,14
2024-04-09,MSFT,0.55956062775,0.12167404803125,0.31876531531249996,0.782140396875,0.437886581875,16
2024-04-10,MSFT,0.44686826143478264,0.13030690266086956,0.42282482013043476,0.8320104339130434,0.31656135795652174,23
2024-04-11,MSFT,0.45409745873333335,0.02810018333333333,0.5178023529333333,0.7829566666666667,0.4259972790466667,15
2024-04-12,MSFT,0.5856146263846154,0.1829372669230769,0.23144810007692307,0.8093416446153847,0.4026773590769231,13
2024-04-13,MSFT,0.33262332927272725,0.015020102090909091,0.6523565609090909,0.7880721518181818,0.317603227,11
2024-04-14,MSFT,0.34411130675,0.0442785395,0.6116101675000001,0.689712785,0.29983277649999995,4
2024-04-15,MSFT,0.28271959725,0.1939609028,0.52331949225,0.856100745625,0.08875869315000001,16
2024-04-16,MSFT,0.4228680103333334,0.09245927190476191,0.48467270980952376,0.8056023695238095,0.3304087395238095,21
2024-04-17,MSFT,0.2676544956153846,0.08501792387692308,0.6473275866153846,0.8136628115384615,0.18263657800000002,13
2024-04-18,MSFT,0.3119664415,0.1599412274375,0.5280923178125,0.809677055625,0.1520252188125,16
2024-04-19,MSFT,0.378033743125,0.159766070625,0.46220018749999997,0.805800695,0.218267681875,16
2024-04-20,MSFT,0.353049048375,0.13750941025,0.509441556625,0.87458576625,0.215539639,8
2024-04-21,MSFT,0.23242962109090912,0.11246094172727274,0.6551094186363636,0.8939303381818182,0.11996868027272728,11
2024-04-22,MSFT,0.28742853197058826,0.23604794251470587,0.4765235238529412,0.8230987367647059,0.051380584911764705,34
2024-04-23,MSFT,0.3898629434,0.064200617772,0.5459364268,0.8365459552,0.3256623266,25
2024-04-24,MSFT,0.4472214788636364,0.05150856665909091,0.5012699618636364,0.8346664440909091,0.3957129118181818,22
2024-04-25,MSFT,0.34508847470833337,0.2807555985833333,0.374155928625,0.8719411979166667,0.06433287152083333,24
2024-04-26,MSFT,0.43392040545454547,0.21103455330303028,0.3550450332727273,0.8273547878787878,0.22288585316666665,33
2024-04-27,MSFT,0.23172314507692307,0.16424074423076923,0.6040361135384615,0.7936450738461538,0.06748240315384615,13
2024-04-28,MSFT,0.29424179375,0.023533272,0.682224910625,0.833916935,0.2707085215375,8
2024-04-29,MSFT,0.4237001610689655,0.05113100324137931,0.5251688310344828,0.8025021579310344,0.372569157,29
2024-04-30,MSFT,0.3803571752608696,0.13461104023913045,0.48503177243478257,0.8031096591304347,0.24574613639130435,23
2024-05-01,MSFT,0.42062035385714286,0.1604972514285714,0.41888240704761903,0.8444919428571428,0.26012309769999997,21
2024-05-02,MSFT,0.4575197775714286,0.18721488771428568,0.3552653252142857,0.7784487092857143,0.27030489714285716,14
2024-05-03,MSFT,0.27780490566666666,0.12498469966666666,0.5972103940833333,0.8602176166666666,0.15282020008333333,12
2024-05-04,MSFT,0.1964732918333333,0.017668243,0.7858584616666667,0.93396115,0.17880504578333334,6
2024-05-05,MSFT,0.630633062625,0.0267113415,0.3426556,0.8395565,0.603921711375,8
2024-05-06,MSFT,0.428000854,0.13746636312500002,0.43453279083333335,0.7340826374999999,0.29053448241666663,12
2024-05-07,MSFT,0.2867103360666666,0.2321750595133333,0.4811145972,0.8230945326666667,0.05453527518666667,15
2024-05-08,MSFT,0.5871357275263157,0.06471899267368421,0.34814527563157893,0.8437496336842105,0.5224167342105264,19
2024-05-09,MSFT,0.37076236715384614,0.15894632953846155,0.47029130830769234,0.8325411430769231,0.21181602500000002,13
2024-05-10,MSFT,0.5054447088461539,0.08762559553846155,0.4069296943076923,0.7524070169230769,0.4178191219230769,13
2024-05-11,MSFT,0.29085839719999995,0.04452236946,0.664619209,0.846235572,0.2463360334,5
2024-05-12,MSFT,0.4782487664444445,0.12406953011111109,0.3976817214444444,0.7864356355555555,0.35417922,9
2024-05-13,MSFT,0.3589542251111111,0.015173903444444446,0.6258718762222223,0.7817762277777778,0.343780329,9
2024-05-14,MSFT,0.5015385264285714,0.017664191,0.48079727678571427,0.771164195,0.48387432750000003,14
2024-05-15,MSFT,0.43878713628571425,0.15685360278571428,0.4043592482857143,0.7552132121428572,0.2819335355,14
2024-05-16,MSFT,0.26342432585714287,0.07575821942857142,0.6608174747142856,0.8343109521428571,0.18766610190714283,14
2024-05-17,MSFT,0.509807249,0.08814450593846154,0.4020482384615385,0.8978560169230769,0.4216627406923077,13
2024-05-18,MSFT,0.3507847866,0.0330620588,0.6161531713,0.784670261,0.31772272090000003,10
2024-05-19,MSFT,0.3412207589,0.02130336455,0.637475885,0.8086885540000001,0.31991739189999996,10
2024-05-20,MSFT,0.3770077378461538,0.08540110299999999,0.5375911368461538,0.8661415453846153,0.2916066354153846,13
2024-05-21,MSFT,0.38856151425,0.17882798675,0.432610509125,0.8056565662499999,0.209733523125,16
2024-05-22,MSFT,0.6723986195,0.01146699855,0.31613439755,0.8024039085,0.6609316195,20
2024-05-23,MSFT,0.5952968586666666,0.06335623325,0.341346905,0.7933608838888888,0.5319406163,18
2024-05-24,MSFT,0.18100467774999998,0.1614098753083333,0.6575854733333334,0.8655779233333334,0.0195948005,12
2024-05-25,MSFT,0.3739241833333333,0.0120768319,0.613998955,0.7986548283333333,0.3618473658333334,6
2024-05-26,MSFT,0.3124509212,0.1142978397,0.5732512558,0.814900615,0.19815308,10
2024-05-27,MSFT,0.2951337522222222,0.060078909388888886,0.6447873247777778,0.8291924033333333,0.23505483577777778,9
2024-05-28,MSFT,0.4610472538125,0.08085046996875,0.4581022845625,0.819557389375,0.3801967856875,16
2024-05-29,MSFT,0.37611649166666666,0.16520963433888888,0.4586738619444444,0.8215893338888889,0.21090685017388888,18
2024-05-30,MSFT,0.31378871561578947,0.2015499548631579,0.48466133489473684,0.7876586289473684,0.11223875657894737,19
2024-05-31,MSFT,0.2834930187692308,0.10798198823076924,0.6085249659230769,0.8699532384615385,0.1755110403846154,13
2024-06-01,MSFT,0.2127327748,0.023068454300000003,0.764198766,0.7655277039999999,0.189664324,5
2024-06-02,MSFT,0.4546894233846154,0.08000428660769231,0.4653063069230769,0.7357431576923077,0.37468513815384613,13
2024-06-03,MSFT,0.540793728,0.12486552232666666,0.33434075273333336,0.8415546853333333,0.41592820453333335,15
2024-06-04,MSFT,0.5151513365882353,0.0267542355,0.4580944319411765,0.8472725647058824,0.4883971035411765,17
2024-06-05,MSFT,0.3885029265,0.08502863396666667,0.5264684393333333,0.7824332133333334,0.30347428458333336,12
2024-06-06,MSFT,0.3843194402647059,0.3410080280588236,0.2746725487647059,0.8877875182352941,0.04331141817411765,17
2024-06-07,MSFT,0.4077695710625,0.1105852115,0.481645205625,0.83925713875,0.2971843626875,16
2024-06-08,MSFT,0.243406888,0.0889571411875,0.6676359775,0.75366391625,0.15444974874999998,8
2024-06-09,MSFT,0.46315506033333337,0.13888253556666666,0.3979624176666667,0.8661353533333332,0.32427251208333335,6
2024-06-10,MSFT,0.493208353,0.10675217713636363,0.40003945868181817,0.7855089140909091,0.3864561732727273,22
2024-06-11,MSFT,0.45579197626086954,0.11833322266521738,0.42587479200000006,0.8248176965217391,0.3374587585217391,23
2024-06-12,MSFT,0.585447024923077,0.11955089451923076,0.29500208307692305,0.8318172938461538,0.4658961251153846,26
2024-06-13,MSFT,0.3556859055,0.20598088,0.4383332163571429,0.8038559621428571,0.1497050237142857,14
2024-06-14,MSFT,0.661377639,0.01306982883,0.3255525291,0.78982145,0.6483078125,10
2024-06-15,MSFT,0.248110592,0.15364985507142856,0.5982395771428571,0.8629257885714285,0.09446073614285713,7
2024-06-16,MSFT,0.4124278072222222,0.1179590868888889,0.4696130917777778,0.8157647422222223,0.29446870599999997,9
2024-06-17,MSFT,0.5875781797999999,0.019373914866666668,0.39304790893333336,0.8236898353333333,0.5682042732,15
2024-06-18,MSFT,0.5268465129615385,0.0819973916923077,0.39115608557692305,0.8520389042307692,0.444849117576923,26
2024-06-19,MSFT,0.6367724795555555,0.15649077947222223,0.20673675416666668,0.8681344583333334,0.4802817022777778,18
2024-06-20,MSFT,0.3046487218823529,0.10248520358823529,0.5928660714117647,0.8186825576470589,0.2021635209588235,17
2024-06-21,MSFT,0.387526211,0.21520299908333332,0.3972708025,0.7765188691666666,0.1723232118,12
2024-06-22,MSFT,0.28011209833333334,0.142462568,0.57742533,0.7910691,0.13764953,6
2024-06-23,MSFT,0.28453522954545457,0.04033873331818182,0.6751260436363636,0.7355499527272727,0.24419649545454544,11
2024-06-24,MSFT,0.449683628,0.18203935233333332,0.36827702933333334,0.796107386,0.26764426939999997,15
2024-06-25,MSFT,0.3738813345263158,0.0182923574,0.6078263152631579,0.8798959931578947,0.3555889762105263,19
2024-06-26,MSFT,0.46614506266666667,0.06463818925,0.46921674933333335,0.8440770138888889,0.40150687122222223,18
2024-06-27,MSFT,0.4489111325,0.136809956545,0.4142788825,0.8388869815,0.3121011658,20
2024-06-28,MSFT,0.3165569204545454,0.08116502336363636,0.6022780441818182,0.8559252809090908,0.2353918966181818,11
2024-06-29,MSFT,0.43175203,0.009498315,0.558749655,0.817319825,0.422253705,2
2024-06-30,MSFT,0.2670559298571428,0.01884740592857143,0.7140966457142858,0.8276855357142857,0.2482085185714286,7
2024-07-01,MSFT,0.6121134716875,0.11849321959375,0.2693933078125,0.87457024625,0.49362024419375,16
2024-07-02,MSFT,0.5821395531428571,0.06992616092857143,0.3479342871428571,0.848361449047619,0.5122133911428571,21
2024-07-03,MSFT,0.5922616184545455,0.1586701111590909,0.2490682791818182,0.8294710972727273,0.4335915068636364,22
2024-07-04,MSFT,0.47178505625000006,0.4073267085,0.12088825133333332,0.811475325,0.06445835999999999,6
2024-07-05,MSFT,0.6281344452222223,0.04207243167222222,0.3297931227222222,0.7820899144444444,0.5860620088888889,18
2024-07-06,MSFT,0.38703782800000003,0.2030960542,0.40986613040000003,0.839266336,0.18394177084000002,5
2024-07-07,MSFT,0.45461888500000003,0.055265117450000005,0.4901159725,0.7381506250000001,0.39935377,4
2024-07-08,MSFT,0.3324262951176471,0.4363159331529412,0.23125775241176472,0.829738175882353,-0.10388962670588235,17
2024-07-09,MSFT,0.41684448363157894,0.2834377504736842,0.29971776742105266,0.8069115363157895,0.1334067385263158,19
2024-07-10,MSFT,0.4313012228565217,0.2744462374869565,0.294252547173913,0.8261440013043478,0.15685498319130436,23
2024-07-11,MSFT,0.5234802418823529,0.2100683062352941,0.2664514511764706,0.7916298017647059,0.3134119377058824,17
2024-07-12,MSFT,0.588302630625,0.0964913355,0.31520603524999996,0.8481376208333332,0.4918112991666667,12
2024-07-13,MSFT,0.6160541836,0.049160690199999996,0.334785121,0.88055314,0.566893498,5
2024-07-14,MSFT,0.35508821575,0.18965228479166665,0.4552595058333333,0.7657622183333334,0.16543592883333333,12
2024-07-15,MSFT,0.6504698197692308,0.1674474293230769,0.18208273276923076,0.8249152523076924,0.4830223946153846,13
2024-07-16,MSFT,0.538712015125,0.23989751525,0.22139047775,0.8872050462500001,0.298814495,8
2024-07-17,MSFT,0.5867510757619048,0.1751710378809524,0.23807787390476193,0.8035934833333334,0.41158003414285715,21
2024-07-18,MSFT,0.5864875199999999,0.0181443755,0.39536812099999996,0.7360684475,0.5683431275,4
2024-07-19,MSFT,0.21751292746666664,0.6145450537541667,0.16794202808333333,0.9366690970833332,-0.397032129125,24
2024-07-20,MSFT,0.21305115203333333,0.5900587970333333,0.19689006213333335,0.8631155699999999,-0.3770076387333334,15
2024-07-21,MSFT,0.4164924890833333,0.3988753095,0.18463219900000002,0.8576830983333333,0.017617180500000013,12
2024-07-22,MSFT,0.220383083768,0.45161104288000004,0.32800586600000003,0.8688897024000001,-0.23122796063999998,25
2024-07-23,MSFT,0.3518708941923077,0.25673151846153847,0.39139760584615385,0.8367405226923077,0.09513937303846152,26
2024-07-24,MSFT,0.44499808116666667,0.30906500626666666,0.2459369099583333,0.8475288629166666,0.13593307125,24
2024-07-25,MSFT,0.008104888,0.97293806,0.018956983,0.97293806,-0.9648332,1
2024-07-26,MSFT,0.5786923494,0.17018134377,0.25112629760000005,0.7990734610000001,0.40851101700000003,10
2024-07-27,MSFT,0.88813496,0.0073568476,0.10450819,0.88813496,0.88077813,1
2024-07-28,MSFT,0.07291672499999999,0.4684600525,0.45862327350000004,0.869792925,-0.395543323,2
2024-07-29,MSFT,0.35134635415625,0.342175903109375,0.30647774409375,0.7521999821875,0.0091704481875,32
2024-07-30,MSFT,0.19171765055,0.55461341,0.25366892339999997,0.800688694,-0.362895763,10
2024-07-31,MSFT,0.42869162800000005,0.3960404755714286,0.1752679097857143,0.7727715071428571,0.03265114785714287,14
2024-08-01,MSFT,0.2866586603333333,0.20689951655555555,0.5064417877777778,0.7434427411111111,0.07975914344444446,9
2024-08-02,MSFT,0.5110137618928572,0.2894537407642857,0.19953250342857146,0.9051667271428572,0.22156002828571428,14
2024-08-03,MSFT,0.5399321426666667,0.19271047433333333,0.267357386,0.70269339,0.3472216799999999,3
2024-08-04,MSFT,0.37400289600000003,0.520710055,0.105287038,0.84497745,-0.14670715,2
2024-08-05,MSFT,0.41363001471428573,0.368630423,0.21773956028571426,0.8219705285714286,0.04499958571428571,7
2024-08-06,MSFT,0.6963451483333333,0.015025744333333334,0.288629108,0.8475331333333332,0.6813193958333333,6
2024-08-07,MSFT,0.45841732955555553,0.22246395405555555,0.3191187252222222,0.8182178911111111,0.2359533671111111,9
2024-08-08,MSFT,0.7235448171428571,0.14180179221428574,0.13465339157142858,0.8525137714285714,0.5817430171428571,7
2024-08-09,MSFT,0.4284460988,0.20272518150000002,0.36882876059999997,0.826806578,0.2257209314,5
2024-08-10,MSFT,0.6427798299999999,0.2919338595,0.06528629333333333,0.8867298933333334,0.3508459466666667,3
2024-08-11,MSFT,0.10914639500000001,0.7039412065,0.18691238675000002,0.8567338275,-0.5947948075,4
2024-08-12,MSFT,0.589047337,0.19961449616666668,0.2113381931111111,0.7274930066666667,0.38943283333333334,9
2024-08-13,MSFT,0.5999390101,0.02783467552,0.3722262964,0.790233843,0.57210433767,10
2024-08-14,MSFT,0.20092854850000003,0.15776777971428574,0.6413036985714287,0.7913001157142857,0.043160771571428565,7
2024-08-15,MSFT,0.4049554858333333,0.015758616,0.5792859,0.708144615,0.38919688383333334,6
2024-08-16,MSFT,0.561928167375,0.1732771209375,0.26479470699999996,0.8442383099999999,0.3886510355,8
2024-08-17,MSFT,0.4303037268888889,0.24987311944444443,0.31982314266666667,0.7007057444444444,0.18043059333333333,9
2024-08-18,MSFT,0.40558071,0.305844825,0.288574428,0.79834065,0.09973589333333333,3
2024-08-19,MSFT,0.43755965999999996,0.053628993071428564,0.5088113200000001,0.8092781942857143,0.38393066,7
2024-08-20,MSFT,0.5969293828571428,0.0199057454,0.3831648657142857,0.8040911857142856,0.5770236404,7
2024-08-21,MSFT,0.6417057006666667,0.14447528566666668,0.21381900666666664,0.8250135311111111,0.4972304155555556,9
2024-08-22,MSFT,0.49717022159999996,0.11722505544999999,0.38560470950000003,0.8556293589999999,0.379945164,10
2024-08-23,MSFT,0.49230191733333334,0.285650283,0.2220477723333333,0.8868505733333333,0.20665162666666667,6
2024-08-24,MSFT,0.2498597518,0.3780090316,0.3721312116,0.799228826,-0.12814927199999998,5
2024-08-25,MSFT,0.9302678,0.008897577,0.06083463,0.9302678,0.9213702,1
2024-08-26,MSFT,0.3948028546363636,0.25382117345454547,0.3513759640909091,0.8472233527272728,0.14098168600000002,11
2024-08-27,MSFT,0.4511804774,0.32325793406666664,0.22556160139999998,0.8816615753333333,0.1279225406,15
2024-08-28,MSFT,0.50373942625,0.123106281875,0.3731542805,0.8892336225,0.38063314125,8
2024-08-29,MSFT,0.5072826234285714,0.2792766929,0.21344066928571429,0.6694764285714285,0.22800592285714286,7
2024-08-30,MSFT,0.7120653758333333,0.024412729500000004,0.2635218875,0.83618375,0.687652645,6
2024-08-31,MSFT,0.050710957,0.03607563,0.91321343,0.91321343,0.014635328,1
2024-09-01,MSFT,0.86530375,0.0114639185,0.12323234599999999,0.86530375,0.853839835,2
2024-09-02,MSFT,0.48263206999999997,0.01482376625,0.50254417,0.6828539499999999,0.46780832000000006,4
2024-09-03,MSFT,0.3965620231,0.2758215754,0.3276164039,0.735215584,0.12074044399999999,10
2024-09-04,MSFT,0.45876274339285716,0.3344843482142857,0.20675291049999997,0.7961796592857143,0.1242783935,14
2024-09-05,MSFT,0.6067716518888889,0.16719302105555556,0.22603529288888888,0.817888018888889,0.43957863266666664,9
2024-09-06,MSFT,0.548970985375,0.1342111691875,0.3168178345,0.79651792625,0.4147598225,8
2024-09-07,MSFT,0.6298227366666667,0.017449791333333332,0.3527274856666667,0.8611483033333333,0.6123729466666666,3
2024-09-08,MSFT,0.43166164,0.0116686575,0.55666968,0.5889411,0.419993,2
2024-09-09,MSFT,0.5026645640909091,0.25764092590909093,0.23969451927272728,0.8880593227272727,0.24502361954545454,11
2024-09-10,MSFT,0.5350851143846154,0.2270239668076923,0.23789090076923078,0.82957782,0.3080611323076923,13
2024-09-11,MSFT,0.6028512263333333,0.2020961561111111,0.195052605,0.8531499533333333,0.40075508,9
2024-09-12,MSFT,0.43204814849999995,0.37580505185714286,0.19214680178571428,0.8017312692857143,0.05624309000000001,14
2024-09-13,MSFT,0.658072098,0.17085199133333331,0.17107588766666668,0.8871795800000001,0.4872201216666667,6
2024-09-14,MSFT,0.47192604120000003,0.20549987009999998,0.32257408519999997,0.83951951,0.2664261784,5
2024-09-15,MSFT,0.3004243131666667,0.33488854633333337,0.36468719833333335,0.7248199,-0.03446422333333332,3
2024-09-16,MSFT,0.4268566975,0.020607834000000002,0.5525354675,0.7085211775,0.40624885499999996,4
2024-09-17,MSFT,0.4628359404444444,0.17684996133333333,0.3603140805555556,0.8550043344444445,0.28598597366666667,9
2024-09-18,MSFT,0.35026009166666666,0.17947333266666668,0.47026653822222225,0.7794385933333333,0.17078675944444444,9
2024-09-19,MSFT,0.7130150478,0.11030510657999999,0.176679863,0.8595513650000001,0.602709936,10
2024-09-20,MSFT,0.7285834571363636,0.17749300922727274,0.09392351318181817,0.8876788218181818,0.5510904472727273,11
2024-09-21,MSFT,0.5317103254444444,0.14557145288888887,0.3227182023333333,0.8096669155555555,0.38613888277777775,9
2024-09-22,MSFT,0.939085215,0.01088234,0.050032399500000005,0.939085215,0.92820288,2
2024-09-23,MSFT,0.4601440097272727,0.2618642784,0.27799170027272724,0.8310293890909091,0.19827973625454545,11
2024-09-24,MSFT,0.6198735295833334,0.0163338459,0.3637926279166666,0.8624021425,0.603539676,12
2024-09-25,MSFT,0.5726312439333333,0.06759123400666667,0.3597775123333333,0.8059322560000001,0.5050399989333333,15
2024-09-26,MSFT,0.5538867689,0.19167494036,0.2544382886,0.794309999,0.3622118387,10
2024-09-27,MSFT,0.6189651013333334,0.06478806349999999,0.3162468645,0.7994740258333333,0.554177032275,12
2024-09-28,MSFT,0.58853703,0.054414473428571426,0.357048484,0.7683111957142856,0.5341225471428571,7
2024-09-29,MSFT,0.619140785,0.18009522133333333,0.20076397449999997,0.8054492316666666,0.43904558,6
2024-09-30,MSFT,0.3435491195714286,0.25074269564285717,0.40570817785714286,0.8099537957142857,0.09280642714285715,7
2024-10-01,MSFT,0.6278014399999999,0.010926036657142856,0.36127252271428567,0.8316781957142857,0.6168754014285714,7
2024-10-02,MSFT,0.5732166907142858,0.06338297267857143,0.3634003157142857,0.72973918,0.5098337192857143,14
2024-10-03,MSFT,0.609374753125,0.0791385759625,0.311486672125,0.7436070875,0.53023616375,8
2024-10-04,MSFT,0.48365013020833336,0.17644053683333336,0.33990934325,0.8013611766666666,0.3072095816666667,12
2024-10-05,MSFT,0.88306555,0.010484929233333334,0.10644956466666666,0.88306555,0.8725806333333334,3
2024-10-06,MSFT,0.531378422,0.28471523238333335,0.1839063293333333,0.8093900783333333,0.24666319666666667,6
2024-10-07,MSFT,0.49762802650000004,0.011869941,0.49050203000000003,0.9328903500000001,0.4857580785,2
2024-10-08,MSFT,0.5985505237058824,0.05539803794117647,0.3460514442941176,0.7695812741176471,0.5431524747058823,17
2024-10-09,MSFT,0.5626804950000001,0.06516849833333334,0.3721510323333333,0.7813982966666667,0.49751199,6
2024-10-10,MSFT,0.41829479711111106,0.33031762499999995,0.25138757533333334,0.7618273544444444,0.08797716333333333,9
2024-10-11,MSFT,0.60587755,0.0136916685,0.3804308225,0.8254795125000001,0.5921858799999999,4
2024-10-12,MSFT,0.026502809500000002,0.48080019500000004,0.492697073,0.94761305,-0.45429738950000004,2
2024-10-13,MSFT,0.475111191,0.25515704725,0.26973178875000003,0.8427429025,0.21995413275,4
2024-10-14,MSFT,0.46202039800000005,0.01791732293,0.52006228,0.686187593,0.44410308060000003,10
2024-10-15,MSFT,0.48440519655000003,0.2396424395,0.2759523634,0.8722339610000001,0.244762761,10
2024-10-16,MSFT,0.6568095707692307,0.03995660344615385,0.3032338250769231,0.764053796923077,0.6168529686923077,13
2024-10-17,MSFT,0.573192727,0.013120425699999999,0.41368685879999995,0.8126568519999999,0.560072307,10
2024-10-18,MSFT,0.6368182410769231,0.10207937638461538,0.2611023699230769,0.8446530346153847,0.5347388630769231,13
2024-10-19,MSFT,0.627669975,0.06001995288333334,0.31231011383333335,0.7527288133333333,0.5676500066666667,6
2024-10-20,MSFT,0.5236057708888889,0.014737447611111112,0.46165679499999995,0.7648980722222222,0.5088683159999999,9
2024-10-21,MSFT,0.3446996191818182,0.30684172681818184,0.34845866163636363,0.8461091963636364,0.037857897090909094,11
2024-10-22,MSFT,0.45119177805555555,0.17247500498333335,0.37633321233333333,0.7994898772222222,0.2787167795,18
2024-10-23,MSFT,0.5686320708333333,0.0117747085,0.4195932455,0.8592770583333333,0.5568573653333333,6
2024-10-24,MSFT,0.5852740776363636,0.014846466599999998,0.39987947054545453,0.8573783454545455,0.5704276073636364,11
2024-10-25,MSFT,0.5612417469166666,0.13662886341666666,0.3021293849166667,0.8323531016666667,0.4246128883333333,12
2024-10-26,MSFT,0.705682142,0.0135567354,0.2807611324,0.798860766,0.692125412,5
2024-10-27,MSFT,0.5683142575,0.1633483765,0.2683373625,0.72087356,0.40496588250000004,4
2024-10-28,MSFT,0.5112929838666667,0.08079070846666667,0.4079162947333333,0.8378367059999999,0.4305022787333333,15
2024-10-29,MSFT,0.4598403537142857,0.19640774900000002,0.3437519167142857,0.7976979842857144,0.26343262,7
2024-10-30,MSFT,0.7348679418181819,0.04600819968181818,0.21912385454545455,0.8508431481818182,0.688859737,11
2024-10-31,MSFT,0.3873868957066667,0.3322758006,0.28033730813333335,0.7845527406666667,0.05511109306666666,15
2024-11-01,MSFT,0.51991385887,0.30350407533,0.1765820744,0.8646237859999999,0.21640979200000002,10
2024-11-02,MSFT,0.5566853,0.0394161592,0.403898546,0.892059064,0.517269155928,5
2024-11-03,MSFT,0.8704188150000001,0.0074575357,0.12212365249999999,0.8704188150000001,0.8629613,2
2024-11-04,MSFT,0.474354276,0.29763497842857145,0.22801075457142855,0.852814145,0.1767193047857143,14
2024-11-05,MSFT,0.6180997542941177,0.1150156967647059,0.26688454252941174,0.8366107870588235,0.5030840598235294,17
2024-11-06,MSFT,0.46273357027272727,0.3179142864090909,0.21935213845454546,0.8057260927272728,0.14481927636363637,11
2024-11-07,MSFT,0.681817863076923,0.04632232797692308,0.27185983392307694,0.8425210000000001,0.6354955304615385,13
2024-11-08,MSFT,0.7392698616666666,0.04846846183333334,0.21226165983333334,0.8687682083333333,0.6908013983333333,6
2024-11-09,MSFT,0.754304102,0.0240556842,0.2216402334,0.8234767279999999,0.730248408,5
2024-11-10,MSFT,0.764907835,0.0077570812999999995,0.22733507000000003,0.764907835,0.75715073,2
2024-11-11,MSFT,0.39011456725,0.395337249825,0.2145481955,0.82722140625,-0.005222677499999995,8
2024-11-12,MSFT,0.28548760784615385,0.2692788640769231,0.4452335516153846,0.8294232746153847,0.016208742461538465,13
2024-11-13,MSFT,0.785661143,0.012789563,0.2015492832,0.807604287,0.772871584,10
2024-11-14,MSFT,0.47634737833636365,0.2750928096818182,0.24855980199999997,0.8834630681818182,0.20125458186363634,11
2024-11-15,MSFT,0.6297803961999999,0.11181464895,0.2584049667,0.90318869,0.5179657314,10
2024-11-16,MSFT,0.384479471875,0.20324720755,0.412273306125,0.84848524625,0.18123225825,8
2024-11-17,MSFT,0.93105775,0.02083864,0.048103563,0.93105775,0.91021913,1
2024-11-18,MSFT,0.4707277432307692,0.15163126446923078,0.3776409809230769,0.8180098092307693,0.31909648534615387,13
2024-11-19,MSFT,0.5280532378636363,0.061265662777272724,0.4106810962272727,0.7752844400000001,0.46678757927272724,22
2024-11-20,MSFT,0.5005478225000001,0.21085627345,0.288595919875,0.835845365,0.28969154464999997,8
2024-11-21,MSFT,0.6369102064444445,0.10901375355555556,0.2540760461111111,0.8240352233333333,0.5278964493333334,9
2024-11-22,MSFT,0.6207940839166667,0.156744826875,0.22246108925,0.7738172575000001,0.4640492480871667,12
2024-11-23,MSFT,0.58802189,0.07918592290000001,0.33279223199999997,0.757133692,0.5088359502,5
2024-11-24,MSFT,0.44724496727999996,0.2030970794,0.34965795060000004,0.82600194,0.244147885,5
2024-11-25,MSFT,0.461273215,0.1209803716875,0.417746432875,0.83143740125,0.3402928265,8
2024-11-26,MSFT,0.3850908475,0.21046960060000003,0.4044395142,0.933291802,0.17462125820000002,5
2024-11-27,MSFT,0.6185330295384616,0.018373556115384618,0.3630934267692308,0.8318041015384616,0.6001594727692308,13
2024-11-28,MSFT,0.5439396077777778,0.2102168024,0.24584358777777776,0.6962264288888889,0.33372280444444447,9
2024-11-29,MSFT,0.45516028666666664,0.04176459406666667,0.5030751133333333,0.6754768933333333,0.4133956816666667,6
2024-11-30,MSFT,0.8336497333333334,0.013127171,0.15322310000000003,0.8336497333333334,0.8205225666666666,3
2024-12-01,MSFT,0.11596020666666666,0.014982479666666668,0.8690573333333332,0.8690573333333332,0.10097772933333334,3
2024-12-02,MSFT,0.747761244,0.02745310474,0.22478569460000003,0.908775744,0.7203081570000001,5
2024-12-03,MSFT,0.5703065147499999,0.022269401625,0.40742409175,0.7596906987500001,0.548037104625,8
2024-12-04,MSFT,0.48333348949999994,0.27616940875,0.24049709066666666,0.8474587116666666,0.20716407083333332,6
2024-12-05,MSFT,0.46589103944444443,0.010816314888888888,0.5232926305555555,0.8096494344444445,0.45507472277777783,9
2024-12-06,MSFT,0.69215561625,0.08486231112499999,0.22298209991666665,0.8655391474999999,0.6072933125000001,12
2024-12-07,MSFT,0.30914694133333337,0.022836623,0.6680163666666666,0.84789948,0.2863103136,3
2024-12-08,MSFT,0.110293425,0.030437183,0.8592693499999999,0.8592693499999999,0.079856245,2
2024-12-09,MSFT,0.6414807251111111,0.06955066622222222,0.28896861366666665,0.8258472322222222,0.5719300494444445,9
2024-12-10,MSFT,0.5470971850666667,0.2105013671,0.24240143313333332,0.8219823046666667,0.3365958148666666,15
2024-12-11,MSFT,0.45064310783333333,0.15793612734999998,0.3914207875,0.8332435883333332,0.29270698300000003,6
2024-12-12,MSFT,0.7547210971428572,0.01346875232857143,0.23181014471428574,0.8527390671428572,0.7412523442857143,7
2024-12-13,MSFT,0.5865313095555555,0.13902975038888887,0.2744389555555556,0.855142438888889,0.44750154133333336,9
2024-12-14,MSFT,0.6229127216,0.2035904913,0.17349679299999998,0.811278472,0.419322252,5
2024-12-15,MSFT,0.15930641266666667,0.4419250993333333,0.3987684401666667,0.8097845483333334,-0.2826186883333333,6
2024-12-16,MSFT,0.60559016425,0.0277034788375,0.36670637162499997,0.78411598875,0.57788668375,8
2024-12-17,MSFT,0.55762522,0.0200272255,0.422347575,0.7286705175,0.53759798375,4
2024-12-18,MSFT,0.5111786021428572,0.06886291175714286,0.41995850999999995,0.76566306,0.4423156934285714,7
2024-12-19,MSFT,0.17681537766666666,0.217427848,0.6057567604999999,0.7569230983333334,-0.04061247733333333,6
2024-12-20,MSFT,0.6652169525,0.19491053733333333,0.13987251566666667,0.7711615916666666,0.47030642333333333,6
2024-12-21,MSFT,0.7987663316666667,0.050250920283333333,0.15098274666666667,0.7987663316666667,0.7485153883333333,6
2024-12-22,MSFT,0.7229133675,0.015197549825,0.261889135,0.9316696,0.70771581875,4
2024-12-23,MSFT,0.6912897575,0.01308677825,0.295623485,0.808129125,0.6782029875,4
2024-12-24,MSFT,0.3493692925,0.4334425199,0.21718817133333332,0.857582035,-0.08407324166666667,6
2024-12-25,MSFT,0.5101185975,0.0630742795,0.426807112,0.87433907,0.447044321,2
2024-12-26,MSFT,0.2948535198,0.08548260924000001,0.61966386,0.789255196,0.20937092000000002,5
2024-12-27,MSFT,0.49942593750000003,0.013877081624999999,0.4866969875,0.708311745,0.4855488375,4
2024-12-28,MSFT,0.36977625599999997,0.051316693000000003,0.5789070000000001,0.727663125,0.318459556,4
2024-12-29,MSFT,0.07757060466666667,0.612800284,0.30962913333333336,0.8735271666666667,-0.5352296833333333,3
2024-12-30,MSFT,0.3219626485,0.1609188985,0.517118425,0.6440812075,0.16104375499999998,4
2024-12-31,MSFT,0.5034991867818182,0.13006919774545453,0.36643161898181814,0.764522712,0.3734299857090909,55
2025-01-01,MSFT,0.5948416043333333,0.21198900083333336,0.19316942966666664,0.7815634983333334,0.38285260000000004,6
2025-01-02,MSFT,0.616575608,0.1689456398,0.214478736,0.7641473480000001,0.44762996800000004,5
2025-01-03,MSFT,0.5086414492857143,0.32393429242857147,0.16742425485714288,0.8958897228571429,0.1847071462857143,7
2025-01-04,MSFT,0.40531520400000004,0.0848571522,0.509827628,0.79799435,0.3204580488,5
2025-01-05,MSFT,0.3463346604,0.013983310600000002,0.639682082,0.82051254,0.33235135,5
2025-01-06,MSFT,0.5975827430666667,0.1029332585,0.2994839807333333,0.799094626,0.49464947966666667,15
2025-01-07,MSFT,0.5525248146666667,0.14346163544,0.3040135543333333,0.7325531533333333,0.4090631833333333,15
2025-01-08,MSFT,0.420989883,0.17996186172727272,0.39904824472727274,0.8489064227272728,0.24102802236363638,11
2025-01-09,MSFT,0.3305873465714286,0.14793198385714285,0.5214806707142857,0.7495927457142857,0.18265535857142856,7
2025-01-10,MSFT,0.7726040831111111,0.120927511,0.1064683851111111,0.8740453888888889,0.65167656,9
2025-01-11,MSFT,0.7830960673333333,0.014050191333333335,0.20285373283333333,0.925748975,0.769045885,6
2025-01-12,MSFT,0.35575419,0.017388091,0.6268577150000001,0.6268577150000001,0.338366115,2
2025-01-13,MSFT,0.3180434003,0.29317297843,0.38878361969999997,0.772692301,0.02487041740000001,10
2025-01-14,MSFT,0.2743616111428571,0.29980635285714285,0.4258320448571428,0.6887782557142856,-0.02544474857142857,7
2025-01-15,MSFT,0.5480105354545455,0.2696933542727273,0.18229609581818182,0.8405529845454546,0.27831719272727273,11
2025-01-16,MSFT,0.5345794136,0.11205084309999999,0.3533697517,0.7843110280000001,0.42252857749999995,10
2025-01-17,MSFT,0.49273296139999995,0.0123035183,0.4949635174,0.840526616,0.480429451,5
2025-01-18,MSFT,0.4286104585,0.4821844275,0.089205114,0.893375275,-0.05357394999999998,2
2025-01-19,MSFT,0.6168202939999999,0.225445133425,0.15773456275,0.8172161299999999,0.39137516499999997,4
2025-01-20,MSFT,0.40138382,0.020487541,0.5781286123333333,0.8825769366666667,0.3808962866666667,3
2025-01-21,MSFT,0.6172655891428571,0.011438154671428571,0.3712962475714286,0.8745510314285714,0.6058274448571428,7
2025-01-22,MSFT,0.48575598215384613,0.31546211426923076,0.19878189092307694,0.8444643123076924,0.17029386961538462,13
2025-01-23,MSFT,0.3758066232,0.19476125299999997,0.42943214080000003,0.797642854,0.18104536999999998,5
2025-01-24,MSFT,0.5455167528571429,0.0443489535,0.4101342788571429,0.7437839285714285,0.5011678028571429,7
2025-01-25,MSFT,0.27330541425,0.23638607875,0.4903084725,0.79460964,0.036919341750000015,4
2025-01-26,MSFT,0.6299182833333333,0.010191756000000001,0.35988988666666666,0.8581202533333334,0.61972653,3
2025-01-27,MSFT,0.4845448984444444,0.11996992527777778,0.39548517633333335,0.8030184388888889,0.36457497555555557,9
2025-01-28,MSFT,0.5418286807999999,0.2020309133,0.2561404036,0.827098249,0.339797779,10
2025-01-29,MSFT,0.40653470035714284,0.2744507231428571,0.3190145854285714,0.8582467300000001,0.13208397285714285,14
2025-01-30,MSFT,0.598993653625,0.1591586199375,0.2418477285,0.8871740175,0.43983502274999997,8
2025-01-31,MSFT,0.4868290336875,0.19371362975,0.3194573414375,0.845108385,0.29311539925,16
2025-02-01,MSFT,0.26047838,0.011557718,0.7279639,0.7279639,0.24892066,1
2025-02-02,MSFT,0.7887292335714287,0.013583497285714285,0.19768726742857143,0.9084110599999999,0.775145742142857,7
2025-02-03,MSFT,0.7261342865714286,0.14735505247142858,0.12651064385714286,0.8637502171428572,0.5787792285714285,7
2025-02-04,MSFT,0.40048925333333335,0.23204560908333335,0.3674651230833333,0.8303451475,0.16844365513333334,12
2025-02-05,MSFT,0.5723439075384615,0.2662854112307692,0.16137068115384615,0.8785121346153846,0.30605850307692306,13
2025-02-06,MSFT,0.4946364460416666,0.18268632675,0.3226772418333333,0.79194685,0.311950125,12
2025-02-07,MSFT,0.681329759625,0.2037620966375,0.114908154125,0.83949507125,0.47756766,8
2025-02-08,MSFT,0.615957079,0.056854418825,0.327188508125,0.7438016625,0.5591026575,8
2025-02-09,MSFT,0.3020499651818182,0.3756127942454545,0.3223372322727273,0.8431663845454545,-0.07356282472727273,11
2025-02-10,MSFT,0.3068540628,0.1787356401,0.5144102915000001,0.790780481,0.1281184198,10
2025-02-11,MSFT,0.48258514625,0.17695895008333332,0.34045591291666666,0.7647147850000001,0.30562619725,12
2025-02-12,MSFT,0.452837281,0.17216401655555555,0.3749986854444444,0.7111873944444445,0.28067325222222217,9
2025-02-13,MSFT,0.34197462720000005,0.1576087374,0.50041665,0.726922344,0.184365882,5
2025-02-14,MSFT,0.5255106035,0.22317820425,0.25131121125,0.86433324125,0.30233240625,8
2025-02-15,MSFT,0.69785441,0.011973091333333333,0.290172498,0.7086414900000001,0.6858813133333334,3
2025-02-16,MSFT,0.9106982966666667,0.011812277666666668,0.07748939666666667,0.9106982966666667,0.8988860133333333,3
2025-02-17,MSFT,0.916436132,0.023391932400000003,0.060171946,0.916436132,0.8930442,5
2025-02-18,MSFT,0.5528158640454546,0.2717008529545455,0.17548325945454546,0.8907396945454544,0.2811150151818182,11
2025-02-19,MSFT,0.3366185767,0.26244859260000003,0.40093283350000003,0.778744832,0.07416998459999999,10
2025-02-20,MSFT,0.6078157777142857,0.009987060214285715,0.38219717999999997,0.72166573,0.5978287234285714,7
2025-02-21,MSFT,0.31272575508333333,0.2311321627777778,0.45614208749999996,0.7838113222222223,0.08159358655555554,18
2025-02-22,MSFT,0.26351877075,0.26603878975,0.4704424425,0.9236798625,-0.002520032749999984,4
2025-02-23,MSFT,0.22913467225,0.59293452,0.1779308145,0.792753905,-0.36379985,4
2025-02-24,MSFT,0.2922427470952381,0.5791406895714286,0.12861655833333333,0.8930263085714285,-0.2868979447619048,21
2025-02-25,MSFT,0.362834667,0.3393333787142857,0.2978319467142857,0.7394488728571428,0.023501284285714314,7
2025-02-26,MSFT,0.5231006745,0.22274504970833334,0.2541542725,0.8151709916666667,0.30035562541666666,12
2025-02-27,MSFT,0.6200289640000001,0.06046702829999999,0.3195039996,0.786400353,0.5595619408999999,10
2025-02-28,MSFT,0.3623770958,0.3923967242,0.24522617799999996,0.742995568,-0.03001964199999998,5
2025-03-01,MSFT,0.2397056625,0.01442267125,0.7458716175,0.7458716175,0.22528299000000002,4
2025-03-02,MSFT,0.5472606334,0.19632381140000002,0.2564155856,0.758560196,0.350936818,5
2025-03-03,MSFT,0.4257564685555556,0.32941143766666664,0.24483209900000003,0.9036136611111112,0.09634504144444443,9
2025-03-04,MSFT,0.29223378250000004,0.3803805317833333,0.3273856488333333,0.7840068233333333,-0.08814674166666665,6
2025-03-05,MSFT,0.5178559345833333,0.3536604273333333,0.12848364733333334,0.8193771916666667,0.164195515,12
2025-03-06,MSFT,0.40698403509090914,0.3154370960909091,0.2775788604090909,0.8673797799999999,0.09154693869090909,11
2025-03-07,MSFT,0.43345767550000003,0.248322434925,0.31821989775,0.84795966,0.18513524499999998,4
2025-03-08,MSFT,0.47521987649999997,0.487468346,0.0373117805,0.9501205749999999,-0.012248450000000022,2
2025-03-09,MSFT,0.49829725333333336,0.007759968133333333,0.49394277000000003,0.7553627233333334,0.4905372933333334,3
2025-03-10,MSFT,0.5797521266666666,0.102122265,0.31812564083333333,0.7525523816666667,0.477629855,6
2025-03-11,MSFT,0.1457730978888889,0.4559595108888889,0.3982673984444445,0.8723234166666667,-0.31018641711111106,9
2025-03-12,MSFT,0.35524459950000004,0.29840123960000003,0.3463541653,0.832444304,0.05684336399999999,10
2025-03-13,MSFT,0.4401805345714286,0.2792510447142857,0.2805684311428572,0.9058605271428571,0.1609294942857143,7
2025-03-14,MSFT,0.4238620188888889,0.2600289592777778,0.31610899711111107,0.7162524944444445,0.1638330688888889,9
2025-03-15,MSFT,0.586366007,0.228681226125,0.18495275325,0.86921190125,0.35768478125000003,8
2025-03-16,MSFT,0.318518061,0.22414631283333333,0.45733565083333333,0.7943644750000001,0.09437175216666666,6
2025-03-17,MSFT,0.325076703,0.1857637071,0.48915959000000003,0.8345110099999999,0.1393129964,5
2025-03-18,MSFT,0.4831307532352942,0.057134152029411765,0.45973511217647056,0.7419056500000001,0.42599659935294115,17
2025-03-19,MSFT,0.47692763790909093,0.053307392672727265,0.46976496218181824,0.8559524627272727,0.42362023306363633,11
2025-03-20,MSFT,0.5325010984285715,0.1496362812857143,0.3178626195714286,0.7637990964285715,0.38286482614285716,14
2025-03-21,MSFT,0.6502485908333333,0.012698805399999999,0.33705261508333334,0.8397426025,0.6375497840833334,12
2025-03-22,MSFT,0.66681385,0.009815798,0.32337037,0.66681385,0.65699804,1
2025-03-23,MSFT,0.446621879,0.47107479,0.082303267,0.8834150000000001,-0.024452894999999975,2
2025-03-24,MSFT,0.507418102,0.3128773675,0.17970454724999999,0.80182188,0.1945407325,8
2025-03-25,MSFT,0.4677829518,0.113408545,0.4188085174999999,0.798276204,0.35437440379999996,10
2025-03-26,MSFT,0.5622923127272728,0.10761690413636363,0.33009077963636363,0.8440534963636364,0.4546754137727273,11
2025-03-27,MSFT,0.49303778574999996,0.09086247241666667,0.41609975916666664,0.7571049416666668,0.40217532083333335,12
2025-03-28,MSFT,0.5930615994285714,0.13683928497142858,0.27009911971428574,0.7786301928571427,0.45622231571428573,7
2025-03-29,MSFT,0.9386141,0.020414133,0.040971715,0.9386141,0.91819996,1
2025-03-30,MSFT,0.95852363,0.019562218,0.021914087,0.95852363,0.9389614,1
2025-03-31,MSFT,0.3262670738571429,0.03687487588095238,0.636858053047619,0.8202770990476191,0.28939219618428574,21
2025-04-01,MSFT,0.2539538017857143,0.08535178239285714,0.6606944107142858,0.8640960764285713,0.1686020146642857,14
2025-04-02,MSFT,0.24584745163636362,0.19310268636363637,0.5610498615454546,0.8448125445454546,0.05274475666363636,11
2025-04-03,MSFT,0.4653351793636364,0.08593799563636363,0.44872682690909094,0.7770234827272727,0.3793971792454545,11
2025-04-04,MSFT,0.34916819775454544,0.3797560063636363,0.27107579863636366,0.8506236654545454,-0.030587810454545453,11
2025-04-05,MSFT,0.37259240875,0.22977198125,0.39763562675,0.7188456225,0.14282043249999998,4
2025-04-06,MSFT,0.25774559671428576,0.31557311357142853,0.4266812914285714,0.6998939757142857,-0.05782751722857143,7
2025-04-07,MSFT,0.35810269999999994,0.026759932666666666,0.61513736,0.8651275666666667,0.3313427606666666,3
2025-04-08,MSFT,0.3169131267777778,0.22742227744444443,0.4556646168888888,0.8814495077777778,0.08949084444444444,9
2025-04-09,MSFT,0.35173229285714286,0.3435933979285714,0.3046743117142857,0.7153966771428572,0.008138894285714297,7
2025-04-10,MSFT,0.677095809,0.0147049814,0.3081992386,0.836551268,0.6623908244,5
2025-04-11,MSFT,0.5173803004545454,0.018373857363636364,0.4642458381818182,0.805552729090909,0.4990064437272727,11
2025-04-12,MSFT,0.396361195,0.1541900335,0.4494487735,0.7673564500000001,0.24217117500000002,2
2025-04-13,MSFT,0.6932792266666666,0.028463377333333335,0.27825738,0.8046867799999999,0.6648158766666666,3
2025-04-14,MSFT,0.3658572095,0.42827252425,0.20587025925,0.786180975,-0.06241532250000001,4
2025-04-15,MSFT,0.4956261663,0.10200838446,0.4023654537,0.7446931880000001,0.3936177808,10
2025-04-16,MSFT,0.5501528059375,0.1674245383125,0.282422665875,0.76437293375,0.3827282671875,16
2025-04-17,MSFT,0.7617369100000001,0.05323441,0.185028635,0.7617369100000001,0.7085024866666667,3
2025-04-18,MSFT,0.4318568186,0.22200810215,0.3461350621,0.828657329,0.2098487199,10
2025-04-19,MSFT,0.7937869333333333,0.025757985333333334,0.18045509333333332,0.7937869333333333,0.7680289666666668,3
2025-04-20,MSFT,0.6903551800000001,0.0191697935,0.29047508,0.6903551800000001,0.67118537,2
2025-04-21,MSFT,0.4229348817142857,0.148388396,0.42867670585714285,0.79768553,0.27454649428571426,7
2025-04-22,MSFT,0.5260528301,0.10962893503,0.36431824539999996,0.8631880300000001,0.41642389709999994,10
2025-04-23,MSFT,0.4441387296,0.27696447641,0.2788967967,0.8050314110000001,0.167174244,10
2025-04-24,MSFT,0.50591463,0.03876966692857143,0.45531571228571427,0.8045478,0.4671449685714286,7
2025-04-25,MSFT,0.40811066933333334,0.2940339262888889,0.29785540666666666,0.7443333244444444,0.11407674666666666,9
2025-04-26,MSFT,0.491080701,0.25457663314285717,0.25434265385714283,0.76961969,0.2365040642857143,7
2025-04-27,MSFT,0.659811005,0.2075164915,0.132672541,0.8079591175,0.45229449250000003,4
2025-04-28,MSFT,0.5196589866666667,0.08253554788888888,0.3978054611111111,0.7260476155555555,0.43712344,9
2025-04-29,MSFT,0.4914939195454545,0.20640918054545454,0.3020969,0.7486362672727274,0.28508474181818183,11
2025-04-30,MSFT,0.4369685816153846,0.3689334768230769,0.19409795807692307,0.859949663076923,0.06803509846153845,13
2025-05-01,MSFT,0.654470501235294,0.2678491475588235,0.07768035894117646,0.8738410347058823,0.38662135235294115,17
2025-05-02,MSFT,0.6949802261428571,0.19137485885714287,0.11364494742857144,0.8251242671428571,0.5036053500000001,7
2025-05-03,MSFT,0.46088318500000003,0.0102548379,0.52886201,0.77534645,0.45062836,2
2025-05-04,MSFT,0.6275670348333334,0.20986277341666668,0.16257019616666668,0.8263050450000001,0.41770426499999996,6
2025-05-05,MSFT,0.5017781154375,0.15238584,0.3458360323125,0.829287770625,0.349392267125,16
2025-05-06,MSFT,0.43685961623076924,0.28189824259230767,0.2812421473076923,0.7788995253846154,0.15496137423076922,13
2025-05-07,MSFT,0.3731504138,0.14400768817333334,0.48284189206666667,0.9038849453333333,0.22914272712666667,15
2025-05-08,MSFT,0.4414863743,0.28372647793,0.2747871397,0.762885958,0.15775988800000001,10
2025-05-09,MSFT,0.219863536,0.362280909,0.417855564,0.866673576,-0.1424173788,5
2025-05-10,MSFT,0.5036807835,0.17148234833333334,0.3248368543333333,0.8135858466666667,0.3321984528333333,6
2025-05-11,MSFT,0.64122384,0.06015551975,0.2986206305,0.64122384,0.581068295,4
2025-05-12,MSFT,0.4368452663333333,0.03148632233333333,0.531668441,0.8159607116666666,0.40535894333333333,6
2025-05-13,MSFT,0.581096495,0.17301893541666666,0.24588457275,0.8199917241666667,0.40807756408333334,12
2025-05-14,MSFT,0.5727877255555556,0.1025128228888889,0.3246994598888889,0.7101512277777778,0.47027490999999993,9
2025-05-15,MSFT,0.6161802124,0.10659033118000001,0.2772294516,0.7946671006666667,0.509589888,15
2025-05-16,MSFT,0.4411578991666667,0.26398410575000003,0.29485799283333336,0.7284245266666667,0.17717380833333332,6
2025-05-17,MSFT,0.36004264166666666,0.330525016,0.30943236366666665,0.9260906766666667,0.029517623333333336,3
2025-05-18,MSFT,0.41945424600000003,0.2568067148,0.3237390638,0.777250094,0.16264754199999998,5
2025-05-19,MSFT,0.5343100357142857,0.144063433,0.32162653,0.7961464314285714,0.39024660714285714,7
2025-05-20,MSFT,0.6344341306363636,0.020410350054545456,0.3451555237272727,0.7948637681818181,0.6140237736363636,11
2025-05-21,MSFT,0.7069490984444444,0.12054324077777778,0.1725076341111111,0.8114722344444445,0.5864058511111111,9
2025-05-22,MSFT,0.6273999323125,0.16022801853125002,0.2123720385,0.818303723125,0.4671719113125,16
2025-05-23,MSFT,0.7082295333333333,0.04142239216666666,0.25034808216666665,0.8151919950000001,0.6668071383333333,6
2025-05-24,MSFT,0.2758369866666667,0.32809294166666664,0.396070068,0.7749066066666667,-0.05225595666666664,3
2025-05-25,MSFT,0.540181644,0.028428390300000002,0.431389974,0.7614555700000001,0.511753248,5
2025-05-26,MSFT,0.25985035825,0.44485788625,0.295291735,0.69740128,-0.18500752,4
2025-05-27,MSFT,0.5109737534285714,0.054660849071428576,0.4343654075,0.7811755635714286,0.45631290785714285,14
2025-05-28,MSFT,0.6645995746666667,0.056735905866666665,0.2786645172,0.8639971806666666,0.6078636668666667,15
2025-05-29,MSFT,0.62430144,0.0151924386,0.3605061198,0.7746967939999999,0.609108996,5
2025-05-30,MSFT,0.4140865078,0.18628540874000002,0.3996281013,0.846888734,0.22780110590000002,10
2025-05-31,MSFT,0.18524559,0.010491663,0.8042627,0.8042627,0.17475392,1
2025-06-01,MSFT,0.47875434725,0.24860749425,0.27263811675,0.905450225,0.23014684249999998,4
2025-06-02,MSFT,0.60829514475,0.24615572675000003,0.14554914825,0.8430328,0.3621394225,4
2025-06-03,MSFT,0.5596593766666667,0.201932633175,0.23840798891666667,0.7965150216666667,0.3577267525,12
2025-06-04,MSFT,0.43361403000000004,0.11544948785,0.4509364697857143,0.7275320464285714,0.31816454071428574,14
2025-06-05,MSFT,0.4936649264,0.34671188601,0.1596231649,0.826004857,0.14695303499999998,10
2025-06-06,MSFT,0.4706404057142857,0.22222004940714285,0.3071395530714286,0.7775057171428571,0.24842035994999995,14
2025-06-07,MSFT,0.44442962333333336,0.34375638850000007,0.21181397366666668,0.8229856249999999,0.10067322,6
2025-06-08,MSFT,0.9224464,0.009223945,0.06832966,0.9224464,0.9132225,1
2025-06-09,MSFT,0.3465384909285714,0.20553423539285715,0.44792726642857145,0.7667069621428572,0.14100424757142857,14
2025-06-10,MSFT,0.5926622146666667,0.011726333916666666,0.3956114373333333,0.7624971425,0.5809358841666666,12
2025-06-11,MSFT,0.45790949286666666,0.14601963286666667,0.3960708873333333,0.8382261326666666,0.3118898654,15
2025-06-12,MSFT,0.571195082,0.06623950175,0.36256541531250003,0.7425131606250001,0.504955585625,16
2025-06-13,MSFT,0.566090962875,0.0137489116625,0.420160125125,0.87267065875,0.55234204925,8
2025-06-14,MSFT,0.12787793,0.16657909099999998,0.7055429799999999,0.7055429799999999,-0.038701160000000005,2
2025-06-15,MSFT,0.6465532,0.008347052,0.34509963,0.6465532,0.6382062,1
2025-06-16,MSFT,0.6528343991818182,0.13991733204545453,0.20724827590909092,0.83234372,0.5129170572727273,11
2025-06-17,MSFT,0.5772995672000001,0.18826205940000001,0.23443838599999997,0.7633115540000001,0.389037496,5
2025-06-18,MSFT,0.6007656045454546,0.022050624227272726,0.37718378018181814,0.7879984163636364,0.5787149881818182,11
2025-06-19,MSFT,0.5072213367272727,0.061841463954545456,0.4309372012727273,0.7467107763636364,0.4453798672727272,11
2025-06-20,MSFT,0.2584252870909091,0.09213270127272728,0.6494420298181818,0.7819798263636364,0.16629258354545454,11
2025-06-21,MSFT,0.6826997116666668,0.009905549166666666,0.30739472916666666,0.7999242666666667,0.672794165,6
2025-06-22,MSFT,0.7339116,0.008755979,0.25733238,0.7339116,0.7251556,1
2025-06-23,MSFT,0.6328252333333334,0.12278969183333334,0.24438509249999998,0.7762343033333333,0.5100355433333333,6
2025-06-24,MSFT,0.6517087822222222,0.10986053144444445,0.23843070444444445,0.8188490644444444,0.5418482488888889,9
2025-06-25,MSFT,0.6727305942307692,0.10593208003846154,0.22133732584615384,0.8262630515384615,0.5667985153846153,13
2025-06-26,MSFT,0.4669855009090909,0.015366810454545455,0.5176476842727272,0.7939960899999999,0.4516186906363636,11
2025-06-27,MSFT,0.715362037,0.01633597758888889,0.2683020001111111,0.8817892500000001,0.6990260469222221,9
2025-06-28,MSFT,0.4860763428,0.29561900362,0.2183046586,0.756283944,0.19045734199999997,5
2025-06-29,MSFT,0.65772709,0.03296992656666666,0.30930298066666667,0.80714717,0.6247571811666667,6
2025-06-30,MSFT,0.6801695575,0.0660844718125,0.25374594725,0.7843235199999999,0.61408509,8
2025-07-01,MSFT,0.571339472,0.0611967768111111,0.3674637574444444,0.7049593188888889,0.5101427088888889,9
2025-07-02,MSFT,0.5214864432857144,0.162307648,0.31620590657142855,0.8730363828571429,0.3591787971428571,7
2025-07-03,MSFT,0.505802977125,0.25098188095,0.243215138375,0.85588030125,0.25482110287500004,8
2025-07-04,MSFT,0.5073822804,0.031106685899999997,0.4615110278,0.8131892690000001,0.47627558700000006,10
2025-07-05,MSFT,0.5769198466000001,0.20008605959999998,0.2229940868,0.922522388,0.376833778,5
2025-07-06,MSFT,0.652924857,0.132705007,0.21437013316666667,0.8439752816666667,0.5202198466666667,6
2025-07-07,MSFT,0.42792084642222217,0.3995295585555556,0.17254958711111112,0.8637282000000001,0.028391283333333333,9
2025-07-08,MSFT,0.7841020933333334,0.023510788616666667,0.19238711091666663,0.8456532999999999,0.7605913138333333,12
2025-07-09,MSFT,0.63209327,0.2204334315625,0.1474732998125,0.842013605,0.411659843125,16
2025-07-10,MSFT,0.4617286534117647,0.1657103812764706,0.37256096276470585,0.8206892029411764,0.29601827529411767,17
2025-07-11,MSFT,0.5300036124545454,0.25847711118181815,0.21151926672727273,0.8716609881818183,0.27152650545454543,11
2025-07-12,MSFT,0.4160789009285714,0.31649522557142856,0.26742585371428573,0.7677002814285715,0.0995836657142857,7
2025-07-13,MSFT,0.5771539182,0.1940618479,0.22878423799999997,0.872514814,0.383092078,5
2025-07-14,MSFT,0.5203804416363637,0.19240791636363638,0.2872116458181818,0.8126504427272727,0.32797252672727273,11
2025-07-15,MSFT,0.6635436609090909,0.09003296884545454,0.24642337363636366,0.8083460354545454,0.5735106936363636,11
2025-07-16,MSFT,0.5637290445555556,0.3268487322222222,0.10942223555555557,0.8778763855555556,0.23688030444444447,9
2025-07-17,MSFT,0.6858791211599999,0.11070283197,0.2034180461,0.833554449,0.575176291,10
2025-07-18,MSFT,0.7493459749999999,0.014489161,0.23616485283333333,0.8480142133333333,0.7348568050000001,6
2025-07-19,MSFT,0.5544716033333333,0.26932941,0.17619896716666664,0.87559626,0.285142186,6
2025-07-20,MSFT,0.6887785872727273,0.010212610563636364,0.30100880854545453,0.7913870500000001,0.6785659754545454,11
2025-07-21,MSFT,0.5717901732857144,0.16895956885714286,0.25925026314285715,0.8241676092857143,0.4028305994285714,14
2025-07-22,MSFT,0.5112337266666667,0.30490824298666663,0.1838580268,0.821093332,0.206325484,15
2025-07-23,MSFT,0.36749172268421054,0.2822704583,0.35023781673684207,0.8163801847368422,0.08522127010526316,19
2025-07-24,MSFT,0.772093275,0.02479510073,0.2031116202,0.810417625,0.747298169,10
2025-07-25,MSFT,0.44256408369999994,0.42658891819999994,0.1308469977,0.842697748,0.015975167000000012,10
2025-07-26,MSFT,0.6360675866666666,0.06643123,0.29750119,0.87306587,0.569636355,3
2025-07-27,MSFT,0.46050374975,0.129954023875,0.409542241875,0.80406029125,0.3305497355,8
2025-07-28,MSFT,0.6728975116666667,0.09035454080833333,0.23674794641666666,0.8331772691666667,0.58254295,12
2025-07-29,MSFT,0.6311921928461538,0.18489584846153845,0.18391197853846153,0.8196757053846154,0.4462963392307693,13
2025-07-30,MSFT,0.5716885552413793,0.15649655603793103,0.2718148865172414,0.8274833313793103,0.4151919943,29
2025-07-31,MSFT,0.5902206812580645,0.12875066381935485,0.2810286626774194,0.8412560306451613,0.4614700189677419,31
2025-08-01,MSFT,0.44791401229090905,0.31924666813636365,0.232839327,0.8638716968181818,0.12866733681818185,22
2025-08-02,MSFT,0.6101244075,0.0178893145,0.371986274,0.8778012875,0.5922350978375001,8
2025-08-03,MSFT,0.433140806,0.16880728016666668,0.39805187583333335,0.8559424966666667,0.26433353,6
2025-08-04,MSFT,0.609103115,0.15364513146153846,0.2372517653076923,0.8250403415384616,0.45545799230769235,13
2025-08-05,MSFT,0.7086536268181818,0.03875445684090909,0.2525919193181818,0.8049613159090909,0.6698991772727273,22
2025-08-06,MSFT,0.5431505319411765,0.17137465629411763,0.2854748097647059,0.843267235882353,0.3717758817647059,17
2025-08-07,MSFT,0.7428922,0.04432604230714286,0.2127817585,0.8315926492857143,0.6985661521428571,14
2025-08-08,MSFT,0.6553810885,0.10470932906000001,0.23990958899999998,0.826288497,0.550671767,10
2025-08-09,MSFT,0.7063294075,0.07388204949999999,0.21978854575,0.7213960725,0.632447354625,8
2025-08-10,MSFT,0.6519350671666667,0.18201906566666667,0.16604584683333332,0.8194403166666667,0.4699160083333333,6
2025-08-11,MSFT,0.5900169673333333,0.033838155,0.3761448905714286,0.7688024666666667,0.556178809047619,21
2025-08-12,MSFT,0.4651561626111111,0.37821491049444445,0.15662892933333333,0.8566666361111112,0.08694125222222221,18
2025-08-13,MSFT,0.6969247089285714,0.1239761588857143,0.17909912207142858,0.80471272,0.572948555,14
2025-08-14,MSFT,0.5004907721499999,0.30877576160000003,0.19073347969999999,0.805801333,0.19171501,10
2025-08-15,MSFT,0.5686262478461539,0.14334162777692308,0.288032118,0.782189373846154,0.4252846276923077,13
2025-08-16,MSFT,0.5555421765,0.13017626833333332,0.3142815595,0.7483972416666665,0.425365905,6
2025-08-17,MSFT,0.5311268512222223,0.18327082033333333,0.2856023331111111,0.8470939666666667,0.34785602866666665,9
2025-08-18,MSFT,0.5681582210555556,0.16044632715555554,0.2713954844444444,0.8752201894444445,0.4077118971777778,18
2025-08-19,MSFT,0.637955115875,0.22513805225,0.136906820125,0.8488260575,0.4128170625,16
2025-08-20,MSFT,0.5765298684705882,0.22859158539411764,0.1948785438235294,0.836997055882353,0.3479382905882353,17
2025-08-21,MSFT,0.5945157667272727,0.1916089001181818,0.2138753381818182,0.8247809190909091,0.40290686181818186,11
2025-08-22,MSFT,0.6405885937272727,0.15199017045454544,0.20742123290909087,0.7606113463636363,0.48859841545454546,11
2025-08-23,MSFT,0.70703836875,0.021018773375,0.271942849375,0.8519223475,0.68601959125,8
2025-08-24,MSFT,0.5786946520833333,0.22500262566666665,0.19630272841666666,0.7816505758333333,0.3536920233333333,12
2025-08-25,MSFT,0.4371981362857143,0.43305447978571426,0.12974737057142857,0.8182182957142857,0.0041436528571428466,7
2025-08-26,MSFT,0.63991096225,0.1875697848125,0.17251926525,0.84306543375,0.452341180625,16
2025-08-27,MSFT,0.5258456541000001,0.262443524,0.21171082819999998,0.879733571,0.263402123,10
2025-08-28,MSFT,0.5149193895909091,0.23556484959545454,0.24951575763636366,0.8251040681818181,0.27935454168181817,22
2025-08-29,MSFT,0.6082249319999999,0.16653662596000002,0.2252384642,0.841442124,0.4416883156,10
2025-08-30,MSFT,0.8540239933333332,0.012426302666666666,0.133549678,0.8540239933333332,0.8415977,3
2025-08-31,MSFT,0.7692574409999999,0.07587883040000001,0.15486372269999998,0.7692574409999999,0.693378609,10
2025-09-01,MSFT,0.61089535,0.012449185500000001,0.3766554441666667,0.8575670566666668,0.5984461668333333,6
2025-09-02,MSFT,0.5259684254285714,0.25067072485714287,0.22336082171428573,0.8843641457142857,0.2752977052857143,7
2025-09-03,MSFT,0.6505929456,0.0514527262,0.297954339,0.7695412786666667,0.5991402165333334,15
2025-09-04,MSFT,0.5568367360722222,0.12773806236111113,0.31542518322222224,0.8260379338888888,0.4290986768888889,18
2025-09-05,MSFT,0.600495887275,0.16188879885000002,0.23761531489999999,0.8179651305,0.43860709,20
2025-09-06,MSFT,0.46774020066666666,0.3169236415,0.2153361465,0.8753596433333333,0.15081656666666665,6
2025-09-07,MSFT,0.6954443406,0.10447303423000001,0.20008264920000002,0.819841147,0.590971302,10
2025-09-08,MSFT,0.5437735809333333,0.0966414291,0.35958498273333334,0.8210712026666667,0.4471321436466667,15
2025-09-09,MSFT,0.6584677136774194,0.06864833549032258,0.27288394477419353,0.7797704029032257,0.5898193802258064,31
2025-09-10,MSFT,0.6418227214347826,0.09216099736956522,0.26601628091304347,0.8379686626086957,0.5496617234782609,23
2025-09-11,MSFT,0.652767984,0.12581376496153845,0.22141825526923078,0.8225514207692307,0.5269542211538462,26
2025-09-12,MSFT,0.5317687799166667,0.20058963177777778,0.26764157394444443,0.80616969,0.3311791505555555,18
2025-09-13,MSFT,0.40326515444444444,0.3732087177777778,0.22352612066666666,0.8104796933333334,0.030056440933333324,9
2025-09-14,MSFT,0.6931996888888889,0.16926098493333333,0.13753932544444444,0.8403305455555556,0.5239387166666667,9
2025-09-15,MSFT,0.6754460485714285,0.01314500212142857,0.311408938,0.8088612150000001,0.66230104,14
2025-09-16,MSFT,0.6130411973928572,0.03268078222142857,0.35427802175,0.7982854803571428,0.5803604158535715,28
2025-09-17,MSFT,0.5152049784090909,0.08165362775,0.4031414032727273,0.7984952890909092,0.43355135325,22
2025-09-18,MSFT,0.5259464421538461,0.12538471826153846,0.34866883230769236,0.80887055,0.400561724,13
2025-09-19,MSFT,0.5218181806666666,0.10584239513333334,0.3723394422222222,0.792055201111111,0.41597577888888887,9
2025-09-20,MSFT,0.5722507499999999,0.24606218766666665,0.18168705166666668,0.7641515333333334,0.3261885433333333,3
2025-09-21,MSFT,0.93999475,0.013059676499999999,0.046945584,0.93999475,0.9269350700000001,2
2025-09-22,MSFT,0.5125211186666667,0.15606064586666665,0.33141823046666663,0.813271282,0.356460474,15
2025-09-23,MSFT,0.7969152566666667,0.022009520333333334,0.18107521666666668,0.8318143566666666,0.7749057266666667,6
2025-09-24,MSFT,0.6309119860625,0.08667611640624999,0.2824118995625,0.85759602625,0.5442358725625001,16
2025-09-25,MSFT,0.6580625651875,0.0573664941875,0.2845709670625,0.861743213125,0.6006960805625,16
2025-09-26,MSFT,0.4240376444444445,0.1297033683777778,0.4462589716666667,0.7704141988888888,0.29433428222222224,9
2025-09-27,MSFT,0.449336725,0.29179878193750003,0.258864491625,0.79349313,0.15753794125,8
2025-09-28,MSFT,0.735223482,0.185924468,0.078852019,0.9072072,0.5492990200000001,5
2025-09-29,MSFT,0.6092713777647059,0.09292839005882353,0.29780023635294117,0.8292549576470588,0.5163429838823529,17
2025-09-30,MSFT,0.5965498891304347,0.17426569975217393,0.229184425,0.8034637004347825,0.42228418956521735,23
2025-10-01,MSFT,0.5835749386315789,0.2082932507473684,0.20813181505263156,0.8427113442105264,0.3752816928421052,19
2025-10-02,MSFT,0.6015480180526316,0.09022777952631579,0.3082242012631579,0.7852056010526316,0.5113202292631579,19
2025-10-03,MSFT,0.5248753633571429,0.22192722699999998,0.2531973821785714,0.8468549664285714,0.30294814285714283,14
2025-10-04,MSFT,0.032624595,0.86520412,0.102171269,0.86520412,-0.8325795333333333,3
2025-10-05,MSFT,0.72121224125,0.058873948249999995,0.21991382325,0.72429891875,0.662338285,8
2025-10-06,MSFT,0.58476528,0.1855697626875,0.2296649525,0.88191203125,0.39919551875000003,16
2025-10-07,MSFT,0.4611286275714286,0.2226661922142857,0.3162051892857143,0.8160781257142856,0.23846242407142856,14
2025-10-08,MSFT,0.7109893857647059,0.12814044688235293,0.16087016064705884,0.9028509623529412,0.5828489315235295,17
2025-10-09,MSFT,0.56962734332,0.22516939486,0.20520325728,0.8459070916,0.34445794999999996,25
2025-10-10,MSFT,0.52166167928125,0.24829316139375,0.23004515284375,0.861898755,0.27336852437500003,16
2025-10-11,MSFT,0.5797568807777778,0.16304026303888888,0.2572028463888889,0.8466424633333333,0.4167166138888889,18
2025-10-12,MSFT,0.5523942203333333,0.18953953894122808,0.2580662460263158,0.8394793286842106,0.36285467945614036,114
2025-10-13,MSFT,0.4977703996015325,0.24320976581666667,0.259019837295977,0.8198815393103448,0.25456063422241376,522
2025-10-14,MSFT,0.5154376407697411,0.21349270818980584,0.2710696480234628,0.8011384184466019,0.30194493308090614,618
2025-10-15,MSFT,0.5610987048118729,0.1511722362339465,0.28772905836287627,0.8052393437959866,0.40992646761316054,598
2025-10-16,MSFT,0.5147167510110198,0.16751065777335528,0.31777259068092106,0.7897748361842105,0.347206093021875,608
2025-10-17,MSFT,0.49435622580920247,0.17294440438752556,0.3326993739192229,0.7899503370756646,0.32141182203926383,489
2025-10-18,MSFT,0.5025340226895523,0.20759903535597016,0.2898669404328358,0.8100295008208955,0.29493498605970153,134
2025-10-19,MSFT,0.500119949442953,0.2066445993543624,0.29323545308053695,0.8193365965771812,0.2934753487852349,149
2025-10-20,MSFT,0.5134823415909091,0.12771208296969697,0.35880556803030306,0.833439359090909,0.3857702626878788,33
2025-10-21,MSFT,0.529299203125,0.29289685222916667,0.17780394533333332,0.8758300166666667,0.23640235099999998,24
2025-10-22,MSFT,0.5970377991666667,0.14400401758333334,0.25895819596666664,0.8332762663333334,0.4530337748746666,30
2025-10-23,MSFT,0.6262927138809524,0.11651209015952381,0.25719519213095243,0.8304367300000001,0.5097806276428571,42
2025-10-24,MSFT,0.5588128853333333,0.18707224729629632,0.25411487303703706,0.78243453,0.3717406359259259,27
2025-10-25,MSFT,0.7553171516666667,0.01599993125,0.22868292283333333,0.8476646333333333,0.7393172183333334,6
2025-10-26,MSFT,0.608337618875,0.1387825080625,0.252879875375,0.84585787375,0.46955511437499997,16
2025-10-27,MSFT,0.5381837621945945,0.22913003912162164,0.23268620859459457,0.8328681048648648,0.3090537215135135,37
2025-10-28,MSFT,0.5246868935,0.20047754350833336,0.2748355470277778,0.8234133819444445,0.3242093522611111,36
2025-10-29,MSFT,0.5143381992083333,0.3248456084111111,0.16081620283333334,0.8571045519444445,0.18949258488888887,36
2025-10-30,MSFT,0.4845596828295454,0.25959022142045457,0.25585010604545455,0.8387846634090909,0.22496946473295454,44
2025-10-31,MSFT,0.3452664384736842,0.3819784738947368,0.27275508610526317,0.8873110963157894,-0.03671203580263158,38
2025-11-01,MSFT,0.6551246384615385,0.16947330815384615,0.17540207446153847,0.8648199061538461,0.48565132823076923,13
2025-11-02,MSFT,0.47555768305,0.1516004076575,0.372841908075,0.83271761325,0.32395728020000003,40
2025-11-03,MSFT,0.5008318857476923,0.2557547160692308,0.24341340229230768,0.831073392923077,0.24507716526153847,65
2025-11-04,MSFT,0.5737806590196078,0.27037595596862746,0.15584338821568627,0.8513057727450981,0.3034047043137255,51
2025-11-05,MSFT,0.6073881697142857,0.199638717,0.19297310922857144,0.8340336394285714,0.40774944742857144,35
2025-11-06,MSFT,0.6042073064347826,0.14175154336956522,0.25404114695652175,0.8333770386956523,0.46245575960869567,46
2025-11-07,MSFT,0.54160716516,0.23077518353999998,0.22761765436,0.858384114,0.31083197876,25
2025-11-08,MSFT,0.5263933786571429,0.2919466194314286,0.18165999768571428,0.8069826754285714,0.2344467620857143,35
2025-11-09,MSFT,0.6285173947368421,0.18857026182631578,0.1829123237368421,0.8884473078947368,0.43994713221052634,19
2025-11-10,MSFT,0.6731697232777778,0.14918961791666666,0.17764066583333332,0.8196118611111111,0.5239801040000001,36
2025-11-11,MSFT,0.4800937495322581,0.37756951080645157,0.14233674953225806,0.8450407877419355,0.10252423532258066,31
2025-11-12,MSFT,0.5796367764772727,0.19169723615909093,0.22866597686363635,0.8049339454545454,0.3879395461363636,22
2025-11-13,MSFT,0.45553702905263155,0.3626987435263158,0.18176421968421053,0.8725624505263159,0.0928382945263158,19
2025-11-14,MSFT,0.5133325075115385,0.25436500505769233,0.23230249984615386,0.8392757038461538,0.2589675040653846,26
2025-11-15,MSFT,0.39513127183333335,0.2725040661111111,0.33236465019444444,0.8265144255555555,0.12262720983333332,18
2025-11-16,MSFT,0.3957650987222222,0.40458619888888886,0.19964870305555554,0.8552776705555556,-0.008821097888888888,18
2025-11-17,MSFT,0.4664945739137931,0.2831149659396552,0.2503904593275862,0.8121408498275863,0.1833796088448276,58
2025-11-18,MSFT,0.4750839018116883,0.23835448845194807,0.2865616113896104,0.7941613105194806,0.23672941050649352,77
2025-11-19,MSFT,0.5786097726689189,0.19420744350810812,0.2271827855135135,0.8435747445945946,0.38440233026486487,74
2025-11-20,MSFT,0.5220459216153847,0.16708714392564103,0.3108669425641026,0.8399802561538462,0.3549587769230769,39
2025-11-21,MSFT,0.5808812330357143,0.1690908138375,0.25002795873214284,0.8471073416071428,0.4117904205,56
2025-11-22,MSFT,0.5462690964736843,0.26033496851578947,0.19339593615789474,0.8664305310526316,0.2859341338947368,19
2025-11-23,MSFT,0.3671995286296296,0.3404691516666667,0.2923313202592593,0.8228589318518518,0.026730375160740734,27
2025-11-24,MSFT,0.507141856170886,0.18430078246835443,0.3085573538101266,0.8257522132911392,0.3228410733012658,79
2025-11-25,MSFT,0.6321200311785714,0.1773828183125,0.1904971347142857,0.8167772448214287,0.45473721325,56
2025-11-26,MSFT,0.5511949542954545,0.20868359084545454,0.24012146952272728,0.830431551590909,0.34251136627272727,44
2025-11-27,MSFT,0.5365496654629629,0.33381127925925924,0.12963905340740742,0.8596162203703704,0.20273837862962962,27
2025-11-28,MSFT,0.5647914966216216,0.2606969953108108,0.17451149783783784,0.8437986137837837,0.304094505027027,37
2025-11-29,MSFT,0.46735002115999996,0.39451422514,0.13813575184000002,0.8567855336,0.07283579480000002,25
2025-11-30,MSFT,0.5027717084117648,0.3300491582352941,0.16717910411764708,0.7906662635294118,0.17272255735294118,17
2025-12-01,MSFT,0.5127925173870967,0.1885908054548387,0.29861667032258066,0.8220303170967742,0.32420171383870966,62
2025-12-02,MSFT,0.5344309176084338,0.1681325024927711,0.29743658279518076,0.8194299909638554,0.36629841606626506,83
2025-12-03,MSFT,0.47560034601886797,0.2508766948509434,0.2735229632264151,0.7984464647169811,0.22472364566792452,53
2025-12-04,MSFT,0.597335418254902,0.24059484983137253,0.1620697376862745,0.823300345490196,0.35674056797705883,51
2025-12-05,MSFT,0.6296436149421053,0.12632114128245614,0.24403524073684213,0.8279652540350877,0.503322475022807,57
2025-12-06,MSFT,0.4694848408148148,0.20287530740740742,0.3276398425925926,0.7774732507407407,0.26660953225296297,27
2025-12-07,MSFT,0.5625557142631579,0.2948725745131579,0.1425717083486842,0.8450386390789474,0.2676831350131579,76
2025-12-08,MSFT,0.5384540626746988,0.20762245154939757,0.25392348575903617,0.8399302325301204,0.3308316139518072,83
2025-12-09,MSFT,0.5670933297666667,0.21982239959666666,0.2130842776277778,0.8320398442222223,0.34727093294444444,90
2025-12-10,MSFT,0.5191244042753623,0.22914764563768114,0.2517279428405797,0.8293660401449275,0.2899767583811594,69
2025-12-11,MSFT,0.5659259667662339,0.22313190148441556,0.2109421378181818,0.8462111492207791,0.34279406248051947,77
2025-12-12,MSFT,0.58192122503125,0.222172939459375,0.19590583315625001,0.84076181671875,0.359748282140625,64
2025-12-13,MSFT,0.4658448413333333,0.26938804502307695,0.2647671086666667,0.8025528348717949,0.1964567966923077,39
2025-12-14,MSFT,0.44201572717073173,0.28434250431463415,0.27364177007317075,0.810568937804878,0.15767322639024392,41
2025-12-15,MSFT,0.51348247145,0.24317947527727274,0.24333804884848484,0.8278921460606061,0.27030299534848484,66
2025-12-16,MSFT,0.5477013364726027,0.16986209141232878,0.28243657134246575,0.836752594520548,0.3778392457123288,73
2025-12-17,MSFT,0.6287882838356165,0.19080143441780822,0.180410278369863,0.8512251042465754,0.437986854569863,73
2025-12-18,MSFT,0.5446084494821429,0.20377827629761902,0.2516132691547619,0.8254902984523809,0.34083017160714285,84
2025-12-19,MSFT,0.5539319606166667,0.18731067900666665,0.2587573521166667,0.842562653,0.36662127943666667,60
2025-12-20,MSFT,0.4566719294166666,0.35723033154166667,0.18609773777777777,0.8367809691666667,0.09944159611111111,36
2025-12-21,MSFT,0.6153370875238096,0.20314750503571427,0.18151540419047618,0.8384418442857143,0.4121895835714286,42
2025-12-22,MSFT,0.702622499578125,0.1564153180546875,0.140962187578125,0.88613236875,0.546207183828125,64
2025-12-23,MSFT,0.5828066575347222,0.21561480610416667,0.2015785318611111,0.8406290737500001,0.3671918536666667,72
2025-12-24,MSFT,0.6350511012121213,0.18702553157272728,0.17792337109090908,0.8704019796969698,0.4480255676060606,33
2025-12-25,MSFT,0.50927547953125,0.3095683160625,0.18115621468749998,0.890727789375,0.19970716821875,32
2025-12-26,MSFT,0.5854704697499999,0.1710068668090909,0.24352266838636363,0.8002442686363637,0.41446360667954546,44
2025-12-27,MSFT,0.4134539110606061,0.32428151340909095,0.26226457075757575,0.7899620948484849,0.08917239345454545,33
2025-12-28,MSFT,0.5727720017485715,0.2362309625742857,0.1909970218857143,0.8650098382857143,0.336541041,35
2025-12-29,MSFT,0.5777794267407408,0.17036566227222222,0.2518549150740741,0.8172532174074073,0.40741375772222227,54
2025-12-30,MSFT,0.5153043815777778,0.19724621582666665,0.28744940877777775,0.8132554184444445,0.3180581650666667,45
2025-12-31,MSFT,0.48508834219047625,0.34793602295238096,0.1669756373095238,0.8976621004761904,0.13715231666666666,42
2026-01-01,MSFT,0.49184548035227277,0.32067772022727276,0.18747679161363637,0.8457039352272727,0.17116775601136364,44
2026-01-02,MSFT,0.5457154393571428,0.2835626027928571,0.17072195538571427,0.8370332709999999,0.26215283447142856,70
2026-01-03,MSFT,0.4136867392333334,0.41214036369090906,0.17417290354545453,0.8711442303030302,0.0015463707272727258,33
2026-01-04,MSFT,0.4763440139916667,0.285584902125,0.23807108480555556,0.8141055447222222,0.19075911391666667,36
2026-01-05,MSFT,0.5522378833439024,0.20117138261585366,0.24659072886585365,0.8053894937804877,0.35106650128048783,82
2026-01-06,MSFT,0.5701186844175258,0.1915644424484536,0.2383168730412371,0.8175185378350516,0.37855423988453607,97
2026-01-07,MSFT,0.5631947081623376,0.10604575005714285,0.330759550961039,0.8053872957142857,0.45714895598051947,77
2026-01-08,MSFT,0.5731806160348837,0.15374198277325582,0.2730773956744186,0.8247361191860465,0.4194386315813953,86
2026-01-09,MSFT,0.5894470908289474,0.15461944258552632,0.25593346259210525,0.8298831940789474,0.4348276466171052,76
2026-01-10,MSFT,0.5282849806551725,0.2511598624482759,0.2205551655689655,0.810501724137931,0.27712511989655175,29
2026-01-11,MSFT,0.5827030189428571,0.20376581773428573,0.21353115782857143,0.8132119194285714,0.37893720028571426,35
2026-01-12,MSFT,0.5552125681176471,0.20405871637205883,0.24072872025000003,0.8198774323529412,0.3511538500735294,68
2026-01-13,MSFT,0.5131940856818182,0.21669063355363638,0.27011527993636364,0.8177242267272727,0.29650344976363635,110
2026-01-14,MSFT,0.5832926055216867,0.16503624785421686,0.2516711482168674,0.8169127162650602,0.4182563589108434,83
2026-01-15,MSFT,0.52811774955,0.25358825274767444,0.21829399770930236,0.8422459862790698,0.2745294977860465,86
2026-01-16,MSFT,0.5522994948380953,0.23620361558571426,0.21149687520833332,0.8527889857142857,0.31609588168452385,84
2026-01-17,MSFT,0.6175873754857143,0.13768994038857144,0.24472267294285716,0.7984754714285713,0.47989743285714287,35
2026-01-18,MSFT,0.5625789765568182,0.2300056466818182,0.20741538220454547,0.8423084084090909,0.33257333163636366,44
2026-01-19,MSFT,0.6734366484090909,0.1417303850409091,0.1848329688409091,0.8313708575,0.5317062636363636,44
2026-01-20,MSFT,0.5385121855472222,0.2312631940875,0.23022461425694443,0.8387128802777778,0.307248987625,72
2026-01-21,MSFT,0.5322678909740259,0.22197650454545456,0.2457556046103896,0.8233081738961039,0.31029138896753244,77
2026-01-22,MSFT,0.6364824636987951,0.18763808145180724,0.17587945975903616,0.8346877248192771,0.4488443806626506,83
2026-01-23,MSFT,0.5686018854776119,0.23281207747761193,0.19858603598507463,0.8746286559701493,0.3357898077776119,67
2026-01-24,MSFT,0.5342724165446429,0.26829265588571427,0.19743493473214285,0.8639338796428572,0.26597976285714287,56
2026-01-25,MSFT,0.6240065908163265,0.2248099316102041,0.15118347226530612,0.8548643181632652,0.3991966633877551,49
2026-01-26,MSFT,0.5376288516021505,0.2503575478602151,0.21201360680645162,0.8327420733333334,0.28727130309354837,93
2026-01-27,MSFT,0.656731276019802,0.16749293197920792,0.17577578827722773,0.838576804158416,0.4892383441980198,101
2026-01-28,MSFT,0.5838584610366973,0.26038049124495416,0.15576104607339447,0.8744035110091744,0.32347796653211014,109
2026-01-29,MSFT,0.5379459000634482,0.3200731071344827,0.14198099502068964,0.8612682564137931,0.2178727907278621,145
2026-01-30,MSFT,0.5098969504173914,0.29856995915869566,0.19153308742391306,0.8635194864130434,0.21132699004347827,92
2026-01-31,MSFT,0.458248028309375,0.33069737168125,0.211054606203125,0.85351871484375,0.12755065308125,64
2026-02-01,MSFT,0.6334221999137931,0.22487824032413792,0.1416995604827586,0.8437479129310346,0.4085439632413793,58
2026-02-02,MSFT,0.4421728175913978,0.3393987254612903,0.2184284583924731,0.8449361898924731,0.10277409579569892,93
2026-02-03,MSFT,0.5167968900590476,0.305422630247619,0.17778048216666667,0.8544369832380952,0.21137426094285713,105
2026-02-04,MSFT,0.41261434370239997,0.3813494046232,0.206036252684,0.86637340272,0.031264938991999995,125
2026-02-05,MSFT,0.48801387477142855,0.3748285296115646,0.13715759311564626,0.8616278817006803,0.11318534283673469,147
2026-02-06,MSFT,0.4472918404306819,0.3433472265965909,0.20936093868749997,0.888358549090909,0.10394461593295455,88
2026-02-07,MSFT,0.5571948229919355,0.3110278517903226,0.13177732920967744,0.8626051011290322,0.24616696870967741,62
2026-02-08,MSFT,0.5514403832444444,0.27476608020666665,0.1737935445777778,0.853091644,0.2766742999644445,45
2026-02-09,MSFT,0.5100882638833333,0.3092009382388889,0.18071079833333334,0.8387084074444445,0.20088732696666664,90
2026-02-10,MSFT,0.4917677886273585,0.3405653498849056,0.1676668561320755,0.8521816256603774,0.15120243888962265,106
2026-02-11,MSFT,0.5483907551569892,0.29517198739247313,0.1564372591935484,0.8729280259139784,0.25321876564913975,93
2026-02-12,MSFT,0.5272029543008695,0.2937725602965217,0.17902448479130437,0.8728971284347825,0.23343039452286957,115
2026-02-13,MSFT,0.5281833497544117,0.27934527072352944,0.1924713781470588,0.8501709439705882,0.24883808091176474,68
2026-02-14,MSFT,0.49812487357142854,0.31031807542698414,0.19155704826984127,0.8416526665079365,0.18780679914761905,63
2026-02-15,MSFT,0.49667858238333334,0.349554377075,0.15376704538333333,0.8605985095,0.1471242066,60
2026-02-16,MSFT,0.45954513283333337,0.3736451317754386,0.16680974498245613,0.8451371335087718,0.0859000024385965,57
2026-02-17,MSFT,0.48852367206179775,0.31991633641011236,0.19155998943820224,0.8512234276404494,0.16860733689887641,89
2026-02-18,MSFT,0.4267282279304348,0.34248741380144926,0.230784363057971,0.8387979402898551,0.08424081144927535,69
2026-02-19,MSFT,0.5178787704961039,0.28175802770779224,0.200363201512987,0.843137779090909,0.23612074601298705,77
2026-02-20,MSFT,0.5786243635522388,0.1963910676567164,0.22498458185074627,0.86640331,0.38223329579104476,67
2026-02-21,MSFT,0.5534533626984127,0.15888425325396824,0.2876623879206349,0.7726138665079365,0.39456910514285715,63
2026-02-22,MSFT,0.5283959873518518,0.24030282230925926,0.23130118922222223,0.8257026405555555,0.28809316714814814,54
2026-02-23,MSFT,0.5176433131761363,0.2520891987897727,0.23026749212499997,0.8264405061363637,0.2655541187386364,88
2026-02-24,MSFT,0.6025385286891892,0.2209780756837838,0.17648339945945946,0.821308224054054,0.38156044917567566,74
2026-02-25,MSFT,0.526074561255814,0.2735546171139535,0.20037081773255813,0.8186843659302325,0.2525199395348837,86
2026-02-26,MSFT,0.5304826237637363,0.30847784794505495,0.16103952704395605,0.8598467430769231,0.222004772010989,91
2026-02-27,MSFT,0.5225759111583334,0.2938187131583333,0.18360537459583334,0.8420498993333333,0.228757195625,120
2026-02-28,MSFT,0.5502267231514285,0.3110826248985714,0.13869065449999998,0.875020926,0.23914409574285714,70
2026-03-01,MSFT,0.5466727563769231,0.29264846946153844,0.16067877178461537,0.865067612,0.25402429155384615,65
2026-03-02,MSFT,0.5493883787142857,0.24300722272207792,0.20760440692207793,0.8522138423376623,0.3063811566753247,77
2026-03-03,MSFT,0.5400003682350516,0.24687192042886597,0.21312771172680414,0.8212378297938144,0.29312844425773193,97
2026-03-04,MSFT,0.47309746436781613,0.32510628962068966,0.20179625067816093,0.8634029336781609,0.14799117255172414,87
2026-03-05,MSFT,0.5346732156933334,0.31832094492,0.14700584150666665,0.8422806957333333,0.2163522696,75
2026-03-06,MSFT,0.6233304416614035,0.17267682957894737,0.20399273310526314,0.8652991470175438,0.45065361189473685,57
2026-03-07,MSFT,0.5803381474775,0.2754600265425,0.1442018309,0.8710111415,0.30487811728,40
2026-03-08,MSFT,0.5776028587500001,0.25363612380208334,0.16876102233333334,0.854994245625,0.3239667332597917,48
2026-03-09,MSFT,0.4945059435246914,0.2644640240666667,0.2410300295925926,0.8196122943209876,0.2300419219419753,81
2026-03-10,MSFT,0.5915121187777778,0.20037578527222222,0.2081121031111111,0.8354749512222223,0.3911363318,90
2026-03-11,MSFT,0.5300119180418182,0.32136222311727275,0.1486258606272727,0.8482339517272727,0.20864969305545455,110
2026-03-12,MSFT,0.49194491889333336,0.2508316045146667,0.2572234841733333,0.821741626,0.24111331290000002,75
2026-03-13,MSFT,0.5252127973209876,0.23347703742839504,0.24131016401851849,0.860876927654321,0.29173576328395057,81
2026-03-14,MSFT,0.4757451603951613,0.2647879875129032,0.25946685451612905,0.8481046991935484,0.21095716312258064,62
2026-03-15,MSFT,0.5501285052463768,0.25061810568405796,0.1992533785942029,0.8189426724637681,0.2995104017971014,69
2026-03-16,MSFT,0.5279501694548387,0.22625387252365592,0.24579595713978494,0.8315734101075268,0.30169629443010754,93
2026-03-17,MSFT,0.5364412864019418,0.24516342290485438,0.2183952913106796,0.8331743625242718,0.2912778628572816,103
2026-03-18,MSFT,0.5588411784511363,0.20160276910227273,0.23955605734090907,0.8463581843181818,0.357238407125,88
2026-03-19,MSFT,0.4938796609976471,0.26811819618117644,0.2380021376,0.8199051936470587,0.22576146044588236,85
2026-03-20,MSFT,0.5399005336704545,0.18471771334545456,0.2753817515795455,0.8167275447727274,0.35518281955227277,88
2026-03-21,MSFT,0.42180349164102565,0.36870206083076923,0.20949443664102566,0.8908429776923077,0.05310143397435898,39
2026-03-22,MSFT,0.35611780239473684,0.41985872897105264,0.22402347026315791,0.8620366915789474,-0.06374093265789474,38
2026-03-23,MSFT,0.45731757687647057,0.2307135432564706,0.311968877,0.8201847875294118,0.22660403337294116,85
2026-03-24,MSFT,0.46960708139560436,0.33852940795824177,0.19186351743956043,0.8553365716483516,0.13107767146153845,91
2026-03-25,MSFT,0.5764809479251909,0.28064504919694655,0.14287399603053436,0.8771516788549618,0.2958358999473283,131
2026-03-26,MSFT,0.5194442710054348,0.276762739125,0.20379299394565217,0.8328332991304347,0.24268153122826086,92
2026-03-27,MSFT,0.35152852733908047,0.3637053719827586,0.2847660921724138,0.851102401954023,-0.012176847261609195,87
2026-03-28,MSFT,0.4181371126,0.2917671987090909,0.29009568925454543,0.8426505405454545,0.1263699129181818,55
2026-03-29,MSFT,0.42835398643750006,0.34786024201041665,0.22378577233333333,0.8892339347916667,0.08049374407083333,48
2026-03-30,MSFT,0.4259204825892858,0.25337008188809523,0.32070944154761905,0.8521155329761905,0.1725504001245238,84
2026-03-31,MSFT,0.47335210052399995,0.2755081404352,0.251139765944,0.8510048153599999,0.19784395767248,125
2026-04-01,MSFT,0.5260463051029703,0.26738046497524753,0.20657322923762375,0.8237403248514852,0.2586658394356436,101
2026-04-02,MSFT,0.4563047097026316,0.26993669239605267,0.27375859647368417,0.8398389153947369,0.18636801430921052,76
2026-04-03,MSFT,0.45664495247972975,0.3524966996662162,0.19085834251351352,0.8654050058108108,0.10414825345945945,74
2026-04-04,MSFT,0.516836940574468,0.2877140296382979,0.19544902385106383,0.838597629574468,0.22912291119387235,47
2026-04-05,MSFT,0.6323874251052631,0.18230042267105262,0.18531216255263158,0.860506062631579,0.4500870080263158,38
2026-04-06,MSFT,0.6254904858763441,0.16037511247096775,0.2141344021344086,0.8694996833333334,0.4651153718849463,93
2026-04-07,MSFT,0.5338112341814516,0.20226712453306453,0.2639216348870968,0.8332606712903226,0.33154410835403225,124
2026-04-08,MSFT,0.5761491059328359,0.19399186971791044,0.22985902694029853,0.8351701058208956,0.3821572357358209,67
2026-04-09,MSFT,0.5420632694468085,0.1957814187893617,0.2621553178723404,0.8487307310638298,0.3462818542085106,94
2026-04-10,MSFT,0.5652577923974359,0.24885252261538462,0.1858896805128205,0.8756607842307691,0.31640526888333337,78
2026-04-11,MSFT,0.5046907682173913,0.23452699826739132,0.2607822204565218,0.8509611234782608,0.2701637710652174,46
2026-04-12,MSFT,0.4830397288697674,0.269300578,0.2476596942093023,0.8350379427906977,0.21373915088604653,43
2026-04-13,MSFT,0.5406895832134145,0.21691497990853656,0.24239543424390245,0.8439462663414634,0.3237746013902439,82
2026-04-14,MSFT,0.579411842451923,0.17950116658269233,0.24108699730769229,0.81014860625,0.3999106772115385,104
2026-04-15,MSFT,0.517186480925,0.284761846598,0.198051667355,0.8422274747,0.2324246375906,100
2026-04-16,MSFT,0.5518016101381357,0.24976343329152542,0.19843495236016948,0.8300239266101695,0.3020381769779661,118
2026-04-17,MSFT,0.5107722641576087,0.21558597111847827,0.2736417668586957,0.8183426538043478,0.29518629487326087,92
2026-04-18,MSFT,0.7200870439107143,0.141823382875,0.13808956848214285,0.8506469044642857,0.5782636606946429,56
2026-04-19,MSFT,0.5940068005803572,0.12217900996607144,0.28381418978571427,0.8266489960714286,0.4718277901607143,56
2026-04-20,MSFT,0.5604946712903225,0.16767115071532257,0.27183418479838706,0.8089386023387097,0.39282352043548385,124
2026-04-21,MSFT,0.5689900347391305,0.20154760827826088,0.22946235716304347,0.8356891178260869,0.3674424247282609,92
2026-04-22,MSFT,0.5798057583023255,0.1946444557872093,0.2255497865116279,0.8225849006976743,0.3851613024883721,86
2026-04-23,MSFT,0.49915166880434786,0.22699938115434784,0.2738489450217391,0.8430415953260869,0.27215228817934783,92
2026-04-24,MSFT,0.4635510184318182,0.2007285008409091,0.33572048045454544,0.824677635,0.26282251661363637,88
2026-04-25,MSFT,0.5503442683636364,0.20343972674242425,0.24621601060606063,0.8568718490909092,0.34690453345454547,33
2026-04-26,MSFT,0.47684608032692305,0.2362718747576923,0.2868820384807692,0.8322167755769231,0.24057420096153845,52
2026-04-27,MSFT,0.43329684566605503,0.31796924895779816,0.24873390599999998,0.8213421145871559,0.11532759661009175,109
2026-04-28,MSFT,0.5396196004814433,0.25763725031752577,0.2027431437216495,0.8305178829896906,0.28198235201030925,97
2026-04-29,MSFT,0.4968154622453846,0.22229506339923075,0.2808894710076923,0.8572695624615384,0.2745203992843077,130
2026-04-30,MSFT,0.5837997288311927,0.27876397954495413,0.137436287146789,0.8921156336697248,0.30503575056880733,109
