Date,Close,High,Low,Open,Volume,Daily_Change_USD,Daily_Return_Pct,EMA_20,SMA_50,SMA_200,RSI_14,ATR_14,OBV,MACD_12_26_9,MACDh_12_26_9,MACDs_12_26_9,BBL_20_2.0,BBM_20_2.0,BBU_20_2.0,BBB_20_2.0,BBP_20_2.0,STOCHk_14_3_3,STOCHd_14_3_3,Target_Forward_Return,Target_Direction
2023-05-01,167.01431274414062,167.86125191507637,166.07874407354768,166.70902333840385,52472900,-0.088653564453125,-0.0005305325597236843,162.34979343155803,155.81761505126954,148.43144229888915,65.85039323769836,2.7219669428737845,731964100.0,2.634078838060333,0.012831265924301505,2.6212475721360313,157.89094874937666,162.76290740966797,167.6348660699593,5.986571188518745,0.9363137734648228,96.18110832297089,80.67101522706248,-0.006191339780456717,0
2023-05-02,165.9802703857422,167.76279339985444,164.99545801480568,167.50673256610264,48425700,-1.0340423583984375,-0.006191339780456717,162.69555314148033,156.13255767822267,148.52526973724366,62.441915274965005,2.7252075458862834,683538400.0,2.610081821840083,-0.008932600236758681,2.619014422076842,157.82038567356855,162.8796073913574,167.93882910914627,6.212222387831353,0.806436757207384,89.69999253721285,89.08225637962909,-0.006467278003964627,0
2023-05-03,164.90682983398438,168.32412999077732,164.62124085601573,166.9256982160475,65136000,-1.0734405517578125,-0.006467278003964627,162.90615092171882,156.50619598388673,148.62892482757567,59.02627707934842,2.7950419450916626,618402400.0,2.475905633244224,-0.11448703106609415,2.5903926643103183,157.83361368797577,162.9692237854004,168.10483388282503,6.302552074724559,0.6886441933700954,76.01810835783459,87.2997364060061,-0.009913360686363504,0
2023-05-04,163.2720489501953,164.50306450874902,161.81453073644045,162.3857237588548,81235400,-1.6347808837890625,-0.009913360686363504,162.9409983530023,156.8386685180664,148.70514293670655,54.16674328195902,2.816274598838253,537167000.0,2.212156518876924,-0.3025889163467159,2.51474543522364,157.99204513711706,163.06918334960938,168.1463215621017,6.226974475744165,0.5199783413505256,57.645708498554654,74.4546031312007,0.046926893028231165,1
2023-05-05,170.93389892578125,171.65280778469676,168.1665634032941,168.38322333782398,113453200,7.6618499755859375,0.046926893028231165,163.70222697898126,157.31472686767577,148.80967090606688,67.6212563490734,3.213737758528482,650620200.0,2.5915074214121887,0.061409588950839034,2.5300978324613497,157.40770541551012,163.5079147338867,169.6081240522633,7.461668541617488,1.1086663427699215,62.580350906202206,65.41472258753048,-0.00040330917049002935,0
2023-05-08,170.86495971679688,171.20965008439242,169.49607101524845,169.86044681233003,55962800,-0.068939208984375,-0.00040330917049002935,164.38439200163037,157.84238891601564,148.90253154754637,67.42945385733377,3.1065835664295887,594657400.0,2.8536873948024493,0.2588716498728796,2.5948157449295697,157.46520806801223,164.07270584106445,170.68020361411666,8.054353390688677,1.013980791899296,74.50617520796239,64.91074487090641,-0.00997106040236806,0
2023-05-09,169.1612548828125,170.90436226614003,168.9938385535857,170.42181373691182,45326900,-1.703704833984375,-0.00997106040236806,164.8393313236477,158.3121450805664,148.993049659729,62.69655290089333,3.0211507197242127,549330500.0,2.8906703228695676,0.2366836623519979,2.6539866605175697,158.1989388126601,164.61287689208984,171.0268149715196,7.792753763284681,0.8545698394960993,88.2319876414437,75.10617125186944,0.010420838538024668,1
2023-05-10,170.92405700683594,171.38692008917508,169.28926463206565,170.3922648627901,53724500,1.7628021240234375,0.010420838538024668,165.41882900776088,158.8272021484375,149.09796962738037,65.40248314367891,2.9643303259126674,603055000.0,3.027325831130611,0.29867133649043254,2.7286544946401783,159.1354000862264,165.2756561279297,171.41591216963297,7.430321180453204,0.9599483181599868,88.20302044561784,83.64706109834131,0.00109456805537822,1
2023-05-11,171.11114501953125,171.9383837832071,169.55513971049686,171.2096322648924,49514700,0.1870880126953125,0.00109456805537822,165.9609543422152,159.38736358642578,149.21044208526612,65.68696452651346,2.922824164969636,652569700.0,3.1148170727338425,0.30893006247493116,2.8058870102589113,159.13155936246486,165.6789352416992,172.22631112093356,7.903691401303095,0.9148386985892188,88.14696806909372,88.19399205205174,-0.00541754280832607,0
2023-05-12,170.18414306640625,171.6535334613317,168.63584185680983,171.2196142676148,45533100,-0.927001953125,-0.00541754280832607,166.36316279213816,159.91716674804687,149.29284038543702,62.92601467306224,2.929600410651939,607036600.0,3.073918977185315,0.2144255735411229,2.859493403644192,159.3752470804116,166.05309982299804,172.73095256558446,8.043032921041025,0.8093092497430697,90.44404997195066,88.93134616222073,-0.0028972882013644785,0
2023-05-15,169.69107055664062,170.81530899814229,169.09935977781652,170.7659972586019,37266700,-0.493072509765625,-0.0028972882013644785,166.68010638875742,160.33626373291017,149.37002826690673,61.4465930633732,2.8429110399143553,569769900.0,2.9675124744559014,0.08641525664936722,2.881097217806534,159.7282715196074,166.40162506103516,173.07497860246292,8.020779291043594,0.7464612038898278,86.13722994418958,88.24274932841132,0.0,0
2023-05-16,169.69107055664062,170.74626955321972,169.42479920138675,169.61217478294208,42110300,0.0,0.0,166.96686488093675,160.70021087646484,149.42192401885987,61.44659306337321,2.7342367050513996,569769900.0,2.8503277503863274,-0.024615573936165536,2.874943324322493,159.96919878312454,166.68909225463867,173.4089857261528,8.062787289343012,0.7233650216872822,81.11271331426411,85.89799774346812,0.0036032239912078268,1
2023-05-17,170.30250549316406,170.53917778241149,168.06388478776768,169.3360585337975,57951600,0.6114349365234375,0.0036032239912078268,167.28454493924414,161.12030975341796,149.4817784500122,62.70752533796466,2.7157407257365715,627721500.0,2.7748094258905383,-0.08010711874556398,2.8549165446361022,160.0957559828728,166.95001144409179,173.80426690531078,8.211147039680618,0.7445556682297957,80.76266867463724,82.67087064436365,0.013666047095474365,1
2023-05-18,172.62986755371094,172.81724313624747,170.19401507639674,170.60820660461047,65496700,2.327362060546875,0.013666047095474365,167.7936232834791,161.56194152832032,149.56062213897704,67.11621189808415,2.7091326781732974,693218200.0,2.8696793995526946,0.01181028393327388,2.8578691156194207,160.2267294750613,167.37555465698242,174.52437983890354,8.542257197082153,0.8674948514628884,86.64671723198522,82.84069974029552,0.0006284543443828561,1
2023-05-19,172.7383575439453,173.95134816577144,172.5213979143073,173.95134816577144,55809500,0.108489990234375,0.0006284543443828561,168.26455035590445,162.05065093994142,149.6100101852417,67.31021580528986,2.6177625048369286,749027700.0,2.9199592995111914,0.049672147113416276,2.870287152397775,160.73942076473935,167.88678436279298,175.0341479608466,8.514504134653766,0.8393959964813817,90.71468229984636,86.04135606882294,-0.005480814103092424,0
2023-05-22,171.79161071777344,172.2945693897219,171.05197977463047,171.57465110395842,43570900,-0.946746826171875,-0.005480814103092424,168.60046086655865,162.5615899658203,149.65623317718507,63.774290034815756,2.5512350237282084,705456800.0,2.8505525307298,-0.015787697334380013,2.86634022806418,161.3933004634672,168.3354118347168,175.27752320596642,8.24795127250569,0.7489299507186168,90.16925862424411,89.17688605202522,-0.015155080123657294,0
2023-05-23,169.18809509277344,170.98293990870613,168.91196743614205,170.73639628329747,50747300,-2.603515625,-0.015155080123657294,168.65642603096006,162.9816571044922,149.69056751251222,55.18847439034169,2.5746927564355784,654709500.0,2.556001222929808,-0.24827120410749792,2.804272427037306,162.5853267994389,168.73067932128907,174.87603184313926,7.284214757588325,0.5372163980713875,77.65481988943844,86.17958693784296,0.0016322281086129653,1
2023-05-24,169.46424865722656,170.03623176135926,168.16250594092847,168.72461766792532,45143500,0.276153564453125,0.0016322281086129653,168.7333615191759,163.36549163818358,149.72863872528077,55.86716663269591,2.524623689578094,699853000.0,2.318128531385554,-0.38891511652140176,2.7070436479069557,164.03356963872096,169.1402488708496,174.24692810297825,6.038396261351073,0.5317231386238748,55.58142892743686,74.46850248037315,0.006692323047820414,1
2023-05-25,170.59835815429688,171.49576564962197,169.31632809947834,170.02637505144457,56058300,1.1341094970703125,0.006692323047820414,168.9109802463303,163.76412872314452,149.77213481903075,58.63778052476902,2.4999675367613463,755911300.0,2.195813892119901,-0.4089838046296439,2.6047976967495448,164.46675251503166,169.3775535583496,174.28835460166755,5.798644436821674,0.6242979083431207,42.52928618072924,58.58851166586819,0.014104677015910339,1
2023-05-26,173.0045928955078,173.3399036765556,170.7166757800904,170.92377905521317,54835000,2.4062347412109375,0.014104677015910339,169.30084811768054,164.15455993652344,149.80645786285402,63.82662774598402,2.517223107154016,810746300.0,2.266910163878805,-0.2703100262965923,2.5372201901753972,164.63636559757123,169.67263488769532,174.70890417781942,5.936454388720437,0.8307962517360135,50.25110008547023,49.45393839787877,0.010659701082083917,1
2023-05-30,174.84877014160156,176.51540772383512,174.1288668535482,174.51347436884586,55964400,1.84417724609375,0.010659701082083917,169.82922164376825,164.5986169433594,149.85368328094484,67.22066452195628,2.58819394438068,866710700.0,2.4438924914252595,-0.07466215900010997,2.5185546504253695,164.7075526421022,170.06435775756836,175.42116287303452,6.299738741379824,0.9465733101078903,69.08260371788826,53.95432999469591,-0.0002820517765727004,0
2023-05-31,174.79945373535156,176.87042648421155,174.3162227478627,174.87834951174753,99625300,-0.04931640625,-0.0002820517765727004,170.30257708106188,164.99441619873048,149.88294261932373,67.03951722006354,2.5857660723784064,767085400.0,2.550769160184757,0.025771607807509866,2.524997552377247,165.11404119966008,170.50531692504882,175.89659265043755,6.323879891392067,0.898248673322409,80.22762122085034,66.52044167473628,0.016022651516189867,1
2023-06-01,177.60020446777344,177.6297885060057,174.4838886927619,175.24324745233199,68901800,2.800750732421875,0.016022651516189867,170.99758921312966,165.40920166015624,149.92085567474365,71.70324712193545,2.6257756252973636,835987200.0,2.828857558406753,0.24308800482360482,2.585769553583148,165.54950171898767,171.13998565673828,176.73046959448888,6.5332294101784525,1.0777870827435474,85.48482237670036,78.265015771813,0.004775239412788235,1
2023-06-02,178.4482879638672,179.2668146743205,176.78165050926717,178.52718373632618,61996900,0.84808349609375,0.004775239412788235,171.70717957034276,165.86950866699217,149.96379444122314,72.95130569774514,2.6157319495656473,897984100.0,3.082148775409763,0.397103377461292,2.685045397948471,166.6784815948523,171.89879760742187,177.11911361999145,6.0737085834557245,1.1273078431147963,89.62269060772071,85.11171140175713,-0.007571236654417057,0
2023-06-05,177.0972137451172,182.3929658521557,175.57849662924414,180.10504889865823,121946500,-1.35107421875,-0.007571236654417057,172.2205161584165,166.28112823486327,149.992516746521,67.8194118521823,2.915641754804641,776037600.0,3.137694107173843,0.36211896738029736,2.7755751397935455,166.54213016898862,172.20696334838868,177.87179652778875,6.579098857854714,0.9316323395463526,85.14209985609578,86.74987094683895,-0.0020600981730263257,0
2023-06-06,176.7323760986328,177.62978364684957,174.97697127382227,177.48186345973468,64848400,-0.364837646484375,-0.0020600981730263257,172.6502171051038,166.65945190429687,150.02137851715088,66.45981900484881,2.8968682275348314,711189200.0,3.116351473854337,0.2726210672486329,2.843730406605704,166.54367851493294,172.50033416748047,178.456989820028,6.906254044428953,0.8552364093215948,72.07711956256897,82.28063667546182,-0.007756295730747875,0
2023-06-07,175.36158752441406,178.70471906299082,174.86850018805862,175.9730110061888,61944600,-1.37078857421875,-0.007756295730747875,172.90844285932383,167.0491619873047,150.05629543304443,61.47330621698298,2.963964702348929,649244600.0,2.9547654050896597,0.0888279987871643,2.8659374063024954,166.93627475519284,172.81035079956055,178.68442684392826,6.798291904610438,0.7171606824276417,58.042320676167286,71.75384669827734,0.015464872429377108,1
2023-06-08,178.0735321044922,178.33978837820231,175.00652888652115,175.44043301517675,50214900,2.711944580078125,0.015464872429377108,173.40035612076844,167.5055191040039,150.1241602706909,66.78325016232958,2.9903429015869456,699459500.0,3.0108315524159934,0.11591531689079826,2.894916235525195,166.93707708174665,173.16782455444337,179.3985720271401,7.196195354106091,0.8936692645261055,60.24386555097495,63.454435263237066,0.002160026535902082,1
2023-06-09,178.4581756591797,179.71060666093933,178.13273621096323,178.99070336218668,48900000,0.3846435546875,0.002160026535902082,173.88205321966473,167.90811645507813,150.1956171798706,67.46810710359028,2.893680876934103,748359500.0,3.051130366764511,0.12497130499145248,2.9261590617730584,166.975145423637,173.5351760864258,180.09520674921458,7.560462161886643,0.8752268720845457,64.19510832459356,60.827098183911936,0.015638751358970415,1
2023-06-12,181.24903869628906,181.34766218390052,178.468033910057,178.76388932505995,54274900,2.790863037109375,0.015638751358970415,174.58367088410515,168.3352145385742,150.27955600738525,71.98194051388829,2.8933812803474415,802634400.0,3.270565744308243,0.2755253460281475,2.9950403982800955,166.91454228264652,174.08842086791992,181.26229945319332,8.241649329125902,0.9990757609885201,77.98583424772424,67.47493604109758,-0.0026116450476190156,0
2023-06-13,180.7756805419922,181.60406367252176,179.91771337450308,180.27273686584886,54929100,-0.473358154296875,-0.0026116450476190156,175.1733860896182,168.70281707763672,150.3488570022583,70.2027344744556,2.8071647816096728,747705300.0,3.3674558797127645,0.2979323851461353,3.069523494566629,167.2054207933352,174.6426513671875,182.07988194103982,8.517083903193235,0.9123194187610024,84.31532852585863,75.49875703272549,0.003491424006198951,1
2023-06-14,181.40684509277344,181.84076439721946,179.5035350184376,180.83486192307942,57462900,0.63116455078125,0.003491424006198951,175.76704885182346,169.05802856445314,150.45277667999267,71.2240723687964,2.773597967121973,805168200.0,3.4553406977733516,0.3086537625653776,3.146686935207974,167.60039724372092,175.22844009399415,182.85648294426738,8.706398169362782,0.9049796992526057,91.01845854225273,84.4398737719452,0.011198636955375818,1
2023-06-15,183.4383544921875,183.9413132306641,181.23918907707676,181.4167083517838,65433200,2.0315093994140625,0.011198636955375818,176.49764938900097,169.46450561523437,150.57784885406494,74.27988587823774,2.7684926947266417,870601400.0,3.646876952357843,0.4001520137198953,3.2467249386379478,167.81745063172465,175.8852325439453,183.95301445616596,9.173916190155305,0.9681039987459948,92.43025416121803,89.25468040977647,-0.005859929980628564,0
2023-06-16,182.36341857910156,184.4048073735327,181.7224110612984,184.14839232814637,101256200,-1.0749359130859375,-0.005859929980628564,177.05629407377245,169.8863168334961,150.7096699142456,70.04149191753199,2.762342953120045,769345200.0,3.6696312447649575,0.33832504490160753,3.33130619986335,167.98051072176074,176.37191009521484,184.76330946866895,9.515573504787682,0.85700293939296,89.59666821822647,91.01512697389909,0.0004865551385786482,1
2023-06-20,182.4521484375,183.52709013546678,181.8604527350327,181.8604527350327,49799100,0.0887298583984375,0.0004865551385786482,177.57018496555602,170.2921743774414,150.85022998809814,70.1926825508601,2.684078270785333,819144300.0,3.6527176876938654,0.25712919026441217,3.3955884974294532,168.2421875812154,176.85759963989258,185.47301169856976,9.742767148507491,0.8246826013372603,85.65865333492859,89.22852523812436,-0.005675332921196152,0
2023-06-21,181.4166717529297,182.8466218007744,180.06560242478363,182.34366316376426,49515700,-1.0354766845703125,-0.005675332921196152,177.93651704054398,170.72912506103515,150.98198062896728,66.00624197586436,2.691002635442863,769628600.0,3.515237784237172,0.09571942944617451,3.4195183547909975,168.8345546079716,177.3388526916504,185.8431507753292,9.591015115526583,0.739750478002724,76.88653645660197,84.04728600325234,0.016525331173187885,1
2023-06-22,184.41464233398438,184.46395407144706,181.1306792503188,181.19971869233248,51245300,2.9979705810546875,0.016525331173187885,178.55348135420496,171.25026123046874,151.13927402496338,71.33656005855099,2.736879220134678,820873900.0,3.60662026766164,0.14968153029651354,3.4569387373651264,169.9312756955637,178.10018005371094,186.2690844118582,9.173381358383455,0.8864938309612912,83.33713817244626,81.96077598799228,-0.00171126474230332,0
2023-06-23,184.09906005859375,184.96689848868263,182.45215034536935,182.98469303577104,53117000,-0.315582275390625,-0.00171126474230332,179.08163170700388,171.77887298583985,151.30127223968506,70.09065771606787,2.721012714647436,767756900.0,3.611940490340146,0.12400140238001534,3.4879390879601306,171.2906560474194,178.8319206237793,186.3731852001392,8.433913308155955,0.8492212334868675,86.9242415374129,82.38263872215371,-0.007552931940314589,0
2023-06-26,182.7085723876953,185.4501365723536,182.6691169769034,184.24700235631448,48088700,-1.3904876708984375,-0.007552931940314589,179.4270546289745,172.17213317871094,151.4492991256714,64.72659527393523,2.7252989204190623,719668200.0,3.4640249475768314,-0.019131312306639447,3.483156259883471,172.7403070186373,179.43743133544922,186.13455565226113,7.464578897467578,0.7442198246219269,88.32785747923214,86.19641239636377,0.015058974916379197,1
2023-06-27,185.45997619628906,185.78541559077308,183.10301971608257,183.31997931240525,50730800,2.75140380859375,0.015058974916379197,180.00161858776636,172.62731567382812,151.61844539642334,69.6724650410319,2.750409226323256,770399000.0,3.5281458381477933,0.03599166261145781,3.4921541755363354,173.55804427163406,180.0602005004883,186.56235672934253,7.222202586447303,0.9152296181256385,87.50547447713006,87.58585783125837,0.0063280459063681516,1
2023-06-28,186.63357543945312,187.27458302156515,185.00639308619472,185.33181751858015,51216800,1.1735992431640625,0.0063280459063681516,180.63323352602225,173.1055758666992,151.77917644500732,71.50762576145623,2.715964991255197,821615800.0,3.631796665392841,0.11171399188520414,3.5200826735076367,174.00871267232645,180.64944076538086,187.29016885843527,7.352060504498407,0.9505631453523239,88.62841056171641,88.15391417269286,0.0017963051594698243,1
2023-06-29,186.9688262939453,187.4422009047134,186.32781886596203,186.4658826988121,46347300,0.3352508544921875,0.0017963051594698243,181.2366233134435,173.5661178588867,151.911838722229,72.02832886085056,2.601566208933494,867963100.0,3.698360240197985,0.1426220533522784,3.5557381868457067,174.64271549119346,181.25790939331054,187.87310329542763,7.29920578280842,0.9316515120446497,95.56968491664394,90.56785665183013,0.023102720442816915,1
2023-06-30,191.28831481933594,191.7912585176698,188.6157746627016,188.9806695476879,85213200,4.319488525390625,0.023102720442816915,182.19392726638563,174.09020172119142,152.1131700515747,77.68650265352709,2.7601994957042795,953176300.0,4.052939216897585,0.39776082404150204,3.6551783928560826,174.23951072992512,181.94231491088868,189.64511909185225,8.467303699786639,1.1066621771032827,95.3050571087082,93.16771752902285,-0.007784771085436848,0
2023-07-03,189.79917907714844,191.19954526937022,189.10884478636748,191.10092178559267,31458200,-1.4891357421875,-0.007784771085436848,182.91823696264876,174.6038052368164,152.29984027862548,72.25973903982157,2.7187188197945775,921718100.0,4.165764461751024,0.4084688551159532,3.757295606635071,174.26673002417934,182.50985946655274,190.75298890892614,9.03307850487284,0.9421451623169538,91.64274561164534,94.17249587899914,-0.005871363028180032,0
2023-07-05,188.68479919433594,190.31198136153697,187.98460856583768,188.92148652956726,46920300,-1.1143798828125,-0.005871363028180032,183.46743336566658,175.12722595214845,152.49536937713623,68.40859582667335,2.6907655323591997,874797800.0,4.11779080867106,0.2883961616287909,3.8293946470422693,174.82043646628458,183.08923873901367,191.35804101174276,9.03253771732148,0.8383537464535039,84.91070397798286,90.6195022327788,0.002508724371640181,1
2023-07-06,189.1581573486328,189.36526064633148,186.5842409083175,187.21539208287066,45094300,0.473358154296875,0.002508724371640181,184.00940707833,175.65400787353516,152.70146221160888,69.16046517766316,2.697212261334541,919892100.0,4.071038986701353,0.1933154717272667,3.8777235149740865,175.57950666508415,183.71052780151368,191.8415489379432,8.851992570849855,0.834990492320334,78.68371846335856,85.07905601766225,-0.005891259982822805,0
2023-07-07,188.0437774658203,190.0062704618662,187.60987325439862,188.76369580404943,46815000,-1.1143798828125,-0.005891259982822805,184.39363282951956,176.189228515625,152.88342945098876,65.22483292365095,2.6757254717726147,873077100.0,3.899120058760559,0.017117235029177724,3.8820028237313813,176.97445581611748,184.344637298584,191.7148187810505,7.99608992208326,0.750953126190752,73.43447788994156,79.00963344376099,-0.01085580498679084,0
2023-07-10,186.00241088867188,187.36333679085425,184.45410938571575,186.6434184249519,59922200,-2.0413665771484375,-0.01085580498679084,184.54684978753406,176.68381958007814,153.04331150054932,58.64165975806368,2.7410070866534677,813154900.0,3.557147267937438,-0.2598844446351549,3.817031712572593,177.93114772263473,184.74108123779297,191.5510147529512,7.372408421051407,0.5926095422276378,65.40512032338084,72.50777222556032,-0.002810041859402035,0
2023-07-11,185.479736328125,186.68287064614393,184.02020200954667,186.54480679233018,46638100,-0.522674560546875,-0.002810041859402035,184.6356961247332,177.0763690185547,153.21618900299072,57.05383634309869,2.7354114830780247,766516800.0,3.2069877401783913,-0.48803517791536155,3.695022918093753,178.91993818761568,185.09215927124023,191.26438035486478,6.669349050685146,0.5313968870876192,54.948218547853266,64.59593892039189,0.008985405903451982,1
2023-07-12,187.14634704589844,189.04965668897157,185.864317131752,187.0575799007695,60750200,1.6666107177734375,0.008985405903451982,184.87480573627272,177.47723663330078,153.40220973968505,60.707227035964436,2.795019260061492,827267000.0,3.0290483641191486,-0.5327796431796838,3.5618280072988324,179.41722125984433,185.38702468872071,191.3568281175971,6.4403681313728995,0.647351782863381,51.07780515240044,57.143714674544846,0.00405753919155627,1
2023-07-13,187.90570068359375,188.54672319895087,187.15621340871894,187.8662603208446,41342300,0.7593536376953125,0.00405753919155627,185.16346239792233,177.89506439208984,153.60336582183837,62.28164166404505,2.6954018952751304,868609300.0,2.915693321334828,-0.5169077487712039,3.432601070106032,180.0737789737025,185.74352569580077,191.41327241789904,6.104919889788059,0.6906765058274772,53.66575114683054,53.23059161569475,0.000787115249003767,1
2023-07-14,188.05360412597656,188.5368199651974,187.00826163970993,187.59995726794867,41616200,0.1479034423828125,0.000787115249003767,185.43871399107036,178.33653106689454,153.803592338562,62.59601320225039,2.612055926004583,910225500.0,2.805453681265533,-0.5017179110723995,3.3071715923379323,180.68975498011423,186.07586364746095,191.46197231480767,5.789153479412281,0.683596414467616,57.95014126570927,54.231232521646746,0.017305837151879278,1
2023-07-17,191.3080291748047,191.6334686208352,189.1581605746784,189.2469126832782,50520200,3.254425048828125,0.017305837151879278,185.99769638952125,178.86455505371094,154.01523166656494,68.76498555965166,2.6811851094941583,960745700.0,2.946724865376865,-0.28835738156885427,3.235082246945719,180.77069235670743,186.4693473815918,192.16800240647618,6.112162781610018,0.924545947428276,70.61981844444584,60.74523695232855,-0.0013403721281400882,0
2023-07-18,191.05160522460938,191.64331601668746,189.75971887799713,190.6768691009351,48288200,-0.2564239501953125,-0.0013403721281400882,186.47902104048205,179.4201461791992,154.23501300811768,67.81592136010644,2.624214540151028,912457500.0,3.0033710350738545,-0.18536896949749204,3.1887400045713465,181.198714177433,186.90375671386718,192.60879925030136,6.104791724618017,0.8635247664020681,81.31554546693236,69.96183505902916,0.0070718561927320955,1
2023-07-19,192.40269470214844,195.4894113562338,189.9865545896983,190.4303452538346,80507300,1.3510894775390625,0.0070718561927320955,187.04318043683122,179.84952209472655,154.49767581939696,70.1533284170343,2.8298318420356336,992964800.0,3.1213047042974438,-0.053948240219122034,3.175252944516566,181.6011394441239,187.40128402709962,193.20142861007534,6.190079873878532,0.9311453450426647,86.00233163339645,79.31256518159155,-0.010097623952727619,0
2023-07-20,190.4598846435547,193.7537038386121,189.83858989767532,192.39277822300156,59581200,-1.94281005859375,-0.010097623952727619,187.36858083747154,180.24142059326172,154.7716324234009,63.061055772060605,2.907351991957144,933383600.0,3.023150455233832,-0.12168199142618707,3.1448324466600193,182.60637206670742,187.85344467163085,193.10051727655429,5.586346967547336,0.7483708696424517,73.23881552110069,80.18556420714316,-0.006161603059899434,0
2023-07-21,189.28634643554688,192.2744541324422,188.58615588066942,191.4164870851642,71951700,-1.1735382080078125,-0.006161603059899434,187.5512251801454,180.6439224243164,155.01886081695557,59.169808078120035,2.963133867658261,861431900.0,2.8181815374627206,-0.2613207273578393,3.07950226482056,183.0631441904491,188.09702987670897,193.13091556296885,5.3524350592451295,0.618131065439584,58.38333211815945,72.54149309088554,0.004220048738136972,1
2023-07-24,190.08514404296875,192.21528467718613,189.59205676918674,190.73602285584008,45377800,0.798797607421875,0.004220048738136972,187.79255078612857,181.02714416503906,155.25216747283935,60.93674198926241,2.960691322942618,906809700.0,2.6891990715678844,-0.31224255460214057,3.001441626170025,183.64497215096804,188.39633407592774,193.14769600088744,5.044006772493562,0.6777185145767796,51.64775983028968,61.08996915651661,0.004513534905301375,1
2023-07-25,190.94309997558594,191.75177028050072,190.25278084201756,190.65711599447494,37283200,0.8579559326171875,0.004513534905301375,188.0926030898864,181.42378326416016,155.48829135894775,62.798863438765,2.8682581025561436,944092900.0,2.625939218878216,-0.30040192583344716,2.926341144711663,184.7185076189957,188.80806045532228,192.89761329164887,4.331968483193335,0.7610358156151669,53.05214414724588,54.361078698565,0.004545037909412075,1
2023-07-26,191.81094360351562,192.93518195125802,190.64726489612826,190.99241694846552,47471900,0.8678436279296875,0.004545037909412075,188.4467307578511,181.85631927490235,155.73351551055907,64.63527897322037,2.826805170597116,991564800.0,2.615681114082946,-0.24852802450297373,2.86420913858592,185.14030804277473,189.1256088256836,193.11090960859246,4.214448595993262,0.8369049068201075,60.38946238676335,55.02978878809964,-0.006580872297904605,0
2023-07-27,190.5486602783203,194.47363103189025,189.8879250921341,193.3099522093675,47460200,-1.2622833251953125,-0.006580872297904605,188.6469145217053,182.27347106933593,155.99863925933838,59.99613280171667,2.9524409398227602,944104600.0,2.4771408394946093,-0.30965463927304837,2.7867954787676577,185.46230716688495,189.32136306762695,193.18041896836894,4.076725244539372,0.6590152154128408,61.73659458318178,58.392733705730336,0.013507906959089766,1
2023-07-28,193.12257385253906,193.91151654263126,191.4559363697747,191.97860770429688,48291400,2.57391357421875,0.013507906959089766,189.0731677913085,182.7421011352539,156.27501277923585,65.44277761764806,2.981756320143345,992396000.0,2.545694803051191,-0.1928805405731735,2.7385753436243645,185.59214802081758,189.62905044555663,193.66595287029568,4.257683530296501,0.9326985197330172,68.07086986195289,63.39897561063267,0.0031659669065990936,1
2023-07-31,193.73399353027344,193.77344894031904,192.56044337061044,193.34938604539337,38824100,0.611419677734375,0.0031659669065990936,189.51705595692422,183.2107308959961,156.5615115737915,66.60590399466675,2.8554169808265777,1031220100.0,2.6191686256791513,-0.09552537435617081,2.714694000035322,185.38598815925272,189.7513343811035,194.1166806029543,4.601123081520223,0.9561676149803069,72.68240984666755,67.49662476393407,-0.004275806870700505,0
2023-08-01,192.90562438964844,194.01013518521242,192.5801849485631,193.52691923606866,35175100,-0.828369140625,-0.004275806870700505,189.83977676004082,183.61624603271486,156.8470097732544,63.488094654649885,2.753597927671059,996045000.0,2.58080478175458,-0.10711137462459375,2.6879161563791736,185.32962716458132,189.90665664672852,194.48368612887572,4.820293888551319,0.8276107084974497,76.88685569077579,72.54671179979874,-0.015489869179275861,0
2023-08-02,189.91754150390625,192.4815869108448,189.19763812575488,192.34352304314683,50389300,-2.9880828857421875,-0.015489869179275861,189.84718292612322,183.95982971191407,157.094743309021,53.719688203169866,2.8217685231155234,945655700.0,2.2829711720478656,-0.3239559874650464,2.606927159512912,185.42566908987754,189.96829376220703,194.5109184345365,4.782508262158437,0.49441377375838214,61.866636855588034,70.47863413101047,-0.007321774683130222,0
2023-08-03,188.52700805664062,189.71041463976601,188.0536484329567,188.92148694956984,61235200,-1.390533447265625,-0.007321774683130222,189.7214519861725,184.2945376586914,157.35815212249756,49.87395854918657,2.7533488479608117,884420500.0,1.9126832407630445,-0.5553951349998942,2.4680783757629388,185.36337297127275,189.9367362976074,194.51009962394207,4.8156701178320365,0.3458762030944283,36.73460842260684,58.496033656323554,-0.04802025947394584,0
2023-08-04,179.47389221191406,184.789371855198,179.40485277798012,182.95508679019278,115956800,-9.053115844726562,-0.04802025947394584,188.7454939124336,184.5002536010742,157.55651432037354,33.20649212071015,3.2082635930107894,768463700.0,0.8785887743279375,-1.271591681148001,2.1501804554759385,183.0771623878739,189.50824203491212,195.93932168195033,6.787123956174374,-0.2801450435790585,13.699369593047214,37.43353829041403,-0.017253611864171736,0
2023-08-07,176.3773193359375,180.59814508763776,174.89805755245857,179.61197056531847,97576100,-3.0965728759765625,-0.017253611864171736,187.5675725241959,184.63851501464845,157.73281665802003,29.566775112728752,3.38625101745139,670887600.0,-0.18863166411739485,-1.8710496956746667,1.6824180315572719,180.51473644284545,189.0269874572754,197.53923847170535,9.00638700212468,-0.24302720278656056,4.659703882265421,18.364560632639826,0.005311675755061085,1
2023-08-08,177.31417846679688,177.77768168655697,175.1248698685598,177.20569866966517,67823000,0.936859130859375,0.005311675755061085,186.5910588044436,184.77283142089843,157.9132632827759,31.995400753123874,3.333862503204659,738710600.0,-0.9478881833536832,-2.104244971928764,1.156356788575081,178.78443100624492,188.61870956420898,198.45298812217305,10.427680881377587,-0.07475141825514946,6.651885033192268,8.336986169501634,-0.008954205090985212,0
2023-08-09,175.72647094726562,178.42857997538025,174.5627769846933,178.36941190145535,60378500,-1.58770751953125,-0.008954205090985212,185.556336151379,184.8272689819336,158.08807834625244,30.101110965118906,3.371858252310537,678332100.0,-1.65859986598457,-2.251965323647721,0.5933654576631507,176.72440828801584,188.04771575927734,199.37102323053884,12.043015173613313,-0.04406562937917973,8.456982550047156,6.589523821834948,-0.0012347597905945085,0
2023-08-10,175.50949096679688,178.25105509162734,175.14461118800062,176.99860916334498,54686900,-0.21697998046875,-0.0012347597905945085,184.59949375284737,184.8404833984375,158.24276363372803,29.84109057701945,3.352900084547407,623645200.0,-2.213832779695906,-2.2457585898872456,0.03192581019133939,174.85340669622542,187.4279052734375,200.00240385064956,13.417957757002304,0.02608788996805141,7.647271099600181,7.585379560946535,0.00033758788543747364,1
2023-08-11,175.56874084472656,176.3883728930982,174.34424265962002,175.10462674008653,52036700,0.0592498779296875,0.00033758788543747364,183.73942204731205,184.855869140625,158.38704502105713,30.018860532870107,3.259416523756747,675681900.0,-2.6188889722024555,-2.120651825915036,-0.4982371462874196,173.21657438847544,186.803662109375,200.3907498302746,14.546917943122796,0.0865588897550517,5.560806818340403,7.221686822662581,0.009393213479525153,1
2023-08-14,177.2178955078125,177.44501774834183,175.09474782272636,175.74650562753334,43675600,1.6491546630859375,0.009393213479525153,183.11832428164544,184.8482229614258,158.52538692474366,34.95881124464805,3.19447748103237,719357500.0,-2.7748393040659494,-1.8212817262228236,-0.9535575778431257,172.06551178640763,186.0991554260254,200.13279906564316,15.08189933209681,0.1835725579798608,8.371269098047913,7.193115671996165,-0.011200387251690813,0
2023-08-15,175.2329864501953,177.23762299403361,174.8379899652799,176.6451282666605,43622600,-1.9849090576171875,-0.011200387251690813,182.36733972626922,184.78391693115233,158.6684803390503,32.02832465662192,3.137702877298181,675734900.0,-3.0237408358593427,-1.6561466064129735,-1.3675942294463692,170.70855871560838,185.3082244873047,199.90789025900102,15.757169777099163,0.1549497024568271,8.258066484100015,7.396714133496109,-0.0049588695435389685,0
2023-08-16,174.36402893066406,176.30940286172734,174.2948962433497,174.91703015656563,46964900,-0.86895751953125,-0.0049588695435389685,181.6051196504973,184.72925323486328,158.82956226348878,30.810662701697186,3.05747457308957,628770000.0,-3.2536091220320316,-1.5088119140685299,-1.7447972079635017,169.44684308833462,184.40629119873046,199.3657393091263,16.22444441906202,0.16435050965925413,6.347239660113449,7.658858414087125,-0.014555372258681754,0
2023-08-17,171.8260955810547,175.29223725703497,171.31258808782235,174.9268647491592,66062900,-2.537933349609375,-0.014555372258681754,180.6737840248361,184.63112762451172,158.92425647735595,27.51983807046222,3.1233441870983594,562707100.0,-3.5990834126258164,-1.4834289637298514,-2.115654448895965,167.83375865911802,183.47460174560547,199.11544483209292,17.049600258213477,0.12762537479152122,2.342734525335112,5.649346889849525,0.002816142199551619,1
2023-08-18,172.3099822998047,172.91236175457905,169.81159252872837,170.14734105941557,61172200,0.48388671875,0.002816142199551619,179.877231479595,184.57009552001952,159.03315036773682,29.07526493224843,3.1217316898663827,623879300.0,-3.7901383076052753,-1.3395870869674482,-2.450551220637827,166.50348614455328,182.62578353881835,198.74808093308343,17.656102092329334,0.1800765738670985,4.3125315128166255,4.334168566088396,0.007736811675210786,1
2023-08-21,173.6431121826172,173.92949746098708,171.56935789788312,172.88274314562352,46311900,1.3331298828125,0.007736811675210786,179.28350583226378,184.48148712158203,159.16191356658936,33.320816843714354,3.0673322522404955,670191200.0,-3.7902861884320203,-1.0717879742353542,-2.718498214196666,165.61003089779166,181.80368194580078,197.9973329938099,17.814436841644117,0.24803181385747883,9.8294067756863,5.494890937946013,0.007904919869506477,1
2023-08-22,175.0157470703125,175.46012191641384,174.04799506153495,174.8478727981476,42038900,1.3726348876953125,0.007904919869506477,178.87705261683988,184.41263854980468,159.32512508392335,37.47116046452843,2.9780235009230784,712230100.0,-3.6377099651219282,-0.7353694007402094,-2.902340564381719,165.12628951782435,181.0073143005371,196.88833908324986,17.547384583967204,0.3113608122837669,17.792968894170045,10.644969060890991,0.02194879576265807,1
2023-08-23,178.8571319580078,179.28176749229362,176.1019960768648,176.28962468028294,52722800,3.8413848876953125,0.02194879576265807,178.87515541123685,184.36480041503907,159.53773044586183,47.348155736969744,3.070023280998653,764952900.0,-3.1702795431098707,-0.21435118298252132,-2.9559283601273494,165.25631575657155,180.35962371826173,195.4629316799519,16.747992317042012,0.45025951387388063,34.48247380589893,20.701616491918426,-0.026170445778602724,0
2023-08-24,174.17636108398438,178.83739189345877,173.81097351698816,178.41275636104422,54945800,-4.6807708740234375,-0.026170445778602724,178.42765118959375,184.2328140258789,159.72825916290284,39.218848181743965,3.211175792428725,710007100.0,-3.141325412759187,-0.14831764210546972,-2.9930077706537173,164.97005670546986,179.54100875854493,194.11196081162,16.23133584224289,0.3159129322840509,42.33701580064758,31.53748616690552,0.012643123125354094,1
2023-08-25,176.3784942626953,176.91174101480664,173.62335841851225,175.16386577811136,51449600,2.2021331787109375,0.012643123125354094,178.23249338703198,184.13224700927734,159.9271438217163,44.08298052120415,3.216690564133415,761456700.0,-2.9071732289945373,0.06866763332734394,-2.9758408623218813,165.48951254576554,178.70380477905275,191.91809701233996,14.78904408288923,0.41201532116491624,56.73365039160014,44.51771333271555,0.008846332093362275,1
2023-08-28,177.9387969970703,178.3337935661488,176.31928695480332,177.84004032072406,43820700,1.560302734375,0.008846332093362275,178.20452230227374,184.022255859375,160.13097827911378,47.3010009418311,3.130820281791421,805277400.0,-2.566121889924034,0.3277751779182778,-2.8938970678423117,166.64202785280813,177.91404495239257,189.18606205197702,12.671306644285096,0.5010979421189244,65.20894579621644,54.759870662821385,0.021809994119915466,1
2023-08-29,181.81964111328125,182.58989476243158,177.25736718090633,177.4548654120463,53003900,3.8808441162109375,0.021809994119915466,178.54881933189353,184.0113803100586,160.3769806289673,54.33960390896257,3.2880850889152664,858281300.0,-1.9600898641178048,0.7470457629796057,-2.7071356270974105,168.1983799127365,177.35974578857423,186.52111166441196,10.330828830527022,0.7434077726591832,83.04470163021439,68.329099272677,0.019172384877404136,1
2023-08-30,185.30555725097656,185.50307057198083,182.43192527543482,182.62942352828824,60813900,3.4859161376953125,0.019172384877404136,179.19231818133,184.06844848632812,160.58141399383544,59.56391065726882,3.316323972471289,919095200.0,-1.1848624612441085,1.2178185326826418,-2.4026809939267504,169.0789628490133,177.12914657592773,185.17933030284217,9.08962063277787,1.0078400041798032,92.84413095932688,80.3659261285859,0.0011723306257274135,1
2023-08-31,185.52279663085938,186.75717945843076,185.1376697913831,185.49317264844964,60794500,0.2172393798828125,0.0011723306257274135,179.795220890809,184.15057098388672,160.7730196762085,59.87204656328531,3.1951229506553154,979889700.0,-0.5466582211530806,1.484818218218936,-2.0314764393720166,169.71094947765633,176.97893600463868,184.24692253162104,8.213391594570169,1.087773559740491,95.14301813139203,90.34395024031109,0.008463351576380562,1
2023-09-01,187.0929412841797,187.54718572230075,185.92767607044595,187.1225652663115,45766500,1.5701446533203125,0.008463351576380562,180.4902418806538,184.20413696289063,160.9794575881958,62.11893317081742,3.1114991035686055,1025656200.0,0.08484277372616589,1.693055370478546,-1.6082125967523802,168.9066767412527,177.35988845825196,185.8131001752512,9.532269996875891,1.075701470149786,96.29855887499805,94.76190265523898,0.0012667474790444277,1
2023-09-05,187.32994079589844,187.6064413525269,185.26605625958229,185.92768366781115,45280000,0.23699951171875,0.0012667474790444277,181.14164177734375,184.2687545776367,161.17842739105225,62.46060867293773,3.0564195313811777,1070936200.0,0.5975475851934675,1.7646081455566782,-1.1670605603632107,168.42361266377083,177.90751953125,187.39142639872915,10.661614407830903,0.9967584243661464,96.2001943054243,95.88059043727147,-0.03579328745024679,0
2023-09-06,180.62478637695312,186.4905763861184,179.20277485131902,186.04618648324464,81755800,-6.7051544189453125,-0.03579328745024679,181.09241745349703,184.22707885742187,161.35001712799072,48.99588943499039,3.4186157037524807,989180400.0,0.45754561676685057,1.299684941704049,-0.8421393249371985,168.52102473195916,178.07304992675782,187.62507512155648,10.728209797863794,0.6335704417731644,85.55027974045133,92.68301097362456,-0.02924960206720617,0
2023-09-07,175.34158325195312,175.983471267165,171.3718044532104,172.99131387800804,112488800,-5.283203125,-0.02924960206720617,180.5447189581119,184.02471099853517,161.4857018661499,41.41939883139541,3.835356148037499,876691600.0,-0.07880883133680072,0.6106643948803182,-0.6894732262171189,168.48141820160507,178.05380554199218,187.62619288237929,10.75224122421754,0.3583309370173602,63.42946615976819,81.7266467352146,0.003491980723312693,1
2023-09-08,175.95387268066406,177.98814840122637,175.56874581023814,176.12176201867752,65551300,0.6122894287109375,0.003491980723312693,180.10749550311687,183.81111694335937,161.62164562225342,42.528585059893814,3.7504425052686234,942242900.0,-0.4492878452948048,0.19214830473785138,-0.6414361500326562,168.52532512889312,178.07602462768554,187.62672412647797,10.72654167652345,0.3889007057917695,40.02208286629892,63.000609588839474,0.006622489563851142,1
2023-09-11,177.11912536621094,178.0473836718388,175.1243584797436,177.82026144859472,58953100,1.165252685546875,0.006622489563851142,179.82288882341155,183.6141229248047,161.77954196929932,44.67550637009291,3.6913412686133786,1001196000.0,-0.6414744614257302,-3.064911445915808e-05,-0.641443812311271,168.66051162795048,178.15354385375977,187.64657607956906,10.65713543548906,0.4455169611277366,31.56732717748297,45.00629206785003,-0.01706060272686727,0
2023-09-12,174.0973663330078,177.87951732730735,172.6358612060169,177.24751388848827,90370200,-3.021759033203125,-0.01706060272686727,179.27760096718262,183.27030395507813,161.9116607284546,40.45503271331508,3.802220900947456,910825800.0,-1.02578977344848,-0.30747676890976716,-0.7183130045387128,168.34683288730395,177.99751739501954,187.64820190273514,10.843616977306928,0.2979339673318711,26.8047284769707,32.7980461735842,-0.011854707135936282,0
2023-09-13,172.0334930419922,175.0848841389881,171.80635572558617,174.30474566083996,84267900,-2.063873291015625,-0.011854707135936282,178.58768592668827,182.914990234375,162.02908405303955,37.82659978201081,3.764814294694203,826557900.0,-1.479841066499489,-0.6092224495686209,-0.8706186169308681,167.90684612696361,177.83754272460936,187.7682393222551,11.1682791445493,0.20777227833175715,18.75531399979418,25.709123218082613,0.008782295658291694,1
2023-09-14,173.54434204101562,173.8998448696545,171.41132506918257,171.82607585790313,60895800,1.5108489990234375,0.008782295658291694,178.1073674613861,182.6121810913086,162.16861469268798,40.85600728387836,3.6736504022497547,887453700.0,-1.6981914065290198,-0.6620582316785213,-1.0361331748504985,167.80229648366364,177.79655838012695,187.79082027659027,11.242356980944141,0.2872671147122897,11.415485895711742,18.99184279082554,-0.004153726387232215,0
2023-09-15,172.823486328125,174.29487626046748,171.64836639188815,174.27512191376346,109259500,-0.720855712890625,-0.004153726387232215,177.6041406867898,182.28548767089845,162.3236665725708,39.85811917947986,3.600283221273296,778194200.0,-1.9074151610673482,-0.6970255889734798,-1.2103895720938684,167.96248503561725,177.84642791748047,187.7303707993437,11.115143551209588,0.245903955061677,8.799925899342819,12.990241931616247,0.016913146203126228,1
2023-09-18,175.74647521972656,177.13886254322455,173.96896109059597,174.2750855940285,67257600,2.9229888916015625,0.016913146203126228,177.4272201661171,182.03954162597657,162.5083288192749,45.65445302386248,3.6513612922608853,845451800.0,-1.8164270781298342,-0.4848300048287726,-1.3315970733010616,168.40962382118911,178.01825256347655,187.626881305764,10.795105113012225,0.3817845186508284,16.423507095443142,12.212972963499235,0.006180997091351559,1
2023-09-19,176.832763671875,177.38576479928514,174.91699900323943,175.30212586469654,51826900,1.0862884521484375,0.006180997091351559,177.3706052619036,181.85614868164063,162.66469486236574,47.67284803666758,3.5668901853883734,897278700.0,-1.6377846058207126,-0.2449500260157209,-1.3928345798049917,168.7609037359837,178.17773513793946,187.59456653989523,10.570155013661559,0.4285868351755172,23.175370721453405,16.13293457207979,-0.01999229953597026,0
2023-09-20,173.29747009277344,177.45486279571944,173.20858308214417,177.02035765272817,58436200,-3.5352935791015625,-0.01999229953597026,176.98268762674834,181.6125033569336,162.80200778961182,42.18205651387841,3.6154180088302943,838842500.0,-1.761176064243955,-0.29467318755117056,-1.4665028766927843,168.53091377097638,178.0918212890625,187.6527288071486,10.73705400830026,0.24927321558023066,24.148565189528004,21.24914766880818,-0.00888949701876951,0
2023-09-21,171.75694274902344,174.09734264324985,171.6878251518227,172.36920682730067,63149100,-1.54052734375,-0.00888949701876951,176.48499763839357,181.3047152709961,162.93407642364502,40.019043317723884,3.529282257587213,775693400.0,-1.9606709714644808,-0.39533447581735714,-1.5653364956471236,167.79619701660235,177.73681182861327,187.6774266406242,11.185769239066111,0.19922036047687153,15.957164512392879,21.09370014112476,0.004944625050072204,1
2023-09-22,172.60621643066406,174.86761425499944,171.87547142547365,172.48772049861157,56725400,0.849273681640625,0.004944625050072204,176.11558990432408,180.9987255859375,163.0761930465698,41.791124315476196,3.4993814896149837,832418800.0,-2.0268782435837522,-0.3692333983493028,-1.6576448452344494,167.58257091422698,177.65830459594727,187.73403827766757,11.342823184804997,0.24929427846783692,7.279119606670601,15.794949769530495,0.007380178839650586,1
2023-09-25,173.8800811767578,174.7589610297227,171.97418651044094,172.02356483056997,46172700,1.27386474609375,0.007380178839650586,175.90268431122252,180.71525512695314,163.24296848297118,44.442511318248144,3.4483381345911828,878591500.0,-1.954032870272755,-0.23711042003064442,-1.7169224502421105,167.33606075913255,177.53338394165038,187.73070712416822,11.487781008972794,0.32086952136832586,8.855457972370273,10.69724736381125,-0.02339820304763196,0
2023-09-26,169.8115997314453,173.01111068359924,169.51534481079926,172.63586851438868,64588900,-4.0684814453125,-0.02339820304763196,175.3225810179104,180.28532653808594,163.39908710479736,38.422908306588994,3.5137951511174235,814002600.0,-2.199243329894216,-0.38585670372168424,-1.8133866261725318,166.3930963227214,177.12702407836915,187.8609518340169,12.12003398295516,0.1592382344349786,9.222104443193867,8.452227340744914,-0.00889756669490882,0
2023-09-27,168.30068969726562,170.87808171574733,166.93794126401278,170.46333088230946,66921800,-1.5109100341796875,-0.00889756669490882,174.65382946356328,179.83030822753906,163.53924396514893,36.44848749848676,3.5442483868757897,747080800.0,-2.4868256205875525,-0.5387511955320166,-1.948074425055536,165.29014960234582,176.45107650756836,187.6120034127909,12.650449207935349,0.13486962689053544,10.776440495041987,9.618000970202042,0.0015255099977751208,1
2023-09-28,168.55743408203125,169.88068876106084,165.52578284422083,167.22429469748067,56294400,0.256744384765625,0.0015255099977751208,174.07322037960787,179.3534030151367,163.68309345245362,37.040536341213325,3.6021524961589484,803375200.0,-2.663318454447591,-0.5721952235136438,-2.091123230933947,164.7259320445755,175.6136703491211,186.5014086536667,12.39964779837549,0.1759549104820103,13.316737754829632,11.105094231021829,0.0030466443007699517,1
2023-09-29,169.0709686279297,170.90773103963988,168.21182785802986,169.87084635964763,51861100,0.5135345458984375,0.0030466443007699517,173.59681545087662,178.92562469482422,163.81805522918702,38.2790970821584,3.5374204022625966,855236300.0,-2.7302793895147204,-0.5113249268646185,-2.218954462650102,164.5558724844768,174.79107894897462,185.02628541347244,11.711360243374553,0.22056693038455585,21.725076418213266,15.272751556028297,0.014835425421933834,1
2023-10-02,171.57920837402344,172.12233981703872,168.79443355791753,169.08081880430257,52164500,2.50823974609375,0.014835425421933834,173.40466239593823,178.57148193359376,163.96073993682862,44.0668457792756,3.5224551063239247,907400800.0,-2.5515398644285767,-0.2660683214227797,-2.285471543005797,165.4044253764602,174.0153923034668,182.62635923047338,9.896787649669351,0.3585417903648687,34.55125590425036,23.197690025764416,-0.007769674639816482,0
2023-10-03,170.24609375,171.46073744550782,168.6858469308082,170.1078434596355,49594600,-1.3331146240234375,-0.007769674639816482,173.10384633442033,178.17470092773436,164.10787044525148,41.822103933806446,3.4775198446733047,857806200.0,-2.4887697237341797,-0.16263854458270632,-2.3261311791514734,166.94700208461697,173.16119995117188,179.3753978177268,7.177355976173873,0.26544790946703584,39.670726149190905,31.982352823884842,0.007308522675125717,1
2023-10-04,171.49034118652344,172.03347264460572,168.83394692911625,168.95244285882518,53020300,1.2442474365234375,0.007308522675125717,172.95017917747776,177.78564575195313,164.29421230316163,44.655782801553116,3.457663121160174,910826500.0,-2.3119725846784718,0.011326875578401285,-2.323299460256873,167.48919212223186,172.7044776916504,177.91976326106894,6.0395487588109935,0.38359827194828716,46.771684114056164,40.33122205583248,0.007198194182986395,1
2023-10-05,172.72476196289062,173.25800883188634,170.52261166431626,171.61874445939648,48527900,1.2344207763671875,0.007198194182986395,172.92871087132662,177.40392211914062,164.4965102005005,47.393407697934194,3.406072695903739,959354400.0,-2.0486367290735927,0.21973018494662444,-2.268366914020217,167.50018186962896,172.57363662719726,177.64709138476556,5.879756441046956,0.5148937304967512,49.97269540613902,45.47170188979536,0.01475022725887376,1
2023-10-06,175.27249145507812,175.76624458491796,171.016326818613,171.6285909459562,57266700,2.5477294921875,0.01475022725887376,173.15192806977916,177.09839874267578,164.7220682144165,52.604335807004844,3.5020616295038254,1016621100.0,-1.61573549548703,0.5221051348265497,-2.1378406303135797,167.54888978686728,172.53956756591796,177.53024534496865,5.784966137861704,0.7738028791031277,64.01791857929938,53.58743269983152,0.008451283219192307,1
2023-10-09,176.75376892089844,176.81301689163445,173.60362121945622,174.6009972191987,42390800,1.4812774658203125,0.008451283219192307,173.4949605317905,176.77102264404297,164.95537685394288,55.372220385450404,3.4811569182662834,1059011900.0,-1.1399903380476246,0.7982802338127644,-1.938270571860389,167.59555527973544,172.52129974365235,177.44704420756926,5.710302984310955,0.9296273597068068,78.72547288014825,64.23869562186222,-0.003352200304996611,0
2023-10-10,176.1612548828125,177.47464011941017,175.72674968355904,175.8748846750232,43698000,-0.5925140380859375,-0.003352200304996611,173.74889332712593,176.41956787109376,165.1702356338501,54.0134130140299,3.3573521695223443,1015313900.0,-0.801530262316561,0.9093922476350624,-1.7109225099516234,167.48898838606638,172.62449417114257,177.75999995621876,5.949915520082302,0.8443439516656542,88.27884854889123,77.00741333611295,0.007903833587529219,1
2023-10-11,177.55360412597656,177.60298244581088,175.38109366659629,175.97358830016492,47551100,1.3923492431640625,0.007903833587529219,174.1112467365403,176.1125274658203,165.40788761138916,56.70225602019329,3.2762476416432196,1062865000.0,-0.4161501464080004,1.0358178908348985,-1.451968037242899,167.34549550147364,172.9004997253418,178.45550394920997,6.425665897660766,0.9188209597250874,94.24074621164645,87.08168921356197,0.00506146662045448,1
2023-10-12,178.45228576660156,180.0619109305439,176.80313684087554,177.8202822818536,56743100,0.898681640625,0.00506146662045448,174.52467902511756,175.8832223510742,165.6518521499634,58.393243897322726,3.274999530787872,1119608100.0,-0.037782002823973926,1.13134882753514,-1.169130830359114,167.08794743385613,173.1458969116211,179.20384638938606,6.997508558758542,0.9379690582149112,92.50871621624668,91.67610365892813,-0.01029281707156593,0
2023-10-13,176.61550903320312,179.6570151987734,175.91437292525092,179.1533924067404,51427100,-1.8367767333984375,-0.01029281707156593,174.7238056925543,175.64499237060548,165.89562992095946,53.77094447956762,3.308402583840344,1068181000.0,0.11256733894737181,1.0253585354451886,-0.9127911964978168,167.0951607602237,173.335498046875,179.57583533352627,7.2002992542978275,0.762807187789706,88.2695519738049,91.673004800566,-0.0007267591294579656,0
2023-10-16,176.48715209960938,176.8426550206093,174.3047562379969,174.54176320804768,52517000,-0.12835693359375,-0.0007267591294579656,174.89174344560715,175.58525756835937,166.15838298797607,53.452516460348235,3.253366598038347,1015664000.0,0.2188402890633938,0.9053051884489686,-0.6864648993855748,167.06695135480527,173.37253189086914,179.678112426933,7.274024861138874,0.7469733112539446,80.20842542350682,86.99556453785279,-0.008784947116017294,0
2023-10-17,174.9367218017578,176.19085892709333,172.6160912129652,174.44296868905948,57549400,-1.5504302978515625,-0.008784947116017294,174.89602709857388,175.5564456176758,166.3958319091797,49.629377898679934,3.29748761865305,958114600.0,0.17592761608844398,0.689914012379215,-0.513986396290771,167.128006765481,173.2777297973633,179.4274528292456,7.098111268048113,0.6348834732713756,72.1467555758773,80.20824432439633,-0.0073947288243263465,0
2023-10-18,173.6431121826172,175.36137864838344,172.9222367694585,173.3863659573123,54764400,-1.293609619140625,-0.0073947288243263465,174.77670186848277,175.4830242919922,166.62523956298827,46.632453279975614,3.236177208672471,903350200.0,0.03710777315853875,0.44087533555944786,-0.4037675624009091,167.14322178791636,173.29501190185547,179.4468020157946,7.099789020382354,0.5282926005532085,61.9942612217633,71.44981407371581,-0.002161007919682767,0
2023-10-19,173.2678680419922,175.61812287122567,173.00123711265553,173.84060845589931,59302900,-0.375244140625,-0.002161007919682767,174.63300340881702,175.4338522338867,166.87666538238526,45.76906842243751,3.1919421050937324,844047300.0,-0.10201109816870257,0.24140517138576523,-0.3434162695544678,167.25919917953573,173.3705581665039,179.4819171534721,7.0500540017860205,0.4915984215024269,50.2842519269596,61.47508957486673,-0.014704168975797405,0
2023-10-20,170.72010803222656,173.2283676109075,170.48310107616433,173.11974130623128,64244000,-2.547760009765625,-0.014704168975797405,174.2603467062846,175.33806457519532,167.10901000976563,40.31177433241123,3.162858166574741,779803300.0,-0.4130849599799262,-0.055734952340366684,-0.35735000763955954,167.0632608631398,173.27625274658203,179.48924463002427,7.171198343640078,0.29429035460615605,34.66432662413544,48.98094659095278,0.0006940277770204339,1
2023-10-23,170.83859252929688,171.8359684831129,167.80694090892598,168.77470794688867,55980100,0.1184844970703125,0.0006940277770204339,173.9344653560953,175.24346160888672,167.34853523254395,40.66609453607051,3.2247274099756114,835783400.0,-0.6426445219178447,-0.2282356114226281,-0.4144089104952166,166.82939656071173,173.124178314209,179.41896006770625,7.271984554430805,0.3184539294279514,27.632606006504663,37.5270615191999,0.0025433013239100077,1
2023-10-24,171.27308654785156,171.50020876645127,169.3079436842464,170.8879597127696,43816600,0.4344940185546875,0.0025433013239100077,173.6810007076911,175.1245654296875,167.56761669158936,42.02520093158115,3.15098010084913,879600000.0,-0.7805148037574838,-0.29288471460981375,-0.4876300891476701,167.02525211556764,173.1972526550293,179.36925319449097,7.127134460677533,0.34412135944615696,23.634557531734828,28.643830054124976,-0.013491673120524239,0
2023-10-25,168.9623260498047,170.8978298690587,168.51793618108192,169.7325797223047,57157000,-2.310760498046875,-0.013491673120524239,173.23160312122573,174.99915222167968,167.77253868103028,37.15126374157835,3.122706548414881,822443000.0,-1.0639722460258554,-0.4610737255025482,-0.6028985205233072,167.15737243235463,173.23033447265624,179.30329651295784,7.0114302541627875,0.14860570554137803,20.81654051832274,24.02790135218741,-0.02460554234287282,0
2023-10-26,164.80491638183594,169.23882483986895,163.60015755926395,168.24143389027685,70625300,-4.15740966796875,-0.02460554234287282,172.42906152699814,174.8079699707031,167.95382194519044,30.334739677822903,3.3024180292856045,751817700.0,-1.6055744635267786,-0.802140754402777,-0.8034337091240016,166.21845855991998,173.04270858764647,179.86695861537297,7.887359234520993,-0.10356758415510213,15.010004846189467,19.82036763208235,0.007969516663572707,1
2023-10-27,166.1183319091797,166.8490920877316,164.74569858206283,164.8247009041889,58499100,1.31341552734375,0.007969516663572707,171.82803965863448,174.69381469726562,168.12810256958008,34.42802176437613,3.216773420455831,810316800.0,-1.9068356521108853,-0.8827215543895068,-1.0241140977213785,165.62062401486804,172.89507675170898,180.16952948854993,8.414875511218439,0.03420930153213035,10.681181438202657,15.502575600904956,0.012305254901586071,1
2023-10-30,168.16246032714844,169.03147079181505,166.76020302980592,166.90833803254793,51131000,2.04412841796875,0.012305254901586071,171.47893686515962,174.6108642578125,168.31299720764162,40.306601690798885,3.1950852391829407,861447800.0,-1.9580718018233085,-0.7471661632815438,-1.2109056385417647,165.17876715239174,172.72423934936523,180.26971154633873,8.73701598038182,0.19771414544165056,16.776738486895923,14.155974923762683,0.0028186062675721324,1
2023-10-31,168.63644409179688,168.764809656098,165.8022909489589,167.23418704526227,44846000,0.4739837646484375,0.0028186062675721324,171.2082232676965,174.5107308959961,168.49362449645997,41.613690627923525,3.178473344036953,906293800.0,-1.9380892051095486,-0.5817468532542271,-1.3563423518553215,164.96117827288978,172.64375686645508,180.32633546002037,8.899920545065516,0.23919480771634333,24.535182405443155,17.33103411018058,0.01873873821703298,1
2023-11-01,171.79647827148438,172.05322449399938,167.99457285522465,168.86358325166134,56934900,3.1600341796875,0.01873873821703298,171.26424755377153,174.44634552001952,168.6842504119873,49.54580730975356,3.241343222232509,963228700.0,-1.648264339160903,-0.23353758984446515,-1.414726749316438,164.98452273739238,172.65906372070313,180.33360470401388,8.889821151498012,0.4438021471841407,36.451344919159204,25.92108860383276,0.020693225083121325,1
2023-11-02,175.35150146484375,175.5588693503195,173.26786256268767,173.32711052996643,77334800,3.555023193359375,0.020693225083121325,171.6535098310165,174.37623291015626,168.8962403869629,56.67657368595674,3.278560926275553,1040563500.0,-1.1188183422760574,0.23672672563230468,-1.355545067908362,165.02647368366223,172.79040069580077,180.5543277079393,8.986525849670329,0.6649359122670021,56.793036057668,39.25985446075679,-0.0051810694131033674,0
2023-11-03,174.4429931640625,174.61088250590672,171.18423421755685,172.06311427874405,79829200,-0.90850830078125,-0.0051810694131033674,171.9191749103542,174.3815655517578,169.10339279174804,54.55459307281153,3.342039949204935,960734300.0,-0.7637337551234111,0.4734490502279609,-1.237182805351372,165.02974580916492,172.74892578125,180.46810575333507,8.936877537357057,0.6097310458454638,75.30101607526757,56.18179901736493,0.014605115192958706,1
2023-11-06,176.99075317382812,177.18825142381783,174.00849494223715,174.17636920813592,63841300,2.547760009765625,0.014605115192958706,172.4021823640184,174.39381072998046,169.31050102233885,59.17116028300039,3.3304482729460596,1024575600.0,-0.27358994668779246,0.7708742869308638,-1.0444642336186563,165.01635480661807,172.7607749938965,180.5051951811749,8.965484424982495,0.7730984423391773,91.13465804092091,74.40957005795217,0.014450741969362468,1
2023-11-07,179.54840087890625,180.1606499568927,176.73400192517136,176.9413698079054,70530000,2.557647705078125,0.014450741969362468,173.08277460353153,174.42600280761718,169.51446800231935,63.21141830748395,3.337319684287152,1095105600.0,0.31757256855073024,1.0896294417355092,-0.772056873184779,164.75926717468695,172.93013229370118,181.1009974127154,9.449903276702507,0.9049919126558496,93.65576427746146,86.69714613121664,0.005884905468601653,1
2023-11-08,180.6050262451172,181.15802736111343,179.32126504404005,180.07177947416378,49340300,1.0566253662109375,0.005884905468601653,173.79917952177777,174.4017105102539,169.71673652648926,64.7627650481735,3.2301370152004543,1144445900.0,0.8614042257310928,1.3067688791326975,-0.4453646534016047,164.47018773349194,173.08270339965821,181.6952190658245,9.951907957295381,0.9367088047810436,97.2332990143882,94.00790711092351,-0.002624421781070141,0
2023-11-09,180.13104248046875,181.81966995293175,179.53853262491765,180.67417400336535,53763500,-0.4739837646484375,-0.002624421781070141,174.40221408927215,174.29822021484375,169.9199291229248,63.469790387716024,3.1623513232585716,1090682400.0,1.2398559163622167,1.3481764558110572,-0.10832053944884043,164.31697583718795,173.16664123535156,182.01630663351517,10.220981749176492,0.8934838737836556,94.62837537826567,95.17247955670511,0.023220027195099524,1
2023-11-10,184.31369018554688,184.48180071812672,181.47581782404296,181.91089548671326,66133400,4.182647705078125,0.023220027195099524,175.34616419367927,174.2740380859375,170.13371032714844,69.29539098797363,3.2472375314299575,1156815800.0,1.8558927454228638,1.5713706278973634,0.2845221175255004,163.5417371093419,173.55155029296876,183.5613634765956,11.535262193543636,1.037579458035334,95.59236958576803,95.81801465947397,-0.008583859403724525,0
2023-11-13,182.7315673828125,183.94779597294095,182.1481747757102,183.74015491726047,43627500,-1.582122802734375,-0.008583859403724525,176.0495359259777,174.18681060791016,170.32989517211914,65.06839145627553,3.169971665601866,1113188300.0,2.191183681415538,1.52532925111203,0.6658544303035079,163.14288378464286,173.8637710571289,184.58465832961494,12.332514367197664,0.913575672437197,93.8483386538828,94.6896945393055,0.014285754844726162,1
2023-11-14,185.34202575683594,186.0045247766197,184.214786141562,185.5991101996175,60108400,2.6104583740234375,0.014285754844726162,176.93453495748798,174.14705230712892,170.55353782653808,68.48436982232585,3.177327789045103,1173296700.0,2.6371469496348254,1.577034015465054,1.0601129341697715,162.5529525371684,174.3840362548828,186.2151199725972,13.568998598497709,0.9631016804295792,95.95208130873317,95.13092984946134,0.0030410218518388543,1
2023-11-15,185.90565490722656,187.3789832148446,185.67823345303117,185.7474572062222,53790500,0.563629150390625,0.0030410218518388543,177.78892733365356,174.2526696777344,170.773656539917,69.18504924307699,3.0958727653996427,1227087200.0,3.001457283460212,1.5530754794323522,1.4483818040278598,162.15541164251323,174.99716339111328,187.83891513971332,14.676525607331275,0.92472755001289,94.05058098000909,94.61700031420837,0.009042219596269163,1
2023-11-16,187.58665466308594,188.82266388785246,186.5385061665612,187.4482222334322,54412900,1.680999755859375,0.009042219596269163,178.72204422217092,174.49757110595704,170.99657508850098,71.23885084575458,3.0830967807729466,1281500100.0,3.386777812896696,1.550716807095069,1.8360610058016271,161.7861045859512,175.71310272216797,189.64010085838476,15.85197452034947,0.9262782196416438,95.05474322550883,95.01913517141702,-0.00010558271449900847,0
2023-11-17,187.5668487548828,188.24912816814668,186.4593894684262,188.12057839811112,50922700,-0.019805908203125,-0.00010558271449900847,179.56440655861968,174.7298306274414,171.1928945159912,71.17865609934397,2.990714060697771,1230577400.0,3.6484913995455486,1.449944314995137,2.1985470845504116,161.91852033639765,176.5554397583008,191.19235918020394,16.580536336847686,0.876151862259493,94.22200147134738,94.44244189228841,0.009278267570782317,1
2023-11-20,189.30714416503906,189.76200213676566,187.75472463510502,187.76460727588125,46505100,1.74029541015625,0.009278267570782317,180.49228633065962,174.97359100341797,171.3798223876953,73.3124992119503,2.9338882979252765,1277082500.0,3.9507863916100234,1.4017914456476892,2.5489949459623342,162.0901292249767,177.4788673400879,192.8676054551991,17.341487857957826,0.8843160087745012,95.69531420405893,94.99068630030506,-0.004230788978588751,0
2023-11-21,188.5062255859375,189.37638084971888,187.61630503925363,189.2676114417462,38134500,-0.8009185791015625,-0.004230788978588751,181.2555186406861,175.26176818847657,171.5763645172119,70.71756914300595,2.850044548820989,1238948000.0,4.078713049833539,1.223774483096963,2.8549385667365756,162.5145446100698,178.34052429199218,194.16650397391456,17.748046603262107,0.8211713112951026,95.23185782513924,95.04972450018185,0.0035145051653140413,1
2023-11-22,189.16873168945312,190.77059476808083,188.69410838615653,189.34672485819107,39617700,0.662506103515625,0.0035145051653140413,182.0091579786639,175.60447296142578,171.76186294555663,71.61264283905071,2.808210594058299,1278565700.0,4.185308917954785,1.0642962809745677,3.1210126369802174,163.46882520493932,179.3508445739746,195.23286394300987,17.710559888090874,0.8090881230953597,94.32411500423807,95.08376234447876,-0.007004393354005489,0
2023-11-24,187.84371948242188,188.76330300712377,187.13177703645835,188.73363999587542,24048300,-1.32501220703125,-0.007004393354005489,182.56483050283134,175.89046051025392,171.9541584777832,67.18914841913016,2.7531208839823336,1254517400.0,4.115429391643261,0.7955334037304342,3.3198959879128265,165.70279641133044,180.5027847290039,195.30277304667737,16.398626026621457,0.7480047482419888,89.20023428190929,92.9187357037622,-0.0009475630854440809,0
2023-11-27,187.6657257080078,188.53588093642713,186.78568783853885,187.79427548166112,40552600,-0.1779937744140625,-0.0009475630854440809,183.05063004618148,176.18730529785157,172.15072624206542,66.59406082408594,2.6814831849756158,1213964800.0,3.9995820611993054,0.5437488586291832,3.455833202570122,168.0422151179792,181.5801544189453,195.11809371991143,14.91125431001795,0.7247598823488672,84.08014976137423,89.20149968250719,0.003214118770835661,1
2023-11-28,188.26890563964844,188.9413024556769,187.2800983304318,187.65584993609482,38415400,0.603179931640625,0.003214118770835661,183.54760867413071,176.43775390625,172.34848808288575,67.64002472528765,2.6086061092805783,1252380200.0,3.911356118091163,0.36441833241683286,3.5469377856743303,170.24959063143734,182.58547668457032,194.9213627377033,13.5124504721086,0.7303616023445141,79.52293965533617,84.26777456620657,-0.005409619455243431,0
2023-11-29,187.2504425048828,189.93999969621768,186.85492560121705,188.76331653900834,43014200,-1.018463134765625,-0.005409619455243431,183.90025951515472,176.64610748291017,172.52717338562013,63.99641566075257,2.6426395368320112,1209366000.0,3.7164144468645475,0.13558132895217323,3.5808331179123742,172.83223751363755,183.51617660522462,194.20011569681168,11.643593811972318,0.6747607257794411,74.89662469166326,79.49990470279123,0.0030627515707959407,1
2023-11-30,187.82394409179688,188.18981305356235,186.08364867108205,187.71517468500207,48794400,0.5735015869140625,0.0030627515707959407,184.2739437605492,176.93663696289062,172.71192680358888,65.1353211321574,2.604319882949746,1258160400.0,3.5670794812201336,-0.011002909353792667,3.5780823905739263,174.9463779181241,184.31754989624022,193.68872187435633,10.168507538638094,0.6870840810383646,71.70249118546887,75.37401851082278,0.006791326508644335,1
2023-12-01,189.09951782226562,189.4159283197641,187.11200544734405,188.19969953750024,45704800,1.27557373046875,0.006791326508644335,184.73352224261743,177.28348846435546,172.89256988525392,67.59095597572092,2.582862953626197,1303865200.0,3.511183842975271,-0.05351883807892488,3.5647026810541957,176.37800320876119,185.00495071411132,193.63189821946145,9.326180161179987,0.7373126245184058,72.52565449402162,73.04159012371791,-0.009464669317555185,0
2023-12-04,187.30975341796875,187.92282418358675,185.35191925319242,187.85360043262926,43389500,-1.789764404296875,-0.009464669317555185,184.9788775926509,177.57755920410156,173.07224105834962,61.0893776149251,2.666058354729555,1260475700.0,3.2846042440876317,-0.22407874957325147,3.508682993660883,178.47053687064115,185.64828872680664,192.82604058297213,7.732634548253777,0.615737122462304,65.3755732663599,69.86790631528346,0.021063201171240387,1
2023-12-05,191.25509643554688,192.2241233156588,188.05135551468544,188.081033613139,66628400,3.945343017578125,0.021063201171240387,185.57661272054577,177.92505950927733,173.2773508453369,68.32289163309714,2.8266520363695906,1327104100.0,3.3843814458589634,-0.09944123824153595,3.4838226841004993,179.97542093992942,186.36150588989258,192.74759083985575,6.853437805698173,0.8831448049937481,71.24275643845914,69.71466139961355,-0.00568704846158008,0
2023-12-06,190.16741943359375,192.58009647341478,189.95976327032974,192.27356863697858,41089700,-1.087677001953125,-0.00568704846158008,186.01383240750272,178.33217590332032,173.49706336975098,64.74921292257872,2.8119149768492657,1286014400.0,3.337219761098254,-0.11728233840179625,3.45450209950005,181.12463564843506,186.89245681762696,192.66027798681887,6.17234239134675,0.7838994587297183,66.57669880995911,67.73167617159271,0.010139365016498703,1
2023-12-07,192.09559631347656,192.81742141001197,191.42319951100376,191.46276025185608,47477700,1.9281768798828125,0.010139365016498703,186.59304801759546,178.80807403564452,173.72429924011232,67.94967920114148,2.800349762532763,1333492100.0,3.4160534086285566,-0.030758952697194974,3.4468123613257515,182.03968354975495,187.46698532104492,192.89428709233488,5.790141407560893,0.926419166234377,80.95058177249145,72.92334567363658,0.007412398761253325,1
2023-12-08,193.5194854736328,193.79635031367135,191.50231010992096,192.02637677770835,53406400,1.42388916015625,0.007412398761253325,187.25270872769426,179.30731506347655,173.9562417602539,70.10798800053682,2.764184794048308,1386898500.0,3.552474878488084,0.08453001372986613,3.467944864758218,183.21437124509382,188.13640747070312,193.05844369631242,5.232412260636763,1.0468344559230989,84.55791615537261,77.36173224594104,-0.012927426807962772,0
2023-12-11,191.0177764892578,191.32431940935732,189.2774811684409,190.94856782781682,60943700,-2.501708984375,-0.012927426807962772,187.61128660974794,179.74625122070313,174.18892135620118,62.18462573024769,2.869743330558567,1325954800.0,3.419307223601777,-0.03891011292515323,3.45821733652693,183.72663371741405,188.47161178588868,193.21658985436332,5.0352177959459725,0.7683009980895067,84.71610266807112,83.40820019864505,0.007920172167028117,1
2023-12-12,192.53067016601562,192.54055280703432,189.57413099725628,190.9189094878757,52696900,1.5128936767578125,0.007920172167028117,188.07979932939247,180.16528045654297,174.42320747375487,64.77714986034952,2.876648936217101,1378651700.0,3.3966938018384667,-0.0492188277507708,3.4459126295892375,184.68837587461053,188.96156692504883,193.23475797548713,4.522815004104248,0.9176156879998046,82.94292502297274,84.07231461547217,0.01669156557182805,1
2023-12-13,195.7443084716797,195.78385412672148,192.66911702808835,192.90642113434447,70404200,3.2136383056640625,0.01669156557182805,188.80975258103885,180.67524475097656,174.67607299804686,69.55225376994697,2.903544295109155,1449055900.0,3.5966265835089644,0.12057116313578131,3.476055420373183,184.60736184465924,189.481681060791,194.35600027692277,5.144897584656692,1.1424104714112948,83.90945339866805,83.85616036323731,0.0007577777848801759,1
2023-12-14,195.89263916015625,197.38573293709894,193.96446770304377,195.80365011321348,66831600,0.1483306884765625,0.0007577777848801759,189.48431320762145,181.16329071044922,174.94002082824707,69.75605904171964,2.9405243621767276,1515887500.0,3.7241145262516397,0.19844728470276518,3.5256672415488746,184.64960706605314,189.9810302734375,195.3124534808219,5.61258479303004,1.0544118949824475,90.74169660592446,85.8646916758551,-0.002726043424141733,0
2023-12-15,195.35862731933594,196.17932394048455,194.79500002625898,195.31906658578717,128538400,-0.5340118408203125,-0.002726043424141733,190.0437716944514,181.61596801757813,175.198344039917,67.99156634027625,2.829367187323074,1387349100.0,3.738958955329309,0.17063337102434728,3.568325584304962,184.6725120115862,190.36962890625,196.0667458009138,5.985321216830666,0.9378529092284279,90.12278349425362,88.25797783294871,-0.00850314804558272,0
2023-12-18,193.6974639892578,194.4291868327445,192.21425301938103,193.8952224343076,55751900,-1.661163330078125,-0.00850314804558272,190.3917423891949,181.98446746826173,175.4231502532959,62.68010779296953,2.8518676953682047,1331597200.0,3.5754655334856125,0.005711959344520068,3.5697535741410924,184.95557591869073,190.67615966796876,196.3967434172468,6.000313577994745,0.7640730783523931,80.03274070910403,86.9657402697607,0.005360103865108989,1
2023-12-19,194.73570251464844,194.74558515548247,193.69745188302565,193.96443406555753,40714100,1.038238525390625,0.005360103865108989,190.80545287733332,182.34410614013672,175.6393601989746,64.54439630082626,2.7230295223031065,1372311300.0,3.489448797217733,-0.06424382153868757,3.5536926187564206,185.00187291769848,190.9475875854492,196.89330225319995,6.22758814911974,0.8185584190362997,76.82805798231104,82.32786072855623,-0.01071390596557853,0
2023-12-20,192.64932250976562,195.46741418063525,192.64932250976562,194.69614571593394,52242800,-2.0863800048828125,-0.01071390596557853,190.98105950899355,182.67386749267578,175.8561190032959,58.24744182727594,2.729819675772143,1320068500.0,3.2158560969349423,-0.2702692174571828,3.486125314392125,185.27537162711573,191.1547424316406,197.0341132361655,6.151425520219484,0.6271037435651067,69.32335808490551,75.3947189254402,-0.0007700309834108854,0
2023-12-21,192.5009765625,194.8741228719849,191.33419132020353,193.9050960501454,46482500,-0.148345947265625,-0.0007700309834108854,191.1258135140894,182.97281494140626,176.06588249206544,57.8155414681158,2.787684809772802,1273586000.0,2.9530210442598843,-0.4264834161057931,3.3795044603656774,185.48786652226127,191.32135467529298,197.1548428283247,6.0981045873652695,0.6011077640222824,66.00912078051729,70.72017894924461,-0.005547433429213489,0
2023-12-22,191.43309020996094,193.22282892375426,190.81013681243016,192.9953923922105,37149600,-1.0678863525390625,-0.005547433429213489,191.15507796131527,183.23243103027343,176.28153350830078,54.67277671479794,2.760899617026467,1236436400.0,2.6282559686651155,-0.6009987933604499,3.2292547620255654,185.88972208369452,191.5008232116699,197.1119243396453,5.860132644728445,0.4939643752479103,52.09257189959277,62.47501692167185,-0.0028409600407596214,0
2023-12-26,190.8892364501953,191.71983089218512,190.67169765519787,191.4429660781885,28919300,-0.543853759765625,-0.0028409600407596214,191.129759722161,183.5179055786133,176.50475639343261,53.08999245624031,2.6385591613093795,1207517100.0,2.3004744161389965,-0.7430242767092556,3.043498692848252,186.32217115285826,191.6619987487793,197.00182634470033,5.572129718755786,0.4276416434142669,38.50495298697458,52.20221522236155,0.0005180607023900219,1
2023-12-27,190.98812866210938,191.33421726083122,188.95118798803827,190.33552729492325,48087700,0.0988922119140625,0.0005180607023900219,191.11627104977515,183.80792510986328,176.71877334594726,53.354431525687424,2.6203070264153494,1255604800.0,2.0253381122197993,-0.8145284645027622,2.8398665767225615,186.6766298944256,191.79795989990234,196.9192899053791,5.3403383520341166,0.4209354565194071,26.752252994302413,39.11659262695659,0.002226323798207863,1
2023-12-28,191.413330078125,192.4812438348005,191.00791544042355,191.96705978425237,34049900,0.425201416015625,0.002226323798207863,191.14456238580846,184.13745727539063,176.92447738647462,54.54101194109606,2.5397933225779044,1289654700.0,1.8206139060140174,-0.8154021365668354,2.6360160425808528,187.32119981594403,192.00610427856446,196.6910087411849,4.879953666289202,0.43673572159592083,24.40636896908188,29.887858316786293,-0.005424225379418335,0
2023-12-29,190.37506103515625,192.2241257878035,189.58401220758475,191.72972215657148,42672100,-1.03826904296875,-0.005424225379418335,191.0712765428892,184.47209625244142,177.12302017211914,51.12130710979462,2.5469590552665364,1246982600.0,1.5566448304192306,-0.8634969697292978,2.4201418001485284,187.7842675826167,192.13366012573243,196.48305266884816,4.527465453236544,0.2978339419651008,23.407529578444905,24.8553838472764,-0.0357864675924664,0
2024-01-02,183.5622100830078,186.3308738952772,181.83179708633995,185.05530386559408,82488700,-6.8128509521484375,-0.0357864675924664,190.35612735623383,184.67798309326173,177.27341606140138,35.42546413397863,2.9752665476629483,1164493900.0,0.7886166202471827,-1.3052201439210767,2.0938367641682594,186.2475750971825,191.85679473876954,197.46601438035657,5.847298396936626,-0.23937064206447395,19.065951194716128,22.293283247414305,-0.0074876559994141445,0
2024-01-03,182.18775939941406,183.79952025374087,181.37693010719954,182.15809638511382,58414500,-1.37445068359375,-0.0074876559994141445,189.57818755082243,184.90733612060546,177.42112525939942,33.210134833274786,2.935789661868547,1106079400.0,0.06825524298523078,-1.620465216946423,1.6887204599316539,184.83579084898358,191.6006950378418,198.36559922670003,7.061461011424966,-0.1957183262056257,11.023861070040178,17.832447281067072,-0.012700319610193023,0
2024-01-04,179.87391662597656,181.04070184894312,178.85544644389557,180.11122069139344,71983600,-2.3138427734375,-0.012700319610193023,188.6539712722657,185.08804260253908,177.5454473876953,29.828382396389184,2.9641127542721146,1034095800.0,-0.6814883392803495,-1.8961670393696028,1.2146787000892534,182.5494078700935,191.0316360473633,199.5138642246331,8.880443420551314,-0.15771158168596297,7.228794906983018,12.439535723913108,-0.004012905429209512,0
2024-01-05,179.152099609375,180.7144169560074,178.15340966673114,179.95304619735901,62379700,-0.7218170166015625,-0.004012905429209512,187.74903111389514,185.24562286376954,177.65690322875977,28.841716250481,2.935319506772411,971716100.0,-1.3187088755502998,-2.0267100605116424,0.7080011849613428,180.54054182876635,190.48087005615236,200.42119828353836,10.437088222513546,-0.06983885177785863,5.367147985171634,7.873267987398276,0.024174868187411658,1
2024-01-08,183.4830780029297,183.52263874374273,179.46852282651062,180.0519155054874,59144500,4.3309783935546875,0.024174868187411658,187.34274986523178,185.53603790283202,177.79715393066405,41.37267233794725,3.037835194457791,1030860600.0,-1.457436559175676,-1.732350195309615,0.27491363613393904,179.6897074219756,190.050244140625,200.4107808592744,10.902944919116512,0.1830682465574322,13.939653412133824,8.845198768096159,-0.002263498766335803,0
2024-01-09,183.06776428222656,183.0776469225398,180.68473531069785,181.86141829199212,42841800,-0.415313720703125,-0.002263498766335803,186.93560838113606,185.90129486083984,177.9299115753174,40.63371357512436,3.0207285871559377,988018800.0,-1.5826478154149015,-1.4860491612390725,-0.09659865417582905,178.86969325426378,189.52765808105468,200.18562290784558,11.2468701768402,0.1969452468734979,21.56880372082435,13.625201706043269,0.00567166789094653,1
2024-01-10,184.10606384277344,184.31370496059992,181.86146667843008,182.28666173303466,46792900,1.038299560546875,0.00567166789094653,186.66612794891105,186.26104949951173,178.06136093139648,43.357542286492034,2.9801221367997885,1034811700.0,-1.5798846145852963,-1.1866287683275738,-0.3932558462577225,178.29404495175677,189.18207244873048,200.0700999457042,11.51063349295365,0.26689953219865103,31.18222807194307,22.23022840163375,-0.003222639617258216,0
2024-01-11,183.51275634765625,184.9564217479187,181.56480461990643,184.45212033242825,49128400,-0.5933074951171875,-0.003222639617258216,186.36580684402966,186.56805541992188,178.19954429626466,42.166974308236604,3.00951463617211,985683300.0,-1.6070447034080928,-0.9710310857202962,-0.6360136176877966,177.6893688100695,188.7311767578125,199.7729847055555,11.70109585223674,0.2636971936637003,31.605471031474394,28.11883427474727,0.001778045035160103,1
2024-01-12,183.83905029296875,184.64987951630312,183.11722519297732,183.97748271061099,40477800,0.3262939453125,0.001778045035160103,186.12516336297625,186.8721075439453,178.34246116638184,43.09246735689929,2.904024613825945,1026161100.0,-1.5839809288892468,-0.7583738489611601,-0.8256070799280867,177.3909639646654,188.13591384887695,198.88086373308852,11.422539869599388,0.3000519498828963,34.720791910952556,32.50283033812334,-0.012317070377046102,0
2024-01-16,181.57469177246094,182.1976301200088,178.90489995610474,180.12114381484557,65603000,-2.2643585205078125,-0.012317070377046102,185.6917851162605,187.06767181396484,178.4586930847168,38.48928718353821,3.049033594042949,960558100.0,-1.7284925438920595,-0.7223083711711782,-1.0061841727208813,176.93285855388947,187.42001647949218,197.90717440509488,11.191075662668318,0.2213103517416848,31.220124282845177,32.51546240842404,-0.005173500898637662,0
2024-01-17,180.63531494140625,180.8825167727283,178.281963767062,179.24110807963172,47317400,-0.9393768310546875,-0.005173500898637662,185.21021652817913,187.17334808349608,178.56239898681642,36.73609725954868,3.066440337711234,913240700.0,-1.89695201745252,-0.7126142757853109,-1.1843377416672092,176.4654924473458,186.6838508605957,196.90220927384559,10.94723337465365,0.20403583067968808,26.310165101167716,30.75036043165515,0.03257072324684107,1
2024-01-18,186.51873779296875,187.0230241166397,183.7500741577492,184.00715864056133,78005800,5.8834228515625,0.03257072324684107,185.33483760101626,187.41486297607423,178.6830149078369,51.60462216494382,3.3036738261056784,991246500.0,-1.53798537162794,-0.2829181039685844,-1.2550672676593555,176.62611018091513,186.32491455078124,196.02371892064735,10.41063605825273,0.5099921204096923,33.19533001119593,30.241873131736273,0.015532950273943413,1
2024-01-19,189.41592407226562,189.80155831594578,186.70660172518024,187.21088801676132,68903000,2.897186279296875,0.015532950273943413,185.72351250304,187.66336639404298,178.81186317443849,56.967956990092844,3.3021843044536325,1060149500.0,-1.0081022237402237,0.1975720351353054,-1.2056742588755291,177.02862093192414,186.0589256286621,195.08923032540008,9.706929851632838,0.6858740405966682,51.916548244700245,37.1406811190213,0.012163390330672152,1
2024-01-22,191.71986389160156,193.143748944668,190.1081030206995,190.14766376550878,60133900,2.3039398193359375,0.012163390330672152,186.29459358766493,187.90679565429687,178.95488998413086,60.698088103707214,3.332587202164257,1120283400.0,-0.39767319381004995,0.6464008520523834,-1.0440740458624334,177.1096249348479,186.0124526977539,194.91528046065991,9.57229221354546,0.8205392346029549,76.30956533387109,53.80714786325576,0.00665316147737216,1
2024-01-23,192.9954071044922,193.55903452389106,191.66052626402544,192.83720939883855,42355600,1.275543212890625,0.00665316147737216,186.93276630355325,188.15460327148438,179.11350273132325,62.62947829604307,3.2301529920000687,1162639000.0,0.1868677918508297,0.9847534701706104,-0.7978856783197807,177.05997869278434,186.03717422485352,195.0143697569227,9.650969565060048,0.8875504802575495,88.96165313929426,72.39592223928854,-0.0034839886032317358,0
2024-01-24,192.32301330566406,194.18197579456825,192.16480052192722,193.23271418014866,53631300,-0.672393798828125,-0.0034839886032317358,187.44612316089712,188.39844268798828,179.2643214416504,60.92967597038631,3.1435117263315657,1109007700.0,0.5890736993213466,1.109567502112902,-0.5204938027915553,176.9898447809956,186.08167037963867,195.17349597828172,9.771865848037761,0.843239256973699,91.74830811190243,85.67317552835591,-0.001696593349407971,0
2024-01-25,191.99671936035156,194.07322080915367,190.94858599423335,193.03497008475262,54822100,-0.3262939453125,-0.001696593349407971,187.87951327513088,188.55210327148438,179.42645935058593,60.07755379955175,3.142163375516476,1054185600.0,0.871450050570246,1.1135550826894411,-0.2421050321191951,176.91619585940688,186.13704452514648,195.35789319088607,9.907591139918297,0.817740538188037,90.37003243075856,90.35999789398507,-0.00901269417836259,0
2024-01-26,190.2663116455078,192.58011726192578,189.79168833424328,192.09561130867766,44594000,-1.73040771484375,-0.00901269417836259,188.10682740564297,188.70279815673828,179.58600173950197,55.63393413947705,3.1168966292426212,1009591600.0,0.9447158066259078,0.9494566709960823,-0.0047408643701745135,176.95095881924146,186.1009536743164,195.25094852939134,9.833366970367887,0.7276153176677004,83.38062646086605,88.49965566784236,-0.003585929049866765,0
2024-01-29,189.5840301513672,190.04877081575225,187.45810037105477,189.86089500402176,47145600,-0.682281494140625,-0.003585929049866765,188.24751338142624,188.7876382446289,179.7455795288086,53.93985291592735,3.09484767532908,962446000.0,0.936924746377656,0.7533324885982644,0.1835922577793916,177.0389235785254,186.0094886779785,194.9800537774316,9.645276876152302,0.6992372517092933,77.60727105169497,83.78597664777318,-0.019245883502370553,0
2024-01-30,185.93531799316406,189.65324309628332,185.37170567810733,188.80286821503816,55859400,-3.648712158203125,-0.019245883502370553,188.02730429682984,188.78823150634764,179.8600283050537,45.89180912440545,3.1796112283895734,906586600.0,0.6290780769090816,0.35638865530375197,0.2726894216053296,177.04316731007475,185.7875015258789,194.53183574168304,9.413264233585831,0.5084521281802112,64.86319724230141,75.2836982516208,-0.019357419258054898,0
2024-01-31,182.33609008789062,185.00588230760198,182.28666178515888,184.9465411859158,55467800,-3.5992279052734375,-0.019357419258054898,187.4852838959785,188.68322021484374,179.95820449829102,39.613056743468476,3.21311444121926,851118800.0,0.09360078984602183,-0.14327090540744625,0.23687169525346807,176.90347423635245,185.72619552612304,194.54891681589362,9.500782875326424,0.3078764291147316,48.2380073915049,63.56949189516709,0.013340554787792502,1
2024-02-01,184.7685546875,184.85754373397813,181.7625867762094,181.93068222666935,64885400,2.432464599609375,0.013340554787792502,187.22654778088534,188.6272543334961,180.068444442749,45.08167175663643,3.2046746209727943,916004200.0,-0.13295661275418524,-0.2958626464061227,0.16290603365193743,177.1688600358897,185.85523529052733,194.54161054516496,9.347463622490006,0.43744913320161033,38.1426786258481,50.414627753218134,-0.005405321929356277,0
2024-02-02,183.7698211669922,185.2332515745558,177.24368771791086,177.84686070362292,102551700,-0.9987335205078125,-0.005405321929356277,186.89733572241934,188.51650787353515,180.16758491516114,43.345986492315056,3.5464524235208046,813452500.0,-0.38861472625347915,-0.44121660792433326,0.05260188167085411,177.74245023434278,186.05003051757814,194.3576108008135,8.930479893095688,0.3627633274163238,34.94088449275382,40.440523503368944,0.00984677344425089,1
2024-02-05,185.57936096191406,187.13179578344227,183.75995901240586,186.04410163536497,69668800,1.809539794921875,0.00984677344425089,186.77181431665693,188.4579705810547,180.2700611114502,47.304631899686676,3.5339798769147768,883121300.0,-0.4401372563089865,-0.39419131038387245,-0.04594594592511401,178.68173760585728,186.37139358520508,194.0610495645529,8.25197025296938,0.44850012631135955,42.8456800543691,38.64308105765701,0.008631712424691518,1
2024-02-06,187.1812286376953,187.19111127921153,184.67954732588265,184.76853636353553,43490800,1.60186767578125,0.008631712424691518,186.81080615675583,188.41822052001953,180.3853722381592,50.595607527370746,3.4609501680872126,926612100.0,-0.34770378570544835,-0.24140627182426747,-0.10629751388118089,178.97627875012736,186.55630111694336,194.13632348375936,8.126257136781927,0.5412220103391631,48.80333341172558,42.196632652949496,0.0005809844846083045,1
2024-02-07,187.28997802734375,188.91162125480523,186.49892923853312,188.5062066759397,53439000,0.1087493896484375,0.0005809844846083045,186.8564415730023,188.40714569091796,180.50925331115724,50.820163277142676,3.3860745858147046,980051100.0,-0.2626467986144121,-0.12507942778658496,-0.13756737082782713,179.3544402876836,186.7674118041992,194.18038332071484,7.938185195056556,0.5352467443035693,55.730749067940735,49.12658751134514,-0.005754574052511341,0
2024-02-08,186.2122039794922,187.418535043408,185.2530596605407,187.27021997882892,40962000,-1.0777740478515625,-0.005754574052511341,186.79508561171562,188.37807525634764,180.6262190246582,48.468868522131686,3.2988889284613188,939089100.0,-0.2789898604245593,-0.11313799167738572,-0.1658518687471736,179.55473514111057,186.87271881103516,194.19070248095974,7.832051373239235,0.4548704355369397,56.97613863488727,53.83674037151786,0.0040941187614838,1
2024-02-09,186.97457885742188,188.10325716765925,186.1330139747395,186.77655292696195,45155200,0.7623748779296875,0.0040941187614838,186.81218020654478,188.3521887207031,180.75467819213867,50.223246337080866,3.2039856616369216,984244300.0,-0.22779865237342278,-0.049557426900999346,-0.17824122547242344,179.89198240259876,187.04580993652343,194.1996374704481,7.649278576571611,0.49502147076066894,56.56946672223942,56.42545147502248,-0.009002032551177375,0
2024-02-12,185.2914276123047,186.79633688725167,184.93500212895557,186.54881961012742,41781900,-1.6831512451171875,-0.009002032551177375,186.66734662614095,188.31300842285157,180.8747710418701,46.462329918336444,3.120813594981877,942462400.0,-0.3193640598940135,-0.11289826753727206,-0.20646579235674145,180.0675377685881,187.11842880249023,194.16931983639236,7.53628713005557,0.3704418220760366,52.63646317037663,55.3940228425011,-0.011274403354157192,0
2024-02-13,183.20237731933594,184.36077144619387,181.68757282391297,183.92513863049606,56529500,-2.08905029296875,-0.011274403354157192,186.3373495493024,188.22057708740235,180.9615216064453,42.23494963496104,3.1553165373682943,885932900.0,-0.5541117494430523,-0.2781167656690487,-0.2759949837740036,180.37273035280583,187.19981307983397,194.02689580686211,7.29389908537637,0.20723690335021497,46.789117609685434,51.99834916743382,-0.004809787753164985,0
2024-02-14,182.3212127685547,183.6875129162611,180.62820312290157,183.4796068721132,54630500,-0.88116455078125,-0.004809787753164985,185.95486033208832,188.08501098632811,181.0376128387451,40.558668611727114,3.148458912796241,831302400.0,-0.8020085444575216,-0.4208108485468144,-0.3811976959107072,180.7478814539715,187.28410797119142,193.82033448841133,6.98001190600255,0.12035471157847649,38.67529284658816,46.033624542216735,-0.0015747447630488631,0
2024-02-15,182.0341033935547,182.65785175424014,179.54903541760635,181.727184392981,65434500,-0.287109375,-0.0015747447630488631,185.58145490937082,187.97949798583986,181.11271179199218,40.00157651714027,3.145627300213209,765867900.0,-1.009993293606101,-0.503036478156315,-0.5069568154497859,180.13770253637193,187.05987625122071,193.9820499660695,7.401024584825801,0.13698015502809313,35.30800798025507,40.25747281217622,-0.008430326543131028,0
2024-02-16,180.49949645996094,183.0142804515248,179.86585283584154,181.5984737728991,49752500,-1.53460693359375,-0.008430326543131028,185.0974588665699,187.76438598632814,181.18530792236328,37.070630975003255,3.145827322746784,716115400.0,-1.283853199537873,-0.6215171072704697,-0.6623360922674033,179.22358895437307,186.61405487060546,194.00452078683784,7.920588748105593,0.08632118191530179,32.25139308521394,35.41156463735239,-0.004113966987665751,0
2024-02-20,179.75692749023438,180.61828269677792,178.21242224791314,179.98463913307552,53665600,-0.7425689697265625,-0.004113966987665751,184.58883683072844,187.55617614746095,181.25955841064453,35.707267717985104,3.092972546040927,662449800.0,-1.5430212692969576,-0.7045481416236434,-0.8384731276733142,178.44107801839047,186.01590805053712,193.59073808268377,8.144281971936193,0.08685669950742132,28.395428992582495,31.98494335268384,0.00418596754820455,1
2024-02-21,180.50938415527344,181.0737156195715,178.8658660184515,180.13315310757224,41371400,0.7524566650390625,0.00418596754820455,184.20031752830417,187.32445190429686,181.34574508666992,38.18802133375889,3.0297494785465746,703821200.0,-1.6684638547256156,-0.663992581641841,-1.0044712730837746,178.17075362953454,185.39160690307617,192.6124601766178,7.789838379594742,0.1619358846625519,25.254888419510152,28.6339034991022,0.011243917194983633,1
2024-02-22,182.5390167236328,183.12316891523534,180.6479964148563,181.65785591778803,52292200,2.029632568359375,0.011243917194983633,184.04209840404977,187.1048425292969,181.4037706756592,44.417870672964995,3.0000377129333837,756113400.0,-1.585823238372143,-0.4650815722306947,-1.1207416661414482,178.32958185876853,184.90240707397462,191.4752322891807,7.109507463119683,0.320215031363214,31.63732229701996,28.42921323637087,-0.010034041142444217,0
2024-02-23,180.70741271972656,183.20237592421455,180.42028422645075,183.17267506039363,45119700,-1.83160400390625,-0.010034041142444217,183.72450929125708,186.89863525390626,181.45298294067382,40.45528215438827,2.984470140421271,710993700.0,-1.6491151177415873,-0.4226987612801112,-1.226416356461476,178.38972444358453,184.33794174194335,190.28615904030218,6.453600644717841,0.1948220920561787,32.2305547687005,29.707588495076873,-0.007451168178311263,0
2024-02-26,179.36093139648438,180.94503297704767,178.85598645977296,180.4302078946742,40867400,-1.3464813232421875,-0.007451168178311263,183.30893044413588,186.6352404785156,181.5039813232422,37.786510236555074,2.9205113101965168,670126300.0,-1.787321053372409,-0.4487237575287464,-1.3385972958436627,178.12548398216776,183.79267272949218,189.4598614768166,6.16693654122484,0.10900002359193413,26.479184583837633,30.115687216519365,0.008114271538677942,1
2024-02-27,180.81631469726562,182.09349711935678,177.77679547469845,179.30151026553332,54318900,1.45538330078125,0.008114271538677942,183.0715384682435,186.33668060302733,181.55344261169432,42.2231277506085,3.020239191229504,724445200.0,-1.7591347732103202,-0.33642998189332585,-1.4227047913169943,178.21501879637964,183.35428695678712,188.4935551171946,5.605833652112757,0.2530803822347864,20.450453052484654,26.38673080167426,-0.006625413144226933,0
2024-02-28,179.6183319091797,181.30144633523983,178.34114943443706,180.69750358801915,48953900,-1.1979827880859375,-0.006625413144226933,182.74266165309456,186.01119445800782,181.5959785461426,39.712662004474296,3.0159575990561662,675491300.0,-1.8125699638911783,-0.3118921380593471,-1.5006778258318312,177.79704834495905,183.0384376525879,188.27982696021675,5.72709139659196,0.17374053493505573,18.62170829241209,21.85044864291146,-0.0036931675550719856,0
2024-02-29,178.95497131347656,180.75690414056305,177.74708592784262,179.46981142225187,136682600,-0.663360595703125,-0.0036931675550719856,182.3819292397976,185.6831213378906,181.63983268737792,38.35283051030815,3.0155190714607567,538808700.0,-1.8866967281685731,-0.3088151218693935,-1.5778816062991796,177.3381862480874,182.8693817138672,188.400577179647,6.049340150812536,0.14615150335870725,18.93134225175595,19.33450119888423,-0.006030358305977868,0
2024-03-01,177.8758087158203,178.73716395290236,175.61845249589473,177.76690051629518,73563100,-1.07916259765625,-0.006030358305977868,181.95277490418073,185.36668823242186,181.68075637817384,36.18226101175228,3.0384476247551193,465245600.0,-2.0093594802995938,-0.3451822992003313,-1.6641771810992625,176.66088847648567,182.5247444152832,188.38860035408075,6.425272318646291,0.10359397058992043,16.563819438608952,18.038956660925667,-0.02538124495540084,0
2024-03-04,173.36109924316406,175.14321147352493,172.06409607852763,174.4006596751229,81510100,-4.51470947265625,-0.02538124495540084,181.13452007932202,184.9391961669922,181.69910652160644,28.830976470653795,3.236537982793517,383735500.0,-2.4427118567930393,-0.6228277405550213,-1.819884116238018,174.9484010851022,182.0043083190918,189.06021555308138,7.7535606702442434,-0.11248035081100707,14.135290367952448,16.543484019439116,-0.028441054719258507,0
2024-03-05,168.43052673339844,170.3314573247722,167.9354922531265,169.06417026385637,95132400,-4.930572509765625,-0.028441054719258507,179.92461595113883,184.45482025146484,181.6897466278076,23.270360865329817,3.3929000547395196,288603100.0,-3.147717800901205,-1.0622669477305493,-2.0854508531706557,172.1391859534617,181.14686660766603,190.15454726187036,9.945168605884277,-0.20586094037049574,11.295036053230126,13.99804861993051,-0.005878098755211725,0
2024-03-06,167.4404754638672,169.53943215491887,167.00484265804033,169.36121186741923,68587700,-0.99005126953125,-0.005878098755211725,178.7356501904463,183.9536102294922,181.6637996673584,22.338682323625303,3.3315921577494496,220015400.0,-3.7431799062374296,-1.326183242453419,-2.4169966637840106,169.79008140986372,180.15982894897462,190.52957648808552,11.511720009512057,-0.11329137653229615,5.45992197695752,10.296749466046698,-0.000709535321800181,0
2024-03-07,167.32167053222656,169.0344857697736,166.81674075207243,167.47017484778516,71765100,-0.118804931640625,-0.000709535321800181,177.6486045087111,183.4713818359375,181.63671623229982,22.223697437953774,3.252031647746001,148250300.0,-4.176530041361218,-1.4076267020617657,-2.7689033392994524,167.92129844520647,179.16141357421876,190.40152870323104,12.54747314700773,-0.02667356633350623,2.971237682045677,6.57539857074444,0.010236655692035912,1
2024-03-08,169.03448486328125,171.9749911536114,167.26226790901475,167.32166963491963,76267000,1.7128143310546875,0.010236655692035912,176.8282121615273,183.0342868041992,181.62293060302736,27.979425779549107,3.356366761806761,224517300.0,-4.3318188325978895,-1.2503323946387495,-3.08148643795914,166.72851985408732,178.3025276184082,189.87653538272906,12.98243824012504,0.09961825912638975,6.435241735507165,4.955467131503454,0.011831724656891751,1
2024-03-11,171.03445434570312,172.64827197645664,170.34140892696936,171.22256991091453,60139500,1.999969482421875,0.011831724656891751,176.2764257028774,182.6352133178711,181.63216239929199,34.11089260786755,3.3747539297616633,284656800.0,-4.244576658101778,-0.9304721761141104,-3.3141044819876675,166.23871779485648,177.50552139282226,188.77232499078804,12.694595085898403,0.2128259585403846,14.118845383126148,7.8417749335596625,0.0027782352509797548,1
2024-03-12,171.50962829589844,172.30168642339717,169.31167416803427,171.43042097242335,59825400,0.4751739501953125,0.0027782352509797548,175.82244499745084,182.23713928222656,181.64238929748535,35.5155700458976,3.347272381590323,344482200.0,-4.08994766885877,-0.6206745494968819,-3.4692731193618878,165.8570718168153,176.81643142700196,187.7757910371886,12.396313534594984,0.2578871704250455,22.638416986900964,14.397501368511426,-0.01212227164368862,0
2024-03-13,169.4305419921875,171.4700820663792,169.06420612614593,171.05425482761498,52488700,-2.0790863037109375,-0.01212227164368862,175.2136923302829,181.81824890136718,181.6365502166748,32.27355947682803,3.2828545093161936,291993500.0,-4.088043548592793,-0.4950163433847239,-3.5930272052080694,165.12942431372718,176.12783966064453,187.12625500756187,12.489127633778521,0.19553351745648712,23.444116867203444,20.067126412410186,0.01092725013058593,1
2024-03-14,171.28195190429688,172.57893998999515,170.34138929390355,171.19284931228447,72913500,1.851409912109375,0.01092725013058593,174.83924086114138,181.57264373779296,181.62793701171876,37.72514826027425,3.273250472779869,364907000.0,-3.8922735064087988,-0.23939704096058323,-3.6528764654482155,164.76979319753883,175.57587661743165,186.38196003732446,12.30930310937711,0.3013191021073312,24.60694316423998,23.563159006114798,-0.002196588477251127,0
2024-03-15,170.9057159423828,170.9057159423828,168.59885322457814,169.47011882986195,121752700,-0.3762359619140625,-0.002196588477251127,174.46461944030722,181.34700286865234,181.60822174072266,37.07208647524961,3.2310967732755027,243154300.0,-3.724549151159124,-0.05733814856872632,-3.6672110025903977,164.45757434773597,175.01945724487305,185.58134014201013,12.069381385819007,0.3052553061535403,23.982188712393548,24.01108291461232,0.006372407175158745,1
2024-03-18,171.9947967529297,175.94517770513775,171.7967859641753,173.82643054023092,75604200,1.089080810546875,0.006372407175158745,174.22939823198556,181.1894204711914,181.59419845581056,40.29408374464496,3.3602657010954626,318758500.0,-3.4638179346530933,0.16271445434984377,-3.626532389002937,164.26689833605062,174.59422225952147,184.92154618299233,11.830086688802394,0.3741481565866214,30.581073168171184,26.390068348268233,0.013585080214420842,1
2024-03-19,174.33135986328125,174.85609525037736,171.31164624406932,172.6086342803731,55215200,2.3365631103515625,0.013585080214420842,174.23910886353752,181.09300567626954,181.5778542327881,46.610097364668086,3.37342165146779,373973700.0,-3.0336751330359846,0.4742858047735621,-3.5079609378095467,164.27096069834445,174.32294387817382,184.37492705800318,11.53259915901171,0.5004186231192826,38.806892402582555,31.123384761049095,0.014709172357413314,1
2024-03-20,176.8956298828125,176.8956298828125,173.3511809805003,173.97492929704185,53423100,2.56427001953125,0.014709172357413314,174.49211086537323,180.9612567138672,181.57009094238282,52.543360319189674,3.385637883670963,427396800.0,-2.4575397155894905,0.8403369777760448,-3.2978766933655352,164.41697428465528,174.1422561645508,183.8675380444463,11.169353256461632,0.6415575277028011,58.06870788224239,42.48555781766538,-0.040857473696268576,0
2024-03-21,169.66812133789062,175.72735394947048,169.14338597139206,175.29172116809335,106181300,-7.227508544921875,-0.040857473696268576,174.0326832913273,180.69326385498047,181.53294548034668,39.28999924289832,3.697538314224497,321215500.0,-2.5546988056113378,0.5945423102033582,-3.149241115814696,164.39777918613083,173.49871139526368,182.59964360439653,10.491066055700163,0.289549577485643,55.5827697311189,50.81945667198128,0.0053101929335923614,1
2024-03-22,170.569091796875,171.33144918231721,168.37113733503185,170.05425166968308,71160100,0.900970458984375,0.0053101929335923614,173.7028174347128,180.4225244140625,181.50212905883788,41.278438829122884,3.644879280871702,392375600.0,-2.5298349357594816,0.49552494404417136,-3.025359879803653,164.44062169838318,172.9917953491211,181.54296899985903,9.886218746363646,0.3583408751126789,50.02395615653375,54.55847792329835,-0.008300371000685591,0
2024-03-25,169.15330505371094,170.2324767040703,167.76719930445816,168.87608692531137,54288300,-1.4157867431640625,-0.008300371000685591,173.26953054128407,180.1353353881836,181.47108764648436,39.11063961740597,3.584665938839212,338087300.0,-2.5944649211050717,0.34471596695886486,-2.9391808880639365,164.30130173439352,172.4814140319824,180.6615263295713,9.48521015263951,0.2965731485585814,29.567729195445583,45.058151694366074,-0.006672421263164918,0
2024-03-26,168.02464294433594,169.71765273934344,167.89592911986227,168.3117563520967,57388400,-1.128662109375,-0.006672421263164918,172.77001743681282,179.81904724121094,181.4208432006836,37.42335146869876,3.458741487456494,280698900.0,-2.7055701215270176,0.18688861322953532,-2.892458734756553,164.40164117091507,171.84183044433593,179.28201971775678,8.659345927801821,0.24347510797632443,24.13234714015483,34.574677497378055,0.02121250895527771,1
2024-03-27,171.5888671875,171.87599567632833,168.42064920188324,168.71767294274684,60273300,3.5642242431640625,0.02121250895527771,172.65752693687827,179.61933074951173,181.3864966583252,45.42973126688791,3.486785147780487,340972200.0,-2.4774600668869766,0.33199893429566085,-2.8094590011826375,164.91121511587275,171.44035720825195,177.96949930063116,7.616808782599684,0.5113728555104803,26.693298479936672,26.79779160517903,-0.010559304694747529,0
2024-03-28,169.77700805664062,170.51955971989585,168.81664003025037,170.04433088544315,65672700,-1.811859130859375,-0.010559304694747529,172.3831918054271,179.4021646118164,181.32913650512694,42.45596585330118,3.435745291313997,275299500.0,-2.4150439710764147,0.3155320240849786,-2.7305759951613933,165.40949283795837,170.98145904541016,176.55342525286196,6.517626225159257,0.3919186743129618,26.304721060847942,25.710122226979816,-0.008455484587884143,0
2024-04-01,168.34146118164062,169.54934678777494,167.79692011211174,169.48994505423667,46240500,-1.435546875,-0.008455484587884143,171.9982650793522,179.03861907958984,181.2669654083252,40.210121981517,3.3317697665436325,229059000.0,-2.4531371627225553,0.22195106595107061,-2.675088228673626,165.81163226697993,170.50474166870117,175.19785107042242,5.504960572697948,0.26952588338691374,24.406867170909965,25.801628903898195,-0.006998913928813133,0
2024-04-02,167.1632537841797,167.65828830624176,166.55931106297376,167.40087579338118,49329500,-1.1782073974609375,-0.006998913928813133,171.5377878131453,178.59356567382812,181.19574745178224,38.41406483230731,3.221082648838149,179729500.0,-2.5490143313285785,0.10085911787603807,-2.6498734492046165,165.4786543710491,170.19484939575196,174.91104442045483,5.542112515680613,0.17859730188285966,11.383619539002623,20.69840259025351,0.004797442970290611,1
2024-04-03,167.9652099609375,168.98497988400436,166.90584392266877,167.11374996517486,47691700,0.8019561767578125,0.004797442970290611,171.1975423034112,178.11847259521485,181.11838172912599,40.36655229828149,3.1395150283022524,227421200.0,-2.5311094626451336,0.09501118924758645,-2.62612065189272,165.41637359073184,170.1715835571289,174.926793523526,5.588723883268897,0.2680046084418081,8.578459360532014,14.7896486901482,-0.004892454128757051,0
2024-04-04,167.14344787597656,170.2126525655396,167.14344787597656,168.59883533803097,53704400,-0.8217620849609375,-0.004892454128757051,170.81143807222696,177.60143341064452,181.04228187561034,39.00204992835004,3.134492861249451,173716800.0,-2.553790549939663,0.0578640815624456,-2.6116546315021085,165.36577502619147,170.15673217773437,174.94768932927727,5.63122844477124,0.18552376837816245,8.365255488552288,9.442444796028974,0.004501861572207222,1
2024-04-05,167.89590454101562,168.69785802201392,167.27215623034843,167.90579979250484,42104800,0.7524566650390625,0.004501861572207222,170.5337682121116,177.11289123535155,180.96950065612793,40.96969929048537,3.0216298101628727,215821600.0,-2.4824325732591603,0.103377646594359,-2.5858102198535193,165.45630797456778,170.18544387817383,174.91457978177988,5.557626781514137,0.25793259235663024,10.727962398062289,9.22389241571553,-0.0066635003225418155,0
2024-04-08,166.77713012695312,167.51968192191484,166.5692240844266,167.3513719945941,37425500,-1.1187744140625,-0.0066635003225418155,170.17599315638222,176.60849945068358,180.89630294799804,38.95750761117662,2.9005619991933127,178396100.0,-2.487482458483015,0.07866220909640331,-2.5661446675794184,165.13576045862436,170.07257614135742,175.00939182409047,5.805539957988024,0.16623768981993778,6.896553767670375,8.663257218094984,0.007242605746106134,1
2024-04-09,167.9850311279297,168.3909631058002,166.6781477036779,167.02466284236104,42373800,1.2079010009765625,0.007242605746106134,169.9673301060534,176.16287384033203,180.81415489196777,42.25507653306552,2.8157229565453843,220769900.0,-2.3667347678143074,0.15952791981208891,-2.5262626876263963,164.92353754208804,169.92010498046875,174.91667241884946,5.881078568018814,0.30635967827883626,9.610554327643605,9.078356831125424,-0.011139272746727769,0
2024-04-10,166.11380004882812,167.41078821247058,165.45045553411236,167.1236748074244,49709300,-1.8712310791015625,-0.011139272746727769,169.60032724346053,175.69346923828124,180.72422859191894,38.76170143616852,2.7956410020648086,171060600.0,-2.394432534793509,0.10546412226630997,-2.499896657059819,164.44773621510691,169.65031356811522,174.85289092112353,6.133295298531181,0.16011908335758193,7.451779502781534,7.986295866031838,0.04327073493487399,1
2024-04-11,173.30166625976562,173.71750852250418,166.49000200344838,166.6682071669761,91070300,7.1878662109375,0.04327073493487399,169.95283572120385,175.44079620361327,180.6771940612793,54.36781701468269,3.139074392894183,262130900.0,-1.8154550472546305,0.5475532878441509,-2.3630083350987814,164.40569265402468,169.84386978149413,175.2820469089636,6.403736719453848,0.8179187066935886,38.405968680672196,18.48943417036578,0.008626811996797157,1
2024-04-12,174.7967071533203,176.58872985356905,172.47994902506244,172.52944039553972,101670900,1.4950408935546875,0.008626811996797157,170.41415680997684,175.29000854492188,180.62387771606444,56.83199166447849,3.2083391382950706,363801800.0,-1.221888738759617,0.9128956770713317,-2.1347844158309486,164.19356780900586,170.0196075439453,175.84564727888477,6.853373936219196,0.9099782894309975,61.778576069345284,35.878774750933005,-0.02186351559171218,0
2024-04-15,170.97503662109375,174.8759113224836,170.7869210734751,173.61851932570818,73531800,-3.8216705322265625,-0.02186351559171218,170.46757393484512,175.01413818359376,180.54558502197267,49.476907572776774,3.2712427890603157,290270000.0,-1.0477818587345098,0.8696020456771512,-1.917383904411661,164.19484723832744,170.02307357788087,175.8512999174343,6.855806352522787,0.5816683316459726,76.16032879516011,58.7816245150592,-0.019167480290084304,0
2024-04-16,167.6978759765625,172.03436750787574,166.59889888763496,170.04433444727835,73711200,-3.27716064453125,-0.019167480290084304,170.20379317691345,174.69269927978516,180.44923027038575,44.1949317992137,3.425830348430349,216558800.0,-1.1608587208571066,0.6052201468436436,-1.7660788677007502,163.96978962257225,169.8082275390625,175.64666545555275,6.876507694713652,0.31927087410320293,51.22951921656534,63.05614136035691,-0.008147222883414407,0
2024-04-17,166.33160400390625,168.95528100035153,166.33160400390625,167.9256158132339,50901200,-1.36627197265625,-0.008147222883414407,169.83501325567465,174.307744140625,180.3244467163086,42.17350656861804,3.368533680431416,165657600.0,-1.3452129015826415,0.33669277289448707,-1.6819056744771286,163.77148239783253,169.40823974609376,175.04499709435498,6.654643666340557,0.22709169899458626,25.896141990654755,51.0953300007934,-0.005714307731204293,0
2024-04-18,165.38113403320312,166.96525061902096,164.89600984807865,166.36130787024413,43122900,-0.950469970703125,-0.005714307731204293,169.41083428210592,173.87174224853516,180.20235649108886,40.77624296495587,3.2757270440393373,122534700.0,-1.5501408425309933,0.10541186555690851,-1.6555527080879018,164.09136413032758,168.83251495361327,173.57366577689896,5.616395425476336,0.13601865358732854,10.74579826817889,29.290486491799665,-0.012212667937331778,0
2024-04-19,163.36138916015625,164.74747975255278,162.45052746983075,164.559379327856,68149400,-2.019744873046875,-0.012212667937331778,168.83469665144406,173.3931704711914,180.07573944091797,37.902491592518516,3.251075581134555,54385300.0,-1.8541507480466066,-0.15887843196696383,-1.6952723160796428,163.2325063298137,168.51717834472657,173.80185035963945,6.271968314235954,0.012194023581676568,6.167498339935649,14.26981286625643,0.005090858889906347,1
2024-04-22,164.1930389404297,165.59893510418706,163.13367296874276,163.8762247169617,48116400,0.8316497802734375,0.005090858889906347,168.39263401229982,172.95278717041015,179.95091384887695,39.784320858554416,3.194946049299537,102501700.0,-2.0048627912858024,-0.24767238016492765,-1.7571904111208747,162.68305301329772,168.1983757019043,173.71369839051087,6.558116468831192,0.13689007990876567,7.6387810993826415,8.18402590249906,0.006391770684690545,1
2024-04-23,165.24252319335938,165.39104261951863,163.28219064755024,163.70792820716713,49537800,1.0494842529296875,0.006391770684690545,168.09262345811504,172.51814605712892,179.83690757751464,42.16613775838431,3.117367900918741,152039500.0,-2.0163750466807073,-0.2073477084478661,-1.8090273382328412,162.36095066454757,168.00283660888672,173.64472255322588,6.716417482251864,0.25537316397746923,12.838428197718452,8.88156921234558,0.012702166171991713,1
2024-04-24,167.34146118164062,167.61867928406764,164.55936979904956,164.8860792640679,48251800,2.09893798828125,0.012702166171991713,168.02108419368892,172.15914672851562,179.7436028289795,46.70641221602846,3.113220871211551,200291300.0,-1.8349793383473525,-0.02076160009160888,-1.8142177382557436,162.3194653612006,167.96867752075195,173.6178896803033,6.726506683192065,0.4444863884204749,22.222157739983874,14.233122345694989,0.0051474027732565375,1
2024-04-25,168.2028350830078,168.9156860278579,166.4801094484109,167.84640961058278,50558300,0.8613739013671875,0.0051474027732565375,168.0383938021955,171.85915588378907,179.65721832275392,48.4934715582229,3.0648177075140834,250849600.0,-1.6032351606170323,0.16878606211096914,-1.7720212227280014,162.39671386819896,167.79937591552735,173.20203796285574,6.4394304422778905,0.5373389232887492,31.675967198321086,22.245517712007807,-0.0034729035416758425,0
2024-04-26,167.61868286132812,169.63841695172266,167.49986430971396,168.19292468782604,44838400,-0.5841522216796875,-0.0034729035416758425,167.99842133163668,171.56510528564453,179.55958000183105,47.33427065036088,2.9986559171208422,206011200.0,-1.4499977608697918,0.2576187694865679,-1.7076165303563597,162.36543883905344,167.69145965576172,173.01748047247,6.352167042545369,0.49316780792470005,37.27818734737812,30.392104095227694,0.024808062005680753,1
2024-04-29,171.7769775390625,174.28185098854456,171.38095596804143,171.64826373021612,68169400,4.158294677734375,0.024808062005680753,168.358283827582,171.35996276855468,179.4789363861084,55.49070056290959,3.2604067892705277,274180600.0,-0.981699963289941,0.5807332536531351,-1.5624332169430761,162.25054798083457,167.8632354736328,173.47592296643106,6.687214716148921,0.8486513430911209,47.73570812933078,38.89662089167666,-0.01827098480170153,0
2024-04-30,168.63844299316406,173.25216784182598,168.3117184327478,171.6086497890361,65934800,-3.1385345458984375,-0.01827098480170153,168.3849656528755,171.12274169921875,179.38186058044434,49.28636689964,3.3804098335425032,208245800.0,-0.853979943624779,0.566762618654638,-1.420742562279417,162.3242689006519,167.93699493408204,173.54972096751217,6.684323529348873,0.5624872882538813,48.762731457881806,44.5922089781969,-0.0060470205591098836,0
2024-05-01,167.61868286132812,170.9948217396029,167.43056733625505,167.8959009696714,50383100,-1.0197601318359375,-0.0060470205591098836,168.3119863393948,170.87997680664063,179.26341384887695,47.4307400909546,3.3935415885286,157862700.0,-0.8255308225677993,0.4761693917692942,-1.3017002143370935,162.30525872466265,167.91966857910157,173.5340784335405,6.687018741695705,0.47319524887059367,48.762731457881806,48.4203903483648,0.02203201840172353,1
2024-05-02,171.31166076660156,171.69778712393833,169.19291342760516,170.79682058773386,94214900,3.6929779052734375,0.02203201840172353,168.59766961817638,170.69602233886718,179.16471412658692,54.16141208712255,3.4425103509630004,252077600.0,-0.4992373384407358,0.641970300717086,-1.1412076391578219,162.33770129895248,168.12807922363282,173.91845714831317,6.888055762509921,0.7749027424789797,50.54555060654349,49.357004507435704,0.059816171273726404,1
2024-05-03,181.55886840820312,185.14291355827163,180.84601747897057,184.7963833456082,163224100,10.247207641601562,0.059816171273726404,169.83206950294084,170.6764193725586,179.1104949951172,66.8459924958629,4.184563382442077,415301700.0,0.5795360845038715,1.3765949789293548,-0.7970588944254832,160.58151604284976,168.81122741699218,177.0409387911346,9.750194344376931,1.2744889469188285,64.02508872301827,54.44445692914786,-0.009106837570203363,0
2024-05-06,179.9054412841797,182.37070337959045,178.62824383792136,180.5390848280799,78569700,-1.6534271240234375,-0.009106837570203363,170.7914382440112,170.66037994384766,179.0577227783203,63.779174695959,4.152984536672578,336732000.0,1.2862272169798814,1.6666288891242917,-0.3804016721444103,159.991703460885,169.4676429748535,178.94358248882202,11.18318440927936,1.0507526875799382,77.48013858406017,64.0169259712073,0.0037972795055045694,1
2024-05-07,180.58859252929688,183.06376520709566,179.51933122687228,181.6281680754234,77305800,0.6831512451171875,0.0037972795055045694,171.72450055689555,170.6849331665039,179.01423400878906,64.503795840652,4.10951663978335,414037800.0,1.8797411412712677,1.8081142507325425,0.07162689053872529,159.49120008001623,170.0978210449219,180.70444200982755,12.471201453079766,0.9945388130247143,80.3519435975802,73.95239030155288,0.00186403881215913,1
2024-05-08,180.9252166748047,181.25194126160505,179.64801918938014,181.0341248704048,45057100,0.3366241455078125,0.00186403881215913,172.60075923479167,170.68711120605468,178.96843437194823,64.87666927033884,3.9305455992434624,459094900.0,2.3501765848303933,1.8228397554333342,0.527336829397059,159.41129065875387,170.8383918762207,182.26549309368752,13.377673591947907,0.9413553624241043,79.4211589562342,79.08441371262485,0.010014409069997177,1
2024-05-09,182.73707580566406,182.8261784061232,180.30149897565002,180.74702708520252,48983000,1.811859130859375,0.010014409069997177,173.5661227177319,170.74948608398438,178.92740425109864,66.892568685446,3.8301265871884427,508077900.0,2.836504494526963,1.8473341321039234,0.9891703624230398,158.78855844610518,171.31016235351564,183.8317662609261,14.618635269950735,0.9562879299107132,83.47091620135525,81.08133958505655,-0.00689044633715985,0
2024-05-10,181.47793579101562,183.50040923773955,180.5658387363955,183.3120385724197,50759500,-1.2591400146484375,-0.00689044633715985,174.3196287247113,170.79994537353517,178.87573921203614,64.13757880988143,3.766158295342414,457318400.0,3.0847615793654484,1.6764729735539268,1.4082886058115216,158.43098418793443,171.64422378540038,184.85746338286634,15.396078360301738,0.872115858986662,84.57248080858756,82.488185322059,0.01764542469069652,1
2024-05-13,184.68019104003906,185.4931559868038,183.03444380225457,183.84740874901934,72044800,3.2022552490234375,0.01764542469069652,175.3063489452187,170.93603302001952,178.84639686584472,67.77280354128628,3.7839484310885396,529363200.0,3.4995615764759123,1.6730183765315125,1.8265431999443997,157.95557757442302,172.32948150634766,186.7033854382723,16.681886124511074,0.9296226547841432,89.47344418648215,85.83894706547498,0.006173573420783507,1
2024-05-14,185.82032775878906,186.68286641073877,184.69011878206607,185.89964252722956,52393600,1.14013671875,0.006173573420783507,176.30768026079684,171.18521759033203,178.80988563537596,68.97850570698789,3.656714641060766,581756800.0,3.875617362870429,1.6392593303408232,2.2363580325296057,157.89170908073402,173.235604095459,188.57949911018397,17.7144820717916,0.9100889523570438,91.6939855856062,88.57997019355862,0.012218013238877168,1
2024-05-15,188.09068298339844,189.01268886802714,185.76085876781028,186.2962297111884,70400000,2.270355224609375,0.012218013238877168,177.42987099628272,171.57842071533204,178.7816690826416,71.28252116256252,3.6277943167147733,652156800.0,4.307192343201137,1.6566674485372253,2.650524894663912,158.03545903493915,174.32355804443358,190.611657053928,18.687203487830065,0.9226130050824198,95.85833369521835,92.3419211557689,0.000632447698335703,1
2024-05-16,188.2096405029297,189.458829238671,188.03119361367854,188.83423487080034,52845200,0.11895751953125,0.000632447698335703,178.45651571120146,171.99380401611327,178.75818916320802,71.40237045662451,3.4706401244488942,705002000.0,4.605725564753868,1.5641605360719648,3.0415650286819034,158.65242764202821,175.46498336791993,192.27753909381164,19.16343124786177,0.879022004232905,95.26255397183574,94.27162441755343,0.00015793091689841887,1
2024-05-17,188.23936462402344,189.17129419091543,187.55528802161362,187.88245575005936,41282900,0.02972412109375,0.00015793091689841887,179.3882156076607,172.4121578979492,178.74979827880858,71.43445039758788,3.338166270509817,746284900.0,4.789503368339666,1.39835067172621,3.391152696613456,159.98134621526867,176.7088821411133,193.4364180669579,18.932309143902135,0.8446557381202557,94.8403877230221,95.3204251300254,0.006162224074906408,1
2024-05-20,189.3993377685547,190.2717851507536,187.38677266186554,187.70403175639103,44361300,1.15997314453125,0.006162224074906408,180.3416558134601,172.8194549560547,178.75415992736816,72.72051642185798,3.3057981432511205,790646200.0,4.9714410622416665,1.2642306925025681,3.7072103697390983,161.4060708756138,177.96919708251954,194.53232328942528,18.6134752287789,0.8450478050837265,94.99120881952582,95.03138350479456,0.0068573753421456995,1
2024-05-21,190.6981201171875,191.07484642166347,189.28039297280435,189.44893121149715,42309400,1.2987823486328125,0.0068573753421456995,181.32798574714843,173.21272827148437,178.81028106689453,74.12517638829088,3.197844950794549,832955600.0,5.16093680963715,1.1629811519184408,3.997955657718709,162.87528128583,179.24197692871093,195.60867257159185,18.26212355311209,0.8499833881697338,96.30761346095603,95.37973666783466,-0.007538652245968613,0
2024-05-22,189.26051330566406,191.16403734183464,188.63593413629764,190.6187578068766,34648500,-1.4376068115234375,-0.007538652245968613,182.08346456224515,173.5677459716797,178.87469703674316,69.83852146166412,3.1500062547047247,798307100.0,5.135907158846692,0.9103612009023863,4.2255459579443055,164.3750339008314,180.33792953491212,196.30082516899284,17.70331474387968,0.7794788607056434,93.09134619491203,94.79672282513131,-0.021057974775740562,0
2024-05-23,185.2750701904297,189.35968258649532,185.02721720275102,189.3398501117122,51005900,-3.985443115234375,-0.021057974775740562,182.3874270030246,173.88463653564452,178.91450149536132,59.55600287643145,3.2344676210646948,747301200.0,4.7398410909568724,0.41143610641005335,4.328404984546819,166.11432692528632,181.1915412902832,196.26875565528007,16.64229384841093,0.6354205359587768,78.70547940632294,89.36814635406368,0.016588115468819664,1
2024-05-24,188.3484344482422,188.94328765804346,186.42509288132968,187.19840810516956,36327000,3.0733642578125,0.016588115468819664,182.95514199780726,174.22596618652344,178.9776113128662,63.96238912437813,3.2654497529610573,783628200.0,4.620686293763754,0.23382504737354814,4.386861246390206,168.21286230808164,182.2280288696289,196.24319543117616,15.382009725379962,0.7183493700105409,71.21960582312823,81.00547714145439,5.2739868578122184e-05,1
2024-05-28,188.35836791992188,191.3425125399711,187.4760118609873,189.86530324069457,52280100,0.0099334716796875,5.2739868578122184e-05,183.46973494277057,174.57501922607423,179.04185569763183,63.976050408497684,3.308381961962681,835908300.0,4.475466415712106,0.07088413545752026,4.404582280254585,169.66505652531993,183.05709838867188,196.44914025202382,14.631546092703378,0.6979261110942765,67.77533638226224,72.56680720390447,0.0015790342616086583,1
2024-05-29,188.65579223632812,190.59896650948673,187.88249204796585,187.98163930401122,53068000,0.29742431640625,0.0015790342616086583,183.96364516120462,174.90823913574218,179.10729095458984,64.41107172605585,3.2661028547882665,888976300.0,4.334413847997922,-0.05613474580533051,4.390548593803253,172.2245642925452,184.05796585083007,195.89136740911493,12.858342211469678,0.694273234236651,75.32307581564208,71.43933934034419,0.005254960753803939,1
2024-05-30,189.6471710205078,190.52952698465035,188.99285067972127,189.12172393667825,49889100,0.9913787841796875,0.005254960753803939,184.50493333828112,175.2145553588867,179.1694373321533,65.88967904288947,3.166647990040692,938865400.0,4.2535918948459255,-0.1095653591658623,4.363157254011788,175.81194743319276,185.15939025878907,194.5068330843854,10.096644639552778,0.7400539294784315,78.13896522775671,73.74579247522036,0.005018699838446716,1
2024-05-31,190.5989532470703,190.9162123421418,188.27905284340878,189.7959119633218,75158300,0.9517822265625,0.005018699838446716,185.08531618673723,175.48862182617188,179.2462671661377,67.29456330302978,3.128827383518715,1014023700.0,4.2177215177734695,-0.11634858899065481,4.334070106764124,178.96690239387183,186.1237548828125,193.28060737175318,7.69042349639548,0.8126512926718298,83.66152331749761,79.0411881202988,0.009258757420187225,1
2024-06-03,192.36366271972656,193.31542486412093,190.86663609575578,191.24336235629542,50080500,1.76470947265625,0.009258757420187225,185.77849204702193,175.9425326538086,179.336265335083,69.77982446650023,3.099373400199565,1064104200.0,4.2823272883385926,-0.04139425474042557,4.323721543079018,179.3378254763485,186.66399459838868,193.99016372042885,7.849579280463347,0.8889937582925094,88.09467956663514,83.29838937062982,0.0016492758440025401,1
2024-06-04,192.68092346191406,193.64259428823095,191.3722523931234,192.96842627855952,47471400,0.3172607421875,0.0016492758440025401,186.43586646748784,176.38476928710938,179.4405394744873,70.2179857004839,3.040156864121564,1111575600.0,4.30945144370412,-0.011416079499918297,4.320867523204038,180.22140566294962,187.3027687072754,194.38413175160116,7.5614077604937275,0.8797400811802848,89.61778751265315,87.12466346559529,0.00782092343106977,1
2024-06-05,194.1878662109375,195.20901937445223,193.19645419760306,193.72190135445058,54156800,1.5069427490234375,0.00782092343106977,187.1741521573402,176.8854605102539,179.54992889404298,72.27427837132498,3.003581081865607,1165732400.0,4.401803962004266,0.06474915104018208,4.337054810964084,180.99981170613827,187.98273239135742,194.96565307657656,7.429321402437689,0.9443079120685552,89.25800304437594,88.99015670788806,-0.0070967231942428155,0
2024-06-06,192.8097686767578,194.8124248113502,192.50243342955554,194.0093836485974,41181800,-1.3780975341796875,-0.0070967231942428155,187.71087754014187,177.38116302490235,179.64576217651367,67.6726461603708,2.9540389604319692,1124550600.0,4.314063209091131,-0.018393281498362057,4.332456490589493,182.09258602202468,188.57695999145508,195.0613339608855,6.87716460136406,0.826385299896155,85.08147818344638,87.98575624682515,0.012392152219918628,1
2024-06-07,195.1990966796875,195.24867030234284,192.47271383884646,192.97832848334124,53103900,2.3893280029296875,0.012392152219918628,188.42404126771766,177.8533676147461,179.74667892456054,71.10739751516894,2.9413187820794278,1177654500.0,4.386759004517245,0.0434420111422007,4.343316993375044,182.6851722766572,189.20006103515624,195.71494979365528,6.886772364506241,0.9604096759676196,88.64056637518736,87.66001586766988,-0.019147758292158423,0
2024-06-10,191.4614715576172,195.60558138834554,190.49980075281104,195.20900753042525,97010200,-3.7376251220703125,-0.019147758292158423,188.7133203429462,178.28705688476563,179.80970062255858,60.31210776525931,3.095923200183362,1080644300.0,4.095564714791152,-0.19820182286711407,4.293766537658266,184.17260978058644,189.69923782348633,195.22586586638621,5.826726671450701,0.659431186652304,78.92518687960867,84.21574381274748,0.07264916156603096,1
2024-06-11,205.37098693847656,205.38091074009856,191.96710777388114,191.98692512163242,172373300,13.909515380859375,0.07264916156603096,190.29976478061576,179.02764739990235,179.96567375183105,75.32528489794775,3.8690314846332194,1253017600.0,4.930338908894356,0.5092578969888724,4.421081011905484,182.34657873456072,190.7337776184082,199.12097650225567,8.794665516065368,1.3725922398393045,86.76363676111716,84.77646333863773,0.02857838504879151,1
2024-06-12,211.2401580810547,218.3089152196564,205.1231328450552,205.58909768640683,198134300,5.869171142578125,0.02857838504879151,192.29408795208613,179.90918548583986,180.13998207092285,78.94460805776541,4.5345136910595025,1451151900.0,5.996374064834498,1.2602344423432115,4.736139622491287,180.03993075649697,192.0047691345215,203.96960751254602,12.463063737382246,1.3038298696061905,79.8455779898572,81.84480054352768,0.005491108497031272,1
2024-06-13,212.4001007080078,214.888539245905,209.7827737762817,212.8958066808934,97862700,1.159942626953125,0.005491108497031272,194.20894630979296,180.79788330078125,180.31228858947753,79.58203738050798,4.5753173895283465,1549014600.0,6.855783082438165,1.6957147679575026,5.160068314480663,178.47650320032682,193.22024002075196,207.9639768411771,15.261068735699384,1.1504409608249775,86.72658105153778,84.44526526750404,-0.008168333386853965,0
2024-06-14,210.66514587402344,213.32212283006638,209.48536314811375,212.01346682824212,70122700,-1.734954833984375,-0.008168333386853965,195.77620341114826,181.66831726074219,180.45651611328125,75.8816936252046,4.5225632675586525,1478891900.0,7.3125796982777445,1.7220091070376657,5.590570591240079,177.96684343030526,194.34301528930663,210.719187148308,16.852853532835397,0.9983500028349157,78.47918363972332,81.6837808937061,0.019671449341673863,1
2024-06-17,214.80923461914062,217.06965275202606,210.89316027395952,211.53757201804441,93728300,4.1440887451171875,0.019671449341673863,197.58887305000465,182.6065838623047,180.60403450012208,78.45821771513151,4.656987811161794,1572620200.0,7.917717121143994,1.8617172239231312,6.055999897220863,177.30192138807317,195.6715087890625,214.04109619005183,18.7759449647747,1.0209078846552488,81.72487109306617,82.31021192810908,-0.010984506175637065,0
2024-06-18,212.4496612548828,216.75240063817128,211.1707464886947,215.72132373307375,79943300,-2.3595733642578125,-0.010984506175637065,199.004186212374,183.5200344848633,180.7386688232422,73.63475040076459,4.723035406755707,1492676900.0,8.113369168450049,1.6458954169833486,6.4674737514667004,177.3160311832511,196.82402496337892,216.33201874350672,19.8227770047457,0.9004931636645602,81.39850552483792,80.53418675254247,-0.02151302357140128,0
2024-06-20,207.8792266845703,212.40007736780652,207.0563681724187,212.0927269910851,86172500,-4.5704345703125,-0.02151302357140128,199.84942816210702,184.3179183959961,180.84260025024415,65.26504387418271,4.770910955020593,1406504400.0,7.8096046908620735,1.0737047515162974,6.735899939345776,177.81984611201196,197.68308029174804,217.54631447148412,20.096038720583657,0.7566587671614952,78.08513628322238,80.40283763370883,-0.01044439663515584,0
2024-06-21,205.7080535888672,210.0702597495804,205.3313122387871,208.58314195009936,241805100,-2.171173095703125,-0.01044439663515584,200.40739248846512,185.10980346679688,180.93449081420897,61.67844768863933,4.768627851861502,1164699300.0,7.309415241346869,0.4588122416008744,6.850602999745995,178.74349969482523,198.5054573059082,218.26741491699119,19.910744902724435,0.682233876438425,66.8151780561078,75.4329399547227,0.0031327137038812403,1
2024-06-24,206.35247802734375,210.87331399723786,204.8157865138524,205.93608683303725,80727000,0.6444244384765625,0.0031327137038812403,200.97359111121546,185.77081970214843,181.06312927246094,62.33997037372336,4.86069211125607,1245426300.0,6.8856378188262966,0.028027855264241452,6.857609963562055,180.4963028693997,199.5593276977539,218.6223525261081,19.105120315123973,0.6781760867112172,58.98742936368438,67.96258123433819,0.004468216697492089,1
2024-06-25,207.27450561523438,209.5646648210329,206.81844945769743,207.35380525957078,55549700,0.922027587890625,0.004468216697492089,201.5736782068363,186.42037567138672,181.22279388427734,63.315719676241116,4.742941731429862,1300976000.0,6.548701721938784,-0.24712659329861797,6.795828315237402,181.88883984411328,200.50563125610353,219.12242266809378,18.569843944393995,0.6817948702688723,57.33807768917262,61.046895036321594,0.019993239075961844,1
2024-06-26,211.41859436035156,213.01476817493463,208.8310086144187,209.68362348048936,66213200,4.1440887451171875,0.019993239075961844,202.51128926907583,187.22924682617187,181.40011749267578,67.40359057046905,4.814178933449176,1367189200.0,6.5406739479543035,-0.20412349382647932,6.744797441780783,183.33994902552845,201.658642578125,219.97733613072157,18.168022276059574,0.7663932270662157,64.18300471036275,60.16950392107325,0.003985917823852159,1
2024-06-27,212.26129150390625,213.88720639689362,210.52632069800987,212.84622088780682,49772700,0.8426971435546875,0.003985917823852159,203.43986091048825,188.12051513671875,181.57582832336425,68.18009372052325,4.7103722738373595,1416961900.0,6.52707049035314,-0.17418156114211492,6.7012520514952545,184.9875661370957,202.83891754150392,220.69026894591212,17.601505293731957,0.7639120632647334,71.26559086942837,64.26222442298791,-0.01625411300435431,0
2024-06-28,208.81117248535156,214.21437951883613,208.4939285392998,213.91695291908772,82542700,-3.4501190185546875,-0.01625411300435431,203.95141439380856,188.97010650634766,181.749397354126,61.699668181761034,4.7825207528158575,1334419200.0,6.166806771489149,-0.427556224004884,6.594362995494033,186.8463864207757,203.7971176147461,220.7478488087165,16.63490768894358,0.6479008431326263,73.10751320266102,69.51870292748404,0.029104582806617874,1
2024-07-01,214.88853454589844,215.64200216221636,210.10001313722785,210.26855134899324,60402900,6.077362060546875,0.029104582806617874,204.9930448844838,189.96025451660157,181.9636725616455,67.55052331135741,4.928828533105068,1394822100.0,6.2990756829471195,-0.23622985003753172,6.535305532984651,188.54365668142387,205.0115966796875,221.47953667795113,16.065374120268263,0.7998838308632518,77.0383780412656,73.80382737111832,0.01623993862074924,1
2024-07-02,218.37831115722656,218.4873670751859,213.25271326862932,214.2936836981781,58046200,3.489776611328125,0.01623993862074924,206.26783214855453,191.06059295654296,182.18784240722655,70.3513658875811,4.950673195494461,1452868300.0,6.6093075719395245,0.05920163116389787,6.550105940775627,189.93657895242896,206.3123291015625,222.68807925069606,15.874717929312085,0.8684100558991024,84.02145434485595,78.05578186292752,0.005811073656752486,1
2024-07-03,219.64732360839844,219.64732360839844,217.1489612238199,218.11063203893852,37369800,1.269012451171875,0.005811073656752486,207.54206943044443,192.16967864990235,182.42196159362794,71.32076259504007,4.775508137571895,1490238100.0,6.87827876230412,0.26253825722279434,6.615740505081326,191.5580189716953,207.66064910888673,223.76327924607816,15.508600407723875,0.8721961691160842,95.40590259308317,85.48857832640157,0.021620296819540474,1
2024-07-05,224.3961639404297,224.5052198536283,219.7464397478406,219.7464397478406,60412400,4.74884033203125,0.021620296819540474,209.14722128853828,193.35275146484375,182.66521003723145,74.65974546164792,4.781393002404607,1550650500.0,7.389451103038937,0.6189684783660878,6.770482624672849,192.74299045187018,209.17106399536132,225.59913753885246,15.707787903068136,0.9633866504420601,99.54947875761991,92.99227856518634,0.00653895168287133,1
2024-07-08,225.8634796142578,225.89322076278884,221.3327197032473,225.13973799267995,59085900,1.467315673828125,0.00653895168287133,210.73924589098775,194.5231918334961,182.91036361694336,75.60483095229363,4.765615006485817,1609736400.0,7.8227828071902366,0.8418401460139098,6.980942661176327,194.66376584109233,210.82374954223633,226.98373324338033,15.33032567367987,0.965338652258566,99.76833845925484,98.24123993665263,0.0037748470851168836,1
2024-07-09,226.71607971191406,227.42989753320916,224.4259205051531,225.97252074204383,48076100,0.85260009765625,0.0037748470851168836,212.26084911202835,195.69345672607423,183.17745666503907,76.16118504852145,4.639783722312263,1657812500.0,8.141152864589742,0.9281681627307314,7.2129847018590105,196.4967955681065,212.39959869384765,228.3024018195888,14.974419183026246,0.9501244499120087,98.71616677069558,99.3446613291901,0.018803592527021573,1
2024-07-10,230.97915649414062,231.0783037422216,227.28119408246098,227.3307677065015,62627700,4.2630767822265625,0.018803592527021573,214.0435450531819,196.96066619873048,183.47356773376464,78.76848449971313,4.619958030026211,1720440200.0,8.637885925070776,1.1399209785694122,7.497964946501364,199.58894740847583,214.37548294067383,229.16201847287184,13.794987495179214,1.0614456989371153,98.7749523120849,99.0864858473451,-0.023220952009750606,0
2024-07-11,225.6156005859375,230.39419780728426,223.83105624130303,229.40278596334778,64710600,-5.363555908203125,-0.023220952009750606,215.14564558011102,198.03743865966797,183.738614654541,68.6022738941791,4.800539617369881,1655729600.0,8.500764792598744,0.8022398768779038,7.69852491572084,200.43461867541944,215.38771362304686,230.34080857067428,13.884817008454851,0.841998997488927,91.88852733633966,96.45988213970672,0.013050975980972268,1
2024-07-12,228.5601043701172,230.64207551688347,226.71607753741577,226.9540218514806,53046500,2.9445037841796875,0.013050975980972268,216.42321308392115,199.23587188720703,184.01201477050782,70.82821469248357,4.8166778540538875,1708776100.0,8.531348084213647,0.6662585347942445,7.865089549419403,200.38370226320748,216.2537109375,232.1237196117925,14.677212802955449,0.8877248489647037,89.74450962918199,93.4693297592022,0.01674333554866947,1
2024-07-15,232.386962890625,235.1926606193721,231.0882156126273,234.44910163171727,62631300,3.8268585205078125,0.01674333554866947,217.94357020836912,200.53123748779296,184.32489158630372,73.46154877471734,4.946383453711103,1771407400.0,8.763362475756253,0.7186183410694795,8.044744134686773,200.02085366248136,217.25305404663087,234.48525443078037,15.863712903617746,0.93911713265343,86.57428542041576,89.40244079531247,0.0017918920594164334,1
2024-07-16,232.80337524414062,234.2409196318231,230.3347538954296,232.98182214446476,43234300,0.416412353515625,0.0017918920594164334,219.35878973558548,201.76107177734374,184.6474050140381,73.73933743452693,4.872082188188417,1814641700.0,8.878490833789385,0.6669973592820888,8.211493474507296,200.14650595540326,218.3599655151367,236.57342507487016,16.68205022543008,0.896503741687153,90.52472535716394,88.94784013558723,-0.02529605750854591,0
2024-07-17,226.91436767578125,229.47221227385296,224.69359950369105,227.47946461019197,57345900,-5.889007568359375,-0.02529605750854591,220.0783685870327,202.66818176269533,184.93918968200683,63.600208038865844,5.103346013349928,1757295800.0,8.39773335005691,0.14899190043969135,8.248741449617219,200.4617417397653,218.96522216796876,237.46870259617222,16.900839544290186,0.7148013596322184,83.38547645221131,86.82816240993033,-0.020534783667068734,0
2024-07-18,222.25473022460938,228.46097889584826,220.36114484151935,228.3023493485251,66034600,-4.659637451171875,-0.020534783667068734,220.28564112394477,203.5151675415039,185.20510848999024,56.9300283623772,5.3173808734198555,1691261200.0,7.553661868405982,-0.5560636649689901,8.109725533374972,201.14998299728717,219.4554756164551,237.760968235623,16.682648330142964,0.5764594175745685,70.52855213899342,81.47958464945621,0.0005798559710816775,1
2024-07-19,222.38360595703125,224.8522270905052,221.36245288688534,222.88923571935766,49151500,0.128875732421875,0.0005798559710816775,220.48544729852443,204.3510678100586,185.45913047790526,57.064151205822235,5.186837539862714,1740412700.0,6.816551371483399,-1.034539329513258,7.851090700996657,202.63361016581416,220.18069458007812,237.7277789943421,15.938803760910305,0.5627714361242369,56.495890767773425,70.13663978632606,-0.0015602987539841129,0
2024-07-22,222.03662109375,225.82380677595344,221.174082433242,225.06041535891617,48201800,-0.34698486328125,-0.0015602987539841129,220.63317813616496,205.1732958984375,185.71808311462402,56.55351473032884,5.148472311494766,1692210900.0,6.13368194609447,-1.373927003921751,7.507608950016221,204.7480806615,220.99712295532225,237.2461652491445,14.705207087340426,0.5319864432509649,46.84337541279199,57.95593943985293,0.004688348716054058,1
2024-07-23,223.07760620117188,224.9910392063895,220.7676144514488,222.44310313331528,39960300,1.040985107421875,0.004688348716054058,220.86598080902274,205.98010650634765,185.97601943969727,57.77431289410869,5.082397486026619,1732171200.0,5.611812325699816,-1.5166372994531248,7.128449625152941,207.02775092628588,221.83337936401367,236.63900780174146,13.348422568483484,0.5420187107352925,40.615414458829974,47.98489354646512,-0.028754247547165046,0
2024-07-24,216.66317749023438,222.86942645430565,215.2652980307627,222.07629380801336,61777600,-6.4144287109375,-0.028754247547165046,220.465713826281,206.68381134033203,186.195711517334,48.694669514421,5.2773911063396595,1670393600.0,4.62729551995173,-2.0009232841609697,6.6282188041126995,208.83881658384718,222.30281295776368,235.76680933168018,12.11320378251317,0.29056606556821263,26.636053745763167,38.03161453912837,-0.004804624022782034,0
2024-07-25,215.6221923828125,218.95333716975932,212.77682977395946,217.04981289629316,51391200,-1.040985107421875,-0.004804624022782034,220.0044260697602,207.3026513671875,186.39746002197265,47.392945490364895,5.341613698443959,1619002400.0,3.7201761847142905,-2.326434095518728,6.046610280233018,209.61588499116948,222.51299285888672,235.41010072660396,11.592229021786899,0.23285481726788582,17.521854297320996,28.257774167304706,0.002160991113448585,1
2024-07-26,216.08815002441406,217.6050090608147,214.15488466672127,216.8217851678197,41601300,0.4659576416015625,0.002160991113448585,219.63144739877487,207.9080078125,186.59413192749022,48.06222486975866,5.206507319561778,1660603700.0,3.0042453927931945,-2.4338919099518597,5.438137302745054,210.31784363235465,222.7043357849121,235.09082793746956,11.123709925899538,0.2329273825466401,11.49355158133757,18.550486541473905,0.0012846754872153365,1
2024-07-29,216.36575317382812,217.41664743865044,213.8971319294418,215.09674706599597,36311800,0.2776031494140625,0.0012846754872153365,219.32042890116088,208.4735092163086,186.79515441894532,48.48273733220467,5.0860079045365545,1696915500.0,2.4312395205257076,-2.4055182257754772,4.836757746301185,212.023764788977,223.08206481933593,234.14036484969486,9.914109446059282,0.19632259809061267,14.492148170319744,14.502518016326098,0.0025659133809590173,1
2024-07-30,216.92092895507812,218.43778796730905,214.2639371695869,217.3075789949067,41643800,0.55517578125,0.0025659133809590173,219.09190509677205,209.04773498535155,186.99199104309082,49.36567762991866,5.020853825478382,1738559300.0,1.9988843892417947,-2.2702986856475125,4.269183074889307,212.3943460684004,223.1836845397949,233.9730230111894,9.668572766546204,0.20977110407088118,16.423426978322542,14.13637557665995,0.014990929317613144,1
2024-07-31,220.1727752685547,221.89783756706774,218.73523091700034,219.53827220377053,50036300,3.2518463134765625,0.014990929317613144,219.19484511313232,209.68640319824217,187.2005934906006,54.30565745931156,5.0177148816577555,1788595600.0,1.8967718482654163,-1.897928981299113,3.7947008295645293,212.6163717646304,223.27340774536134,233.93044372609228,9.546175774667322,0.3545265080078116,22.49744563699524,17.804340261879172,-0.016750774798095835,0
2024-08-01,216.48471069335938,222.55214689360594,215.15622233135366,222.44309097566543,62501000,-3.6880645751953125,-0.016750774798095835,218.93673707315395,210.2281106567383,187.39993949890138,48.523552747000835,5.187587001700221,1726094600.0,1.5009489301257304,-1.8350015195510396,3.33595044967677,212.15808863772762,223.1152770996094,234.07246556149116,9.821997493241984,0.1974330399939435,22.674340737533225,20.531737784283663,0.006869406976909742,1
2024-08-02,217.97183227539062,223.66254232334134,215.84030263063204,217.2679231335739,105568600,1.48712158203125,0.006869406976909742,218.84484137812888,210.77358489990235,187.60736289978027,50.798402527042334,5.375776479629441,1831663200.0,1.2923572095785971,-1.6348745920785381,2.9272318016571353,211.63116979182152,222.79406051635743,233.95695124089335,10.020815365242953,0.2840062955033859,24.579624203905635,23.250470192811363,-0.04816702160769737,0
2024-08-05,207.4727783203125,211.66644653820467,194.31673780556494,197.38019703112641,119548600,-10.499053955078125,-0.04816702160769737,217.76178775357494,211.1378302001953,187.77004318237306,38.02290490239659,6.681442050357743,1712114600.0,0.27667156077245636,-2.120448192707743,2.3971197534801996,208.9790990805177,221.87452545166016,234.76995182280262,11.624071168054838,-0.05840523286519867,26.055676289634402,24.436547077024414,-0.009748225629656604,0
2024-08-06,205.45028686523438,208.18659343179937,199.34320096724198,203.53686913101606,69660500,-2.022491455078125,-0.009748225629656604,216.58926385944724,211.5413345336914,187.92907905578613,36.13748987329101,6.835867079943432,1642454100.0,-0.683584850643399,-2.464563683298879,1.7809788326554798,206.28427208880467,220.81123580932618,235.33819952984769,13.157812071724248,-0.028704732785701327,31.41102625772562,27.348775583755213,0.012498301074166829,1
2024-08-07,208.01806640625,211.80525225793107,204.61751548926864,205.12313014700663,63516400,2.567779541015625,0.012498301074166829,215.77295934009513,211.93472717285155,188.10283004760743,40.192334732770654,6.861000629137647,1705970500.0,-1.2232952397840222,-2.403419257951602,1.1801240181675794,204.90458134349453,219.66318130493164,234.42178126636875,13.437481760723063,0.10548036639283968,37.83879121579776,31.76849792105259,0.016633276293891663,1
2024-08-08,211.47808837890625,212.36044444161047,207.0365669160157,211.27980900719393,47161100,3.46002197265625,0.016633276293891663,215.3639240104581,212.39712158203125,188.3066199493408,45.23794605542198,6.751206121741728,1753131600.0,-1.3561914244568243,-2.029052354099523,0.6728609296426986,204.0522636089629,218.95630569458007,233.86034778019723,13.613713510865187,0.24912116885088123,43.520725488327344,37.59018098728357,0.013735992567658561,1
2024-08-09,214.38294982910156,214.91830568661297,210.149616086692,210.27850449568905,42201600,2.9048614501953125,0.013735992567658561,215.27049789794796,212.9116647338867,188.52434173583984,49.11895144610337,6.609597798754532,1795333200.0,-1.2131303546042034,-1.5087930273975216,0.29566267279331826,203.89972757871976,218.2474479675293,232.59516835633883,13.148122026099639,0.36532710306224536,54.45726367312858,45.272260125751224,0.007129851874770221,1
2024-08-12,215.91146850585938,217.8767320905019,213.9958359256548,214.4623401059105,38028100,1.5285186767578125,0.007129851874770221,215.33154271774904,213.43695068359375,188.7475336456299,51.083444055501715,6.414690539189715,1833361300.0,-0.9652875096551838,-1.0087601459588016,0.04347263630361786,204.6077127005905,217.423673248291,230.23963379599152,11.788928368499311,0.44100306657455496,64.49079429729228,54.156261152916066,0.01719303512501158,1
2024-08-13,219.62364196777344,220.23902400333975,217.38044783379533,217.38044783379533,44155300,3.7121734619140625,0.01719303512501158,215.74031407489423,214.01744445800782,189.00084022521972,55.56999782080082,6.265609464781905,1877516600.0,-0.4639804175378117,-0.40596244307314366,-0.05801797446466806,205.9863417743932,216.76468658447266,227.54303139455212,9.944742365476738,0.6326249732067954,75.08033372063656,64.6761305636858,0.002033660905750745,1
2024-08-14,220.07028198242188,221.37053243582614,218.06530765715263,218.9288446755302,41960600,0.4466400146484375,0.002033660905750745,216.15269197084925,214.5715768432617,189.27716705322266,56.09181282434541,6.054153415774163,1919477200.0,-0.03030152177547052,0.022173162151358033,-0.05247468392682855,206.55909096157214,216.4224822998047,226.28587363803726,9.114941510160714,0.6849160982023265,82.52761650630339,74.03291484141074,0.013530639501013964,1
2024-08-15,223.0479736328125,223.67329096872731,221.10255033510867,222.9288713384501,46414000,2.977691650390625,0.013530639501013964,216.8093854624648,215.1789178466797,189.56181526184082,59.506365112814635,5.879071670812111,1965891200.0,0.5473573632179409,0.4798656377158156,0.06749172550212534,206.49938379610703,216.46214447021484,226.42490514432265,9.205083594169684,0.8305223008976594,90.62188591794195,82.74327871496062,0.005918521088720485,1
2024-08-16,224.3680877685547,225.1422830006272,221.98593577772976,222.25393109506462,44340200,1.3201141357421875,0.005918521088720485,217.52926187256858,215.78252227783204,189.84284339904787,60.95600120465844,5.6845913531039205,2010231400.0,1.099009670115663,0.8252143556908302,0.2737953144248329,206.32880948555038,216.561368560791,226.79392763603164,9.450031779207421,0.8814646536785371,94.37241564987754,89.17397269137429,-0.0007079616166469904,0
2024-08-19,224.20924377441406,224.30850577318623,221.3804434072076,224.04051049270504,40687800,-0.158843994140625,-0.0007079616166469904,218.16545062512532,216.41051177978517,190.12070739746093,60.674537302485504,5.491952282264147,1969543600.0,1.5060202509716873,0.9857799492374835,0.5202403017342039,206.1647446607063,216.6699996948242,227.17525472894212,9.69700932193139,0.8588320347818617,97.44384898077108,94.14605018286352,0.002744699337685619,1
2024-08-20,224.8246307373047,225.4797235950926,223.77252016614798,224.09014645304697,30299000,0.615386962890625,0.002744699337685619,218.7996582548567,217.0030224609375,190.38584815979004,61.41782193250745,5.221613078455608,1999842600.0,1.8568312586425009,1.0692727655266376,0.7875584931158632,206.01407490151854,216.75735092163086,227.50062694174318,9.912721275133665,0.8754571603936825,97.45315798734765,96.42314087266543,-0.00048554011451118484,0
2024-08-21,224.71546936035156,226.28371522001356,223.37552309496598,224.8345868015738,34765500,-0.109161376953125,-0.00048554011451118484,219.3630688363324,217.66810241699218,190.63266799926757,61.1968608172231,5.056368724640749,1965077100.0,2.1018146874750414,1.0514049554873424,1.050409731987699,205.8712923561419,217.15996551513672,228.44863867413153,10.396642983633146,0.8346497741054103,96.65506029676904,97.18402242162925,-0.00825975339230045,0
2024-08-22,222.859375,226.64102413052154,222.2340576918725,226.09511339685906,43695300,-1.8560943603515625,-0.00825975339230045,219.6960503757293,218.01787017822267,190.87474990844726,57.414534293998976,5.009982847069914,1921381800.0,2.1217364598089716,0.8570613822570179,1.2646750775519537,205.99212048577607,217.5218246459961,229.05152880621614,10.600963079437152,0.7314695277446751,93.76430769624703,95.95750866012123,0.010288174603870104,1
2024-08-23,225.15219116210938,226.52192810531062,222.66087229355688,223.98097823318813,38677300,2.292816162109375,0.010288174603870104,220.215682831575,218.29611083984375,191.11555709838868,60.649942696299966,4.927916630261616,1960059100.0,2.296068066907708,0.8251143914846031,1.4709536754231047,206.0023109017492,217.97502670288085,229.9477425040125,10.985401384949943,0.7997300102350273,92.64701268929929,94.35546022743846,0.0014988234276755996,1
2024-08-26,225.48965454101562,225.58891654674125,222.22414052811973,225.0727813784282,30602200,0.33746337890625,0.0014988234276755996,220.71796585152174,218.5579019165039,191.3452633666992,61.11816975463453,4.8162637294301796,1990661300.0,2.4334067970897593,0.7699624973333234,1.6634442997564358,206.0502104254754,218.43122177124025,230.8122331170051,11.336301876048923,0.7850507350592909,92.539652419856,92.98365760180077,0.0037414507950837006,1
2024-08-27,226.33331298828125,227.1472189452107,223.2166771577116,224.31841866937577,35934600,0.843658447265625,0.0037414507950837006,221.2527608169274,218.87126525878907,191.57390480041505,62.32511553188793,4.752997876435105,2026595900.0,2.5805776236855706,0.7337066591433077,1.846870964542263,206.0785838026472,218.9018409729004,231.72509814315362,11.715988420436087,0.7897653816309644,95.09030473036448,93.42565661317326,-0.006753329405149833,0
2024-08-28,224.8048095703125,228.149730282918,224.00082364270057,226.22416240429726,38052200,-1.52850341796875,-0.006753329405149833,221.59105117439265,219.0711767578125,191.79727363586426,58.76592625872956,4.709848502419557,1988543700.0,2.5445422137595983,0.5581369993738681,1.9864052143857303,206.06181999253246,219.1334426879883,232.20506538344412,11.930285523846559,0.7169343093224294,90.71405824847214,92.78133846623086,0.014570202774651042,1
2024-08-29,228.08026123046875,231.18697758967758,227.1770435151196,228.38796742499142,51906300,3.27545166015625,0.014570202774651042,222.20907117973323,219.38378875732423,192.01610649108886,63.567332234034225,4.829299896487094,2040450000.0,2.7486013017929167,0.6097568699257492,2.1388444318671676,206.14381683295883,219.71322021484374,233.28262359672866,12.351922536674165,0.8083054125575987,86.4328249396134,90.74572930615,-0.0034379735751901563,0
2024-08-30,227.29612731933594,228.68570457235603,225.78743262658827,228.4772755570311,52990800,-0.7841339111328125,-0.0034379735751901563,222.69355271683824,219.77212677001953,192.2389292907715,61.71463656563368,4.6913693285785705,1987459200.0,2.8146015709959897,0.5406057113030576,2.273995859692932,206.24555923199938,220.179434967041,234.11331070208263,12.656836672441646,0.7553737555731717,78.38812691877143,85.17833670228565,-0.027205279993480214,0
2024-09-03,221.1124725341797,227.29611365629745,219.52437135882835,226.84946493362216,50190600,-6.18365478515625,-0.027205279993480214,222.54297365182313,220.0802151489258,192.4177815246582,49.46986902510599,4.911396945144928,1937268600.0,2.3409529492366516,0.0535656716349755,2.287387277601676,208.20540262615484,220.86141967773438,233.5174367293139,11.460595580745897,0.5099183200932074,58.9898473274416,74.60359972860881,-0.008618762752463982,0
2024-09-04,219.20675659179688,220.1298295937355,215.86182100754215,220.01072730838987,43840200,-1.9057159423828125,-0.008618762752463982,222.2252386937254,220.33730072021484,192.58428703308107,46.413509818822924,4.935629415251544,1893428400.0,1.7911602735458416,-0.3969816032446678,2.1881418767905094,210.99797110382332,221.5492431640625,232.10051522430166,9.524990389992624,0.3889950633965306,38.955863407611,58.77794588460801,0.006927917112803161,1
2024-09-05,220.72540283203125,223.80232842315377,219.87180099289256,219.98098315180297,36615400,1.518646240234375,0.006927917112803161,222.08239718308786,220.60631866455077,192.74998077392578,49.111653713681925,4.911339587830498,1930043800.0,1.461144512341832,-0.5815978915589417,2.0427424039007738,213.62705357086577,222.18460998535156,230.74216639983734,7.7031045625077095,0.41474159896566754,25.594919490536256,41.18021007519628,-0.0070151934331850185,0
2024-09-06,219.17697143554688,223.5640821152314,218.13478104858405,222.28367202274,48423000,-1.548431396484375,-0.0070151934331850185,221.80568996903634,220.76148620605468,192.9080313873291,46.53863205929535,4.9483368363174165,1881620800.0,1.0624123428773657,-0.7842640488187265,1.8466763916960922,215.3916504935735,222.5695541381836,229.7474577827937,6.450031921395372,0.2636787235793958,25.064818043864182,29.871866980670475,0.0004077560108333156,1
2024-09-09,219.26634216308594,219.6236642204836,215.09759492361837,219.17701543505086,67180000,0.0893707275390625,0.0004077560108333156,221.56384732085058,220.90158721923828,193.05782737731934,46.7121622282758,4.918174869213688,1948800800.0,0.7450373696490544,-0.8813112176376303,1.6263485872866847,216.4842712215099,222.8137237548828,229.1431762882557,5.681384814820395,0.21977184653073717,26.42598137998185,25.695239638127422,-0.0036214741167246434,0
2024-09-10,218.47227478027344,219.83207646515766,215.1174187834135,217.29112653781655,51591000,-0.7940673828125,-0.0036214741167246434,221.2694118407956,221.09480926513672,193.20765762329103,45.3050514244826,4.9036379272515775,1897209800.0,0.42454690288232655,-0.9614413475234866,1.3859882504058132,217.09045631565095,222.9417640686035,228.79307182155605,5.249180455172131,0.11807774628887215,22.83886163844774,24.77655368743125,0.011585160540387607,1
2024-09-11,221.00331115722656,221.4301044903715,216.26879790334314,219.81224273641337,44587100,2.531036376953125,0.011585160540387607,221.24406891855094,221.21710479736328,193.3668305206299,50.430571640352994,4.922042831521347,1941796900.0,0.3705182777606808,-0.812375978116106,1.1828942558767868,217.28638724663327,223.01074752807617,228.73510780951906,5.133707989317622,0.3246584533334436,27.863392086720623,25.709411701716732,0.0004939354816972941,1
2024-09-12,221.1124725341797,221.88666769221828,218.18442519080247,220.8444772424724,37455600,0.109161376953125,0.0004939354816972941,221.2315359295632,221.27178802490235,193.53317428588866,50.64539116349096,4.834914236513809,1979252500.0,0.33267375791791665,-0.6801763983670961,1.0128501562850127,217.42824428407508,223.06285705566407,228.69746982725306,5.052040349490283,0.3269282557162875,31.688130444536736,27.463461389901695,-0.001212008120723529,0
2024-09-13,220.844482421875,222.37301734416337,220.25887596851652,221.91644846858938,36766600,-0.2679901123046875,-0.001212008120723529,221.19467369073575,221.29573120117186,193.699068069458,50.07168894784793,4.640573317880455,1942485900.0,0.27785421053059167,-0.5879967566035369,0.8658509671341286,217.23564652789608,222.9526824951172,228.6697184623383,5.128474708839903,0.3156212340337151,36.6027744488833,32.05143232671355,-0.02777528275584551,0
2024-09-16,214.71046447753906,215.6037619118882,212.32831274384958,214.9288136198369,59357400,-6.1340179443359375,-0.02777528275584551,220.5771299561456,221.10201721191407,193.83127586364745,39.142142386493575,4.917401629319381,1883128500.0,-0.2575853758370954,-0.8987490743769792,0.6411636985398838,215.76622314228285,222.4698013305664,229.17337951884997,6.02650620281065,-0.07874590517859814,28.578084461470397,32.28966311829681,0.0021727257641726005,1
2024-09-17,215.17697143554688,215.28615358843467,212.904016801209,214.14471619981742,45519300,0.4665069580078125,0.0021727257641726005,220.06282914466001,220.88828704833983,193.9709085083008,40.211022016401046,4.736311283455546,1928647800.0,-0.6369396491235761,-1.0224826781307679,0.38554302900719173,214.65924195605405,222.01818771362304,229.37713347119202,6.62913775970566,0.03517687835654461,21.151805300696562,28.777554737016747,0.017989782608479832,1
2024-09-18,219.04795837402344,221.05293280374121,215.92138686335736,215.9313221513165,59894900,3.8709869384765625,0.017989782608479832,219.96617478555174,220.73492462158202,194.12702857971192,48.321885057234816,4.8177148609368885,1988542700.0,-0.6180992852487179,-0.8029138514047278,0.18481456615600983,214.3802309366158,221.72935409545897,229.07847725430216,6.628913152995736,0.31757036428155255,21.122838676115464,23.617576146094137,0.03706551490586163,1
2024-09-19,227.16708374023438,228.11002736409566,222.95864123060412,223.31596324984213,66781300,8.119125366210938,0.03706551490586163,220.65197563837864,220.65868316650392,194.31736640930177,60.442977370292326,5.120883013017983,2055324000.0,0.0513850664905533,-0.10674359973236522,0.15812866622291852,214.23091710445811,221.85193481445313,229.47295252444815,6.870363980705319,0.8487164790871953,47.15096973343706,29.808537903416354,-0.002927465514640293,0
2024-09-20,226.50205993652344,231.35567496568984,225.9263736470506,228.25889437635817,318679900,-0.6650238037109375,-0.002927465514640293,221.20912652391624,220.67641235351562,194.51332794189454,59.21779716917115,5.142912891990929,1736644100.0,0.5222739267709642,0.29131620843843653,0.23095771833252765,214.1556831234567,222.0340690612793,229.9124549991019,7.096555921468286,0.7835600407562027,66.94633270847284,45.07338037267511,-0.007580955560679947,0
2024-09-23,224.7849578857422,227.74278104335218,224.12986496132828,225.64847983003366,54146000,-1.71710205078125,-0.007580955560679947,221.54968189170918,220.6009094238281,194.6809772491455,56.05816450994594,5.0336274055647126,1682498100.0,0.7482753041161345,0.41385406862688545,0.33442123548924907,214.1648120879907,222.01570739746094,229.8666027069312,7.072378257827745,0.6763652665792651,76.89146655821641,63.6629230000421,0.003974067283136762,1
2024-09-24,225.6782684326172,227.64354731931365,224.05047131587074,226.94874349226038,43556100,0.893310546875,0.003974067283136762,221.9428806098909,220.46673553466798,194.85853149414064,57.33360823312787,4.930730876841728,1726054200.0,0.9880757966117528,0.5229236488980029,0.46515214771374985,214.15713896111404,222.025138092041,229.89313722296797,7.087484956469447,0.7321511657402657,70.040095516486,71.29263159439175,-0.004398159276124192,0
2024-09-25,224.68569946289062,225.59885242729763,222.3531936181764,223.2564112941643,42308700,-0.9925689697265625,-0.004398159276124192,222.20410145303373,220.30438201904298,195.0214820098877,55.40915419356955,4.8160411580988045,1683745500.0,1.0855142612770123,0.4962896908506099,0.5892245704264024,214.22382567651707,221.9427574157715,229.66168915502593,6.955786103706319,0.6776762730761025,66.85808066780679,71.26321424750307,0.005080270956839161,1
2024-09-26,225.82716369628906,226.79986786044512,223.7328623413079,225.6087993733805,36636700,1.1414642333984375,0.005080270956839161,222.54915500001044,220.28263793945314,195.183020401001,57.18883301703501,4.691110041030119,1720382200.0,1.2405413817128874,0.521053449029188,0.7194879326836994,214.18676880544805,221.9938751220703,229.80098143869256,7.0336231685034285,0.7454999598287287,68.68388254616804,68.5273529101536,0.001186569367212842,1
2024-09-27,226.09512329101562,227.81226214161182,225.6087788258606,226.7601514881057,34026000,0.2679595947265625,0.001186569367212842,222.88686626582046,220.35944580078126,195.35840713500977,57.616479240032795,4.513422417795911,1754408200.0,1.3692398467994167,0.5198015312925739,0.8494383155068428,214.353615012712,221.89461822509764,229.4356214374833,6.796923037345403,0.7785110248341296,69.41415518115603,68.31870613171027,0.022872007650480475,1
2024-09-30,231.26637268066406,231.26637268066406,227.94129216556473,228.32838978012126,54541900,5.1712493896484375,0.022872007650480475,223.68491449580554,220.53710113525392,195.552085647583,64.90283629749818,4.56041005864252,1808950100.0,1.8669894234995468,0.814040886394163,1.0529485371053837,213.82029559918865,222.09313049316407,230.36596538713948,7.4498791345822815,1.0544195130849456,80.9425936146241,73.01354378064939,-0.029141597013988885,0
2024-10-01,224.5269012451172,227.94129335648356,222.0752779583648,227.81227091446172,63285000,-6.739471435546875,-0.029141597013988885,223.7651037100257,220.58690673828124,195.6959986114502,52.28685639215547,4.891173248903716,1745665100.0,1.6980662773548545,0.5160941921995765,1.181972085155278,213.93825741799492,222.26385192871095,230.58944643942698,7.491631624728961,0.6359091722214807,78.66471183572047,76.34048687716687,0.002519675193235038,1
2024-10-02,225.09263610839844,225.67824256269316,221.360617941662,224.20925878310885,32880600,0.56573486328125,0.002519675193235038,223.8915353670136,220.62720733642578,195.84199859619142,53.11080827058847,4.8502054897699605,1778545700.0,1.5914977470775682,0.3276205295378323,1.263877217539736,214.26957993766356,222.55814590454102,230.84671187141848,7.448449872001148,0.652890754201974,76.90849155510709,78.83859900181722,-0.004894699725881857,0
2024-10-03,223.99087524414062,225.12239234050705,221.65836976978886,223.46481998018766,34044200,-1.1017608642578125,-0.004894699725881857,223.90099630769237,220.77376129150392,195.98515983581544,51.25448019726136,4.751192424123405,1744501500.0,1.4019774023089724,0.11048014781538917,1.2914972544935832,214.45507535588519,222.72141952514647,230.98776369440776,7.423034737193719,0.5767845914107153,64.16281622765266,73.24533987282673,0.005007470980211481,1
2024-10-04,225.1125030517578,226.30357145139808,222.46237094034984,226.20430944090455,37245100,1.1216278076171875,0.005007470980211481,224.01637790236526,220.9635675048828,196.14223503112794,53.053440985249416,4.686193001760894,1781746600.0,1.3269904341969152,0.02839454376266559,1.2985958904342496,214.85664146218463,223.01819610595703,231.17975074972944,7.319182727040632,0.6283031871506749,64.84746301679202,68.63959026651725,-0.022530848527954284,0
2024-10-07,220.04052734375,224.01076551273388,219.68320530273118,222.8296172342201,39505400,-5.0719757080078125,-0.022530848527954284,223.6377254682114,221.04261505126954,196.26875915527344,44.971156580986914,4.739271912279875,1742241200.0,0.8485155117131171,-0.36006430297690595,1.208579814690023,214.95980704360989,223.05690536499023,231.15400368637057,7.260118944204827,0.3137371005317115,51.38219756794657,60.130825604130415,0.018404049879838347,1
2024-10-08,224.0901641845703,224.298593199742,221.58890998571715,222.63110049734397,31855700,4.0496368408203125,0.018404049879838347,223.6808148697694,221.19710327148437,196.42596336364747,51.34461403302249,4.704900051116455,1774096900.0,0.7870202576193037,-0.3372476456565756,1.1242679032758793,215.51110502510195,223.3377998352051,231.16449464530822,7.008840255324661,0.548063989181872,43.536036228372666,53.25523227103708,0.016698314779687973,1
2024-10-09,227.83209228515625,228.0405364361267,223.15714569962594,223.55416342639623,33591100,3.7419281005859375,0.016698314779687973,224.07617462361577,221.41532653808594,196.60261894226073,56.37274558245396,4.717649385786763,1807688000.0,1.0283727103547164,-0.07671615433693035,1.1050888646916468,215.69546819216515,223.67923889160156,231.66300959103796,7.138588935654833,0.7600809535930092,44.75209191741826,46.5567752379125,-0.0021781900508491825,0
2024-10-10,227.33583068847656,227.7924147414137,225.47974919262126,226.08521111865923,28183500,-0.4962615966796875,-0.0021781900508491825,224.3866180583644,221.55858764648437,196.78213264465333,55.55280642659678,4.54869893626878,1779504500.0,1.1661593455507102,0.04885638468725073,1.1173029608634595,215.9461686426549,223.99040679931642,232.03464495597794,7.182663107414894,0.7079391375546088,57.87826962909147,48.72213259162746,-0.006505408096193266,0
2024-10-11,225.85691833496094,227.70307961960657,225.6484741750507,227.5938974682738,31759200,-1.478912353515625,-0.006505408096193266,224.5266466561355,221.7460317993164,196.95697105407714,53.075264253404725,4.370549401146429,1747745300.0,1.1428463580813286,0.020434717774295397,1.1224116403070332,216.29270000286508,224.24102859497071,232.18935718707635,7.089093946730054,0.6016496563563779,63.059553546715016,55.229971697741576,0.016479865670019356,1
2024-10-14,229.57901000976562,230.0058033150611,226.89910245149323,226.99834931201846,39882100,3.7220916748046875,0.016479865670019356,225.007824118386,221.9781753540039,197.14992546081544,58.13570294747897,4.354716228214553,1787627400.0,1.40847630083951,0.22885172842598145,1.1796245724135286,218.02042904916897,224.98445587158204,231.94848269399512,6.190673747157042,0.8298776882504556,68.26613812672889,63.06798710084512,0.011024685474710694,1
2024-10-15,232.11004638671875,235.7229623804217,230.6410474142004,231.87182665313995,64751400,2.531036376953125,0.011024685474710694,225.6842262391796,222.47092071533203,197.3534090423584,61.199890135866724,4.482518809817519,1852378800.0,1.8024459521495828,0.49825710378884347,1.3041888483607393,219.78562889751592,225.83110961914062,231.87659034076532,5.353983985483908,1.0193083111751857,72.06896070307015,67.79821745883801,-0.008851884000882437,0
2024-10-16,230.05543518066406,230.3929017691756,228.12986736523644,229.87678174389526,34082200,-2.0546112060546875,-0.008851884000882437,226.1005318526543,222.96302368164064,197.55181091308594,57.5194308486698,4.446637396365004,1818296600.0,1.9266703297340086,0.49798518509861545,1.4286851446353932,220.9314422829154,226.38148345947266,231.8315246360299,4.81491780447046,0.8370572443557398,75.85787687794122,72.06432523591342,0.0015963480057223922,1
2024-10-17,230.4226837158203,232.11004699556463,228.8048220166126,231.69315867439417,32993800,0.36724853515625,0.0015963480057223922,226.51216536343202,223.41111602783204,197.78611328125,58.005567312079485,4.365107937978363,1851290400.0,2.031336943697454,0.4821214392496487,1.5492155044478053,220.82239437059243,226.54426345825195,232.26613254591146,5.051435865392329,0.8389120056882324,69.69878910376994,72.54187556159376,0.012276487203049857,1
2024-10-18,233.25146484375,234.42267769537074,232.2688255608399,234.42267769537074,46431500,2.8287811279296875,0.012276487203049857,227.15400340917657,223.8465835571289,198.04143180847169,61.64637887188716,4.339028369519225,1897721900.0,2.315849315911663,0.6133070491710861,1.702542266740577,220.4566893420565,226.8817337036133,233.30677806517008,5.663782849923155,0.9956954988707132,72.07085008429196,72.54250535533437,0.006297898886118647,1
2024-10-21,234.720458984375,235.08771628667242,232.7055644739604,232.7055644739604,36254500,1.468994140625,0.006297898886118647,227.87461822586215,224.25333374023438,198.31566452026368,63.41997947779686,4.199251472604424,1933976400.0,2.629551142215803,0.7416071003801807,1.8879440418356221,220.18796759208655,227.3785087585449,234.56904992500327,6.32473245226008,1.0105283493875263,81.765560091672,74.51173309324463,-0.002621721629057161,0
2024-10-22,234.10508728027344,234.4624093106695,230.86934872103873,232.14974382855843,38846600,-0.6153717041015625,-0.002621721629057161,228.46799623104417,224.61720611572267,198.59042945861816,62.12396233835162,4.174384243370985,1895129800.0,2.7962730509050857,0.7266632072555708,2.069609843649515,220.08849587710185,227.79984970092772,235.5112035247536,6.770288772314734,0.9088281852574536,89.41821872529293,81.08487630041897,-0.02162301363855812,0
2024-10-23,229.04302978515625,233.39044533687328,226.0653512199268,232.33833466706656,52287000,-5.0620574951171875,-0.02162301363855812,228.52276133143582,224.80559387207032,198.8182292175293,52.601356169770675,4.450480801726387,1842842800.0,2.491218415072183,0.33728685713813444,2.1539315579340483,220.42531030559164,228.01771621704103,235.61012212849042,6.659487725262961,0.56752230979702,80.67237750461094,83.95205210719195,-0.000823286853178895,0
2024-10-24,228.85446166992188,229.10260155629064,226.710529416834,228.26884002769643,31109500,-0.188568115234375,-0.000823286853178895,228.55435183986305,224.9812774658203,199.04716270446778,52.279873862403086,4.303451611564263,1811733300.0,2.208783071081001,0.043881210517561886,2.164901860563439,220.63692958277082,228.16908111572266,235.7012326486745,6.602254342367878,0.5454969971860493,68.48184102279173,79.52414575089853,0.0036430357070704744,1
2024-10-25,229.6881866455078,231.48471683213373,227.86188088691335,228.03061417648678,38802300,0.8337249755859375,0.0036430357070704744,228.66233610706732,225.11408172607423,199.27507331848145,53.62928159517521,4.254836206825414,1850535600.0,2.0288384768773255,-0.10885070694889087,2.1376891838262164,220.8517027520312,228.34873428344727,235.84576581486334,6.566300054118163,0.5893321814405881,57.6118221032763,68.92201354355964,0.008599437514968056,1
2024-10-28,231.6633758544922,232.98348177622344,230.81970938626554,231.5839844241638,36087100,1.975189208984375,0.008599437514968056,228.94814941634587,225.25998748779296,199.5158264160156,56.749622805824814,4.186297558531858,1886622700.0,2.022300529692302,-0.09231092330713153,2.1146114529994335,220.83872702958672,228.36858444213868,235.89844185469065,6.594477459275742,0.7187817930563482,60.72499162276993,62.27288491627932,0.0011569400164967991,1
2024-10-29,231.931396484375,232.58648944554818,230.59145013134693,231.36564539627622,35417200,0.2680206298828125,0.0011569400164967991,229.2322681847296,225.41443054199217,199.75628814697265,57.170778469931314,4.029779112508243,1922039900.0,2.0155126095842206,-0.07927907473217033,2.094791684316391,221.2730535740071,228.73880920410156,236.20456483419602,6.52775596416858,0.7138154152410322,62.660434807138046,60.332416177728085,-0.015278039476163463,0
2024-10-30,228.387939453125,231.7328600109945,227.8420287171323,230.87925826342104,47070900,-3.54345703125,-0.015278039476163463,229.15185592457678,225.48569671630858,199.99035438537598,50.20959478609778,4.034035444989275,1874969000.0,1.7045566969259198,-0.3121879899123772,2.016744686838297,221.62383377468106,228.9035743713379,236.18331496799473,6.3605302946010855,0.46458425191347497,52.62337357956718,58.669600003158386,-0.01820942684854887,0
2024-10-31,224.2291259765625,228.11995749798112,223.69313535160188,227.63359787833264,64370100,-4.1588134765625,-0.01820942684854887,228.68302450095638,225.47596984863281,200.20832344055177,43.5129873147338,4.081233206170264,1810598900.0,1.1097479216766715,-0.7255974121293005,1.835345333805972,221.6672301149977,228.91548690795898,236.16374370092026,6.332692375571447,0.1767249653773746,31.544073979464184,48.942627455389804,-0.013279682723741582,0
2024-11-01,221.25143432617188,223.67328184782377,218.6310779402587,219.32586653780092,65276700,-2.977691650390625,-0.013279682723741582,227.97525400811975,225.44381103515624,200.38198692321777,39.45538587753667,4.189577122608373,1745322200.0,0.39354629463628044,-1.1534392313357533,1.5469855259720338,220.89663311817932,228.7224334716797,236.54823382518006,6.843054469748248,0.022668685116267615,15.659538405479339,33.27566198817023,-0.0040375356191276746,0
2024-11-04,220.35812377929688,221.13231895883285,218.0752491010658,219.34572401852256,44944500,-0.893310546875,-0.0040375356191276746,227.24981303394614,225.3479296875,200.53669792175293,38.30147206196996,4.117191987072495,1700377700.0,-0.24332643450094338,-1.4322495683783818,1.1889231338774384,220.98206555237314,228.73831329345703,236.4945610345409,6.781765266523671,-0.040221882661852455,11.06844840873508,19.42402026455953,0.006486217739428035,1
2024-11-05,221.78741455078125,222.28369429475046,219.49460455688452,220.14969745378525,28111300,1.429290771484375,0.006486217739428035,226.72958460697805,225.27388488769532,200.68703567504883,41.26148008632715,4.022327540700598,1728489000.0,-0.6255103466752416,-1.4515467844421441,0.8260364377669025,220.53316387723945,228.62317581176757,236.7131877462957,7.077158215306111,0.07751846868041506,16.85669880141945,14.528228538544619,-0.0032669971778582774,0
2024-11-06,221.06283569335938,224.38791581537038,219.54422098922427,220.95365355112233,54561100,-0.724578857421875,-0.0032669971778582774,226.18989423425245,225.16847534179686,200.82737281799317,40.20834511102447,4.080996632518135,1673927900.0,-0.9756150260741947,-1.441321171072878,0.4657061449986831,219.54991758304337,228.28471298217772,237.01950838131208,7.65254517924403,0.0866029506807877,17.600086301885455,15.175077837346658,0.021372177287929617,1
2024-11-07,225.7874298095703,226.18446269494834,222.89909318788202,222.95864433437472,42137700,4.7245941162109375,0.021372177287929617,226.15156428904464,225.18812774658204,200.99469490051268,49.29587863036128,4.155327373166051,1716065600.0,-0.8619047453805138,-1.0620887123033576,0.20018396692284376,219.41298316774456,228.20729293823243,237.0016027087203,7.707299497100802,0.3624188144484777,28.23798295151993,20.89825601827494,-0.0011881297853209016,0
2024-11-08,225.5191650390625,227.20836966100222,224.97265364792685,225.72782337627459,38328800,-0.2682647705078125,-0.0011881297853209016,226.09133578904635,225.1369058227539,201.16230712890626,48.84195549585636,4.018212276016717,1677736800.0,-0.7843932564971112,-0.787661778735964,0.003268522238852767,219.37683064496082,228.1904052734375,237.0039799019142,7.724754787928527,0.3484587498842853,36.10632637611945,27.31479854317494,-0.012028655126815169,0
2024-11-11,222.8064727783203,224.26714170400084,220.0938084143074,223.57158868270503,42005600,-2.7126922607421875,-0.012028655126815169,225.77849169278673,225.0471127319336,201.32500793457032,44.39067443187509,4.118722586640887,1635731200.0,-0.9311230309468215,-0.7475132425485393,-0.1836097883982821,218.76155694449383,227.85177841186524,236.94199987923665,7.979065628305001,0.2224871994783278,40.550055601303384,34.96478830964758,0.0,0
2024-11-12,222.8064727783203,224.15783943194586,221.9420008205612,223.12444853772337,40398300,0.0,0.0,225.49544227236137,225.0809927368164,201.4911201477051,44.39067443187509,3.9828023026940143,1635731200.0,-1.0354711672712824,-0.6814891030984003,-0.35398206417288214,218.26349641815136,227.3865997314453,236.50970304473924,8.024310424685334,0.24898196393046695,36.01776245261696,37.55804814334659,0.003969155952552539,1
2024-11-13,223.69082641601562,225.2111120360391,221.34580821096,222.58787261698694,48566200,0.8843536376953125,0.003969155952552539,225.32357409556656,225.1706741333008,201.67989768981934,46.24301847816483,3.9744095542929494,1684297400.0,-1.0348784349769176,-0.5447170966432283,-0.49016133833368924,217.8959572240475,227.0683692932129,236.2407813623783,8.078987044929264,0.3158857859999854,33.43187261462929,36.666563556183206,0.013770513408025487,1
2024-11-14,226.7711639404297,227.41703140021204,223.57160465201176,223.59148192887395,44923900,3.0803375244140625,0.013770513408025487,225.46143979507733,225.29158935546874,201.90207305908203,52.213828907518064,3.965196496714902,1729221300.0,-0.7768956264172573,-0.2293874304668544,-0.5475081959504029,217.8432721761809,226.88579330444335,235.9283144327058,7.970989277525082,0.4936616479857928,42.57762863087968,37.34242123270864,-0.014109176791983424,0
2024-11-15,223.5716094970703,225.47941874534823,222.84624807603967,224.96271566917292,47923700,-3.199554443359375,-0.014109176791983424,225.28145595717191,225.37948211669922,202.09608833312987,46.44351581742638,3.9623193086916957,1681297600.0,-0.8211539442363005,-0.21891659862871804,-0.6022373456075825,217.7460163212056,226.40180053710938,235.05758475301317,7.646391676540602,0.3365144642331201,44.62460456386275,40.2113686031239,0.013422204998925436,1
2024-11-18,226.5724334716797,228.28151537171908,223.74052045447314,223.82001439888424,44633700,3.000823974609375,0.013422204998925436,225.40440619664886,225.5256039428711,202.31010139465332,51.8213138569922,4.0157183491172015,1725931300.0,-0.6070894152740038,-0.003881655733137146,-0.6032077595408667,218.22107920875882,225.9943992614746,233.76771931419037,6.879214775337928,0.5371806516575335,52.80731090965258,46.66984803479833,0.0011401035690044026,1
2024-11-19,226.83074951171875,228.69881907074455,225.22103903072198,225.53899960732684,36211800,0.2583160400390625,0.0011401035690044026,225.54024841713172,225.6927734375,202.51635833740235,52.26565743890889,3.9772941841818703,1762143100.0,-0.4118502350835911,0.15308601956582046,-0.5649362546494116,218.78388830116168,225.63068237304688,232.47747644493208,6.069027492072236,0.5876371573375977,60.83603970882086,52.75598506077873,0.0031541991634365107,1
2024-11-20,227.5462188720703,228.47030759238797,224.45596175602086,226.6121839320157,35169600,0.7154693603515625,0.0031541991634365107,225.73129322236395,225.82363159179687,202.7181832885742,53.543664512475,3.9799407307665304,1797312700.0,-0.19711713655786411,0.294255294473238,-0.4913724310311021,218.82819605213513,225.55584182739258,232.28348760265004,5.965392623619842,0.6479252260870974,77.92736167456805,63.85690409768049,-0.0020961652963034094,0
2024-11-21,227.06924438476562,228.69883223369175,224.2770861035494,227.42695953023323,42108300,-0.4769744873046875,-0.0020961652963034094,225.85871714259267,225.9427670288086,202.91707962036133,52.53387571668907,4.011498259293374,1755204400.0,-0.0646818516681833,0.34135246349033505,-0.40603431515851834,218.87027543982748,225.46658096313476,232.06288648644204,5.85124899231591,0.621481897402117,85.40899904398408,74.72413347579099,0.005907584127903487,1
2024-11-22,228.41067504882812,229.25528492407807,226.61216818417898,226.61216818417898,38168300,1.3414306640625,0.005907584127903487,226.10176075271033,226.09409088134765,203.128071975708,55.098596751515565,3.913756722193782,1793372700.0,0.14682381598166216,0.44228650491214444,-0.2954626889304823,218.94793402502543,225.40270538330077,231.8574767415761,5.727323766854439,0.7330035797217657,88.38600281937549,83.90745451264253,0.013050865641952791,1
2024-11-25,231.39163208007812,231.76922452168117,228.2815130321861,229.99059491471002,90152800,2.98095703125,0.013050865641952791,226.60555802198346,226.42771423339843,203.35015724182128,60.23992912931713,3.88332491985816,1883525500.0,0.5486573208670507,0.6752960078380263,-0.1266386869709757,218.98618257980718,225.38911819458008,231.79205380935298,5.681672359395097,0.9687313949908385,90.97292691085049,88.25597625807002,0.00940440959341693,1
2024-11-26,233.56773376464844,234.07450576495518,231.8487208075284,231.8487208075284,45986200,2.1761016845703125,0.00940440959341693,227.26862237842772,226.79552947998047,203.59153877258302,63.52343539478427,3.797578403073795,1929511700.0,1.030823793026542,0.9259699839980142,0.10485380902852787,218.70421665346205,225.47093505859374,232.23765346372542,6.002297727086818,1.0982810441701194,94.87777531298805,91.41223501440469,-0.00055314218667879,0
2024-11-27,233.43853759765625,234.1937224347506,232.32565277909848,232.9814664022851,33498400,-0.1291961669921875,-0.00055314218667879,227.8562333516876,227.08334106445312,203.84271957397462,63.189784188772066,3.6597563496865337,1896013300.0,1.3865360209352957,1.0253457695254142,0.3611902514098815,218.20494465430127,225.7234649658203,233.24198527733935,6.66170910734293,1.0130712103028945,95.97685298089607,93.9425184015782,0.010215883411244464,1
2024-11-29,235.8233184814453,236.3002669685808,232.48464874765904,233.31931239062584,28481400,2.3847808837890625,0.010215883411244464,228.61500336404546,227.25646575927735,204.11023010253905,66.66979245789257,3.6708893404890492,1924494700.0,1.8396658879930499,1.1827805092665347,0.6568853787265152,217.6349168029749,226.30317459106445,234.97143237915398,7.660747847442525,1.0491382537943121,96.02543186687338,95.6266867202525,0.00952260047724618,1
2024-12-02,238.0689697265625,239.26134854667043,235.65440375298792,235.76370602927642,48137100,2.2456512451171875,0.00952260047724618,229.51538111285663,227.48780395507814,204.3904044342041,69.58566630489993,3.6663218728600113,1972631800.0,2.3528575824437326,1.3567777629737738,0.9960798194699587,217.40273886200794,227.144051361084,236.88536386016006,8.577211193253387,1.0607518682166652,95.0151791097768,95.67248798584875,0.012771752088566624,1
2024-12-03,241.10952758789062,241.21882985808793,237.3833345065081,238.28756099978403,38861000,3.040557861328125,0.012771752088566624,230.61958553905032,227.8142953491211,204.69345458984375,73.02649984955717,3.6784056927685693,2011492800.0,2.97066927976951,1.5796715682396407,1.390997711529869,217.2096525293358,228.18162155151367,239.15359057369153,9.61687356551707,1.0891333638586438,96.61716251434882,95.88592449699966,0.001483607037725987,1
2024-12-04,241.4672393798828,242.5602620666903,239.71841824290905,241.32812877991805,44383900,0.3577117919921875,0.001483607037725987,231.65269542865343,228.1300747680664,205.002006149292,73.40765921266055,3.6186512735551903,2055876700.0,3.449391416012503,1.6467149635861071,1.8026764524263958,217.18080988456668,229.16561279296874,241.1504157013708,10.459512456809382,1.0132177258538768,95.75001544202614,95.7941190220506,0.00012347709736815204,1
2024-12-05,241.49705505371094,242.98753231090083,240.59284370740727,242.4410361127995,40033900,0.029815673828125,0.00012347709736815204,232.59025348818273,228.46630187988282,205.30694450378417,73.44134691481344,3.5312253685507886,2095910600.0,3.7875277711976025,1.587881055016965,2.1996467161806375,217.667666343733,230.18732376098632,242.70698117823963,10.877799187806733,0.9516789443910304,95.50183066283705,95.956336206404,-0.0008229105266140957,0
2024-12-06,241.29832458496094,243.0769692456264,240.5431549096241,241.36788746709487,36870600,-0.19873046875,-0.0008229105266140957,233.4195935926378,228.77572509765625,205.6007410430908,72.77954401959003,3.459981723368754,2059040000.0,3.9934335645483543,1.4350294786941733,2.558404085854181,217.72825487549827,230.96286849975587,244.19748212401348,11.460382104036427,0.8904706392886794,92.6190304533834,94.62362551941554,0.016101137954386058,1
2024-12-09,245.18350219726562,245.67039687977774,240.21524480725012,240.29473874492055,44649200,3.8851776123046875,0.016101137954386058,234.5399658406976,229.15749267578124,205.9231214904785,77.12033433456072,3.6024938911658166,2103689200.0,4.419175251322656,1.48861693237478,2.930558318947876,217.60012288375626,231.94608535766602,246.2920478315758,12.370083721644168,0.9613638458790683,93.70852185012751,93.94312765544932,0.004133841778114489,1
2024-12-10,246.19705200195312,246.63426111556626,243.78247081974237,245.3226337747269,36914800,1.0135498046875,0.004133841778114489,235.65016452272192,229.45610626220704,206.25730209350587,78.10142288755063,3.5488722057842503,2140604000.0,4.783225557273937,1.4821337906608485,3.3010917666130886,218.14073689771774,233.11561431884766,248.09049173997758,12.84759707313967,0.9367794578621136,95.52337026074109,93.95030752141732,-0.00516623416385853,0
2024-12-11,244.92514038085938,249.2077755123232,244.69658964103184,246.3858091597837,45205800,-1.27191162109375,-0.00516623416385853,236.53349555683025,229.86407104492187,206.57784622192383,73.8233441484451,3.6176088961776154,2095398200.0,4.91247742769238,1.2891085288634327,3.6233688988289474,219.1885207079095,234.2215476989746,249.2545746900397,12.836587528988403,0.8560025764686802,92.86344966948229,94.03178059345028,0.005963773658819171,1
2024-12-12,246.3858184814453,247.1608653940442,244.1202792424049,245.32260415969785,32777500,1.4606781005859375,0.005963773658819171,237.4718120258412,230.28993469238281,206.91168365478515,75.4841506543951,3.5763929858534502,2128175700.0,5.074281819346822,1.1607303364143,3.9135514829325224,220.24815537639785,235.3562973022461,250.46443922809436,12.8385278822145,0.865019114638081,89.45910208294909,92.61530733772416,0.000685632211919085,1
2024-12-13,246.55474853515625,247.70737273801882,244.67674782957272,246.24671899982582,33155300,0.1689300537109375,0.000685632211919085,238.33685359815692,230.74121215820313,207.24968254089356,75.67635825521205,3.5374095517529254,2161331000.0,5.1567009701487905,0.9945195897730148,4.162181380375776,221.0261355118032,236.34547653198243,251.66481755216165,12.963515312387372,0.8332151164245831,85.88496441442624,89.40250538895253,0.011727658976129263,1
2024-12-16,249.44625854492188,249.78411156803347,246.07778066556844,246.41563368868003,51694800,2.891510009765625,0.011727658976129263,239.39489216451548,231.2278872680664,207.60753479003907,78.7477239280665,3.5494753625180757,2213025800.0,5.393170323035946,0.9847911541281364,4.40837916890781,222.48404495609606,237.639208984375,252.79437301265392,12.754767273506115,0.8895388244731434,90.98311208136228,88.77572619291253,0.009719648807080539,1
2024-12-17,251.87078857421875,252.2185726786221,248.19428090188288,248.49237939681157,51356400,2.424530029296875,0.009719648807080539,240.58307277496343,231.8644924926758,208.00008323669434,80.92293784564738,3.5833908206767298,2264382200.0,5.71038750700211,1.0416066704754403,4.66878083652667,223.43506741161033,238.90412673950195,254.37318606739356,12.950014333372216,0.9191160418958753,94.5633394608392,90.47713865220923,-0.021421729145498336,0
2024-12-18,246.47528076171875,252.66572594292316,246.16725119368886,250.55918941684527,56774100,-5.3955078125,-0.021421729145498336,241.1442354403687,232.31219482421875,208.39030700683594,64.98302654057004,3.791611101287985,2207608100.0,5.463432968006913,0.6357217051841939,4.827711262822719,225.13020517594063,239.88635330200196,254.6425014280633,12.302615736947956,0.7232604133350985,88.5644977468637,91.37031642968839,0.007014546644079411,1
2024-12-19,248.20419311523438,250.400169527173,245.5213371883983,245.92873792847348,60882300,1.728912353515625,0.007014546644079411,241.81661236178448,232.7196368408203,208.79412559509277,67.21175791818722,3.8692697611084657,2268490400.0,5.34560765690361,0.41431711526471204,4.931290541638898,226.88864629658997,240.91925201416015,254.94985773173033,11.647558756944445,0.7596089309227567,80.45012417933913,87.85932046234734,0.018815883872863592,1
2024-12-20,252.87437438964844,253.38113119374523,244.13023820234332,246.46531011815415,147495300,4.6701812744140625,0.018815883872863592,242.86973255491438,233.23040771484375,209.22188911437988,72.3341078522585,4.253671420415141,2415985700.0,5.5649258463696185,0.5069082437845767,5.058017602585042,228.77748344772328,242.2095085144043,255.6415335810853,11.09124505397541,0.8969939686048913,79.97699570959705,82.99720587859996,0.0030649197836760678,1
2024-12-23,253.6494140625,254.02699130961165,251.84096111600803,253.15258832932108,40858800,0.7750396728515625,0.0030649197836760678,243.89636888897013,233.78625762939453,209.644963760376,73.08557684670487,4.105982761357175,2456844500.0,5.7351649049380455,0.5417178418824022,5.193447063055643,230.73794301251525,243.4714454650879,256.20494791766055,10.459955522298443,0.8996531447384992,89.32222402205082,83.24978130366232,0.011478076862364572,1
2024-12-24,256.5608215332031,256.5707374276886,253.66927695641888,253.868019379837,23234700,2.911407470703125,0.011478076862364572,245.10250723603994,234.32589385986327,210.07259559631348,75.7502137776935,4.021364233059418,2480079200.0,6.035434109115414,0.673589636847816,5.361844472267598,232.04569512319213,244.72990493774415,257.4141147522962,10.365884641502001,0.9663639583557609,98.0442960469988,89.11450525954888,0.003175811542425633,1
2024-12-26,257.3756103515625,258.44877099351584,255.99445048269988,256.5508929178466,27237100,0.814788818359375,0.003175811542425633,246.27137419942304,234.83120513916015,210.5019255065918,76.45283041592477,3.909432538613457,2507316300.0,6.26690528184011,0.7240486476580088,5.542856634182101,233.18118620903,245.92029876708983,258.6594113251497,10.360358719411778,0.9496118364707071,97.13830308960361,94.8349410528844,-0.013242255697510141,0
2024-12-27,253.96737670898438,257.05764856283577,251.45343969164696,256.19314630806485,42355300,-3.408233642578125,-0.013242255697510141,247.00432681938128,235.30944396972657,210.9246096801758,67.62620827606389,4.053199547277892,2464961000.0,6.104957730215432,0.4496808768266636,5.655276853388768,235.12037709232766,246.94674072265624,258.77310435298483,9.578068206707513,0.7968214155162532,89.8253189111407,95.0026393492477,-0.013263453521946578,0
2024-12-30,250.59889221191406,251.8906421270002,249.15810064436016,250.6287005424076,35557500,-3.3684844970703125,-0.013263453521946578,247.34666638057487,235.71296813964844,211.32119438171387,60.22553076186714,4.107205012802629,2429403500.0,5.639792563447315,-0.012387431953162498,5.652179995400478,236.93371776689858,247.68551940917968,258.43732105146074,8.68181690066343,0.6354830055307971,72.004448602841,86.3226902011951,-0.007057799586427715,0
2024-12-31,248.83021545410156,251.6720594492945,247.84649497663966,250.83739579916153,39480700,-1.7686767578125,-0.007057799586427715,247.4879567685298,236.02454315185548,211.71081687927247,56.715911858359114,4.0870878313635,2389922800.0,5.0699847562285925,-0.46575619133750834,5.535740947566101,238.41492966246483,248.22358169555665,258.03223372864846,7.903078318418607,0.530923400916777,51.59003812131576,71.13993521176582,-0.02623585935582251,0
2025-01-02,242.30194091796875,247.51861164989126,240.2848294479123,247.34967754084445,55740700,-6.5282745361328125,-0.02623585935582251,246.99405049704782,236.17617279052735,212.06235260009765,46.04909081993463,4.405537700993912,2334182100.0,4.045002496907273,-1.1925907605270627,5.237593257434336,238.635060108695,248.28320236206054,257.9313446154261,7.771884816674859,0.19003040756341646,30.15097231206627,51.24848634540766,-0.002009509115526331,0
2025-01-03,241.81503295898438,242.62981931594805,240.3543640210219,241.81503295898438,40244100,-0.486907958984375,-0.002009509115526331,246.50081073151796,236.33037170410157,212.39977096557618,45.36380349734534,4.253388957703359,2293938000.0,3.1570151631393344,-1.6644624754360011,4.8214776385753355,238.70051849192572,248.30059204101562,257.9006655901055,7.732622359196073,0.16221305238614112,17.466852492064547,33.06928764181552,0.006738942640489798,1
2025-01-06,243.44461059570312,245.75982034447205,241.65603491404494,242.75898865424097,45045600,1.62957763671875,0.006738942640489798,246.20974405191654,236.6184033203125,212.73251586914063,48.145142638083314,4.242702991469341,2338983600.0,2.555316007553529,-1.8129293048174455,4.368245312370974,239.03944587072036,248.39796981811523,257.7564937655101,7.535105020582465,0.2353557435843843,12.308444750423243,19.975423184851348,-0.011387777630552542,0
2025-01-07,240.6723175048828,243.99110961427562,239.81777667580207,241.4374181829594,40856000,-2.7722930908203125,-0.011387777630552542,245.6823700950562,236.85476043701172,213.08753684997558,44.037912974030675,4.237747987683927,2298127600.0,1.833627294279239,-2.0276944144733884,3.8613217087526275,238.90970378420212,248.36666946411134,257.82363514402056,7.615325921400042,0.09319129308173668,10.135655009569613,13.303650750685796,0.0020230523611650675,1
2025-01-08,241.15921020507812,242.16280789951685,238.52603985831155,240.3841632667122,37628900,0.4868927001953125,0.0020230523611650675,245.25159296267734,237.08418090820314,213.4404874420166,44.926536292884435,4.19482084864974,2335756500.0,1.286146069999802,-2.0601405110022606,3.3462865810020626,238.28440058699806,248.16545486450195,258.04650914200585,7.963279403975816,0.14547079377071725,11.733159084033554,11.392419614675466,-0.024103853242819606,0
2025-01-10,235.34634399414062,238.63532775588945,231.5207799769646,238.48627094630749,61710900,-5.8128662109375,-0.024103853242819606,244.3082359180548,237.1578402709961,213.77145263671875,37.3095152283079,4.58365009004001,2274045600.0,0.37884642651522427,-2.3739521235894707,2.752798550104695,236.28498077457277,247.62291946411133,258.9608581536499,9.157422676443161,-0.04139362569045385,10.670073920439322,10.846296004680825,-0.010344044194963375,0
2025-01-13,232.9119110107422,233.18020116738663,228.26162915914,232.04743903723335,49630700,-2.4344329833984375,-0.010344044194963375,243.2228716411679,237.17745056152344,214.09588897705078,34.659226070073906,4.762297571822911,2224414900.0,-0.5305179928565167,-2.6266532343689697,2.096135241512453,234.0248417725495,247.02225799560546,260.0196742186614,10.523275374875064,-0.042813538579810434,14.276134138905,12.226455714459286,-0.004778134860750183,0
2025-01-14,231.7990264892578,234.62099318079112,230.99417118008773,233.25969544364762,39435300,-1.112884521484375,-0.004778134860750183,242.13488638860503,237.2456723022461,214.39693977355958,33.48810657938051,4.681192173885802,2184979600.0,-1.3257143175213741,-2.7374796472270617,1.4117653297056876,231.69588349443958,246.29291839599608,260.8899532975526,11.85339391535978,0.003533011858703904,13.77657110359017,12.907593054311493,0.019675955411234902,1
2025-01-15,236.35989379882812,237.4429855317883,232.94172997653553,233.1504034772107,39832000,4.5608673095703125,0.019675955411234902,241.58488709434056,237.4882876586914,214.7298542022705,42.11977203509981,4.749961235931853,2224811600.0,-1.5697936546860092,-2.3852471875133574,0.8154535328273482,230.5597278955637,245.78317565917968,261.00662342279566,12.38770532017691,0.1905010610384468,17.983312134199682,15.345339125564948,-0.04040030259362082,0
2025-01-16,226.81088256835938,236.49898454969573,226.58234697208553,235.84318609247865,71759100,-9.54901123046875,-0.04040030259362082,240.17783904424712,237.59947662353517,215.0222013092041,32.58502802749598,5.119009546051735,2153052500.0,-2.5048790038445645,-2.65626602933753,0.15138702549296568,227.4486249593108,244.65140686035156,261.8541887613923,14.063096649887825,-0.018536025005142717,13.08742020818912,14.949101148659652,0.007535313857827575,1
2025-01-17,228.5199737548828,230.8153063545454,227.02949646555186,230.6463874145182,68488300,1.7090911865234375,0.007535313857827575,239.06756615954575,237.76271362304686,215.32898490905762,35.40356098076948,5.0393962774898995,2221540800.0,-3.07261234225075,-2.5791994941949725,-0.49341284805577745,225.26014992458397,243.48386611938477,261.7075823141856,14.969136547113447,0.08943905281044887,11.300686173418967,14.123806171935918,-0.03191579220080276,0
2025-01-21,221.22657775878906,222.99527628303537,217.9872792040061,222.57794445660952,98070400,-7.29339599609375,-0.03191579220080276,237.36842440709273,237.75149688720703,215.59529174804686,29.69750568793126,5.431774725588959,2123470400.0,-4.06421150630581,-2.856638926600026,-1.2075725797057841,221.65406539568434,242.22143096923827,262.78879654279217,16.98228393024888,-0.010392377073438961,5.543231947133382,9.977112776247152,0.005344900662525687,1
2025-01-22,222.4090118408203,222.6971640978084,218.39465138442915,218.39465138442915,64126500,1.18243408203125,0.005344900662525687,235.94371844840015,237.77842041015626,215.8716195678711,31.621657898425063,5.351113153288266,2187596900.0,-4.700464411699073,-2.794313465594631,-1.9061509461044421,218.84750756472081,240.9316719055176,263.0158362463144,18.33230489468997,0.08063479833647626,9.679775070886693,8.841231063813009,-0.0007594095883745045,0
2025-01-23,222.2401123046875,225.58871322146769,220.88874557201237,223.3132578125695,60234800,-0.1688995361328125,-0.0007594095883745045,234.6386131013799,237.7074740600586,216.14334060668946,31.489081905130057,5.304602760157342,2127362100.0,-5.158860076508404,-2.602167304323169,-2.556692772185235,216.60357781581916,239.39995880126952,262.1963397867199,19.044598921066704,0.1236278357618654,12.360796548245878,9.194601188755312,-0.00393464265175425,0
2025-01-24,221.3656768798828,224.19758968028435,220.00437919561992,223.35297985225768,54697900,-0.8744354248046875,-0.00393464265175425,233.3745239374278,237.624404296875,216.4162833404541,30.769816568733987,5.225217597622134,2072664200.0,-5.528967083377495,-2.377819448953808,-3.151147634423687,214.68403479956237,237.78577194213867,260.88750908471496,19.43071442323112,0.1446134123828774,13.230803125444943,11.757124914859167,0.03178021786229279,1
2025-01-27,228.40072631835938,230.67618150163648,222.5580508531902,222.5978054024586,94863400,7.0350494384765625,0.03178021786229279,232.90082892608794,237.7362893676758,216.71836181640626,42.2072061868421,5.517023813631529,2167527600.0,-5.19472826365714,-1.6348645033867624,-3.5598637602703778,214.63206258894198,236.37776718139648,258.12347177385095,18.39911160152961,0.31658352735544304,21.353696950296975,15.64843220799593,0.03654394871352906,1
2025-01-28,236.7473907470703,238.66514594376807,229.3446904229109,229.38444497187513,75707600,8.346664428710938,0.03654394871352906,233.26716814713387,238.01510772705078,217.07152976989747,52.280237613437926,5.856123514472755,2243235200.0,-4.20783027937901,-0.5183732152869056,-3.6894570640921045,215.84082174199676,235.3463562011719,254.851890660347,16.576024183269677,0.5359137697259918,40.60121660308479,25.061905559608892,0.004616809396192023,1
2025-01-29,237.8404083251953,238.33723404319062,232.52436707787834,232.63366934231402,45486100,1.093017578125,0.004616809396192023,233.70271483075877,238.29809936523438,217.3942234802246,53.42505888472048,5.853033760961293,2288721300.0,-3.299474840685235,0.3119857787254956,-3.611460619410731,216.93998898385198,234.5400077819824,252.14002658011285,15.008116495408837,0.5937612789244148,63.919963329716495,41.95829229436608,-0.007394764481341576,0
2025-01-30,236.08163452148438,239.26131599650066,235.70405729633438,237.15477986216186,55658300,-1.7587738037109375,-0.007394764481341576,233.92927861082785,238.48430877685547,217.70064811706544,51.29268961281395,5.689049828047364,2233063000.0,-2.690500542965509,0.7367680611561775,-3.4272686041216867,217.79693781382585,233.81414489746095,249.83135198109605,13.70080248195372,0.5707829277658568,79.77270374471838,61.43129455917322,-0.006692155544981482,0
2025-01-31,234.50173950195312,245.62070152543137,231.9579942451269,245.62070152543137,100959800,-1.57989501953125,-0.006692155544981482,233.98379869569692,238.70291137695312,218.01828163146973,49.38581322647116,6.258596788922871,2132103200.0,-2.3087544646238882,0.894811311598239,-3.2035657762221272,218.62374608244517,233.09772109985352,247.57169611726187,12.418804395953783,0.548501479393565,75.64569860751979,73.11278856065155,-0.03385591098979934,0
2025-02-03,226.56246948242188,230.35822543026035,224.2671369795404,228.52991033796462,73063300,-7.93927001953125,-0.03385591098979934,233.27700543728974,238.70271209716796,218.31260459899903,41.11410931062271,6.5425971984578615,2059039900.0,-2.616687145947054,0.4695029042200587,-3.086190050167113,218.21759268459104,232.31074752807618,246.40390237156132,12.13302009781695,0.2960613464659559,58.61609416813298,71.34483217345705,0.021007882678863554,1
2025-02-04,231.3220672607422,231.64997406812495,225.21110156992967,225.80729852188347,45067300,4.7595977783203125,0.021007882678863554,233.0908208490471,238.79253845214845,218.6375569152832,46.860374013655886,6.535188291296248,2104107200.0,-2.4484421345143517,0.5101983325222093,-2.958640467036561,218.38292053157582,231.78609924316407,245.18927795475233,11.565127292234324,0.4826894801447104,46.35019890787222,60.20399722784166,-0.0014175533741167534,0
2025-02-05,230.99415588378906,231.19288314320298,226.82082278842498,227.07916670947125,39620300,-0.327911376953125,-0.0014175533741167534,232.89113847140348,238.8614971923828,218.96562202453615,46.52353837729846,6.389906589940603,2064486900.0,-2.3148819404192977,0.5150068212938108,-2.8298887617131085,218.8738930773545,231.16357650756837,243.45325993778224,10.632889156576535,0.4931072014693728,42.11911046074383,49.02846784558301,0.0032262255941548634,1
2025-02-06,231.73939514160156,232.31571480889477,228.9670990724139,229.82163993606684,29925300,0.7452392578125,0.0032262255941548634,232.78144863046995,238.95490020751953,219.30751205444335,47.448076495915984,6.172671528979193,2094412200.0,-2.1244110562125513,0.5643821644004459,-2.688793220612997,219.21817262413037,230.7169303894043,242.21568815467822,9.967849126517335,0.5444597917909487,48.3638740167051,45.61106112844038,-0.023968687466143557,0
2025-02-07,226.18490600585938,232.5144614947352,225.81724462416,231.12335539671392,39707200,-5.5544891357421875,-0.023968687466143557,232.15320647574512,238.91038482666016,219.61747138977051,41.66607932397857,6.210139053378908,2054705000.0,-2.3940650688025187,0.23578252144838263,-2.6298475902509013,219.3720489040972,229.96821517944335,240.5643814547895,9.215331142243288,0.32147745348303425,42.16707701833528,44.2166871652614,0.0011872561854502361,1
2025-02-10,226.4534454345703,229.3779949636392,226.005813710008,228.36336710225459,33115600,0.2685394287109375,0.0011872561854502361,231.61037209087132,238.81162109375,219.92352600097655,42.033854413076355,6.0074277819683575,2087820600.0,-2.5566277160478705,0.0585758993624248,-2.6152036154102953,219.12290822209022,229.52357025146483,239.92423228083945,9.062826983720848,0.35240724060528267,36.34381204161154,42.2915876922173,0.021831831364410137,1
2025-02-11,231.3973388671875,233.99362125199642,226.93094812871882,227.000572314181,53718400,4.9438934326171875,0.021831831364410137,231.59008321242524,238.76821319580077,220.2438053894043,48.47449577288277,6.116909784501053,2141539000.0,-2.2604715935834747,0.2837856174614566,-2.5442572110449313,219.12520329421633,229.4478416442871,239.77047999435788,8.997808195619426,0.5944282438649526,34.580195108656184,37.697028056201,0.018270203159199028,1
2025-02-12,235.62501525878906,235.71455375787428,229.4675472393098,229.98481838871234,45243300,4.2276763916015625,0.018270203159199028,231.97436245493606,238.81194274902344,220.5809162902832,53.25733200173475,6.126202408362727,2186782300.0,-1.6654295451023131,0.7030621327540945,-2.3684916778564076,219.01198900220126,229.63914108276367,240.26629316332608,9.255523279223818,0.7816311524784637,45.01806415012938,38.64735710013237,0.01967319998593431,1
2025-02-13,240.26051330566406,241.06625350434595,234.33184765944378,235.66480095549997,53614100,4.635498046875,0.01967319998593431,232.76351967881493,238.90068664550782,220.94412544250488,57.874614982636565,6.169645510972687,2240396400.0,-0.810465935913669,1.2464205935541912,-2.05688652946786,218.5952566663333,229.83417205810548,241.07308744987765,9.780021213669482,0.9638499750247939,60.737588241146206,46.77861583331059,0.012710697826132211,1
2025-02-14,243.31439208984375,244.25939586817944,239.72336558929686,239.981993568851,40896200,3.0538787841796875,0.012710697826132211,233.76836467034147,239.00559509277343,221.3018125152588,60.633537245123,6.052958708680537,2281292600.0,0.11222768866630872,1.7352913745073353,-1.6230636858410266,218.08537554951192,230.6593475341797,243.23331951884745,10.902633792289317,1.0032238250210497,75.64559674698616,60.46708304608725,-0.0005314234698778897,0
2025-02-18,243.18508911132812,243.89134891584123,240.56890729516905,242.8667637165237,48822500,-0.129302978515625,-0.0005314234698778897,234.66519556948307,239.0471063232422,221.6745457458496,60.45300495505193,5.857921773822797,2232470100.0,0.8235420835563048,1.9572846155178651,-1.1337425319615604,217.7391212638908,231.39260330200196,245.0460853401131,11.801139572548319,0.9318490249011073,84.85048136375997,73.74455545063078,0.0016360282099101564,1
2025-02-19,243.58294677734375,244.7169542759842,241.88194311867716,243.37405904734027,32204200,0.397857666015625,0.0016360282099101564,235.51450520832694,239.0894204711914,222.0543670654297,60.839367985268666,5.641999586928814,2264674300.0,1.4031925248923756,2.029548045483149,-0.6263555205907732,218.70930661144942,232.5104217529297,246.31153689440995,11.871394871190432,0.9011460273646574,89.41679177543047,83.30428996205886,0.003920517943111657,1
2025-02-20,244.5379180908203,245.4829218502696,243.00600383864503,243.65259654249155,32316900,0.9549713134765625,0.003920517943111657,236.3738778638025,239.1502377319336,222.42049835205077,61.8039687303131,5.4159223315499405,2296991200.0,1.917523858354457,2.035103503156184,-0.11757964480172717,219.68494934318895,233.6168670654297,247.54878478767043,11.927150549740738,0.8919435659584896,91.32673987542582,88.53133767153876,-0.00113895905768846,0
2025-02-21,244.2593994140625,247.38289505871285,243.93113206298463,244.65729095432025,53197400,-0.2785186767578125,-0.00113895905768846,237.12487991620822,239.2094592285156,222.73400100708008,61.32949088281119,5.275625236134103,2243793800.0,2.2764198649625484,1.9151996078114204,0.361220257151128,221.07904736393942,234.71783142089845,248.35661547785747,11.621429845695717,0.8497954052691222,90.62464250906305,90.45605805330645,0.0063123665336812795,1
2025-02-24,245.80125427246094,247.55199828948733,243.1353323966777,243.64264638435856,51326400,1.5418548583984375,0.0063123665336812795,237.95120128347037,239.22181427001954,223.0634800720215,63.021947201806356,5.214270997325212,2295120200.0,2.654661056964045,1.8347526398503335,0.8199084171137114,222.94122953094242,235.93961029052736,248.9379910501123,11.018396396924794,0.8793412488960082,91.1934515251645,91.04827796988445,-0.00024284816198016923,0
2025-02-25,245.74156188964844,248.68601093773057,243.62276739789988,246.69652285022872,48013300,-0.0596923828125,-0.00024284816198016923,238.69314038882067,239.21270446777345,223.38924491882324,62.907158867113324,5.203483321789889,2247106900.0,2.9159895380290095,1.6768648967322384,1.2391246412967711,223.62334621247211,236.8066520690918,249.98995792571148,11.13423608790623,0.838872128043293,88.59189201750547,90.13666201724435,-0.027040185672464467,0
2025-02-26,239.09666442871094,243.6923767743236,237.87313357927937,243.04579925662603,44433600,-6.6448974609375,-0.027040185672464467,238.7315712497626,239.09613494873048,223.68010215759278,51.63293185167679,5.3938365352598305,2202673300.0,2.5574261341387228,1.0546411942735614,1.5027849398651614,223.70320461280778,236.92411575317382,250.14502689353986,11.16046046924114,0.5821633491243995,79.11867235562529,86.30133863276508,-0.012730832290805072,0
2025-02-27,236.05276489257812,241.18564780716906,235.81402085750776,238.1516754344793,41153600,-3.0438995361328125,-0.012730832290805072,238.47644683479263,238.88947387695313,223.94668060302735,47.43875533555347,5.392250136288507,2161519700.0,2.004537736366302,0.4014022372009125,1.6031354991653897,223.6156388039125,236.83473358154296,250.05382835917342,11.163138596880751,0.47042275957170315,63.316718740354894,77.00909437116188,0.01913186037915815,1
2025-02-28,240.5688934326172,240.8175794410065,228.9900734891547,235.70459571566596,56833400,4.5161285400390625,0.01913186037915815,238.67572746315687,238.76975677490233,224.24213539123537,53.47697030951375,5.8519112659716,2218353100.0,1.9087802970165342,0.2445158382809154,1.6642644587356188,223.74675375302544,237.0590965270996,250.37143930117375,11.231243997044714,0.6318249148584476,55.67870827514304,66.03803312370773,-0.01575423145222765,0
2025-03-03,236.77891540527344,242.74737946323825,234.8690087281554,240.51914741730602,47184000,-3.78997802734375,-0.01575423145222765,238.4950786957394,238.51640991210937,224.50262901306152,48.44700547052937,5.9966583709081185,2171169100.0,1.5096697506493513,-0.12367576646901424,1.6333455171183655,223.91119449894774,237.17295532226564,250.43471614558354,11.183198189943788,0.48514375571080404,51.411888558602335,56.80243852470009,-0.008822466288638586,0
2025-03-04,234.68994140625,238.80819608105105,233.44651142335266,236.46059966619734,53798100,-2.0889739990234375,-0.008822466288638586,238.132684668169,238.17279296875,224.74697708129884,45.88516837550617,5.951303105678853,2117371000.0,1.0131302884663853,-0.49617218292158416,1.5093024713879695,225.17246260153058,237.57932891845704,249.9861952353835,10.444398823253508,0.38355691766158956,46.13911083519066,51.07656922297867,-0.0008052980890261852,0
2025-03-05,234.50094604492188,235.30668622205877,228.02515316620742,234.18262069274581,47227600,-0.188995361328125,-0.0008052980890261852,237.78680479928832,237.93330627441406,224.97902839660645,45.6499734782636,6.046319530691174,2070143400.0,0.5974814469525143,-0.7294568195483644,1.3269382665008786,225.57710915366826,237.738272857666,249.89943656166375,10.230715953151252,0.36689897070952504,35.18335750138858,44.24478563172719,-0.001739169589466738,0
2025-03-06,234.09310913085938,236.60981025581015,231.93451645578955,233.20778757123546,45170400,-0.4078369140625,-0.001739169589466738,237.43502425943794,237.65108459472657,225.20844573974608,45.112603344029296,5.948389121357562,2024973000.0,0.2324877409756425,-0.8755604204201888,1.1080481613958313,226.00378451612366,237.89322052001953,249.7826565239154,9.995607254302003,0.34018958561554347,29.88397710840725,37.06881514832883,0.01589261720118329,1
2025-03-07,237.81346130371094,240.10136041796665,233.5261018066448,233.87426828677374,46273600,3.7203521728515625,0.01589261720118329,237.47106588270202,237.3498663330078,225.45631622314454,50.801958140351225,5.9931655134978685,2071246600.0,0.2406548085890563,-0.6939146822454201,0.9345694908344764,226.64629160983392,238.196923828125,249.74755604641607,9.698389074600833,0.48340079931699226,36.02957377637729,33.69896946205771,-0.04847958752014636,0
2025-03-10,226.28436279296875,234.91874867921032,223.04150278970278,234.3019970725287,72071200,-11.529098510742188,-0.04847958752014636,236.40566558844174,236.8025653076172,225.6407413482666,37.74491547192182,6.620222156391462,1999175400.0,-0.6753891627541293,-1.2879669228708845,0.6125777601167554,226.67188741438454,238.20189666748047,249.7319059205764,9.680871071477085,-0.016805043816930945,29.796955454022935,31.903502112935826,-0.029189322667941164,0
2025-03-11,219.6792755126953,224.65299583409444,216.3070937419303,222.63366659789358,76137400,-6.6050872802734375,-0.029189322667941164,234.8126760574183,236.06493438720702,225.78564712524414,32.578766738936956,6.860011220294819,1923038000.0,-1.9122922377285647,-2.019895998276256,0.10760376054769133,224.69145718379445,237.86318817138672,251.034919158979,11.07504787844825,-0.1902628316589749,23.478759818304056,29.768429682901427,-0.017478761575147272,0
2025-03-12,215.8395538330078,220.58448707211764,213.7804415985268,218.98294858814833,62547500,-3.8397216796875,-0.017478761575147272,233.00571203604588,235.23421325683594,225.91854232788086,30.007516362750664,6.8560136669588205,1860490500.0,-3.1658859234786974,-2.618791747221111,-0.5470941762575864,220.96944638538707,237.08529891967774,253.2011514539684,13.59498257186378,-0.15915672290572527,9.653091853211633,20.97626904184621,-0.0336437058319391,0
2025-03-13,208.57791137695312,215.70028194858565,207.3245394208188,214.81496040955514,61368300,-7.2616424560546875,-0.0336437058319391,230.679254830418,234.3264239501953,226.03505653381347,25.85201090042143,6.974513720189548,1799122200.0,-4.691244067800369,-3.315319913234226,-1.375924154566143,215.37335169010493,235.73294372558593,256.0925357610669,17.273438081001842,-0.1668854734738612,6.448042540614476,13.193298070710055,0.018170562751941066,1
2025-03-14,212.36788940429688,212.82546311709572,208.47843695256688,210.13965751241793,60107600,3.78997802734375,0.018170562751941066,228.93531526602553,233.56180389404298,226.15515380859375,31.20661080456842,6.786836037642355,1859229800.0,-5.530529334614158,-3.3236841440384124,-2.206845190575746,211.71490919244624,234.33831253051758,256.96171586858895,19.30832657602682,0.014431520361743659,7.040911562510376,7.714015318778828,0.0023889651065525097,1
2025-03-17,212.87522888183594,214.08881784956162,208.86641153353526,212.18885305172668,48073400,0.5073394775390625,0.0023889651065525097,227.40578322943605,232.84270416259767,226.27773811340333,31.915409850848178,6.675091057526927,1907303200.0,-6.084591515993736,-3.102197060334392,-2.9823944556593442,208.76283605948305,232.81635437011718,256.8698726807513,20.663083034446387,0.08548422665749457,10.162091258950227,7.88368178735836,-0.006121572295473499,0
2025-03-18,211.5720977783203,214.01915944879542,210.37840804794794,213.03437263106773,42432400,-1.303131103515625,-0.006121572295473499,225.89781318647266,232.2281072998047,226.3923196411133,31.031014344288625,6.4583525106212525,1864870800.0,-6.55329922173118,-2.856723812857468,-3.696575408873712,205.9901212984118,231.2357048034668,256.4812883085218,21.83536796491864,0.11055352471434897,13.14900033619026,10.117334385883622,0.01198932118931273,1
2025-03-19,214.10870361328125,217.6101915579757,212.6265295918345,213.0940604852241,54385400,2.5366058349609375,0.01198932118931273,224.7750408461687,231.67398071289062,226.51462730407715,34.81742055473426,6.428334029837976,1919256200.0,-6.643488563075806,-2.3575305233616746,-4.2859580397141315,204.13333420415145,229.76199264526366,255.39065108637587,22.308875498552148,0.19461356964997845,15.46853247042057,12.92654135518702,-0.005296387612504949,0
2025-03-20,212.97470092773438,216.3468825511506,211.10457731145533,212.86527847830126,48862900,-1.134002685546875,-0.005296387612504949,223.65119894917495,231.06458251953126,226.62650604248046,33.92084718596879,6.343617687684926,1870393300.0,-6.728902209266039,-1.9543553356415257,-4.774546873624513,202.50187693936255,228.18383178710937,253.8657866348562,22.50988130632107,0.2038946032429975,15.697860511186848,14.771797772599227,0.01947689810001929,1
2025-03-21,217.12278747558594,217.68978368973626,210.16952111998106,210.44804823896536,94127800,4.1480865478515625,0.01947689810001929,223.0294454754998,230.59359191894532,226.75030166625976,40.006559513327936,6.4276637506899466,1964521100.0,-6.388237595378342,-1.290952577403063,-5.097285017975279,201.8273329309214,226.82700119018554,251.8266694494497,22.042938563829015,0.3059131502474337,21.665466155841298,17.610619712482904,0.011270360105469335,1
2025-03-24,219.56983947753906,220.3158974796034,217.4311459430569,219.8384246082871,44299500,2.447052001953125,0.011270360105469335,222.69995918997975,230.16180450439452,226.8847462463379,43.322723501548616,6.196624197356197,2008820600.0,-5.853328264166606,-0.6048345969530615,-5.248493667213545,201.92239408225487,225.51543045043945,249.10846681862404,20.92365592993826,0.3739969099331769,27.734694242224865,21.699340303084337,0.013681842097234664,1
2025-03-25,222.57395935058594,222.9221258053629,218.9232508666907,219.60962662242414,34493600,3.004119873046875,0.013681842097234664,222.68795920527558,229.90635681152344,227.02667671203614,47.18255513467425,6.039642107450197,2043314200.0,-5.127890271046368,0.09648271693374166,-5.22437298798011,202.6504808376504,224.35705032348633,246.06361980932226,19.350022167378818,0.4589273889164313,37.926159306805744,29.1087732349573,-0.00992170420441163,0
2025-03-26,220.3656463623047,223.83730853242594,219.3112201065871,222.33523531503357,34466100,-2.20831298828125,-0.00992170420441163,222.46678655356408,229.65543151855468,227.16445610046387,44.76895987418252,5.931531130192243,2008848100.0,-4.677251394919921,0.4376972744481513,-5.114948669368072,202.74680442417016,223.420499420166,244.09419441616186,18.5065336884032,0.4261173907602633,41.22407816944848,35.628310572826365,0.010472664818015787,1
2025-03-27,222.6734619140625,223.80746952519274,219.40074548587612,220.2263848697343,37094800,2.3078155517578125,0.010472664818015787,222.4864699212306,229.4729202270508,227.30182792663575,47.77560098507927,5.822616337986843,2045942900.0,-4.086785491889543,0.8225305419828235,-4.909316033872367,202.90692809929618,222.75153427124025,242.5961404431843,17.817705486849462,0.4980329073678438,47.31210327935518,42.154113585203135,-0.026580387700292918,0
2025-03-28,216.7547149658203,222.6336557419088,216.5358700680628,220.504904155295,39818600,-5.9187469482421875,-0.026580387700292918,221.9405884969058,229.08081665039063,227.42829414367677,41.53125717318179,5.845114588559191,2006124300.0,-4.049747455564386,0.6876548626463848,-4.737402318210771,203.34440544665893,221.5608253479004,239.77724524914186,16.44371912104731,0.3680830149904335,49.94382278949963,46.16000141276776,0.019412558903452393,1
2025-03-31,220.9624786376953,224.4341253115235,215.09348022110552,215.86937928840504,65299300,4.207763671875,0.019412558903452393,221.84743517698098,228.96384857177733,227.50625160217285,46.84979044181513,6.094795338691962,2071423600.0,-3.6389160235866598,0.8787890356992891,-4.517705059285949,203.94472764086547,220.77000350952147,237.59527937817748,15.242356843039467,0.5057198208717756,63.25107539480616,53.502333821220326,0.004771978062007687,1
2025-04-01,222.01690673828125,222.5043215641154,217.74944665223015,218.65466729819107,36412700,1.0544281005859375,0.004771978062007687,221.86357532567624,228.8337872314453,227.56013534545897,48.12326729287871,5.999086736777198,2107836300.0,-3.191456494513659,1.060998851817832,-4.252455346331491,204.5465516073574,220.13635177612304,235.72615194488867,14.163767177008857,0.5603136326893379,73.33388547602011,62.176261220108636,0.0031364045607933377,1
2025-04-02,222.71324157714844,224.00641185945875,219.8583310514353,220.15675729790527,35905900,0.6963348388671875,0.0031364045607933377,221.94449592105454,228.8635205078125,227.61170104980468,48.99244074469413,5.866872027580501,2143742200.0,-2.7489648365039443,1.2027924078620376,-3.951757244365982,205.3444270599629,219.54696655273438,233.74950604550585,12.938042110784602,0.6114686224257841,84.93203085629214,73.8389972423728,-0.09245611817424748,0
2025-04-03,202.12203979492188,206.39944211542388,200.19223396809613,204.4596791341039,103419000,-20.591201782226562,-0.09245611817424748,220.05664295666097,228.45778106689454,227.56898551940918,31.946899235477392,7.056453140542773,2040323200.0,-4.01355909463399,-0.04944148021440675,-3.9641176144195835,203.46054930202172,217.9484130859375,232.43627686985326,13.294764186425324,-0.046194163855469095,61.0157898087296,73.09390204701396,-0.07288746190437001,0
2025-04-04,187.38987731933594,198.82943318150367,186.3553350717911,192.87091122900438,125910900,-14.732162475585938,-0.07288746190437001,216.94552241977286,227.7607763671875,227.43188873291015,25.193287884127404,7.678613967870488,1914412300.0,-6.133814746838112,-1.735757705934823,-4.398057040903289,198.33005247270066,215.42723388671874,232.52441530073682,15.872813390909103,-0.31994089810601195,33.29735906580034,59.74839324360736,-0.03673422126260195,0
2025-04-07,180.50625610351562,193.12954493623218,173.70219548773406,176.26863687444822,160466300,-6.8836212158203125,-0.03673422126260195,213.47511610393883,226.94358795166016,227.27217170715332,22.771005811853307,8.51780935934389,1753946000.0,-8.274203463110894,-3.100917137766084,-5.17328632534481,190.96454335366658,213.1383285522461,235.3121137508256,20.806942936257567,-0.23582548393273278,8.029753956895641,34.11430094380853,-0.04981809279693461,0
2025-04-08,171.51377868652344,189.3395914266431,168.32065857366717,185.71872345097177,120859500,-8.992477416992188,-0.04981809279693461,209.47879825466117,225.80584899902342,227.09034446716308,20.057868796818283,9.410746751746178,1633086500.0,-10.574201898433813,-4.320732458471202,-6.253469439962611,182.3321412513121,210.7300537109375,239.12796617056293,26.951933964368827,-0.19047813074587097,7.2730360205541835,16.20004968108339,0.15328842301473977,1
2025-04-09,197.8048553466797,199.55559936553783,170.98654976711688,171.04623198001363,184395900,26.29107666015625,0.15328842301473977,208.36699416818675,225.02699829101562,227.05082847595216,41.866546520640696,10.77919695508009,1817482400.0,-10.158397384575409,-3.1239423556902377,-7.034455028885171,180.99466343699163,209.82831878662108,238.66197413625054,27.48309238368441,0.2915029625250773,23.882049678642375,13.061613218697401,-0.04239378450258846,0
2025-04-10,189.41915893554688,193.7562435722064,182.0381599544528,188.0762635840202,121880000,-8.385696411132812,-0.04239378450258846,206.56243843174485,224.05857330322266,226.96616188049316,38.27951278182509,11.135446843447719,1695602400.0,-10.385803848000933,-2.6810790552926083,-7.704724792708324,178.69252238866324,208.8703811645508,239.04823994043835,28.896254804182167,0.1777236189377084,31.944688963269996,21.033258220822187,0.040594504137098086,1
2025-04-11,197.10853576660156,198.49122944739574,185.0820833366806,185.12188160037283,87435900,7.6893768310546875,0.040594504137098086,205.66206674935026,223.279111328125,226.91533203125,43.09413325635352,11.29785393396682,1783038300.0,-9.832216984127683,-1.7019937531354863,-8.130223230992197,177.5526042013328,208.107413482666,238.6622227639992,29.36446017948152,0.32001396875378363,47.14885685618622,34.325198499366195,0.02205391747218255,1
2025-04-14,201.45555114746094,211.82078139531484,200.10269875392328,210.32866545443895,101352900,4.347015380859375,0.02205391747218255,205.261446215837,222.61818756103514,226.86551681518554,45.67415813184723,11.541739055020138,1884391200.0,-8.939676567701127,-0.6475626693671437,-8.292113898333984,176.93258471344487,207.53642959594725,238.14027447844964,29.492503983117587,0.40065172412432676,49.31749599221637,42.80368060389086,-0.0018762983720392867,0
2025-04-15,201.0775604248047,202.4403549077855,198.7498630049633,200.7990333068026,51343900,-0.37799072265625,-0.0018762983720392867,204.86298090240535,222.10848937988283,226.80959815979003,45.48106265477968,10.980935687006,1833047300.0,-8.168669215696184,0.09875574611023907,-8.267424961806423,176.34282529351742,207.01170272827147,237.68058016302552,29.63009050267149,0.40325465423227064,56.242988312816244,50.90311372040628,-0.038933453252013805,0
2025-04-16,193.24891662597656,199.64511311117855,191.35889396287376,197.31741584829123,59732400,-7.828643798828125,-0.038933453252013805,203.75687954274548,221.3470263671875,226.73178688049316,41.561951697680065,10.890773599500637,1773314900.0,-8.09602057667351,0.13712350810633112,-8.233144084779841,174.9197503056642,205.96871337890624,237.0176764521483,30.149203307517332,0.2951655144984281,53.95024151185319,53.17024193896194,0.013949730279158024,1
2025-04-17,195.94468688964844,197.7849695303218,193.39814444403507,196.16353180406117,52164700,2.695770263671875,0.013949730279158024,203.0128611948315,220.64603698730468,226.63706764221192,43.37151155693722,10.43686497841811,1825479600.0,-7.731792584021832,0.4010812006064075,-8.13287378462824,173.94964390356736,205.11721267700196,236.28478145043655,30.390008099919104,0.3528514390385874,50.676598196985815,53.623276007218415,-0.01939293214284299,0
2025-04-21,192.14474487304688,192.78138039340035,188.81234657174457,192.25416731460396,46742500,-3.7999420166015625,-0.01939293214284299,201.97780249751867,219.8541439819336,226.50589981079102,41.42430828457984,10.200827502667092,1778737100.0,-7.661446453393751,0.3771418649875926,-8.038588318381343,172.72335050419258,203.868310546875,235.0132705895574,30.55399827382326,0.3117903240562577,45.47889966068698,50.035246456508666,0.03406507640562184,1
2025-04-22,198.69017028808594,200.53043756485187,194.93998119085117,195.08918671811182,52976400,6.5454254150390625,0.03406507640562184,201.6646946680489,219.30424926757811,226.40111404418946,45.92757980349484,10.071175016176943,1831713500.0,-6.996879834141936,0.833366787391526,-7.830246621533462,172.46474943287103,202.82432708740234,233.18390474193365,29.936820785258732,0.4319134665448918,48.849758387876136,48.33508541518298,0.02433156170565609,1
2025-04-23,203.5246124267578,206.90673568869565,201.7340703321958,204.91724784553512,52929200,4.834442138671875,0.02433156170565609,201.84182969268784,218.84567260742188,226.2967562866211,49.04361590952994,9.938702900779283,1884642700.0,-6.010817955185701,1.4555429330782097,-7.46636088826391,172.88628291092547,201.87185974121093,230.85743657149638,28.716807649608455,0.5285099153835023,59.41626711929405,51.24830838928572,0.01842618964238696,1
2025-04-24,207.27479553222656,207.73238443559362,201.87334307751462,203.81309077731203,47311000,3.75018310546875,0.01842618964238696,202.35925501073913,218.36322174072265,226.20381286621094,51.38404909452601,9.64729850487212,1931953700.0,-4.870603096248885,2.0766062336120203,-6.947209329860906,173.36261787006276,201.21731719970703,229.0720165293513,27.6861849837692,0.608733507779653,75.00506600505294,61.0903638374077,0.004367282856598376,1
2025-04-25,208.18002319335938,208.6475540878433,205.1162098506388,205.28531450927932,38222300,0.9052276611328125,0.004367282856598376,202.9136138852744,217.81432189941407,226.11113258361817,51.95765272273665,9.210444628610148,1970176000.0,-3.849555024726527,2.478123444107503,-6.32767846883403,174.1980392990351,200.49264526367188,226.78725122830866,26.229995549269375,0.6461778499367159,87.3694509621031,73.93026136215003,0.004109273968162741,1
2025-04-28,209.03549194335938,210.38834431536768,206.36958545714222,208.8962283982374,38743100,0.85546875,0.004109273968162741,203.4966498908063,217.18982147216798,226.00141426086427,52.52769159465709,8.839609930725528,2008919100.0,-2.9374764926252226,2.712161580967046,-5.649638073592269,174.56230111992537,200.10668411254883,225.6510671051723,25.530764357932373,0.6747704736769125,91.59233522015177,84.65561739576927,0.0050919934157460656,1
2025-04-29,210.0998992919922,211.12448445804597,207.27481462988695,207.59314001435672,36827600,1.0644073486328125,0.0050919934157460656,204.12553078615736,216.52553161621094,225.92383575439453,53.27063971367214,8.483185637685065,2045746700.0,-2.1044995465851457,2.8361108216056987,-4.940610368190844,175.3909346203202,199.56355514526368,223.73617567020716,24.225485968465602,0.7179396341380564,93.67106864249418,90.87761827491634,0.006107585626286438,1
2025-04-30,211.3831024169922,212.4574277707069,205.5837430092506,208.19992461631293,52286500,1.283203125,0.006107585626286438,204.81672808433208,215.88949188232422,225.8379507446289,54.201199894250976,8.368221289383008,2098033200.0,-1.3255355983020536,2.8920598159110327,-4.217595414213086,176.4421649513492,199.03186492919923,221.62156490704925,22.69958128150561,0.7733820612912915,95.28367161484728,93.51569182583107,0.003858818787250806,1
2025-05-01,212.19879150390625,213.43226431553572,207.8020097882055,207.98107159612528,57365700,0.8156890869140625,0.003858818787250806,205.51978174333914,215.26180877685547,225.7370098876953,54.81714530311309,8.172652234950666,2155398900.0,-0.6350611749269603,2.866027391428901,-3.5010885663558615,177.7287248867238,198.50614242553712,219.28355996435045,20.933777952596376,0.8295079634605824,95.96770489427695,94.97414838387279,-0.03736166699984034,0
2025-05-02,204.27069091796875,205.9020705063368,201.09745506032002,205.0067917796952,101010600,-7.9281005859375,-0.03736166699984034,205.40082071235148,214.45646423339844,225.59434646606445,48.05266025495653,8.381843964138922,2054388300.0,-0.7192950930990492,2.22543477860545,-2.944729871704499,177.74048288509684,198.61357498168945,219.48666707828207,21.018797026856742,0.6355121682523209,84.96846270089874,92.07327973667434,-0.0314585312230804,0
2025-05-05,197.84463500976562,203.02725796650907,197.1682163705072,202.03251395918386,69018500,-6.426055908203125,-0.0314585312230804,204.68118397877188,213.5281689453125,225.44899780273437,43.37996405958132,8.290460434376254,1985369800.0,-1.2897130775851053,1.324013435295515,-2.6137265128806204,178.8997882144314,199.13631286621094,219.3728375179905,20.32429380710226,0.4680854821005115,65.04134340575233,81.992503666976,-0.0019106203280501166,0
2025-05-06,197.4666290283203,199.59538061408486,195.98447015970467,197.1682179665783,51216500,-0.3780059814453125,-0.0019106203280501166,203.9940835073003,212.5614764404297,225.32505729675293,43.11437446573034,7.956206864376535,1934153300.0,-1.7520784932654294,0.6893184156921528,-2.441396908957582,181.6054808054007,199.98433151245118,218.36318221950165,18.380290663827523,0.4315054427433532,44.87547519552504,64.9617604340587,-0.01138482578047606,0
2025-05-07,195.218505859375,198.39174158064424,192.23427392267118,198.1231564563361,68536700,-2.2481231689453125,-0.01138482578047606,203.15831420749788,211.55101531982422,225.18923179626464,41.487531712445765,7.827725492490573,1865616600.0,-2.2737013538623216,0.13415644407620864,-2.4078577979385303,187.9562732177164,201.16956787109376,214.38286252447114,13.136474659869272,0.2748077914013049,32.61956495678266,47.51212785268668,0.006318509532712513,1
2025-05-08,196.45199584960938,198.99853803284546,193.65675249053749,196.68078271707188,50478900,1.233489990234375,0.006318509532712513,202.51961722103232,210.69812194824217,225.06130867004396,42.76366350191046,7.6501583531918165,1916095500.0,-2.558071044808571,-0.12017059749603254,-2.4379004473125385,187.8068245810876,201.10192489624023,214.39702521139287,13.22225067911441,0.32512621430425537,30.734046661326598,36.07636227121143,0.0052661511223814905,1
2025-05-09,197.48654174804688,199.4859718922483,196.5017396407649,197.95407268173315,36453900,1.0345458984375,0.0052661511223814905,202.04027669979564,209.92679748535156,224.9333533477783,43.869384932308805,7.320431045295182,1952549400.0,-2.6691881265029735,-0.18503014335234802,-2.4841579831506255,189.19978061000168,201.50529403686522,213.81080746372876,12.213588219287436,0.3367092802464782,27.275929295875624,30.209846971328293,0.06314609922458425,1
2025-05-12,209.95704650878906,210.435160708662,205.93301745006437,210.13634313336473,63775800,12.470504760742188,0.06314609922458425,202.79425477684265,209.314560546875,224.89982269287108,55.123509905548275,7.722444467818036,2016325200.0,-1.7310294702612339,0.6025028103115133,-2.333532280572747,189.49090537261628,202.1477195739746,214.8045337753329,12.52234180828999,0.8085028669369412,46.471155586066594,34.82704384775627,0.010152295700247338,1
2025-05-13,212.08859252929688,212.55673652410627,208.17412935394688,209.59847136477597,51909300,2.1315460205078125,0.010152295700247338,203.6794298008859,208.82075408935546,224.88215469360352,56.72080965791759,7.483884660842419,2068234500.0,-0.8062401912819155,1.2218336714326656,-2.028073862714581,189.31027662380404,202.67937164306642,216.0484666623288,13.192358858114435,0.8519019377404949,67.34814358084323,47.03174282092848,-0.0028178117705190964,0
2025-05-14,211.490966796875,213.09460539099953,209.7478820292828,211.5905625216416,49325800,-0.597625732421875,-0.0028178117705190964,204.42338570526582,208.35677459716797,224.8591687774658,56.117713216248525,7.188373139476298,2018908700.0,-0.12017611157648389,1.5263182009104779,-1.6464943124869618,189.31969638576646,203.2000419616699,217.08038753757336,13.661754635387062,0.7986570035258451,89.36976731227985,67.72968882639655,-0.004144435260722168,0
2025-05-15,210.6144561767578,212.11849916658366,208.71199985896817,210.11643191755599,45029500,-0.8765106201171875,-0.004144435260722168,205.01301146445553,207.8790447998047,224.83041229248047,55.19083245848429,6.918239294343384,1973879200.0,0.34878693401333294,1.5962249972002358,-1.2474380631869029,190.62071312222994,204.06831893920898,217.515924756188,13.179513495169248,0.7433941523361592,90.40352830531883,82.3738130661473,-0.000898511457325113,0
2025-05-16,210.4252166748047,211.7300530759797,208.9411140237391,211.52087618770122,54737900,-0.189239501953125,-0.000898511457325113,205.52845957972687,207.4056869506836,224.7979337310791,54.97969488626228,6.623289277050329,1919141300.0,0.697137315057347,1.5556603025954,-0.8585229875380529,191.6156768430809,204.7923454284668,217.9690140138527,12.86832137970553,0.7137441345601286,87.78790952312191,89.1870683802402,-0.011739157895545915,0
2025-05-19,207.9550018310547,208.65223273202483,203.45285841572866,207.0884445111699,46140500,-2.47021484375,-0.011739157895545915,205.7595588417581,206.80851776123046,224.7368448638916,52.173878082179925,6.648222775766451,1873000800.0,0.7650626424131701,1.2988685039609784,-0.5338058615478083,193.7029141729386,205.58285827636718,217.46280237979576,11.557329441794462,0.5998381614439964,82.22768911183462,86.80637564675845,-0.009196290225973569,0
2025-05-20,206.04258728027344,207.64622592622177,204.2198167548668,206.84938410987283,42496600,-1.91241455078125,-0.009196290225973569,205.78651393114052,206.40368225097657,224.68463424682616,50.044535003008754,6.440148654367983,1830504200.0,0.6570045427872913,0.9526483234680797,-0.29564378068078845,194.4991502880222,205.95047912597656,217.4018079639309,11.120468266499888,0.5040217233999776,75.03853452413794,81.68471105303149,-0.023059040715290857,0
2025-05-21,201.29144287109375,206.2218800326306,199.91690624087693,204.35927415345975,59211800,-4.7511444091796875,-0.023059040715290857,205.3584119254218,206.03592559814453,224.60123229980468,45.11798298853122,6.430493307038389,1771292400.0,0.18584773644744246,0.38519321370258475,-0.1993454772551423,194.25230177457527,205.83882064819335,217.42533952181142,11.257855867160274,0.30376427869747186,60.90642672217357,72.72421678604871,-0.0036122341120674584,0
2025-05-22,200.5643310546875,201.94883789272,198.91088686006037,199.91690559460176,46742400,-0.72711181640625,-0.0036122341120674584,204.90183279487565,205.73042114257814,224.56669006347656,44.397648779010545,6.188168858868478,1724550000.0,-0.2434133562836962,-0.03525430322284312,-0.20815905306085308,193.7156445793031,205.5032974243164,217.2909502693297,11.47198414113477,0.2905025523500082,49.4967995097579,61.81392025202314,-0.030244479231270605,0
2025-05-23,194.4983673095703,196.91875752656549,192.69552221161257,192.90468385583864,78432900,-6.0659637451171875,-0.030244479231270605,203.91102655817988,205.44883026123046,224.51193046569824,38.828169727010994,6.308214572026081,1646117100.0,-1.0608496296147791,-0.6821524612431409,-0.3786971683716383,192.1754174269572,204.81921463012696,217.46301183329672,12.34629985863638,0.09186124410595367,31.401417721436303,47.268214651122584,0.025298421663112247,1
2025-05-27,199.4188690185547,199.94677348688452,196.64984031499387,197.51641281084125,56288500,4.920501708984375,0.025298421663112247,203.48320203059654,205.18984985351562,224.46893447875976,44.86960300486607,6.24679968668952,1702405600.0,-1.2966830449881002,-0.7343887012931694,-0.5622943436949308,191.64121210524596,204.33838348388673,217.0355548625275,12.427593056340312,0.3062751805647175,28.4091772331805,36.43579815479157,0.0010488851004830657,1
2025-05-28,199.62803649902344,201.9289060786693,199.11008702875665,199.79736291846774,45339700,0.20916748046875,0.0010488851004830657,203.11604340854194,204.92490600585938,224.40968421936034,45.11773911171703,6.001943926919744,1747745300.0,-1.4499900751720816,-0.7101565851817206,-0.7398334899903609,191.2481669800573,203.81479034423828,216.38141370841925,12.331414558243043,0.333417708007846,26.426482317495182,28.74569242403733,-0.002345136061230768,0
2025-05-29,199.15988159179688,203.0046291598645,197.72556941325453,202.77554227533128,51396800,-0.4681549072265625,-0.002345136061230768,202.73926609266147,204.6766616821289,224.33356887817382,44.63352203566605,5.950309342611902,1696348500.0,-1.5909240079420215,-0.6808724143613284,-0.9100515935806931,190.98463928430854,203.20362930297853,215.4226193216485,12.02635017945605,0.334530198281404,33.371774779442795,29.402478110039493,0.0045012535107264995,1
2025-05-30,200.0563507080078,201.16196516975768,196.00242594876025,198.58218796001185,70819900,0.8964691162109375,0.0045012535107264995,202.48375034174205,204.39561462402344,224.25429328918457,45.83236711617042,5.893825762496583,1767168400.0,-1.611698937360984,-0.5613178750242327,-1.0503810623367513,191.03675759901654,202.59650726318358,214.15625692735063,11.411598176419021,0.39012925759760364,33.91933840269489,31.23919849987762,0.004231977181111901,1
2025-06-02,200.90298461914062,201.3312933884623,199.3292261245183,199.4885975362889,35423300,0.8466339111328125,0.004231977181111901,202.3332012253038,204.15418029785155,224.1606900024414,46.99955479990835,5.615843012599972,1802591700.0,-1.5420709041104317,-0.3933518734189443,-1.1487190306914874,190.87271527222055,202.4281219482422,213.98352862426384,11.416799765574263,0.43400763071946463,36.00268059493209,34.43126459235659,0.007783841539412029,1
2025-06-03,202.46678161621094,202.96480586317466,200.16591202699755,200.55437033168948,46381600,1.5637969970703125,0.007783841539412029,202.34592316729498,203.86106018066405,224.07267250061034,49.17788143748439,5.414632357141197,1848973300.0,-1.3451982298132634,-0.15718335929742078,-1.1880148705158426,191.29646511368452,202.65922927856445,214.0219934434444,11.213665625128073,0.4915316528812446,41.40635486031222,37.1094579526464,-0.0022138294743113685,0
2025-06-04,202.0185546875,205.42503857555045,201.30139858491114,202.10819540070028,43604000,-0.4482269287109375,-0.0022138294743113685,202.31474521683833,203.51003448486327,223.96752540588378,48.561796651932156,5.322418616676775,1805369300.0,-1.2113793570295854,-0.01869158921099423,-1.1926877678185912,191.76951102476716,202.88682556152344,214.00414009827972,10.959129067140998,0.46094961282453856,45.378322821836406,40.92911942569357,-0.010797774052893838,0
2025-06-05,199.8372039794922,203.94091870107042,199.35908978394463,202.69585814733983,55126100,-2.1813507080078125,-0.010797774052893838,202.07878890851964,203.0552993774414,223.84487098693847,45.56980697261206,5.269519352423134,1750243200.0,-1.2667415005640237,-0.05924298619634594,-1.2074985143676777,192.4650250566702,203.1177604675293,213.7704958783884,10.489221017737695,0.346022811911154,44.473370498991606,43.75268272704674,0.01639831188885066,1
2025-06-06,203.11419677734375,204.8871617909174,201.2515910514923,202.19783403313102,46607700,3.2769927978515625,0.01639831188885066,202.17739918174098,202.71027038574218,223.7393957519531,50.50352464855001,5.253836385208996,1796850900.0,-1.034268067885563,0.13858435718569195,-1.1728524250712549,193.2454581521625,203.45087051391602,213.65628287566952,10.032311325063073,0.48350513802685685,50.271000541677985,46.707564620835335,-0.012112573294913775,0
2025-06-09,200.65396118164062,205.18598475848052,199.22961916524454,203.58234611432158,72862600,-2.460235595703125,-0.012112573294913775,202.03230984839809,202.26988037109376,223.6185424041748,47.055053584930896,5.304017042925208,1723988300.0,-1.0366023425909248,0.10900006598426426,-1.145602408575189,193.6845242174884,203.6092414855957,213.53395875370302,9.748788606738596,0.35111513889409457,52.01472774671462,48.91969959579473,0.006056094961710334,1
2025-06-10,201.869140625,203.54250994980842,199.77744796710627,199.8073282051838,54672600,1.215179443359375,0.006056094961710334,202.0167699223602,201.97216888427735,223.50431076049804,48.91065061727126,5.194091681480704,1778660900.0,-0.9296806666922066,0.17273739350638606,-1.1024180601985927,193.69734730292194,203.20484619140626,212.71234507989058,9.35755132486245,0.42975515526885333,62.114962538089934,54.80023027549418,-0.019193789486923962,0
2025-06-11,197.9945068359375,203.69190510411792,197.62597377823997,202.69585666840098,60989900,-3.8746337890625,-0.019193789486923962,201.6336972474628,201.5128094482422,223.37998641967772,43.656710746574944,5.256365941794794,1717671000.0,-1.144403067133311,-0.033588005547774635,-1.1108150615855363,193.6654693016077,202.5001419067383,211.3348145118689,8.725596458297225,0.2450027141818356,54.22635172280357,56.11868066920271,0.0021129385173963566,1
2025-06-12,198.41285705566406,198.890956077424,196.58013147350607,198.29333609984755,43904600,0.4183502197265625,0.0021129385173963566,201.3269505625296,201.04072845458984,223.24628974914552,44.35177823125756,5.045970131946446,1761575600.0,-1.2662185705533204,-0.12432280717422728,-1.1418957633790932,193.87659003194148,201.84623641967772,209.81588280741397,7.89675005003888,0.2845965054800317,51.453951424904865,55.93175522859946,-0.013805233102505254,0
2025-06-13,195.67372131347656,199.57822954037988,194.92668495173118,198.94075911963023,51447300,-2.7391357421875,-0.013805233102505254,200.7885477769055,200.4999380493164,223.0972100830078,40.80257713475565,5.01779687885375,1710128300.0,-1.5657347812072828,-0.3390712142625516,-1.2266635669447312,193.7830079780564,201.09919967651368,208.41539137497097,7.2762017056517845,0.12921431076080567,31.219095844493044,45.63313299740049,0.010028016154186137,1
2025-06-16,197.6359405517578,197.90487790098294,195.78328974313985,196.52037110088898,43020700,1.96221923828125,0.010028016154186137,200.48829946974857,200.41021606445312,222.9537232208252,44.24468519335749,4.81875114375751,1753149000.0,-1.6260250379968397,-0.31948917684168676,-1.306535861155153,194.38561706401435,200.45973587036133,206.5338546767083,6.060188376457951,0.2675551459700728,25.94540912257018,36.20615213065603,-0.014010672570188287,0
2025-06-17,194.86692810058594,197.6060614779548,194.43863454049264,196.4207613301707,38856200,-2.769012451171875,-0.014010672570188287,199.95293076792356,200.55975708007813,222.80403381347656,40.65240650312444,4.702933634293772,1714292800.0,-1.87562067645257,-0.45526785223793365,-1.4203528242146364,194.3096939206784,199.8053321838379,205.30097044699738,5.50099259423471,0.050697858303648605,12.273541552554581,23.146015506539268,0.004804632818980137,1
2025-06-18,195.80319213867188,196.78928550519313,194.29916455806153,195.16572178414586,45394700,0.9362640380859375,0.004804632818980137,199.5577175651377,200.86569580078125,222.64264846801757,42.35659129164111,4.54487558521076,1759687500.0,-1.9751104907064132,-0.4438061331934213,-1.5313043575129919,194.3359091943545,199.29336242675782,204.25081565916113,4.9750309513948014,0.14798757300692084,14.407721301649914,17.542223992258226,0.022484682623141072,1
2025-06-20,200.2057647705078,200.90299573747222,196.0821242533237,197.45667615855015,96813500,4.4025726318359375,0.022484682623141072,199.6194363466015,201.43953552246094,222.50719665527345,49.674611108712675,4.584513300467159,1856501000.0,-1.6793475940271776,-0.11843458921134853,-1.560913004815829,194.34698427723018,199.23907852172852,204.13117276622685,4.910777826112882,0.5988008611921607,23.501849332910684,16.727704062371725,0.0024874463490283105,1
2025-06-23,200.70376586914062,201.50060768152076,198.17380945321412,200.83325703321927,55814300,0.4980010986328125,0.0024874463490283105,199.72270582493857,201.49751373291016,222.40515312194825,50.4410446885514,4.49467650959855,1912315300.0,-1.3887600791422017,0.1377223405389021,-1.5264824196811038,194.34603040266592,199.24605026245118,204.14607012223644,4.91856160092594,0.6487458876088443,41.390693088978516,26.4334212411797,-0.005955377660487593,0
2025-06-24,199.5084991455078,202.63609053842802,199.40888822531906,201.78944331230142,54064000,-1.1952667236328125,-0.005955377660487593,199.7023051888023,201.69930053710937,222.3066618347168,48.53065168360873,4.404142638420723,1858251300.0,-1.2406143849877083,0.2286944277547165,-1.4693088127424248,195.1073818047446,199.49655685424804,203.8857319037515,4.400251431617615,0.5013604254928409,52.49186440972604,39.128135610538415,0.006290559785556926,1
2025-06-25,200.76351928710938,202.8651820841085,199.82723133036671,200.65395335177794,39525700,1.2550201416015625,0.006290559785556926,199.80337319816488,201.77240020751952,222.20685241699218,50.64436433356106,4.329324088433578,1897777000.0,-1.0102921986706974,0.3672132912573818,-1.3775054899280792,195.14037344182958,199.56378936767578,203.98720529352198,4.4330847192889395,0.6356112492636655,54.5881773878248,49.490244962176455,-0.0027781666638545532,0
2025-06-26,200.2057647705078,201.8392838353224,198.6718566431861,200.63405836503767,50799100,-0.5577545166015625,-0.0027781666638545532,199.8416962050547,201.74740447998047,222.111996383667,49.66813420578641,4.246331452983773,1846977900.0,-0.862820279676356,0.4117481682013786,-1.2745684478777346,195.16042221243603,199.59267578125,204.02492935006396,4.441298811657431,0.5691622195954231,53.48473323690403,53.52159167815162,0.00039799751308722264,1
2025-06-27,200.2854461669922,202.41698947637084,199.20971189891864,201.09224306842364,73188600,0.079681396484375,0.00039799751308722264,199.88395810619159,201.73156219482422,222.01709190368652,49.81695944107834,4.172113319017233,1920166500.0,-0.7310905419449512,0.4347823247462268,-1.165872866691178,195.21153057500584,199.64895401000976,204.08637744501368,4.445225828512423,0.5717186635786838,56.20630025566234,54.75973696013039,0.02034000393268065,1
2025-06-30,204.3592529296875,206.57048164253425,198.4726031076903,201.211736268348,91912800,4.0738067626953125,0.02034000393268065,200.31017666081027,201.95376892089843,221.9465267944336,56.843032200198536,4.452525120147712,2012079300.0,-0.294575928271513,0.697037550735732,-0.9916134790072451,194.97433779411017,199.86409912109374,204.75386044807732,4.893086200559675,0.9596496135494157,63.7405357993488,57.81052309730506,0.01291618357444646,1
2025-07-01,206.99879455566406,209.35942450018746,205.3254252695324,205.85332972802502,78788900,2.6395416259765625,0.01291618357444646,200.9471878888916,202.17485107421874,221.87650421142578,60.68397667796703,4.491642723744301,2090868200.0,0.26134141645960085,1.0023639163734768,-0.7410224999138759,194.38070371729032,200.16888961791992,205.95707551854952,5.783302202133431,1.0899866603283452,73.76414975968133,64.5703286048975,0.02223078455769123,1
2025-07-02,211.6005401611328,212.49697770796604,207.31752868499885,208.08449026524102,67941800,4.60174560546875,0.02223078455769123,201.96179286720027,202.56396697998048,221.82894454956056,66.31294634427069,4.563538468641277,2158810000.0,1.0610017614406502,1.441619409083621,-0.3806176476429707,193.0262811389226,200.625577545166,208.22487395140942,7.575600777555507,1.2221038652308667,87.12662477892962,74.87710344598658,0.005224968132215846,1
2025-07-03,212.70614624023438,213.8017903991559,210.97301649264048,211.31166931275297,34955800,1.1056060791015625,0.005224968132215846,202.98506461701305,202.84428649902344,221.78825286865234,67.51628404565277,4.439626714203715,2193765800.0,1.7636215849131816,1.7153913860449217,0.0482301988682598,191.918365773181,201.15995712280272,210.40154847242445,9.18830117266329,1.1246861974644797,91.2604775006372,84.05041734641605,-0.016857856327623377,0
2025-07-07,209.12037658691406,215.37555986284275,207.97492690746134,211.83958469799765,50229000,-3.5857696533203125,-0.016857856327623377,203.5693800427179,202.95620178222657,221.7603024291992,60.027038562978866,4.651127160002122,2143536800.0,2.0079646470850605,1.5677875585734404,0.44017708851161996,191.78191284071036,201.62411575317384,211.46631866563732,9.762922332675918,0.8808223067748117,86.59245852115367,88.32652026690683,0.0002857369470350424,1
2025-07-08,209.1801300048828,210.59451698338924,207.6262968509882,209.26978591644843,42848900,0.05975341796875,0.0002857369470350424,204.1037371819717,202.9943084716797,221.7303182220459,60.10645259364652,4.530919515173472,2186385700.0,2.181285385580935,1.392886637655452,0.788398747925483,191.5603682507796,201.9274124145508,212.29445657832198,10.26808994361595,0.8497967924009364,78.43611239658351,85.42968280612479,0.005380765928293396,1
2025-07-09,210.30567932128906,210.49493096772343,206.40117103180637,208.7020406311003,48749400,1.12554931640625,0.005380765928293396,204.69439833809716,203.0368215942383,221.68660682678222,61.65192392856868,4.499693830940871,2235135100.0,2.3820074437103074,1.2748869566278593,1.107120487082448,191.44374172565242,202.4099983215332,213.376254917414,10.83568666253396,0.8599989171656659,72.29049619715609,79.10635570496441,0.00601490590341025,1
2025-07-10,211.57064819335938,212.6364120977978,209.2000480941239,209.678147079363,44443600,1.2649688720703125,0.00601490590341025,205.34927927669358,203.08752471923827,221.60862464904784,63.36944392871671,4.423741700421802,2279578700.0,2.6130321292621943,1.204729313743797,1.4083028155183972,191.2313441488613,202.89507369995118,214.55880325104107,11.497301869772004,0.8719039632823758,75.60961089900205,75.44540649758055,-0.005884752465364684,0
2025-07-11,210.3256072998047,211.29177557167307,209.03074119537857,209.73794232575938,39765800,-1.2450408935546875,-0.005884752465364684,205.82321527889462,203.09203887939452,221.52774238586426,60.49744851353673,4.2891820788188735,2239812900.0,2.664936730373853,1.0053071318843645,1.6596295984894884,191.647334329779,203.51162872314453,215.37592311651005,11.659573919980376,0.7871632459015226,75.62224743373424,74.50745150996413,-0.012028962197125792,0
2025-07-14,207.7956085205078,210.07656782568804,206.719874444485,209.10042946873696,38840100,-2.529998779296875,-0.012028962197125792,206.01106225428637,203.02028900146485,221.44279563903808,55.03869650408604,4.240364277140361,2200972800.0,2.473409814601496,0.6510241728896058,1.82238564171189,192.21844835818433,203.98076629638672,215.7430842345891,11.532771595839174,0.6621637097451265,68.69252833782853,73.30812889018829,0.0023488604461725515,1
2025-07-15,208.28369140625,211.05270487364396,208.09443976951917,208.39325734338402,42296300,0.4880828857421875,0.0023488604461725515,206.22750312590196,202.94198699951173,221.35582275390624,55.86604242649827,4.170130853997203,2243269100.0,2.3341014946726375,0.4093726823685979,1.9247288123040396,193.35677043421572,204.61126480102538,215.86575916783505,11.000855087577042,0.6631537804157098,61.280827588185815,68.53186778658286,0.005021289252517214,1
2025-07-16,209.3295440673828,211.5606828488181,207.8155461810567,209.4689902412225,47490500,1.0458526611328125,0.005021289252517214,206.5229355965192,203.0431640625,221.2790419769287,57.66376264964189,4.1397741264089305,2290759600.0,2.281787194252672,0.28564670555890603,1.9961404886937661,194.24068861324636,205.19594497680663,216.1512013403669,10.677848789651806,0.68865825469523,59.14356702105329,63.03897431568921,-0.0006661748290881508,0
2025-07-17,209.19009399414062,210.96305897069354,208.761785269157,209.7379236663323,48068100,-0.1394500732421875,-0.0006661748290881508,206.77695068200694,203.2700732421875,221.19585662841797,57.32844814437229,4.0013098103466165,2242691500.0,2.2036727115082613,0.16602577825159592,2.0376469332566653,195.92115544218066,205.91210327148437,215.90305110078808,9.704089920475596,0.6640480352145282,61.893550340209835,60.77264831648298,0.005523257552692451,1
2025-07-18,210.3455047607422,210.95309492429405,208.87135730762196,210.0367321724359,48974600,1.1554107666015625,0.005523257552692451,207.11681297521983,203.52765075683592,221.1171085357666,59.4332993369458,3.864197510798436,2291666100.0,2.209528346448735,0.13750513055365587,2.0720232158950793,197.62826762879558,206.63921890258788,215.6501701763802,8.721433735229292,0.7056545277818651,65.95953197951424,62.33221644692579,0.006155875978032466,1
2025-07-21,211.64036560058594,214.92732845073886,210.7937335563828,211.2618775331451,51377400,1.29486083984375,0.006155875978032466,207.54762751096897,203.85608795166016,221.01897850036622,61.71264254584417,3.9154565235983094,2343043500.0,2.2922300266152718,0.17616544857615413,2.1160645780391176,198.45799691964368,207.2109489440918,215.96390096853992,8.448348959407333,0.7530241593991496,65.49398833651647,64.44902355208018,0.00903615217897702,1
2025-07-22,213.5527801513672,214.1006098348481,211.39135685335447,212.29776458434165,46404100,1.91241455078125,0.00903615217897702,208.1195468100545,204.1981036376953,220.96410789489747,64.85361630281061,3.8292991277336887,2389447600.0,2.483459796875138,0.2939161750688166,2.1895436218063216,199.21984443684906,207.85339965820313,216.4869548795572,8.307350503336682,0.830071468070727,70.92168202481314,67.45840078028128,-0.0011660263965397322,0
2025-07-23,213.30377197265625,214.29982043425818,211.57065737650467,214.15041924441525,46989300,-0.2490081787109375,-0.0011660263965397322,208.6132825398261,204.5144482421875,220.90516357421876,64.11606534128086,3.750717979877962,2342458300.0,2.5851182545106326,0.31645970616344865,2.268658548347184,200.50270193243176,208.54316329956055,216.58362466668933,7.711076440879641,0.7960407653072088,73.14597320999542,69.85388119044167,-0.0018211504107996657,0
2025-07-24,212.91531372070312,214.83769515517375,212.68622683006964,213.05475989741393,46022600,-0.388458251953125,-0.0018211504107996657,209.0229997951477,204.57361358642578,220.84978576660157,62.91402042017299,3.6364858616798297,2296435700.0,2.6043170345021736,0.2685267889239915,2.335790245578182,201.74191197923824,209.15075302124023,216.55959406324223,7.0846898086468695,0.7540586765272023,76.39648462067727,73.48804661849528,0.00056135978496763,1
2025-07-25,213.0348358154297,214.38946224202752,212.55672164240056,213.85158759699283,40268800,0.1195220947265625,0.00056135978496763,209.40507941612694,204.59253845214843,220.7893974304199,63.142981970885245,3.507646914390339,2336704500.0,2.599214513168846,0.21073941407253116,2.388475099096315,203.44715087505688,209.79220657348634,216.1372622719158,6.048895525780083,0.7555240959307866,75.76801555266832,75.10349112778033,0.0007949746770590238,1
2025-07-28,213.20419311523438,214.00103498726418,212.21809958876685,213.18426788884761,37858000,0.1693572998046875,0.0007949746770590238,209.7668997684229,204.62680297851563,220.75521575927735,63.486968239135216,3.3844532346836953,2374562500.0,2.5791061170867806,0.15250481439237262,2.426601302694408,205.65866452080033,210.43814392089843,215.21762332099652,4.542407864892265,0.7893672053779724,76.72653966638677,76.29701327991079,-0.01298767941428014,0
2025-07-29,210.43516540527344,213.96117031669576,209.9869466315705,213.33365491441555,51411700,-2.7690277099609375,-0.01298767941428014,209.8305441147896,204.62321716308594,220.68694076538085,54.52639558639887,3.426579695429521,2323150800.0,2.313069053640021,-0.09082579924350975,2.4038948528835307,206.85816884475759,210.74193954467773,214.62571024459788,3.685807113962507,0.460505631883648,67.62032545039705,73.37162688981738,-0.010507879767783224,0
2025-07-30,208.22393798828125,211.5507362671114,206.89919168476044,211.06266703997414,45512500,-2.2112274169921875,-0.010507879767783224,209.67753400750308,204.57919158935547,220.5888999938965,48.62443218352223,3.5140771873524814,2277638300.0,1.901881485724914,-0.4016106937268935,2.3034921794518075,207.1242696212032,210.8031967163086,214.482123811414,3.490390233556431,0.14945503657045633,47.7942899456282,64.04705168747067,-0.007079718520164313,0
2025-07-31,206.74977111816406,209.0107900151974,206.34138763159262,207.6661338109758,80698400,-1.4741668701171875,-0.007079718520164313,209.39869944661365,204.55508697509765,220.48596969604492,45.11820947608157,3.453743272799073,2196939900.0,1.4404547635515712,-0.690429932720189,2.1308846962717602,206.50379919954426,210.56065826416017,214.61751732877607,3.8533875207840103,0.030315561213991732,22.78309270604426,46.06590270068983,-0.025003555467844607,0
2025-08-01,201.58029174804688,212.73603143542957,200.7037642416869,210.03673342752194,104434500,-5.1694793701171875,-0.025003555467844607,208.65408918960728,204.46584106445312,220.36458656311035,35.4615395912592,4.0664949814379,2092505400.0,0.6501425412861579,-1.184593723988482,1.83473626527464,204.48811392183129,210.00436553955078,215.52061715727027,5.2534637587622885,-0.2635686672126962,9.748167801865513,26.775183484512656,0.004792984751981866,1
2025-08-04,202.5464630126953,207.0585613783641,200.88304868853191,203.70186769022786,75109300,0.9661712646484375,0.004792984751981866,208.07241050609184,204.49094146728515,220.229423828125,38.1269791729245,4.217139103466063,2167614700.0,0.10061651314381947,-1.3872958017046566,1.487912314848476,203.27530711803232,209.67566986083983,216.07603260364735,6.105012324086423,-0.05693771858134532,7.958058925252627,13.496439811054133,-0.0021146466969286237,0
2025-08-05,202.11814880371094,204.52858421879685,201.36115745633876,202.59624780213056,44155100,-0.428314208984375,-0.0021146466969286237,207.50533796300795,204.52201782226564,220.07946434020997,37.389761088011646,4.1421596505369225,2123459600.0,-0.3652379644723851,-1.482520223456689,1.1172822589843039,202.1225679944844,209.32257080078125,216.5225736070781,6.879337262821329,-0.0003068881285432671,9.687236332230878,9.131154353116338,0.05090678215297206,1
2025-08-06,212.40733337402344,214.52892145014,204.77759854868273,204.81744899810374,108483100,10.2891845703125,0.05090678215297206,207.97219466881896,204.88019714355468,219.99122383117677,58.26614405215047,4.732774864529217,2231942700.0,0.09472824202953234,-0.8180432135638174,0.9127714555933497,202.11289291491303,209.42765350341796,216.74241409192288,6.9854772912169825,0.7036758301623718,35.06072094046098,17.568672065981495,0.03179364967503995,1
2025-08-07,219.16053771972656,219.97730473834642,215.7241736307253,218.01508808955717,90224800,6.753204345703125,0.03179364967503995,209.03775114985777,205.27503051757813,219.9349131011963,66.22601189235377,4.935431757371629,2322167500.0,0.9927382576979369,0.0639734416836697,0.9287648160142672,201.38355135938997,209.80714797973633,218.2307446000827,8.029847125284721,1.0551897937157895,62.66304875415907,35.803668675616976,0.04235786562676558,1
2025-08-08,228.44371032714844,230.08718413442585,218.3836152444713,219.95737356583322,113854000,9.283172607421875,0.04235786562676558,210.88593773817115,205.85134399414062,219.9108743286133,73.66243621346074,5.418870123984696,2436021500.0,2.4255320875721225,1.197413817246284,1.2281182703258384,199.00472896999068,210.71305313110352,222.42137729221636,11.113050650761576,1.2571816833930087,90.81733062056578,62.84703343839527,-0.00833735937331237,0
2025-08-11,226.53909301757812,228.91238364576833,224.12592192869855,227.27701087414155,61806100,-1.9046173095703125,-0.00833735937331237,212.37671443144802,206.39892822265625,219.8699674987793,70.24505402131146,5.373698094919345,2374215400.0,3.368514680726321,1.712317128320386,1.656197552405935,198.16089513982203,211.65022735595704,225.13955957209205,12.746815710666276,1.0518755644483293,92.69796286340143,82.05944741270876,0.010872419065924621,1
2025-08-12,229.0021209716797,230.14888579943394,226.429412881848,227.36674823663387,55626200,2.4630279541015625,0.010872419065924621,213.96008648289865,206.9778436279297,219.84445266723634,72.05082537185892,5.255539153681245,2429841600.0,4.265411937448107,2.087371508033738,2.178040429414369,197.33621463401713,212.6861488342285,228.03608303443988,14.434352480730091,1.0314671686744592,92.81235613805215,92.10921654067312,0.01602444528652036,1
2025-08-13,232.6717529296875,234.33703985510917,229.77992501054072,230.4181341091737,69878500,3.6696319580078125,0.01602444528652036,215.7421499540214,207.61321899414062,219.86259628295898,74.53084948824684,5.261209134377548,2499720100.0,5.212234708596014,2.427355423345316,2.7848792852506983,196.30893233371245,213.85325927734374,231.39758622097503,16.407818148685088,1.0363127839787265,93.02632069250019,92.84554656465127,-0.002357234632724192,0
2025-08-14,232.123291015625,234.4566858681212,230.1987431425788,233.39967872378062,51916300,-0.5484619140625,-0.002357234632724192,217.30225862655504,208.20634918212892,219.8789404296875,73.48137272605602,5.189547248032182,2447803800.0,5.850896787335444,2.4528140016677966,3.398082785667647,195.89615294212285,214.99991912841796,234.10368531471306,17.770951974065216,0.9481674377770395,94.74698163444698,93.52855282166644,-0.005112134601489071,0
2025-08-15,230.9366455078125,233.6190590405621,228.69299310222902,233.33985018068216,56038700,-1.1866455078125,-0.005112134601489071,218.60077166286527,208.78471099853516,219.88518272399904,71.14709182766477,5.170727154482245,2391765100.0,6.189934993276353,2.2334817660869644,3.9564532271893884,195.85084720726422,216.02947616577148,236.20810512427875,18.681366373376818,0.8693801341184826,92.56889397247818,93.4473987664751,-0.003022531587090427,0
2025-08-18,230.23863220214844,232.46233685580373,229.46083388892833,231.04634466466607,37476200,-0.6980133056640625,-0.003022531587090427,219.70913933327319,209.39273956298828,219.8780590057373,69.74360724432918,5.015782569653185,2354288900.0,6.3293406744788,1.898309957831529,4.431030716647271,195.97736680541732,216.95938949584962,237.94141218628192,19.34188950216758,0.8164433406211615,90.0537115075593,92.45652903816149,-0.0014292607707683258,0
2025-08-19,229.90956115722656,232.2130419457167,228.70298322789472,230.62753117126795,39402600,-0.329071044921875,-0.0014292607707683258,220.6806080784116,209.92864685058595,219.86794982910158,69.0520348847862,4.908230865950956,2314886300.0,6.340181729678051,1.527320810424623,4.812860919253428,196.12566451257393,217.77722854614257,239.4287925797112,19.88413956602548,0.7801721989292321,87.86750090047052,90.16336879350267,-0.019734587754066668,0
2025-08-20,225.3723907470703,229.81981519856654,225.13307755654054,229.33119207499826,42263900,-4.53717041015625,-0.019734587754066668,221.12744452304577,210.42301544189453,219.85287208557128,60.189925054225554,4.89882034700346,2272622400.0,5.914483130751307,0.8812977691983033,5.033185361553004,196.5891784765149,218.3806594848633,240.17214049321169,19.95733602027962,0.6604234989702734,82.37241633433483,86.76454291412155,-0.004911237335397001,0
2025-08-21,224.26553344726562,225.88097364743615,223.14869792378403,225.6316789169631,30621200,-1.1068572998046875,-0.004911237335397001,221.42631013487622,210.87094329833985,219.85305412292482,58.22668267372043,4.744067159621222,2242001200.0,5.425260761456741,0.31366031992298904,5.111600441533752,197.16439859612112,218.94817047119142,240.73194234626172,19.89856487787967,0.6220487206386761,76.4198255757686,82.21991427019132,0.012716749948596506,1
2025-08-22,227.11746215820312,228.44371192910324,224.77410085849388,225.53195134940427,42477800,2.8519287109375,0.012716749948596506,221.9683246132883,211.45340240478515,219.88238426208497,61.6936709132569,4.703646539779537,2284479000.0,5.207644833549097,0.07683551361227536,5.130809319936821,197.7684384767187,219.65230178833008,241.53616509994146,19.9259130302217,0.6705631282642882,73.51846517112192,77.43690236040844,-0.0026343741790885167,0
2025-08-25,226.51914978027344,228.6531118971015,225.59176554347297,225.84106025439092,30983100,-0.5983123779296875,-0.0026343741790885167,222.40173653395354,212.01552825927735,219.91318939208983,60.55813749776417,4.5863393836258926,2253495900.0,4.930073021324517,-0.16058903888984322,5.090662060214361,198.44922039118532,220.31804962158202,242.18687885197872,19.852054126258444,0.6417794270868457,73.57498441694923,74.50442505461325,0.009464701590599311,1
2025-08-26,228.6630859375,228.84258604761433,224.05612439304167,226.22996704217394,54575100,2.1439361572265625,0.009464701590599311,222.9980555247675,212.67531555175782,219.94756774902345,63.17381716062678,4.600633831550662,2308071000.0,4.827445306097417,-0.21057340329355512,5.038018709390972,199.56572558041256,221.22944564819335,242.89316571597413,19.58484324209823,0.671568877968523,73.38384496088145,73.49243151631754,0.005145918125483151,1
2025-08-27,229.8397674560547,230.24859923631865,227.6160475796746,227.96506627689797,31259500,1.1766815185546875,0.005145918125483151,223.64964713727105,213.31939208984375,219.9914524078369,64.5628659471465,4.460056533343047,2339330500.0,4.7858916867460835,-0.20170161811591125,4.987593304861995,201.19997400697474,222.31023712158202,243.4205002361893,18.991714810741733,0.6783381451381011,71.20095150053753,72.71992695945607,0.008980879291928812,1
2025-08-28,231.9039306640625,232.75153884501827,228.69301327644948,230.16884905542523,38074700,2.0641632080078125,0.008980879291928812,224.43576937791786,214.0601321411133,220.02203491210938,66.9200597705214,4.431375750144887,2377405200.0,4.8634579481581,-0.09930828536311598,4.962766233521216,203.33682891483895,223.56794509887695,243.79906128291495,18.098405095677222,0.7060189237547482,72.59086698037304,72.39188781393067,-0.0018060204541949787,0
2025-08-29,231.485107421875,232.7216147258446,230.71727541448905,231.85405874294378,39418400,-0.4188232421875,-0.0018060204541949787,225.1071349059138,214.77377044677735,220.05186462402344,65.96132713103172,4.258016004517077,2337986800.0,4.835394812301757,-0.10189713697556702,4.937291949277324,207.28117266916436,225.06318588256835,242.84519909597233,15.801796409904318,0.6805735228693296,74.14068947903844,72.644169319983,-0.01042469754672981,0
2025-09-02,229.0719451904297,230.19876225122124,226.32970313085187,228.6032698757151,44075600,-2.4131622314453125,-0.01042469754672981,225.4847358853915,215.3510940551758,220.083191986084,60.576340212653356,4.3221151678389385,2293911200.0,4.565800840534877,-0.2971928869939582,4.862993727528835,211.86439715675445,226.38945999145508,240.91452282615572,12.831924980296233,0.5923398827771712,67.84257175342,71.52470940427715,0.038089829254487784,1
2025-09-03,237.79725646972656,238.17618932549604,233.69885053091846,236.5408165177042,66427800,8.725311279296875,0.038089829254487784,226.6573568934234,216.0929638671875,220.15814590454102,70.08573200752195,4.6636958083551825,2360339000.0,4.998584801282107,0.10847285900261738,4.890111942279489,217.85567735438335,228.17341537475585,238.49115339512835,9.0437687523119,0.9663735925436525,74.52697121715077,72.17007748320307,0.005493291605817463,1
2025-09-04,239.10354614257812,239.2232027368954,236.0721290991865,237.77729643117493,47549400,1.3062896728515625,0.005493291605817463,227.84270825048577,216.8848648071289,220.23520950317382,71.20555098371524,4.5556513675947325,2407888400.0,5.384902068633124,0.3958321010829078,4.989069967550217,220.93451482812634,229.5082260131836,238.08193719824084,7.471375936272325,1.0595779891745016,83.03836811308675,75.13597036121917,-0.0003753695782166,0
2025-09-05,239.0137939453125,240.63920029193574,237.81718240373485,239.32291694518142,54870400,-0.089752197265625,-0.0003753695782166,228.9066211738026,217.64987030029297,220.29642265319825,71.00886550544801,4.431820404780886,2353018000.0,5.61904616756064,0.503980960008338,5.115065207552302,222.3631225832919,230.5008888244629,238.63865506563388,7.060941311482994,1.0230492538468785,95.8136450615972,84.45966146394491,-0.0075513878695669945,0
2025-09-08,237.2089080810547,239.47249309970456,235.67324414176576,238.62490021245955,48999500,-1.8048858642578125,-0.0075513878695669945,229.69731516496944,218.3899331665039,220.36460914611817,67.00086130597157,4.386636730006452,2304018500.0,5.594478185610797,0.3835303824467955,5.210947803164001,222.35963472390165,230.93914871215821,239.51866270041478,7.430107918991286,0.8653912900823036,90.11673964424233,89.6562509396421,-0.014839387013392713,0
2025-09-09,233.68887329101562,238.1063683630383,232.70166073618753,236.33139119913957,66313900,-3.5200347900390625,-0.014839387013392713,230.07746355792622,219.05800170898436,220.40019134521484,59.8998058518548,4.459356079781046,2237704600.0,5.230674533474797,0.015781384248636954,5.21489314922616,222.8861106481768,231.29663772583007,239.70716480348332,7.272502670464898,0.6422167447472894,77.11896185004946,87.68311551862966,-0.032259477843797124,0
2025-09-10,226.1501922607422,231.76431424305812,225.31256565050364,231.53496736029473,83440800,-7.5386810302734375,-0.032259477843797124,229.70343772009917,219.49382049560546,220.39678855895997,48.13387176927433,4.73913833411897,2154263800.0,4.284658090970652,-0.7441880466044068,5.028846137575059,222.49957137536492,231.1540412902832,239.80851120520148,7.488054170811575,0.21090956010399026,52.60355835885048,73.27975328438076,0.014286370691166894,1
2025-09-11,229.3810577392578,229.7998710451417,226.010588238333,226.23995033725743,50208600,3.230865478515625,0.014286370691166894,229.67273486478095,219.94146575927735,220.4059627532959,52.445131361632924,4.671291510739666,2204472400.0,3.7523819637509916,-1.0211713390592543,4.773553302810246,222.33158719813758,230.98950653076173,239.64742586338588,7.496374586584208,0.4071111239485059,36.511212730236174,55.411244313045366,0.01756295951024689,1
2025-09-12,233.40966796875,233.84841389514688,228.3739115767776,228.5733443098202,55824200,4.0286102294921875,0.01756295951024689,230.02863325563516,220.3776483154297,220.43766487121582,57.22020528207253,4.7286637112846375,2260296600.0,3.61396493692871,-0.9276706927052292,4.541635629633939,222.34421216432324,231.05382537841797,239.7634385925127,7.539033989011176,0.6352438123497598,35.225170817869326,41.44664730231866,0.011235861035975292,1
2025-09-15,236.0322265625,237.5180285002954,234.3669397384463,236.33138325533858,42699500,2.62255859375,0.011235861035975292,230.60040404676514,220.844169921875,220.47577262878417,60.03362486130815,4.684356341303263,2302996100.0,3.673540716134255,-0.6944759307997472,4.368016646934002,222.33353549984025,231.30860443115233,240.2836733624644,7.760255139132498,0.7631524151791174,53.57787512580908,41.77141955797153,0.006125955224930424,1
2025-09-16,237.4781494140625,240.53949594661788,235.65332541334,236.51088466190768,63421100,1.4459228515625,0.006125955224930424,231.25542741507917,221.41132537841796,220.5062052154541,61.53558879046705,4.698771640730021,2366417200.0,3.793697457617867,-0.4594553514529087,4.253152809070776,222.3211714776973,231.67058029174805,241.0199891057988,8.071295718495481,0.8105848315022095,69.33280553019296,52.71195049129045,0.003527257082143187,1
2025-09-17,238.3157958984375,239.42266510979977,237.05934071942244,238.2958480596019,46508000,0.837646484375,0.003527257082143187,231.9278434611133,221.99403869628907,220.52994552612304,62.41675800301806,4.5319539799905435,2412925200.0,3.911425137503983,-0.2733821372534351,4.184807274757418,222.34839041164403,232.09089202880858,241.83339364597313,8.395419167034998,0.8194715338133354,78.81166771788044,67.24078279129417,-0.004644626316983702,0
2025-09-18,237.2089080810547,240.51953392817583,235.98236714862816,239.2930082114909,44249600,-1.1068878173828125,-0.004644626316983702,232.4308019963458,222.53210327148437,220.54879737854003,60.44616692194392,4.532326322816052,2368675600.0,3.8707885350308686,-0.2512149917812394,4.122003526812108,223.21031207110698,232.6827178955078,242.15512371990863,8.141907495385757,0.7389144990962834,80.61164395443232,76.25203906750191,0.03203299068174581,1
2025-09-19,244.8074188232422,245.60516498271895,239.53234916144805,240.5494606794321,163741300,7.5985107421875,0.03203299068174581,233.60952740843118,223.19683868408202,220.59371788024902,67.93111404229707,4.808321364162353,2532416900.0,4.400988195888544,0.2231877352611491,4.177800460627395,223.67294725217397,233.70981216430664,243.7466770764393,8.589168609725624,1.0528422847218277,86.17609137412937,81.86646768214739,0.04309567263758818,1
2025-09-22,255.35755920410156,255.9160073848096,247.42002368458668,247.5995237986898,105517400,10.550140380859375,0.04309567263758818,235.68076853182836,224.09747772216798,220.6801608276367,75.00385351772614,5.258340449691286,2637934300.0,5.607839719012077,1.1440314067077448,4.463808312304332,221.7877703273186,235.12181701660157,248.45586370588452,11.34224535900168,1.2587997349583369,90.62091510134623,85.80288347663598,-0.006443278871197333,0
2025-09-23,253.71221923828125,256.6140134777918,252.86462630601793,255.15814081026073,60275200,-1.6453399658203125,-0.006443278871197333,237.39804955149054,225.01580993652342,220.74317428588867,72.32484918165675,5.150558072697184,2577659100.0,6.358219465279717,1.515528922380308,4.842690542899409,221.49075319233884,236.48147048950196,251.47218778666507,12.678132680867774,1.0747139515478716,94.99117155796758,90.59605934448105,-0.008332328960039437,0
2025-09-24,251.59820556640625,255.01853710208397,250.33178410429736,254.49999981420794,42303700,-2.114013671875,-0.008332328960039437,238.7504453624349,225.88210021972657,220.79382911682129,68.9186994073258,5.117429138775,2535355400.0,6.705026216134371,1.4898685385879693,5.215157677546402,221.72416672395158,237.62822647094725,253.53228621794293,13.38566548527443,0.9391953789691331,90.96017590460872,92.19075418797416,0.018072939472633998,1
2025-09-25,256.14532470703125,256.4444966190252,250.99989343760635,252.49566170312627,55202100,4.547119140625,0.018072939472633998,240.40710053811074,226.81841583251952,220.8670704650879,71.97588202590579,5.14079871324956,2590557500.0,7.263063502624391,1.6383246600623913,5.6247388425619995,221.55201619519153,238.9435043334961,256.33499247180066,14.556987591536345,0.9945471093887684,91.06932585788621,92.34022444015416,-0.0054890943685314,0
2025-09-26,254.73931884765625,256.87328100426123,253.06405044687503,253.38315498635407,46076300,-1.406005859375,-0.0054890943685314,241.7720737104484,227.72940032958985,220.93427543640138,69.6931864345688,5.0456867021164635,2544481200.0,7.505342236845905,1.504482715427125,6.00085952141878,221.72118536689442,240.08527374267578,258.44936211845715,15.297971499463193,0.8989864567496387,91.90566877807116,91.31172351352204,-0.004031963397017835,0
2025-09-29,253.71221923828125,254.28061851263055,252.29622703166862,253.84185736381545,40127700,-1.027099609375,-0.004031963397017835,242.90923042738487,228.59673461914062,220.97691902160645,67.99666735233538,4.8597870673929755,2504353500.0,7.527696920324644,1.22146991912469,6.306227001199954,222.36459669133367,241.1966293334961,260.02866197565857,15.615502334507253,0.8322952477462355,93.90846632978098,92.29448698857946,0.0007861175643599783,1
2025-09-30,253.9116668701172,255.1980209495745,252.39595068950493,254.1410137555297,37704300,0.1994476318359375,0.0007861175643599783,243.95708151716892,229.44216064453124,221.01549209594725,68.1587585469328,4.712807295441303,2542057800.0,7.475335905984963,0.9352871238280063,6.540048782156957,223.6927311091332,242.43861541748046,261.1844997258277,15.464437689570826,0.806015210163437,91.20888009819208,92.34100506868141,0.0032203038937570483,1
2025-10-01,254.72933959960938,258.0599285933123,254.21080232618834,254.32049261064776,48713900,0.8176727294921875,0.0032203038937570483,244.98301085835374,230.2656918334961,221.064513092041,68.85520072734889,4.672482611709432,2590771700.0,7.414350760282446,0.6994415825003903,6.714909177782055,223.93463400871016,243.28521957397462,262.6358051392391,15.907736276909846,0.7957047472035593,89.7229014334658,91.61341595381295,0.006576637201686664,1
2025-10-02,256.40460205078125,257.45162766856953,253.43299812845933,255.85613542550084,42630200,1.675262451171875,0.006576637201686664,246.07078144810876,231.1277084350586,221.1146070098877,70.28903783258049,4.625778820880916,2633401900.0,7.4157155196086535,0.560645073461278,6.8550704461473755,224.09090405579093,244.15027236938477,264.2096406829786,16.43198520233081,0.8054515349093014,90.73264960603365,90.5548103792305,0.0034612549164674267,1
2025-10-03,257.2920837402344,258.5086431914624,253.23357360959045,253.9515436206674,49155600,0.887481689453125,0.0034612549164674267,247.13947690450166,232.0152438354492,221.16829368591308,71.0494214583659,4.672156732380275,2682557500.0,7.403071457047275,0.43840080871992004,6.964670648327355,224.36872703183187,245.06418685913087,265.7596466864299,16.889828001833084,0.7954246241239319,92.15705794964053,90.87086966304666,-0.005154640398047805,0
2025-10-06,255.96583557128906,258.33912604890287,254.3304629034206,257.2621558739689,44664100,-1.3262481689453125,-0.005154640398047805,247.98008249181473,232.8738638305664,221.20089157104493,68.23883019315416,4.624764333316132,2637893400.0,7.203002078805014,0.19066514438212678,7.012336934422887,225.11634573796724,246.00203323364258,266.88772072931795,16.980093392837116,0.7385318256751089,92.13412526331483,91.67461093966301,-0.0008180041021814688,0
2025-10-07,255.75645446777344,256.6738420114173,254.70939836699205,256.0855101139428,31955800,-0.209381103515625,-0.0008180041021814688,248.72068934666794,233.7249090576172,221.2203199005127,67.78294555906227,4.434741426966785,2605937600.0,6.947464306069179,-0.051898102682966574,6.9993624087521455,226.61031224527136,247.10541229248048,267.6005123396896,16.58814338145745,0.7110514746296883,90.39042033945888,91.56053451747141,0.006160338232429563,1
2025-10-08,257.3320007324219,257.7906945345413,255.38748958216482,255.79633660873378,36496900,1.5755462646484375,0.006160338232429563,249.54081424054928,234.66284576416015,221.2746035003662,69.43753453420788,4.289631678781762,2642434500.0,6.793767869270113,-0.16447563158562595,6.958243500855739,230.1329499733032,248.66450271606445,267.1960554588257,14.904863814777258,0.7338578460389161,90.09784740540572,90.87413100272647,-0.015577920734133444,0
2025-10-09,253.32330322265625,257.27213808351553,252.42584836214985,257.08267167133846,38322000,-4.008697509765625,-0.015577920734133444,249.90105128646425,235.56483306884766,221.30019905090333,60.87158148516272,4.333668871031067,2604112500.0,6.276146439440311,-0.5456776491323421,6.821824088572653,233.50139585150623,249.8616149902344,266.22183412896254,13.095424152579483,0.6057959005031694,78.2730026374904,86.25375679411833,-0.03452204809648307,0
2025-10-10,244.57806396484375,255.6567217403356,243.3116425485481,254.2207817432353,61999100,-8.7452392578125,-0.03452204809648307,249.3941001129766,236.32139892578124,221.2587174987793,47.19370778298975,4.905912465370813,2542113400.0,5.101453624113503,-1.37629637156732,6.477749995680823,235.65997687335096,250.42003479003907,265.1800927067272,11.788240448942881,0.30210203583990575,51.790017975500966,73.38695600613237,0.009744415443628807,1
2025-10-13,246.96133422851562,248.98560621270488,244.86725241658198,248.67648318296307,38142900,2.383270263671875,0.009744415443628807,249.1624081239803,237.2290197753906,221.22527709960937,50.46064390925789,4.87031459269155,2580256300.0,4.313092452237385,-1.7317260347547512,6.044818486992136,237.6377403236127,250.96649017333985,264.29524002306704,10.621935893131509,0.34975500365826806,28.528837925333857,52.86395284610841,0.0004441188177246591,1
2025-10-14,247.07101440429688,248.14796941642882,244.00966795095763,245.90431694508948,35478000,0.10968017578125,0.0004441188177246591,248.96322776972474,238.11951080322265,221.17782806396485,50.61207507824181,4.818027940747238,2615734300.0,3.6550279304339313,-1.9118324452465636,5.566860375680495,239.47186012652344,251.44613342285157,263.4204067191797,9.524324859027566,0.3173117102690352,19.028941205484916,33.11593236877325,0.006336506208048043,1
2025-10-15,248.63658142089844,251.10959602979932,246.77186176083558,248.78616738422895,33893600,1.5655670166015625,0.006336506208048043,248.93211859364607,239.0498794555664,221.13413291931153,52.82859645763287,4.78372124990556,2649627900.0,3.222686110625318,-1.8753394120441413,5.0980255226694595,241.50198156178791,251.9621726989746,262.4223638361613,8.30298534509285,0.34103582647483993,27.93095538450648,25.162911505108415,-0.007579973963228515,0
2025-10-16,246.75192260742188,248.33743345063007,244.43847540742667,247.54966879270205,39777000,-1.8846588134765625,-0.007579973963228515,248.72448088067233,239.73677124023436,221.09805564880372,49.92387057760965,4.74189159016029,2609850900.0,2.6968878437671435,-1.9209101431218523,4.617797986888996,244.0487045452576,252.43932342529297,260.82994230532836,6.647632204194606,0.1610857375846435,27.471628736188787,24.81050844206006,0.019559419889786378,1
2025-10-17,251.5782470703125,252.66518358811555,246.57242016484557,247.3203043073955,49147000,4.826324462890625,0.019559419889786378,248.99626813682855,240.3851254272461,221.1029524230957,56.51742763561394,4.838382435382411,2658997900.0,2.639209810148543,-1.5828705413923627,4.222080351540906,245.13305346225252,252.7778648376465,260.42267621304046,6.048639884116484,0.42154039462666476,37.357861710538124,30.920148610411132,0.039438767662544505,1
2025-10-20,261.50018310546875,263.63416054313814,254.90884523128253,255.168106265739,90483000,9.92193603515625,0.039438767662544505,250.18711718146096,241.0462548828125,221.16630226135254,66.33199201464117,5.353920366628356,2749480900.0,3.355437475386907,-0.6933143009231992,4.048751776310106,244.60262459133185,253.08499603271486,261.56736747409786,6.703180018057286,0.9960397649941771,55.51120736307161,40.11356593659951,0.00202092745830873,1
2025-10-21,262.0286560058594,264.5415659974475,261.0913055219307,261.1411827196178,46695900,0.528472900390625,0.00202092745830873,251.3148827837846,241.75604614257813,221.264935836792,66.76231794009117,5.217944660120389,2796176800.0,3.920503285215773,-0.10259879287546703,4.02310207809124,244.16389530433634,253.50081787109374,262.83774043785115,7.36638457040819,0.9566728530622932,77.35303060313295,56.74069989224756,-0.016440071254245958,0
2025-10-22,257.72088623046875,262.1084670888602,254.70938662410154,261.9090191460537,45015300,-4.307769775390625,-0.016440071254245958,251.92497835013546,242.3304214477539,221.34446510314942,60.02723601831704,5.373740074737409,2751161500.0,3.9749008090082043,-0.03856101526642863,4.013461824274633,244.33905564865208,253.80695190429688,263.2748481599417,7.460706796727051,0.7066950366000443,81.84504394720288,71.56976063780247,0.004372055505519334,1
2025-10-23,258.84765625,259.8847307097371,257.2821086816683,259.2066564378435,32754900,1.12677001953125,0.004372055505519334,252.58428100726542,242.85393951416015,221.4214803314209,61.13175674410852,5.1758030714039345,2783916400.0,4.06210672454597,0.03891592021706902,4.023190804328901,244.269624315816,253.94206848144532,263.6145126470746,7.617835220032505,0.7535857372010755,76.40515984873011,78.53441146635532,0.012481961631328753,1
2025-10-24,262.0785827636719,263.3848847726989,258.4488367256365,260.4531761824355,38253700,3.230926513671875,0.012481961631328753,253.48850022216126,243.45304534912108,221.52851165771483,64.18752559675549,5.158677712522396,2822170100.0,4.341876360607245,0.25494844502267444,4.08692791558457,244.00704257355267,254.30903167724608,264.6110207809395,8.101945130103038,0.8770898516889468,76.48355039330379,78.2445847297456,0.022791192752595002,1
2025-10-27,268.0516662597656,268.36078929414754,263.90339825112477,264.13276036080543,44888200,5.97308349609375,0.022791192752595002,254.8754684162188,244.19534576416015,221.66297393798828,69.0343952713872,5.238929770947629,2867058300.0,4.988074316063205,0.7209171203829072,4.267157195680298,243.11905034066072,255.0260040283203,266.93295771597985,9.337834965517724,1.0469771098944143,86.78141838341493,79.8900428751496,0.0007067783895675639,1
2025-10-28,268.2411193847656,269.12862319727753,267.39351124836816,268.23113785786586,41534800,0.189453125,0.0007067783895675639,256.1483875560804,244.9553955078125,221.8274478149414,69.17688756427954,4.988657069373468,2908593100.0,5.452623683545141,0.9483731902918748,4.5042504932532665,242.536352342099,255.74247665405272,268.94860096600644,10.327673748008523,0.9732138830239382,94.57559633825093,85.94685503832322,0.0026022429598195895,1
2025-10-29,268.93914794921875,270.6443152614699,266.35642794866993,268.5203194424725,51086700,0.698028564453125,0.0026022429598195895,257.3665552125698,245.73598724365235,222.0075839996338,69.72958354977325,4.938602086761075,2959679800.0,5.810131891887096,1.0447051189070633,4.765426772980033,242.06520594876764,256.4529670715332,270.8407281942987,11.220584645255688,0.9339167425406053,96.36323046595508,92.57341506254032,0.006303249053230431,1
2025-10-30,270.63433837890625,273.36662916750566,267.72259312931254,271.2226702585742,69886500,1.6951904296875,0.006303249053230431,258.63015360936373,246.64122619628907,222.20176055908203,71.08556727203782,4.988990226149078,3029566300.0,6.159247452450472,1.115056543576352,5.04419090887412,241.5054434861754,257.16445388793943,272.82346428970345,12.178207497205275,0.9301001195276494,93.67220889682056,94.87034523367554,-0.0037950435186790976,0
2025-10-31,269.6072692871094,276.53767519933945,268.40069127196034,276.2085891024436,86167100,-1.027069091796875,-0.0037950435186790976,259.67559319772045,247.54806091308595,222.36799743652344,69.06686769460786,5.21384691909408,2943399200.0,6.280648748105193,0.9891662713848577,5.2914824767203354,241.2076623070798,257.7802131652832,274.35276402348666,12.857892120352512,0.8568266654608497,87.71611205623849,92.58385047300472,-0.004882341269010326,0
2025-11-03,268.29095458984375,270.08589475979994,265.49886601188945,269.65711516237894,50194600,-1.316314697265625,-0.004882341269010326,260.4961038064941,248.37153076171876,222.57539779663085,66.46186869667686,5.169074192580967,2893204600.0,6.199184217590073,0.726161392695789,5.473022824894284,241.2335119057649,258.39646911621094,275.55942632665693,13.284204129528689,0.7882511839979033,81.23184836189091,87.54005643831665,0.0036797500454424092,1
2025-11-04,269.2781982421875,270.72408938596277,266.86501191822913,267.5730004152706,49274800,0.98724365234375,0.0036797500454424092,261.3324937527506,249.22671173095702,222.7791889190674,67.45336964657555,5.075502997949016,2942479400.0,6.143467236118852,0.5363555289796542,5.607111707139198,241.3235508413564,259.07255630493165,276.8215617685069,13.701957256085786,0.7874989801034205,76.79563970838042,81.91453337550327,0.00037036583712879434,1
2025-11-05,269.3779296875,270.9335263776032,266.17696342424256,267.8522167164328,43683100,0.0997314453125,0.00037036583712879434,262.0987257465363,250.04100860595702,223.01994567871094,67.55771141746564,5.052721566192703,2986162500.0,6.0377590925851905,0.34451790835679397,5.6932411842283965,241.39343080928225,259.6748527526855,277.9562746960888,14.080240538974735,0.7653808047550629,75.93313111949232,77.98687306325455,-0.0013697782796735503,0
2025-11-06,269.0089416503906,272.6287059365568,267.1342708755924,267.1342708755924,51204000,-0.368988037109375,-0.0013697782796735503,262.75684154690333,250.82439208984374,223.2529453277588,66.70563305196895,5.084272530104968,2934958500.0,5.856698007453758,0.13076545858028865,5.72593254887347,241.9900631606621,260.4591346740723,278.9282061874825,14.181934172914785,0.7314628261120331,73.00001126506419,75.24292736431231,-0.004818894404181151,0
2025-11-07,267.7126159667969,271.5218466038475,266.0173996929098,269.03885049148494,48227400,-1.29632568359375,-0.004818894404181151,263.2288200630837,251.54056579589843,223.48030784606934,63.667485711885185,5.114284985878735,2886731100.0,5.544687438845187,-0.14499608802262642,5.689683526867814,244.4159947048359,261.6158622741699,278.8157298435039,13.148948553668946,0.6772325765896303,67.06211014333932,71.99841750929862,0.00454869456011342,1
2025-11-10,268.93035888671875,273.22240319845355,266.96401085683,268.46122924118225,41312400,1.217742919921875,0.00454869456011342,263.7718237605727,252.2894708251953,223.7181312561035,65.26779824989316,5.196006939860508,2928043500.0,5.334189278261363,-0.2843953988851613,5.618584677146524,246.62834453877966,262.7143135070801,278.80028247538047,12.245978343214173,0.6932132715128398,63.40969958696374,67.82394033178907,0.02160114657791201,1
2025-11-11,274.73956298828125,275.3983427074405,269.2996575494418,269.3096487524697,46208300,5.8092041015625,0.02160114657791201,264.81637035368783,253.20282318115235,223.94982543945312,71.67688410936628,5.286862431350598,2974251800.0,5.5718928781763,-0.03735343917617939,5.609246317352479,248.8963700936586,264.0977409362793,279.2991117789,11.511927961768096,0.850028367907618,71.79389161229396,67.42190044753234,-0.006466862149501096,0
2025-11-12,272.9628601074219,275.2186787593472,271.19615348009904,274.49002155435767,48398000,-1.776702880859375,-0.006466862149501096,265.59222652071014,253.90613525390626,224.1309027862549,67.57010608019908,5.1965526347718525,2925853800.0,5.552899253674468,-0.04507765094240934,5.5979769046168775,251.41899913055042,265.31405487060545,279.2091106106605,10.474421151063186,0.775234780626584,78.6828628733255,71.29548469086107,-0.0019014031834500011,0
2025-11-13,272.44384765625,276.1868935731559,271.5854266195937,273.6016697208788,49602800,-0.519012451171875,-0.0019014031834500011,266.24476186695205,254.57294128417968,224.30391998291014,66.37373468459343,5.154046514685448,2876251000.0,5.433334603003402,-0.13171384129078056,5.565048444294183,255.2969670850748,266.59865112304686,277.9003351610189,8.478425521182276,0.7585984758361721,79.49892138200097,76.65855862254016,-0.00197850671637112,0
2025-11-14,271.9048156738281,275.44821996704485,269.10002929321837,270.54732197227213,47431300,-0.539031982421875,-0.00197850671637112,266.78381461046405,255.23076171875,224.48303588867188,65.08485376627428,5.239342526052665,2828819700.0,5.234740549287324,-0.26424631600548754,5.498986865292811,258.4441051647725,267.61497955322267,276.7858539416728,6.853782552651374,0.733883702845614,68.6220240975959,75.60126945097413,-0.018171161859606544,0
2025-11-17,266.9639892578125,269.98836893107386,265.237217022597,268.3214829895084,45018300,-4.940826416015625,-0.018171161859606544,266.8009741006877,255.82586334228515,224.64534713745118,54.6158575699367,5.341360820708269,2783801400.0,4.625351755505221,-0.6989080878300715,5.324259843335293,259.1467159871711,267.88816986083987,276.62962373450864,6.526196269293792,0.4471380495519626,46.9697231051758,65.03022286159089,-7.464669137968727e-05,0
2025-11-18,266.9440612792969,270.2079864201871,264.8279974843966,269.48932037088264,45677300,-0.019927978515625,-7.464669137968727e-05,266.8146014510314,256.4909671020508,224.84725509643556,54.577725632150994,5.344119971785576,2738124100.0,4.0936101352473315,-0.9845197664703687,5.0781299017177,259.79830029214946,268.1339401245117,276.46957995687393,6.217519369977157,0.4286270238911209,30.460928071170326,48.684225091314005,0.0041877290655560895,1
2025-11-19,268.06195068359375,271.7051756343288,265.00762791735707,265.0375710636542,40424500,1.117889404296875,0.0041877290655560895,266.9333966160374,257.32920227050784,225.0309545135498,56.41602903832776,5.440793382156014,2778548600.0,3.719528987692911,-1.086880731219832,4.806409718912743,261.8151895545991,268.65099334716797,275.48679713973684,5.088984564992995,0.45691489388456696,20.323133286013732,32.58459482078662,-0.008601349703672212,0
2025-11-20,265.7562561035156,274.91922505965954,265.42688147061517,270.327749378444,45823600,-2.305694580078125,-0.008601349703672212,266.8212879957972,258.056706237793,225.20476501464844,51.762807188105036,5.730189825505182,2732725000.0,3.200127620825583,-1.2850256784697276,4.485153299295311,263.6386492623975,268.9964233398438,274.35419741729004,3.9835281160429257,0.19762002004080917,17.9536446651398,22.912568674107956,0.019680647235321702,1
2025-11-21,270.98651123046875,272.8230952896135,265.17732758833057,265.4568071090486,59030800,5.230255126953125,0.019680647235321702,267.2179759229088,258.80824310302734,225.40100059509277,59.85224418878944,5.867016816632163,2791755800.0,3.173948866360888,-1.0489635463475384,4.2229124127084265,265.0676892799589,269.4418197631836,273.8159502464083,3.2468088933404453,0.6765712606435964,30.002467908943355,22.759748620032298,0.016317468883471742,1
2025-11-24,275.4083251953125,276.4863089537433,270.397615191446,270.397615191446,65585800,4.42181396484375,0.016317468883471742,267.99800918694723,259.5957650756836,225.64711769104005,65.17025103398946,5.882850884179672,2857341600.0,3.470005385085585,-0.6023256220982729,4.072331007183858,264.7772432235372,269.8096527099609,274.84206219638463,3.730340583354473,1.0562616178647144,51.04771317885818,33.00127525098045,0.003805495657415614,1
2025-11-25,276.4563903808594,279.8600705608694,274.73957871594786,274.75953066216096,46914200,1.048065185546875,0.003805495657415614,268.8035693006531,260.37532989501955,225.8971324157715,66.30937045345475,5.828396667089807,2904255800.0,3.746020616721637,-0.2610483123697769,4.007068929091414,264.476375570638,270.2204162597656,275.9644569488932,4.251374317776036,1.0428212001437693,74.109422823879,51.71986797056018,0.002093957526739132,1
2025-11-26,277.0352783203125,279.01161742605893,276.1170014953278,276.44637611579356,33431400,0.578887939453125,0.002093957526739132,269.58754158823973,261.149719543457,226.1253221130371,66.95228207529526,5.618840900207043,2937687200.0,3.965761267826224,-0.0330461290121522,3.998807396838376,264.19881869418197,270.62522277832034,277.0516268624587,4.749301649094613,0.9987280178827724,83.10632111947567,69.42115237407096,0.0046839067924580036,1
2025-11-28,278.3328857421875,278.4826014787427,275.4781737009374,276.7458380127342,20135600,1.297607421875,0.0046839067924580036,270.42043150766335,261.9721990966797,226.3388614654541,68.40760126189403,5.432097105749775,2957822800.0,4.196241728780535,0.15794746555372718,4.038294263226808,263.75841999488176,271.01015014648436,278.26188029808696,5.351629928017789,1.0048957588476208,82.80197903111696,80.0059076581572,0.01524119743713337,1
2025-12-01,282.57501220703125,282.89442609469603,275.62792768573877,277.4944549964911,46587700,4.24212646484375,0.01524119743713337,271.5780106218889,262.7275509643555,226.55043395996094,72.64820411029295,5.5631257702645955,3004410500.0,4.667400420697788,0.503284925976784,4.164115494721004,262.86868185669164,271.65853729248045,280.44839272826925,6.471252862799032,1.1209701054981658,89.760242176099,85.22284744223055,0.010914832876105063,1
2025-12-02,285.6592712402344,286.86701880065203,282.10587559562896,282.47518456741903,53669500,3.084259033203125,0.010914832876105063,272.9190830617313,263.3335852050781,226.7621583557129,75.24945196792665,5.505841301318773,3058080000.0,5.229389855239447,0.8522194884147538,4.377170366824693,261.98271479723434,272.526953125,283.0711914527656,7.738125133574816,1.1227248335545343,94.19748414540364,88.91990178420652,-0.007128157809805358,0
2025-12-03,283.623046875,288.0847586222564,282.77461708045536,285.6692634925469,43538700,-2.036224365234375,-0.007128157809805358,273.93850818680454,263.9318017578125,226.96434814453124,70.48357033800978,5.491862747067507,3014541300.0,5.447666928890271,0.8563972496524626,4.591269679237809,261.77087900327314,273.24419555664065,284.71751211000816,8.397848327569845,0.9523038857196473,91.18912743364507,91.71561791838258,-0.012141479874668626,0
2025-12-04,280.179443359375,284.20196835267484,278.07334059490756,283.5731318378766,43989100,-3.443603515625,-0.012141479874668626,274.5328829651446,264.50342651367185,227.14733062744142,63.194210363145004,5.537345962117491,2970552200.0,5.281896641428489,0.5525015697525442,4.7293950716759445,262.0752919584767,273.7842712402344,285.493250521992,8.553434591926214,0.7730883694150937,80.44796931692966,88.61152696532612,-0.006840055245008081,0
2025-12-05,278.26300048828125,280.6186397013617,277.53434330937836,280.01974631085085,47265800,-1.91644287109375,-0.006840055245008081,274.8881322530624,264.9457800292969,227.3159560394287,59.50588808206558,5.362128135679337,2923286400.0,4.938948447672601,0.1676427007973249,4.771305746875276,262.59816014944676,274.2469741821289,285.89578821481103,8.495126750201516,0.6723791922029536,68.19736991380158,79.94482222145876,-0.003192433705098474,0
2025-12-08,277.3746643066406,279.15136205700173,275.6378704438954,277.6142094762677,38211800,-0.888336181640625,-0.003192433705098474,275.1249448295937,265.39848693847654,227.4815323638916,57.82125531504071,5.230082669781266,2885074600.0,4.543108105337865,-0.18255811322992876,4.725666218567794,263.40849374898323,274.7300765991211,286.051659449259,8.241968255014196,0.6167940800560107,59.24171965318755,69.2956862946396,-0.002555062909471051,0
2025-12-09,276.66595458984375,279.5106752769474,276.40645748061854,277.64414811825674,32193300,-0.708709716796875,-0.002555062909471051,275.2717076639032,265.8575616455078,227.6358558654785,56.44825220323857,5.078235178820379,2852881300.0,4.124668223190497,-0.4807983963018376,4.605466619492335,264.0895256359051,275.11685638427736,286.1441871326496,8.016470450628823,0.5702390379374018,54.078530401576124,60.50587332285509,0.005772469911612843,1
2025-12-10,278.26300048828125,279.2312028389952,275.92734368017386,277.23491184461454,33038300,1.5970458984375,0.005772469911612843,275.55659269479634,266.3445883178711,227.79846305847167,58.82121654133513,4.9514940345347345,2885919600.0,3.877225615421196,-0.5825928032569117,4.459818418678108,264.1831654428816,275.2930282592773,286.40289107567304,8.071299797633955,0.6336637669648315,53.86385693300874,55.728035662590806,-0.002690246960942222,0
2025-12-11,277.514404296875,279.07150890817053,273.3022288840155,278.5824273392719,33248000,-0.74859619140625,-0.002690246960942222,275.74305094261337,266.8002896118164,227.9905517578125,57.24668676501643,5.0099073195076125,2852671600.0,3.57945834203764,-0.7042880613123739,4.283746403350014,264.42453175635313,275.52060546875,286.6166791811468,8.054623496140204,0.5898425370902816,53.83310727933528,53.92516487130672,0.0008992046267306542,1
2025-12-12,277.7639465332031,278.70220580092337,276.30666253778065,277.38464634485007,39532900,0.249542236328125,0.0008992046267306542,275.9355171893362,267.2274765014648,228.19910766601564,57.65361177555572,4.823167029767262,2892204500.0,3.325279849355468,-0.7667732431956367,4.0920530925511045,264.74337513441606,275.78661041259767,286.8298456907793,8.008536209687696,0.5895270303853857,50.87610112546083,52.85768844593495,-0.01498499906996098,0
2025-12-15,273.6016540527344,279.63046152672615,272.33402020742307,279.63046152672615,50409100,-4.16229248046875,-0.01498499906996098,275.71324450965983,267.55366790771484,228.3642714691162,49.23580645559509,4.99982947901982,2841795400.0,2.75620750081373,-1.0686764733898997,3.8248839742036296,264.92314681952206,275.87145233154297,286.8197578435639,7.93725151297149,0.39634020185514446,34.5174184123935,46.40887560572987,0.0018241281266524467,1
2025-12-16,274.1007385253906,274.9891026980292,271.2859911871425,272.3140798989353,37648600,0.49908447265625,0.0018241281266524467,275.559672511158,267.9163659667969,228.5508805847168,50.17519256594241,4.907206767010315,2879444000.0,2.3187563309622874,-1.2049021145930743,3.5236584455553617,266.0246351811009,276.22828979492186,286.4319444087428,7.387841861813924,0.3957456249719856,22.150570626984774,35.84803005494637,-0.010087028861802017,0
2025-12-17,271.33587646484375,275.6478724530811,271.13626563598973,274.50001118897205,50138700,-2.764862060546875,-0.010087028861802017,275.15740622103283,268.22795440673826,228.73411026000977,45.1865755162048,4.878949627730391,2829305300.0,1.7290405625055882,-1.435694306439819,3.1647348689454073,266.883914385067,276.44788055419923,286.0118467233315,6.9191821257296064,0.2327466451180838,8.660506337529307,21.77616512563586,0.001287574790797219,1
2025-12-18,271.68524169921875,273.12257373871984,266.4549687260805,273.1025913325419,51630700,0.349365234375,0.001287574790797219,274.82672388562196,268.51501922607423,228.92003173828124,45.91827467685716,5.006710726652459,2880936000.0,1.275177964177601,-1.511645523814245,2.786823487991846,267.58415990282793,276.6290451049805,285.67393030713305,6.539360462832115,0.22670723313408195,14.038101619894055,14.949726194802713,0.005437411303821804,1
2025-12-19,273.1625061035156,274.09077415448866,269.399477884542,271.6453053723066,144632000,1.477264404296875,0.005437411303821804,274.6682269539928,268.9118032836914,229.11537872314454,49.017344120199795,4.984181122602043,3025568000.0,1.0229001206545831,-1.4111386938698107,2.434038814524394,269.2520165562622,276.99935760498045,284.7466986536987,5.593761022194464,0.2523762360958915,18.7897573966991,13.829455118040821,-0.009865948891234266,0
2025-12-22,270.4674987792969,273.37210596231955,270.00836035897595,272.3539780142796,36571800,-2.69500732421875,-0.009865948891234266,274.2681576040218,269.42959197998044,229.27864891052246,44.05730504542474,4.868435728369297,2988996200.0,0.5986032188608874,-1.4683484765308052,2.0669516953916927,269.1426489587727,276.97340698242186,284.804165006071,5.654519767051945,0.08459269310346851,24.580821913284456,19.13622697662587,0.005129713035979311,1
2025-12-23,271.85491943359375,271.99467443806464,269.06012395403746,270.3377490962612,29642000,1.387420654296875,0.005129713035979311,274.03832539731434,269.92746368408206,229.5065016937256,47.02901396439888,4.730301068059146,3018638200.0,0.37003261330988835,-1.3575352656654436,1.727567878975332,268.67512150475176,276.7957366943359,284.9163518839201,5.8675868975190975,0.19578553192130907,26.662996387565915,23.34452523251649,0.005323781322749355,1
2025-12-24,273.3022155761719,274.9192064044749,271.69521595033444,271.8349404799371,17910600,1.447296142578125,0.005323781322749355,273.96821970006266,270.4520877075195,229.77461639404297,50.01207361485358,4.622707452779239,3036548800.0,0.3021900065076579,-1.1403022979741393,1.4424923044817972,268.37589689445133,276.6380279541016,284.9001590137518,5.973243173220608,0.298126394156297,32.44069134898817,27.894836549946177,-0.0014973926274014504,0
2025-12-26,272.8929748535156,274.859322715931,272.35396775197984,273.65157518449314,21521800,-0.40924072265625,-0.0014973926274014504,273.86581542896295,270.93721557617187,230.0598834991455,49.16889334462555,4.4714679892915195,3015027000.0,0.2129472226586131,-0.9836360654585472,1.1965832881171603,268.0127926912597,276.43091278076173,284.8490328702638,6.090577934876982,0.2898617571601203,42.5448749085165,33.88285421502352,0.001316908213532919,1
2025-12-29,273.2523498535156,273.8512128461511,271.8449608988494,272.1843267483383,23715200,0.359375,0.001316908213532919,273.8073901360632,271.46722412109375,230.38325569152832,49.96662906773187,4.295381129149388,3038742200.0,0.1692690048548684,-0.8218514266098336,0.991120431464702,267.69727634794197,276.1768859863281,284.65649562471424,6.140709138711856,0.3275547898116992,49.599439943112365,41.52833540020568,-0.0024840480713893553,0
2025-12-30,272.5735778808594,273.5717234473003,271.77507361210075,272.304089543875,22139600,-0.67877197265625,-0.0024840480713893553,273.68988420699617,271.8871307373047,230.68428413391112,48.42093558794139,4.116900322438686,3016602600.0,0.07897213548210402,-0.7297186367860784,0.8086907722681824,267.5951650096902,275.6768142700195,283.7584635303488,5.863133090629448,0.30800723409310027,48.96463634539404,47.036317065674304,-0.00446757506501283,0
2025-12-31,271.3558349609375,273.17246717497864,271.24605357156486,272.553621806917,27293600,-1.217742919921875,-0.00446757506501283,273.4675938026096,272.08424377441406,230.97668716430664,45.69018144341146,3.960436985365478,2989309000.0,-0.08981512770094469,-0.7188047199753017,0.628989592274357,268.10077845226573,274.9616424560547,281.8225064598436,4.990415348486635,0.2372191393732735,45.0757498198927,47.87994203613303,-0.003126592761770741,0
2026-01-02,270.5074157714844,277.32473598417806,268.5011336129586,271.75509761912826,37838100,-0.848419189453125,-0.003126592761770741,273.1856720853596,272.2538189697266,231.27136375427247,43.83531309420578,4.3078059414979055,2951470900.0,-0.28871249000638954,-0.7341616658245973,0.4454491758182077,268.44793474430656,274.3058609008789,280.1637870574512,4.271090772419985,0.17578584742547232,38.13120481358437,44.05719699295704,-0.013837114156417418,0
2026-01-05,266.7643737792969,271.0064921177503,265.6464557026853,270.1381104139889,45647200,-3.7430419921875,-0.013837114156417418,272.5741198657346,272.43468872070315,231.53464210510253,36.747436383996586,4.382965261038416,2905823700.0,-0.7398438303346779,-0.9482344049223086,0.2083905745876306,267.5531119138926,273.635107421875,279.71710292985733,4.445332739125088,-0.06484205172139323,25.31618578557583,36.174380139684295,-0.018334270451824564,0
2026-01-06,261.8734436035156,267.0538212812338,261.6338984265986,266.504853430471,52352100,-4.89093017578125,-0.018334270451824564,271.55500784076133,272.4952044677734,231.77913581848145,29.93601847721635,4.457033660581045,2853471600.0,-1.4750227140692118,-1.346730630925474,-0.12829208314373786,265.2203440715658,272.81562957763674,280.41091508370766,5.568072120962914,-0.22032749561389178,13.426126463709428,25.62450568762321,-0.007737497507594893,0
2026-01-07,259.8471984863281,263.1909919246956,259.32817380451803,262.71190159101934,48309800,-2.0262451171875,-0.007737497507594893,270.4399783784344,272.45057678222656,231.99275787353517,27.649459887557295,4.4145896934093685,2805161800.0,-2.195845977465069,-1.654043115457065,-0.5418028620080042,262.7689060861184,271.9392562866211,281.1096064871238,6.7444107376959535,-0.15930185521323573,4.134979924512062,14.292430724599107,-0.004955093401707855,0
2026-01-08,258.55963134765625,258.80916773471864,255.22581364132833,256.5433578451618,50419300,-1.287567138671875,-0.004955093401707855,269.3085167564555,272.2607360839844,232.18770683288574,26.27601756671653,4.429360775665828,2754742500.0,-2.838281571216669,-1.8371829673669318,-1.0010986038497371,260.44378097944264,271.03394012451173,281.6240992695808,7.814636897654976,-0.08895756928561685,6.49885376761523,8.01998671861224,0.0012738888084979916,1
2026-01-09,258.8890075683594,259.7274461787287,255.74485516422806,258.5995368285105,39997000,0.329376220703125,0.0012738888084979916,268.3161825480654,272.0736938476563,232.3692820739746,27.271278072260703,4.397448649868316,2794739500.0,-3.282994186080316,-1.825516465784463,-1.457477720295853,258.77604346050896,270.06524047851565,281.35443749652234,8.36034803886935,0.005003194986775166,11.515417111840321,7.383083601322537,0.0033929113461488303,1
2026-01-12,259.76739501953125,260.8154357257053,256.32378048041085,258.6794199598783,45263800,0.878387451171875,0.0033929113461488303,267.50201230725264,271.8902587890625,232.56629081726075,29.98579593331058,4.404177692398755,2840003300.0,-3.5239319174489196,-1.6531633577224532,-1.8707685597264665,257.58446421252484,269.1778900146484,280.771315816772,8.613951020637458,0.094145201093475,17.404458058404373,11.806242979286642,0.003073874731586601,1
2026-01-13,260.5658874511719,261.3244878277737,257.9108470550362,258.24022168851656,45730800,0.798492431640625,0.003073874731586601,266.84142898762593,271.6888897705078,232.7557529449463,32.45386120288381,4.3334250552800935,2885734100.0,-3.6088446250576,-1.3904608522649067,-2.218383772792693,256.8489402915187,268.3179870605469,279.7870338295751,8.548846758037246,0.16204254959054942,20.430632928517838,16.450169366254176,-0.004175458991876879,0
2026-01-14,259.4779052734375,261.33447181199796,256.23393227813756,259.0087756526009,40019400,-1.087982177734375,-0.004175458991876879,266.14014101484605,271.4863024902344,232.96936889648438,30.85772464597732,4.388218946607258,2845714700.0,-3.7210358417775637,-1.2021216551878964,-2.5189141865896674,255.79696941467512,267.611799621582,279.4266298284889,8.8298275514112,0.1557760794823156,21.31890807596889,19.717999687630364,-0.0067318453757286845,0
2026-01-15,257.73114013671875,260.5559089501236,256.5732877053955,260.1666175851947,39388600,-1.74676513671875,-0.0067318453757286845,265.33928378835776,271.27510620117187,233.15321220397948,28.439364510727675,4.359247682187316,2806326100.0,-3.9058730641679063,-1.109567102062591,-2.7963059621053152,254.6271865426081,266.79331970214844,278.95945286168876,9.12026820845647,0.1275653304713598,18.247483971780472,19.9990083254224,-0.0103790448074641,0
2026-01-16,255.05613708496094,258.41988279267105,254.45724364888233,257.4217372195352,72142800,-2.6750030517578125,-0.0103790448074641,264.35993648327235,270.9906649780273,233.3184083557129,25.184287988482826,4.330918500873131,2734183300.0,-4.219567734680368,-1.138609418060042,-3.080958316620326,252.98741895256455,265.9793327331543,278.97124651374406,9.769115251991392,0.07961560426482744,11.065672207364175,16.877354751704512,-0.03455564430294322,0
2026-01-20,246.2425079345703,254.31750190322293,242.9685916985444,252.26132447540706,80267500,-8.813629150390625,-0.03455564430294322,262.6344670976817,270.52795654296875,233.4360546875,17.910457583911732,4.884963278411946,2653915800.0,-5.120335198108137,-1.6315015051902488,-3.488833692917888,249.41950596864524,264.7071960449219,279.99488612119853,11.550641844796893,-0.1039070656921864,7.828397276916998,12.380517818687215,0.0038508468560267684,1
2026-01-21,247.1907501220703,251.09350304772093,244.72532928784554,248.23880604127606,54641700,0.9482421875,0.0038508468560267684,261.16363690952824,270.09159271240236,233.66139823913574,20.568580156248025,4.990906884230763,2708557500.0,-5.692070042553155,-1.7625890797082135,-3.9294809628449414,246.8546096746,263.4086082458496,279.96260681709924,12.569064224202668,0.01015284754385898,8.145901270194967,9.013323584825379,0.002826561879143208,1
2026-01-22,247.8894500732422,250.53452965267718,247.68980878155546,248.737864640942,39708300,0.698699951171875,0.002826561879143208,259.89942863940576,269.69512939453125,233.96389610290527,22.55841720329081,4.873254930400485,2748265800.0,-6.019406804431668,-1.671940673269381,-4.347466131162287,244.75428276778274,262.2797058105469,279.80512885331103,13.363918484355267,0.0894462660846834,12.047270624061165,9.340523057057709,-0.0012482700788880585,0
2026-01-23,247.58001708984375,248.94748685874615,244.22624741136653,246.86136630134166,41689000,-0.3094329833984375,-0.0012482700788880585,258.7261513489713,269.26812255859375,234.2992649078369,22.292077260985597,4.86239668161328,2706576800.0,-6.231954114500098,-1.5075903866702483,-4.72436372782985,243.00697482754788,261.0659606933594,279.1249465591709,13.834806972038056,0.12661403847027083,14.353192863071797,11.515454919109308,0.0297129735567756,1
2026-01-26,254.9363555908203,256.08421686766076,249.336758511775,251.01363570547153,55969200,7.3563385009765625,0.0297129735567756,258.3652184196236,268.8720584106445,234.7163777923584,40.32926571626751,5.122525474199261,2762546000.0,-5.7406299429430305,-0.8130129720905446,-4.927616970852486,242.81783366710965,260.1476676940918,277.47750172107396,13.323074683383549,0.34964333486525023,26.819806565689067,17.740090017607343,0.011197539980376536,1
2026-01-27,257.791015625,261.46421404872183,257.73112933459527,258.68937090303496,49648300,2.8546600341796875,0.011197539980376536,258.31053243918325,268.5686215209961,235.01630859375,45.605631058485635,5.222906401606565,2812194300.0,-5.062546900472967,-0.10794394369638383,-4.954602956776583,243.06269996727323,259.392569732666,275.7224394980588,12.590853918616562,0.4509624347690719,46.47779808077107,29.216932503177315,-0.007085403423770176,0
2026-01-28,255.96446228027344,258.3799575946877,254.03803333601454,257.17220993748055,41288000,-1.8265533447265625,-0.007085403423770176,258.0870971859538,268.23903381347657,235.34903511047364,42.98643757829747,5.159979105682751,2770906300.0,-4.619300374464956,0.2682420658493019,-4.887542440314258,243.44150510743827,258.5281753540039,273.61484560056954,11.671200035282329,0.4150338334492968,64.41695207057259,45.904852239010914,0.007175070687510443,1
2026-01-29,257.801025390625,259.16847988830324,253.93820707645818,257.52154586161765,67253000,1.8365631103515625,0.007175070687510443,258.05985225306534,267.9569580078125,235.65249755859375,46.32441994107352,5.165000084694345,2838159300.0,-4.072879396573512,0.6517304349925972,-4.724609831566109,244.1485646621539,257.7895477294922,271.4305307968305,10.58303813128396,0.5004207050575513,74.58530831028999,61.82668615387788,0.0046461584937966816,1
2026-01-30,258.9988098144531,261.41430490835,251.7123292610244,254.69678984095313,92443400,1.197784423828125,0.0046461584937966816,258.1492767827213,267.7976544189453,235.94021385192872,48.44443477525526,5.489069767739435,2930602700.0,-3.5028074581870783,0.9774418987032245,-4.480249356890303,245.0048114374719,257.171696472168,269.33858150686405,9.462071605545303,0.5750855020440653,79.04306860536227,72.6817763287416,0.04058126002356821,1
2026-02-02,269.5093078613281,269.98839826257677,258.7293169184304,259.5478036352127,73913400,10.510498046875,0.04058126002356821,259.2311845044934,267.8489593505859,236.28237258911133,62.45706573395767,5.901213451768501,3004516100.0,-2.1778075772710963,1.8419534236953652,-4.0197610009664615,245.16778846809999,257.12179107666014,269.07579368522033,9.298319336143798,1.0181325950103672,88.36384061854763,80.66407251139997,-0.0019629088916998105,0
2026-02-03,268.98028564453125,271.3758289780004,267.11372779647115,268.70080609664296,64394700,-0.529022216796875,-0.0019629088916998105,260.15967032735415,267.86732604980466,236.6610294342041,61.550270155377746,5.784134003894271,2940121400.0,-1.1570851399757203,2.2901406887925932,-3.4472258287683135,244.8884393053071,257.2325866699219,269.5767340345367,9.597654421952905,0.975840842936014,92.15478849621887,86.52056590670959,0.02601286642781786,1
2026-02-04,275.97723388671875,278.432693698261,271.7850411492978,271.7850411492978,90545700,6.9969482421875,0.02601286642781786,261.66610495205555,268.0717456054688,237.06119216918944,68.13906226018705,6.046153578882519,3030667100.0,0.2139734400738007,2.9289594150736917,-2.714985974999891,243.22881108124025,257.93777618408205,272.6467412869238,11.40504917150597,1.1132130158889109,94.29007981399509,91.60290297625386,-0.002097593092373451,0
2026-02-05,275.3983459472656,278.98168486317746,272.72332314901723,277.6142303156022,52977400,-0.578887939453125,-0.002097593092373451,262.97393742778985,268.1599822998047,237.47746017456055,67.11435815382012,6.061311302830927,2977689700.0,1.2395470966226299,3.163626457298017,-1.924079360675387,242.15694012333117,258.71533355712893,275.2737269909267,12.800473173455249,1.003763014716287,91.56441575198765,92.6697613540672,0.008009748840153375,1
2026-02-06,277.6042175292969,280.3890519626743,276.4164219647768,276.6060720438839,50453400,2.20587158203125,0.008009748840153375,264.3672974374572,268.2039001464844,237.8720304107666,69.02584866972416,5.984839496586479,3028143100.0,2.204900291669105,3.3031837218755937,-1.0982834302064886,241.17684710431206,259.6675628662109,278.15827862810977,14.241837184281556,0.9850178569086393,91.89469997079625,92.58306517892633,-0.01166048390953256,0
2026-02-09,274.3672180175781,277.9439398399519,271.4499228389202,277.6541982366954,44623400,-3.23699951171875,-0.01166048390953256,265.3196708260401,268.16211669921876,238.2262434387207,63.218754707737006,6.0212093183325655,2983519700.0,2.6778818903670185,3.0209322564588055,-0.3430503660917872,240.88116761284888,260.44147338867185,280.0017791644948,15.020883979282347,0.8559695024328011,88.65195973674243,90.7036918198421,-0.003422959769044165,0
2026-02-10,273.4280700683594,275.11651686144285,272.68876099546605,274.6369782150198,34376900,-0.93914794921875,-0.003422959769044165,266.0918993253086,268.0899725341797,238.55700981140137,61.5995538366269,5.764534071735724,2949142800.0,2.9430165613138115,2.628853541924479,0.31416301938933255,240.7682087558365,261.12450714111327,281.48080552639004,15.59125844459793,0.8022053099827073,85.55232316551188,88.69966095768352,0.006650117732854843,1
2026-02-11,275.24639892578125,279.92208361183503,274.1973776592452,274.44714753122867,51931300,1.818328857421875,0.006650117732854843,266.9637564301155,268.0282427978516,238.8923416900635,63.54634331847129,5.816639748288577,3001074100.0,3.2622563797552857,2.3584746882927625,0.9037816914625233,240.59713896695328,261.85853271484376,283.11992646273427,16.23883974866958,0.8148398070626435,83.29271461731935,85.83233250652455,-0.04998173910671744,0
2026-02-12,261.4891052246094,275.46621856633783,259.94051360693726,275.3363333447182,81077200,-13.757293701171875,-0.04998173910671744,266.44236107721014,267.6065246582031,239.15460975646974,44.97028330053515,6.510144406225148,2919996900.0,2.3777484051670967,1.1791733709636587,1.198575034203438,240.72468118814407,261.95909271240237,283.19350423666066,16.21200570241016,0.48893335265599247,68.5550853872263,79.13337439001918,-0.022733450234726726,0
2026-02-13,255.5445556640625,261.9886306947134,255.21485759663088,261.7688319830923,56290700,-5.944549560546875,-0.022733450234726726,265.40447484738655,267.00423034667966,239.3818330383301,39.58548284864505,6.528975027072102,2863706200.0,1.1834518971108992,-0.012098509674031144,1.1955504067849303,240.50716379291592,261.84976348876955,283.1923631846232,16.301408419464934,0.3522858528351629,46.092603353282065,65.98013445260924,0.03166790148756515,1
2026-02-17,263.6371154785156,266.0449008431299,255.30478047881587,257.8124646511843,58469100,8.092559814453125,0.03166790148756515,265.2361549074941,266.60451171875,239.64310310363769,48.607353960990885,6.829771122589381,2922175300.0,0.8798232005319733,-0.2525817650023656,1.132404965534339,241.15587503317462,262.27881240844727,283.40174978371994,16.107238843508156,0.5321523244124756,31.360716702125032,48.6694684808778,0.0017811375828364895,1
2026-02-18,264.106689453125,266.57441720150126,262.20844437502524,263.35737977838915,34203300,0.469573974609375,0.0017811375828364895,265.12858676898276,266.283056640625,239.9026425933838,49.08249788910025,6.653785530009856,2956378600.0,0.6693698869357831,-0.37042806287884456,1.0397979498146277,243.36740565349544,263.172021484375,282.9766373152546,15.050700085195354,0.523597225432988,32.72267558316014,36.72533187952241,-0.014261551090285374,0
2026-02-19,260.3401184082031,264.2365527856389,259.81060750150084,262.35827847824623,30845300,-3.766571044921875,-0.014261551090285374,264.67254216319424,265.92459899902343,240.18298973083495,45.452481143711296,6.494654083876155,2925533300.0,0.19638945945854402,-0.674726792284867,0.871116251743411,245.36283136279798,263.82948989868163,282.2961484345653,13.99893434428077,0.4055223909702424,38.29695591967005,34.12678273498507,0.015350449692731916,1
2026-02-20,264.3364562988281,264.5063132392292,257.9223826043077,258.73163460792017,42070500,3.996337890625,0.015350449692731916,264.64053398563556,265.66383483886716,240.51544883728027,49.70284502761383,6.501030980379394,2967603800.0,0.14237887696117468,-0.5829898998257891,0.7253687767869638,247.69463329366906,264.65184020996094,281.6090471262528,12.814728137041408,0.4907005937743854,36.51376281499454,35.84446477260824,0.006047257970275721,1
2026-02-23,265.9349670410156,269.1819753311392,263.13755670993424,263.24744081710827,37308200,1.5985107421875,0.006047257970275721,264.7638133242432,265.44921508789065,240.85779052734375,51.336253101633304,6.468415811866934,3004912000.0,0.2259568686609441,-0.39952952650081575,0.6254863951617599,250.52905319278776,265.56958770751953,280.6101222222513,11.327000689021961,0.5121464876510283,36.30134459845945,37.03735444437468,0.02239103564464129,1
2026-02-24,271.8895263671875,274.6369951599546,267.46358073991865,267.61343657617186,47014600,5.954559326171875,0.02239103564464129,265.44245266166644,265.3217456054688,241.24114562988282,56.945317424159676,6.627959548086366,3051926600.0,0.7638707757139969,0.11070750444178956,0.6531632712722073,251.97014347872445,266.41724624633787,280.8643490139513,10.845471133092621,0.6893902261537523,48.351599507250874,40.38890230690162,0.007679860855135612,1
2026-02-25,273.97760009765625,274.6869380517792,270.8005039088116,271.5298429675081,33714300,2.08807373046875,0.007679860855135612,266.2553238460464,265.2510095214844,241.62877365112305,58.74121750651088,6.4321363048635956,3085640900.0,1.3431781996166592,0.5520119426755615,0.7911662569410977,252.9911217598143,267.2265754699707,281.46202918012716,10.654220064093982,0.7371201074844891,61.11750793268293,48.59015067946442,-0.0046676776162442035,0
2026-02-26,272.6987609863281,275.8558253670768,270.55071567552415,274.6969199809464,32345100,-1.278839111328125,-0.0046676776162442035,266.86898452607323,265.1497058105469,242.00483474731445,57.16842028216424,6.351634403912815,3053295800.0,1.6797290077579419,0.7108502006534754,0.9688788071044665,254.62938929771175,268.06329040527345,281.4971915128352,10.022932336055092,0.6725288337296691,70.0734965493911,59.8475346631083,-0.03213044438249635,0
2026-02-27,263.93682861328125,272.5588900215503,262.6480379442022,272.5588900215503,72366500,-8.761932373046875,-0.03213044438249635,266.5897315819978,264.9564093017578,242.27473365783692,47.737426414835056,6.615855020928037,2980929300.0,1.2253086367109063,0.2051438636851517,1.0201647730257546,255.625044713422,268.3700805664063,281.1151164193906,9.498104875241948,0.32607926708629154,59.76154540292574,63.65084996166659,0.0020440108677830526,1
2026-03-02,264.476318359375,266.2846497598317,259.960490133898,262.16844722421786,41827900,0.53948974609375,0.0020440108677830526,266.3884541322242,264.7639208984375,242.5366722869873,48.30292976672905,6.595019635571299,3022757200.0,0.8983538683515349,-0.09744872373937574,0.9958025920909106,256.4947156215568,268.64395599365236,280.7931963657479,9.044864104355751,0.32848155495179737,47.412604092436716,59.08254868158451,-0.003664168116717992,0
2026-03-03,263.5072326660156,265.31556422164516,259.8905695547566,263.23749216234586,38568900,-0.969085693359375,-0.003664168116717992,266.1140520878234,264.60734802246094,242.796753616333,47.31258873369456,6.511446423522532,2984188300.0,0.5546490928920207,-0.35292279935911197,0.9075718922511327,255.99997881058826,268.3438522338867,280.6877256571852,9.20004190186524,0.3040882548770221,35.449557459573235,47.54123565164523,-0.0046635601744375865,0
2026-03-04,262.2783508300781,265.9050144519466,261.179387723623,264.4063951364299,39803100,-1.2288818359375,-0.0046635601744375865,265.7487472061334,264.4192102050781,243.0550730895996,46.0239597135876,6.383887873865467,2944385200.0,0.18101347742424423,-0.5812467318615109,0.7622602092857551,255.39134277317564,268.0087554931641,280.6261682131525,9.415672034125203,0.27291680987783395,35.089374219412036,39.31717859047399,-0.008494547048829904,0
2026-03-05,260.0504150390625,261.3192350446657,257.01320478174756,260.54995479568396,49658600,-2.227935791015625,-0.008494547048829904,265.20604890450755,264.15696838378904,243.3031990814209,43.700095180628644,6.303977743470117,2894726600.0,-0.291510882438331,-0.8430168733792689,0.5515059909409379,254.6972167842482,267.21241455078126,279.7276123173143,9.367227782116876,0.21386790503340272,30.403428755018926,33.6474534780014,-0.010872595974432131,0
2026-03-06,257.2229919433594,258.53178361058343,254.13584003818684,258.39192833924307,41120000,-2.827423095703125,-0.010872595974432131,264.4457577653506,263.8920782470703,243.54953903198242,40.879108369135125,6.276163261856227,2853606600.0,-0.8839496348945772,-1.148364500668412,0.2644148657738349,253.6591793472031,266.30364685058595,278.9481143539688,9.496278141828999,0.14092379118388482,23.953717496786535,29.815506823739167,0.009399570490431275,1
2026-03-09,259.6407775878906,260.9095975388004,253.44647267699952,255.45463216869055,38218500,2.41778564453125,0.009399570490431275,263.98814060559255,263.6477954101563,243.8175299835205,44.196464266267455,6.360946233280847,2891825100.0,-1.1451657612165604,-1.1276645015923163,-0.017501259624244203,253.57357337791728,265.4054748535156,277.23737632911394,8.91609450191536,0.25639176519877704,21.760670600227247,25.372605617344234,0.0036555398041986376,1
2026-03-10,260.58990478515625,262.2384104290217,256.71350175461305,257.4128391437035,30590800,0.949127197265625,0.0036555398041986376,263.66449909888433,263.39354919433595,244.1140222930908,45.48953500808838,6.301229264789977,2922415900.0,-1.2610580978839039,-0.9948454706077277,-0.2662126272761762,253.461782501174,264.7166091918945,275.971435882615,8.503302248452284,0.3166695711920337,24.577344713559125,23.430577603524302,-7.670678451010549e-05,0
2026-03-11,260.5699157714844,261.888707997661,259.3110658747261,260.8496568052655,26218900,-0.019989013671875,-7.670678451010549e-05,263.3697768772272,263.1470880126953,244.4140502166748,45.465640641999855,6.035258754657471,2896197000.0,-1.3390804698918828,-0.8582942740925652,-0.48078619579931753,253.43044513028028,264.0737014770508,274.71695782382136,8.060822631893537,0.33539879190124045,30.43547694350669,25.59116408576435,-0.01936274610273292,0
2026-03-12,255.52456665039062,258.71164792954545,253.94601921584928,258.4219063383753,40794000,-5.04534912109375,-0.01936274610273292,262.62261399848086,262.7925323486328,244.7191812133789,39.7851075536784,6.077304311870159,2855403000.0,-1.7874269252002932,-1.0453125835207806,-0.7421143416795127,253.1356700231901,263.0876098632813,273.0395497033724,7.565494889905975,0.12002165736457275,24.312719488278887,26.441847048448235,-0.022051876328148423,0
2026-03-13,249.8897705078125,256.0940459350445,249.29033192864068,255.24483747003174,36930000,-5.634796142578125,-0.022051876328148423,261.4099622374648,262.3388562011719,244.9715357208252,34.58757142777071,6.129190718622564,2818473000.0,-2.56782538531769,-1.4605688349105417,-1.107256550407148,251.01759481437273,262.5076431274414,273.99769144051004,8.754067634892065,-0.049078310022310924,14.439200614614274,23.062465682133283,0.010794859745288043,1
2026-03-16,252.58729553222656,253.6563027081548,249.6499992581203,251.87794235419486,32074200,2.6975250244140625,0.010794859745288043,260.5697082655374,261.96348541259766,245.23633201599122,38.71520979690882,5.9775559137234175,2850547200.0,-2.9347985314926746,-1.4620335848684212,-1.4727649466242534,250.4467830907475,262.3597801208496,274.27277715095175,9.08142019681119,0.08983937610621244,7.980162883599644,15.577360995497601,0.005577047742174601,1
2026-03-17,253.99598693847656,254.89516767044782,251.94787083452104,252.72716690012706,32361600,1.40869140625,0.005577047742174601,259.943639567722,261.6332568359375,245.5105125427246,40.81552386588833,5.761108836737943,2882908800.0,-3.076493863963208,-1.2829831338711635,-1.7935107300920443,249.4417165050318,261.87772369384766,274.31373088266355,9.497567806381571,0.18310822614916866,10.793522070938044,11.070961856383988,-0.01687444479508171,0
2026-03-18,249.70994567871094,254.70534343896443,248.7708084606242,252.3974721128864,35757900,-4.286041259765625,-0.01687444479508171,258.96900205448287,261.29216827392577,245.75878051757812,36.69490479044533,5.773496418280963,2847150900.0,-3.4943553917323698,-1.36067572931226,-2.1336796624201098,247.6968717149582,261.15788650512695,274.6189012952957,10.308717818410194,0.07477422746845877,11.357347426474668,10.043677460337452,-0.003920930967820313,0
2026-03-19,248.73085021972656,251.5982036354298,247.0723745163624,249.17043241392184,34864100,-0.979095458984375,-0.003920930967820313,257.99393997498225,261.02931640625,245.99791984558107,35.80561840252828,5.6843773254799945,2812286800.0,-3.8600225467783957,-1.3810743074866285,-2.478948239291767,246.06523286341618,260.5774230957031,275.08961332799004,11.13848625861726,0.0918406289348342,10.097905974639739,10.749591824017484,-0.0038962445152316283,0
2026-03-20,247.76173400878906,248.97061168291066,245.77356028907465,247.7517334570195,88331100,-0.9691162109375,-0.0038962445152316283,257.01944416867815,260.78760711669923,246.22439460754396,34.90395179737046,5.506711187505424,2723955700.0,-4.17983346232478,-1.36070817842641,-2.81912528389837,244.3253681950833,259.74868698120116,275.172005767319,11.875570163890043,0.11140163350571282,7.485421280893012,9.64689156066914,0.014113480475494988,1
2026-03-23,251.25851440429688,254.3656523266213,250.0496214753341,253.73622734962268,40546100,3.4967803955078125,0.014113480475494988,256.470784191118,260.641584777832,246.47059440612793,40.70601711467077,5.5850831253859115,2764501800.0,-4.10381869552063,-1.0277547292978078,-3.076063966222822,243.4428582602427,259.0148643493652,274.5868704384877,12.02402505218282,0.25095212843236786,15.251341570284557,10.944889608605768,0.0005964238375686381,1
2026-03-24,251.4083709716797,254.5954370944537,249.32029842391177,250.1195650925759,45152300,0.1498565673828125,0.0005964238375686381,255.98864959879057,260.4919720458984,246.72845024108886,40.94892850323761,5.562944235754199,2809654100.0,-3.9855414318740827,-0.7275819725210084,-3.2579594593530743,243.26963270443156,257.99080657958984,272.71198045474813,11.41216934845841,0.2764296630237519,23.78164094450035,15.506134598559306,0.0038944425565474727,1
2026-03-25,252.38746643066406,254.76528059453105,251.3684162845015,253.86611511385965,28476700,0.979095458984375,0.0038944425565474727,255.6456797732547,260.3443734741211,246.97481658935547,42.60339285179812,5.408224241059581,2838130800.0,-3.769350303435772,-0.4091126752661576,-3.3602376281696142,243.98011308635645,256.9112998962402,269.84248670612396,10.066654767701012,0.32508049987653015,33.87960642738427,24.304196314056394,0.0010688333127273353,1
2026-03-26,252.6572265625,256.76344411909713,250.53918279672283,251.88793104116345,41796700,0.2697601318359375,0.0010688333127273353,255.36106518175424,260.18620025634766,247.23483291625976,43.07660710933124,5.466512604010632,2879927500.0,-3.535494903932346,-0.14020582061018505,-3.3952890833221607,245.09397450740104,255.90922317504882,266.72447184269663,8.452410220674127,0.34965687278755314,38.733793373964126,32.13168024861625,-0.016173068672430957,0
2026-03-27,248.57098388671875,255.2548282141602,247.8416601166152,253.666280215245,47900000,-4.08624267578125,-0.016173068672430957,254.71439077270324,259.96806182861326,247.46834213256835,37.96988780285519,5.605559424977373,2832027500.0,-3.637952398071093,-0.19413065179914524,-3.4438217462719476,244.53480189662343,255.14093093872071,265.747059980818,8.313937715187407,0.19027592319851652,32.98946113317265,35.20095364484035,-0.008721851736991693,0
2026-03-30,246.40298461914062,250.63907198816298,245.28400520065438,249.83982057534305,39446200,-2.167999267578125,-0.008721851736991693,253.92282828188775,259.7414987182617,247.71038452148437,35.56111662011733,5.587667093729604,2792581300.0,-3.849713027096925,-0.32471302465998164,-3.5250000024369434,243.89009222980894,254.23726425170898,264.584436273609,8.139776088571944,0.12142894618998726,21.84582028617014,31.189691597768974,0.029031290418426448,1
2026-03-31,253.55638122558594,255.24482803058763,246.87255213324852,247.6818040942864,49598100,7.1533966064453125,0.029031290418426448,253.88792856223995,259.71150360107424,247.98610214233398,47.414895705749686,5.820108259280847,2842179400.0,-3.4011096535733714,0.09911227909085785,-3.500221932664229,244.30679891601028,253.7397216796875,263.17264444336473,7.435117135964254,0.4902818851222049,28.44542275499798,27.760234724780258,0.007250134515282447,1
2026-04-01,255.3946990966797,255.94418062939917,253.096813183035,253.8461228128272,40059400,1.83831787109375,0.007250134515282447,254.03143051790087,259.8945474243164,248.28470703125,49.96230710865538,5.607769629786797,2882238800.0,-2.864234249801626,0.5087901462900826,-3.373024396091709,244.76580342208285,253.3955390930176,262.0252747639523,6.811276711360647,0.6158297356890862,52.140847585756774,34.14403020897496,0.0011344553655323608,1
2026-04-02,255.68443298339844,255.89424639361263,250.4192795609811,253.96601496217014,31289400,0.28973388671875,0.0011344553655323608,254.18885932413872,260.06442108154295,248.5749494934082,50.370382721595696,5.598283715704278,2913528200.0,-2.387851851327099,0.7881380358116878,-3.175989887138787,245.0242005549112,253.17723999023437,261.33027942555753,6.440578494052346,0.6537581789621683,80.0947003099569,53.56032355023723,0.011487876222620041,1
2026-04-06,258.6217041015625,261.9186847371787,256.2239194053331,256.27389167390277,29329900,2.9372711181640625,0.011487876222620041,254.6110350172267,260.27906616210936,248.89372337341308,54.42799826462338,5.643710004138277,2942858100.0,-1.753093565588074,1.1383170572405703,-2.8914106228286443,244.9340952908466,253.24717559814454,261.5602559054425,6.5651909346378865,0.8232573429309786,86.28570577749394,72.84041789106921,-0.0207060792616357,0
2026-04-07,253.26666259765625,255.96418954301222,245.47383916108728,255.92421782448065,62148000,-5.35504150390625,-0.0207060792616357,254.48299954869617,260.39279907226563,249.18104072570802,46.899599825170924,6.179721071019487,2880710100.0,-1.6629803441316255,0.9827442229576153,-2.645724567089241,245.14865896118377,252.9284698486328,260.7082807360818,6.151787414129307,0.5217352808388351,72.92287016921496,79.76775875222194,0.021301735790709264,1
2026-04-08,258.66168212890625,259.51090582044134,256.29386854025813,258.2121146377317,41032800,5.39501953125,0.021301735790709264,254.88096931823998,260.46730560302734,249.4733203125,53.82856626543709,6.184329796145602,2921742900.0,-1.1430555459776315,1.2021352168892876,-2.345190762866919,245.394135311323,252.83205871582032,260.26998212031765,5.883686936123435,0.891885146972679,69.52950942031745,76.24602845567546,0.006141348347641795,1
2026-04-09,260.2502136230469,260.879638597066,255.8342992320816,258.7615948993736,28121600,1.588531494140625,0.006141348347641795,255.3923259186978,260.5164895629883,249.77105255126952,55.663090985161276,6.1029733367769445,2949864500.0,-0.5959603222961789,1.399384352456592,-1.995344674752771,245.44365198729756,252.81607360839843,260.1884952294993,5.83224121463136,1.0041857612545453,72.79279144489489,71.7483903448091,-3.834482173115106e-05,0
2026-04-10,260.240234375,261.94865175168746,258.78155637925676,259.7406946341393,31291500,-0.009979248046875,-3.834482173115106e-05,255.85403148596467,260.6020050048828,250.074711227417,55.648132504874546,5.893267767895071,2918573000.0,-0.1613289580332662,1.467212573375604,-1.6285415314088703,245.07146408172346,253.0518569946289,261.0322499075344,6.307318197688503,0.9503774099108846,86.71286104015655,76.3450539684563,-0.004913954203973225,0
2026-04-13,258.96142578125,259.9405042051452,256.4237552437805,259.49093671136296,36234700,-1.27880859375,-0.004913954203973225,256.14997379980133,260.6252130126953,250.3657007598877,53.6581544050251,5.7449257224182455,2882338300.0,0.07901947609610716,1.366048806003982,-1.2870293299078748,245.2684157684674,253.50543975830078,261.7424637481341,6.498498807510222,0.8311867265218206,87.26421598303062,82.25662282269401,-0.00142758690909639,0
2026-04-14,258.59173583984375,261.68888841493145,256.9532612999924,259.01136264890187,48370700,-0.36968994140625,-0.00142758690909639,256.38252256551965,260.6170715332031,250.65763061523438,53.067352488473325,5.672832964741161,2833967600.0,0.2369352114858998,1.2191716331150197,-0.9822364216291198,245.29134941290567,253.80566177368163,262.3199741344576,6.70931633382408,0.7810605168898179,83.89292919332989,85.95666873883903,0.02936295529114541,1
2026-04-15,266.18475341796875,266.3146386359468,257.57269269729437,257.92237663273806,49913500,7.593017578125,0.02936295529114541,257.316068360991,260.55058044433594,250.98712715148926,62.25878999461594,5.892055320020536,2883881100.0,0.9636690535764387,1.556724380164447,-0.5930553265880082,244.33298762318904,254.41510009765625,264.4972125721235,7.9257186154416495,1.0836898442721667,87.10431143329735,86.0871522032193,-0.011372633634406881,0
2026-04-16,263.15753173828125,266.91408037974617,261.0294875448873,266.55439590858066,43323100,-3.0272216796875,-0.011372633634406881,257.8723982064472,260.43412536621094,251.28111854553222,57.42976014003867,5.8915222853661335,2840558000.0,1.280577667050352,1.498906394910688,-0.2183287278603362,244.56612289035112,255.08747940063478,265.6088359109184,8.249214375401802,0.8835081688258909,87.29040518299189,86.09588193653973,0.02593021154924191,1
2026-04-17,269.98126220703125,272.0493335842862,266.47448343207725,266.7142527536172,61436200,6.82373046875,0.02593021154924191,259.02562334936,260.3142059326172,251.59603088378907,64.17513513027404,6.105827968268907,2901994200.0,2.0586175848911807,1.8215570502012135,0.2370605346899672,244.21405642321085,256.15,268.08594357678913,9.319495277602298,1.0793954251730793,91.42949074116494,88.60806911915138,0.010435475371396441,1
2026-04-20,272.79864501953125,274.0275237795767,270.04120633500696,270.08114756253855,36590200,2.8173828125,0.010435475371396441,260.3373396989001,260.2622119140625,251.90202140808105,66.53303323447977,5.95871608286009,2938584400.0,2.869481476106671,2.105936753133363,0.763544722973308,244.07663805241137,257.40184555053713,270.72705304866287,10.353622344568262,1.077732071757973,90.20077463118393,89.64022351844693,-0.025196703995697067,0
2026-04-21,265.9250183105469,272.5488901425708,265.1557075406741,271.250098918132,50209800,-6.873626708984375,-0.025196703995697067,260.869499566676,260.0286279296875,252.1681157684326,56.7238867704905,6.079017611145595,2888374600.0,2.923749556814016,1.7281638670725665,1.1955856897414496,244.6299538736662,258.1351707458496,271.64038761803306,10.463678260627386,0.7884014243689015,86.5310597320613,89.38710836813674,0.026298995241013978,1
2026-04-22,272.9185791015625,273.48803128351057,266.62435952726383,267.5734973129919,43249200,6.993560791015625,0.026298995241013978,262.01703095095087,259.99965515136716,252.48710678100585,62.742598614612895,6.185017279846887,2931623800.0,3.4908390899071833,1.836202720132587,1.6546363697745963,244.63591330826483,259.21068115234374,273.78544899642264,11.245499436431787,0.9702612794888422,87.81204708886146,88.1812938173689,0.0009516944880663125,1
2026-04-23,273.1783142089844,275.5161566987003,271.39995382845746,274.79681820267325,33399600,0.259735107421875,0.0009516944880663125,263.08001030885885,259.9946600341797,252.80709770202637,62.94869755858473,6.037244822018026,2965023400.0,3.916077973806921,1.8091532832258594,2.1069246905810615,244.82916757842935,260.25022354125974,275.67127950409014,11.850945411684197,0.9191700846843889,86.65268611730919,86.99859764607731,-0.008667702544387201,0
2026-04-24,270.81048583984375,272.80864483253174,269.4017800912603,272.50893317942314,38157100,-2.367828369140625,-0.008667702544387201,263.8162460737145,259.90594177246095,253.10962173461914,59.706148821853404,5.875765485997029,2926866300.0,4.015728078767779,1.5270427105493738,2.4886853682184054,245.49625612627017,261.15788650512695,276.81951688398374,11.993993816111942,0.8081607438440066,90.8903251493253,88.45168611849867,-0.012727861582674027,0
2026-04-27,267.3636474609375,268.1129570778125,264.8260075108844,265.84505761361925,41466800,-3.44683837890625,-0.012727861582674027,264.1540938248786,260.0234326171875,253.38858673095703,55.24498656054603,5.8835306890657675,2885399500.0,3.773076773752962,1.027513124427645,2.745563649325317,247.3404436053979,262.0975196838379,276.85459576227794,11.26075217822827,0.678427208381522,78.37775048015247,85.30692058226232,0.011584102768505522,1
2026-04-28,270.4608154296875,272.97851539952296,268.4127145556596,272.0893199684016,40018900,3.09716796875,0.011584102768505522,264.75473397771754,260.3217578125,253.68926277160645,58.2627248640378,5.864340492602889,2925418400.0,3.7870348568039844,0.8331769659829336,2.953857890821051,250.00722653750842,263.30041122436523,276.59359591122205,10.097352013270761,0.7693261386942841,72.40993245804341,80.55933602917374,-0.001994705758897597,0
2026-04-29,269.92132568359375,270.7905199823619,266.7942019267937,267.3037117460274,30047900,-0.53948974609375,-0.001994705758897597,265.24679033065814,260.44744201660154,253.9998913574219,57.53498691749748,5.730910318528984,2895370500.0,3.711777365411365,0.6063355796722512,3.1054417857391137,251.31988027981504,264.1186584472656,276.91743661471617,9.69168800318285,0.7266883276047905,67.86310176092444,72.88359489970678,0.004367659937802859,1
2026-04-30,271.1002502441406,275.7459641951834,267.893213328058,270.25102650288807,91848200,1.178924560546875,0.004367659937802859,265.80426270337074,260.5873132324219,254.31397415161132,58.74759648449284,5.882470357714443,2987218700.0,3.7045607503136466,0.47929517165962654,3.22526557865402,252.41918087429443,264.9039360046387,277.388691134983,9.425873634528152,0.7481552170951968,73.65578604611751,71.30960675502847,0.03239351812191993,1
