Date,Close,High,Low,Open,Volume,Daily_Change_USD,Daily_Return_Pct,EMA_20,SMA_50,SMA_200,RSI_14,ATR_14,OBV,MACD_12_26_9,MACDh_12_26_9,MACDs_12_26_9,BBL_20_2.0,BBM_20_2.0,BBU_20_2.0,BBB_20_2.0,BBP_20_2.0,STOCHk_14_3_3,STOCHd_14_3_3,Target_Forward_Return,Target_Direction
2023-05-01,106.25777435302734,107.0408316423043,105.88111704371835,105.90093792848754,26681700,-0.13877105712890625,-0.0013042816060798712,104.17040855352886,99.29611709594727,99.72445808410644,58.28694365352055,2.664820287946464,-456146100.0,1.4237395950538172,-0.17113300936094822,1.5948726044147654,101.83620945323788,104.85571823120117,107.87522700916445,5.759359296562975,0.7321662602967978,75.2243771469637,55.926845520698826,-0.017537204847502652,0
2023-05-02,104.3943099975586,106.25778337997941,102.79846017510972,106.19831315828286,30997200,-1.86346435546875,-0.017537204847502652,104.19173250057932,99.5135888671875,99.69245433807373,52.622773297584494,2.7215704962981233,-487143300.0,1.275937998383995,-0.25514768482461636,1.5310856832086113,101.9449766592016,104.90329666137696,107.86161666355231,5.640089675588895,0.4139736973275226,63.232845073106695,65.01489474441821,0.0008546264604893938,1
2023-05-03,104.48352813720703,106.54524073699993,104.03747876508014,104.60246858657061,21795400,0.0892181396484375,0.0008546264604893938,104.21952256121052,99.78359481811523,99.67451343536376,52.858973797566854,2.706298458842528,-465347900.0,1.1527155392170982,-0.3026961151932106,1.4554116544103088,102.01540834378376,104.93749389648437,107.85957944918498,5.569192562542232,0.42232161737054885,53.03749339299518,63.83157187102186,-0.006830443381515616,0
2023-05-04,103.76985931396484,104.67185719426804,103.05618634008118,104.56282340312815,23419500,-0.7136688232421875,-0.006830443381515616,104.17669749004428,100.04210296630859,99.62931434631348,50.682288521545566,2.628396487081409,-488767400.0,0.9861065207597051,-0.375444106920483,1.361550627680188,102.04551043015535,104.94839706420899,107.85128369826263,5.532026625004314,0.29700589468104466,40.858881969668374,52.376406811923424,0.008405652891266602,1
2023-05-05,104.6421127319336,104.94938562732777,103.19494602522195,103.89870471094449,26639300,0.87225341796875,0.008405652891266602,104.22102275117659,100.33312240600586,99.58803035736084,53.21792522270522,2.5659709952974383,-462128100.0,0.913916177581072,-0.3581075600792929,1.272023737660365,102.14313508981485,104.80714950561523,107.47116392141561,5.083650167697102,0.4690247971815027,43.72179432756726,45.87272323007695,0.020839258741710553,1
2023-05-08,106.8227767944336,107.0111092526405,104.2357237525446,104.25554463966958,26511400,2.1806640625,0.020839258741710553,104.4688088505344,100.70264587402343,99.55546913146972,58.906322177077385,2.580929174211614,-435616700.0,1.02089790027496,-0.20090066990832378,1.2217985701832839,102.08113132223087,104.87306518554688,107.66499904886288,5.324405953762044,0.8491686594916376,58.885057001663085,47.82191109963292,-0.0038972322558873396,0
2023-05-09,106.40646362304688,109.18185651644418,106.24787384869296,107.43732362452766,36360100,-0.41631317138671875,-0.0038972322558873396,104.65334740029749,101.0491729736328,99.55274326324462,57.46962625991883,2.6061472808930146,-471976800.0,1.059871157656417,-0.1295419300214935,1.1894130876779105,102.11114932106538,104.97218627929688,107.83322323752837,5.451038145703101,0.7506569059905772,67.84412985744501,56.816993728891795,0.040987507768746934,1
2023-05-10,110.7677993774414,111.94734256928349,106.98137468108189,107.02102401786978,63153400,4.361335754394531,0.040987507768746934,105.23567616002549,101.47916000366212,99.57375690460205,66.64705780555663,2.8157709712747008,-408823400.0,1.426240280939382,0.18946175460917702,1.236778526330205,101.5704677686439,105.32456245422364,109.07865713980338,7.1286214689215655,1.2249733130235592,80.2568992228999,68.99536202733601,0.043131903535592375,1
2023-05-11,115.54542541503906,116.88355828293253,113.40441433887695,114.38571076702053,78900000,4.777626037597656,0.043131903535592375,106.21755704145536,101.99875244140625,99.6309992980957,73.41474279200371,3.0514843951473023,-329923400.0,2.0781493317422104,0.6730966443296043,1.4050526874126061,99.95552010675625,105.77754592895508,111.5995717511539,11.008056144749581,1.3388729099104988,80.79813837155211,76.29972248396568,0.008063905889623912,1
2023-05-12,116.4771728515625,116.99259909422787,115.08947634268829,115.65446614587465,41102300,0.9317474365234375,0.008063905889623912,107.19466330908462,102.50446838378906,99.65305377960205,74.50140118272635,2.969458563461037,-288821100.0,2.639549103441553,0.9875971328231572,1.6519519706183956,98.77965794932639,106.20574913024902,113.63184031117164,13.984348760283002,1.1915767306830556,92.08396606341198,84.37966788595467,-0.00850991583357874,0
2023-05-15,115.4859619140625,117.43864822230549,114.9903565591719,115.08947611768251,36266800,-0.9912109375,-0.00850991583357874,107.98431079527299,102.95764999389648,99.66440311431884,71.16871912486059,2.9322323562947905,-325087900.0,2.9702409397764455,1.0546311753264397,1.9156097644500059,98.30152848917618,106.72811660766601,115.15470472615584,15.79075577519293,1.019655475220143,91.78836016446327,88.22348819980914,0.02574880213855124,1
2023-05-16,118.45958709716797,119.68868618777017,115.40665647509871,115.46612669425035,45035600,2.9736251831054688,0.02574880213855124,108.98195615735823,103.44096435546875,99.68021286010742,74.80932797109902,3.028646453178838,-280052300.0,3.432693351058333,1.2136668692866617,2.2190264817716714,97.75919002678556,107.47202033996582,117.18485065314609,18.075086487544766,1.06562126604292,92.32975674132992,92.06736098973506,0.01112867579693999,1
2023-05-17,119.77788543701172,120.60059205109167,117.84502778931716,118.55870063226185,33323600,1.31829833984375,0.01112867579693999,110.0101398982776,103.97582122802734,99.70985000610352,76.24164331250387,3.0091405823642434,-246728700.0,3.861058004089415,1.3136252178541947,2.54743278623522,97.41845076076349,108.29769821166992,119.17694566257636,20.09137337276132,1.0276186279035915,91.91482589144012,92.0109809324111,0.016468203150324268,1
2023-05-18,121.75041198730469,122.22618888797108,119.7679905890739,119.88693103307176,35234200,1.9725265502929688,0.016468203150324268,111.12826104961351,104.5423973083496,99.74801166534424,78.23569970136194,2.9697875621165957,-211494500.0,4.310023220543528,1.4100723474466457,2.899950873096882,96.98353619896166,109.16699028015137,121.35044436134108,22.320765736828953,1.0164143773718952,95.24151494655189,93.16203252644065,-0.0005699310756250853,0
2023-05-19,121.68102264404297,124.8628079526781,121.07638353692812,122.464079972312,41353400,-0.06938934326171875,-0.0005699310756250853,112.1332859633687,105.1458462524414,99.77120597839355,77.98772812143719,3.0281187659475512,-252847900.0,4.6071241892938986,1.3657386529576132,3.2413855363362853,96.89628037085643,110.02686500549316,123.1574496401299,23.867961036572623,0.9437790838272231,92.83638875583733,93.3309098646098,0.018654364935677625,1
2023-05-22,123.9509048461914,125.31877293153339,121.66120291685972,121.85944960031794,35253000,2.2698822021484375,0.018654364935677625,113.25877347601849,105.82819595336915,99.80520450592041,80.19871213025344,3.073079569427988,-217594900.0,4.968465987895982,1.3816643612477573,3.5868016266482248,96.73749634901621,110.9724796295166,125.20746291001699,25.654979194885268,0.9558637323604426,92.32877134822608,93.46889168353844,-0.019912051173136214,0
2023-05-23,121.4827880859375,123.53459405259528,121.13586583308965,123.06873134867843,34046300,-2.4681167602539062,-0.019912051173136214,114.04201296267745,106.45166748046876,99.8304307937622,71.758712350817,3.0546481011189712,-251641200.0,4.9980610345537855,1.1290075263244486,3.869053508229337,97.46453477357306,111.8997573852539,126.33497999693475,25.800275083676112,0.8319322104852439,87.40154594112131,90.85556868172826,-0.0135445021890358,0
2023-05-24,119.83736419677734,120.83848902979123,118.8065042554534,120.05543174083351,34182600,-1.6454238891601562,-0.0135445021890358,114.59395117544886,106.98553329467774,99.84827255249023,66.71775259694815,3.027622081787909,-285823800.0,4.833031190668308,0.771182145951177,4.061849044717131,98.55639290548274,112.75170249938965,126.94701209329656,25.179769846905426,0.7495775682282085,83.94969248806275,87.89333659247006,0.02134010996017599,1
2023-05-25,122.39470672607422,124.21853087598284,120.88806215130478,123.42555925112126,42317000,2.557342529296875,0.02134010996017599,115.33688027550842,107.52812240600586,99.88222156524658,70.21936688365896,3.124303838746308,-243506800.0,4.852661558158687,0.6326500107532445,4.220011547405442,99.04219800059487,113.53922004699707,128.03624209339927,25.53658910181253,0.8054243364855358,81.3746826044802,84.2419736778881,0.009151181307623713,1
2023-05-26,123.51476287841797,124.15905132995717,121.37374418942687,122.08741708575724,35635900,1.12005615234375,0.009151181307623713,116.11572623769028,108.00965255737304,99.90655578613281,71.62733051886026,3.1000897888737353,-207870900.0,4.902089698024341,0.5456625204951191,4.356427177529222,99.66651777172187,114.39513092041015,129.12374406909845,25.75041967290662,0.8095889567450548,83.96506352735999,83.09647953996766,-0.007543488373543905,0
2023-05-30,122.5830307006836,124.5555455229917,120.92771057579567,124.53571707323403,35076700,-0.931732177734375,-0.007543488373543905,116.7316599960706,108.44677658081055,99.93049354553223,68.71690117813056,3.1377858716110416,-242947600.0,4.810624964959942,0.3633582299445761,4.447266735015366,100.56789922599829,115.21139373779297,129.85488824958767,25.420219366708633,0.7517034768221849,87.25077016543123,84.19683876575715,-0.006468767463758351,0
2023-05-31,121.79006958007812,122.96960524960811,121.42331887409836,121.67112156567815,37325800,-0.7929611206054688,-0.006468767463758351,117.2134132897856,108.87597091674805,99.93639129638672,66.24968285882089,3.024107336175235,-280273400.0,4.620886466870175,0.13889578548384662,4.481990681386328,102.05763929564188,116.08118171691895,130.10472413819602,24.16161209570651,0.7035465680375248,82.00145102931559,84.40576157403562,0.006917819083160248,1
2023-06-01,122.6325912475586,123.32643572526102,121.54226097016722,121.74050008884288,30772700,0.8425216674804688,0.006917819083160248,117.72952547624017,109.24866622924804,99.94451927185058,67.58151825830421,2.9355407232408472,-249500700.0,4.486780979255627,0.0038322382954385503,4.482948740960189,103.75802880997088,116.98863487243652,130.21924093490216,22.61861774332556,0.7132916794769367,76.48538749207962,81.91253622894216,0.007678506359986015,1
2023-06-02,123.57422637939453,125.04122142678463,122.67222864615749,122.90020285421588,26980100,0.9416351318359375,0.007678506359986015,118.28616365749296,109.67092178344727,99.95923866271973,69.05145676028181,2.897904255811218,-222520600.0,4.405697362960424,-0.06180110239981129,4.467498465360236,105.94333890858039,117.97885322570801,130.01436754283563,20.402833199441613,0.7324525984620285,75.82811306193783,78.10498386111102,0.01074851512191577,1
2023-06-05,124.9024658203125,126.30998323761919,122.75153279545627,122.92004436641427,32305500,1.3282394409179688,0.01074851512191577,118.91628767299959,110.07553421020508,99.99125476837158,71.04578522317496,2.9450861262649113,-190215100.0,4.397919358438159,-0.05566328553766109,4.45358264397582,108.27915233264785,118.99187088012695,129.70458942760604,18.005798998271306,0.7758681148015613,81.39750278561385,77.90366777987711,0.010316582470111024,1
2023-06-06,126.19103240966797,127.16241466547471,124.25817456021957,124.90246303081489,26638300,1.2885665893554688,0.010316582470111024,119.60912050506325,110.50908981323242,100.02664096832275,72.87214805565996,2.9421685533356423,-163576800.0,4.444498377881388,-0.007267412875545887,4.451765790756934,110.38117824367328,119.96028366088868,129.53938907810408,15.970461430875277,0.8252260246338607,86.59157029023804,81.27239537926324,-0.037781789977104796,0
2023-06-07,121.42330932617188,127.90582057329998,121.04665198703012,125.85402231319067,52539000,-4.767723083496094,-0.037781789977104796,119.78190039278788,110.9063671875,100.05285846710206,58.235222936157,3.221954269973801,-216115800.0,4.050011171321472,-0.32140369554836923,4.371414866869841,113.41790406945115,120.71112594604492,128.0043478226387,12.08376082889604,0.5488250180906035,68.47457231010834,78.82121512865342,-0.0029388265152373583,0
2023-06-08,121.06646728515625,122.1468908180321,120.1743761943269,121.15568017540772,29389200,-0.356842041015625,-0.0029388265152373583,119.90424009682296,111.32485626220704,100.09201122283936,57.30743457107746,3.1327085809546156,-245505000.0,3.6663199928664767,-0.5640758992026917,4.230395892069168,115.53556159712316,121.22605934143067,126.91655708573818,9.388241728258011,0.48597732013565353,47.72313511875107,67.59642590636582,0.0007369351865063045,1
2023-06-09,121.15568542480469,122.67223656375475,120.83849830791537,121.17550631108766,23778300,0.0892181396484375,0.0007369351865063045,120.02342536615456,111.73799270629883,100.13349334716797,57.48978981794105,3.0399249863035274,-221726700.0,3.3310429383467266,-0.7194823629779536,4.05052530132468,116.4455364261512,121.50657234191894,126.56760825768669,8.330472694968325,0.4653344766808453,26.470667382633565,47.556124937164334,0.011535619571592548,1
2023-06-12,122.55329132080078,122.95969134096524,120.59069835405128,121.7107637315462,28306400,1.3976058959960938,0.011535619571592548,120.26436498088276,112.18899353027344,100.18280609130859,60.34709890299463,2.992001272061415,-193420300.0,3.1418908111147488,-0.7269075921679455,3.8687984032826943,117.29318393022108,121.81037826538086,126.32757260054065,7.416764317599358,0.5822316907684735,30.610106563768024,34.93463635505089,0.001536794576209477,1
2023-06-13,122.74163055419922,124.05994268348793,122.09734204600761,123.881524443717,22278300,0.1883392333984375,0.001536794576209477,120.50029503548433,112.58746017456055,100.2183906173706,60.73015634105135,2.9184726553056226,-171142000.0,2.972913888897949,-0.7167076115077964,3.6896215004057455,118.7015057358088,122.1731616973877,125.6448176589666,5.683172823468208,0.5818728674590471,36.74669679585486,31.27582358075216,-0.0012921439351873953,0
2023-06-14,122.5830307006836,122.95969562270113,120.38254164252703,122.01804087999511,30592300,-0.158599853515625,-0.0012921439351873953,120.69865081312236,112.97026596069335,100.28445476531982,60.20274207549535,2.8940927499390856,-201734300.0,2.79399336165109,-0.7165025110037249,3.5104958726548148,119.35314179811022,122.37933387756348,125.40552595701675,4.945593318036644,0.5336556335110283,38.52565908743842,35.29415414902044,0.01148214782622703,1
2023-06-15,123.99054718017578,124.35729787447553,121.32419544608322,122.05768927234496,35246300,1.4075164794921875,0.01148214782622703,121.01216475284173,113.3740852355957,100.36211612701416,63.25279370328588,2.9040220126857443,-166488000.0,2.7342535980792633,-0.6209938196604416,3.355247417739705,119.73583519207072,122.58996696472168,125.44409873737264,4.656387212294962,0.7453601177203566,41.25316485469469,38.841840245995996,-0.0124710114745612,0
2023-06-16,122.44425964355469,125.00158512889624,122.19645696231628,124.82316689591107,45535600,-1.5462875366210938,-0.0124710114745612,121.14855474243345,113.75193450927735,100.43442493438721,57.994306173370084,2.8969581665353314,-212023600.0,2.5329387821249725,-0.657846908491786,3.1907856906167584,119.79543161852013,122.62465934753418,125.45388707654823,4.614451520710288,0.4681185607419527,36.62407059210529,38.80096484474614,-0.0034808992004119466,0
2023-06-20,122.0180435180664,123.47512455090713,121.06648209224629,121.8495395031722,26097500,-0.42621612548828125,-0.0034808992004119466,121.23136319725563,114.0429541015625,100.50817100524903,56.597605009022345,2.8620784731157247,-238121100.0,2.312347952980801,-0.702750190108766,3.015098143089567,119.83101217575758,122.64151039123536,125.45200860671314,4.583273977158442,0.3890824997263051,34.18818601942976,37.35514048874325,-0.020714932375106354,0
2023-06-21,119.49044799804688,121.58190309406054,119.0443986639801,121.3241862052,30306300,-2.5275955200195312,-0.020714932375106354,121.06556174971193,114.32267379760742,100.56174591064453,49.0528556490608,2.870047500327909,-268427400.0,1.9115372852112387,-0.8828486863026628,2.7943859715139014,119.36187512006298,122.41848754882812,125.47509997759327,4.993710492536483,0.021031923572306096,19.413023988946573,30.075093533493884,0.021567947392173048,1
2023-06-22,122.06761169433594,122.15681703653188,117.78558133515126,118.94529615772794,26952200,2.5771636962890625,0.021567947392173048,121.16099507777136,114.6755451965332,100.63757358551025,55.55803307386419,2.9772752289745306,-241475200.0,1.7813136405349326,-0.8104578647831753,2.591771505318108,119.41639644306849,122.44772872924804,125.47906101542759,4.951226646077397,0.4373019848986643,23.730504074172796,25.777238027516386,-0.0065775205276417115,0
2023-06-23,121.26470947265625,121.71075881058304,119.99596102780514,120.31314813901791,34913600,-0.8029022216796875,-0.0065775205276417115,121.17087263918896,115.0264338684082,100.714541015625,53.27572631105559,2.9125877602285497,-276388800.0,1.5949375178706617,-0.7974671899579571,2.392404707828619,119.67555795079848,122.51909599304199,125.3626340352855,4.641787501280612,0.2794320839477772,27.24102852696736,23.461518863362247,-0.03269571285699979,0
2023-06-26,117.29987335205078,120.927708228838,117.23048890392118,119.69860904954042,33969900,-3.9648361206054688,-0.03269571285699979,120.80220604041389,115.24271621704102,100.75860038757324,43.7237755261176,2.992704389407587,-310358700.0,1.11445718971936,-1.0223580144874074,2.1368152042067674,118.62140252890143,122.26435432434081,125.9073061197802,5.959139629160314,-0.18138164475646767,25.77980925359179,25.58378061824399,-8.442425229093775e-05,0
2023-06-27,117.28997039794922,118.03337846384325,115.07956708792895,116.0509569547925,39535900,-0.0099029541015625,-8.442425229093775e-05,120.4677074077982,115.43025344848633,100.80791316986084,43.702699187561166,2.989926317015209,-349894600.0,0.7245221420973564,-1.129834449687529,1.8543565917848854,117.76744723279768,121.95311470031739,126.13878216783709,6.864387970418624,-0.057037119952029716,17.42043474289704,23.480424174485403,0.015634245862228058,1
2023-06-28,119.12371063232422,119.33186398652833,115.82297695350607,116.06086542083392,27091400,1.833740234375,0.015634245862228058,120.33970771489591,115.71195541381836,100.8551443862915,48.63969579467796,3.026994939587141,-322803200.0,0.5570420848268611,-1.0378516055664195,1.5948936903932807,117.43021883105203,121.78014869689942,126.1300785627468,7.143906313785175,0.19465736845188056,19.54755490626715,20.915932967585334,-0.00898654733449289,0
2023-06-29,118.0531997680664,119.00476118828789,117.26023569905081,118.19196866920258,24090900,-1.0705108642578125,-0.00898654733449289,120.1219450532931,116.00138916015625,100.89598224639893,46.09815686856954,2.943886367707589,-346894100.0,0.334080579733083,-1.0086504885281582,1.3427310682612412,116.95000273319704,121.59330520629882,126.2366076794006,7.6374311319588175,0.11879444008441026,29.320917512858248,22.096302387340817,0.005037719725292433,1
2023-06-30,118.64791870117188,120.01579431786013,118.63801203897671,119.1137889438215,29532200,0.5947189331054688,0.005037719725292433,119.98156159118632,116.3090609741211,100.97220630645752,47.73213429011217,2.873794094999455,-317361900.0,0.20303041992463022,-0.9117605186692888,1.114790938593919,116.60653370012159,121.39407157897949,126.1816094578374,7.887597502227465,0.21319779108852416,35.56443119422648,28.14430120445063,0.0016709085086763498,1
2023-07-03,118.8461685180664,119.13362053840451,117.77565911039436,118.19196580370979,14467900,0.19824981689453125,0.0016709085086763498,119.87342891755586,116.59869293212891,101.04605152130127,48.294815280131886,2.765520333071648,-302894000.0,0.11385685652300026,-0.800747265656735,0.9146041221797353,116.35717697767048,121.15766868591308,125.95816039415568,7.924371210356168,0.2592433954340811,34.632019685761634,33.172456130948795,0.01542952757535665,1
2023-07-05,120.6799087524414,121.5323506020042,118.18206099111318,118.19196765372497,27584800,1.833740234375,0.01542952757535665,119.95023652087829,116.9226205444336,101.1394235610962,53.302435761231955,2.807289567201604,-275309200.0,0.1889752872949515,-0.580503067907827,0.7694783552027785,116.46241655299329,120.94654083251953,125.43066511204577,7.4150517222904675,0.4702693253512707,43.456531572790766,37.884327484259636,-0.013470304291562929,0
2023-07-06,119.05431365966797,119.24264610609485,117.35934432883768,118.74704077325545,24745200,-1.6255950927734375,-0.013470304291562929,119.86491053409635,117.2029345703125,101.22521278381348,48.79117587539906,2.843952056944613,-300054400.0,0.11599809275209338,-0.5227842099605481,0.6387823027126415,116.74091166034843,120.58970489501954,124.43849812969064,6.383286596516192,0.30053601976844396,44.82182828567759,40.970126514743335,-0.005245154869174873,0
2023-07-07,118.42985534667969,119.98605581142945,118.35055667733691,119.04440112824291,21709500,-0.6244583129882812,-0.005245154869174873,119.72823861148525,117.51278701782226,101.30654167175292,47.14065082290686,2.7576339910266077,-321763900.0,0.0076859741368195955,-0.5048770628606575,0.5125630369974771,116.50079211187361,120.44003219604492,124.37927228021624,6.541413203475838,0.24485220417986905,43.423211022980325,43.90052362714957,-0.0253598600977476,0
2023-07-10,115.4264907836914,117.27014341516231,115.11921786589225,117.2602367523764,35315200,-3.0033645629882812,-0.0253598600977476,119.31854834217155,117.76534759521485,101.38241886138916,40.11237913460003,2.797134240295238,-357079100.0,-0.3168461748074236,-0.6635273694439205,0.34668119463649694,115.66936381241938,120.15803337097168,124.64670292952398,7.471276672270663,-0.0270540107218655,25.98609593148794,38.07704508004863,0.005925238120953136,1
2023-07-11,116.11042022705078,116.67541002080333,114.33615217521867,115.26789264862505,23078800,0.683929443359375,0.005925238120953136,119.01301233120768,117.95466888427734,101.47093395233155,42.224808954011735,2.7644287835301964,-334000300.0,-0.5129399977315643,-0.687696953894449,0.17475695616288467,115.11294423221229,119.90577011108398,124.69859598995568,7.994320664354169,0.10405927734989162,20.195116116520577,29.868141023662957,0.015280943173996642,1
2023-07-12,117.88469696044922,119.27239354834892,117.36927068843174,117.75584228302935,30404400,1.7742767333984375,0.015280943173996642,118.90555372446877,118.1844319152832,101.56405826568603,47.4075919548536,2.792824821942192,-303595900.0,-0.5191915441077839,-0.5551588002165349,0.035967256108750956,114.9640184205341,119.6723403930664,124.38066236559871,7.868688716319439,0.3101613013037287,24.06436772195704,23.415193256655197,0.04717053483173639,1
2023-07-13,123.44538116455078,123.73283317428397,119.3913254796749,119.86710994186647,44297900,5.5606842041015625,0.04717053483173639,119.33791824257182,118.52818405151368,101.6919245147705,59.6303275845429,3.0110613499345176,-259298000.0,-0.07458542263253776,-0.08844214299303096,0.013856720360493213,114.89853613092868,119.70752792358398,124.51651971623929,8.03456871271313,0.8886316926840634,55.000597840911176,33.08669389312961,0.007065905664028538,1
2023-07-14,124.31763458251953,125.66568163544599,122.40459777670013,123.70308883585449,33283100,0.87225341796875,0.007065905664028538,119.81217694161445,118.92665054321289,101.82697685241699,61.155348239766305,3.0289201005638993,-226014900.0,0.3441841522943747,0.2642619455471052,0.0799222067472695,114.7254094325513,119.79425811767578,124.86310680280026,8.462590385835137,0.946193676891409,76.80544873974144,51.95680476753656,-0.006139165087049592,0
2023-07-17,123.55442810058594,125.98289154288601,123.10837870185402,124.83309094387619,25716200,-0.7632064819335938,-0.006139165087049592,120.16858181389745,119.30806854248047,101.96153373718262,59.05327173470716,3.0178910105973342,-251731100.0,0.6074750782248088,0.42204229718203146,0.18543278104277738,114.77271894330975,119.77245216369629,124.77218538408282,8.348719810049909,0.878217773847268,88.06379259653812,73.28994639239691,-0.0071400669584278376,0
2023-07-18,122.6722412109375,123.58415326124799,121.87926960750545,123.50485458843724,26193600,-0.8821868896484375,-0.0071400669584278376,120.4070255659965,119.68611618041992,102.07904174804688,56.630204649545696,2.924104770821992,-277924700.0,0.7364604668510566,0.4408221486466234,0.2956383182044332,114.75882817934217,119.78385124206542,124.80887430478867,8.390151110717625,0.787400667899298,79.60830092495044,81.49251408707667,-0.013978633856453815,0
2023-07-19,120.95745086669922,124.0797663514812,120.72947662109038,123.50486228130026,37224000,-1.7147903442382812,-0.013978633856453815,120.4594470232063,120.01242294311524,102.20101028442383,52.15082596634126,2.9545465536483366,-315148700.0,0.6923322912560224,0.31735517844127126,0.3749771128147511,114.7793821820438,119.73082160949707,124.68226103695034,8.270952058781358,0.6238659257751493,69.19150756671867,78.95453369606908,-0.023191110710234275,0
2023-07-20,118.15231323242188,122.9993329839657,117.18093097461103,120.35280221161847,37906800,-2.8051376342773438,-0.023191110710234275,120.23971999551253,120.239013671875,102.31772529602051,45.77255929883153,3.1591076576273602,-353055500.0,0.42609744449413256,0.040896265343505156,0.3852011791506274,114.66535225763259,119.66391487121582,124.66247748479906,8.354335756042685,0.3487963685113916,53.730485393820665,67.51009796182994,0.0068792997237587805,1
2023-07-21,118.96511840820312,119.92659410645891,117.68646311472756,119.5598509456707,72937900,0.81280517578125,0.0068792997237587805,120.11832936814973,120.49018676757812,102.42368576049805,47.76603720103848,3.0934664672062167,-280117600.0,0.2774922373271238,-0.08616715345880288,0.3636593907859267,114.62703999086419,119.50879020690918,124.39054042295417,8.169692300613319,0.4443158934147065,43.12058367023679,55.34752554359205,0.01258116143940513,1
2023-07-24,120.46183776855469,121.9189187390688,119.91667640915657,120.59070000224004,29686100,1.4967193603515625,0.01258116143940513,120.15104445390257,120.68406753540039,102.5222617340088,51.31518771022444,3.083490314610464,-250431500.0,0.2772977677248605,-0.06908929844885298,0.34638706617371345,114.63232068360706,119.4686466217041,124.30497255980113,8.096393614319908,0.6026803362266135,41.70212344001302,46.184397501356834,0.005595352866464065,1
2023-07-25,121.1358642578125,122.06760477820553,119.95632105113091,120.29333663689901,52509600,0.6740264892578125,0.005595352866464065,120.2448368161797,120.79587631225586,102.62524852752685,52.86831025310164,3.0140469869293325,-197921900.0,0.32775381184936236,-0.014906603459480916,0.3426604153088433,114.87943082007926,119.66044616699219,124.44146151390511,7.990970283097182,0.6542996606121524,50.24114004430342,45.021282384851084,0.05776922340516655,1
2023-07-26,128.1337890625,129.82875059388394,127.19214208676755,128.9267605090487,61682100,6.9979248046875,0.05776922340516655,120.99616560154354,121.02900863647461,102.76327457427979,65.25975806835385,3.4196783690109114,-136239800.0,0.921788830134517,0.46330273186053894,0.458486098273978,114.29350005613564,120.20263710021973,126.11177414430382,9.831959076167871,1.1710922342053744,66.67940684935908,52.87422344455852,0.0010057903802329626,1
2023-07-27,128.26266479492188,132.0689255635858,127.6580256334022,130.5127174287312,44952100,0.128875732421875,0.0010057903802329626,121.68821314377004,121.2845426940918,102.91552452087403,65.43996429080549,3.490479909094674,-91287700.0,1.3869768506920366,0.7427926019344469,0.6441842487575897,113.81541293754198,120.6595848083496,127.50375667915723,11.344597085558698,1.055441924172127,75.3259844763701,64.08217712334421,0.024574872035120432,1
2023-07-28,131.41470336914062,132.56451129686621,129.42237550489725,129.6305212614067,36591200,3.15203857421875,0.024574872035120432,122.61454554618629,121.54364501953125,103.08759860992431,69.59426147639692,3.5484346657267927,-54696500.0,1.987079068152667,1.074315855516062,0.9127632126366053,113.15249899500198,121.32765998840333,129.5028209818047,13.476170222326466,1.1169323997948863,87.09572950859217,76.36704027810713,0.0010558039959620569,1
2023-07-31,131.55345153808594,132.35632957900182,130.621711299359,131.56335819765945,28055500,0.1387481689453125,0.0010558039959620569,123.4658699263672,121.77915634155273,103.26373653411865,69.76654020100446,3.418876352435081,-26641000.0,2.4456680774390804,1.22632389184198,1.2193441855971003,112.7726709069018,121.97293663024902,131.17320235359625,15.085749310500052,1.0206651196782686,88.5517726344612,83.65782887314116,-0.008815300655211744,0
2023-08-01,130.39376831054688,131.4642776626303,129.53140473197496,129.63053185009693,23166800,-1.1596832275390625,-0.008815300655211744,124.12566977247955,121.95202346801757,103.4321928024292,66.38108376940366,3.319102813411931,-49807800.0,2.684580256564189,1.172188856773671,1.512391399790518,112.77595401954794,122.55031661987304,132.32467922019813,15.951590938182962,0.9012257377485138,91.00303113630262,88.88351109311867,-0.024097283641913436,0
2023-08-02,127.25163269042969,128.9465944934301,126.4388326681817,128.31222025946755,26273300,-3.1421356201171875,-0.024097283641913436,124.42338052657004,122.06343566894532,103.5775043106079,58.14779202887298,3.364519444051448,-76081100.0,2.5905139627461296,0.862498050364489,1.7280159123816405,112.93772189454761,122.87890281677247,132.82008373899734,16.180451964237324,0.719930102261864,81.59361870776158,87.04947415950846,0.0005452324060626346,1
2023-08-03,127.32101440429688,128.25275490430315,126.30006856910073,126.8452374919422,20089500,0.0693817138671875,0.0005452324060626346,124.69934565778212,122.13083786010742,103.73555282592774,58.2708680075621,3.263674221990803,-55991600.0,2.4928284964707217,0.6118500672712648,1.880978429199457,113.33409197520344,123.2922378540039,133.25038373280435,16.15372719666645,0.7022854755958988,72.42272124191817,81.67312369532745,-0.0026468970327572228,0
2023-08-04,126.9840087890625,130.35411926269438,126.78576966555633,128.14372354248303,26147200,-0.337005615234375,-0.0026468970327572228,124.91693262266597,122.24086227416993,103.87501613616944,57.388086024738335,3.2854367487870353,-82138800.0,2.3610023584702162,0.38401914341660737,1.9769832150536089,113.9000567421197,123.71994552612304,133.53983431012637,15.874382650661444,0.6661965494078023,65.03441186690762,73.01691727219578,0.02669566922662092,1
2023-08-07,130.37393188476562,130.4532305494762,127.88599866875109,128.0247675508261,22746300,3.389923095703125,0.02669566922662092,125.43664683810402,122.45159362792968,104.0274642944336,63.39533702027573,3.2985642496175105,-59392500.0,2.5012349775461757,0.4194014099940535,2.0818335675521222,115.01772582519378,124.46731758117676,133.91690933715975,15.184053034355827,0.8125327768709745,71.79984862681661,69.75232724521413,-0.000988274365749997,0
2023-08-08,130.24508666992188,130.35412045755103,128.4014340675314,129.47194349388803,23535200,-0.12884521484375,-0.000988274365749997,125.89459348875334,122.60860122680664,104.18491806030273,63.031617741142135,3.2038452187329907,-82927700.0,2.572321485580588,0.3923903344227724,2.1799311511578154,116.22945069697673,125.1740509033203,134.1186511096639,14.291460796858049,0.7834691126275912,78.13576481011408,71.65667510127945,-0.013241965373367637,0
2023-08-09,128.5203857421875,130.87945697389134,127.86618303626592,130.50280718461022,24912900,-1.724700927734375,-0.013241965373367637,126.14466894146136,122.70871368408203,104.33206325531006,58.216721452447835,3.190232984368164,-107840600.0,2.4611188582033208,0.2249501656364039,2.236168692566917,117.31016090359203,125.70583534240723,134.1015097812224,13.357652675305646,0.6676190769599134,81.16705757815298,77.03422367169456,0.00023139815299400013,1
2023-08-10,128.5501251220703,130.889383106786,128.31222909619765,130.16580349118593,20857800,0.0297393798828125,0.00023139815299400013,126.37376000628127,122.82805557250977,104.47360816955566,58.275907342005176,3.146441629098177,-86982800.0,2.3483197262237354,0.08972082692545502,2.2585988992982804,117.54544235437568,125.9610725402832,134.37670272619073,13.362271400501372,0.6538240467197948,75.33372882421325,78.21218373749345,-0.001002414221771053,0
2023-08-11,128.4212646484375,128.78800779260496,127.04348228626603,127.52918100734196,19591100,-0.1288604736328125,-0.001002414221771053,126.56876044839139,122.96067947387695,104.60761993408204,57.893244709988785,3.0463047631868023,-106573900.0,2.222903391576992,-0.028556406177031146,2.251459797754023,117.72085499993528,126.1662540435791,134.61165308722292,13.38773051108689,0.6335052727055903,69.4056372240929,75.30214120881972,0.013661721609806499,1
2023-08-14,130.17572021484375,130.2153619932151,127.82655538590826,128.2527687832776,24695600,1.75445556640625,0.013661721609806499,126.91228042614875,123.11154205322265,104.74069007873535,61.591226615814335,2.9993406091953774,-81878300.0,2.2392670675462654,-0.009754184166205881,2.2490212517124712,117.96870875329128,126.497318649292,135.02592854529271,13.48425403331417,0.7156507103975203,65.75540033769802,70.16492212866807,-0.01180244833198063,0
2023-08-15,128.6393280029297,130.26491300365356,128.14372263533488,129.9477334332242,19770700,-1.5363922119140625,-0.01180244833198063,127.07676114774694,123.21284408569336,104.9134086227417,56.880170256060374,2.9366155919898986,-101649000.0,2.1040076962863594,-0.11601084434088982,2.2200185406272492,118.40683976593012,126.7956729888916,135.1845062118531,13.232049683109333,0.6098874518682602,55.449257166351536,63.53676490938082,-0.008321622886974689,0
2023-08-16,127.56884002685547,129.13495506653967,126.74614072580277,127.56884002685547,25216100,-1.0704879760742188,-0.008321622886974689,127.12362580290014,123.26617156982422,105.09420555114747,53.792804966932735,2.8974869311861133,-126865100.0,1.8886629065094382,-0.26508450729424915,2.1537474138036874,119.1740095453491,127.12624244689941,135.07847534844973,12.510765281011057,0.5278285096422272,39.82095382114503,53.675203775064865,0.00947932631779902,1
2023-08-17,128.77810668945312,130.82992032710072,128.15363903892097,128.65916623208574,33446300,1.2092666625976562,0.00947932631779902,127.28119541114329,123.31791305541992,105.26087768554687,56.654949819934544,2.923457886118909,-93418800.0,1.79488797129018,-0.28708755401080577,2.0819755253009857,120.83489456229131,127.65753211975098,134.48016967721065,10.688969846384934,0.5821218011556938,32.83745481226821,42.70255526658826,-0.01893483839640775,0
2023-08-18,126.33971405029297,128.1139820986366,125.26920468665479,127.38048074077112,30504800,-2.4383926391601562,-0.01893483839640775,127.19153051963373,123.41624114990235,105.42417961120606,49.93790066284488,2.9652753230245823,-123923600.0,1.5064473645467729,-0.4604225286033703,1.9668698931501432,122.43696370817202,128.02626190185546,133.6155600955389,8.731486978770318,0.34912704662380617,26.1501721958642,32.93619360975915,0.007139544864582792,1
2023-08-21,127.2417221069336,127.59855859024782,125.44763302751461,126.06218642929755,25248700,0.902008056640625,0.007139544864582792,127.19631067080515,123.53974624633788,105.6120140838623,52.195768263764236,2.90710748300377,-98674900.0,1.3352487015077514,-0.5052969533139136,1.840545654821665,123.95395426719301,128.36525611877443,132.77655797035584,6.873046469053437,0.3726527848646251,31.098012127569095,30.028546378567174,0.005530936374384954,1
2023-08-22,127.94548797607422,129.13493787485558,127.19217323593709,127.38049057746434,22054900,0.703765869140625,0.005530936374384954,127.26766089035459,123.67554229736328,105.82071357727051,53.9412063204847,2.838225851283393,-76620000.0,1.2420430524883272,-0.4788020818666703,1.7208451343549975,125.77686482593748,128.7057373046875,131.6346097834375,4.551269492853196,0.37021467576189404,33.332086659043334,30.193423660825545,0.02548808529194657,1
2023-08-23,131.20657348632812,132.23744122531156,128.72854639699096,129.03581933612043,27819700,3.2610855102539062,0.02548808529194657,127.64279542330445,123.84860794067383,106.06326286315918,61.039877795984275,2.942063522565818,-48800300.0,1.4150079202855181,-0.24466977125558365,1.6596776915411018,125.74982907990572,128.8593765258789,131.9689239718521,4.826264925080858,0.8774177756137473,55.9741456272414,40.13474813795128,-0.019566439509724365,0
2023-08-24,128.6393280029297,133.07004119920114,128.43118221835817,132.77267495370916,28500700,-2.5672454833984375,-0.019566439509724365,127.73770328803066,123.96656188964843,106.27736438751221,53.98589035978989,3.063263198157043,-77301000.0,1.3296017477155146,-0.2640607550604699,1.5936625027759845,125.77880041037626,128.8782096862793,131.97761896218233,4.809826709181865,0.4614633528384194,58.67581745009718,49.32734991212731,0.0007706535324625285,1
2023-08-25,128.73846435546875,129.61071958018746,126.13157509513833,128.40144118659,26762900,0.0991363525390625,0.0007706535324625285,127.83301386588191,124.08967056274415,106.4824955368042,54.205970123210605,3.0929690043636207,-50538100.0,1.2554442361015106,-0.2705746133395792,1.5260188494410898,125.87179246897303,128.7443977355957,131.61700300221838,4.462493618591763,0.4989672475721089,57.627061196087844,57.425674757808814,0.008700363304319891,1
2023-08-28,129.85853576660156,131.37508724767054,128.9961871155132,130.15590206429079,20543300,1.1200714111328125,0.008700363304319891,128.0259207135695,124.20703033447266,106.69119506835938,56.7243988066031,3.0603728534949184,-29994800.0,1.2723869907267442,-0.20290548697147637,1.4752924776982206,126.03415434076207,128.65965194702147,131.28514955328086,4.081306868979409,0.7283155423036499,48.83542103317783,55.04609989312095,0.027173429620127587,1
2023-08-29,133.38723754882812,135.36965904379704,131.07771469222826,131.07771469222826,43075600,3.5287017822265625,0.027173429620127587,128.53652231692746,124.42588989257813,106.9253687286377,63.52926034633401,3.235426455187816,13080800.0,1.5526529720981728,0.061888395519961614,1.4907645765782112,125.542490501613,128.80932540893554,132.07616031625807,5.072357761289714,1.2006647519333329,61.22571149257673,55.89606457394746,0.0097345288644064,1
2023-08-30,134.68569946289062,135.08217764800216,132.89161071955,133.59536176682397,28315800,1.2984619140625,0.0097345288644064,129.12215823559063,124.67924301147461,107.13322559356689,65.6685392460865,3.1607936318495558,41396600.0,1.8581215378603133,0.29388556902568164,1.5642359688346317,125.1140114243512,129.1810287475586,133.24804607076598,6.296617022852514,1.1767454227353602,77.47754783642726,62.51289345406061,0.00213430474278109,1
2023-08-31,134.97315979003906,136.78707719387538,134.59649488250773,134.8145624474285,30053800,0.2874603271484375,0.00213430474278109,129.67939647887144,124.98889724731445,107.33027824401856,66.142036056494,3.091492823243706,71450400.0,2.099204895675996,0.42797514147309124,1.6712297542029046,124.87610976641797,129.5636360168457,134.2511622672734,7.235867091316038,1.0770126378172051,85.95088523003717,74.88471485301373,-0.0037453645037799355,0
2023-09-01,134.46763610839844,136.25181824627185,133.66475792752385,136.25181824627185,21543700,-0.505523681640625,-0.0037453645037799355,130.13541930073114,125.2368977355957,107.52832214355469,64.45838355887535,3.0554619300654413,49906700.0,2.223838629951416,0.4420871005988092,1.781751529352607,124.94864875240647,129.9378173828125,134.92698601321854,7.679317277905847,0.9539652857170797,85.78065071312153,83.06969459319532,0.0008110097610534162,1
2023-09-05,134.57669067382812,135.22097162539615,133.39714743586188,134.24958930429057,19403100,0.1090545654296875,0.0008110097610534162,130.55839752674038,125.50313735961915,107.71333168029786,64.66733162981494,2.967487805741786,69309800.0,2.304842761683517,0.41847298586472803,1.886369775818789,124.76455846540155,130.14795532226563,135.53135217912973,8.272733664595807,0.911332795009868,81.64086580693441,84.45746725003104,-0.009648717212015323,0
2023-09-06,133.2781982421875,135.32999653967815,132.4951333142853,134.824484524279,18684500,-1.298492431640625,-0.009648717212015323,130.81742616630677,125.82270385742187,107.88981674194336,60.134154841549815,2.958014621431147,50625300.0,2.2384580810386296,0.2816706441758723,1.9567874368627574,124.74562482705764,130.29961090087892,135.8535969747002,8.52494652197586,0.7681486145012281,76.73555727653529,81.38569126553041,0.005949382450323615,1
2023-09-07,134.0711212158203,134.38831582248662,131.78142747588143,132.41580156454273,18844300,0.7929229736328125,0.005949382450323615,131.12730188530804,126.1583268737793,108.07269493103027,61.890953765419404,2.932934173229293,69469600.0,2.224190912264362,0.2139227803212833,2.0102681319430786,124.85435253203656,130.57714767456054,136.2999428170845,8.765385436028959,0.8052680948945167,75.58802216728212,77.98814841691727,0.008280671963817099,1
2023-09-08,135.1813201904297,135.45885797662925,133.66476902845534,133.7242392505445,23558300,1.110198974609375,0.008280671963817099,131.5133988667482,126.4794790649414,108.2657332611084,64.26541112693201,2.851588085725337,93027900.0,2.2762289072132944,0.21276862021617227,2.063460286997122,124.9313690915226,130.90870742797853,136.88604576443447,9.132071431909084,0.8574009468723212,77.2647282896038,76.52943591114041,0.003959367634458255,1
2023-09-11,135.716552734375,136.27162824714438,134.5964799231039,135.3398878687072,20763400,0.5352325439453125,0.003959367634458255,131.9136992350936,126.83274612426757,108.47051731109619,65.38517089850085,2.7675566741764177,113791300.0,2.3337560987021106,0.2162366493639909,2.1175194493381198,125.0620338113621,131.2734718322754,137.48490985318867,9.463356052393392,0.8576531623707917,84.07071575014955,78.97448873567849,-0.011539499365887496,0
2023-09-12,134.15045166015625,135.66700281159663,134.00177610596597,135.06236368343136,18405500,-1.56610107421875,-0.011539499365887496,132.12672327557576,127.14279678344727,108.66028461456298,59.50916914692371,2.692358099478747,95385800.0,2.2273006092049457,0.08782492789346064,2.139475681311485,125.16044413055901,131.47220840454102,137.783972678523,9.601670726577668,0.7121628073671367,83.68274837396969,81.67273080457434,0.010122747814866884,1
2023-09-13,135.5084228515625,135.69674018178068,132.9709107286248,133.90265121619703,20749500,1.35797119140625,0.010122747814866884,132.4487899018602,127.47604187011719,108.84985370635987,62.644029037017376,2.6947489104556857,116135300.0,2.2268411542500246,0.0698923783508314,2.156948775899193,125.41100181725173,131.81566314697267,138.2203244766936,9.717602865722911,0.7882868831372487,84.40303644904941,84.0521668577229,0.010167352049617717,1
2023-09-14,136.8861846923828,137.4809019549108,135.04253244166762,136.39057941127305,24751000,1.3777618408203125,0.010167352049617717,132.87139892952902,127.80016738891601,109.05126762390137,65.55758473110816,2.676436096369078,140886300.0,2.311011002721159,0.12324978145757237,2.1877612212635866,125.82502249610285,132.28153038024902,138.7380382643952,9.761767747298745,0.8565901563785305,86.00522711705237,84.69700398002384,-0.005068680955789273,0
2023-09-15,136.19235229492188,137.30251863025583,135.28044021121335,136.76725635034862,38919600,-0.6938323974609375,-0.005068680955789273,133.18768020242356,128.1429281616211,109.25620040893554,62.89711027292803,2.6296962622743214,101966700.0,2.2952712796150934,0.08600804668120521,2.209263232933888,126.1915233679614,132.65224266052246,139.11296195308353,9.740836887462269,0.7739717881316659,89.19107588985007,86.53311315198395,0.005895242642934839,1
2023-09-18,136.9952392578125,137.9368864099472,135.40929606761446,135.40929606761446,21861300,0.802886962890625,0.005895242642934839,133.55030487436537,128.51423583984376,109.46940990447997,64.68319505552624,2.6224029822784933,123828000.0,2.320830612915131,0.08925390398499422,2.231576708930137,127.15109714475557,133.18501892089844,139.21894069704132,9.060961698292143,0.8157333222299165,88.61495992434645,87.93708764374963,-0.0012299902429462328,0
2023-09-19,136.8267364501953,137.1934947424291,135.4192188852002,136.21219057489975,20353700,-0.1685028076171875,-0.0012299902429462328,133.86234597682537,128.94224075317382,109.65303176879883,63.98701178543108,2.5618224733463797,103474300.0,2.3009657000734194,0.055511192914625695,2.2454545071587937,128.08956310678414,133.6642696380615,139.23897616933888,8.341356364528323,0.7836442415749159,84.3499266615823,87.38532082525961,-0.031150284535306216,0
2023-09-20,132.56454467773438,136.86639614180442,132.44558909081576,136.86639614180442,29927500,-4.2621917724609375,-0.031150284535306216,133.73874585310242,129.2713232421875,109.81534267425538,49.48014532208015,2.694607086035114,73546800.0,1.9191762885045875,-0.261022574923365,2.1801988634279525,128.93891514612054,133.89522247314454,138.85152980016855,7.403262394994111,0.3657591521660979,60.31960587756398,77.76149748783091,-0.024674858277459633,0
2023-09-21,129.2935333251953,131.06779392210422,128.9267901856762,130.284744080372,31503900,-3.2710113525390625,-0.024674858277459633,133.315392279016,129.49949996948243,109.96402435302734,41.671818454884416,2.7619747578939045,42042900.0,1.3372471967480521,-0.6743613333439202,2.0116085300919724,128.5729341642401,133.7995704650879,139.02620676593568,7.8126353958835235,0.06893526921304224,32.919155901173916,59.19622948010673,-0.0014565614363380996,0
2023-09-22,129.10520935058594,130.86956340083478,128.46092836722917,129.61072142408077,26397300,-0.188323974609375,-0.0014565614363380996,132.91442247630837,129.61269653320312,110.11652214050292,41.26803450954179,2.736736206159026,15645600.0,0.8510575662377846,-0.9284407710833504,1.779498337321135,128.6850302252887,133.8228645324707,138.9606988396527,7.678559751551818,0.040890684690812654,7.863929919910556,33.700897232882824,0.006602617007201994,1
2023-09-25,129.9576416015625,130.0171118264149,127.82654454608127,128.6888930557924,20094600,0.8524322509765625,0.006602617007201994,132.63282429776115,129.725496673584,110.28567226409912,43.917002769794905,2.6977241400286402,35740200.0,0.528441396357664,-1.000845552770777,1.5292869491284409,128.96444924091938,133.8838233947754,138.8031975486314,7.348720747764338,0.10094702390797164,10.649285716892173,17.144123845992222,-0.019373060915093054,0
2023-09-26,127.4399642944336,129.2142247554818,126.10182382754034,128.62941408463055,25718700,-2.5176773071289062,-0.019373060915093054,132.13826620220615,129.80320739746094,110.45234436035156,38.407159059270036,2.78044511388532,10021500.0,0.06881696073921262,-1.1683759907113829,1.2371929514505955,128.35865360624396,133.76289482116698,139.16713603609,8.080329335198924,-0.08499706760622959,13.061358847296658,10.524858161366467,0.0153223117766359,1
2023-09-27,129.39263916015625,129.7494756200031,127.43996798020761,127.43996798020761,22746500,1.9526748657226562,0.0153223117766359,131.8767779124871,129.93761535644532,110.63487579345703,44.24929313176731,2.746806986148476,32768000.0,-0.13630295777304013,-1.0987967273789085,0.9624937696058684,127.83273226732682,133.5631649017334,139.29359753613994,8.580857811542007,0.13610725335670698,20.06353613854509,14.591393567577976,0.013559042608641825,1
2023-09-28,131.14707946777344,132.12838346203904,128.64922437989011,128.6987879376221,22513100,1.7544403076171875,0.013559042608641825,131.8072828225144,130.1414079284668,110.83054077148438,48.93581879526965,2.7991178501485083,55281100.0,-0.1555007844012266,-0.894395643205676,0.7388948588044494,127.58725840113141,133.38623390197753,139.18520940282366,8.695013467593155,0.30693534281379686,27.247318078185852,20.124071021342537,-0.010958998144820375,0
2023-09-29,129.7098388671875,132.87180356786632,129.21423349403221,132.10856705829798,30859800,-1.4372406005859375,-0.010958998144820375,131.60752625534042,130.3725584411621,111.01664058685303,45.55724334191407,2.860435866126051,24421300.0,-0.283421399790285,-0.8178530068757875,0.5344316070855025,127.16063540560376,133.12306785583496,139.08550030606617,8.957775006640013,0.2137721041590076,33.640396714790434,26.98375031050713,0.025294259366091865,1
2023-10-02,132.99075317382812,133.23855587746678,130.01712073016435,130.0567776325655,22288000,3.280914306640625,0.025294259366091865,131.73926215233925,130.6530711364746,111.20764698028565,53.456961373181386,2.908170233565568,46709300.0,-0.11868887285834262,-0.5224963839550761,0.4038075110967335,127.11873320920677,133.04922370910646,138.97971420900615,8.914731457382839,0.495070345759822,43.77444822097785,34.887387671318045,-0.01296880726029237,0
2023-10-03,131.26602172851562,133.0799390690274,130.68121106331455,132.76275951955418,22989400,-1.7247314453125,-0.01296880726029237,131.69419163578462,130.86915481567382,111.39280517578125,49.39906036230598,2.8717815030046596,23719900.0,-0.12585776194961795,-0.4237322184370812,0.29787445648746325,126.94816643695398,132.88369026184083,138.81921408672767,8.93341208870883,0.36372992670482285,44.10944788803778,40.508097607935355,0.021218926726066956,1
2023-10-04,134.0513458251953,134.37844718411898,131.36515806688755,131.6228674142173,26752300,2.7853240966796875,0.021218926726066956,131.9186825109666,131.12746444702148,111.61275485992432,55.30026969924254,2.8889703567617095,50472200.0,0.09215095957381436,-0.16457879753091914,0.2567297571047335,126.96701204192013,132.9223476409912,138.87768324006228,8.960623559186285,0.594788796149474,56.33725805740571,48.07371805547378,-0.0012570019836796176,0
2023-10-05,133.88284301757812,134.29914971685594,132.2770713207343,133.88284301757812,19832600,-0.1685028076171875,-0.0012570019836796176,132.10574541635816,131.24244552612305,111.83483562469482,54.883267364873774,2.8270495024302753,30639600.0,0.2484635406774487,-0.006612973141827849,0.25507651381927654,126.96430012837607,132.9129337310791,138.86156733378215,8.951173427168236,0.5815237037004846,58.84982002469129,53.098841990044924,0.018582891144049762,1
2023-10-06,136.3707733154297,136.9456773507009,132.832143768504,132.832143768504,27597600,2.4879302978515625,0.018582891144049762,132.51193854960306,131.4046076965332,112.07837608337402,59.71368351529637,2.918941222413604,58237200.0,0.5665665434712537,0.24919202372158167,0.317374519749672,126.91152285072576,132.9724063873291,139.03328992393244,9.116001885306757,0.7803524360414545,75.16575232573791,63.45094346927831,0.0061054950686429965,1
2023-10-09,137.20338439941406,137.718818202532,134.41808472961787,135.73639678634393,19278100,0.832611083984375,0.0061054950686429965,132.95874291625174,131.52038131713869,112.32320514678955,61.21043759329167,2.9462120974493553,77515300.0,0.8757550618358607,0.44670443366895096,0.42905062816690975,126.81887757106118,133.04674797058107,139.27461837010094,9.361928035846422,0.8337125022024742,84.63037295782082,72.88198176941667,-0.00260082535556716,0
2023-10-10,136.84654235839844,138.49195569665042,136.1229628059091,137.2826774721206,27786600,-0.356842041015625,-0.00260082535556716,133.32900952978952,131.62624313354493,112.56347457885742,60.178501578446436,2.9049821541130667,49728700.0,1.0795506320765753,0.5204000031277324,0.5591506289488429,126.75055446679451,133.18155250549316,139.6125505441918,9.657490722573453,0.7849472065495229,91.6218679598132,83.80599774779064,0.018035708810124396,1
2023-10-11,139.31466674804688,139.86974231945385,137.36198046134194,137.36198046134194,25884300,2.4681243896484375,0.018035708810124396,133.8990721220045,131.80466110229492,112.825104637146,64.62119329617731,2.9134262831803768,75613000.0,1.4238043705325651,0.6917229932669777,0.7320813772655874,126.46874846279754,133.3718647003174,140.27498093783723,10.35168287259227,0.9304434289711907,92.7504717076099,89.66757087508131,-0.011241465889956004,0
2023-10-12,137.74856567382812,139.97878996715525,137.04479935307614,139.8102859466206,24765500,-1.56610107421875,-0.011241465889956004,134.2656905555115,132.0145997619629,113.07161876678467,60.04364381484212,2.9148951639588576,50847500.0,1.5523620073278153,0.6562245040497822,0.8961375032780331,126.41451304663555,133.41498374938965,140.41545445214373,10.494279586922513,0.8095207528497752,88.87229952065506,91.08154639602606,-0.01158528007231241,0
2023-10-13,136.1527099609375,138.7695057500951,135.4192085570894,138.15495992166953,23420500,-1.595855712890625,-0.01158528007231241,134.4454066893616,132.1912336730957,113.31927284240723,55.712808730328064,2.945995308890775,27427000.0,1.5080883381780836,0.4895606679200404,1.0185276702580432,126.41565584308499,133.41300163269042,140.41034742229587,10.489750929778749,0.6957676818199343,84.10849500757445,88.57708874527981,0.012667288586765135,1
2023-10-16,137.8773956298828,138.40273601931523,136.77715129783755,136.95556193967968,28501900,1.7246856689453125,0.012667288586765135,134.77226277893504,132.4091014099121,113.58234008789063,59.14266307822935,2.896283219568415,55928900.0,1.5937965614304517,0.46021511293792683,1.1335814484925248,126.35959273257278,133.45710945129395,140.55462617001513,10.636401084816631,0.8113966725100793,79.86601313399433,84.28226922074128,0.004457204363954359,1
2023-10-17,138.491943359375,138.67035400381826,135.97426001796143,137.41152745778462,23515800,0.6145477294921875,0.004457204363954359,135.12651807231026,132.5714616394043,113.83643692016602,60.32184116169672,2.8819839885890164,79444700.0,1.6918077055172205,0.44658100561975633,1.2452266998974642,126.25023621045493,133.54036979675294,140.83050338305094,10.918246815391498,0.8396078757684685,80.8486176441575,81.60770859524209,-0.012596229614834753,0
2023-10-18,136.74746704101562,139.48320377260129,136.1725628846221,138.2243616521417,23375000,-1.744476318359375,-0.012596229614834753,135.2808941645679,132.70150924682616,114.0829016494751,55.43128311974357,2.9126023385454576,56069700.0,1.6101566994993846,0.2919439996815363,1.3182126998178483,126.3442659579373,133.749515914917,141.1547658718967,11.073311041649609,0.7024206572036745,80.03304225138366,80.24922434317851,-0.0015225596587860046,0
2023-10-19,136.5392608642578,138.43247675008314,136.17251778023484,137.2826688181467,26066000,-0.2082061767578125,-0.0015225596587860046,135.40073861215743,132.86188674926757,114.32391445159912,54.859607411144104,2.865984955067089,30003700.0,1.5112267097497636,0.1544112079455322,1.3568155018042314,126.90776866770243,134.1118022918701,141.3158359160378,10.74332534654841,0.6684791256556742,74.11019787057104,78.33061925537073,-0.015607767205987111,0
2023-10-20,134.40818786621094,136.6582254478533,133.8927540255162,136.12297828131832,26335700,-2.131072998046875,-0.015607767205987111,135.30620996968634,132.9790480041504,114.5594261932373,49.25975646013525,2.8588054170149473,3668000.0,1.2464953765148437,-0.08825610023151009,1.3347514767463537,127.54897502022955,134.37695121765137,141.20492741507317,10.162421658700215,0.5022874016880267,58.51321541732606,70.88548517976025,0.006636941843601196,1
2023-10-23,135.3002471923828,136.45005512078916,132.77265713198602,133.85307305839916,26317900,0.892059326171875,0.006636941843601196,135.30564208613362,133.1166276550293,114.80871566772461,51.491880408216794,2.917276314999818,29985900.0,1.096041140010982,-0.1909682693882977,1.2870094093992797,128.11719401521538,134.6440814971924,141.1709689791694,9.695023218845476,0.5502663556712387,50.41408417759237,61.01249915516316,0.016923127759588708,1
2023-10-24,137.58995056152344,138.135119454478,136.21216833642438,136.61856834068817,44814300,2.289703369140625,0.016923127759588708,135.523195274266,133.26491226196288,115.06380374908447,56.750988680806856,2.9113903112209156,74800200.0,1.1483277916842667,-0.1109452941720106,1.2592730858562773,129.41347955971602,135.15158081054688,140.88968206137773,8.491356470146542,0.7124718303483664,51.5843084202624,53.503869338393606,-0.09509398536890212,0
2023-10-25,124.50597381591797,127.18223962045136,123.97071914254384,127.03356406868409,84366200,-13.083976745605469,-0.09509398536890212,134.47393608775667,133.18224517822264,115.25010173797608,34.04011270835388,3.67623610463225,-9566000.0,0.13247072378248959,-0.9014418896590302,1.0339126134415197,127.9272963362549,134.90724754333496,141.88719875041502,10.347777949939955,-0.2450821229857979,39.33704179716166,47.11181146500548,-0.026510598191203272,0
2023-10-26,121.20524597167969,123.23723097831568,120.20412102421639,122.18654246977827,57061100,-3.3007278442382812,-0.026510598191203272,133.21025131479695,133.05497329711915,115.41791370391846,30.702133369844315,3.7209230108514872,-66627100.0,-0.9282442511656654,-1.5697254916857482,0.6414812405200827,125.32981914882586,134.41015586853027,143.49049258823467,13.511384851879937,-0.2271156513500109,25.796451070397115,38.90593376260706,-0.0008994994150420821,0
2023-10-27,121.09622192382812,122.22620163366648,119.15344965845101,121.79998068610722,44566500,-0.1090240478515625,-0.0008994994150420821,132.05653422994277,132.90133560180664,115.56981678009033,30.59541326393201,3.6746250797346285,-111193600.0,-1.757407540185369,-1.9191110245643614,0.16170348437899235,123.3613705573396,133.9794750213623,144.597579485385,15.850344931310872,-0.1066644541493479,5.911734875352557,23.68174258097044,0.01874426202489321,1
2023-10-30,123.36608123779297,124.29782170383251,121.67111186993667,122.12706787862865,28940100,2.2698593139648438,0.01874426202489321,131.2288720402142,132.84186294555664,115.73500202178955,35.613453576370205,3.6408375583253254,-82253500.0,-2.205938063059051,-1.8941132379504348,-0.3118248251086163,121.91587937475398,133.49824142456055,145.0806034743671,17.352081834503743,0.06260389101993251,11.53998068552202,14.41605554375723,-0.0030531534667722626,0
2023-10-31,122.98942565917969,124.268088371617,121.61164338905817,123.96080791175726,26292300,-0.37665557861328125,-0.0030531534667722626,130.44416286106807,132.75681701660156,115.89339748382568,35.15918270348478,3.5705238029134327,-108545800.0,-2.5622585694385407,-1.8003469954639395,-0.7619115739746012,120.65233331408044,133.08441162109375,145.51648992810706,18.68299698751922,0.093994434694834,15.992343458082992,11.148019672985855,0.019100559723134625,1
2023-11-01,125.33859252929688,125.37824186558063,122.63259149838505,122.97951373794584,30082400,2.3491668701171875,0.019100559723134625,129.95791806756606,132.704679107666,116.06765232086181,40.2760425823787,3.511604271790729,-78463400.0,-2.624829602524926,-1.4903344228402597,-1.1344951796846663,119.77981903908369,132.64877395629884,145.517728873514,19.403051431828278,0.21597610396385267,23.024078409591638,16.85213418439888,0.00822460887805132,1
2023-11-02,126.36945343017578,127.8463552955118,125.81437784316901,127.29127970850502,27124600,1.0308609008789062,0.00822460887805132,129.61615953067175,132.60793670654297,116.24790393829346,42.42324559474939,3.439901307106743,-51338800.0,-2.5617059856134006,-1.1417686447429873,-1.4199373408704132,119.13434965028127,132.27310447692872,145.41185930357616,19.86610184829998,0.2753344542673326,28.112877968470695,22.37643327871511,0.01262837189513788,1
2023-11-03,127.96529388427734,128.39150718035043,126.7361873014037,126.89478462654999,26393100,1.5958404541015625,0.01262837189513788,129.45893423101515,132.59445602416992,116.42656955718994,45.679104224222,3.338626481611594,-24945700.0,-2.3557534177844133,-0.7486528615312,-1.6071005562532132,118.7275257093481,131.8528305053711,144.97813530139408,19.909022424040145,0.35190680591769263,36.42115024063161,29.186035539564653,0.008908004910608502,1
2023-11-06,129.10520935058594,129.19441469449498,127.53909443947174,127.91575939110132,19052700,1.1399154663085938,0.008908004910608502,129.42524614716476,132.60179092407228,116.58630325317382,47.94354420958661,3.2183903225695687,-5893000.0,-2.0766149480386815,-0.3756115134283744,-1.7010034346103071,118.50952847537307,131.4479217529297,144.3863150304863,19.685960957033142,0.4094666411784107,42.59701903560038,35.710349081567564,0.005527808109618615,1
2023-11-07,129.81887817382812,130.75061873492334,128.7384620443353,129.5611688137135,29757300,0.7136688232421875,0.005527808109618615,129.4627349116089,132.6009977722168,116.74083305358887,49.366656790346696,3.1322307774280302,23864300.0,-1.7773207428449211,-0.061053846587691085,-1.71626689625723,118.3839512510225,131.09653854370117,143.80912583637985,19.394237916420536,0.44974821645437724,49.20589006088077,42.741353112370916,0.006642602502876738,1
2023-11-08,130.68121337890625,131.04797161797262,129.63053247035484,129.81886492088287,26425800,0.862335205078125,0.006642602502876738,129.57878047992293,132.54687728881837,116.91003273010254,51.10599620569101,3.009745661013013,50290100.0,-1.4537863407313978,0.209984444420666,-1.6637707851520638,118.52437645903468,130.66486587524415,142.80535529145362,18.582637857373125,0.5006732637829358,55.001377431331356,48.9347621759375,-0.012135808967526196,0
2023-11-09,129.0952911376953,131.38498550790692,128.92678712827234,130.80017480614322,23747800,-1.5859222412109375,-0.012135808967526196,129.53273387590124,132.43506912231445,117.08359375,47.850447515245286,2.9703494266288395,26542300.0,-1.3102499213860028,0.2828166910128489,-1.5930666123988517,118.52324642782878,130.2322021484375,141.9411578690462,17.981659723856858,0.4514512208487933,56.14281537050803,53.450027620906724,0.01804349658154014,1
2023-11-10,131.42462158203125,131.63278248151076,128.27257885187583,128.95651664701234,26913300,2.3293304443359375,0.01804349658154014,129.71291365743744,132.3640983581543,117.25740253448487,52.624029171103274,2.9981961554149885,53455600.0,-0.997045455725214,0.4768169253389103,-1.4738623810641243,118.5874680472146,129.99579772949218,141.40412741176976,17.551843800392895,0.5626219566024067,59.25150857968246,56.79856712717395,-0.0037709084035795204,0
2023-11-13,130.9290313720703,131.42463677369796,130.09641792725824,130.6217584430094,18324800,-0.4955902099609375,-0.0037709084035795204,129.8287343921644,132.29332626342773,117.41956462860108,51.54299427500842,2.878912061916754,35130800.0,-0.779829261990983,0.5552264952585131,-1.335055757249496,118.81244594378084,129.64837951660155,140.48431308942227,16.715879694328407,0.5590928251295743,70.46138739588157,61.951903782024026,0.011582920238935257,1
2023-11-14,132.44557189941406,134.50729201715737,132.1482207824069,133.01056927107837,32395200,1.51654052734375,0.011582920238935257,130.07795701190247,132.25070388793947,117.60135261535645,54.615410259124644,2.928865532143204,67526000.0,-0.4797810993399878,0.6842197263276066,-1.1640008256675944,119.19840096342504,129.3460609436035,139.49372092378198,15.690713588259907,0.6527204775221509,81.86003697665917,70.5243109840744,0.007484026699222879,1
2023-11-15,133.43679809570312,133.84319816897428,132.39603881613726,133.68460080506208,23861500,0.9912261962890625,0.007484026699222879,130.3978466389311,132.25387588500976,117.77868030548096,56.55438787589657,2.823029376478477,91387500.0,-0.1601608639483061,0.8030719693754307,-0.9632328333237368,119.42060631681946,129.1805274963379,138.94044867585635,15.110514515889593,0.718048410488046,91.32015683893961,81.21386040382679,0.017159231068481606,1
2023-11-16,135.72647094726562,136.01393051384863,133.1394255960663,134.00177404646607,28013200,2.2896728515625,0.017159231068481606,130.9053346682963,132.28698287963869,117.95957618713379,60.72817949690836,2.8267062008573234,119400700.0,0.27473101078746254,0.9903710752889595,-0.715640064501497,119.49680037605789,129.13988800048827,138.78297562491863,14.934328616413097,0.8415183602651563,92.5346244463595,88.57160608731942,-0.011830731300948694,0
2023-11-17,134.1207275390625,134.86413562027792,132.4753140227168,134.80466539372887,37240600,-1.605743408203125,-0.011830731300948694,131.21156256075022,132.26577102661133,118.0962145614624,56.620064443818286,2.8570241096924316,82160100.0,0.48423393409086657,0.9598991988738907,-0.47566526478302423,119.51307156922248,129.12551498413086,138.73795839903926,14.888526742510544,0.7598305310793467,92.62891947896354,92.16123358808755,0.006946852556208638,1
2023-11-20,135.0524444580078,135.45884443455537,132.44555573609716,132.5149477380473,27815500,0.9317169189453125,0.006946852556208638,131.57736083667953,132.25248886108398,118.25218147277832,58.37941752993108,2.8681858660328445,109975600.0,0.7171810620183123,0.9542770614410693,-0.23709599942275691,119.53196158965466,129.1131248474121,138.69428810516956,14.84150161973172,0.8099477302918773,92.55787986463089,92.57380792998464,0.005284495848226989,1
2023-11-21,135.76612854003906,135.97427431377318,134.76501119450535,135.09209741037324,22635300,0.71368408203125,0.005284495848226989,131.97629109414234,132.28480239868165,118.4210341644287,59.72678818002926,2.749691384121058,132610900.0,0.9484485555478273,0.9484356439764674,1.291157135990817e-05,119.73502883170251,129.02193374633788,138.30883866097327,14.3958544798961,0.8631023928689575,92.41334396970962,92.53338110443468,0.011097413237256104,1
2023-11-22,137.2727813720703,138.19460010408307,136.26174217835015,136.26174217835015,17813900,1.50665283203125,0.011097413237256104,132.4807187396593,132.3200895690918,118.57392845153808,62.48765234030978,2.726747111258411,150424800.0,1.239021335591417,0.9912067392160457,0.24781459637537134,119.95701654580103,129.6602741241455,139.36353170248998,14.967202011394674,0.8922655451770259,94.11342642852479,93.02821675428844,-0.012997441506288898,0
2023-11-24,135.48858642578125,136.9159321844401,134.7947419943983,136.81680506938213,12514300,-1.7841949462890625,-0.012997441506288898,132.76718232881376,132.29213760375976,118.75888832092285,57.463799527747604,2.7089822731450974,137910500.0,1.3102292292481934,0.8499317062982576,0.46029752294993576,121.17610357250034,130.3744411468506,139.57277872120085,14.110645450804997,0.7779929110881705,88.04336801366422,91.52337947063289,-0.002048453833488395,0
2023-11-27,135.21104431152344,137.20337221294994,134.8046443273795,134.83437943600723,23436500,-0.2775421142578125,-0.002048453833488395,132.99993108907182,132.2725114440918,118.96406887054444,56.70014290444301,2.686821245461194,114474000.0,1.3289473906140188,0.6949198941312664,0.6340274964827524,122.70888561244544,131.08018226623534,139.45147892002524,12.77278763129435,0.7467277302506029,78.82986712379818,86.99555385532908,0.0057913208280917505,1
2023-11-28,135.9940948486328,136.0436584048626,134.22974114450358,134.88394378751974,18730000,0.783050537109375,0.0057913208280917505,133.28508954236335,132.2524885559082,119.1753454208374,58.38066603051782,2.6244709608110397,133204000.0,1.3909334870590442,0.6055247924610334,0.7854086945980108,123.87501629892168,131.71158294677736,139.54814959463303,11.899586160197185,0.7732390404047214,74.11883842749005,80.33069118831749,-0.01610758541730506,0
2023-11-29,133.80355834960938,137.0745420613024,133.6548676470105,136.36088416260156,23967200,-2.1905364990234375,-0.01610758541730506,133.33446752400585,132.1920249938965,119.37547100067138,52.26915128404375,2.6812712074882445,109236800.0,1.2489033463225212,0.37079572137960826,0.878107624942913,125.47715941021622,132.25228958129884,139.02741975238146,10.245766167878369,0.6144825803444787,67.83214979053615,73.5936184472748,-0.01822373260196486,0
2023-11-30,131.3651580810547,134.35861874891418,130.1261446568203,133.8630133792204,38988300,-2.4384002685546875,-0.01822373260196486,133.14691424372478,132.1680372619629,119.56305759429932,46.44112219057635,2.7920714135315055,70248500.0,0.9288773930252034,0.04061581446583229,0.8882615785593712,126.54223257877112,132.55361785888672,138.56500313900233,9.070118759814124,0.4011492590765051,54.911777577689556,65.62092193190526,-0.005055320811690134,0
2023-12-01,130.70106506347656,130.94886777934659,129.5215217159868,130.70106506347656,31442300,-0.664093017578125,-0.005055320811690134,132.91397622655828,132.1961878967285,119.736123046875,44.970462408942275,2.7243260529269606,38806200.0,0.6145832300022676,-0.21894267884568286,0.8335259088479504,127.38626522883165,132.77019844055175,138.15413165227187,8.110153144240098,0.3078418420411525,33.50446018109903,52.082795849774904,-0.019642349507479007,0
2023-12-04,128.1337890625,128.88710361815149,126.77582791804458,128.73842808896774,36669900,-2.5672760009765625,-0.019642349507479007,132.45872030617176,132.1767594909668,119.90343929290772,39.73227242876453,2.8101054166773194,2136300.0,0.15654062094625942,-0.5415882303213528,0.6981288512676123,127.42434549400085,132.77862319946288,138.13290090492492,8.064969460360691,0.06625016552423418,18.88708466199841,35.76777414026233,0.013305584982737484,1
2023-12-05,129.83868408203125,130.9785702409771,127.12276154831913,127.8166059548372,27384800,1.70489501953125,0.013305584982737484,132.2091930467298,132.17438034057616,120.08502910614014,44.36672343679786,2.8847985078187937,29521100.0,-0.06810558824835766,-0.612987551612776,0.5448819633644183,127.55290542292937,132.81529693603517,138.07768844914096,7.9243756321837,0.21718059682648372,17.438467110204034,23.27667065110049,-0.007405124015349207,0
2023-12-06,128.87721252441406,130.68120803665548,128.73844363885704,130.28472982782802,23576200,-0.9614715576171875,-0.007405124015349207,131.89186156841401,132.20312530517577,120.2744990158081,42.38715191203521,2.817510357103054,5944900.0,-0.32003290673497986,-0.6919318960795185,0.3718989893445387,127.38398726696401,132.76821365356446,138.1524400401649,8.110716019196643,0.13866664867270384,19.039413953764463,18.454988575322304,0.05314561270134588,1
2023-12-07,135.72647094726562,137.34214919311776,133.51607536911783,133.85308336988615,56767100,6.8492584228515625,0.05314561270134588,132.257062461638,132.32980194091797,120.49890911102295,57.078975774420186,3.2208979507888147,62712000.0,0.03261482797432791,-0.2714273290961686,0.30404215707049653,127.57855676440809,133.0204765319824,138.46239629955673,8.18207829268437,0.7486249826216552,41.203740558712575,25.893873874227022,-0.0141675576196435,0
2023-12-08,133.80355834960938,135.20115415610408,132.85198927687938,133.02049330674961,32260100,-1.92291259765625,-0.0141675576196435,132.40434778430193,132.3829315185547,120.71747119903564,52.993176769291786,3.19615393076006,30451900.0,0.1551393721303782,-0.11912222795209465,0.27426160008247286,128.1144853854378,133.25588989257812,138.39729439971845,7.7165887545908465,0.5532605882566383,52.777881230993444,37.67367858115683,-0.012593640059528233,0
2023-12-11,132.1184844970703,132.1680480633636,130.20545486049974,131.21649413911075,31138000,-1.6850738525390625,-0.012593640059528233,132.3771227093275,132.43110443115233,120.93633060455322,49.639853690149884,3.224864613499315,-686100.0,0.11494456951871257,-0.12745362445100825,0.24239819396972082,128.18987178103492,133.29058303833008,138.39129429562524,7.653520812987005,0.3851044019024398,62.23970403718298,52.073775275629664,-0.005776855320605123,0
2023-12-12,131.35525512695312,131.83103206038206,130.10631988027265,130.65148882726206,29032800,-0.7632293701171875,-0.005776855320605123,132.2798019871966,132.39839447021484,121.14770633697509,48.15355990987097,3.138243185163483,-29718900.0,0.02125861122934225,-0.17691166619230286,0.1981702774216451,128.24739501748178,133.31189422607423,138.37639343466668,7.597970515674955,0.30682797858853816,49.47938343208586,54.83232290008743,0.00037741775626831675,1
2023-12-13,131.4048309326172,132.32664977230945,130.4136200728995,132.20770930904013,30104800,0.0495758056640625,0.00037741775626831675,132.19647141056998,132.40117065429686,121.3583882522583,48.2619236123287,3.0507279361810875,385900.0,-0.04842956659373954,-0.19727987521230772,0.14885030861856818,128.13974037998943,133.25985717773438,138.37997397547932,7.684409853322929,0.31884922567252777,43.567256465523194,51.762114644930676,-0.00475234583644879,0
2023-12-14,130.7803497314453,132.54470366937534,128.55012552763398,132.20769564183271,38722400,-0.624481201171875,-0.00475234583644879,132.06160267922476,132.33575073242187,121.56446098327636,46.931280563451715,3.118145808006821,-38336500.0,-0.1522928266159056,-0.24091450818757904,0.08862168157167344,127.8955570848123,133.12703475952148,138.35851243423065,7.859376848825983,0.2757148960588258,40.60410932829089,44.550249741966645,0.005002204572934099,1
2023-12-15,131.43453979492188,132.33653000234125,130.0270073455555,130.46314245666346,50847100,0.6541900634765625,0.005002204572934099,132.00188240452925,132.28678466796876,121.76567680358886,48.53217256661403,3.060387011491031,12510600.0,-0.1797455429187096,-0.21469377959230643,0.03494823667359683,127.77379576707541,132.9124382019043,138.05108063673322,7.732372536907202,0.35619758275400915,41.932716722668964,42.03469417216102,0.02413273561842333,1
2023-12-18,134.60641479492188,135.94454015229283,131.26602448315583,131.46427872099582,32258000,3.171875,0.02413273561842333,132.24993310837618,132.2514974975586,121.97457447052003,55.53590698167438,3.175967629894315,44768600.0,0.05382136644993807,0.015098503821072987,0.03872286262886508,127.77095003128086,132.93672256469728,138.1024950981137,7.771776577239384,0.6616110871533408,52.03268049422142,44.85650218172709,0.006259432848997548,1
2023-12-19,135.448974609375,136.26177487427472,134.88399221459775,135.63730711586052,25476800,0.842559814453125,0.006259432848997548,132.55460372751892,132.2164093017578,122.18034999847413,57.20195356306132,3.0673528048556387,70245400.0,0.30341478358747054,0.21175353676688435,0.09166124682058618,127.75552419762595,132.95654907226563,138.15757394690533,7.82364601207089,0.739609076786239,66.7606851812874,53.5753607993926,0.012366978851800381,1
2023-12-20,137.1240692138672,140.45453739695972,136.85645324467703,137.74853672465744,49107200,1.6750946044921875,0.012366978851800381,132.98979091669494,132.22195983886718,122.40079513549804,60.38037406916892,3.2057963750505736,119352600.0,0.6291332437135111,0.42997759751433995,0.19915564619917117,127.64605255519592,133.02444610595703,138.40283965671813,8.086323541579853,0.8811196660506574,77.28134463352633,65.35823676967838,0.015035670478246166,1
2023-12-21,139.18582153320312,139.45345268951988,137.95671467148622,138.26400273042307,27488300,2.0617523193359375,0.015035670478246166,133.5798890706481,132.21938293457032,122.6296162033081,63.93098827817818,3.143195453665011,146840900.0,1.0416264303266871,0.6739766273020127,0.36764980302467437,127.38656875726302,133.12009811401367,138.8536274707643,8.614070208752453,1.0289694219536603,82.81999911567361,75.62067631016245,0.007619866599164471,1
2023-12-22,140.24639892578125,140.74200424587772,139.4732558364047,139.53272605486842,26532200,1.060577392578125,0.007619866599164471,134.21479477113698,132.26933959960937,122.87330532073975,65.63697280824316,3.0298374007371245,173373100.0,1.4375389305816952,0.8559113020456167,0.5816276285360785,126.90183846487709,133.35798873901368,139.81413901315025,9.682434978487112,1.033476599387923,87.5793512643762,82.56023167119206,0.0002120509340033383,1
2023-12-26,140.27613830566406,141.42593118854055,139.94903696948103,140.3455151877592,16780300,0.0297393798828125,0.0002120509340033383,134.79206558394907,132.3518081665039,123.12551891326905,65.68598302620137,2.9189128877601527,190153400.0,1.7337169490560882,0.9216714564160077,0.8120454926400805,126.51823841370582,133.6112434387207,140.70424846373555,10.617377463847937,0.9698216653899386,92.71866898857304,87.70600645620762,-0.008126061865498135,0
2023-12-27,139.13624572753906,140.83122273553664,138.6604688106895,140.34552403156647,19628600,-1.139892578125,-0.008126061865498135,135.20579702619574,132.37698516845703,123.36965408325196,62.033897121934906,2.8654729618377943,170524800.0,1.8550761943459406,0.8344245613646881,1.0206516329812525,126.3399242950441,133.76835098266602,141.19677767028796,11.106403918494173,0.8613076476757601,89.88275624773003,90.06025883355976,-0.0009973204825872717,0
2023-12-28,138.9974822998047,139.8994877320987,138.5217053642322,139.5426512492503,16045700,-0.138763427734375,-0.0009973204825872717,135.5669099093966,132.38709594726564,123.59892112731933,61.585008022177924,2.7592093479827025,154479100.0,1.9179483074535142,0.7178373395778093,1.200110967875705,126.25757296375834,134.02804718017578,141.7985213965932,11.5952957308577,0.8197639539894176,84.80890597670846,89.13677707100385,-0.003850883143112771,0
2023-12-29,138.46221923828125,139.12632856419143,137.56021390956434,138.40274901874815,18733000,-0.5352630615234375,-0.003850883143112771,135.84265365500465,132.42139099121093,123.8149059677124,59.78779535298987,2.6739882984573016,135746100.0,1.9026510771176675,0.56203208739357,1.3406189897240974,126.4841175802697,134.3829002380371,142.28168289580452,11.75563653377926,0.7582245376907965,80.11296923262256,84.93487715235368,-0.0108811076605696,0
2024-01-02,136.95559692382812,138.22434556103968,135.28044822126745,137.33226187460795,23711200,-1.506622314453125,-0.0108811076605696,135.94864825203547,132.42971771240235,124.00249267578126,54.92880100998933,2.710258492639909,112034900.0,1.7487970387828398,0.3265424392469938,1.422254599535846,126.91024646888769,134.69562683105468,142.48100719322167,11.559960104617199,0.6451419190612545,74.46762979745797,79.79650166892965,0.005428096549704886,1
2024-01-03,137.69900512695312,138.40277146312937,135.87518085036012,136.04368487458785,24212100,0.743408203125,0.005428096549704886,136.11534890678954,132.4955340576172,124.18735355377197,56.7946604069171,2.697210786934862,136247000.0,1.6676300330571792,0.19630034681706654,1.4713296862401126,127.90135526532173,135.17388763427735,142.44642000323296,10.760262201871376,0.6736064801481527,71.10608694971218,75.22889532659757,-0.018211945114060546,0
2024-01-04,135.1912384033203,137.93689651353586,135.15159662676552,137.20339508752366,27137700,-2.5077667236328125,-0.018211945114060546,136.02733838264962,132.49335388183593,124.36165798187255,49.369839423412714,2.703502865494538,109109300.0,1.3849835516654139,-0.06907690765975905,1.454060459325173,128.59239792537812,135.4415153503418,142.29063277530548,10.113763726354225,0.48172925564764885,62.63805804572349,69.40392493096455,-0.004839223227639411,0
2024-01-05,134.53701782226562,135.9544569222083,133.9621138280285,135.54805692417742,22513900,-0.6542205810546875,-0.004839223227639411,135.88540309118446,132.4322952270508,124.5143539428711,47.62081041526216,2.652705738972057,86595400.0,1.095565053491839,-0.28679632466666716,1.3823613781585062,129.54909596255482,135.72450561523436,141.8999152679139,9.099918433574889,0.4038535206766825,54.06609159090683,62.6034121954475,0.02291318901696693,1
2024-01-08,137.61968994140625,137.78819394542484,135.06236452075504,135.09209963177744,21404000,3.082672119140625,0.02291318901696693,136.05057326739606,132.69456954956055,124.69014514923096,55.60229430273208,2.695453623556854,107999400.0,1.1022387632474988,-0.22409809192880603,1.3263368551763048,129.58874237791068,135.8191665649414,142.04959075197215,9.17458757052773,0.644494445515669,51.22670454569256,55.97695139410763,0.015197397861680173,1
2024-01-09,139.71115112304688,140.24641339378692,136.9357580192586,137.2826878289855,24759600,2.091461181640625,0.015197397861680173,136.39919972983898,133.06468765258788,124.86534168243408,60.05011763356251,2.7393966057691017,132759000.0,1.2617465359419668,-0.051672255387470445,1.3134187913294373,129.73597563559937,136.1145462036133,142.4931167716272,9.37235695363849,0.7819287551249479,59.70910344062759,55.000633192409,0.009436212540041566,1
2024-01-10,141.0294952392578,141.7431683457984,139.6715410537443,139.76074641089212,21320200,1.3183441162109375,0.009436212540041566,136.84018025454554,133.4633531188965,125.04792289733886,62.59397205928389,2.691698797646602,154079200.0,1.4775051872271945,0.13126911671820563,1.3462360705089889,130.1157391824585,136.56009674072266,143.00445429898681,9.438126820457107,0.8467683518587248,76.79671565715903,62.577507881159725,-0.0014058953039699507,0
2024-01-11,140.8312225341797,143.9436236258308,139.40387666099627,142.2288332953947,24008700,-0.198272705078125,-0.0014058953039699507,137.2202795192726,133.81265594482423,125.2442818069458,61.955014455845046,2.8237022381600254,130070500.0,1.6138925735871226,0.21412520246250688,1.3997673711246157,130.79993708912477,137.03389511108398,143.2678531330432,9.098417609607855,0.8045679333835395,78.89060964429105,71.79880958069255,0.0040116950890702885,1
2024-01-12,141.3961944580078,141.94136334539857,140.57350292074238,141.41602290609686,18785500,0.564971923828125,0.0040116950890702885,137.61798570391403,134.18079132080078,125.45055271148682,63.110568110771275,2.7197135371954655,148856000.0,1.7474258351877552,0.27812677125051133,1.4692990639372439,131.58933866029872,137.53346328735353,143.47758791440833,8.643895798123742,0.8249201028754499,78.04163971501869,77.90965500548958,-0.0011215619722613202,0
2024-01-16,141.23760986328125,143.08126226290798,140.20674232549314,140.75191120368166,22670500,-0.1585845947265625,-0.0011215619722613202,137.96271181432996,134.49877166748047,125.65424644470215,62.536393037549836,2.7307711372111356,126185500.0,1.819481604267736,0.2801460322643936,1.5393355720033424,132.7778505178615,138.05632629394532,143.33480207002913,7.646843745276894,0.8013449056401828,72.06219569486494,76.33148168472489,-0.007158377329316679,0
2024-01-17,140.22657775878906,140.59332087480647,137.67915902138483,140.1076373156861,20968600,-1.0110321044921875,-0.007158377329316679,138.17831809475464,134.77591415405274,125.85536308288575,58.859767334055434,2.7898911161172273,105216900.0,1.7745485876129123,0.18817041248765598,1.5863781751252564,134.10711352305952,138.49592819213868,142.88474286121783,6.337824839139598,0.6971659431011591,70.04297953872874,73.38227164953746,0.014208006212044655,1
2024-01-18,142.2189178466797,142.9425126026269,140.74202347084398,140.80149369743117,25746400,1.992340087890625,0.014208006212044655,138.5631371187475,135.0609866333008,126.05236618041992,63.42332949989269,2.7846085252401274,130963300.0,1.87805499368244,0.23334145484574687,1.6447135388366931,134.58369186634968,138.87655334472657,143.16941482310347,6.182269612813516,0.8892933092284221,72.79047100157008,71.63188207838793,0.020211772832217756,1
2024-01-19,145.09341430664062,145.16279118468964,143.11099308151773,143.4678295070268,34271900,2.8744964599609375,0.020211772832217756,139.18506827949923,135.3807507324219,126.26061954498292,68.80064830442417,2.7959845832951147,165235200.0,2.167051981070756,0.41787075378725014,1.749181227283506,134.5756047965294,139.35877532958983,144.14194586265026,6.864541571563057,1.0994600168877509,81.62075970249354,74.81807008093078,-0.002664257119846969,0
2024-01-22,144.70684814453125,147.0857476531187,144.55815747232313,145.80709257030463,32200400,-0.386566162109375,-0.002664257119846969,139.71095207616895,135.67851013183594,126.46515586853027,67.36631155557949,2.7768135545451464,133034800.0,2.3379411863939197,0.47100796728833094,1.8669332191055887,134.53932511489114,139.73791427612304,144.93650343735493,7.440484836433793,0.977911767433334,87.99158619124903,80.80093896510421,0.007192275263541825,1
2024-01-23,145.74761962890625,145.88638852663772,144.22116175386006,144.60773333501743,21636100,1.040771484375,0.007192275263541825,140.28587279547727,135.97983825683593,126.67613498687744,69.22647890966437,2.6974144987046116,154670900.0,2.5282100418947664,0.529021458231342,1.9991885836634244,134.25591745772692,140.0660041809082,145.8760909040895,8.296212570863407,0.9889441172477973,90.35248104382934,86.65494231252397,0.011289489762886573,1
2024-01-24,147.39303588867188,148.5329373289827,146.79831851190932,147.23443853833155,25233500,1.645416259765625,0.011289489762886573,140.96274547101962,136.34579315185547,126.87576484680176,71.94881734432994,2.703693298802601,179904400.0,2.7797278492126907,0.6244314124394128,2.155296436773278,133.79182535586423,140.42333602905273,147.05484670224124,9.445026532935355,1.025498653557021,87.95122140253527,88.76509621253787,0.021318073823314743,1
2024-01-25,150.53517150878906,151.70480805664835,148.225648650222,148.7510042615379,29149100,3.1421356201171875,0.021318073823314743,141.8744050936643,136.72800415039063,127.1009183883667,76.2665825877614,2.818556075172163,209053500.0,3.1957628434544745,0.8323731253449571,2.3633897181095174,132.97576219739116,140.936287689209,148.89681318102683,11.296630019618918,1.1029051618166545,91.79609489066927,90.03326577901129,0.002107146813943972,1
2024-01-26,150.8523712158203,151.19928591444616,149.68273462913356,149.7719550941985,26115500,0.31719970703125,0.002107146813943972,142.7294494862506,137.12647094726563,127.33306003570557,76.65720153509861,2.725555733039337,235169000.0,3.5106009170714003,0.9177689591695062,2.592831957901894,132.52126053388432,141.52209396362304,150.52292739336175,12.720039928256433,1.0183007398720476,93.48751391552878,91.07827673624445,0.008673349813443032,1
2024-01-29,152.1607666015625,152.42839775623318,150.0990462936262,150.72351394629885,27784300,1.3083953857421875,0.008673349813443032,143.62767016389932,137.5207748413086,127.57526248931885,78.24754939464871,2.6972554280084546,262953300.0,3.821635496493485,0.9830428308732726,2.8385926656202125,132.14811881650888,142.18025817871094,152.212397540913,14.111859818952277,0.9974267233794104,95.51941557011355,93.60100812543719,-0.013354281304226778,0
2024-01-30,150.12876892089844,152.26977239045794,149.86113781545077,151.45698753735525,36331800,-2.0319976806640625,-0.013354281304226778,144.24682242647066,137.8546142578125,127.79347755432129,70.24342590487593,2.6766396527940772,226621500.0,3.8596754745462363,0.816866247140819,3.0428092274054173,132.31591902100746,142.7635856628418,153.21125230467612,14.636318628908782,0.8524798172907398,92.51965101051628,93.84219349871954,-0.07500305676309982,0
2024-01-31,138.86865234375,142.734368781717,138.64066294828885,142.3577038019794,71910000,-11.260116577148438,-0.07500305676309982,143.73461575192584,137.91745788574218,127.94825527191162,43.61736872028278,3.3060301042094706,154711500.0,2.9472510526264557,-0.07644653982316951,3.023697592449625,132.59255956859462,142.8592384338379,153.12591729908118,14.373139571226352,0.3056535057506476,63.58193205483267,83.87366621182083,0.007565848461514202,1
2024-02-01,139.9193115234375,141.80260587734793,139.5525532652903,140.87086536289783,40466500,1.0506591796875,0.007565848461514202,143.37125344445076,138.03342956542969,128.1226587677002,45.68615386556152,3.2794532063086463,195178000.0,2.282614975113063,-0.59286609386925,2.875481068982313,132.88271541130658,142.97025375366212,153.05779209601766,14.111380622904091,0.3487766724308582,35.88717584999414,63.996252971781026,0.008642545621735387,1
2024-02-02,141.12857055664062,141.36645142167342,135.30024736856095,138.03598318915266,62499600,1.209259033203125,0.008642545621735387,143.15766459799266,138.15495208740234,128.31039405822753,48.048847442536854,3.4785068382232054,257677600.0,1.8323411053497125,-0.8345119709060804,2.666853076255793,133.78125434324772,143.26712036132812,152.75298637940853,13.242209369681595,0.3872770393018757,19.09359344818219,39.520900451003,0.009130606740056946,1
2024-02-05,142.4171600341797,144.1914358303926,141.5250763668689,141.56473326856243,38505400,1.2885894775390625,0.009130606740056946,143.08714035382,138.28797271728516,128.5061582183838,50.51895372873161,3.4488181550466894,296183000.0,1.5614745149359521,-0.8843028490558726,2.4457773639918248,135.04357351832374,143.66112747192383,152.27868142552393,11.997057388101386,0.42782363508008775,30.255657605717005,28.412142301297777,0.0029233560019761295,1
2024-02-06,142.83349609375,144.08241637721628,141.93149054890756,143.37864998654152,29128200,0.4163360595703125,0.0029233560019761295,143.06298375762285,138.39918701171874,128.69850284576415,51.32423458268907,3.3561115602796914,325311200.0,1.3646745127833526,-0.8648822809667776,2.22955679375013,135.7470028183407,143.92181777954102,152.09663274074134,11.36007741886985,0.4334344758287217,39.85346562118502,29.73423889169474,0.009992803984643972,1
2024-02-07,144.26080322265625,144.34010189614554,142.66495333978824,143.48766006197988,25208900,1.42730712890625,0.009992803984643972,143.17706180191175,138.57463134765624,128.89738922119142,54.08315174373085,3.236042774285235,350520100.0,1.3087938887556447,-0.7366103239955883,2.045404212751233,136.20589772600692,144.1493003845215,152.09270304303607,11.021076949142822,0.5070185815152675,45.94914747653587,38.6860902344793,0.0025422359152620366,1
2024-02-08,144.62754821777344,145.0438548719161,143.8246700187359,144.54824955155473,22563800,0.3667449951171875,0.0025422359152620366,143.31520336532714,138.76296142578124,129.09533390045166,54.79219179420335,3.0919814942063035,373083900.0,1.2793537539996294,-0.612840367001283,1.8921941210009123,136.5146465321445,144.32920303344727,152.14375953475005,10.828794640391394,0.5190890669404226,50.25081487506721,45.351142657596036,0.021177507258413497,1
2024-02-09,147.69039916992188,148.12653431225093,144.89517764390865,145.3907830102507,26829500,3.0628509521484375,0.021177507258413497,143.73188868005045,138.99688751220702,129.3190997314453,60.30508883855895,3.1210532513685307,399913400.0,1.4860385818806776,-0.32492443129618787,1.8109630131768655,136.89982858302307,144.6721618652344,152.4444951474457,10.74475307758439,0.6941654581125196,59.702901968035064,51.96762143987939,-0.009865753187455195,0
2024-02-12,146.2333221435547,148.02741119835667,146.07472479210762,147.11549911454978,21564100,-1.4570770263671875,-0.009865753187455195,143.9701204384794,139.24548278808595,129.5362740325928,56.759054680437785,3.03759847671714,378349300.0,1.5148021619419296,-0.23692868098794873,1.7517308429298784,137.26442751538838,144.9140182495117,152.56360898363505,10.55741994670569,0.586233626078701,63.54164866329632,57.831788502132866,-0.01620016054598572,0
2024-02-13,143.86431884765625,145.3808699923918,142.42706637302987,143.6462512860247,27837700,-2.3690032958984375,-0.01620016054598572,143.96004409649623,139.49546600341796,129.72237384796142,51.460794539759604,3.0925025691319736,350511600.0,1.331094707765061,-0.33650890813185397,1.667603615896915,137.5644165621759,145.04535369873048,152.52629083528507,10.315307516975725,0.4210637096986644,62.05631729779074,61.76695597637404,0.005511920929050618,1
2024-02-14,144.65728759765625,145.23219160120888,142.82354180831294,144.79605648646725,22704200,0.79296875,0.005511920929050618,144.02644823946386,139.77459045410157,129.91367755889894,53.04092430969323,3.043655942257972,373215800.0,1.2352519620963847,-0.3458813230404245,1.5811332851368092,138.11467923205205,145.26688919067382,152.4190991492956,9.846992660845032,0.4573836900381597,56.153536391085886,60.58383411739098,-0.02172113423049582,0
2024-02-15,141.51516723632812,142.25857532101722,139.22547275543386,141.88191038487835,37590700,-3.142120361328125,-0.02172113423049582,143.7872786201176,140.04221801757814,130.08996452331542,46.571420082978705,3.2142387208268595,335625100.0,0.8954310702888222,-0.5485617718783897,1.443992842167212,138.01323836768364,145.23170166015626,152.45016495262888,9.940616559549651,0.24256747778272136,46.97146905274212,55.06044091387292,-0.01575972322768482,0
2024-02-16,139.28492736816406,141.9314580380152,138.90826247425002,141.7332189292563,31468900,-2.2302398681640625,-0.01575972322768482,143.3584832627887,140.23114288330078,130.26441761016846,42.59968940509299,3.200592781036739,304156200.0,0.4410744154830297,-0.8023347413473456,1.2434091568303753,137.27069537199867,144.94127731323243,152.6118592544662,10.584399535346824,0.13129590503021316,38.13193892407451,47.085648122634176,0.004269746303122712,1
2024-02-20,139.879638671875,140.83120752749184,138.26397563661223,138.432479628036,25144700,0.5947113037109375,0.004269746303122712,143.02716473032072,140.45119140625,130.4413981628418,43.97185293424407,3.1553527174540874,329300900.0,0.12751184787728675,-0.8927178471624708,1.0202296950397576,136.7175704712464,144.6999168395996,152.68226320795281,11.032966075857066,0.1980663363071368,31.823129268811886,38.97551241520951,0.010133354394036509,1
2024-02-21,141.29708862304688,141.43585751636738,139.44351432516038,140.20675080076072,23223300,1.417449951171875,0.010133354394036509,142.86239557724704,140.56260375976564,130.6290343093872,47.2109340963734,3.0722806084364387,352524200.0,-0.006537026340026841,-0.8214133771038277,0.8148763507638008,136.37701418511557,144.47739028930664,152.5777663934977,11.213347760463545,0.30369419732163405,35.31295484867096,35.089341013852454,0.010803186074885618,1
2024-02-22,142.82354736328125,143.7255527379726,141.5448922041246,143.65616072853092,27191900,1.526458740234375,0.010803186074885618,142.85869574734554,140.74300354003907,130.81994148254395,50.527878017957924,3.026293716042817,379716100.0,0.010282211329950997,-0.6436753115470799,0.6539575228770309,136.23304833618224,144.2489158630371,152.26478338989196,11.113937985455431,0.4110908148755852,47.03759976674187,38.057894628074905,-0.0009020218194623064,0
2024-02-23,142.69471740722656,143.40837528845117,142.16936175385501,142.40725779738116,19493800,-0.1288299560546875,-0.0009020218194623064,142.8430787625723,140.9545281982422,130.99930118560792,50.2409529506041,2.898630845939484,360222300.0,0.013065467011983856,-0.5127136446920377,0.5257791117040216,136.35895280329103,143.85689315795898,151.35483351262693,10.42416555796877,0.42250033370771695,50.11149942347823,44.15401801296369,-0.044387396821584546,0
2024-02-26,136.36087036132812,141.18806188186093,136.18244456120365,140.89069563143732,53641800,-6.3338470458984375,-0.044387396821584546,142.22572558150145,141.0546405029297,131.1490732192993,38.627334185534714,3.156748131659729,306580500.0,-0.49016696558248896,-0.8127568618292085,0.3225898962467195,135.67780253781964,143.13231811523437,150.5868336926491,10.416257733509452,0.0458157083726541,35.02467850689746,44.05792589903918,0.009522359085937682,1
2024-02-27,137.6593475341797,138.02609065509074,135.8850719026194,136.8069057229925,33099200,1.2984771728515625,0.009522359085937682,141.79083243413749,141.17973083496094,131.283530960083,41.60735486016948,3.0841960331462737,339679700.0,-0.7752692170391811,-0.8782872906287205,0.1030180735895394,135.8380009397784,142.40724716186523,148.97649338395206,9.225999874318179,0.13862675661917187,20.304232357856883,35.14680342941086,-0.01800115566532612,0
2024-02-28,135.1813201904297,136.796983347661,134.21984460085443,136.68794956560583,37328600,-2.47802734375,-0.01800115566532612,141.1613550775939,141.26775024414061,131.38171043395997,37.831982058952626,3.1095750974447727,302351100.0,-1.187482344980566,-1.0324003348560844,-0.1550820101244817,135.37981436295982,141.6598747253418,147.9399350877238,8.8663926529063,-0.015803524255843693,7.6338630487387436,20.987591304497695,0.015251528827011418,1
2024-02-29,137.2430419921875,137.63952022756177,135.20113521845195,136.0734054858856,42133000,2.0617218017578125,0.015251528827011418,140.7881824027933,141.38392028808593,131.4855397796631,42.506303957984045,3.063048307422438,344484100.0,-1.3324409499798264,-0.9418871518842757,-0.3905537980955507,135.11668815251625,141.57859420776367,148.0405002630111,9.128365896563023,0.16452992518705348,14.38230213793076,14.106799181508796,-0.009533529900960125,0
2024-03-01,135.93463134765625,137.6494215802847,135.71656378920932,137.21328646339086,31151100,-1.30841064453125,-0.009533529900960125,140.3259394451612,141.41048461914062,131.58778312683106,40.4288032972835,2.982320413397648,313333000.0,-1.5352026326629016,-0.9157190676538807,-0.6194835650090209,134.49331106657917,141.3793601989746,148.26540933137005,9.741236801049528,0.10465509709307666,13.690701203519538,11.90228879672968,-0.02763606721226608,0
2024-03-04,132.1779327392578,134.46762668715786,130.7505871289636,134.46762668715786,55999400,-3.7566986083984375,-0.02763606721226608,139.54993880650372,141.34506378173828,131.6563748550415,35.121139624658774,3.1395863994901494,257333600.0,-1.9762459752336952,-1.0854099281797394,-0.8908360470539558,132.96080529655106,140.93182830810548,148.9028513196599,11.311884770455334,-0.04910740792984979,14.638148148215544,14.237050496555282,-0.005099271992688448,0
2024-03-05,131.50392150878906,132.06891886657937,129.5215001124862,130.72087171210643,40194800,-0.67401123046875,-0.005099271992688448,138.7836514448166,141.23266082763672,131.7150050354004,34.25228421321958,3.1050754157245404,217138800.0,-2.3530387095902654,-1.1697621300290475,-1.183276579561218,131.45968536434467,140.38616638183595,149.31264739932723,12.717037935507367,0.0024778042073756467,11.597860135373457,13.308903162369512,-0.009572603040458039,0
2024-03-06,130.24508666992188,132.4059339725702,129.6999328564518,131.94997037211849,35318600,-1.2588348388671875,-0.009572603040458039,137.97045479958854,141.05384613037108,131.75747840881348,32.628735020899505,3.076570108609817,181820200.0,-2.7218513095845083,-1.2308597840186324,-1.4909915255658759,129.8841678360822,139.75674591064453,149.62932398520684,14.128231178013385,0.01827885437389478,9.156208361853231,11.797405548480745,0.022678871971528736,1
2024-03-07,133.1988983154297,133.75397388585452,130.45324044956945,131.62286181229678,37738200,2.9538116455078125,0.022678871971528736,137.51602084871627,140.91289611816407,131.81506778717042,39.835123505648376,3.107449901990019,219558400.0,-2.744157103561321,-1.0025324623963559,-1.741624641164965,129.16433261080365,139.2036506652832,149.24296871976273,14.423929266940268,0.20093823518350493,14.534100897938126,11.762723131721605,0.007664741011416343,1
2024-03-08,134.21983337402344,136.87627056964266,132.82222277313073,133.03038365770627,39370400,1.02093505859375,0.007664741011416343,137.20209823207887,140.79177001953124,131.86641242980957,42.1388454870392,3.175064037313012,258928800.0,-2.6489185944124642,-0.7258351625979995,-1.9230834318144647,128.74401667471892,138.6832649230957,148.62251317147246,14.333738470735314,0.2754643290149635,21.35380716530965,15.01470547503367,0.016689875470528248,1
2024-03-11,136.45994567871094,137.8773845373366,134.93348818640112,134.93348818640112,32437800,2.2401123046875,0.016689875470528248,137.13141703652002,140.7382440185547,131.94129821777344,46.93964475321004,3.209527403455881,291366600.0,-2.365416004883002,-0.3538660584548299,-2.0115499464281723,129.05033876775562,138.12174224853516,147.1931457293147,13.135373668334601,0.40840466013085913,35.938515658146656,23.94214124046481,0.0060291585444276485,1
2024-03-12,137.28268432617188,138.15495459716567,135.82560336197784,135.82560336197784,27563400,0.8227386474609375,0.0060291585444276485,137.14582344505828,140.70394805908202,132.0285248184204,48.6256148965851,3.1466576771510204,318930000.0,-2.0507107106692217,-0.03132861139283927,-2.0193820992763825,129.39952124577317,137.67421035766603,145.94889946955888,12.020681419411678,0.4763419491536287,45.52213266853571,34.27148516399734,0.009313925884726793,1
2024-03-13,138.5613250732422,139.8499018963494,137.76836868179808,137.77827534305533,23347200,1.2786407470703125,0.009313925884726793,137.28063312393294,140.70593017578125,132.10935791015626,51.21976408004892,3.1052690980814845,342277200.0,-1.6787769794172505,0.2724840958873056,-1.951261075304556,129.61912046706234,137.4090606689453,145.19900087082826,11.338321016036895,0.5739584884116546,56.19505401884197,45.885234115174775,0.023678537742731764,1
2024-03-14,141.84225463867188,142.32793819304158,139.22545904327845,139.94903860620198,42753400,3.2809295654296875,0.023678537742731764,137.71507326819378,140.80366333007814,132.2009953689575,57.19283688921043,3.1525079567756205,385030600.0,-1.1065179713147302,0.6757944831918608,-1.782312454506591,129.91798880511868,137.2683090209961,144.61862923687352,10.709420503975375,0.811139207771901,71.98143841019736,57.89954169919167,-0.013417279723022535,0
2024-03-15,139.93911743164062,141.9215388042357,138.7992311922684,141.24752279739727,49475400,-1.90313720703125,-0.013417279723022535,137.92688699804586,140.84846557617186,132.28777580261232,53.12893774580872,3.150350789289312,335555200.0,-0.7973742182760475,0.7879505889844349,-1.5853248072604824,129.99076702171465,137.18950653076172,144.3882460398088,10.494592029796264,0.6909786357336108,80.88346751211446,69.68665331371794,0.04604052971033856,1
2024-03-18,146.38198852539062,150.81270155253688,145.87647651462308,147.3038223387608,69273700,6.44287109375,0.04604052971033856,138.7321347625549,141.0722805786133,132.41073539733887,62.77288257177534,3.7020103129755224,404828900.0,-0.032119461627218016,1.2425642765066116,-1.2746837381338296,129.3382426569938,137.54435958862305,145.7504765202523,11.93232053451361,1.0384781261588079,85.5813863026313,79.48209740831437,-0.004401201256294729,0
2024-03-19,145.73773193359375,147.4822576070713,144.79608463895917,146.8578050483476,24070400,-0.644256591796875,-0.004401201256294729,139.39933449313003,141.29629486083985,132.52626110076903,61.41216362753793,3.6294505026281363,380758500.0,0.5164114539130367,1.4328761536374932,-0.9164646997244564,128.93037102644385,137.83726425170897,146.7441574769741,12.923781204769073,0.943502997177201,78.90021985895557,81.78835789123377,0.011630112988411323,1
2024-03-20,147.43267822265625,147.5516186613226,145.45025691328723,146.69917689330697,21311500,1.6949462890625,0.011630112988411323,140.164414848323,141.49255462646485,132.64555335998534,63.64492910180537,3.5203013058715107,402070000.0,1.07549650249328,1.5935689617741893,-0.5180724592809092,128.39844938103056,138.14404373168946,147.88963808234837,14.10932254102436,0.9765555674056337,79.82624260346525,81.4359495883507,-0.007664444800472903,0
2024-03-21,146.3026885986328,149.0483310331233,145.6088290884326,148.15624755525624,24755600,-1.1299896240234375,-0.007664444800472903,140.7490123483525,141.62438537597657,132.75255447387696,61.106397585122096,3.5145299229300244,377314400.0,1.4111281061312582,1.543360452329734,-0.13223234619847568,128.13032631025905,138.31800079345703,148.505675276655,14.730800654660555,0.8918798062474672,79.70209127741772,79.47618457994618,0.021477054926354988,1
2024-03-22,149.44483947753906,150.24771771386577,147.67056387842288,147.8093327695821,29211800,3.14215087890625,0.021477054926354988,141.577186360656,141.7926922607422,132.8688235092163,65.25625046964007,3.5452798652373767,406526200.0,1.9086620183400953,1.6327154916308568,0.2759465267092385,127.50816425162307,138.65550689697267,149.80284954232226,16.07919208521963,0.9839419099164161,85.50590896298979,81.67808094795758,-0.004642834497836756,0
2024-03-25,148.75099182128906,149.0582647076252,146.52076782406607,148.622129594887,19229300,-0.69384765625,-0.004642834497836756,142.2604059283353,141.95108764648438,133.0054619216919,63.64145905291195,3.500907850111349,387296900.0,2.2213669853174736,1.556336366886588,0.6650306184308856,127.3561712158328,139.2750129699707,151.1938547241086,17.1155493005881,0.8975209607942213,87.54257066460796,84.25019030167182,0.003998032526905337,1
2024-03-26,149.345703125,150.92172438957977,148.66176537347607,148.8996613684721,22149100,0.5947113037109375,0.003998032526905337,142.93519613754145,142.11007781982423,133.1468581008911,64.45339029494076,3.4122686476822306,409446000.0,2.488490388398475,1.4587678159740713,1.0297225724244035,127.19225670812911,139.8593307495117,152.5264047908943,18.11402067134062,0.8744500247056607,92.03682860172229,88.36176940977334,0.0013274046949585117,1
2024-03-27,149.5439453125,150.30718174477965,147.59125913003174,149.85121819279237,22879200,0.1982421875,0.0013274046949585117,143.56460082087085,142.2762045288086,133.2887994003296,64.73608514803965,3.3625296453297793,432325200.0,2.685230432682431,1.324406288206422,1.360824144476009,127.43312824332627,140.57746200561525,153.72179576790424,18.700485233918858,0.8410778921564489,91.64092620478554,90.40677515703861,0.00039783635793710914,1
2024-03-28,149.6034393310547,150.09904473286645,148.8501245651844,149.5241557764802,24485400,0.0594940185546875,0.00039783635793710914,144.13972829803123,142.4637417602539,133.42405014038087,64.82649116113659,3.2115575397835134,456810600.0,2.813516538001238,1.1621539148201832,1.651362623181055,127.58241102864599,141.1954818725586,154.80855271647118,19.282587039434585,0.8088192794594878,92.14755381329628,91.9417695399347,0.030212625725298592,1
2024-04-01,154.12335205078125,154.3711547175217,149.28623915611158,149.36553782442945,31730800,4.5199127197265625,0.030212625725298592,145.09054960781694,142.70183044433594,133.58095874786378,70.92504975392521,3.3453688270425577,488541400.0,3.2425255663858934,1.2729303545638704,1.969595211822023,127.61705892119986,142.10491790771485,156.59277689422984,20.390369594279115,0.9147760602257696,94.26874117388483,92.68574039732222,-0.005981014249807015,0
2024-04-02,153.2015380859375,153.34030699227824,150.8127164395867,152.1508570629753,24586000,-0.92181396484375,-0.005981014249807015,145.86302470097127,142.86399291992188,133.73405128479004,68.32322649892781,3.342887883053415,463955400.0,3.468156875572788,1.1988493310006119,2.269307544572176,128.65106018253024,143.15609817504884,157.66113616756743,20.26464562450156,0.846274167502005,94.45792374623299,93.62473957780469,0.0023290335586405586,1
2024-04-03,153.558349609375,153.716946940742,151.3875959008957,152.2499594372824,24705000,0.3568115234375,0.0023290335586405586,146.5959127874859,143.04102294921876,133.88189029693604,68.80032546735559,3.270492394252907,488660400.0,3.6338739843487247,1.0916531518212387,2.542220832527486,130.1160167480999,144.25881958007812,158.40162241205635,19.607539938488895,0.8287725262021524,95.46647724449821,94.73104738820534,-0.02833727493143612,0
2024-04-04,149.20692443847656,153.40966265921364,149.12762577868838,152.15082101266947,34724700,-4.3514251708984375,-0.02833727493143612,146.8445805637707,143.11020904541016,134.01570362091064,57.438503370366945,3.3533660682838864,453935700.0,3.3751754207898443,0.6663636706098868,2.7088117501799576,132.477293824951,145.20691146850587,157.93652911206073,17.533074031831887,0.657114419379122,84.85729604767373,91.59389901280163,0.013087281438473042,1
2024-04-05,151.15963745117188,152.07154951460475,148.28513236262637,148.71134571985755,23459200,1.9527130126953125,0.013087281438473042,147.2555383625708,143.18554107666014,134.16141159057617,60.584217338852284,3.384298288547779,477394900.0,3.28979980168333,0.46479044120269775,2.825009360480632,134.39743813505052,146.10494842529297,157.81245871553543,16.026165323522616,0.7158737810417172,76.02539476901747,85.44972268706313,0.015409839176661277,1
2024-04-08,153.48898315429688,153.9052898339039,151.26866573838439,151.4371697426533,20702000,2.329345703125,0.015409839176661277,147.84919977130664,143.24461730957032,134.33140426635742,64.00211845689257,3.3386807238466543,498096900.0,3.3712362268299785,0.4369814930794771,2.9342547337505014,136.29777929915414,147.06840591430665,157.83903252945916,14.647097788532914,0.7980595962243052,74.69421836980989,78.52563639550037,0.011301360943086758,1
2024-04-09,155.22361755371094,157.16638225469364,153.82600669377314,154.71809036518897,31079500,1.7346343994140625,0.011301360943086758,148.55152527439276,143.33204223632814,134.4971842956543,66.34271777470832,3.362874893600234,529176400.0,3.5349964410511063,0.48059336584048395,3.0544030752106224,137.84394942177212,148.00658950805663,158.16922959434115,13.732685983864679,0.8550764360628296,80.22146997146159,76.98036103676297,-0.002937656392307475,0
2024-04-10,154.7676239013672,155.23349409762253,153.32044975721098,154.8370159038482,22838600,-0.45599365234375,-0.002937656392307475,149.14353466743793,143.38417938232422,134.66469886779785,65.14361200783294,3.2593155683724704,506337800.0,3.5866381814527415,0.425788084993695,3.1608500964590465,139.58761792985945,148.8808364868164,158.17405504377336,12.484103093791907,0.8167248988319498,84.48330562966665,79.79966465697937,0.02094282958509397,1
2024-04-11,158.00889587402344,158.27651186403895,155.0848274346832,155.5308692093835,27166400,3.24127197265625,0.02094282958509397,149.98785478235084,143.54178192138673,134.86824398040773,69.3801289753013,3.2771421679652772,533504200.0,3.844787871250503,0.5471502198331648,3.2976376514173382,141.02441774074947,149.85321502685548,158.6820123129615,11.783260418568643,0.9618794940508293,86.79555315359947,83.83344291824257,-0.010538787444577702,0
2024-04-12,156.3436737060547,158.8117940185791,155.75886296974886,156.57166307757163,25353700,-1.66522216796875,-0.010538787444577702,150.5931708703226,143.8912823486328,135.06351249694825,65.00854893525427,3.2611270880270595,508150500.0,3.870388419701385,0.45820061462723727,3.4121878050741477,142.12637119867696,150.57828598022462,159.03020076177228,11.225941013377776,0.8410699158028158,85.6293209707339,85.636059918,-0.0181957320703926,0
2024-04-15,153.49888610839844,157.8403937153416,153.23125499058935,157.46372881803066,27136500,-2.84478759765625,-0.0181957320703926,150.86990565490126,144.16287384033203,135.2353883743286,58.25546217692573,3.357413633507431,481014000.0,3.6194042157435717,0.16577312853553927,3.4536310872080325,144.2803307682484,151.2562744140625,158.23221805987657,9.224005645831935,0.6607389486067328,76.76433254917221,83.06306889116853,-0.002970564836755174,0
2024-04-16,153.04290771484375,154.28192094156586,152.08143224093357,152.83476196257143,20779500,-0.4559783935546875,-0.002970564836755174,151.07685823203863,144.4011605834961,135.4103369140625,57.22926891977397,3.274776138302064,460234500.0,3.345143053433304,-0.08679042701978279,3.431933480453087,144.94802603956074,151.58932037353514,158.23061470750955,8.76221928775644,0.6094355458598327,60.38527324875857,74.25964225622157,0.0069302340420864805,1
2024-04-17,154.10353088378906,155.69938073798713,153.22135395349792,154.25220644098835,21763100,1.0606231689453125,0.0069302340420864805,151.36511277030056,144.63488800048827,135.5876149749756,59.03680851382273,3.230611630076444,481997600.0,3.1767529020983147,-0.2041444626838178,3.3808973647821325,145.85757308915657,152.00761032104492,158.15764755293327,8.091749115586085,0.6703990141617887,52.16981959500529,63.1064751309787,0.0034733990743345267,1
2024-04-18,154.6387939453125,155.56062786894117,153.26101151618397,153.97468451361368,19883000,0.5352630615234375,0.0034733990743345267,151.6768919298255,144.87099395751954,135.76657810211182,59.95654524698422,3.164111967410784,501880600.0,3.051320031719797,-0.26366186644986866,3.3149818981696657,146.49405012066774,152.36791610717773,158.24178209368773,7.710108711309325,0.6933035111245384,54.73904124578917,55.76471136318435,-0.012306984285613942,0
2024-04-19,152.73565673828125,154.98570931530094,150.96139619825826,154.82711196963538,32615600,-1.90313720703125,-0.012306984285613942,151.77772667348796,145.04049102783202,135.92685684204102,55.21002638910185,3.2255549066702054,469265000.0,2.7664563243754685,-0.43882045903535793,3.2052767834108264,147.51673931656336,152.68956451416017,157.86238971175698,6.77561065034944,0.5044552273042685,52.63645469249595,53.18177184443014,0.014212436676322548,1
2024-04-22,154.90640258789062,156.2544497066036,152.7059136863934,152.9537163543577,26446200,2.170745849609375,0.014212436676322548,152.075695808193,145.24606811523438,136.10611728668212,59.179563090855424,3.248624986208777,495711200.0,2.6849108513608826,-0.416292745639955,3.1012035970008376,147.92904952906912,152.96264266967773,157.99623581028635,6.581467282150246,0.6930787673850284,55.17879822090078,54.18476471972863,0.012669590638090478,1
2024-04-23,156.86900329589844,157.57276956282405,154.90641030278562,155.58044145804854,21151600,1.9626007080078125,0.012669590638090478,152.53220128321257,145.4296401977539,136.29831302642822,62.422197933091816,3.2070351282605376,516862800.0,2.746985413582422,-0.2833745467347324,3.0303599603171545,148.45098603511522,153.3685432434082,158.28610045170117,6.4127324995040444,0.8559145226197937,62.24089578952163,56.68538290097279,0.005497459430010121,1
2024-04-24,157.73138427734375,158.1675194626567,155.78860439495244,156.10579912051713,22779100,0.8623809814453125,0.005497459430010121,153.02736156836792,145.6596014404297,136.5098374938965,63.78357332664233,3.1478836953636615,539641900.0,2.8331085772207985,-0.157801106477085,2.9909096836978835,148.88380851366642,153.7878273010254,158.69184608838438,6.3776423315478885,0.9020740077998478,78.06017988401094,65.15995796481111,-0.019669666996998347,0
2024-04-25,154.6288604736328,155.11455913410575,149.5439450297003,149.99990858082532,57109700,-3.1025238037109375,-0.019669666996998347,153.17988527363124,145.8748922729492,136.70242969512938,55.93277971116457,3.5078519490979327,482532200.0,2.620803076331214,-0.29608528589333627,2.91688836222455,149.53317107103774,154.04207305908204,158.55097504712634,5.8541175128368135,0.565069879108781,75.38224239131083,71.89443935494779,0.10224362001180798,1
2024-04-26,170.4386749267578,173.17442610783888,168.1588873174152,172.83740297886922,64665300,15.809814453125,0.10224362001180798,154.82357952630997,146.39052001953124,136.96519958496094,73.69846938643546,4.581974355177086,547197500.0,3.6857819356974346,0.6151148587783077,3.070667076919127,146.97097200250647,155.08383483886718,163.19669767522788,10.462551232099731,1.4463268637473083,77.67513980015697,77.03918735849291,-0.033730744738367124,0
2024-04-29,164.6896514892578,168.05977693862212,163.75792613748897,167.57407825152322,45610000,-5.7490234375,-0.033730744738367124,155.76320542754308,146.85400970458986,137.17142093658447,63.649662306995644,4.731886814755068,501587500.0,4.019552312714268,0.7591081886361128,3.260444124078155,146.50325779088487,155.612149810791,164.72104183069715,11.707173290750946,0.9982769396447595,69.12763837133184,74.06167352093321,-0.020282771374047215,0
2024-04-30,161.3492889404297,166.62253752967678,161.1708782605576,164.1544172520467,33562900,-3.340362548828125,-0.020282771374047215,156.29521338115134,147.29529693603516,137.35657920837403,58.64609920691589,4.783299132923934,468024600.0,3.9687787886732053,0.56666773167604,3.4021110569971653,146.65317206641484,156.01953735351563,165.38590264061642,12.006656917432188,0.7845154669684998,67.49161546779833,71.43146454642904,0.006634647183750397,1
2024-05-01,162.41978454589844,165.65112595593658,161.6565480783854,162.85591967019158,33493200,1.07049560546875,0.006634647183750397,156.878505873032,147.74609985351563,137.5509059906006,59.738419649229954,4.748908981679859,501517800.0,3.969166374676462,0.4536442541434367,3.515522120533025,146.77113386679744,156.4626091003418,166.15408433388617,12.388231653901514,0.8073410034076912,56.18010872594315,64.26645418835777,0.016843594762025127,1
2024-05-02,165.155517578125,165.26455135719664,162.4495166743879,163.34160023066508,24294500,2.7357330322265625,0.016843594762025127,157.6667927020885,148.22326843261717,137.76332237243653,62.46690406485116,4.612898826652598,525812300.0,4.142472487367428,0.5015602934675218,3.640912193899906,147.46384278392716,157.26003875732422,167.0562347307213,12.458595394999309,0.9029869779168389,56.83726291495679,60.16966236956608,0.0037211169041964087,1
2024-05-03,165.77008056640625,166.4837534702782,161.61690537224646,166.08726012108556,34662400,0.61456298828125,0.0037211169041964087,158.43853440345208,148.68219909667968,137.98738552093505,63.072328512158094,4.631038060322537,560474700.0,4.280070933841586,0.5113269919533434,3.7687439418882422,147.94705613794844,157.99056091308594,168.03406568822345,12.714056734899065,0.8872910815245666,63.073264644190026,58.696878761696645,0.005142256359313757,1
2024-05-06,166.6225128173828,166.66215458769406,164.57069955510775,165.9881386196856,21871300,0.8524322509765625,0.005142256359313757,159.21796091906452,149.16075500488282,138.22973651885985,63.94115984146858,4.449639272627093,582346000.0,4.407100540885352,0.5106852791976877,3.8964152616876646,148.15932194911574,158.64723739624023,169.13515284336472,13.221680527508568,0.8802126104729988,69.00166457475325,62.970730711300014,0.01873894265018139,1
2024-05-07,169.74484252929688,170.2503545716541,166.90997915272567,167.01901294123516,28039700,3.1223297119140625,0.01873894265018139,160.22052107241998,149.82843444824218,138.48363513946532,67.00351011862355,4.390939449887393,610385700.0,4.705476528654856,0.6472490135737532,4.058227515081103,147.96387955153656,159.37329864501953,170.7827177385025,14.317855237339048,0.9545167374122292,75.47540067291169,69.18344329728498,-0.010919602121391203,0
2024-05-08,167.89129638671875,168.65451784133106,167.25692205611742,167.51463142881647,19569100,-1.853546142578125,-0.010919602121391203,160.9510711023532,150.43307342529297,138.72078243255615,63.552960922438274,4.255009522979683,590816600.0,4.737761994551761,0.5436275835765265,4.194134410975234,148.2514796630571,160.02948226928712,171.80748487551713,14.719790927537675,0.8337498886811716,78.46760357291234,74.31488960685908,0.0034240898146711274,1
2024-05-09,168.46617126464844,169.18975081513116,166.70180236639047,167.90117392580035,15346700,0.5748748779296875,0.0034240898146711274,161.6667949273337,151.09877044677734,138.95743396759033,64.16927331025798,4.128790874819756,606163300.0,4.754924250179869,0.4486318713637072,4.306292378816162,148.26223661411623,160.55234603881837,172.8424554635205,15.309784911807682,0.821959103550531,81.06828196673375,78.33709540418592,-0.007707824548287667,0
2024-05-10,167.16766357421875,168.35712840771933,164.72929393982457,166.55311783500412,29799900,-1.2985076904296875,-0.007707824548287667,162.19068717941798,151.69726287841797,139.15260334014891,61.63405554653599,4.1007970498200494,576363400.0,4.610598631846443,0.24344500242422562,4.3671536294222175,148.64022859406055,161.09354553222656,173.54686247039257,15.460975667302254,0.7438755101211904,77.43289405883603,78.98959319949402,0.002905481265117915,1
2024-05-13,167.6533660888672,167.79213497268913,162.55854403329832,162.81625335334653,31327600,0.4857025146484375,0.002905481265117915,162.71094231365123,152.33163757324218,139.34955684661864,62.23507330355027,4.181710899075104,607691000.0,4.483726070140165,0.09325795257435754,4.390468117565807,149.54761340250565,161.80126953125,174.05492565999435,15.146551277680432,0.7387898148981621,77.09726780128504,78.5328146089516,0.007094898661012428,1
2024-05-14,168.8428497314453,169.74485521976186,167.3163917028671,168.2778674212393,25127100,1.189483642578125,0.007094898661012428,163.29493349629828,153.06493591308595,139.53669757843016,63.73344817353356,4.05647894320508,632818100.0,4.428115481087161,0.030117890817082937,4.397997590270078,150.66521544797163,162.59126663208008,174.51731781618852,14.66997758384567,0.7620977808520358,77.62861326360172,77.38625837457425,0.012739120592013764,1
2024-05-15,170.99375915527344,171.13252805375882,169.01133767709646,169.13029325056647,26948400,2.150909423828125,0.012739120592013764,164.02815498762925,153.85473266601562,139.7338991165161,66.3345902310271,3.930278898855682,659766500.0,4.50566559491412,0.08613440371523318,4.419531191198887,151.6421380973921,163.4357780456543,175.2294179939165,14.432139754574136,0.8204261425130586,80.04617958180788,78.25735354889821,0.009680493389089051,1
2024-05-16,172.64906311035156,173.5808035378088,171.17216892717605,171.7668862401435,27867900,1.655303955078125,0.009680493389089051,164.84919385645995,154.70281219482422,139.94517559051513,68.22347112852701,3.8343335762613737,687634400.0,4.647124653788609,0.18207477007177708,4.465049883716832,152.61682975177717,164.33629150390624,176.0557532560353,14.262779870325229,0.8546567147136749,85.33155277169904,81.00211520570286,0.010793541763130188,1
2024-05-17,174.51255798339844,174.72071889069628,172.1633934028928,172.64907697879545,24479300,1.863494873046875,0.010793541763130188,165.7695142495017,155.5290853881836,140.18148021698,70.24733664508307,3.743118712800095,712113700.0,4.853650576924338,0.3108805545660047,4.542770022358333,154.18237071515986,165.4251365661621,176.66790241716436,13.592572548979797,0.9041452760677312,90.92961982692809,85.435784060145,0.004884821920012161,1
2024-05-20,175.36502075195312,177.19876686370955,174.53240727269517,174.64144107055114,22554400,0.8524627685546875,0.004884821920012161,166.6833720116399,156.3519891357422,140.42170024871825,71.15247638847687,3.6676251533365964,734668100.0,5.0281491070501545,0.38830326775345725,4.639845839296697,155.5006595604848,166.44806747436525,177.3954753882457,13.154142406088878,0.9072632237573738,93.06241557572837,89.77452939145182,0.005256544098082294,1
2024-05-21,176.28683471679688,176.584185836624,174.2647563539197,175.34517242175946,16989400,0.92181396484375,0.005256544098082294,167.59798750736914,157.1485269165039,140.66821437835694,72.13950811427215,3.5713254625771462,751657500.0,5.181098652269611,0.4330022503783315,4.74809640189128,156.59843261066126,167.41895904541016,178.23948548015906,12.92628564464312,0.9097709905734591,93.61424968356671,92.53542836207437,-0.00826554941715385,0
2024-05-22,174.82972717285156,175.5929484307021,173.6700126076697,175.08743647911203,17880000,-1.4571075439453125,-0.00826554941715385,168.28672461836746,157.8994677734375,140.89049335479737,68.16903095403283,3.5031466516164347,733777500.0,5.12565055852545,0.302043325307336,4.823607233218114,157.96008276110518,168.27387619018555,178.5876696192659,12.258341773055214,0.8178195795632962,89.0583934139719,91.91168622442233,-0.016044663993225128,0
2024-05-23,172.02464294433594,176.68333083049927,171.42991039517594,175.5137093084088,21024900,-2.805084228515625,-0.016044663993225128,168.64271683988827,158.56873413085938,141.09939113616943,61.1872034787204,3.6281662075954992,712752600.0,4.8000289448154945,-0.018862630722096263,4.818891575537591,160.84158353335533,169.1436653137207,177.44574709408607,9.816603849712031,0.6735093502348302,81.20060264198032,87.95774857983963,0.00829719721119937,1
2024-05-24,173.45196533203125,174.22510846580246,172.12373150315187,173.44204354526818,16579400,1.4273223876953125,0.00829719721119937,169.10074050580664,159.20092834472655,141.32404903411864,63.24974726675668,3.5261875871577155,729332000.0,4.604071586712877,-0.1718559910597719,4.775927577772649,160.79664529481767,169.29432983398436,177.79201437315106,10.038947609763197,0.7446334339009596,74.62060486310615,81.62653363968612,0.00805764018133348,1
2024-05-28,174.84957885742188,175.71194253715282,172.83742214584382,172.91672082470853,20572200,1.397613525390625,0.00805764018133348,169.6482489202462,159.8991375732422,141.55554630279542,65.19985666433422,3.479639930311379,749904200.0,4.50956622741333,-0.213089080287455,4.722655307700785,161.2518907107506,169.80232620239258,178.35276169403457,10.071046354748363,0.7951459408098548,74.33984079821316,76.7203494344332,-0.0028346421510816455,0
2024-05-29,174.35394287109375,175.2856832784532,173.18432159354813,173.88807266741404,23388700,-0.495635986328125,-0.0028346421510816455,170.09641024889834,160.45857666015624,141.78520969390868,63.90478896990013,3.381191484210929,726515500.0,4.344594585435516,-0.3024485778122159,4.647043163247732,162.62495313934,170.4525588989258,178.28016465851158,9.18449779827286,0.7492067237411819,79.6432662850605,76.20123731545993,-0.021546218163805753,0
2024-05-30,170.59727478027344,173.67994067307137,170.28008009531703,173.66011222409284,22931500,-3.7566680908203125,-0.021546218163805753,170.14411163283881,160.95576751708984,141.98731746673585,54.98923762258254,3.430668005037057,703584000.0,3.866155022960868,-0.6247105122294911,4.490865535190359,163.9547848573953,170.86143341064454,177.76808196389376,8.084502646831883,0.4808764968758381,73.14361441312327,75.70890716546563,0.002266046872063665,1
2024-05-31,170.98385620117188,171.53893180715215,167.95075369372532,170.34948191938355,37638900,0.3865814208984375,0.002266046872063665,170.2240873060134,161.42679107666015,142.19904010772706,55.67455343988273,3.441918727064898,741222900.0,3.4780888691511223,-0.8102213328313894,4.288310201982512,164.76116814558125,171.15285034179686,177.54453253801248,7.468975460766502,0.4867801514971249,64.34201191242005,72.37629753686792,0.0038839515749182763,1
2024-06-03,171.64794921875,172.99599632951654,169.6556212249439,171.02348165926512,27459100,0.664093017578125,0.0038839515749182763,170.35969320246448,161.9336962890625,142.41943565368652,56.88888222336959,3.434665611172594,768682000.0,3.1873881760397182,-0.8807376207542355,4.068125796793954,165.5507883482683,171.44674377441407,177.34269920055985,6.877885571164357,0.5170630058907565,52.096245355434576,63.19395722699263,0.0035803689533047134,1
2024-06-04,172.26251220703125,172.3219975576634,170.37921780326457,171.7570001617278,26879600,0.61456298828125,0.0035803689533047134,170.54091406004227,162.39004974365236,142.63685768127442,58.03464893713638,3.328102335688754,795561600.0,2.9723326784958033,-0.8766344946385205,3.848967173134324,166.25858385430269,171.72874374389647,177.19890363349026,6.370698079235447,0.5487891098165336,49.334609578140345,55.257622281998316,0.009321667873108508,1
2024-06-05,173.8682861328125,175.09737781727256,172.40128329216327,173.6601252146541,22068500,1.60577392578125,0.009321667873108508,170.8578066384013,162.8923956298828,142.874500541687,60.95462442671264,3.292871141013937,817630100.0,2.8980650926932583,-0.7607216643528525,3.658786757046111,166.46856642306682,171.93491592407227,177.40126542507772,6.358626427478446,0.6768429011339848,51.48060859033301,50.970487841302635,0.007525210116482883,1
2024-06-06,175.1766815185547,175.59298824213508,174.20529916353377,174.35397473457084,23251000,1.3083953857421875,0.007525210116482883,171.26912805555878,163.40901519775392,143.11417533874513,63.20139626340646,3.180859067321697,840881100.0,2.9112252759819057,-0.598049184851364,3.5092744608332698,166.99052757790878,172.29918518066407,177.60784278341936,6.162138952878859,0.7710192060980865,62.91520299688414,54.57680705511916,-0.012844523686892262,0
2024-06-07,172.92662048339844,176.3066373799981,172.7680231459644,175.4938524938292,19661400,-2.25006103515625,-0.012844523686892262,171.4269844772578,163.87666870117187,143.33908100128173,57.11475553859241,3.206413007801126,821219700.0,2.7088675560846696,-0.6403255237988805,3.34919307988355,167.5099002541092,172.52220764160157,177.53451502909394,5.810622824749566,0.540341983295561,65.30890012281618,59.9015705700111,0.004303922052209197,1
2024-06-10,173.67088317871094,175.70520037025813,171.43809934111798,173.63119590631558,23726700,0.7442626953125,0.004303922052209197,171.64068911549145,164.358017578125,143.55140254974364,58.537171305832274,3.28217643789677,844946400.0,2.5788262805082525,-0.6162934395002382,3.1951197200084906,168.46216972571327,172.84736862182618,177.2325675179391,5.074070760900404,0.5938970587645104,65.81432346214751,64.6794755272826,0.009199508509057708,1
2024-06-11,175.26856994628906,175.48688780612986,172.44038608531787,174.87163664223397,21540600,1.597686767578125,0.009199508509057708,171.9862015755674,164.78092193603516,143.78454875946045,61.490025285628334,3.2653425295335716,866487000.0,2.575004552834855,-0.4960921337389088,3.071096686573764,169.42984410067066,173.22812881469727,177.02641352872388,4.385297861284002,0.7686003400504297,67.70236468065222,66.27519608853864,0.0066242681236707845,1
2024-06-12,176.42959594726562,179.0295587655737,174.76245808700693,176.8860828234983,27864700,1.1610260009765625,0.0066242681236707845,172.40938199191962,165.24548309326173,144.02300441741943,63.52302292850033,3.3368966830359432,894351700.0,2.6352829992902116,-0.3486509498268422,2.983933949117054,170.13541724623022,173.6074661254883,177.07951500474636,3.9998842869446354,0.9064069832997844,75.2781611368162,69.5982830932053,-0.014792661442301736,0
2024-06-13,173.81973266601562,175.38764480431132,173.5418763520932,174.76246052696914,20913300,-2.60986328125,-0.014792661442301736,172.54370110373827,165.65071075439454,144.2428104019165,56.324822012959515,3.3048126053314064,873438400.0,2.444283765395795,-0.43172014697700734,2.8760039123728025,170.49024048030313,173.7487648010254,177.00728912174768,3.750846026967603,0.5108895711685977,71.10199439505807,71.36084007084214,0.009305663458119895,1
2024-06-14,175.43724060058594,175.7051788680774,172.8174418240933,172.8869134698266,18063600,1.6175079345703125,0.009305663458119895,172.81927629391424,166.17531707763672,144.4530604171753,59.3958026830716,3.2750214938066002,891502000.0,2.3958173773200144,-0.38414922804223073,2.779966605362245,170.5914233430105,173.8881736755371,177.18492400806372,3.791805115715476,0.7349384649734207,65.69393236632509,70.6913626327331,0.0025456068321205727,1
2024-06-17,175.8838348388672,176.99526019491833,173.47242036710682,174.11745590855674,19618500,0.44659423828125,0.0025456068321205727,173.1111390124812,166.66980102539063,144.65905109405517,60.227333759324445,3.2927228033783793,911120500.0,2.3661681250173388,-0.33103878427592504,2.697206909293264,170.55551416547777,173.95673751831055,177.35796087114332,3.9104243978762394,0.7832947326072576,64.05187468694221,66.94926714944178,-0.012130507517184252,0
2024-06-18,173.75027465820312,176.03267896636487,172.76785945042823,175.78459187073935,21869900,-2.1335601806640625,-0.012130507517184252,173.17200907397853,167.07502685546876,144.85293666839598,54.48652439124746,3.290729711418255,889250600.0,2.145775241992027,-0.44114533384098964,2.5869205758330165,170.53622188330365,173.87600021362306,177.21577854394246,3.8415633281374912,0.4811775598580057,63.84289304026928,64.52956669784552,0.0069106617096246215,1
2024-06-20,174.9510040283203,175.9334191303285,173.65103020992316,174.02811225809378,20160100,1.2007293701171875,0.0069106617096246215,173.3414371648682,167.46957458496092,145.05535350799562,56.97224923120544,3.2187053692030467,909410700.0,2.044434155277912,-0.43398913644408355,2.4784232917219957,170.61468572586608,173.80920867919923,177.00373163253238,3.675896090441675,0.6787114016397564,62.37992969385457,63.42489914035534,0.018888432159917867,1
2024-06-21,178.25555419921875,179.46622050110986,175.25865768617388,175.6456729700876,57759000,3.3045501708984375,0.018888432159917867,173.80944831099683,167.93933319091798,145.27374782562256,62.9667946343109,3.311313305173511,967169700.0,2.205348312878101,-0.21845998307511572,2.423808295953217,170.26118287696255,173.9805000305176,177.69981718407263,4.275556344420945,1.0747095491191079,67.7311568357507,64.6513265232915,-0.0022826265973506787,0
2024-06-24,177.84866333007812,179.5058831721026,177.30286873730756,178.78147315371626,18298000,-0.406890869140625,-0.0022826265973506787,174.19413545567122,168.33612854003906,145.496600151062,61.824654002929535,3.232149100146478,948871700.0,2.273829953198913,-0.11998267420344355,2.3938126274023563,170.30665501876123,174.27170104980468,178.23674708084812,4.5504186935207365,0.9510618858228154,77.5625262201607,69.22453758325531,0.026838425497340834,1
2024-06-25,182.62184143066406,182.87984651633045,178.04711553791142,178.24558215319573,23130200,4.7731781005859375,0.026838425497340834,174.99677411995623,168.86169189453125,145.73935375213622,68.94170376616135,3.360651534868324,972001900.0,2.682337412149991,0.23081982779810772,2.4515175843518833,169.3737688729586,174.73019485473634,180.08662083651407,6.131082250816294,1.2366522568196285,89.08222162331909,78.12530155974348,-0.0008149859148810501,0
2024-06-26,182.47300720214844,183.0981763241254,181.0837105201297,181.23257184786374,19839000,-0.148834228515625,-0.0008149859148810501,175.70879631826026,169.44117431640626,145.97581218719483,68.51279141998765,3.2644954112345657,952162900.0,2.9599523499406075,0.4067478124709796,2.553204537469628,168.77910673825014,175.11136627197266,181.44362580569518,7.232265578794729,1.0812807332810095,91.40847830249997,86.01774204865991,0.008320656909018398,1
2024-06-27,183.99130249023438,184.6264047984624,182.61193895476885,182.77070317530075,18848900,1.5182952880859375,0.008320656909018398,176.49760642987684,170.06014221191407,146.21718593597413,70.52719338755618,3.1851312815973802,971011800.0,3.264842852957912,0.5693106523906271,2.695532200567285,168.18886802721036,175.59323425292968,182.997600478649,8.433543874536586,1.0671024353261813,95.85592891696841,92.11554294759583,-0.01758268788645334,0
2024-06-28,180.75624084472656,183.71344974735644,180.56770738280355,182.90965002904287,29156600,-3.2350616455078125,-0.01758268788645334,176.90319065986253,170.59319641113282,146.45021488189698,61.499178068879,3.2021644120140556,941855200.0,3.208443396672152,0.4103289568838937,2.7981144397882582,168.74373744983393,176.10118255615234,183.45862766247075,8.355929244225699,0.8163501882315483,86.82576969990164,91.36339230645666,0.004611582890857724,1
2024-07-01,181.58981323242188,182.4730025766031,179.91274225321607,181.62950050025836,16006100,0.8335723876953125,0.004611582890857724,177.34953566677297,171.132216796875,146.68062183380127,62.8198421249757,3.156314119969269,957861300.0,3.194188133966179,0.31685895534233666,2.8773291786238424,169.2969904607299,176.63148040771483,183.96597035469978,8.304850222683852,0.838014835424603,80.30675940744578,87.66281934143859,0.012295778304918903,1
2024-07-02,183.82260131835938,184.1500780686585,180.17075176456586,180.65700787416756,17372500,2.2327880859375,0.012295778304918903,177.9660181097812,171.75395568847657,146.91530391693115,66.16752980619673,3.2151007045495095,975233800.0,3.324732625778836,0.3579227577239945,2.9668098680548414,169.64496129777612,177.2402130126953,184.8354647276145,8.57057389608887,0.9333225910560954,79.65255400780232,82.26169437171657,0.00313115350396842,1
2024-07-03,184.39817810058594,184.666101253454,182.59209683114494,183.43559898745033,10242100,0.5755767822265625,0.00313115350396842,178.57860477557213,172.34379119873046,147.15633304595949,66.99258992984458,3.13359382724662,985475900.0,3.435037339874839,0.37458197745599797,3.060455362418841,170.0043630427142,177.84699630737305,185.6896295720319,8.819528502021386,0.9176646779299497,88.6837655786112,82.88102633128642,0.02572372597161765,1
2024-07-05,189.14158630371094,189.3995914027585,184.37831157968466,184.43785005315465,20967500,4.743408203125,0.02572372597161765,179.58460301634727,172.9892428588867,147.41706478118897,72.8654141686833,3.2684285412342775,1006443400.0,3.8607042250725954,0.6401990901230032,3.220505134949592,169.58172531828933,178.61066131591798,187.63959731354663,10.11018707518103,1.0831764114043332,96.47288876047416,88.26973611562921,-0.008237127692985458,0
2024-07-08,187.58360290527344,188.71487939155085,186.34316749742393,188.4469411036859,21035900,-1.5579833984375,-0.008237127692985458,180.34641252957834,173.5862872314453,147.67084911346436,68.55114463322346,3.2348564173094725,985407500.0,4.025923716163305,0.6443348649709701,3.381588851192335,169.5497543170933,179.23100738525392,188.91226045341455,10.803100656964947,0.9313798772335189,95.09270409853144,93.41645281253892,-0.00026453048807417723,0
2024-07-09,187.5339813232422,189.89577517091524,187.27597621110633,188.85380640623399,15121400,-0.04962158203125,-0.00026453048807417723,181.03094289087966,174.2443896484375,147.9456962966919,68.41220955244064,3.1909237417737186,970286100.0,4.105531297041978,0.5791539566797139,3.526377340362264,170.0906243178299,179.96137542724608,189.83212653666226,10.969855154731995,0.8835881288087711,91.24691696411763,94.27083660770774,0.011641444865094774,1
2024-07-10,189.71714782714844,190.28279364749721,187.5836049591009,187.7026819141074,15952500,2.18316650390625,0.011641444865094774,181.85820050385763,174.6299591064453,148.24781436920165,71.17976110808289,3.159344354808098,986238600.0,4.295270959899085,0.615114895629457,3.680156064269628,170.46913369841167,180.76368865966796,191.05824362092426,11.390069584869252,0.9348638285567927,90.63034527779597,92.32332211348167,-0.029344012608717107,0
2024-07-11,184.15008544921875,189.39960141202818,183.66382932012837,188.39733505757295,25625800,-5.5670623779296875,-0.029344012608717107,182.0764752605587,175.01916778564453,148.52303874969482,57.37514896028006,3.36605679425181,960612800.0,3.950882289996173,0.21658098058123532,3.7343013094149375,171.13585699965256,181.20776443481446,191.27967186997637,11.116419284323827,0.6460657295227112,80.66360423197352,87.51362215796236,-0.0026943785702566725,0
2024-07-12,183.65391540527344,185.67829936578423,183.07835154835516,183.66383343758727,22898400,-0.4961700439453125,-0.0026943785702566725,182.22670765529344,175.46526031494142,148.79152011871338,56.326643510980674,3.311334724478757,937714400.0,3.596457291096584,-0.11027521465468304,3.7067325057512672,171.69214065194626,181.56898040771483,191.4458201634834,10.879435169586827,0.6055466651841191,68.23657539514959,79.84350830163969,0.007888787775083284,1
2024-07-15,185.10272216796875,186.79964437744582,183.5050408426138,183.5050408426138,16474000,1.4488067626953125,0.007888787775083284,182.50061379935778,175.9189190673828,149.07983390808104,58.69999250061724,3.31013963950399,954188400.0,3.3933629477737384,-0.25069564638202335,3.6440585941557617,172.81829209070335,182.1331298828125,191.44796767492167,10.22860343760905,0.6594011807522755,55.258309816749055,68.05282981462405,-0.013992293394418098,0
2024-07-16,182.51271057128906,187.2362833659617,181.96691593885006,185.9263913901426,18290700,-2.5900115966796875,-0.013992293394418098,182.50176587287504,176.26606292724608,149.34543426513673,53.14036732600393,3.4500844814759644,935897700.0,2.988962033494829,-0.5240772485287462,3.513039282023575,173.69330286824226,182.48690338134764,191.28050389445303,9.637514090234928,0.5014673847136311,43.8886215193418,55.7945022437468,-0.01576779429207198,0
2024-07-17,179.6348876953125,182.14552760174087,178.52344733868037,181.569963789314,20734100,-2.8778228759765625,-0.01576779429207198,182.22872985596433,176.54335906982422,149.58787330627442,47.73090420979957,3.4885972494140165,915163600.0,2.408491548913588,-0.8836381864879899,3.292129735401578,174.30227579031757,182.67445602416993,191.0466362580223,9.166229823336248,0.318472115747871,30.729216349531754,43.29204922854086,-0.018395671558724014,0
2024-07-18,176.33038330078125,181.10357651103143,175.11971708479683,180.53793067512186,25315700,-3.30450439453125,-0.018395671558724014,181.6669825649945,176.7375164794922,149.82097602844237,42.39431044738531,3.6668302620440585,889847900.0,1.6626525959153753,-1.3035817115889623,2.9662343075043376,174.92005601223926,182.80346145629883,190.6868669003584,8.62500674905895,0.08944911552181575,14.169249209977602,29.595695692950372,-0.00016900329076141585,0
2024-07-19,176.3005828857422,178.91044832614054,175.77463955695288,177.51124888764295,18881900,-0.0298004150390625,-0.00016900329076141585,181.15589688125618,176.86863128662108,150.03752517700195,42.34832701316909,3.6289001554114586,870966000.0,1.056980988851933,-1.5274026549219237,2.5843836437738568,175.2384351634336,182.8709403991699,190.50344563490623,8.347422744232755,0.06958054331463082,8.407875064586177,17.768780208031835,0.022571335468518194,1
2024-07-22,180.27992248535156,181.30204007198228,178.85093844213043,179.2081844529357,24100300,3.979339599609375,0.022571335468518194,181.0724707483129,177.11640380859376,150.28259468078613,50.12742115250182,3.7269399433277894,895066300.0,0.8878467805647858,-1.3572294905672568,2.2450762711320427,175.535999030701,182.97215881347657,190.40831859625214,8.128187185413342,0.31897670257428773,16.60115475523175,13.059426343265168,0.0006605260763490328,1
2024-07-23,180.3990020751953,182.205083362309,180.15091498468195,180.65702234023118,36352700,0.11907958984375,0.0006605260763490328,181.00833087468263,177.3550604248047,150.51433296203612,50.34334746188246,3.607456260063452,931419000.0,0.7547155387254634,-1.1922885859252634,1.9470041246507268,175.93688188492197,183.09967575073242,190.26246961654286,7.823928509367435,0.31147903135758237,25.54529120755403,16.85144034245731,-0.05038777754084989,0
2024-07-24,171.30909729003906,174.84185492699467,170.5052975643539,172.2716763828317,49585200,-9.08990478515625,-0.05038777754084989,180.0845943428118,177.4378890991211,150.70146423339844,37.12859709933523,4.056473992261878,881833800.0,-0.08331092180185351,-1.6242520371620643,1.5409411153602108,173.7145307839537,182.53403854370117,191.35354630344864,9.663411635562925,-0.1363700537173471,24.30410520768901,22.15018372349159,-0.030991154914979724,0
2024-07-25,166.00003051757812,172.09304877138803,165.9107228003057,171.19994131459546,44852000,-5.3090667724609375,-0.030991154914979724,178.74320731183718,177.4048223876953,150.84961051940917,31.86716635600732,4.208320562177624,836981800.0,-1.162450245410696,-2.1627130886167256,1.0002628432060297,170.31986439970788,181.71038970947265,193.10091501923742,12.537010490128266,-0.18962399734218086,13.082454135428279,20.97728351689043,-0.001673778547948146,0
2024-07-26,165.72218322753906,166.8038393522412,162.80467650128674,165.8710294311091,41336900,-0.2778472900390625,-0.001673778547948146,177.50310977999925,177.34240905761717,150.9922045135498,31.614669124669668,4.193380725661684,795644900.0,-2.016846932396163,-2.413687820481754,0.3968408880855911,167.51196117108785,180.79693374633788,194.08190632158792,14.696015358190918,-0.06736099504199011,5.016070887555608,14.134210076890954,0.015149571821295504,1
2024-07-29,168.23280334472656,169.12591074335177,166.70459365013758,167.53816257445885,20293800,2.5106201171875,0.015149571821295504,176.62022345283043,177.28718994140624,151.14913581848145,36.50995784059086,4.136976924958185,815938700.0,-2.462984647239921,-2.2878604282604096,-0.17512421897951125,165.80088800883402,180.1707618713379,194.54063573384178,15.95139379247958,0.0846185345522856,10.246120421951122,9.44821514831166,0.004482959881835447,1
2024-07-30,168.9869842529297,169.91979407162952,167.15114899500833,168.9373789518768,18959700,0.754180908203125,0.004482959881835447,175.8932482909351,177.21394836425782,151.29749740600585,37.94696068976761,4.039238935791258,834898400.0,-2.7242919622352986,-2.03933419460463,-0.6849577676306687,164.39078224329575,179.54062042236328,194.6904586014308,16.87622349018071,0.15169145555575952,17.8727067560609,11.044966021855865,0.0073404943199071315,1
2024-07-31,170.22743225097656,172.91670298864665,168.7091404604878,171.91443658888358,25729100,1.240447998046875,0.0073404943199071315,175.35364676332,177.12824584960939,151.4598917388916,40.338798466947715,4.051262049531801,860627500.0,-2.7990207366782727,-1.691250375238083,-1.1077703614401897,163.32544007782488,178.86086196899413,194.39628386016338,17.37151629500963,0.22213726223537453,24.46077692119024,17.52653469973408,-0.004547139326059213,0
2024-08-01,169.45338439941406,172.71821867309802,167.58777995648467,168.94729223504007,24531400,-0.7740478515625,-0.004547139326059213,174.7917170143766,177.0100131225586,151.62639511108398,39.32030220225029,4.128346097180484,836096100.0,-2.88741865653256,-1.4237186360738963,-1.4637000204586639,162.2806308544833,178.11362228393554,193.9466137133878,17.77852948744422,0.22651289798553614,26.94717326089315,23.093552312714753,-0.02401016379841081,0
2024-08-02,165.38478088378906,167.22061625981866,163.41000220136607,165.1664630337912,29130100,-4.068603515625,-0.02401016379841081,173.89581833527302,176.79197204589843,151.76393203735353,34.40331559199915,4.2651343900995915,806966000.0,-3.248332194342538,-1.4277057391070993,-1.8206264552354388,161.01599753415937,176.92578201293946,192.83556649171956,17.98469877908075,0.13729863391476554,22.718614897158144,24.70885502641384,-0.04446178156574199,0
2024-08-05,158.03147888183594,163.17183620146415,153.7445266292353,154.3101724717456,53630700,-7.353302001953125,-0.04446178156574199,172.38492886351713,176.45600708007814,151.86162971496583,27.66895144686346,4.791928666132032,753335300.0,-4.080669374328437,-1.8080343352743986,-2.2726350390540384,158.32891558401073,175.44817581176758,192.56743603952444,19.514891105078835,-0.008687194955204137,17.612284746754913,22.42602430160206,-0.006028241868516471,0
2024-08-06,157.07882690429688,159.3413952637539,155.2132221455675,158.11087775486118,49004600,-0.9526519775390625,-0.006028241868516471,170.92720486740092,176.15709075927734,151.96328651428223,26.933381901792444,4.744517555564486,704330700.0,-4.76227707338802,-1.9917136274671856,-2.7705634459208346,155.97918831062745,173.9254180908203,191.87164787101315,20.636695863305842,0.030637036501201215,12.446271998225592,17.59239054737954,0.004106342935976892,1
2024-08-07,157.72384643554688,161.7329270375027,157.2574415077753,160.01616866155442,25138600,0.64501953125,0.004106342935976892,169.6697421596053,175.84252838134765,152.06920944213869,28.32280751330413,4.7380591682531525,729469300.0,-5.190574686131129,-1.9360089921682353,-3.2545656939628933,154.5929052750014,172.32575302124025,190.05860076747908,20.580612514779663,0.08828083355110121,13.586724535730122,14.548427093570199,0.019441227716297194,1
2024-08-08,160.79019165039062,162.4374934400702,158.9841256428161,159.28181801513983,25578800,3.06634521484375,0.019441227716297194,168.82407068253724,175.56134063720702,152.20111946105956,34.681734018359066,4.73631544227245,755048100.0,-5.222374910473576,-1.5742473732085456,-3.6481275372650304,153.61786350370588,171.15775833129882,188.69765315889177,20.495588395872918,0.20445755853112574,16.817760848463035,14.283585794139574,0.010121426753439522,1
2024-08-09,162.41761779785156,162.5366947288652,157.84289227969603,158.7856199816262,28602300,1.6274261474609375,0.010121426753439522,168.21393231256718,175.32261413574219,152.3367063140869,37.83398489946782,4.73327879990793,783650400.0,-5.057952203702598,-1.127859733150054,-3.930092470552544,153.14940014004264,170.09594345092773,187.04248676181282,19.925864152985078,0.2734545177675191,23.07061451260158,17.82503329893157,-0.008431445441513197,0
2024-08-12,161.04820251464844,163.638232240746,160.60164879815585,163.09245277727376,15895300,-1.369415283203125,-0.008431445441513197,167.53148185562253,175.13163269042968,152.45399757385255,36.248735653167216,4.6120862743852316,767755100.0,-4.980731618952859,-0.8405113187202522,-4.140220300232607,152.9957090865139,168.89321746826172,184.79072585000955,18.82551427470469,0.2532627514566915,29.949642828889278,23.27933939665129,0.011522527690913442,1
2024-08-13,162.9038848876953,163.46951549041373,161.72298810159427,162.1596237343071,18551700,1.855682373046875,0.011522527690913442,167.09075833486756,174.97003326416015,152.64598712921142,39.92225433306654,4.455602467340951,786306800.0,-4.715439044231232,-0.4601749951988996,-4.255264049032332,153.11541105456348,167.91277618408202,182.71014131360056,17.6250616132941,0.33075056766712085,37.62241938685363,30.214225576114817,-0.023087149399277918,0
2024-08-14,159.1428985595703,161.97109738750262,156.50326348113867,161.1573644799167,40591100,-3.760986328125,-0.023087149399277918,166.33381930864877,174.71993225097657,152.83567539215088,35.46218384171842,4.594532391570643,745715700.0,-4.7538732407045075,-0.3988873533377397,-4.354985887366768,152.65218818970698,166.88817672729493,181.1241652648829,17.060511795093067,0.22796837580774967,36.85016952938265,34.8074105817085,0.005799173869651009,1
2024-08-15,160.0657958984375,160.40319071181239,158.388724722145,159.27191417011724,31524300,0.9228973388671875,0.005799173869651009,165.73686469815246,174.4759979248047,153.03052326202393,37.31290559029198,4.410241934291838,777240000.0,-4.656188869134866,-0.2409623854144778,-4.415226483720388,152.23674210331026,166.07494735717773,179.9131526110452,16.665012362286788,0.2828782219767694,36.30086827666107,36.92448573096577,0.01029134976385282,1
2024-08-16,161.7130889892578,163.79701137732062,159.8970897454957,160.23448454041534,24208600,1.6472930908203125,0.01029134976385282,165.353647963972,174.2328939819336,153.22225830078125,40.58785261492766,4.373790484115629,801448600.0,-4.395185552322459,0.016032745118343072,-4.4112182974408025,152.22077124830855,165.3455726623535,178.47037407639846,15.875600661950179,0.36161757582066945,34.23051403672114,35.79385061425494,0.02276630871646046,1
2024-08-19,165.3946990966797,165.4145503036196,163.0031359185699,164.01533548402497,22416200,3.681610107421875,0.02276630871646046,165.35755759565845,174.0372543334961,153.43428466796874,47.223975392552006,4.325766971990355,823864800.0,-3.846918494372261,0.4514398424548336,-4.298358336827095,153.40139028074245,164.60131149291993,175.80123270509742,13.608544319112832,0.5354193386153966,45.100086031591815,38.543822781658,0.0030599742215993153,1
2024-08-20,165.9008026123047,167.34963797695062,165.54357171525163,165.62294626435101,18341500,0.506103515625,0.0030599742215993153,165.40929521629144,173.8967379760742,153.6370957183838,48.08247361231962,4.156422108296111,842206300.0,-3.333152074568005,0.7721650098072717,-4.105317084375277,155.2880031143953,163.87640151977538,172.46479992515546,10.481556008957998,0.6178567293327442,55.46610419647032,44.93223475492775,-0.00795568626278742,0
2024-08-21,164.58094787597656,165.57329603286027,163.40996917699755,163.886292052533,22902000,-1.319854736328125,-0.00795568626278742,165.3304049934043,173.71493927001953,153.8281531906128,45.981792701225274,4.037451488796899,819304300.0,-2.997931444575812,0.8859085118395722,-3.8838399564153843,155.64327377701605,163.53999404907228,171.4367143211285,9.657234388411089,0.5659105167108339,68.16159512741827,56.242595118493455,-0.012360493629830605,0
2024-08-22,162.54664611816406,166.30763931714822,162.06039002531082,165.9801625781286,22493300,-2.0343017578125,-0.012360493629830605,165.06528510052428,173.46050079345704,154.00105995178222,42.872737557074586,4.052437046156935,796811000.0,-2.8634102200532823,0.8163437890896819,-3.679754009142964,155.5426251828471,163.36732482910156,171.19202447535602,9.579271319328845,0.4475584528455131,69.47196540462325,64.36655490950393,0.011111124670586836,1
2024-08-23,164.35272216796875,164.9084347985432,162.57642535652303,163.4596147462646,13955700,1.8060760498046875,0.011111124670586836,164.99742196409042,173.2189633178711,154.17729751586913,46.341588811631325,3.9316764486013773,810766700.0,-2.581310200057743,0.8787550472681769,-3.46006524732592,155.53404010513523,163.29885177612306,171.06366344711088,9.509940316828567,0.5678619415705429,73.21773407388349,70.28376486864165,0.0032604154481190584,1
2024-08-26,164.88858032226562,166.267943712712,163.20159141296193,165.10689813733183,14190400,0.535858154296875,0.0032604154481190584,164.98705609344043,173.0403402709961,154.35264602661132,47.36284145911538,3.8698675808262837,824957100.0,-2.2881285059855827,0.93754939307227,-3.2256778990578527,155.66055410672914,163.131640625,170.60272714327084,9.159579943715597,0.6175826095019089,72.43780947033063,71.70916964961246,-0.008907067446297656,0
2024-08-27,163.41990661621094,165.16644927065664,163.20160392643822,164.5710342489987,11821900,-1.4686737060546875,-0.008907067446297656,164.83780376227574,172.7999935913086,154.51633949279784,44.843675678500816,3.733794563925722,813135200.0,-2.1495113660304526,0.86093322642192,-3.0104445924523726,155.87712591607112,162.85328674316406,169.829447570257,8.567417909219166,0.5406111532611407,72.12848277425631,72.59467543949013,-0.01111234880442713,0
2024-08-28,161.6039276123047,164.33288545251102,160.2940205808296,163.77715768210635,16407400,-1.81597900390625,-0.01111234880442713,164.52981555751657,172.51439544677734,154.6788826751709,41.87767179947047,3.755585300193987,796727800.0,-2.1612767596418507,0.6793342662484174,-2.840611025890268,156.30984950633993,162.42211151123047,168.534373516121,7.526391509160887,0.4330702857410942,62.701824513629525,69.08937225273881,-0.006570467501504806,0
2024-08-29,160.5421142578125,164.70005625165825,159.02382249929119,163.05275436266322,19699800,-1.0618133544921875,-0.006570467501504806,164.15003448135428,172.25023223876954,154.8244701385498,40.203291275601615,3.8927744753492073,777028000.0,-2.2305677856542445,0.48803459218881917,-2.7186023778430637,156.74350322027811,161.9765480041504,167.2095927880227,6.461484515324032,0.3629446330405311,49.34416272494796,61.39149000427793,0.00989004388055914,1
2024-08-30,162.1298828125,162.40773914692483,160.45281163127092,161.37568835446018,22123800,1.5877685546875,0.00989004388055914,163.95763908432056,171.99380981445313,154.98047439575194,43.82049711679541,3.7543568353709715,799151800.0,-2.1327764508380938,0.4686607416039763,-2.60143719244207,156.81777406386203,161.81380310058594,166.80983213730985,6.175034442047323,0.5316330939622923,45.37963121502869,52.47520615120205,-0.036846712915835966,0
2024-09-03,156.1559295654297,160.61157889702227,155.28265821334085,160.48256877218185,38945300,-5.9739532470703125,-0.036846712915835966,163.21461913014048,171.55181732177735,155.09902618408202,35.1941691437491,3.9752759613558415,760206500.0,-2.5084088384169547,0.07442268322009271,-2.5828315216370474,156.38464930574986,161.72002563476562,167.05540196378138,6.598287760682609,-0.021434265009228133,32.11643938927383,42.28007777641681,-0.005782876116333657,0
2024-09-04,155.25289916992188,157.78339053713182,154.76665816042646,155.4612989897302,19353800,-0.9030303955078125,-0.005782876116333657,162.45636008631013,171.0999020385742,155.20810668945313,34.101356884388416,3.9068085624522357,740852700.0,-2.846158474612821,-0.21066156238061895,-2.635496912232202,155.92877308482724,161.62872924804688,167.32868541126652,7.053147283577393,-0.05928764147929842,20.992239983693295,32.82943686266526,0.005049704884313444,1
2024-09-05,156.03688049316406,158.22996215508203,154.78651171708566,155.10407049895832,18688700,0.7839813232421875,0.005049704884313444,161.8449810774391,170.56820281982422,155.30965873718262,35.96049160674054,3.873711553562532,759541400.0,-3.015802460380968,-0.30424443851901284,-2.711558021861955,155.57234827642375,161.54438095092775,167.51641362543174,7.393674282385735,0.03889230368108219,7.065302956842555,20.05799410993655,-0.04019329880902989,0
2024-09-06,149.76524353027344,156.6223757447359,149.39807940687763,156.09643221693855,37912100,-6.271636962890625,-0.04019329880902989,160.69452988247093,169.9140475463867,155.38788131713866,28.929257544798478,4.113039038155085,721629300.0,-3.61464781994124,-0.7224718384634281,-2.892175981477812,153.11369607581577,160.99313354492188,168.87257101402798,9.788538548953095,-0.2124804314185514,5.334782078121633,11.130775006219153,-0.013336097805250469,0
2024-09-09,147.76795959472656,152.4282366790671,146.28739297802653,151.54387525137955,39260500,-1.997283935546875,-0.013336097805250469,159.4634279503048,169.18958068847655,155.45145889282227,27.111236752124487,4.257882228361192,682368800.0,-4.2019635828888795,-1.0478300811288541,-3.1541335017600254,150.53878743370765,160.26065063476562,169.9825138358236,12.13256424774428,-0.1425049798417015,6.389850737719075,6.263311924227746,-0.00033632376134085096,0
2024-09-10,147.71826171875,150.31172831197244,147.40028159964342,149.4969156283568,31118800,-0.0496978759765625,-0.00033632376134085096,158.34484069015673,168.52882110595704,155.51121955871582,27.065657956039068,4.161708262930323,651250000.0,-4.618190138462637,-1.1712453093620891,-3.446944829100548,148.45521256652097,159.5941535949707,170.7330946234204,13.959084061085235,-0.033079933087388665,5.407298353417765,5.710643723086149,0.01681678412174792,1
2024-09-11,150.20240783691406,150.54025030429756,146.5854677760219,148.97025775559644,29607700,2.4841461181640625,0.01681678412174792,157.56937089460982,167.90107299804689,155.57586769104003,33.11829777903857,4.146927853312134,680857700.0,-4.693499115443672,-0.9972434290744987,-3.696255686369173,147.2154497468403,158.95907974243164,170.70270973802297,14.775664296270527,0.12717354392104857,11.243956074678309,7.68036838860504,0.0233526841882572,1
2024-09-12,153.7100372314453,153.83921852992611,151.68295219399317,152.82567601120004,29621500,3.50762939453125,0.0233526841882572,157.20181530764177,167.2988217163086,155.66697494506835,40.61255583257043,4.1104909132906995,710479200.0,-4.419203813908467,-0.5783585020314352,-3.840845311877032,146.7241003004081,158.68743667602538,170.65077305164266,15.077862023874639,0.2919727704587236,21.283911454077884,12.645055294057977,0.017906910787378605,1
2024-09-13,156.46250915527344,157.37667920350046,154.2267627397466,154.44535510677574,29591200,2.752471923828125,0.017906910787378605,157.1314051978924,166.74010833740235,155.77323226928712,45.74965241193028,4.07878741748816,740070400.0,-3.9343683807317973,-0.07481845508381202,-3.8595499256479853,146.52388107645942,158.50727233886718,170.49066360127495,15.120304684555908,0.4146834506685839,35.876576492222874,22.801481340326347,0.0038105400984422833,1
2024-09-16,157.0587158203125,157.2475146303272,155.60797314926953,156.31346693580858,18379800,0.5962066650390625,0.0038105400984422833,157.12448240002766,166.09845092773438,155.87855537414552,46.822673379007206,3.9045555648859827,758450200.0,-3.462114807319807,0.3179480946625426,-3.7800629019823497,146.36870447214005,158.27455368041993,170.1804028886998,15.044552559370434,0.4489394734118639,48.3762670868002,35.17891834436697,0.007971728359079,1
2024-09-17,158.3107452392578,159.53294917671778,157.37669753536267,158.01264265003823,20715600,1.2520294189453125,0.007971728359079,157.23745981328767,165.51299377441407,156.00109130859374,49.09950080930862,3.8023896928516465,779165800.0,-2.9527842784079894,0.6618228988594885,-3.614607177267478,146.4700988217116,157.92035598754882,169.37061315338605,14.501306173271319,0.5170471826988198,57.7596063215854,47.33748330020281,0.0030752613986646526,1
2024-09-18,158.79759216308594,159.48322339990384,157.59526607248034,158.84727844267576,23677300,0.486846923828125,0.0030752613986646526,157.38604384660178,164.93826599121093,156.1382534790039,49.99604266683654,3.665644523892493,802843100.0,-2.4812493882895694,0.9066862311823272,-3.3879356194718966,146.70148356848614,157.5651954650879,168.42890736168965,13.789481699350103,0.5567207925673886,63.43238937013999,56.52275425950851,0.014580051675037842,1
2024-09-19,161.1128692626953,162.7524107202581,160.31793409819053,162.67293084972206,26587700,2.315277099609375,0.014580051675037842,157.74097960051546,164.36618041992188,156.2903125,54.13355095681964,3.6862998119838974,829430800.0,-1.8988424050280628,1.1912745715550672,-3.09011697658313,146.87642173701033,157.39179153442382,167.9071613318373,13.362030757637857,0.6769351815466721,74.42836384485206,65.20678651219247,0.008942868212950206,1
2024-09-20,162.55368041992188,162.69279293629415,161.03337393309369,162.46425419413836,40896400,1.4408111572265625,0.008942868212950206,158.19933205950653,163.93425231933594,156.46241195678712,56.54334310098025,3.54152261135651,870327200.0,-1.3059649052578095,1.427321657060257,-2.7332865623180664,146.87608335528873,157.39214324951172,167.9082031437347,13.36287781220695,0.7454121230921122,85.59291371703358,74.48455564400852,-0.010636416493274514,0
2024-09-23,160.82469177246094,164.44163188871738,160.64582418208624,163.3088543567614,24150900,-1.7289886474609375,-0.010636416493274514,158.44936631788315,163.47766784667968,156.61734199523926,52.94828335545123,3.559685832447555,846176300.0,-0.9645019709872713,1.4150276730646358,-2.379529644051907,147.06046764133103,157.21574172973632,167.37101581814161,12.918902365213329,0.6776884607597695,89.63729889769365,83.21952548652642,0.0027186456070780185,1
2024-09-24,161.2619171142578,162.18603362584003,159.67206190654358,161.99723481368196,23332100,0.437225341796875,0.0027186456070780185,158.71722829849026,163.00085174560547,156.77926551818848,53.74911739068586,3.484991967222476,869508400.0,-0.6511041807347056,1.3827403706537615,-2.033844551388467,147.3134064818219,157.03440856933594,166.75541065685,12.380728753751958,0.7174420140466699,87.11820809032413,87.44947356835046,-0.004929573000269416,0
2024-09-25,160.4669647216797,161.77859462440557,160.27816594760657,160.44708717648132,18869200,-0.794952392578125,-0.004929573000269416,158.88386986260352,162.55993682861327,156.90296798706055,52.015627282533615,3.3432374464779424,850639200.0,-0.4615596164890974,1.257827947919496,-1.7193875644085934,147.47335326006788,156.8867614746094,166.3001696891509,12.000258181204122,0.6901650903410164,80.22257664680434,85.65936121160736,0.007678605236430158,1
2024-09-26,161.69912719726562,163.0405812277503,161.2519809078131,162.6033661315293,20319300,1.2321624755859375,0.007678605236430158,159.1519896087618,162.20122161865234,157.04244583129883,54.46688478579862,3.2882645221631326,870958500.0,-0.20950393856912797,1.2079069006715724,-1.4174108392407003,147.4684855800223,156.89152145385742,166.31455732769254,12.01216711587118,0.7550985588815092,81.82814367921377,83.05630947211408,0.007497041175550168,1
2024-09-27,162.91139221191406,164.65030615932238,161.59976214731748,161.7786145898017,21101300,1.2122650146484375,0.007497041175550168,159.51002795191917,161.932841796875,157.19641036987304,56.804851696348926,3.2712844857232595,892059800.0,0.08706799189357639,1.2035830649074213,-1.116515073013845,147.34976415719905,157.0099853515625,166.67020654592596,12.305231635724528,0.8054488474754029,84.45782367833867,82.16951466811892,0.011588844010725907,1
2024-09-30,164.79934692382812,165.09743429522993,162.22574304110324,162.28537567750828,20413900,1.8879547119140625,0.011588844010725907,160.0137726159105,161.70281707763672,157.36363082885742,60.22975232691429,3.24274211203779,912473700.0,0.4690387635268394,1.2684430692325475,-0.7994043057057081,147.13642233873702,157.1434585571289,167.15049477552077,12.736179170644707,0.8825252652043227,91.21903629327022,85.83500121694088,0.006873704317198914,1
2024-10-01,165.93212890625,168.08838020304094,163.53739254376728,166.62769139519463,28338100,1.132781982421875,0.006873704317198914,160.57742559594286,161.4158612060547,157.53626731872558,62.16801052701765,3.3361882225546378,940811800.0,0.8533228166688502,1.3221816978996468,-0.4688588812307965,146.93469236225795,157.63226852416992,168.32984468608188,13.572825236949118,0.8879318200898257,91.87342528271029,89.18342841810637,-0.006766822431281572,0
2024-10-02,164.80929565429688,166.4587833748385,163.68644922877587,165.36574568962988,17760200,-1.122833251953125,-0.006766822431281572,160.98046083959562,161.10406707763673,157.70641204833984,59.09369729872208,3.2959129313766375,923051600.0,1.0551048459927586,1.219170981778844,-0.16406613578608548,147.03333103486185,158.11008834838867,169.1868456619155,14.011449148165267,0.8023992995552587,87.19679229108361,90.09641795568803,0.0,0
2024-10-03,164.80929565429688,165.5843532266716,162.88158291608877,163.3684842780683,15073100,0.0,0.0,161.3451117743291,160.97407104492189,157.87328582763672,59.09369729872208,3.2535456013199364,923051600.0,1.201172192659726,1.0921906627566491,0.10898152990307686,147.14514661709615,158.5487091064453,169.95227159579446,14.38493262243228,0.7745013478769865,78.97558647355072,86.01526801578153,0.0072351096783964675,1
2024-10-04,166.001708984375,167.1642954706186,164.43171611961677,166.9953742029211,19047400,1.192413330078125,0.0072351096783964675,161.7885972229049,160.9741046142578,158.03026229858398,61.442114624929715,3.216333726297216,942099000.0,1.39704514082203,1.0304508887351624,0.36659425208686747,148.26618258862217,159.36053237915038,170.4548821696786,13.923585250245713,0.7993044536460583,76.86331739384563,81.01189871949332,-0.024422451587853722,0
2024-10-07,161.94754028320312,167.4126985535878,161.71900154638254,166.65751850550026,22463100,-4.054168701171875,-0.024422451587853722,161.80373465721902,160.8986117553711,158.16275512695313,50.76997141411662,3.393288246362076,919635900.0,1.211176640960275,0.6756659110987261,0.535510729861549,150.29531244812048,160.06951141357422,169.84371037902795,12.212443055692194,0.5960707305154456,65.24108052519222,73.69332813086284,0.008590089089314912,1
2024-10-08,163.33868408203125,163.68645779124333,161.8382399845631,162.901468985077,23072700,1.391143798828125,0.008590089089314912,161.94992031672496,160.80072937011718,158.29382820129393,53.73926352118339,3.282926072099087,942708600.0,1.1627250236992381,0.5017714350701512,0.6609535886290869,152.80554566719573,160.85053253173828,168.89551939628083,10.003059036133624,0.654639876496209,55.18757719383522,65.763991704291,-0.0153303768373938,0
2024-10-09,160.8346405029297,163.7957583809211,158.72807525360884,162.41456443992033,31181800,-2.5040435791015625,-0.0153303768373938,161.8437031916016,160.6376824951172,158.4020722961426,48.11393077165111,3.410408718900027,911526800.0,0.9117611631396016,0.20064605960841175,0.7111151035311899,154.98566790509483,161.38214416503905,167.77862042498327,7.9271177031862985,0.45720271287975217,35.849456050883965,52.09270458997046,0.0013592387200596079,1
2024-10-10,161.05325317382812,162.03698715416354,159.38388779769477,159.8509116423071,14144100,0.2186126708984375,0.0013592387200596079,161.76842223752794,160.45419891357423,158.5061065673828,48.6196064478605,3.35631519301208,925670900.0,0.7221858026800305,0.008856559319072477,0.713329243360958,156.39906485194015,161.7493049621582,167.09954507237623,6.615472148668268,0.434951350407552,30.303923975426102,40.44698574004842,0.007156848087682688,1
2024-10-11,162.2058868408203,162.86169424502742,160.21855675772235,161.10291803821593,15344300,1.1526336669921875,0.007156848087682688,161.8100855330796,160.30924896240234,158.6157553100586,51.313794317071356,3.3053739283187222,941015200.0,0.6573760458101958,-0.0447625580406098,0.7021386038508056,157.26710734906473,162.03647384643554,166.80584034380635,5.8867813945282625,0.5177605342846018,28.16701236224678,31.440130796185603,0.010536648691361838,1
2024-10-14,163.9149932861328,165.1769369826469,162.36486307226147,162.6033481425783,19016100,1.7091064453125,0.010536648691361838,162.0105529381323,160.27985321044923,158.73964904785157,55.075431134917906,3.2814936578549987,960031300.0,0.7354466815546346,0.0266464621630631,0.7088002193915715,158.13347526000845,162.37928771972656,166.62510017944467,5.229500041959242,0.6808494347049198,39.1365722923429,32.53583621000525,0.0030310920355940407,1
2024-10-15,164.41183471679688,166.61775729768382,163.58709086133464,164.7397308583214,20247200,0.4968414306640625,0.0030310920355940407,162.23924644086225,160.40746032714844,158.8667208099365,56.136414171522866,3.2635774277474403,980278500.0,0.8278660495378176,0.09525266411699695,0.7326133854208207,158.78943110463726,162.68434219360353,166.5792532825698,4.788304807270394,0.7217627673308243,51.09694310331211,39.46684258596725,-0.001813103683433015,0
2024-10-16,164.11373901367188,164.74968410008972,162.70273632699872,163.48772512033995,16406000,-0.298095703125,-0.001813103683433015,162.4177695430346,160.54815856933592,158.99497840881347,55.292662548230844,3.176675309557695,963872500.0,0.8670603011324829,0.10755753256932976,0.7595027685631531,159.44658162449173,162.9501495361328,166.4537174477739,4.300171459326213,0.6660577883581016,57.8910670952066,49.37486083028719,-0.013502200484632909,0
2024-10-17,161.89784240722656,165.31605267037628,161.72892116495908,164.6801076327293,21453400,-2.2158966064453125,-0.013502200484632909,162.36825267295765,160.63163848876954,159.11968963623048,49.35421820761093,3.2059936092619457,942419100.0,0.711120338179569,-0.03870594430686736,0.7498262824864363,159.55207705893193,162.98939819335936,166.4267193277868,4.217846280222024,0.3412199873907585,50.707715378200014,53.2319085255729,0.0030075954721413556,1
2024-10-18,162.384765625,163.66660222742627,162.04692309495266,162.1562268737477,19757700,0.4869232177734375,0.0030075954721413556,162.36982533505693,160.6635299682617,159.2431184387207,50.60950860989152,3.103334052900357,962176800.0,0.6196840958231178,-0.10411374933065498,0.7237978451537728,159.5385641297851,162.98095245361327,166.42334077744144,4.2242829876797074,0.41340505885311196,43.48904354094733,50.695942004784634,0.003977429908228247,1
2024-10-21,163.0306396484375,163.45790836208016,161.58981312891888,161.9177244301946,20946500,0.6458740234375,0.003977429908228247,162.43276003156936,160.67579040527343,159.3823154449463,52.298415667087816,3.0151027086332802,983123300.0,0.5925068013072803,-0.10503283507719408,0.6975396363844744,159.79398172817122,163.09124984741212,166.388517966653,4.043464161720283,0.4908090278402096,40.82406284788448,45.00694058901059,0.006521578798799332,1
2024-10-22,164.09385681152344,164.71987068710104,161.9475365199372,161.9475365199372,16568100,1.0632171630859375,0.006521578798799332,162.5909597248983,160.73670349121093,159.53009963989257,55.02484305083723,2.997762098528321,999691400.0,0.649276879282553,-0.03861020568153717,0.6878870849640901,160.01982166573035,163.23284683227538,166.44587199882042,3.9367385044095653,0.6339874315665407,50.13103634982024,44.81471424621734,-0.01429079542553946,0
2024-10-23,161.7488250732422,164.76957586597575,160.9042035621243,163.71627798503206,18280500,-2.34503173828125,-0.01429079542553946,162.5107564247406,160.71360229492188,159.65074531555175,48.447587490602594,3.059734256051401,981410900.0,0.4992876349924984,-0.15087955997727343,0.6501671949697718,160.26089926917004,163.29693984985352,166.332980430537,3.718429241203199,0.24504379380482208,48.70330519462427,46.55280146410965,-0.00036876067828195414,0
2024-10-24,161.68917846679688,162.29531475497333,159.9900045566217,161.79848222899673,22412500,-0.0596466064453125,-0.00036876067828195414,162.43251090493644,160.7645278930664,159.76063545227052,48.289477211169725,3.0058468233585605,958998400.0,0.3713266728836402,-0.2230724176689053,0.5943990905525455,160.2593517501789,163.29644241333008,166.33353307648127,3.7197266740984047,0.23539414446298385,43.554507005362275,47.46294951660226,0.01567126839128008,1
2024-10-25,164.22305297851562,164.5410179603954,162.38476628102538,162.63318258273335,19828900,2.53387451171875,0.01567126839128008,162.60303872146778,160.84767303466796,159.8766032409668,55.007104978740976,2.994846299804273,978827300.0,0.46897315452653743,-0.10034074882080646,0.5693139033473439,160.30444734915577,163.36202545166014,166.41960355416452,3.743315613345081,0.6408022130571638,46.17543829808264,46.14441683268972,0.00877340831451967,1
2024-10-28,165.66384887695312,167.68098784367282,162.91139226813863,167.68098784367282,32138600,1.4407958984375,0.00877340831451967,162.89454445056163,160.92668823242187,160.00076637268066,58.322538398216956,3.121614105213553,1010965900.0,0.6550676701673979,0.06860301345604314,0.5864646567113547,160.24490091201056,163.4052505493164,166.56560018662225,3.868112715695185,0.8573336160302417,60.40434761610384,50.04476430651624,0.0177542561232229,1
2024-10-29,168.60508728027344,169.30066498158368,166.03149830422933,166.66744336321563,42169000,2.9412384033203125,0.0177542561232229,163.43840567243893,160.99089599609374,160.136810836792,64.13292213867966,3.1584142480290534,1053134900.0,1.028031762513649,0.3532536846418354,0.6747780778718137,159.7909656611358,163.53889846801758,167.28683127489936,4.583536812331827,1.1758644129043032,80.03432019224601,62.20470203547749,0.028170711918682256,1
2024-10-30,173.3548126220703,180.86691803166593,172.95733750175077,179.5353953312524,68890800,4.749725341796875,0.028170711918682256,164.38282538192763,161.13997619628907,160.29739685058593,71.13203086949527,3.8086582839835845,1122025700.0,1.6874201041531762,0.8101136210250901,0.8773064831280861,158.28599878600218,163.96617431640624,169.6463498468103,6.928472356064121,1.3264390999371296,78.15749346749618,72.86538709194868,-0.01920203897885231,0
2024-10-31,170.0260467529297,175.69988150851668,169.91674297844676,172.03325462883092,44769000,-3.328765869140625,-0.01920203897885231,164.9202750363088,161.24887817382813,160.44639419555665,62.00054065928456,3.9496925872754653,1077256700.0,1.9192624665415394,0.8335647867307625,1.085697679810777,157.96646163934898,164.22701187133788,170.48756210332678,7.624263707475444,0.9631409913429866,68.3584854065416,75.51676635542792,0.0010519772047075104,1
2024-11-01,170.2049102783203,171.228399412592,167.810188601417,168.99265264899384,31796500,0.178863525390625,0.0010519772047075104,165.42357363078608,161.40204345703125,160.58632415771484,62.28073726174302,3.9117296032682902,1109053200.0,2.093301721531816,0.8060832333768311,1.2872184881549849,157.68921194057594,164.43717193603516,171.18513193149437,8.207341340173521,0.9273690379141504,53.672934018141916,66.72963763072656,-0.01196794240627752,0
2024-11-04,168.16790771484375,169.6484591926119,166.94568857443238,168.85352398218356,21492700,-2.0370025634765625,-0.01196794240627752,165.68493878164873,161.47834716796876,160.70169662475587,57.11546043329027,3.8651218961696934,1087560500.0,2.0433060419273943,0.6048700430179275,1.4384359989094668,157.91503151190844,164.7481903076172,171.58134910332595,8.295276303733482,0.7502296163067474,45.39121026393073,55.807543229538076,0.002954255183625021,1
2024-11-05,168.6647186279297,169.44970738138483,167.77041094544956,168.3566697123956,18242100,0.4968109130859375,0.002954255183625021,165.9687273384374,161.55386993408203,160.82148597717284,58.029712676121754,3.708991506152949,1105802600.0,2.020481738529895,0.46563659169634253,1.5548451468335527,158.00885930515105,165.0144920349121,172.02012476467317,8.490930273298517,0.7605208361488053,43.21763205655299,47.427258779541866,0.039884341868010376,1
2024-11-06,175.3917999267578,175.81908375189076,172.40087379932447,172.6989763253505,33695500,6.727081298828125,0.039884341868010376,166.86616282303933,161.79330780029298,160.96970687866212,67.98299318585673,3.9550896217106724,1139498100.0,2.516207282628926,0.7690897086362987,1.7471175739926275,157.6798905122554,165.74235000610352,173.80480949995163,9.728906937244714,1.0984185054211497,51.499331447665554,46.70272458938308,0.024021536604057703,1
2024-11-07,179.60498046875,179.93289179611503,176.067534869967,176.28614242154367,25352900,4.2131805419921875,0.024021536604057703,168.07938355120226,162.15332885742188,161.1307666015625,72.39801359882397,3.9969469251139973,1164851000.0,3.212015689103282,1.1719184920885235,2.0400971970147586,156.8924844491075,166.6699363708496,176.44738829259168,11.732712131102907,1.1614731630199475,69.76044839482644,54.825803966348325,-0.013278091705158035,0
2024-11-08,177.2201690673828,179.75400283427035,176.9518752564666,179.50558656989898,22006200,-2.3848114013671875,-0.013278091705158035,168.94993455274326,162.4868899536133,161.26419158935548,66.78424316314843,3.911602686020409,1142844800.0,3.5303191927663704,1.1921775966012893,2.338141596165081,156.85560368989718,167.42065048217773,177.9856972744583,12.620960152589092,0.9637707138393927,83.42059416570409,68.22679133606535,0.011213933580677793,1
2024-11-11,179.20750427246094,179.40623425717754,177.3394090594478,177.44871282536081,17450400,1.987335205078125,0.011213933580677793,169.92684595462114,162.8284423828125,161.40596725463868,68.94525774629193,3.7883500077185754,1160295200.0,3.8980045844429583,1.2478903906223016,2.6501141938206567,156.58313559190825,168.18527603149414,179.78741647108004,13.79685631626076,0.975008396009392,89.51297678772391,80.89800644941813,0.007041823594157837,1
2024-11-12,180.46945190429688,181.33395085774214,178.25358296080182,178.68086684117154,25134900,1.2619476318359375,0.007041823594157837,170.93090366411406,163.31471282958984,161.54751068115235,70.26805054310763,3.7377798569486997,1185430100.0,4.242323667248343,1.2737675787421487,2.968556088506194,156.36422661594412,168.98815689086913,181.61208716579415,14.940609457120031,0.9547432837233386,90.17775409789947,87.70377501710914,-0.01508643685943456,0
2024-11-13,177.74681091308594,179.81363605883408,177.40895326922643,179.31680352847516,23184000,-2.7226409912109375,-0.01508643685943456,171.58003768782567,163.76459106445313,161.68560089111327,63.939995834923934,3.689402626814539,1162246100.0,4.2465530272158105,1.022397550967693,3.2241554762481175,156.70463315500885,169.66981048583983,182.63498781667082,15.282833514938147,0.8114882358006446,89.69026809363459,89.79366632641931,-0.018448056733667784,0
2024-11-14,174.4677276611328,177.68720818344102,173.21571503907634,177.15062051532624,31007500,-3.279083251953125,-0.018448056733667784,171.85505578052158,164.1332080078125,161.8635962677002,57.25263789851755,3.749523573042757,1131238600.0,3.9398935708838962,0.5725904757086226,3.3673030951752736,157.68723392373494,170.29830474853514,182.90937557333535,14.810565311759142,0.6653080444365723,79.9162090159311,86.59474373582172,-0.017598693431131296,0
2024-11-15,171.39732360839844,173.03686519817956,170.13536450155812,172.6294588087237,32504600,-3.070404052734375,-0.017598693431131296,171.81146224031937,164.565849609375,162.020986328125,51.790532082613524,3.7911549720807534,1098734000.0,3.409801724013903,0.033998903070903363,3.3758028209429995,158.66822101580985,170.7489326477051,182.82964427960033,14.150263131448758,0.5268357933063098,59.62136123006733,76.40927944654433,0.01629065865315482,1
2024-11-18,174.1894989013672,174.32861141194803,171.80469351153303,172.32140362031606,20135300,2.79217529296875,0.01629065865315482,172.03794192232394,165.0942803955078,162.18629096984864,55.90996022056343,3.7297358886142424,1118869300.0,3.178367089876673,-0.1579485848530613,3.3363156747297342,159.68140865201389,171.30687561035157,182.93234256868925,13.572679925329501,0.6239788174249735,49.379890812727034,62.97248701957515,0.01608664150887873,1
2024-11-19,176.9916229248047,177.73687175049812,172.46051249052883,172.61950254558704,23434900,2.8021240234375,0.01608664150887873,172.50972106541735,165.6797476196289,162.35916328430176,59.637419235745256,3.840208986568175,1142304200.0,3.1843542121245605,-0.12156917008413926,3.3059233822086997,160.56994944469082,171.95176391601564,183.33357838734045,13.238380592459523,0.7213996292720463,51.74358448046564,53.581612174419995,-0.012014321870336797,0
2024-11-20,174.8651885986328,176.55441631876369,172.67912830422068,176.2165738071629,18997100,-2.126434326171875,-0.012014321870336797,172.73405130667598,166.17300323486327,162.51932174682617,55.78329380315283,3.873943674712163,1123307100.0,2.9831259518306865,-0.25823794430241076,3.2413638961330973,162.1815124968557,172.60758209228516,183.0336516877146,12.080662354513633,0.6082673813791412,58.402337973201064,53.175271088797906,-0.047448486971818804,0
2024-11-21,166.56809997558594,173.02692368437366,162.662987910428,172.79836977486937,59734400,-8.297088623046875,-0.047448486971818804,172.14681784657216,166.4301644897461,162.63085823059083,43.86997361082757,4.468819175675924,1063572700.0,2.129596730082966,-0.8894137328401053,3.019010462923071,163.26415888519355,172.8515281677246,182.43889745025567,11.093184288458309,0.17230696935875967,48.59238916384416,52.91277053917028,-0.01712124000580051,0
2024-11-22,163.71624755859375,165.4054902668861,162.8616950123504,164.7993539822004,38604600,-2.8518524169921875,-0.01712124000580051,171.3439063905742,166.5752392578125,162.72630172729492,40.65602055507992,4.414361017644469,1024968100.0,1.2091101472432797,-1.4479202525438333,2.657030399787113,163.14550430590515,172.82618789672853,182.5068714875519,11.20279710920665,0.029478458175702917,27.199328880202582,44.731352005749265,0.01754073981285642,1
2024-11-25,166.58795166015625,167.56175439657423,164.56088148234778,165.0378364955745,33135300,2.8717041015625,0.01754073981285642,170.89095832101057,166.76582397460936,162.8207894897461,45.02364625586241,4.373728576239899,1058103400.0,0.7032339762286313,-1.5630371388467856,2.266271115075417,163.32093276282495,172.87239303588868,182.4238533089524,11.050301445275673,0.17102195915239718,15.859448863848096,30.550388969298268,0.008768209741637056,1
2024-11-26,168.0486297607422,168.74420743105776,166.51839224272408,166.56807852805025,20486700,1.4606781005859375,0.008768209741637056,170.62026036288978,166.96058166503906,162.92986602783202,47.15413512845552,4.220306191389455,1078590100.0,0.4153995143553004,-1.4806972805760932,1.8960967949313936,163.24045356114294,172.8445701599121,182.44868675868128,11.113009323791477,0.2503185040576999,18.502643699476053,20.5204738145089,0.0006503992696060834,1
2024-11-27,168.15792846679688,168.40634472383195,166.9556022735371,167.92938975571963,19266500,0.1092987060546875,0.0006503992696060834,170.3857525632619,167.1477883911133,163.05133407592774,47.31865009691581,4.022480209882698,1097856600.0,0.19387327132665177,-1.3617788188837936,1.5556520902104454,162.77096865988716,172.58472595214843,182.3984832444097,11.37268346097125,0.2744596002571641,26.432391655766423,20.264828073030184,-0.0016544774517217586,0
2024-11-29,167.8797149658203,168.35666996658753,166.10106111500806,167.43256870496816,14257200,-0.2782135009765625,-0.0016544774517217586,170.1470823158865,167.2831253051758,163.16744621276857,46.918259229281915,3.8962751128610384,1083599400.0,-0.004090227093655585,-1.2477938538432807,1.243703626749625,162.50836614805073,172.47740936279297,182.4464525775352,11.559824850770024,0.269401421082538,28.738581056761557,24.55787213733467,0.015034222809783282,1
2024-12-02,170.40365600585938,170.98991485352522,167.50215534937632,167.70088536324786,23789100,2.5239410400390625,0.015034222809783282,170.17151790540774,167.44012481689452,163.31188865661622,50.97135956136906,3.867095426524457,1107388500.0,0.04219680414249183,-0.9612054580857066,1.0034022622281984,162.52699184635043,172.48734664916992,182.44770145198942,11.54908460975787,0.3954007821729045,32.94301738169852,29.37133003140882,-0.0008747647429960814,0
2024-12-03,170.2545928955078,171.58610063371935,169.76770664793386,170.40365177380562,22248700,-0.1490631103515625,-0.0008747647429960814,170.1794298092268,167.62872283935548,163.46673698425292,50.7250166594709,3.720759609328817,1085139800.0,0.06608962261404372,-0.7498501116913239,0.8159397343053676,162.77176988156745,172.59168090820313,182.4115919348388,11.379356148525636,0.38100258717435603,37.88762987982233,33.18974277276079,0.017684033732441096,1
2024-12-04,173.265380859375,173.80196851105399,169.976351762093,170.06577798333072,31615100,3.0107879638671875,0.017684033732441096,170.47332990924093,167.86879211425781,163.63366569519042,55.412323189660036,3.728249405016829,1116754900.0,0.3242327268234533,-0.3933656059855315,0.7175983328089848,163.16637563025913,172.82171401977538,182.47705240929164,11.173756080687214,0.5229752092418297,52.01958026683216,40.95007584278432,-0.009921427514636538,0
2024-12-05,171.5463409423828,174.9446737388749,171.2383071896845,174.24911120663256,21356200,-1.7190399169921875,-0.009921427514636538,170.57552143620683,168.09037963867186,163.7849119567871,52.350313040393154,3.726686343886371,1095398700.0,0.3856552484032818,-0.26555446752456247,0.6512097159278443,163.03350803350835,172.62944107055665,182.22537410760495,11.11737717221279,0.4435646265979467,57.84416543113455,49.25045852592967,0.011990257293309714,1
2024-12-06,173.6032257080078,173.9708769207123,170.77127428081718,170.94019551806315,21462400,2.056884765625,0.011990257293309714,170.86387422399739,168.32846160888673,163.93881034851074,55.51766637571413,3.689037507886996,1116861100.0,0.593465350620761,-0.04619549224566666,0.6396608428664277,163.26404905884445,172.32935333251953,181.3946576061946,10.520905578033533,0.5702608724997519,67.28189430428851,59.0485466674184,0.0049280753952993805,1
2024-12-09,174.45875549316406,175.3441303590525,172.7476915668061,173.05609352730906,25389600,0.85552978515625,0.0049280753952993805,171.20624386867993,168.55940887451172,164.09763053894042,56.80381659015778,3.6109947424840967,1142250700.0,0.8177637856398405,0.14248235421873023,0.6752814314211103,163.34671694785632,172.1912826538086,181.03584835976088,10.272954088778489,0.6281845211364919,69.92083957424558,65.01563310322287,0.05588188706893682,1
2024-12-10,184.2078399658203,185.39165905883286,180.10925267461994,181.89990276575224,54813000,9.74908447265625,0.05588188706893682,172.44449111602665,168.94757873535156,164.3368653869629,68.11684359498977,4.133988229854432,1197063700.0,1.7618816765858867,0.8692801961318211,0.8926014804540656,162.59191541090368,172.44129943847656,182.29068346604944,11.423463009900289,1.0973236749833228,81.87398562151816,73.02557316668407,0.055246476525285804,1
2024-12-11,194.38467407226562,194.59358956818772,183.88950517431252,184.3471064632806,67894100,10.176834106445312,0.055246476525285804,174.53403234995417,169.51662963867187,164.6204920196533,75.36876617950162,4.603280812998773,1264957800.0,3.2933239793901237,1.9205779991488465,1.3727459802412771,159.77719066339034,173.137060546875,186.49693043035967,15.43270960161371,1.2952028616557376,90.79674832635898,80.86385784070757,-0.017604881439123976,0
2024-12-12,190.96255493164062,194.16580938373951,190.71385396756912,193.9867519757691,34817500,-3.422119140625,-0.017604881439123976,176.09865354821002,170.03969482421874,164.8993981933594,69.63321193605653,4.5366764766914685,1230140300.0,4.18265161875226,2.247924510808786,1.9347271079434738,158.4342786726006,173.79784774780273,189.16141682300486,17.679815111975525,1.0586171774221047,94.23146058562578,88.9673981778343,-0.011148051901561984,0
2024-12-13,188.8336944580078,191.72856243728444,188.65462185235455,190.01749841639386,25143500,-2.1288604736328125,-0.011148051901561984,177.31151458723838,170.52018280029296,165.15735145568848,66.2553514791109,4.432195341565641,1204996800.0,4.661929114729077,2.1817616054284823,2.4801675093005944,157.80982889482036,174.5161460876465,191.22246328047262,19.14586995799895,0.9285070193839438,89.5747083047757,91.53430573892014,0.036034053026951396,1
2024-12-16,195.6381378173828,197.96597529078676,191.6191215772895,191.8678225512729,44934900,6.804443359375,0.036034053026951396,179.05690727582356,171.11291137695312,165.4558689880371,71.08369500208089,4.767915733795163,1249931700.0,5.527108627541622,2.437552894592822,3.0895557329488,156.7411607116605,175.7281867980957,194.71521288453087,21.60953963321829,1.0243040939810817,87.357691237293,90.38795337589816,-0.006305268692253008,0
2024-12-17,194.4045867919922,200.37341051362353,193.9668706236853,196.2250798486302,43504000,-1.233551025390625,-0.006305268692253008,180.5185910392682,171.7620523071289,165.76700225830078,69.15196261370487,4.88496031637681,1206427700.0,6.043565900482804,2.363208134027203,3.680357766455601,156.1062309227567,176.73894119262695,197.3716514624972,23.348233423422798,0.9280980387041593,85.36669017209363,87.43302990472075,-0.03592261182234702,0
2024-12-18,187.4210662841797,195.976386699195,186.764507184961,194.2056368053088,34166100,-6.9835205078125,-0.03592261182234702,181.17596963402167,172.24369995117186,166.04658798217773,59.32310937401644,5.194025973366609,1172261600.0,5.822235166118503,1.7135019197303212,4.108733246388182,156.10787710899442,177.2604133605957,198.41294961219697,23.866057683811544,0.7401757596045916,79.16213613055827,83.96217251331495,0.000583823251764537,1
2024-12-19,187.53048706054688,192.02700516266594,187.40117286917095,190.63428570513082,32265200,0.1094207763671875,0.000583823251764537,181.7811617698812,172.77761688232422,166.33301498413087,59.42043244780753,5.1534407105186375,1204526800.0,5.591206360202932,1.1859784910517996,4.405227869151132,156.31189998688663,177.8936782836914,199.47545658049617,24.26368211060067,0.7232626210019548,68.57378734712863,77.7008712165935,0.015383891844408693,1
2024-12-20,190.41543579101562,191.88774144921763,184.2575966505468,184.81468445746083,63462900,2.88494873046875,0.015383891844408693,182.6034735814178,173.36486053466797,166.6190976715088,62.001823587137984,5.330348145386652,1267989700.0,5.576621794349734,0.9371151401588804,4.639506654190853,157.50384551998434,179.0860450744629,200.66824462894147,24.102603355280774,0.7624707154605505,63.5336279458042,70.42318380783036,0.016822492965419045,1
2024-12-23,193.6186981201172,194.08625719212253,189.16196548395996,191.6191324608379,25675000,3.2032623291015625,0.016822492965419045,183.65254258510348,173.9931167602539,166.91609199523927,64.68784639247131,5.30134411415636,1293664700.0,5.757174792719553,0.8941345108229592,4.863040281896594,159.3245630315639,180.58116760253907,201.83777217351422,23.542437844638542,0.8066701098485932,68.72389589837506,66.94377039710263,0.0076042271275227336,1
2024-12-24,195.0910186767578,195.0910186767578,192.77312346833173,193.82761331003957,10403300,1.472320556640625,0.0076042271275227336,184.74192126049914,174.6166372680664,167.20924736022948,65.88164104126223,5.088240620889912,1304068000.0,5.950474937924014,0.8699477248219356,5.080527213102078,160.87189106395783,182.00632095336914,203.14075084278045,23.223841654187435,0.8095588050365229,75.79914486261735,69.35222290226552,-0.002600605295770997,0
2024-12-26,194.5836639404297,195.7276824419866,193.37000187433253,194.1359900072514,12046600,-0.507354736328125,-0.002600605295770997,185.6792300871592,175.22007385253906,167.49575225830077,65.06534222293789,4.893200617087351,1292021400.0,5.99363649793068,0.7304874278628812,5.263149070067799,162.54130676817425,183.33307266235352,204.12483855653278,22.681958680168613,0.7705540100666923,80.12507591438437,74.88270555845891,-0.014519494033790936,0
2024-12-27,191.75840759277344,194.30511850410315,189.6593706110804,193.93703071352402,18891400,-2.82525634765625,-0.014519494033790936,186.25819937340816,175.7729672241211,167.76173767089844,60.56507943914557,4.8954215251060615,1273130000.0,5.733772410397165,0.37649867226349265,5.357273738133673,164.64181190136838,184.51309661865236,204.38438133593633,21.539159096498725,0.6823060531113808,77.13736901173614,77.68719659624594,-0.007885444183170942,0
2024-12-30,190.24630737304688,191.5494980812226,188.13731273783964,188.8137872976618,14264700,-1.5121002197265625,-0.007885444183170942,186.63801918289755,176.3399365234375,168.0037579345703,58.24319424865383,4.804398191522329,1258865300.0,5.344209675737233,-0.010451249917152516,5.354660925654385,167.16238793634724,185.63142623901368,204.1004645416801,19.8986116487477,0.6249356100302995,66.42709737863613,74.5631807682522,-0.010144384231546066,0
2024-12-31,188.31637573242188,190.96255767118524,187.53047217416017,190.0871254076539,17466900,-1.929931640625,-0.010144384231546066,186.7978626638046,176.85856872558594,168.2456442260742,55.32773245171458,4.706375856201095,1241398400.0,4.824139371828551,-0.42441724306066764,5.248556614889218,169.41094368032645,186.5270622253418,203.64318077035716,18.352423869022836,0.5522698385844366,48.56518324833542,64.04321654623588,0.000686707339187631,1
2025-01-02,188.44569396972656,191.00234725825092,186.52572974438567,189.65935593229025,20370800,0.1293182373046875,0.000686707339187631,186.9547989786543,177.3668698120117,168.4559627532959,55.48851421763727,4.689964546034249,1261769200.0,4.372016920496179,-0.7012317555144314,5.073248676010611,172.027855797346,187.43661727905274,202.84537876075947,16.441570174910282,0.5327436014851614,34.28925675975052,49.76051246224068,0.012458484740497822,1
2025-01-03,190.79344177246094,192.20607673113864,188.9928490622425,190.37562593745199,18596200,2.347747802734375,0.012458484740497822,187.3203840066359,177.90086151123046,168.68124130249024,58.4147823981459,4.623565847132665,1280365400.0,4.155251099066476,-0.7343980615553081,4.889649160621784,174.29708414442177,188.31302032470703,202.32895650499228,14.885785545914624,0.5884857570642645,31.13289743662713,37.99577914823768,0.026487305218821255,1
2025-01-06,195.8470458984375,197.19003728298551,192.8427489428689,192.9720631324044,29563600,5.0536041259765625,0.026487305218821255,188.13244704395032,178.58282592773438,168.92331314086914,63.91415748918537,4.750210823089231,1309929000.0,4.341203549886728,-0.4387564885880444,4.779960038474773,177.45870492040711,189.52805557250977,201.59740622461243,12.73621534885125,0.7617783884183889,46.15216639292682,37.19144019643481,-0.007009643606654015,0
2025-01-07,194.47422790527344,199.95559215597262,193.5888530048973,196.085805432373,26487200,-1.3728179931640625,-0.007009643606654015,188.73642617360014,179.2385269165039,169.16417083740234,61.53357655997411,4.865677132231095,1283441800.0,4.327907840392243,-0.36164175846602475,4.689549598858267,180.79990568991315,190.57160568237305,200.34330567483295,10.255147882572242,0.6996900347898398,58.62135553175765,45.30213978710386,-0.00787763858052326,0
2025-01-08,192.94223022460938,195.2700679108895,191.3803958585084,191.56941104474132,24864800,-1.5319976806640625,-0.00787763858052326,189.13697894036292,179.8129104614258,169.38165779113768,58.89718304994408,4.795962483670383,1258577000.0,4.145959445716613,-0.4348721225133234,4.580831568229937,185.07169066946238,191.49577941894532,197.91986816842825,6.709378941902024,0.6125802321598125,63.543930259341586,56.10581739467534,-0.009847950067783495,0
2025-01-10,191.04214477539062,195.49887742154428,189.32113818407666,193.29041142782185,26665200,-1.90008544921875,-0.009847950067783495,189.31842330560366,180.32047637939453,169.5931135559082,55.70913958446043,4.894660823227329,1231911800.0,3.8045861155262912,-0.6209963621629164,4.425582477689208,186.34020590746476,191.83749465942384,197.33478341138292,5.731193228642414,0.42765980468555753,53.97915657526716,58.71481412212213,-0.005363519156098784,0
2025-01-13,190.01748657226562,190.1866014129224,186.38645842630518,189.08238366148746,21823700,-1.024658203125,-0.005363519156098784,189.38500075957145,180.74872436523438,169.79647247314452,54.01126869847737,4.87759121793148,1210088100.0,3.4120321555492694,-0.8108402577119502,4.22287241326122,186.1974822476612,191.61913528442383,197.04078832118645,5.65878040177476,0.3522914781434828,45.07809423457423,54.200393689727655,-0.007067541873089667,0
2025-01-14,188.67453002929688,190.9824674128502,187.33153855930155,190.2463221687232,17174900,-1.34295654296875,-0.007067541873089667,189.3173368804977,181.0551187133789,169.9921253967285,51.78366162523812,4.789972477618422,1192913200.0,2.958461640395427,-1.0115286182926342,3.9699902586880613,185.9378775168811,191.50473403930664,197.0715905617322,5.813805648567358,0.24579872872521885,32.257802730295275,43.77168451337888,0.03105546360226885,1
2025-01-15,194.53390502929688,195.33969375687735,190.8630762218721,192.08668076451275,21776000,5.859375,0.03105546360226885,189.81415289466904,181.54527587890624,170.2167777252197,59.61065607345717,4.923914709758568,1214689200.0,3.0367999930196845,-0.7465522125347017,3.7833522055543862,186.21540582466142,191.78974456787108,197.36408331108075,5.812968525266483,0.7461422410656842,37.86605932988067,38.40065209825005,-0.013500302063522929,0
2025-01-16,191.9076385498047,194.4642768734046,191.8081520804567,193.13124318936406,17815400,-2.6262664794921875,-0.013500302063522929,190.01353248087244,181.97933044433594,170.40569915771485,55.27919246647823,4.766903155407254,1196873800.0,2.8540660487854836,-0.7434289254151225,3.597494974200606,186.31409492702315,191.60321960449218,196.89234428196121,5.520914197983579,0.5287778190037087,39.198518852620374,36.440793637598766,0.01601775133202965,1
2025-01-17,194.9815673828125,196.2051719482703,192.74325857357104,195.50881224351804,27735100,3.0739288330078125,0.01601775133202965,190.48667866200958,182.5156036376953,170.61459930419923,59.03151668031615,4.7333767441971375,1224608900.0,2.9235871555224833,-0.5391262549424987,3.462713410464982,186.27626562176638,191.6320686340332,196.98787164630002,5.589673012918305,0.8126980903804412,54.69210765784127,43.91889528011409,0.01045936270768788,1
2025-01-21,197.0209503173828,201.2389098853747,196.84187769033295,198.03565472531724,29971300,2.0393829345703125,0.01045936270768788,191.1089902482356,183.08272827148437,170.83191230773926,61.3486198966225,4.842231441223214,1254580200.0,3.107423844692107,-0.28423165261829997,3.391655497310407,186.63259669627516,192.11206283569337,197.59152897511157,5.704447767139537,0.947934831312842,58.54442429112131,50.81168360052764,0.0016156332517940353,1
2025-01-22,197.33926391601562,199.43830095568052,196.50363220208854,198.02568110227872,26200600,0.3183135986328125,0.0016156332517940353,191.70234964516706,183.52167755126953,171.07257400512697,61.712612303947324,4.705976963535269,1280780800.0,3.241435739007187,-0.12017580664257643,3.3616115456497635,187.09532571894187,192.6025016784668,198.10967763799175,5.718696186738733,0.9300536493078947,69.56270162233113,60.93307785709789,-0.001966004955142875,0
2025-01-23,196.9512939453125,199.25924653814067,194.18574000771966,197.11046623023265,26951400,-0.387969970703125,-0.001966004955142875,192.20224910232378,183.8686038208008,171.30153228759767,60.95909465253129,4.732229075455679,1253829400.0,3.2785422028275093,-0.06645547425780363,3.344997677085313,187.20849394047974,192.92929458618164,198.65009523188354,5.930463445660311,0.8515241666524974,72.15898104632855,66.75536898659367,0.011263771170026526,1
2025-01-24,199.16970825195312,199.85611023612495,196.97118481318788,197.07067128135972,23877500,2.218414306640625,0.011263771170026526,192.8658166403837,184.30759460449218,171.52993591308595,63.689230053329005,4.601699590838305,1277706900.0,3.447219437372297,0.08177740822958723,3.36544202914271,186.87336895478296,193.20684509277345,199.54032123076394,6.556161232226839,0.9707417403384738,76.98143508248968,72.9010392503831,-0.041956023794460395,0
2025-01-27,190.81333923339844,195.85700244066396,189.73894916830926,191.41022766272687,41728900,-8.356369018554688,-0.041956023794460395,192.67034260162322,184.53971130371093,171.70788452148437,49.61468966652165,4.946632411752988,1235978000.0,2.873484477915895,-0.3935660409814523,3.267050518897347,186.63956150959805,192.99296112060546,199.34636073161286,6.584073920744735,0.3284680627178891,62.33531263237571,70.49190958706464,0.0181950738188279,1
2025-01-28,194.2852020263672,194.4642594397363,189.6891977496922,191.7484490804529,24157900,3.47186279296875,0.0181950738188279,192.82413873731312,184.81602630615234,171.90547241210936,54.14838647102337,4.934377360202355,1260135900.0,2.668188484870143,-0.4790896272217635,3.1472781120919064,186.63826625917503,192.97803802490233,199.31780979062964,6.570459344093039,0.603092354880294,56.351806752796286,65.22285148922055,0.0005633537336027228,1
2025-01-29,194.3946533203125,195.76747251851242,192.4249304706921,194.54386784853932,18218300,0.1094512939453125,0.0005633537336027228,192.9737115547416,185.14898315429687,172.08740119934083,54.288030220401254,4.820674837889353,1278354200.0,2.4856684968457046,-0.529287692196962,3.0149561890426666,186.7673690754382,193.1098503112793,199.4523315471204,6.568780645438298,0.6012855191256089,45.63515851731869,54.77409263416356,0.027941149690325906,1
2025-01-30,199.82626342773438,200.3535083038363,196.6428938419765,196.97118096512546,24354700,5.431610107421875,0.027941149690325906,193.62633554264568,185.6561538696289,172.30481414794923,60.68681469171445,4.901973419720385,1302708900.0,2.7476326344915663,-0.21385884364088037,2.9614914781324466,186.7557391550363,193.58884811401367,200.42195707299103,7.059403499268739,0.9564112288540317,65.86285004055264,55.9499384368892,0.015681881248466034,1
2025-01-31,202.9599151611328,204.41232049224394,200.75144907949408,200.95040684244714,32001100,3.1336517333984375,0.015681881248466034,194.5152478872635,186.2874057006836,172.55211929321288,63.83235064658449,4.879407965776755,1334710000.0,3.171541055716091,0.1680396620669149,3.003501393649176,186.8010096537732,194.3210250854492,201.8410405171252,7.739785675141645,1.074393108243811,78.78326497496698,63.427091177612766,-0.013675327025472361,0
2025-02-03,200.1843719482422,202.69128186873195,199.0602539340499,199.64718455503106,27838300,-2.775543212890625,-0.013675327025472361,195.0551644644996,186.8073031616211,172.7878266143799,59.30610838306807,4.809426055870051,1306871700.0,3.246109265553514,0.19408629752347029,3.0520229680300437,187.48202263744733,194.907958984375,202.33389533130267,7.619941623341281,0.8552692022501779,85.89293119775444,76.84634873775802,0.025592785825262032,1
2025-02-04,205.30764770507812,205.97416454187623,201.75619025433605,202.33317837712485,43856400,5.1232757568359375,0.025592785825262032,196.03159143979278,187.37362365722657,173.04384719848633,64.33349144529885,4.879452237138908,1350728100.0,3.6762333163640335,0.499368278667192,3.1768650376968415,187.19075724722546,195.63366928100587,204.07658131478627,8.631348647510265,1.0729053190040543,87.6990530432921,84.1250830720045,-0.07292388979536446,0
2025-02-05,190.3358154296875,191.74843502310353,187.05295980973406,190.0771719028372,70373900,-14.971832275390625,-0.07292388979536446,195.48913658168752,187.68303619384767,173.2223323059082,46.3231262416133,5.834826212724991,1280354200.0,2.7769964986902096,-0.3198948312053056,3.096891329895515,186.6069151435774,195.35810775756835,204.1093003715593,8.95912917507456,0.21305097776893472,62.834880524711025,78.80895492191918,0.001411432943547064,1
2025-02-06,190.60446166992188,191.10186369392534,187.7394211542204,188.51536709730536,29297400,0.268646240234375,0.001411432943547064,195.02392944723366,188.16376342773438,173.4116763305664,46.61194142635747,5.658227378937845,1309651600.0,2.0622500139936335,-0.8277130527215055,2.889963066715139,186.17591526963236,195.16461944580078,204.1533236219692,9.211407479176502,0.24633953423624938,44.009087260245906,64.84767360941633,-0.03267249753311341,0
2025-02-07,184.37693786621094,190.1865885795256,182.28785893479736,190.05727440392732,49315000,-6.2275238037109375,-0.03267249753311341,194.00993024904102,188.5769772338867,173.559029006958,41.09228087968121,5.848111332951179,1260336600.0,0.9819795015963564,-1.5263868520950266,2.508366353691383,184.6195286241127,194.73635482788086,204.85318103164903,10.390279937929412,-0.011989469474695294,14.979957393380346,40.60797505944575,0.006096996299115309,1
2025-02-10,185.50108337402344,187.22208986080463,184.89425239135454,186.37651565839897,23105600,1.1241455078125,0.006096996299115309,193.19956387999173,188.95523986816406,173.70218940734864,42.4178276008346,5.633614237354216,1283442200.0,0.21409849106393608,-1.8354142901019577,2.0495127811658937,183.67172793393462,194.4593017578125,205.2468755816904,11.09494246494125,0.08478993840299884,13.718493074361684,24.235845909329303,-0.0061671470072507395,0
2025-02-11,184.35707092285156,185.96864842614565,183.3224663388948,184.0685692836796,21239500,-1.144012451171875,-0.0061671470072507395,192.35742169359742,189.28140869140626,173.83531784057618,41.39692612410086,5.420226226632547,1262202700.0,-0.4812178066382842,-2.0245844702433424,1.5433666636050583,182.66470353815143,194.1762809753418,205.68785841253217,11.856831719474746,0.07350718847760235,10.373807663348467,13.02408604369682,-0.009227261158622047,0
2025-02-12,182.6559600830078,184.14816605879201,180.88521020610418,182.26798713648407,22072600,-1.70111083984375,-0.009227261158622047,191.43347296877937,189.57136932373047,173.97545333862305,39.86066005210236,5.28105726164075,1240130100.0,-1.156198473752795,-2.1596521098862826,1.0034536361334876,181.52043891101056,193.87535247802734,206.23026604504412,12.745213261099819,0.045954233748291516,9.786511338024134,11.292937358578087,0.013779160022926229,1
2025-02-13,185.1728057861328,185.3120777313061,182.18839394998832,183.36227049888035,21402500,2.516845703125,0.013779160022926229,190.83721895138444,189.91723114013672,174.04912399291993,43.21816332183355,5.1269591559033945,1261532600.0,-1.471079413564695,-1.9796264397585461,0.5085470261938512,180.49111723877425,193.40729751586915,206.32347779296404,13.356455979676896,0.18123347796797576,10.96112034781234,10.373813116394972,-0.0048888033729183045,0
2025-02-14,184.2675323486328,185.43145115453234,183.36227228593566,184.0984174978102,20448400,-0.9052734375,-0.0048888033729183045,190.21153451302715,190.1945086669922,174.1470133972168,42.303333636163224,4.90854627823863,1241084200.0,-1.7732321116957621,-1.8254233103116906,0.052191198615928525,179.51598923406885,193.02529220581056,206.53459517755226,13.997443358187066,0.1758618903026704,12.54292689007543,11.096852858637291,-0.007882060493251242,0
2025-02-18,182.81512451171875,184.99374757151398,180.79567372558517,184.63561754552705,29916700,-1.4524078369140625,-0.007882060493251242,189.50711451290255,190.4457192993164,174.25434257507325,40.81073895251593,4.857798247359357,1211167500.0,-2.1056152540685673,-1.7262451621475967,-0.37937009192097065,178.23581546132095,192.41697006225587,206.5981246631908,14.740024849519926,0.16145755332559092,12.863811261825987,12.122619499904575,0.00816244291364665,1
2025-02-19,184.30734252929688,184.49635771924724,182.63606390508187,183.11358075743158,19549400,1.492218017578125,0.00816244291364665,189.01189813351152,190.66655853271484,174.36378036499025,43.03459596134198,4.643690787845501,1230716900.0,-2.222996446786709,-1.4749010838925907,-0.7480953628941184,177.3451311640075,191.78128967285156,206.2174481816956,15.054814297546795,0.2411379509661138,11.816319064660675,12.40768573885402,-0.0038324279152357477,0
2025-02-20,183.6009979248047,184.34710081960932,181.77056246596453,183.839756315763,20441500,-0.7063446044921875,-0.0038324279152357477,188.49657430411088,190.90765167236327,174.45600776672364,42.225851365230156,4.49603704254545,1210275400.0,-2.345975054012115,-1.2783037528943972,-1.0676713011177177,176.4751940416038,191.09437637329103,205.71355870497825,15.300484094968406,0.24371417366331205,11.036462100250143,11.90553080891226,-0.026549566901240218,0
2025-02-21,178.72647094726562,184.37694976979722,178.14948286814752,184.18793460152546,35199200,-4.8745269775390625,-0.026549566901240218,187.56608827012562,191.01011657714844,174.52078971862792,37.05103925689207,4.619710603910041,1175076200.0,-2.804442211111933,-1.3894167279953722,-1.415025483116561,174.8817833043475,190.18313522338866,205.48448714242983,16.09117643482766,0.12563228606400983,9.054167498431536,10.635649554447442,-0.0022820762334694322,0
2025-02-24,178.318603515625,182.16848984705686,177.96047349552646,181.04437173412518,29854200,-0.407867431640625,-0.0022820762334694322,186.68537543636367,191.08731353759765,174.57927017211915,36.6463532683278,4.590303871597209,1145222000.0,-3.1642171041145843,-1.3993532967984188,-1.7648638073161655,173.59112956437235,189.14057998657228,204.6900304087722,16.442215016263386,0.15201418130197197,4.831271707973721,8.30730043555179,-0.02136675050281145,0
2025-02-25,174.50851440429688,177.81127094293745,173.7823117406095,177.11489600513676,41913400,-3.810089111328125,-0.02136675050281145,185.52567438569065,190.8933270263672,174.60308853149414,33.018302885733895,4.586445864698517,1103308600.0,-3.7139712986344477,-1.5592859930546257,-2.154685305579822,171.55075144030968,188.3253387451172,205.0999260499247,17.81447724090971,0.08816201883963826,2.464710964572221,5.450050056992484,-0.015334728271276687,0
2025-02-26,171.8324737548828,175.16507289862997,170.68845533929954,174.16032642215686,35431300,-2.6760406494140625,-0.015334728271276687,184.22156003989943,190.44228302001954,174.62279441833496,30.71803590382161,4.578600985743654,1067877300.0,-4.315839265819648,-1.7289231681918604,-2.586916097627787,169.212581313905,187.20270233154298,205.19282334918097,19.219937312418505,0.0728147531194818,3.6415757171631085,3.645852796569674,-0.02448901375011736,0
2025-02-27,167.6244659423828,173.65297546387492,167.06737815788244,173.08594510447406,39991000,-4.2080078125,-0.02448901375011736,182.6408844115645,189.97552124023437,174.61858589172363,27.476482723905143,4.721957865761427,1027886300.0,-5.073886424402758,-1.9895762614199768,-3.0843101629827814,166.29905403843335,185.86419296264648,205.42933188685961,21.053155653434736,0.03387177338948447,4.018649332568968,3.374978671434756,0.010563712667962077,1
2025-02-28,169.39520263671875,169.7234897370402,165.90344649975822,167.80351036476668,48130600,1.7707366943359375,0.010563712667962077,181.37939090919824,189.5867514038086,174.62972358703612,30.78637191918612,4.65753539229861,1076016900.0,-5.46872059953472,-1.9075283492415505,-3.5611922502931694,164.62483546489653,184.3426399230957,204.06044438129487,21.392559492936705,0.12096598234187718,8.130922231113166,5.263715760281738,-0.01920364880947445,0
2025-03-03,166.14219665527344,172.46915017235435,165.06780660374991,171.0366301036563,40770500,-3.2530059814453125,-0.01920364880947445,179.9282295516816,188.9968325805664,174.62216773986816,28.23680880180013,4.8535216906061684,1035246400.0,-5.975241064616256,-1.9312390514584692,-4.044002013157787,163.21012347409402,182.50175399780272,201.79338452151143,21.141309714690163,0.07599339976929397,7.976310669734289,6.7086274111387985,0.023411838125252826,1
2025-03-04,170.03189086914062,172.38957139478455,164.93849945595062,165.37621562667857,45388000,3.8896942138671875,0.023411838125252826,178.9857211057253,188.50937866210938,174.62811294555664,35.15221486069683,5.039060994051009,1080634400.0,-5.993704670458641,-1.5597621258406829,-4.433942544617958,162.78315004477835,180.99412994384767,199.20510984291698,20.12328234591825,0.19902116373025935,15.457885887515138,10.521706262787523,0.012286316061529856,1
2025-03-05,172.12095642089844,172.87700183854412,168.1815267237944,169.63394693975988,30954900,2.0890655517578125,0.012286316061529856,178.33193399288467,188.20337646484376,174.63374893188475,38.57576721848689,5.014519145529487,1111589300.0,-5.773217027939012,-1.0714195866568428,-4.701797441282169,164.5651157423232,179.33479537963868,194.10447501695415,16.47162738948584,0.2557889156744289,21.68106605587977,15.038420871043057,-0.0038722109225974854,0
2025-03-06,171.4544677734375,173.9016770030345,169.61407438427003,169.64391728856972,28302000,-0.6664886474609375,-0.0038722109225974854,177.67693721008015,187.88185607910157,174.6277759552002,37.88851712609154,4.9625965364748446,1083287300.0,-5.587845837979614,-0.7088387173579562,-4.879007120621658,164.15015891045658,178.39072799682617,192.63129708319576,15.965593331311423,0.2564612698649895,30.566308800576937,22.568420247990606,0.008761226865448446,1
2025-03-07,172.9566192626953,174.06085227932917,169.38527664457013,170.3701228624436,27385800,1.5021514892578125,0.008761226865448446,177.22738311985302,187.53267974853514,174.61999626159667,40.46301610604695,4.9420950434951445,1110673100.0,-5.2591030964127015,-0.30407678063283416,-4.955026315779867,164.25125497655435,177.50833587646486,190.76541677637536,14.936854468780147,0.3283288512707096,35.60824227690128,29.285205711119318,-0.04485779961596437,0
2025-03-10,165.1981658935547,167.77768707285077,163.02700292073365,167.57848498247546,43604000,-7.758453369140625,-0.04485779961596437,176.08174338401508,186.9642691040039,174.56916198730468,32.88203210438673,5.298346564814182,1067069100.0,-5.560516281653179,-0.4843919726986492,-5.07612430895453,162.6589523826568,176.54939727783204,190.4398421730073,15.735476993236237,0.091401446464104,27.296382639289515,31.156977905589233,-0.0110327257552284,0
2025-03-11,163.37557983398438,166.074610170201,160.71639599552714,164.24206639490993,39587400,-1.8225860595703125,-0.0110327257552284,174.87163256972644,186.32996032714843,174.50460571289062,31.394002439497267,5.302622822661301,1027481700.0,-5.878689986731473,-0.6420525422215544,-5.236637444509919,161.06492900389634,175.44312210083007,189.8213151977638,16.390717315974737,0.08035261505080225,20.44396514436437,27.78286335351838,0.01871498429716234,1
2025-03-12,166.4331512451172,166.96100335852913,162.86764957538162,165.90529913170525,28372400,3.0575714111328125,0.01871498429716234,174.06796768166842,185.76695007324219,174.46262283325194,36.57911828696062,5.216246462696031,1055854100.0,-5.817068930998971,-0.464345189191242,-5.352723741807729,160.26883149579697,174.54692611694335,188.82502073808973,16.360178822719924,0.21586632925763885,15.171094134769248,20.97048063947437,-0.026030856404063885,0
2025-03-13,162.1007537841797,165.45711431897539,161.4533926135524,165.36746730396223,31756200,-4.3323974609375,-0.026030856404063885,172.92823302476475,185.17379699707033,174.41300338745117,32.7967520050007,5.199354474758084,1024097900.0,-6.048103298109538,-0.5563036450414476,-5.491799653068091,158.77233645717843,173.51916580200196,188.2659951468255,16.997349286073387,0.112851964621453,13.951229356896192,16.522096212009927,0.016773200005459676,1
2025-03-14,164.8197021484375,165.8156517325666,161.79200690237369,162.60869285591215,31995900,2.7189483642578125,0.016773200005459676,172.15599198892406,184.66526489257814,174.3698420715332,37.186510441032695,5.115375214432001,1056093800.0,-5.9432927099720985,-0.36119444552320523,-5.582098264448893,158.31344676191327,172.5015106201172,186.6895744783211,16.44978505660611,0.22928623142480922,18.20597784162832,15.776100444431245,-0.00725113186683779,0
2025-03-17,163.62457275390625,165.62644141646544,163.0070887907617,164.36158101735924,31184300,-1.19512939453125,-0.00725113186683779,171.3434758713033,184.1714288330078,174.31371704101562,36.071165540905085,4.9370878866656955,1024909500.0,-5.888784278260374,-0.24534881104918416,-5.64343546721119,157.86377592208348,171.46936264038087,185.07494935867825,15.869408399017734,0.21170703443738306,16.86134087212952,16.339516023551337,-0.02203426184103774,0
2025-03-18,160.01922607421875,163.5847275921019,156.08522805432327,163.01702900544848,42074800,-3.6053466796875,-0.02203426184103774,170.2649758906286,183.60289947509764,174.24204345703126,32.86844056973074,5.122963373302645,982834700.0,-6.066575592213326,-0.33851210000170884,-5.728063492211617,156.89858402102809,170.32956771850587,183.76055141598366,15.770583906693664,0.11617324998230369,22.005317256589347,19.02421199011572,0.020041155638112595,1
2025-03-19,163.2261962890625,165.19817244671944,160.34790225399752,161.10481855769754,34275600,3.20697021484375,0.020041155638112595,169.59461592857468,183.05155456542968,174.2051880645752,38.13064411875884,5.126962158959649,1017110300.0,-5.880909332818987,-0.12227667248589658,-5.758632660333091,157.15267595185514,169.27551040649413,181.39834486113313,14.323199410862811,0.25049918647050523,27.246219409994456,22.037625846237763,-0.006650810792215411,0
2025-03-20,162.14060974121094,164.22214090970084,160.30806599087495,160.91559589904986,28138500,-1.0855865478515625,-0.006650810792215411,168.8847105773972,182.37742584228516,174.16097183227538,37.07130978550444,5.040327356092952,988971800.0,-5.755024901693957,0.002886206911306921,-5.757911108605264,157.6433681370616,168.20249099731444,178.76161385756728,12.555251468209743,0.21295526454560307,31.765884227620393,27.005806964734727,0.007309585587189638,1
2025-03-21,163.32579040527344,163.57477782056455,160.2383403768693,160.55705156299513,36625800,1.1851806640625,0.007309585587189638,168.3552896086235,181.75445709228515,174.119361038208,39.06177012676108,4.91862093377883,1025597600.0,-5.496268842548943,0.2093138128450569,-5.705582655394,157.85493762009932,167.43245697021484,177.00997632033037,11.440457272653298,0.2856090698009463,37.89745494002051,32.30318619254511,0.022501244660851016,1
2025-03-24,167.00082397460938,167.6382463166508,164.47111864181912,166.39330929919817,30879100,3.6750335693359375,0.022501244660851016,168.22629288157455,181.23562896728515,174.0930525970459,44.88344972842787,4.875323432178725,1056476700.0,-4.937739122957822,0.614274825948943,-5.552013948906765,158.69444589107843,166.86656799316407,175.0386900952497,9.794798563149474,0.5082142667331808,44.896985041263555,38.18677473630148,0.01717555543088678,1
2025-03-25,169.86915588378906,169.93887964810042,167.6382385775755,168.29555374273664,24174400,2.8683319091796875,0.01717555543088678,168.3827560246426,180.81216918945313,174.07305694580077,48.98029171563883,4.736947163701034,1080651100.0,-4.215061280119016,1.0695621350301998,-5.284623415149216,159.10521888442258,166.63460006713868,174.16398124985477,9.03699613367504,0.7147955946283739,59.22851542529503,47.34098513552636,-0.03224662464872141,0
2025-03-26,164.39144897460938,168.92302298152063,164.17233883294872,168.31549307909538,28901600,-5.4777069091796875,-0.03224662464872141,168.00263154368704,180.2996484375,174.01913078308107,42.48554199930261,4.805509298496698,1051749500.0,-4.03779387714431,0.9974636304039253,-5.035257507548235,159.06945076909182,166.262548828125,173.4556468871582,8.65269792834597,0.36993783219972387,61.20463329839695,55.11004458831851,-0.01708460658957789,0
2025-03-27,161.5828857421875,164.7499985121227,161.34385234187698,163.96320493120362,24508300,-2.808563232421875,-0.01708460658957789,167.39122718163947,179.7578155517578,173.962412109375,39.587098603079916,4.705554789335913,1027241200.0,-4.076939344897028,0.7666545301209666,-4.843593875017994,158.51839091178343,165.96046981811523,173.40254872444703,8.968495828540332,0.2058897029294306,54.19109443284435,58.20808105217878,-0.04875491713675517,0
2025-03-28,153.70492553710938,161.16459457709033,153.00776375696793,159.83997959632808,48669300,-7.877960205078125,-0.04875491713675517,166.0877698821604,178.94123596191406,173.862582321167,32.822919118015115,4.981952446184746,978571900.0,-4.689589293599539,0.12320366513476433,-4.8127929587343035,156.19804497498478,165.17595596313475,174.15386695128473,10.870723811828558,-0.13884741345542959,30.003233450741373,48.466320393994216,0.0020084965997915205,1
2025-03-31,154.01364135742188,154.9099898943082,150.0497663121255,152.48983972652445,54603500,0.3087158203125,0.0020084965997915205,164.93785287980435,178.1833560180664,173.75630767822267,33.30386026510556,4.973257527327457,1033175400.0,-5.091516176078301,-0.22297857387519748,-4.868537602203103,154.3781300394336,164.56952819824218,174.76092635705078,12.385522727551276,-0.017882172609293905,21.243775332820373,35.1460344054687,0.015714070864654817,1
2025-04-01,156.43382263183594,157.45964958057314,152.99778409802235,152.99778409802235,30672900,2.4201812744140625,0.015714070864654817,164.1279452371407,177.41240112304686,173.6563288116455,37.10538618247186,4.936729524129124,1063848300.0,-5.155330285177314,-0.22943414637936854,-4.925896138797945,153.43563121183956,163.88962478637694,174.34361836091432,12.757358604199268,0.14339933340398353,18.715251461339605,23.32075341496711,-0.0001912788733801074,0
2025-04-02,156.40390014648438,157.7683612723421,154.07338200320004,154.52155623121885,25041700,-0.0299224853515625,-0.0001912788733801074,163.3923218951734,176.6000601196289,173.56924964904786,37.07724779557399,4.8480330773443345,1038806600.0,-5.1489638705088225,-0.17845418536870206,-4.9705096851401205,152.88261872762064,163.10377197265626,173.32492521769188,12.533313143425232,0.17225460446814111,27.991972152851716,22.650332982337222,-0.040244247706799685,0
2025-04-03,150.1095428466797,152.16119683607278,149.78087761580798,150.49796262916686,46883400,-6.2943572998046875,-0.040244247706799685,162.12729531912638,175.65546569824218,173.44261116027832,31.641516894190094,4.9748180382966245,991923200.0,-5.587412260476526,-0.4935220602691244,-5.093890200207402,151.09398993695714,162.03652572631836,172.97906151567958,13.506258222103936,-0.044982584897486744,21.89216294817074,22.866462187454015,-0.033970248167765615,0
2025-04-04,145.01028442382812,150.4581305746649,144.7911742710094,147.41051168463707,62259500,-5.0992584228515625,-0.033970248167765615,160.49710380528845,174.6166455078125,173.28824340820313,28.053328994272096,5.024256485822258,929663700.0,-6.27403019221174,-0.9441119936034701,-5.3299181986082695,148.55376305955818,160.639208984375,172.7246549091918,15.046695014530771,-0.14660107114681273,11.483178902188056,20.455771334403497,0.007898230884671342,1
2025-04-07,146.15560913085938,152.23090799124293,139.96080117715204,140.9766740613606,76794100,1.14532470703125,0.007898230884671342,159.13124716962855,173.55636352539062,173.1502700805664,29.974131341298623,5.541817223555732,1006457800.0,-6.649114860762921,-1.055357329723721,-5.5937575310392,146.26210707384567,159.68708114624025,173.11205521863482,16.814101649337662,-0.0039664114959180215,7.722066008722263,13.699135953027016,-0.013969268944654334,0
2025-04-08,144.11392211914062,151.62339155340192,142.4506879025941,150.60751857909074,52200200,-2.04168701171875,-0.013969268944654334,157.70102573624874,172.62237518310548,172.9960846710205,28.512773231939022,5.801166254073738,954257600.0,-7.030080845767628,-1.1490586517827417,-5.881022193984887,143.81415365473512,158.72399826049804,173.63384286626095,18.787133349920857,0.010052702504009903,11.796537429869964,10.333927446926756,0.09682095154399573,1
2025-04-09,158.06716918945312,158.90376321404577,143.32711193141117,143.8350407612742,70406200,13.9532470703125,0.09682095154399573,157.7358965413158,171.89801452636718,172.89514274597167,47.390350547864315,6.499415184685229,1024663800.0,-6.135364049541039,-0.2034734844449213,-5.931890565096118,143.82109883364302,158.30569915771486,172.7902994817867,18.2995310985504,0.49176608387787824,31.63900463197014,17.052536023520783,-0.03711175402472611,0
2025-04-10,152.20101928710938,157.081166059798,149.32271046519142,155.9059376747643,48022000,-5.86614990234375,-0.03711175402472611,157.20876537424851,171.05414184570313,172.76690452575684,42.32950010474462,6.65977543751212,976641800.0,-5.832411405965928,0.0795833273041513,-5.911994733270079,143.2026141836736,157.81071243286132,172.41881068204904,18.51344312941057,0.3079937220416808,38.36103893681346,27.265526999551184,0.02826857213779821,1
2025-04-11,156.50352478027344,157.03137687020202,152.2010302665367,152.28069286385934,33636200,4.3025054931640625,0.02826857213779821,157.14159960339373,170.1876870727539,172.63631294250487,46.81561777901856,6.529102733625015,1010278000.0,-5.1853693079157495,0.5813003402834642,-5.766669648199214,143.1393254652339,157.39490356445313,171.65048166367237,18.11440875959695,0.468735789668589,52.1373306951834,40.71245808798899,0.012282122318133304,1
2025-04-14,158.42572021484375,161.06498074344722,156.92182649738766,159.35194610703772,30333000,1.9221954345703125,0.012282122318133304,157.2638968044842,169.29700317382813,172.51607650756836,48.734306716208515,6.388556535735641,1040611000.0,-4.465997437934533,1.0405377682117454,-5.506535206146278,143.15633485275728,157.1349609375,171.11358702224274,17.79187266963803,0.5461690322610663,53.25616197347555,47.91817720182413,-0.01735087629404153,0
2025-04-15,155.67689514160156,159.00336349160088,154.58135959003184,158.48548058954378,27551500,-2.7488250732421875,-0.01735087629404153,157.1127537889716,168.40685363769532,172.3745044708252,46.16919099324233,6.248088490438027,1013059500.0,-4.07077193381545,1.1486106178646622,-5.219382551680113,142.9903599469711,156.91784439086913,170.84532883476717,17.751307377388958,0.45544962716467935,60.77896198149733,55.39081821671875,-0.019064751268838553,0
2025-04-16,152.70895385742188,155.25858239966342,150.89631829246227,152.47988970477897,28187400,-2.9679412841796875,-0.019064751268838553,156.69334427168113,167.3548797607422,172.23426803588868,43.50650905570782,6.143266230345261,984872100.0,-3.9514906078582044,1.0143135550575266,-4.965804162915731,142.6641787224125,156.3919822692871,170.1197858161617,17.555635970183022,0.36585514575258715,62.42539624128366,58.82017339875218,-0.01415247142916809,0
2025-04-17,150.54774475097656,154.0534763910807,147.8985151753075,153.66505665607545,33046600,-2.1612091064453125,-0.01415247142916809,156.1080490792331,166.55911834716798,172.07905769348145,41.62400027474173,6.144101586447257,951825500.0,-3.9854094907949786,0.7843157376966019,-4.7697252284915805,142.125472179382,155.81233901977538,169.49920586016876,17.56839917364474,0.3076771575923542,57.8953838617125,60.36658069483116,-0.023088094753279775,0
2025-04-21,147.07188415527344,148.346698501599,145.50825109483685,148.2769899279801,26049100,-3.475860595703125,-0.023088094753279775,155.24746194361788,165.688466796875,171.89530410766602,38.72204133974794,6.065201019996718,925776400.0,-4.243842970920639,0.4207058060567537,-4.664548776977393,141.26366361388372,154.9996437072754,168.73562380066707,17.723886023032108,0.21142359343488082,47.99410983980376,56.104963314266634,0.025733041738950524,1
2025-04-22,150.8564910888672,151.5735760354548,147.93835078181212,148.2869392297591,26971800,3.78460693359375,0.025733041738950524,154.82927424316543,165.01805786132812,171.72759567260744,43.35296620255776,5.9535217957241935,952748200.0,-4.0960504951663665,0.454798625448821,-4.5508491206151875,141.51574644679891,154.1924270629883,166.86910767917766,16.442676021969476,0.36842233881554215,45.1628019524739,50.35076521799672,0.025615759461028453,1
2025-04-23,154.72079467773438,156.8919577671247,153.18702360261742,154.9797361333446,31128800,3.8643035888671875,0.025615759461028453,154.81894285598153,164.40245208740234,171.55549171447754,47.699143023790775,5.9593750016194305,983877000.0,-3.625316497156774,0.740426098766731,-4.365742595923505,142.97999240128038,153.43500900268555,163.8900256040907,13.627941457900487,0.5614913263206114,51.75399227988256,48.30363469072007,0.025297585293253766,1
2025-04-24,158.63485717773438,158.94359913409957,155.15898746904153,155.51752994672043,45894000,3.9140625,0.025297585293253766,155.18236326757705,163.8880078125,171.41074798583983,51.73815670216175,5.835334248386985,1029771000.0,-2.9029607551588867,1.170225472611695,-4.073186227770582,143.64060497819204,153.1471794128418,162.65375384749157,12.414952036462529,0.7886254035360499,70.01731461711253,55.64470294982299,0.016825803502671155,1
2025-04-25,161.30401611328125,165.42724716152773,160.38772903857225,164.4014202116321,56034000,2.669158935546875,0.016825803502671155,155.76537782431078,163.46096893310548,171.27959815979003,54.32842002811308,5.9036953723445835,1085805000.0,-2.0910059908700873,1.5857441895203959,-3.676750180390483,143.6755010791514,153.13323593139648,162.59097078364158,12.352295430473566,0.9319628489027248,80.74433053007992,67.50521247569166,-0.00833546175370492,0
2025-04-28,159.95947265625,162.48917806099573,157.9576193461597,161.7720931027873,29745800,-1.34454345703125,-0.00833546175370492,156.1648154273526,162.9567022705078,171.13080978393555,52.791369885890305,5.805685611093972,1056059200.0,-1.5382869955822684,1.7107705478465718,-3.2490575434288402,143.53073809059637,153.44596328735352,163.36118848411067,12.923409628168859,0.8284599814750941,82.83236121498358,77.864668787392,-0.002801841897209112,0
2025-04-29,159.51129150390625,160.088944095257,156.88198516909392,159.6706470871033,26809000,-0.44818115234375,-0.002801841897209112,156.48352743464343,162.46157745361327,171.00761581420898,52.26060906654925,5.620062276456052,1029250200.0,-1.1234670542123126,1.7004723913732223,-2.823939445585535,143.45913839640664,153.72084579467773,163.9825531929488,13.351094115078537,0.782138511872016,77.74770323450925,80.4414649931909,-0.00849141722783786,0
2025-04-30,158.1568145751953,158.62491214751483,154.7705764946502,157.34012853089786,34981100,-1.3544769287109375,-0.00849141722783786,156.642888114696,161.96841125488282,170.8801303100586,50.60472584012838,5.557251757370338,994269100.0,-0.8937120738998203,1.5441818973485715,-2.437893971248392,143.4273775349149,153.8069953918457,164.1866132487765,13.496938589154812,0.7095365765534952,70.97798424972187,77.18601623307156,0.01574303434695623,1
2025-05-01,160.6466827392578,161.29404393761732,158.26636366652554,159.80011945187778,30203200,2.4898681640625,0.01574303434695623,157.0242018884638,161.49519805908204,170.75785011291504,53.52019821729878,5.384393014874028,1024472300.0,-0.5048978959075612,1.5463968602726643,-2.0512947561802255,143.26906770514512,154.01913452148438,164.76920133782363,13.959391279191628,0.8082561406827763,70.91037054782387,73.21201934401833,0.016924925302577165,1
2025-05-02,163.36561584472656,164.3018109241553,161.21436100650547,162.7481319399907,25715000,2.71893310546875,0.016924925302577165,157.62814607477455,161.09049041748048,170.66211463928224,56.53702148994945,5.2608740984471325,1050187300.0,0.022377367581412955,1.6589376990093108,-1.6365603314278978,143.35846418789274,154.68193817138672,166.0054121548807,14.640977631076275,0.8834369949539284,76.38330051348477,72.75721843701017,0.0010973882831359916,1
2025-05-05,163.54489135742188,164.72010459701127,162.06092097475153,162.3397856484502,21341800,0.1792755126953125,0.0010973882831359916,158.19164562550287,160.7868588256836,170.58166465759277,56.736416929388355,5.075039064433748,1071529100.0,0.4495309355147583,1.668873013554125,-1.2193420780393667,144.57291040608902,155.6086685180664,166.64442663004377,14.183988870383663,0.859568538872835,85.39994767814228,77.56453957981697,-0.005968140929745069,0
2025-05-06,162.56883239746094,164.1324804047778,160.53710210703787,161.51312836048734,21277200,-0.9760589599609375,-0.005968140929745069,158.60852055616556,160.4718634033203,170.51285690307617,55.250242825463005,4.969349009669904,1050251900.0,0.7012102989355924,1.5364419015799673,-0.8352316026443749,145.8979134415893,156.4293296813965,166.96074592120368,13.464759148756544,0.7914851419915412,88.61655834762173,83.46660217974959,-0.07259676569917473,0
2025-05-07,150.76686096191406,164.33169015930102,147.24119073545722,163.41541831659652,127490100,-11.801971435546875,-0.07259676569917473,157.8616958329035,159.99703033447267,170.38518829345702,41.19796473442396,5.835145467825182,922761800.0,-0.05106382200551707,0.6273342245110863,-0.6783980465166034,147.45891423642053,156.76197662353516,166.0650390106498,11.86902919635416,0.1777880545053242,67.53324196522551,80.51658266366317,0.019157126899557397,1
2025-05-08,153.65512084960938,155.29843180094085,152.2807053795591,154.37220586033243,57498700,2.8882598876953125,0.019157126899557397,157.46106964401835,159.6334832763672,170.25206428527832,44.89194061479376,5.742032994339582,980260500.0,-0.40946795623716525,0.21514407222355048,-0.6246120284607157,147.16362857626564,156.54137420654297,165.9191198368203,11.981171978092128,0.3461115565123173,50.98326043887999,69.04435358390907,-0.009917137556502365,0
2025-05-09,152.1313018798828,154.42198900650553,151.58352655875794,153.5455484927057,32435300,-1.5238189697265625,-0.009917137556502365,156.95347271410068,159.32361999511718,170.11072578430176,43.34483197559566,5.53463509815444,947825200.0,-0.8071608230209222,-0.14603903564816512,-0.6611217873727571,147.15364217993866,156.53788833618165,165.92213449242465,11.98974415202195,0.2652136153010384,31.396439848239947,49.97098075078181,0.03738155683250999,1
2025-05-12,157.81820678710938,158.45561403019718,155.61715111506345,156.85213429722808,44138800,5.6869049072265625,0.03738155683250999,157.03582834010152,159.092080078125,170.0432713317871,50.23742380769051,5.591040601880149,991964000.0,-0.6558889075539867,0.004186303855016282,-0.6600752114090029,147.20285656721614,156.60362243652344,166.00438830583073,12.005808962838941,0.5646002872250788,41.9831253673684,41.45427521816277,0.006752250411736771,1
2025-05-13,158.8838348388672,159.919630909492,155.52748962665564,158.1468266808066,42382100,1.0656280517578125,0.006752250411736771,157.2118289590316,158.9469128417969,170.00769035339354,51.42983748066291,5.505404936234165,1034346100.0,-0.44488914164844573,0.17214885580844574,-0.6170379974568915,147.20590367161748,156.62652816772462,166.04715266383175,12.029411117405342,0.6198066366022419,49.68966455095904,41.02307658885579,0.03660762896069003,1
2025-05-14,164.7001953125,166.32359816964652,158.9635305710967,159.3121190412647,48755900,5.8163604736328125,0.03660762896069003,157.92500670698098,158.84027893066406,170.00258041381835,57.42630867983721,5.643573392987392,1083102000.0,0.1894771986715682,0.6452121569027678,-0.4557349582311996,147.03824966116488,157.07769317626952,167.11713669137416,12.782774322816886,0.8796277216342819,71.22410768559693,54.29896586797478,-0.008526289926654163,0
2025-05-15,163.29591369628906,165.53680044166376,161.71234217984835,165.1682887318073,33146700,-1.4042816162109375,-0.008526289926654163,158.43652165834368,158.66377807617187,169.97789596557618,55.64022161219357,5.513636597903679,1049955300.0,0.572306114738268,0.822432858375574,-0.2501267436373061,147.42933683243126,157.6070411682129,167.78474550399454,12.91529142396506,0.7794771954651825,79.88197558871025,66.9319159417554,0.013600752250026993,1
2025-05-16,165.51686096191406,168.66406524073284,164.94916241420358,167.05061660833445,42846900,2.220947265625,0.013600752250026993,159.11083968725515,158.5450259399414,169.9605453491211,57.87190346288511,5.503244808370829,1092802200.0,1.042890875128279,1.034414095012468,0.008476780115810933,148.1627918521652,158.35549697875976,168.5482021053543,12.873193947869956,0.851298497023575,86.97848281005228,79.36152202811981,0.0021060515170900906,1
2025-05-19,165.86544799804688,165.96504904182535,163.55485271284547,163.84367142462605,30426100,0.3485870361328125,0.0021060515170900906,159.75413571685436,158.40320251464843,169.93873542785644,58.22712147955352,5.282312774128618,1123228300.0,1.4275053555227544,1.1352228603255548,0.2922824951971996,150.01211820829542,159.29517517089843,168.57823213350144,11.655164009385427,0.8538851939407958,85.45969628864346,84.10671822913532,-0.01537171768800416,0
2025-05-20,163.31581115722656,167.8175076045031,162.24018376555952,165.75588463789506,46607700,-2.5496368408203125,-0.01537171768800416,160.09334290165174,158.36555541992186,169.9080475616455,54.600740264499166,5.303384993043973,1076620600.0,1.5091837861307908,0.973521032746873,0.5356627533839179,151.338302892337,159.91814117431642,168.49797945629584,10.730287657142155,0.6980031482671654,82.42676599067082,84.95498169645552,0.027930317156814377,1
2025-05-21,167.8772735595703,172.43872486137178,162.89752522096424,163.02700354080346,73416000,4.56146240234375,0.027930317156814377,160.83466963097732,158.4555892944336,169.9205100250244,59.46472013048805,5.606086039284228,1150036600.0,1.919855525556187,1.1073542177378153,0.8125013078183718,151.6793494066147,160.5759651184082,169.47258083020168,11.080880884300651,0.910341902903786,81.28946276940324,83.05864168290583,0.0137043202579894,1
2025-05-22,170.17791748046875,176.05402972868134,170.01857708088951,171.15395911169207,74864400,2.3006439208984375,0.0137043202579894,161.72450275950033,158.53048461914062,169.98124221801757,61.6938796904422,5.789705334271856,1224901000.0,2.403255343290965,1.2726032283780746,1.1306521149128905,151.38054086155614,161.15311813354492,170.9256954055337,12.128312979821349,0.9617410072976187,78.84599976327601,80.85407617445003,-0.014045735682045146,0
2025-05-23,167.7876434326172,169.27161392343552,167.20999079586213,168.37525009523515,35211400,-2.3902740478515625,-0.014045735682045146,162.3019447283686,158.64422241210937,170.0347863006592,58.11785483470513,5.588149716438625,1189689600.0,2.563922736920773,1.1466164976063058,1.4173062393144673,151.2850611068141,161.47729949951173,171.66953789220935,12.623741447606308,0.8095661468057203,77.60440507578721,79.24662253615548,0.026295430638285433,1
2025-05-27,172.19969177246094,172.46860243837372,169.3114438097941,169.47079940418584,37995700,4.41204833984375,0.026295430638285433,163.24458730399644,158.79182220458983,170.10716552734374,62.4450178428773,5.523350379961333,1227685300.0,3.012541528419746,1.2761882312842228,1.736353297135523,150.91269766972277,162.08931045532228,173.26592324092178,13.790684597526479,0.952300778021288,79.1796098205509,78.54333821987137,-0.003123272362163143,0
2025-05-28,171.661865234375,174.5600820753336,171.2136909757797,172.4586279146467,34784000,-0.5378265380859375,-0.003123272362163143,164.04623282117535,158.95256805419922,170.16152389526368,61.6093995032201,5.367853288503659,1192901300.0,3.2867889884828116,1.2403485530778307,2.046440435404981,150.84619217232327,162.69683914184571,174.54748611136816,14.567765461246077,0.878250491959873,79.99469793823205,78.92623761152338,-0.0029008806374950513,0
2025-05-29,171.1638946533203,173.71352313508294,169.93888093061088,173.29522613701107,29317300,-0.4979705810546875,-0.0029008806374950513,164.72410537661773,159.17546142578124,170.205255279541,60.798164320030565,5.254052496787117,1163584000.0,3.4244747984368473,1.1024274904254927,2.3220473080113546,151.1422009921951,163.34719314575196,175.55218529930883,14.94362029553402,0.8202255851221646,82.89674651492028,80.69035142456774,-0.000698112048633015,0
2025-05-30,171.04440307617188,171.51250064033223,166.76181642373982,170.65598330984582,52639900,-0.1194915771484375,-0.000698112048633015,165.32603849086098,159.33182556152343,170.25523628234862,60.59199059737607,5.2180976196303535,1110944100.0,3.4837908508114026,0.9293948342400382,2.5543960165713644,151.2864764569316,163.86707916259766,176.44768186826371,15.354643251049719,0.7852535797168799,79.22059573497613,80.70401339604281,-0.015779736699886526,0
2025-06-02,168.34536743164062,169.18196148692468,166.7120106202351,167.16018492149544,38612300,-2.69903564453125,-0.015779736699886526,165.6135936280781,159.45592071533204,170.28244369506837,55.974666390791604,5.1548329650808125,1072331800.0,3.2752545344378348,0.576686814293176,2.6985677201446587,151.38876124347144,164.11606674194337,176.8433722404153,15.51012737647971,0.666150670705792,72.68532922864803,78.26755715951481,-0.016860904719269487,0
2025-06-03,165.5069122314453,167.79759955842107,164.61056358901342,166.81161909114326,45084900,-2.8384552001953125,-0.016860904719269487,165.60343349506545,159.49954315185548,170.31426376342773,51.527604162650334,5.053402313476983,1027246900.0,2.848117067925159,0.11963947822439991,2.728477589700759,151.47574355171787,164.21416778564452,176.95259201957117,15.514403422918585,0.5507419293807858,58.77548143411735,70.22713546591383,0.011252956094045974,1
2025-06-04,167.36935424804688,167.53866387757995,165.6861967820594,166.06466254041968,26900800,1.8624420166015625,0.011252956094045974,165.77161642392082,159.5069137573242,170.3507815551758,54.10416481420902,4.83757012295253,1054147700.0,2.629578905253254,-0.07911894755800386,2.708697852811258,151.66800537347495,164.45419387817384,177.24038238287272,15.549847897671464,0.6139964567549479,46.725528917687114,59.39544652681749,0.0009519799852635291,1
2025-06-05,167.5286865234375,170.23765541573877,166.9111874462575,169.6500488073603,36379100,0.159332275390625,0.0009519799852635291,165.9389564333986,159.4601043701172,170.37985954284667,54.32783247098512,4.729634254847441,1090526800.0,2.441103102846256,-0.21407579997200177,2.6551789028182577,154.10752261745665,165.29228515625,176.47704769504332,13.53331467130536,0.5999753619905097,38.67175665697215,48.05758900292553,0.03251888122588609,1
2025-06-06,172.97653198242188,173.79321800916722,170.1380845314093,170.1380845314093,35731800,5.447845458984375,0.03251888122588609,166.60920172378178,159.63180603027342,170.4177687072754,61.27661783595766,4.8392697713390325,1126258600.0,2.700203999650398,0.03602007746571223,2.664183922184686,155.95832877094918,166.25835571289062,176.55838265483206,12.39038711501324,0.8261242085773105,51.81675071383634,45.7380120961652,0.015103487150444739,1
2025-06-09,175.58908081054688,175.96800471005412,173.87397240224888,174.04348698482235,28935900,2.612548828125,0.015103487150444739,167.4644283034737,159.91192993164063,170.4662100982666,64.09762851847715,4.707284268217118,1155194500.0,3.0808401757473973,0.3333250028501693,2.747515172897228,158.59463686850165,167.43124465942384,176.26785245034603,10.555506302180284,0.9615932009285028,70.8799661299863,53.78949116693159,0.01425421159208251,1
2025-06-10,178.0919647216797,180.59481935710423,174.41245877453574,175.69878257607027,61766100,2.5028839111328125,0.01425421159208251,168.47657462901714,160.39967071533204,170.53376518249513,66.60744556645561,4.81264686209936,1216960600.0,3.543610367301227,0.6368761555231992,2.9067342117780277,159.6005289208054,168.44493255615234,177.28933619149927,10.501240377057456,1.0453749378291988,86.73774750766539,69.81148811716268,-0.006999053672491873,0
2025-06-11,176.84548950195312,179.85688739895457,176.24719026638135,179.25860337876443,31646800,-1.2464752197265625,-0.006999053672491873,169.27361414072533,160.85630767822266,170.60525939941405,64.20040012461033,4.726721881418921,1185313800.0,3.7663626609073617,0.687702759303467,3.0786599016038947,160.92706502979277,169.34301528930663,177.7589655488205,9.939530420119192,0.9457294768445946,86.34506841546956,81.32092735104041,-0.009303568861647182,0
2025-06-12,175.2001953125,176.2172980493167,174.25290075490625,175.6788256293735,20941900,-1.645294189453125,-0.009303568861647182,169.8380504427991,161.23163513183593,170.6594967651367,61.06358854804851,4.5742838003923465,1164371900.0,3.7667136375266352,0.5504429887381921,3.216270648788443,161.36649337449495,169.86801528930664,178.36953720411833,10.009561718058018,0.8136014984507317,76.21713763078402,83.09998451797298,-0.0058622599704578615,0
2025-06-13,174.17312622070312,176.6261351195968,171.8996131999643,171.9494740114175,27663100,-1.027069091796875,-0.0058622599704578615,170.25091480259948,161.5870196533203,170.70591949462892,59.121639003419844,4.585157951766642,1136708800.0,3.6421316701473927,0.34068881708715937,3.3014428530602333,162.27793286793056,170.41187591552733,178.5458189631241,9.546216194027163,0.7312070715990001,67.5396271973451,76.70061108119955,0.01202266218469128,1
2025-06-16,176.26715087890625,176.43666545813562,174.15317124562452,174.23294549738824,27389200,2.094024658203125,0.01202266218469128,170.82388966700967,162.11017181396485,170.7701557159424,61.789740927520626,4.420753398962675,1164098000.0,3.6700636437081187,0.294896632518308,3.3751670111898107,162.75976545850585,170.94939041137695,179.13901536424805,9.581344435523729,0.8246644686497523,66.3335682865482,70.03011103822577,-0.004638826493848058,0
2025-06-17,175.44947814941406,176.85547082344988,174.08338020939252,175.20018931566514,24973000,-0.8176727294921875,-0.004638826493848058,171.26442190342914,162.71895568847657,170.83938346862794,60.13911604584574,4.302991771469438,1139125000.0,3.584896127265324,0.1677832928604106,3.4171128344049135,163.36433222776094,171.4285919189453,179.49285161012966,9.408301848500624,0.7493028736949214,66.85341907082578,66.90887151823968,-0.014947308970394424,0
2025-06-18,172.8269805908203,176.0577543370001,172.70731159680278,175.50931582595604,28707500,-2.62249755859375,-0.014947308970394424,171.41323701651402,163.25238311767578,170.90080780029297,55.05892544523938,4.2349525549500004,1110417500.0,3.2681138390275635,-0.11919919630188058,3.387313035329444,164.73788799207313,171.904150390625,179.07041278917688,8.337509457761993,0.5643871343855472,64.04618665118007,65.74439133618468,-0.03854158637850069,0
2025-06-20,166.16595458984375,173.84404717223623,164.98931866750593,173.4551572231979,75659900,-6.6610260009765625,-0.03854158637850069,170.9134958330216,163.69342376708985,170.9209881591797,44.72463832989354,4.564936551362879,1034757600.0,2.4513152274924153,-0.7487982462696232,3.2001134737620385,164.42478559135427,171.81858444213867,179.21238329292308,8.606518177053577,0.11774522364134674,42.98129956141554,57.960301761140464,-0.00870131201048463,0
2025-06-23,164.7200927734375,166.86397066469698,161.53916480969883,165.79702236468145,57671000,-1.44586181640625,-0.00870131201048463,170.32364792258502,163.82648223876953,170.96380897521973,42.84479687180645,4.61921293019397,977086600.0,1.6680986749525175,-1.225611839047617,2.8937105140001345,163.5513363146516,171.54569320678712,179.54005009892265,9.320381925880067,0.07309884175521829,25.94226214202072,44.32324945153877,0.009564806093433464,1
2025-06-24,166.2956085205078,167.74148079179992,165.65742968002243,166.4451757427373,40524300,1.5755157470703125,0.009564806093433464,169.9400251223872,164.1083740234375,171.01902252197266,45.531386592274714,4.5050825793488585,1017610900.0,1.161139969168147,-1.3860564358655902,2.5471964050337372,163.31170602730006,171.47109146118163,179.6304768950632,9.516922490376432,0.18285093389614848,17.12813270285129,28.683898135429178,0.023445294328526378,1
2025-06-25,170.1944580078125,171.86968681108624,167.0733722889804,167.15314653822034,35479000,3.8988494873046875,0.023445294328526378,169.96425682576103,164.3821926879883,171.0898104095459,51.59503351295463,4.5814394158652565,1053089900.0,1.0617370679634632,-1.1883674696562196,2.250104537619683,163.20044741064433,171.3708297729492,179.54121213525409,9.535324504327711,0.4280099931085201,29.02491896632428,24.03177127039876,0.016756614568727013,1
2025-06-26,173.0463409423828,173.19592338119924,169.4565906415466,171.9394978428303,31796700,2.8518829345703125,0.016756614568727013,170.25778864639167,164.67460510253906,171.20621589660644,55.49760508368703,4.521288938992926,1084886600.0,1.1992583672934245,-0.8406769362610067,2.039935303554431,163.23758396534166,171.4400535583496,179.64252315135755,9.568906941826448,0.597914863677304,43.58970890524035,29.9142535248053,0.02875414489234185,1
2025-06-27,178.0221405029297,178.17170771682706,171.241481190895,173.046329910377,108140200,4.975799560546875,0.02875414489234185,170.99725072796673,165.12151000976561,171.35748680114747,61.35225554889381,4.693355909488578,1193026800.0,1.6902660924839665,-0.27973536885637174,1.9700014613403383,163.09621311900213,171.78296585083007,180.469718582658,10.113636924130406,0.8591200788552158,64.10248627752354,45.572371383029385,-0.012882987614747043,0
2025-06-30,175.7286834716797,180.7144602330707,174.08338322657394,180.26574336762212,63378900,-2.29345703125,-0.012882987614747043,171.4478633702251,165.58190460205077,171.49753890991212,57.591391988981634,4.831764559274877,1129647900.0,1.8727426257673585,-0.07780706845838381,1.9505496942257423,163.17156566299064,172.01717987060547,180.8627940782203,10.284570662382286,0.7097934362703231,73.62842943814907,60.440208206970986,-0.0022130750037663294,0
2025-07-01,175.33978271484375,175.58907153758963,173.03635642713306,175.24007631497474,35904500,-0.3889007568359375,-0.0022130750037663294,171.8185223554269,166.0777453613281,171.62322578430175,56.953843899497485,4.678947593937145,1093743400.0,1.9633433521447046,0.010234926335169536,1.953108425809535,163.57672607033638,172.3669006347656,181.15707519919485,10.199376483603487,0.6691025620872395,77.4896372212777,71.74018431231677,0.01592367219478641,1
2025-07-02,178.1318359375,178.35121133766924,174.57199915363273,175.04064818266679,29128900,2.79205322265625,0.01592367219478641,172.41979031562434,166.69894439697265,171.74533477783203,60.34769942227079,4.614680778944242,1122872300.0,2.2346804364169657,0.22525760848594434,2.0094228279310213,164.45951171148653,172.99814682006837,181.5367819286502,9.871360203023091,0.8006153238865988,77.50042734776167,76.2061646690628,0.004982076482810349,1
2025-07-03,179.01930236816406,179.15890351135596,176.54636131074304,177.9922335542414,21689700,0.8874664306640625,0.004982076482810349,173.04831527300908,167.2622006225586,171.85811874389648,61.389716623830715,4.471670880492005,1144562000.0,2.4925950702853754,0.3865377938834831,2.1060572764018923,165.06799021756453,173.5806442260742,182.0932982345839,9.808298668856958,0.819445506457392,83.22066759062052,79.4035773865533,-0.015262172707629085,0
2025-07-07,176.28707885742188,178.78994839919216,175.1802358653973,178.550625649566,34175600,-2.7322235107421875,-0.015262172707629085,173.35676894771507,167.69352630615234,171.95426055908203,56.46965433423204,4.4264848535116315,1110386400.0,2.448304146444599,0.2737974960341649,2.174506650410434,165.9045079407176,174.01856384277343,182.13261974482927,9.325506110241118,0.6397892152846565,84.86739779157745,81.86283090998654,-0.013745082509964868,0
2025-07-08,173.86399841308594,177.44378228214464,172.31840465770773,177.34407588154812,40442500,-2.4230804443359375,-0.013745082509964868,173.40507651584562,167.99810913085938,172.03202682495117,52.45457065488784,4.47640576572058,1069943900.0,2.1924082117340618,0.014321249058902197,2.1780869626751596,165.96246562063433,174.06293716430665,182.16340870797896,9.30752022876171,0.48772054502332585,77.44841166005708,81.84549234741836,0.012961773777198982,1
2025-07-09,176.11758422851562,178.92956979741228,172.27854501653255,174.75148618121452,43025600,2.2535858154296875,0.012961773777198982,173.66341058371896,168.29438049316406,172.1186267852783,55.61541144472301,4.631735695374806,1112969500.0,2.146708462274489,-0.025102800320536467,2.1718112625950257,165.96573395269536,174.08936233520507,182.21299071771477,9.332710825682557,0.6248347288803455,72.40421620686008,78.24000855283153,0.005661823098547014,1
2025-07-10,177.11473083496094,177.92242424511252,173.88395719435462,175.1304013990042,29252400,0.9971466064453125,0.005661823098547014,173.99210775050392,168.63748565673828,172.19863609313964,56.97827161737803,4.589359363616456,1142221900.0,2.1659843597958286,-0.004661522239358007,2.1706458820351866,166.00245398913563,174.04050064086914,182.07854729260265,9.236984060761742,0.6912299298131592,73.84296323224756,74.5651970330549,0.0144690568276713,1
2025-07-11,179.6774139404297,180.91387676081473,175.97796112386152,176.28707682895777,34282900,2.56268310546875,0.0144690568276713,174.5335654828778,169.04080810546876,172.2842547607422,60.348070634847424,4.61411338314051,1176504800.0,2.3608335373807563,0.15215012427645558,2.2086834131043007,165.85675231602596,174.18209686279297,182.50744140956,9.559357358437438,0.8300354145565491,83.62416923376576,76.6237828909578,0.007603093210310163,1
2025-07-14,181.04351806640625,183.14751640721383,179.16886118965368,180.49507959550706,32536600,1.3661041259765625,0.007603093210310163,175.15356096702337,169.49854217529298,172.3853488922119,62.05435595469949,4.568723514170484,1209041400.0,2.595566030867019,0.3095060942101746,2.2860599366568444,165.63240613044454,174.4742630004883,183.31611987053205,10.135428249402047,0.8714861687127405,87.60525131659455,81.69079459420261,0.002423457218403202,1
2025-07-15,181.48226928710938,183.69595532751242,181.08341324296114,182.28996266650833,33448300,0.438751220703125,0.002423457218403202,175.75629509274586,169.91525390625,172.48645065307616,62.610839418482946,4.431845924665891,1242489700.0,2.784894252419548,0.39906745261016274,2.385826799809385,165.48833036740123,174.8397201538086,184.19110994021597,10.697099924640508,0.8551637395628614,89.42371951667684,86.88438002234572,0.005329747321715761,1
2025-07-16,182.44952392578125,183.80565587223137,181.5121954195811,182.71876014286474,33104200,0.967254638671875,0.005329747321715761,176.39374545779685,170.2969320678711,172.59636344909669,63.86883598296,4.281241686127041,1275593900.0,2.978651556693279,0.4742598055071152,2.504391751186164,165.2371999624993,175.14883880615236,185.06047764980542,11.317961239380944,0.8682884957165232,88.40066151101219,88.47654411476118,0.0033337760303326913,1
2025-07-17,183.05776977539062,183.53640005379035,179.96658229342344,181.6218637248093,31992600,0.608245849609375,0.0033337760303326913,177.02841444042485,170.68718963623047,172.7031566619873,64.67375870563859,4.230425691429889,1307586500.0,3.145032001814542,0.5125122005027021,2.63251980131184,165.0338313109149,175.52925338745118,186.02467546398745,11.95860162792284,0.8586571522821514,90.42637267531843,89.41691790100248,0.00806193346700157,1
2025-07-18,184.5335693359375,185.88970124039062,183.1874187229756,184.87259850820493,34014500,1.475799560546875,0.00806193346700157,177.74319109714034,171.126484375,172.81126754760743,66.61701594891515,4.130533246684896,1341601000.0,3.357273831149058,0.5798032238697743,2.777470607279284,164.99979412447874,176.11458282470704,187.22937152493535,12.622224147436148,0.8787290401237015,91.54435793987818,90.12379737540293,0.027234422990290996,1
2025-07-21,189.55923461914062,189.74868135121883,185.62045888710102,185.720180506412,45803100,5.025665283203125,0.027234422990290996,178.86852857542607,171.90233184814454,172.935066986084,72.2210370286966,4.208003158727499,1387404100.0,3.8862084057133472,0.8869902387472508,2.9992181669660964,165.69016368135007,177.28424682617188,188.8783299709937,13.079654117480464,1.0293643162482857,94.33322767368884,92.10131942962848,0.00652284472759046,1
2025-07-22,190.7957000732422,191.10481579575136,186.9267476808465,190.9552485801447,44660200,1.2364654541015625,0.00652284472759046,180.00444967045618,172.64514343261717,173.05938484191896,73.40398145466503,4.205864941311598,1432064300.0,4.354963981488794,1.084596651618158,3.270367329870636,167.0743973827181,178.5880271911621,190.1016569996061,12.894066852667239,1.0301400637845368,95.77009117118432,93.88255892825045,-0.005801189652548389,0
2025-07-23,189.68885803222656,191.9823183810532,188.64184187130752,190.95524958744798,58681900,-1.106842041015625,-0.005801189652548389,180.92677427633907,173.39629455566407,173.1837826538086,70.50941344460021,4.144051481914032,1373382400.0,4.584298312724826,1.051144786283352,3.533153526441474,168.7342506454548,179.75768966674804,190.78112868804126,12.264776034593606,0.9504569012580903,95.21131911457387,95.10487931981568,0.010198167566789706,1
2025-07-24,191.6233367919922,197.38689334762466,190.45666688872916,196.46951227536783,74881700,1.934478759765625,0.010198167566789706,181.9454945159251,174.0723971557617,173.31785285949707,72.54700387594879,4.397907470020037,1448264100.0,4.8660508856947615,1.0663178874026298,3.7997329982921317,169.56894374146677,180.82913360595703,192.08932347044728,12.453955443957637,0.9793082228602283,87.92120624130534,92.9675388423545,0.005255757839064401,1
2025-07-25,192.63046264648438,193.77720042486192,190.71592620592727,191.43387927305906,39785900,1.0071258544921875,0.005255757839064401,182.96311052835932,174.74732971191406,173.45099662780763,73.5708192479552,4.302433666371081,1488050000.0,5.111684156206849,1.0495609263317736,4.062123229875075,170.03139617211266,181.8083396911621,193.58528321021154,12.955339165469459,0.9594622933283696,82.15397815539978,88.42883450375966,-0.003105852792606001,0
2025-07-28,192.0321807861328,193.49800038051387,190.29712498462092,193.0991291078416,38139500,-0.5982818603515625,-0.003105852792606001,183.82683150529013,175.29396942138672,173.60141983032227,71.85644976659076,4.2237509327655,1449910500.0,5.198152876081878,0.9088237169654416,4.289329159116436,170.06810576037276,182.50884170532225,194.94957765027175,13.633022738740776,0.8827482201596242,78.9250709114324,83.0000851027125,0.01646067972393528,1
2025-07-29,195.1931610107422,195.36267559548023,191.53360267868564,191.88259792418754,41389200,3.160980224609375,0.01646067972393528,184.90933907723795,175.93191436767577,173.76069221496581,75.15108200966895,4.195559645910436,1491299700.0,5.458818781353585,0.935591697789719,4.523227083563866,170.29239029791015,183.4820655822754,196.67174086664065,14.377073031642816,0.9439493458322232,83.46536320508027,81.51480409063748,0.003984700339168201,1
2025-07-30,195.970947265625,197.0379108346005,194.13618500265545,195.04360005779435,32445400,0.7777862548828125,0.003984700339168201,185.96282557137005,176.54099609375,173.9363737487793,75.89871996329217,4.103142944912908,1523745100.0,5.662881071840843,0.911723190621581,4.751157881219262,170.81522376888748,184.51362380981445,198.21202385074142,14.848117724950713,0.9181993306363988,87.57530070346814,83.32191160666027,-0.023558780585949624,0
2025-07-31,191.35411071777344,195.43248777249184,190.54641729704366,195.15328548422434,51329200,-4.6168365478515625,-0.023558780585949624,186.47628129959895,177.05076934814454,174.08787803649903,63.65566414150259,4.197527732317796,1472415900.0,5.389930024139403,0.5110177143361128,4.87891230980329,171.495889384024,185.17473754882812,198.85358571363224,14.77398952564703,0.7258733006791075,83.64599224031721,84.89555204962187,-0.014434496386651285,0
2025-08-01,188.59201049804688,190.28717167835873,187.2857393250735,188.49228886934085,34832200,-2.7621002197265625,-0.014434496386651285,186.67777931849875,177.55629333496094,174.21980865478517,57.66284638244512,4.1883022794879485,1437583700.0,4.894317305145677,0.01232399627390901,4.881993308871768,172.20152571653801,185.65337295532225,199.1052201941065,14.491357764904649,0.6092280298222525,69.9284902834252,80.38326107573685,0.031248265513530216,1
2025-08-04,194.4851837158203,194.7145404143055,189.57918094353215,189.7486955367273,31547400,5.8931732177734375,0.031248265513530216,187.4213416420532,178.08845153808593,174.37265960693358,65.19230484237723,4.3264613964001395,1469131100.0,4.920351730085287,0.030686736970814366,4.889664993114472,173.30827283545975,186.5632781982422,199.81828356102463,14.209661719920753,0.7988269450203824,66.5807441444026,73.38507555604833,-0.0018970983417964105,0
2025-08-05,194.11622619628906,197.2971541323202,193.33844625639603,194.1561209300893,31602300,-0.36895751953125,-0.0018970983417964105,188.05894969483757,178.56721771240234,174.52118156433104,64.41984905591603,4.300193287794714,1437528800.0,4.855244178493166,-0.027536651697045222,4.882780830190211,175.29791324170642,187.57588958740234,199.85386593309826,13.091209507472342,0.7663442421103642,71.36051974780301,69.2899180585436,0.007294443521691951,1
2025-08-06,195.53219604492188,196.0706684741306,193.11908183595835,193.94672263242092,21562900,1.4159698486328125,0.007294443521691951,188.77068744246463,179.12210876464843,174.6782738494873,66.0809035961941,4.203864241393109,1459091700.0,4.861858430230825,-0.016737919967509285,4.878596350198334,176.99753182565794,188.54662017822267,200.0957085307874,12.250644791880129,0.8024297526110756,83.83539942154886,73.92555443791815,0.002192845891004769,1
2025-08-07,195.96096801757812,196.9780554903085,193.77719542929833,196.49942519635405,26321800,0.42877197265625,0.002192845891004769,189.45547606866592,179.5973342895508,174.84858947753906,66.58954944649413,4.13222108565147,1485413500.0,4.845838774223182,-0.026206060780121554,4.872044835003304,178.77975246087865,189.48893203735352,200.1981116138284,11.303224374459813,0.8021723528869519,85.34822062136224,80.18137993023804,0.02493377845961131,1
2025-08-08,200.84701538085938,202.03363260270996,196.60910542589713,196.65896623314958,39161800,4.88604736328125,0.02493377845961131,190.54038457458913,180.18103729248048,175.04090072631837,71.7824146108156,4.27082419275721,1524575300.0,5.167834687821113,0.23663188225424747,4.9312028055668655,179.7421800006199,190.547412109375,201.35264421813008,11.341253065722924,0.9766025925134448,88.98829087972153,86.05730364087754,-0.0020851329247548733,0
2025-08-11,200.42822265625,200.90685295750995,198.50372015999918,200.36839577051538,25832400,-0.418792724609375,-0.0020851329247548733,191.4820834395092,180.76632385253907,175.22788864135742,70.76714237059396,4.137417664525323,1498742900.0,5.327810018872611,0.31728577064459706,5.010524248228014,180.81820557287298,191.5166473388672,202.2150891048614,11.172336102004243,0.9164894062287146,89.7136381642241,88.01671655510262,0.011641715004738318,1
2025-08-12,202.7615509033203,203.91825467935456,200.01937388440479,200.79715378526663,30397900,2.3333282470703125,0.011641715004738318,192.55631843606267,181.40066680908203,175.4212271118164,73.05390787648201,4.120379316698498,1529140800.0,5.578565480073877,0.4544329854766902,5.124132494597187,181.85305808180055,192.58061141967772,203.3081647575549,11.140844614413801,0.9745229020533238,91.4350087686491,90.04564593753156,-0.006786557166853724,0
2025-08-13,201.385498046875,203.94817934449617,196.94814463612107,203.5493232968563,28342900,-1.3760528564453125,-0.006786557166853724,193.39719268471146,182.06146942138673,175.61941047668458,69.59626408884722,4.326068987532541,1500797900.0,5.601682317480112,0.38203985830634046,5.219642459173771,183.20887784640053,193.52741012573242,203.8459424050643,10.663639091359785,0.880775468274805,88.92661630996372,90.0250877476123,0.0048524776481284615,1
2025-08-14,202.3627166748047,203.85844975532365,200.65757426824428,200.9268104830451,25230400,0.9772186279296875,0.0048524776481284615,194.25105211233938,182.7985855102539,175.8227781677246,70.65835704617821,4.245698023214458,1526028300.0,5.633911726593567,0.3314154139358365,5.3024963126577305,184.6725172883108,194.49265747070314,204.3127976530955,10.098211737244199,0.9007101252084302,89.3834499631223,89.9150250139117,0.004730342074746652,1
2025-08-15,203.31996154785156,205.85274455493158,200.70741950553764,203.270115954676,34931400,0.957244873046875,0.004730342074746652,195.11475777286435,183.51759765625,176.0182627105713,71.70120157848886,4.309957096512992,1560959700.0,5.671319980283414,0.2950589341005463,5.376261046182868,186.01638150601414,195.43197708129884,204.84757265658354,9.635675508074968,0.9188786786498216,87.15450379192424,88.48819002167009,-0.0019616838615760246,0
2025-08-18,202.92111206054688,204.68608127587706,201.91399064284568,203.61911775674488,18526600,-0.3988494873046875,-0.0019616838615760246,195.858220085977,184.22544616699219,176.20454902648925,70.57566199406817,4.2001094919785915,1542433100.0,5.604180960907456,0.18233593177967045,5.421845029127786,186.55084846712236,196.10007095336914,205.64929343961592,9.739132107216317,0.8571516485767143,87.01800844713385,87.85198740072678,-0.009483903539595606,0
2025-08-19,200.9966278076172,202.86130359723919,199.39120695287482,202.45246621827235,24240200,-1.9244842529296875,-0.009483903539595606,196.34759224994275,184.7858480834961,176.36650672912597,65.25304598382392,4.15223775024241,1518192900.0,5.334193743659455,-0.0701210283746656,5.4043147720341205,187.15945363090793,196.6101173400879,206.06078104926786,9.613608736963016,0.7320742014800731,81.47155465477294,85.21468896461035,-0.01116248491650984,0
2025-08-20,198.7530059814453,200.70742189093835,196.04074228977996,200.15898342104597,28955500,-2.243621826171875,-0.01116248491650984,196.57667927199063,185.24912658691406,176.49349769592285,59.608864113898456,4.209641162213469,1489237400.0,4.882898385110622,-0.4171331095388,5.300031494649422,188.12850045119166,197.06332473754884,205.99814902390602,9.067972742524956,0.5945559302423267,73.27250207042113,80.58735505744264,0.0021573874031637352,1
2025-08-21,199.18179321289062,201.90402322277677,198.8626961782015,199.18179321289062,19774600,0.4287872314453125,0.0021573874031637352,196.82478536160016,185.67092315673827,176.63927642822264,60.31534384018498,4.1340251678647535,1509012000.0,4.507879084082418,-0.6337219284536033,5.141601012536022,188.82506102625504,197.44124755859374,206.05743409093245,8.727848551282797,0.6010044088393501,64.87147138146415,73.20517603555274,0.03173957362494795,1
2025-08-22,205.5037384033203,207.9467659198768,200.7273710651735,202.15329588435108,42827000,6.3219451904296875,0.03173957362494795,197.65135231795446,186.24408813476563,176.81577056884765,68.9410393092852,4.464807134944856,1551839000.0,4.667003418022404,-0.3796780756108955,5.046681493633299,189.08749618967616,198.08491134643555,207.08232650319493,9.084402335949342,0.9122754662104986,68.09761375036862,68.74719573408463,0.011645399915190868,1
2025-08-25,207.89691162109375,209.92113563994843,204.69603644956018,205.84275894542606,29928900,2.3931732177734375,0.011645399915190868,198.6271198706344,186.8980224609375,177.0144155883789,71.46914045947747,4.519113710333669,1581767900.0,4.929396660925761,-0.09382786616603056,5.0232245270917915,189.37212121615707,198.8781478881836,208.38417456021014,9.559649235441556,0.9743708409450258,76.82794358355301,69.93234290512858,-0.006475136538465542,0
2025-08-26,206.55075073242188,207.258737698756,205.11484464858782,206.91969332896332,28464100,-1.346160888671875,-0.006475136538465542,199.38175138128085,187.5455749511719,177.20384574890136,68.11075353726179,4.395038943345973,1553303800.0,4.97141389816764,-0.04144850313932125,5.012862401306961,189.5398406270818,199.44602737426757,209.35221412145336,9.933701741370333,0.85860031410031,83.53310236910794,76.15288656767653,0.001641412742279913,1
2025-08-27,206.88978576660156,208.31572581537765,205.0649896678173,205.11485047791405,23022900,0.3390350341796875,0.001641412742279913,200.09680227512092,188.15802764892578,177.36133567810057,68.51207145989528,4.313303029361287,1576326700.0,4.974724626389502,-0.03051021993396752,5.00523484632347,189.71544279585194,199.9919692993164,210.26849580278085,10.276939158576083,0.8356103088412099,81.74545094936455,80.7021656340085,0.020050109416597905,1
2025-08-28,211.03794860839844,211.61630051242363,206.31142697470574,206.66043741838072,32339300,4.148162841796875,0.020050109416597905,201.13881621162355,188.86979705810546,177.51850051879882,72.9907750627164,4.3841294942439015,1608666000.0,5.251534060366055,0.19703937123406767,5.054494689131987,190.43041921711838,200.97616119384764,211.5219031705769,10.494520259601902,0.9770545039293401,84.52354358712047,83.26736563519763,0.00600083163522469,1
2025-08-29,212.30435180664062,214.03939239893296,209.60205408045064,209.91116980825524,39728400,1.2664031982421875,0.00600083163522469,202.2022005540061,189.6593444824219,177.69392143249513,74.19740076802339,4.387930124546646,1648394400.0,5.50958462347964,0.36407194747812177,5.145512676001518,192.132717218627,202.16177825927736,212.19083929992772,9.921817197104241,1.0056591791720488,88.26929443592188,84.84609632413563,-0.0073270153802278415,0
2025-09-02,210.74879455566406,211.0778424398192,205.61343524607918,207.84706876322787,47523000,-1.5555572509765625,-0.0073270153802278415,203.01616188749736,190.55100128173828,177.85162788391114,70.05728542292911,4.552429155690561,1600871400.0,5.524883664320015,0.3034967906547976,5.221386873665217,192.9301410329102,202.97495880126954,213.01977656962887,9.897593109693993,0.8869575304233847,89.45483023089987,87.41588941798074,0.09136501092955474,1
2025-09-03,230.0038604736328,230.65200537566233,224.15054812619755,225.5665221360729,103336100,19.25506591796875,0.09136501092955474,205.58641889570072,191.8566766357422,178.09929992675782,82.82923317777575,5.648913560283969,1704207500.0,7.009925109553507,1.4308305887106307,5.579094520842876,189.98975941454896,204.76934051513672,219.54892161572448,14.43534570498384,1.353695371565455,90.06835029693103,89.26415832125092,0.007109945624559355,1
2025-09-04,231.63917541503906,231.70896837288984,225.46678177531555,228.99670478436465,51684200,1.63531494140625,0.007109945624559355,208.06763380230439,193.1635479736328,178.36876174926758,83.47396014653586,5.691290205804706,1755891700.0,8.223986406876492,2.1159135088268917,6.1080728980496,188.3337597969904,206.57468948364257,224.81561917029475,17.660372364346767,1.1870397058143767,93.21640519557168,90.91319524113419,0.011623043857317494,1
2025-09-05,234.33152770996094,235.08936036459093,231.2403397689098,231.5394894431058,46588900,2.692352294921875,0.011623043857317494,210.568957031605,194.44628936767577,178.66808074951172,84.50548411436392,5.559699519367308,1802480600.0,9.296227932215885,2.5505240273330276,6.745703904882857,187.29022913371597,208.49321746826172,229.69620580280747,20.33925956154753,1.1093082218887325,98.66364816638755,93.98280121963008,-0.003194472724791231,0
2025-09-08,233.5829620361328,237.66498669397225,233.21368944217105,235.01017746372742,32474700,-0.748565673828125,-0.003194472724791231,212.76076703203623,195.65702178955078,178.9790089416504,82.95511046462698,5.480527928826873,1770005900.0,9.970648641253717,2.5799557890966875,7.39069285215703,186.61286217778806,210.1300148010254,233.64716742426273,22.38343022581139,0.9986349242793433,96.0189140702703,95.96632247740983,0.02388481700496592,1
2025-09-09,239.16204833984375,240.00040430810463,232.7745373112583,233.71270408816554,38061000,5.5790863037109375,0.02388481700496592,215.27517477563694,196.87981994628908,179.30387168884278,85.142890537267,5.605195005113976,1808066900.0,10.830470626792987,2.7518222197087656,8.078648407084222,185.84076062847276,212.06670608520508,238.2926515419374,24.733675493780854,1.0165751278507897,95.44843733114908,96.71033318926897,-0.0019195820980387746,0
2025-09-10,238.7029571533203,241.18810026950004,237.38554271234008,238.4334801337364,35141100,-0.4590911865234375,-0.0019195820980387746,217.50639214494012,198.13930541992187,179.61242835998536,84.18532954370059,5.476435187402975,1772925800.0,11.344073505121997,2.61234007843022,8.731733426691777,185.58899682529875,213.86377639770507,242.13855597011138,26.441859438436182,0.9392462316462422,94.1381789035989,95.2018434350061,0.005017311511383182,1
2025-09-11,239.90060424804688,241.77693788592924,235.78865459463688,239.41157085914617,30599300,1.1976470947265625,0.005017311511383182,219.63917424999792,199.43052185058593,179.93760543823242,84.66970611679284,5.512995766252217,1803525100.0,11.71273053125401,2.3847976836497864,9.327932847604224,185.9722410764404,215.78953170776367,245.60682233908693,27.63553022739193,0.9043136051226995,95.88349434628422,95.15670352701073,0.001788943810779875,1
2025-09-12,240.32977294921875,241.60727216892423,237.53523769524105,239.90060472674395,26771600,0.429168701171875,0.001788943810779875,221.60970745944752,200.6744805908203,180.30641380310058,84.8487890456769,5.410069959640143,1830296700.0,11.902321652889583,2.0595110442282873,9.842810608661296,186.71943827981352,217.68788452148436,248.6563307631552,28.45215415616248,0.865563842807,95.21828756952134,95.07998693980149,0.04489198014101614,1
2025-09-15,251.11865234375,251.91709313601174,244.18222746714693,244.18222746714693,58383800,10.78887939453125,0.04489198014101614,224.42008316271443,202.11646759033204,180.74342582702636,88.48914767604562,5.85130211872249,1888680500.0,12.77587405996968,2.3464507610467074,10.429423298922973,186.6348329576546,220.07781906127929,253.52080516490398,30.39196430269304,0.9640858502630298,96.60740216883157,95.90306136154571,-0.0017884451604247564,0
2025-09-16,250.66954040527344,252.54585880051692,248.98283818718852,251.58774200911427,34109700,-0.4491119384765625,-0.0017884451604247564,226.92003147152957,203.60411682128907,181.16383377075195,87.54617964525302,5.68785343976577,1854570800.0,13.27886061674974,2.279549854261413,10.999310762488326,187.48046722829662,222.46524047851562,257.45001372873463,31.451900687916794,0.9030939363967616,96.81378948990437,96.21315974275241,-0.006489943102210627,0
2025-09-17,249.04270935058594,251.10867430438276,245.7990560449756,250.7294115061419,34108000,-1.6268310546875,-0.006489943102210627,229.02695317429684,205.10769104003907,181.56880416870118,84.05213658856167,5.660836641168727,1820462800.0,13.391836659816022,1.9140207178621562,11.477815941953866,189.51302286211734,224.86754455566407,260.2220662492108,31.444752744027067,0.841896363419542,95.62661670750926,96.34926945541504,0.010018893758405811,1
2025-09-18,251.537841796875,253.49402106561863,249.31220074129322,251.18851917528045,31239500,2.4951324462890625,0.010018893758405811,231.1708473288281,206.61609619140626,181.98570373535156,85.03842557540486,5.574442003587581,1851702300.0,13.526779035029904,1.6391704744608298,11.887608560569074,192.46471247434738,227.50678634643555,262.5488602185237,30.805299863651463,0.8428886021152525,94.83282848017336,95.75774489252899,0.010673357928135507,1
2025-09-19,254.22259521484375,255.5000944688687,251.31827407979023,252.7554645478164,55571400,2.68475341796875,0.010673357928135507,233.366251889401,208.15825347900392,182.41741813659667,86.03892323049473,5.474969031122645,1907273700.0,13.692520153966683,1.4439292747180872,12.248590879248596,195.90860251855432,230.2588264465332,264.6090503745121,29.836184313182116,0.8488153209503769,95.29647254507184,95.25197257758481,-0.00859770146953931,0
2025-09-22,252.036865234375,255.28051872493555,249.81122418035432,253.93314887572123,32290500,-2.18572998046875,-0.00859770146953931,235.14440554130329,209.6054425048828,182.82558418273925,81.27388295557915,5.474563710655401,1874983200.0,13.491973964902911,0.9947064685234501,12.497267496379461,198.9614098215483,232.58548278808593,266.2095557546235,28.913303241005192,0.789247862173731,94.10217203358913,94.74382435294478,-0.003445136451741382,0
2025-09-23,251.16856384277344,253.8632882566711,249.9908602190898,252.54585863312587,26628000,-0.8683013916015625,-0.003445136451741382,236.670515855729,211.00794342041016,183.2301540374756,79.39278539959311,5.3601254482929654,1848355200.0,13.111829985367308,0.4916499911902754,12.620179994177033,202.20655481620176,234.74906539916992,267.2915759821381,27.725359014854885,0.752277684626413,90.65654437582383,93.35172965149492,-0.017960724720382015,0
2025-09-24,246.6573944091797,251.85722723296598,245.95876438662486,251.16857220037895,28201000,-4.51116943359375,-0.017960724720382015,237.62164714653383,212.31144592285156,183.59711410522462,70.29031779283444,5.398578119582119,1820154200.0,12.304708451309267,-0.25237723429421344,12.55708568560348,206.55071839775636,236.7543975830078,266.9580767682593,25.51477775584872,0.6639369290978222,79.36011874721336,88.03961171887543,-0.005462563143603605,0
2025-09-25,245.3100128173828,246.0086580355356,240.26988667693965,243.92272782855147,31020400,-1.347381591796875,-0.005462563143603605,238.35387244851944,213.5686557006836,183.9659324645996,67.7903626592521,5.469215949057685,1789133800.0,11.42464024549298,-0.9059563520884009,12.330596597581382,211.58737097636526,238.67540893554687,265.7634468947285,22.698641707572477,0.6224637216588644,68.0959184361456,79.3708605197276,0.0030513222385999406,1
2025-09-26,246.05853271484375,248.9329133223502,245.48965376985265,246.58751170438376,18503200,0.7485198974609375,0.0030513222385999406,239.0876496167408,214.82867095947265,184.3282089996338,68.46144516878442,5.3373362744798065,1807637000.0,10.66464377696721,-1.3327622564913373,11.997406033458548,216.35085615314472,240.42643814086915,264.5020201285936,20.027399793377317,0.6169669455310836,59.054722639622355,68.83691994099377,-0.010099659599104305,0
2025-09-29,243.57342529296875,250.6595513653868,242.2959260790964,247.36600774683615,32505800,-2.485107421875,-0.010099659599104305,239.51486634781014,216.00946807861328,184.6737823486328,63.71510370140619,5.553499775323419,1775131200.0,9.749428358833455,-1.7983821397000739,11.54781049853353,221.65109991030974,241.98989181518556,262.32868372006135,16.809621056741584,0.5389288971830127,51.03597218971851,59.395537755162145,-0.003892605996882237,0
2025-09-30,242.6252899169922,242.8149061000678,238.78280195485732,242.33584768941728,34724300,-0.9481353759765625,-0.003892605996882237,239.81109716392274,217.07078918457032,184.96586959838868,61.95041934649492,5.4990086012368495,1740406900.0,8.845639914532967,-2.161736467200452,11.007376381733419,229.14817498834066,243.58371658325194,258.0192581781632,11.852632677913437,0.46680323145625474,44.21041741916201,51.43370408283429,0.007404332302288097,1
2025-10-01,244.42176818847656,245.81904349162184,238.14405761597214,240.27987814588698,31658200,1.796478271484375,0.007404332302288097,240.2502086900707,218.143310546875,185.21605506896972,63.98575152551645,5.654435549409196,1772065100.0,8.180047349748946,-2.261863225587579,10.441910575336525,231.2829351101296,244.30461196899415,257.3262888278587,10.660197328175855,0.504498507402395,37.50353496569581,44.249974858192104,0.0032257853066077757,1
2025-10-02,245.21022033691406,246.32802833371,241.82684091969116,244.67126631775048,25483300,0.7884521484375,0.0032257853066077757,240.72259075167486,219.25373779296876,185.4872933959961,64.87383585361846,5.572060682595598,1797548400.0,7.628248248443072,-2.250929861514763,9.879178109957834,233.32967957328526,244.9831642150879,256.63664885689053,9.513702444933092,0.5097419839990043,37.90997775529343,39.874643380050415,-0.0013838746586284367,0
2025-10-03,244.87088012695312,245.8190218960462,241.18808361984188,244.01255894852343,30249600,-0.3393402099609375,-0.0013838746586284367,241.1176659302728,220.31868865966797,185.76747932434083,64.1407438063947,5.50483765356765,1767298800.0,7.081925536956504,-2.237802058401064,9.319727595357568,234.92693882537338,245.5101318359375,256.0933248465016,8.621390026898238,0.46979873142508716,39.26805575664748,38.22718949254557,0.020705068551827965,1
2025-10-06,249.94094848632812,250.82922509816828,244.10238160883648,244.30198799944458,28894700,5.070068359375,0.020705068551827965,241.95797855465904,221.46489837646484,186.03899337768556,69.65771147036473,5.592123784693661,1796193500.0,6.97763911603306,-1.8736707834596071,8.851309899492668,237.11917192165757,246.32803115844726,255.53689039523695,7.476907271561161,0.6961653031597629,49.14692664607969,42.10832005267353,-0.018647898398852725,0
2025-10-07,245.2800750732422,249.95094390133718,245.04055349112926,247.78518329877946,23181300,-4.6608734130859375,-0.018647898398852725,242.27436869928601,222.52985626220703,186.2933708190918,60.45033226192526,5.543428543658965,1773012200.0,6.444608410094361,-1.925361191518645,8.369969601613006,238.00965476466922,246.6339324951172,255.25821022556516,6.99358571077296,0.4215089388242207,49.28108695183803,45.89868978485506,-0.004638662990075981,0
2025-10-08,244.14230346679688,245.52958847857047,243.3438778825467,244.4816510919942,21307100,-1.1377716064453125,-0.004638662990075981,242.45226724857275,223.50883911132811,186.5769770050049,58.42029937677645,5.303591547399309,1751705100.0,5.862786521906315,-2.0057464637653535,7.868532985671669,238.98479694835848,246.90589981079103,254.82700267322357,6.4162929022778705,0.32555482538289754,47.881810787716375,48.769941461878034,-0.012631850656026788,0
2025-10-09,241.05833435058594,244.28202248032238,238.68297718710045,243.99259549865826,27892100,-3.0839691162109375,-0.012631850656026788,242.3195117344788,224.41058685302735,186.84461624145507,53.20481191957056,5.324695386386639,1723813000.0,5.094116149845803,-2.2195334686606927,7.313649618506496,239.23368681168583,246.96378631591796,254.6938858201501,6.260107702061004,0.11802225429964636,30.893922525359404,42.68560675497127,-0.020535765320658594,0
2025-10-10,236.10801696777344,243.61332042411627,235.37943159764913,240.9585114020794,33180300,-4.9503173828125,-0.020535765320658594,241.72794080431638,225.30566497802735,187.07307914733886,46.09167277590328,5.53249491782096,1690632700.0,4.038931809006016,-2.6197742476003842,6.6587060566064,238.1304177821575,246.7526985168457,255.3749792515339,6.988600964864058,-0.11727760186743719,18.502676271063624,32.42613652804646,0.03204127035930604,1
2025-10-13,243.6732177734375,244.02254038501275,239.2419009980627,239.74092459803205,24995000,7.5652008056640625,0.03204127035930604,241.913205277566,226.40728912353515,187.32335174560546,55.81394395518388,5.702639810636557,1715627700.0,3.7696845200932785,-2.3112172292104978,6.080901749303776,237.90259039721946,246.38042678833008,254.8582631794407,6.881907383328053,0.3403360898936899,23.760378864121154,24.38565922018139,0.005324631507020117,1
2025-10-14,244.97068786621094,246.63742490132327,240.04033214741565,240.75892736637323,22111600,1.2974700927734375,0.005324631507020117,242.20439409553217,227.41699920654298,187.57275009155273,57.23833127404201,5.76652930658449,1737739300.0,3.6192783094558933,-1.9692987518783065,5.5885770613342,237.83309259998765,246.09548416137696,254.35787572276627,6.714785189614654,0.43193276505907396,38.785000744627865,27.01601862660421,0.022733769105900414,1
2025-10-15,250.539794921875,251.6176877577252,245.50964358356617,246.76717761089535,27007700,5.5691070556640625,0.022733769105900414,242.9982417932791,228.5454705810547,187.85253074645996,62.78390579553988,5.829420062650903,1764747000.0,3.904452601180907,-1.3472995681226347,5.251752169303542,237.7764207595234,246.17033843994142,254.56425612035943,6.819601202657396,0.7602751568631053,68.59175979479234,43.71237980118045,0.0017129152776573786,1
2025-10-16,250.9689483642578,256.4581925767255,249.61160360230107,251.27834055068328,27997200,0.4291534423828125,0.0017129152776573786,243.75735670480088,229.6542056274414,188.14858345031737,63.1801705002914,5.902074984920439,1792744200.0,4.117619029119339,-0.907306512147362,5.024925541266701,237.817355906539,246.14189376831055,254.4664316300821,6.764015450053619,0.7899292835290207,76.46686194005767,61.281207493159286,0.007317281816854759,1
2025-10-17,252.80535888671875,253.72356048353365,247.32607427452788,250.27031046967195,29671600,1.8364105224609375,0.007317281816854759,244.61907119831687,230.7910934448242,188.46137870788573,64.90233517551661,5.937461500926534,1822415800.0,4.384199616570896,-0.5125807397566442,4.8967803563275405,238.0026584276295,246.0710319519043,254.1394054761791,6.557759733256038,0.9173286545642264,83.33032527982179,76.1296490048906,0.012830631273142767,1
2025-10-20,256.04901123046875,256.82748687148535,253.73354951664797,254.19265795496185,22350200,3.24365234375,0.012830631273142767,245.70763691566466,231.89513336181642,188.80004188537598,67.76984253970132,5.800651964057967,1844766000.0,4.801849555909627,-0.07594464033433113,4.877794196243958,237.4550946384195,246.271639251709,255.08818386499848,7.160016183819113,1.054490018914098,84.33312454687528,81.37677058891825,-0.023738071519987414,0
2025-10-21,249.9709014892578,254.38226816359625,243.6732110393333,254.24254216862593,47312100,-6.0781097412109375,-0.023738071519987414,246.11366211314973,232.88598693847655,189.10766792297363,58.17796233482772,6.270305408849216,1797453900.0,4.589482781951233,-0.23064913143418053,4.8201319133854135,237.51359258663365,246.2117561340332,254.90991968143277,7.065595635217709,0.7160884498629859,82.35754361792834,83.34033114820848,0.00491097199851076,1
2025-10-22,251.19850158691406,255.85936494298178,248.8031791754094,253.87326076642051,35029400,1.22760009765625,0.00491097199851076,246.59793253922254,233.85472595214844,189.4096932220459,59.42700534659664,6.326439720186585,1832483300.0,4.468724972173447,-0.28112555296957353,4.749850525143021,237.47300757462992,246.4388114929199,255.4046154112099,7.276292126208031,0.7654357678001699,79.38578247387646,82.0254835462267,0.005522657644975393,1
2025-10-23,252.58578491210938,254.54194887812838,251.35819113136333,252.48597410141812,19901400,1.3872833251953125,0.005522657644975393,247.1682041937832,234.87873168945313,189.69338691711425,60.84997988704403,6.113368832402852,1852384700.0,4.4338549879224445,-0.25279642977646155,4.686651417698906,237.46672893001764,246.80260009765624,256.1384712652948,7.565456088343086,0.8097292534680482,74.00343541234737,78.58225383471739,0.027027095600908213,1
2025-10-24,259.4124450683594,261.16898745224296,254.82142179583195,256.07894057309267,28655100,6.82666015625,0.027027095600908213,248.33432237231426,236.0197262573242,190.01807800292968,66.98599093499452,6.28978552581219,1881039800.0,4.9005838162822215,0.1711459188666522,4.729437897415569,236.65058539156217,247.47029571533204,258.2900060391019,8.744249722977587,1.0518701053757222,82.38919219826526,78.59280336149637,0.035972428208606466,1
2025-10-27,268.744140625,269.61246721569535,263.76389517627246,264.3028491565017,35235200,9.331695556640625,0.035972428208606466,250.27811458685574,237.3282098388672,190.39708755493163,73.17511251381134,6.5690881416353175,1916275000.0,5.954816204087791,0.9803026453377779,4.974513558750013,234.65017181499746,248.72883148193358,262.8074911488697,11.320488729074999,1.210838588920243,90.29193172808692,82.22818644623318,-0.006684602498601033,0
2025-10-28,266.94769287109375,270.20133657580493,265.9795858431389,269.1633589320839,29738600,-1.79644775390625,-0.006684602498601033,251.86569347106888,238.60874145507813,190.77661529541015,70.4374914037883,6.401421183851795,1886536400.0,6.569614223235362,1.2760805315882795,5.293533691647083,234.09479064309693,249.94495162963867,265.7951126161804,12.682921485870262,1.0363586292874878,93.76958434512439,88.81690275715886,0.0265450922120114,1
2025-10-29,274.0338439941406,274.802329420885,267.14732397902117,267.2271543584551,43580300,7.086151123046875,0.0265450922120114,253.9769459018376,240.0694857788086,191.19669708251953,74.49142509629908,6.505222281418897,1930116700.0,7.541703197075719,1.7985356043429093,5.74316759273281,232.6528974043703,251.42555541992186,270.1982134354734,14.932975277074076,1.1021600285769262,95.39015876792199,93.15055828037777,0.025166653841215192,1
2025-10-30,280.93035888671875,291.02060225143094,279.51311834988803,291.02060225143094,74876000,6.896514892578125,0.025166653841215192,256.54393761468344,241.71303283691407,191.65797622680665,77.6969784662268,7.25390342255257,2004992700.0,8.767515368044258,2.4194782202491574,6.3480371477951,230.71636256006352,253.2115623474121,275.7067621347607,17.767908841765024,1.1161046979208387,89.73991528886692,92.96655280063777,-0.0010304680036752334,0
2025-10-31,280.640869140625,285.44147330040244,276.48898951038876,282.65691333682474,39267900,-0.28948974609375,-0.0010304680036752334,258.83888347429695,243.34221435546874,192.08851104736328,77.25809522016326,7.375230591656935,1965724800.0,9.604901614920493,2.6054915737003146,6.9994100412201785,229.9042639310613,255.00006179809571,280.09585966513015,19.682973949163042,1.0108585803564103,86.06770695850923,90.39926033843273,0.008997568518623211,1
2025-11-03,283.16595458984375,284.97241759660864,279.25359613963377,281.62895336390585,29786000,2.52508544921875,0.008997568518623211,261.1557473900633,244.8954586791992,192.54480262756348,78.40399307840804,7.2569156534653585,1995510800.0,10.352947210388947,2.682829735335015,7.6701174750539325,228.87094258201017,256.6613121032715,284.4516816245328,21.65528516434876,0.9768673994473988,81.18768652739222,85.66510292492279,-0.021782061481776416,0
2025-11-04,276.9980163574219,280.7207127582489,275.72051721535576,276.20955057551157,30078400,-6.167938232421875,-0.021782061481776416,262.66453491076413,246.2774807739258,192.95488487243654,69.2280671866623,7.270381490681261,1965432400.0,10.329011254276281,2.127115023377879,8.201896230898402,229.62808694382386,258.2472091674805,286.8663313911371,22.1641289490926,0.827592283288862,77.8113070085408,81.68890016481407,0.024392863859447944,1
2025-11-05,283.7547912597656,285.86068664735006,276.79840119805726,278.32541216487215,31010300,6.75677490234375,0.024392863859447944,264.6731307535262,247.82156158447265,193.38855407714843,72.96127406923998,7.398374630582086,1996442700.0,10.731550468856142,2.0237233903661913,8.70782707848995,230.3330122525114,260.2278335571289,290.12265486174647,22.975883014492837,0.8934955399616777,79.48282274116417,79.49393875903239,0.0015476318382823262,1
2025-11-06,284.1939392089844,287.78691520805194,280.59100344938025,284.77279318145315,37173600,0.43914794921875,0.0015476318382823262,266.53225536833173,249.36764465332033,193.8228274536133,73.18893964295457,7.3839129968742006,2033616300.0,10.959665069175685,1.8014703925485875,9.158194676627097,232.11128493077408,262.38461380004884,292.65794266932363,23.07553665653938,0.8602069250975303,80.20654062918582,79.16689012629693,-0.020790301860935445,0
2025-11-07,278.28546142578125,283.22580678831247,274.6525857946798,282.656912627443,34479600,-5.908477783203125,-0.020790301860935445,267.6516083261841,250.71259490966796,194.22949829101563,65.23077189519644,7.538015883833513,1999136700.0,10.542159305305233,1.1071717029425088,9.434987602362725,236.01260549858088,264.49348602294924,292.9743665473176,21.536167829779483,0.7421269137207952,81.11292289256625,80.26742875430541,0.04041898667574384,1
2025-11-10,289.5334777832031,290.2320924976737,282.30759586857965,283.8645774088431,29557300,11.248016357421875,0.04041898667574384,269.73559589351925,252.25717742919923,194.6813171386719,71.56872457567971,7.852916968694866,2028694000.0,10.99219274041127,1.2457641104388344,9.746428629972435,237.99704879534,266.7864990234375,295.575949251535,21.582389163979638,0.8950575398200095,85.05399288598741,82.1244854692465,0.004170991247052891,1
2025-11-11,290.7411193847656,291.34994399814246,286.75892091303916,287.18807388729897,19842100,1.2076416015625,0.004170991247052891,271.7361219403046,253.85702392578125,195.1809560394287,72.15559032991504,7.619924548438326,2048536100.0,11.31585196701036,1.25553866963034,10.06031329738002,240.30938199244966,269.07502059936525,297.84065920628086,21.381128982422872,0.8765968675590532,89.35261620540581,85.1731773279865,-0.01579079679290607,0
2025-11-12,286.15008544921875,291.43975353768866,283.1359940674285,291.11038092678234,24829900,-4.591033935546875,-0.01579079679290607,273.108880369725,254.97994842529297,195.64028045654297,66.53299748129889,7.668769899997028,2023706200.0,11.074239229834802,0.811140745963824,10.263098483870978,242.49391164802057,270.85553512573244,299.2171586034443,20.942251347786762,0.7696346056407103,93.50322582802983,89.30327830647434,-0.028390884253361004,0
2025-11-13,278.0260314941406,282.2876823136169,276.69861158680555,281.7886586854728,29494000,-8.124053955078125,-0.028390884253361004,273.5771804768122,255.907685546875,196.0584373474121,57.93056288187596,7.796105897312469,1994212200.0,10.110666664635971,-0.12194545538800483,10.232612120023976,245.22230461167715,272.20838928222656,299.194473952776,19.82751871954259,0.6077896679517759,78.52166144841489,87.12583449395017,-0.007754032031895175,0
2025-11-14,275.8702087402344,278.01600396166356,270.1713681999226,270.8799731285475,31647200,-2.15582275390625,-0.007754032031895175,273.79556412094763,256.73845916748047,196.4386570739746,55.86632690173783,7.800288568520008,1962565000.0,9.068535156950531,-0.931261570458755,9.999796727409286,247.86035416962892,273.3616317749023,298.8629093801757,18.657539786909265,0.5491853193428494,58.64493263528376,76.88993997057615,0.031149322738603935,1
2025-11-17,284.46337890625,293.3759628274161,283.01622885841863,285.22190446328057,52670200,8.593170166015625,0.031149322738603935,274.81154648145264,257.7560675048828,196.8461743927002,61.721404248331325,8.493536105567275,2015235200.0,8.8342002834666,-0.9324771551541495,9.76667743862075,250.14608038326392,274.78235015869143,299.4186199341189,17.93147904965485,0.6964791917730694,52.133285094136,63.09995972594488,-0.0025962055061871103,0
2025-11-18,283.724853515625,288.236015842567,277.65674001133203,287.3577599014325,49158700,-0.738525390625,-0.0025962055061871103,275.6604328656595,258.64732360839844,197.2638768005371,60.972726576154045,8.642517514543538,1966076500.0,8.491016231388357,-1.020528965785914,9.511545197174271,254.3697180811062,276.4700477600098,298.57037743891334,15.987503787815587,0.6641334283474623,54.42523784549589,55.06781852497189,0.030005606051610068,1
2025-11-19,292.2381896972656,303.21670857801746,286.07026549054086,286.5992292728396,68198900,8.513336181640625,0.030005606051610068,277.23926684962197,259.71802825927733,197.69852951049805,66.08045846456076,9.417470196532747,2034275400.0,8.804502652581732,-0.5656340356740319,9.370136688255764,258.6832150952183,278.5220321655273,298.3608492358363,14.245779348987858,0.8456899038669513,63.73522752241885,56.76458348735025,-0.011474968674489383,0
2025-11-20,288.884765625,305.8216273232207,288.1062900504894,303.94529376978943,62025200,-3.353424072265625,-0.011474968674489383,278.34836197108655,260.6977114868164,198.1912742614746,62.60477120799275,10.010174987689785,1972250200.0,8.682265846867779,-0.5502966731103882,9.232562519978167,263.9863858794851,280.33698120117185,296.6875765228586,11.664957831555897,0.7613906177621168,59.22588395279863,59.12878310690446,0.03527369446754425,1
2025-11-21,299.0747985839844,303.32648898994427,293.2761473513388,295.84113571634185,74137700,10.190032958984375,0.03527369446754425,280.32230831517205,261.8726119995117,198.73362594604492,68.0961622038377,10.326714157493678,2046387900.0,9.300433191291631,0.054296537050770866,9.24613665424086,267.0143854963481,282.3200988769531,297.62581225755815,10.842808175181247,1.0473348183908349,66.78132526010462,63.24747891177403,0.06313824076796082,1
2025-11-24,317.9578552246094,318.85612204740676,308.9954110970811,310.52242205466104,85165100,18.883056640625,0.06313824076796082,283.9066461160708,263.2093960571289,199.40153053283692,75.32675410071967,11.002043393631443,2131553000.0,11.185105193824086,1.5511748316665805,9.633930362157505,264.11212301384677,284.7807846069336,305.4494462000204,14.51548890253574,1.3025935900167993,77.24050019512518,67.7492364693428,0.015255244752224506,1
2025-11-25,322.8083801269531,328.187838552192,317.0296784660599,325.5729598317621,88632100,4.85052490234375,0.015255244752224506,287.6115731647263,264.6521728515625,200.08806701660157,76.78237991269756,11.013194585952915,2220185100.0,12.921170940794866,2.6297924629098883,10.291378477884978,262.64180781383226,287.5738189697266,312.5058301256209,17.339555627989178,1.2066128949027153,89.98586282810305,78.00256276111095,-0.010790160699995277,0
2025-11-26,319.3252258300781,323.86632857763385,316.1713929045335,320.053780820363,51373400,-3.483154296875,-0.010790160699995277,290.63192103761696,266.05782318115234,200.7629077911377,73.43212232487373,10.776176092177733,2168811700.0,13.856228138348342,2.8518797283706903,11.004348409977652,262.160666503455,289.83838806152346,317.51610961959193,19.098727220490456,1.0326818124586346,91.20220264238857,86.14285522187227,0.000718774110255449,1
2025-11-28,319.55474853515625,326.2117368304371,316.1713843298485,322.73852157316225,26018600,0.229522705078125,0.000718774110255449,293.3864760373826,267.418161315918,201.44740173339844,73.51413263495667,10.723617264207082,2194830300.0,14.44922657856489,2.7559025348697883,11.693324043695101,261.57226237764354,291.7696075439453,321.9669527102471,20.69944530583334,0.9600593336631676,86.85708786631733,89.34838444560297,-0.016521840443809,0
2025-12-01,314.2751159667969,319.2254218425781,313.27706870792247,317.0796263275952,41183000,-5.279632568359375,-0.016521840443809,295.3758703163744,268.61921173095703,202.09291328430174,68.29204185024955,10.406050304423276,2153647300.0,14.327995674950216,2.1077373050040915,12.220258369946125,262.1927714915516,293.4513198852539,324.7098682789562,21.3040775593888,0.833089621105668,81.95430531259122,86.67119860709903,0.0029214907856902617,1
2025-12-02,315.1932678222656,317.75825630619534,313.29698432996054,316.1214443613123,35854700,0.91815185546875,0.0029214907856902617,297.2632415074117,269.88233978271484,202.74754196166992,68.70833356986194,9.981423280981241,2189502000.0,14.142975078822815,1.5381733671013507,12.604801711721464,262.80018065315096,295.052685546875,327.30519044059906,21.862200531369236,0.812232838065699,79.58029095498797,82.79722804463218,0.01209594691377136,1
2025-12-03,319.0058288574219,320.9520026070636,313.4866291038915,315.2731421058358,41838300,3.81256103515625,0.01209594691377136,299.3339641121746,271.2390850830078,203.42849548339845,70.44360693907075,9.801705439709158,2231340300.0,14.14097834017332,1.2289413027614842,12.912037037411835,264.4096202181681,297.153076171875,329.8965321255819,22.03810667251375,0.8336964906276623,79.2649094352222,80.26650190093379,-0.006288515182409027,0
2025-12-04,316.999755859375,321.73048997615604,314.0854750084747,321.6007694211511,31240900,-2.006072998046875,-0.006288515182409027,301.01642046905084,272.6459323120117,204.09195755004882,68.29746517589317,9.647656120278599,2200099400.0,13.81823457825135,0.7249580326716103,13.093276545579739,265.5894765979772,298.8153244018555,332.0411722057338,22.238382767274164,0.7736488706752717,80.83034989034032,79.89185009351682,0.01149165800878138,1
2025-12-05,320.6426086425781,322.52893244489843,318.5467339173106,318.86608586892413,28851700,3.642852783203125,0.01149165800878138,302.88558124748204,274.15258422851565,204.77716560363768,70.08007731412076,9.353479010653231,2228951100.0,13.698497840610742,0.48417703602480167,13.21432080458594,266.8265024439435,300.6377578735352,334.44901330312683,22.493019951149673,0.7958312330445837,83.31908914905713,81.13811615820656,-0.02286172872336123,0
2025-12-08,313.3121643066406,320.02342950621124,310.8154143139121,319.63392187795114,33909400,-7.3304443359375,-0.02286172872336123,303.8785891578781,275.4976568603516,205.45009407043457,62.46814615694411,9.387315819082719,2195041700.0,12.863813978445876,-0.28040546091205343,13.14421943935793,269.7833361797634,302.38909301757815,334.9948498553929,21.56543181662927,0.6675021890059974,78.78172412124286,80.97705438688011,0.01071015338749004,1
2025-12-09,316.66778564453125,317.57660631064704,311.4945269093235,311.96391713296777,30194000,3.355621337890625,0.01071015338749004,305.0966078708926,276.9595440673828,206.1418399810791,64.37568809379029,9.151227503528492,2225235700.0,12.33094810793824,-0.6506170651357515,12.981565173073992,271.13452943615914,303.74580841064454,336.35708738512994,21.472743373891817,0.6981212887111339,76.09245497636353,79.39775608222116,0.00987137368128388,1
2025-12-10,319.7937316894531,320.8923078304596,314.27092168020465,315.4194206321133,33428900,3.125946044921875,0.00987137368128388,306.49633394885075,278.502912902832,206.8682660675049,66.10397584619857,8.970524549723237,2258664600.0,12.022300194651791,-0.7674119827377606,12.789712177389552,272.4457634937183,305.1984390258789,337.9511145580395,21.46319990148008,0.7228106929652631,74.08888258523224,76.3210205609462,-0.0242964954388305,0
2025-12-11,312.02386474609375,320.70257104825845,308.19885677560706,319.66391441105065,42353700,-7.769866943359375,-0.0242964954388305,307.0227654533501,279.8549548339844,207.56922302246093,58.506172594020136,9.222895244218105,2216310900.0,11.023657313322872,-1.4128438912533436,12.436501204576215,274.8252278831956,306.4921279907227,338.15902809824973,20.66408707794648,0.5873425680535147,68.46856617392301,72.88330124517292,-0.010050273864534609,0
2025-12-12,308.887939453125,314.46067218572114,305.1627773855729,313.29221022339095,35940200,-3.13592529296875,-0.010050273864534609,307.2004010723763,281.1285092163086,208.27554039001464,55.722440717579374,9.228252355355973,2180370700.0,9.865459792462843,-2.0568331296906983,11.922292922153542,279.18470794520806,308.03522338867185,336.88573883213564,18.73195871957855,0.5147781772932992,49.645518572822425,64.0676557773259,-0.0034595184179638805,0
2025-12-15,307.8193359375,311.0151883437652,304.4836813703359,310.91531224146183,29151900,-1.068603515625,-0.0034595184179638805,307.25934725000707,282.38747833251955,208.96766105651855,54.76618557805963,9.035627685218355,2151218800.0,8.760368465272336,-2.5295395655049653,11.289908030777301,284.8287191357954,309.63267974853517,334.43664036127495,16.021539220526755,0.46344648664488286,27.983716828128284,48.699267191624564,-0.005353327337273561,0
2025-12-16,306.1714782714844,310.3660001485481,302.1966411442108,304.55358908476643,30585000,-1.647857666015625,-0.005353327337273561,307.1557406806239,283.5120889282227,209.6678074645996,53.24864608313497,8.973751350869708,2120633800.0,7.663269879839504,-2.90131052075024,10.564580400589744,288.66765867889694,310.71808471679685,332.76851075469676,14.193204143877052,0.3969043401361533,15.600720816589051,31.07665207251325,-0.0321297701987725,0
2025-12-17,296.3342590332031,307.6894729197007,295.7350329501308,307.60959033164653,43930400,-9.83721923828125,-0.0321297701987725,306.1251233808695,284.5331726074219,210.2993193054199,45.19716085134446,9.186657680776863,2076703400.0,5.931653557374375,-3.7063414745722962,9.637995031946671,291.8477011780079,311.34855499267576,330.8494088073436,12.52670263083545,0.11503490815926673,10.863203899062588,18.149213847926635,0.019344857270350957,1
2025-12-18,302.0668029785156,303.56485302569047,298.8410213827925,301.32777470817274,33518000,5.7325439453125,0.019344857270350957,305.7386166758834,285.69166259765626,210.94904853820802,49.94678390805131,9.04693884589904,2110221400.0,4.9646738638170405,-3.7386569345037053,8.703330798320746,293.85370602874434,311.8399856567383,329.82626528473224,11.535582641921085,0.22831561389127886,14.049658335095534,13.504527683582387,0.015539306686872534,1
2025-12-19,306.7607116699219,306.85059101726483,300.5787559089981,301.33777770154796,59943200,4.69390869140625,0.015539306686872534,305.83595905626805,287.00571014404295,211.62557975769042,53.500451104500215,8.848717150353874,2170164600.0,4.5249340694462035,-3.342717383099634,7.867651452545838,297.89861730800806,312.73378295898436,327.56894860996067,9.48740843449073,0.2986853861429785,22.24917449948688,15.720678911214996,0.008529800481200889,1
2025-12-22,309.3773193359375,309.7268704705607,304.90313186415943,309.4771954426739,26429900,2.616607666015625,0.008529800481200889,306.1732314638556,288.4710961914063,212.30768325805664,55.401333694150644,8.561218682928686,2196594500.0,4.3375746247700135,-2.8240614622206603,7.161636086990674,299.68571175799804,313.24890899658203,326.812106235166,8.659693201824998,0.35727592128385477,38.56566322747744,24.95483202068661,0.014752296285657662,1
2025-12-23,313.94134521484375,314.5305745464577,308.91788552805923,309.2274800840275,25478700,4.56402587890625,0.014752296285657662,306.91305182109255,289.8764587402344,213.05139915466307,58.58180780349812,8.350609421176527,2222073200.0,4.505433823699775,-2.12496181063272,6.630395634332495,299.6518133258662,313.04808349609374,326.44435366632126,8.558602257275716,0.5333399411701638,53.33835708719602,38.05106493805344,-0.0008271420003246321,0
2025-12-24,313.6816711425781,314.67037436380235,311.5145092668577,314.360779810128,10097400,-0.259674072265625,-0.0008271420003246321,307.5576822326626,291.25067840576173,213.80292961120605,58.32694620329279,7.979556255159964,2211975800.0,4.564888725088508,-1.6524055273951896,6.217294252483698,299.9562941610205,312.591748046875,325.22720193272954,8.084316982007962,0.5431295585243395,61.94847556336606,51.28416529267984,-0.0018464359524886786,0
2025-12-26,313.10247802734375,314.6804107746781,311.8740659325972,314.0712183432231,10899000,-0.579193115234375,-0.0018464359524886786,308.08575802263226,292.5019320678711,214.5362762451172,57.72372655077261,7.610041154225744,2201076800.0,4.513245237211038,-1.3632392122181285,5.876484449429166,300.02289090914235,312.2806106567383,324.53833040433426,7.850452016100195,0.5335244803898634,67.98842049594468,61.09175104883558,0.0001594582008006551,1
2025-12-29,313.15240478515625,313.6117983030154,310.2162240166622,310.9652491009125,19621800,0.0499267578125,0.0001594582008006551,308.56829580953934,293.74560119628904,215.29153450012208,57.764275616037786,7.309007806520564,2220698600.0,4.42533358223551,-1.1609206937549255,5.586254275990435,300.1532422234447,311.96049346923826,323.7677447150318,7.569709301641333,0.5504737000638747,68.41657669426318,66.1178242511913,0.0009248270553916527,1
2025-12-30,313.4420166015625,316.5379928503015,312.0538089034933,312.09376543928346,17380900,0.28961181640625,0.0009248270553916527,309.0324596944939,294.9583343505859,216.0346460723877,58.01583312473403,7.107234673683969,2238079500.0,4.329128714463877,-1.005700449221247,5.334829163685124,300.13869723981793,311.91883850097656,323.6989797621352,7.553337475717583,0.5646502476845564,69.5515191442231,68.65217211147699,-0.0027083397430479605,0
2025-12-31,312.5931091308594,314.17104176667254,311.03513952358344,312.4433102220648,16377700,-0.848907470703125,-0.0027083397430479605,309.37156916462396,296.08921630859373,216.77948875427245,56.94519383966373,6.823568071498622,2221701800.0,4.1367006156754655,-0.9585028384077265,5.095203454083192,300.09906279364503,311.78883056640626,323.4785983391675,7.4985160639174895,0.5344009641631715,69.04635226230407,69.00481603359678,0.006868949495614229,1
2026-01-02,314.74029541015625,322.0807464242433,309.9265541489014,316.4880203907529,32009400,2.147186279296875,0.006868949495614229,309.8828764261032,297.38460418701175,217.55309410095214,59.005881836796156,7.204326943201711,2253711200.0,4.110081488013861,-0.7880975728554649,4.898179060869326,300.27095576304055,311.57555389404297,322.8801520250454,7.256408912521269,0.6399758522788218,70.01436273676796,69.53741138109838,0.004410665337652553,1
2026-01-05,316.1285095214844,318.60526603903236,314.2209888461081,317.2470486555906,30195600,1.388214111328125,0.004410665337652553,310.4776986256633,298.68320434570313,218.31760566711426,60.32792882875156,7.0028948181818915,2283906800.0,4.153128237467456,-0.5960406587214964,4.749168896188952,300.3048888432015,311.53199157714846,322.7590943110954,7.207672430114858,0.7047063277704589,72.3550455069816,70.47192016868455,-0.006950159471580952,0
2026-01-06,313.9313659667969,320.5227923064431,311.3746963103618,315.9886856047422,31212100,-2.1971435546875,-0.006950159471580952,310.80661932481894,299.91011596679687,219.0765594482422,57.184591234271295,7.156123473746133,2252694700.0,3.96425451558315,-0.6279315044846427,4.592186020067793,300.70128014257153,311.19642944335936,321.6915787441472,6.745031952687005,0.630295265224679,72.87089555654978,71.7467679334331,0.02430498275331261,1
2026-01-07,321.56146240234375,325.72602466406613,313.78158025326775,313.9513421990662,35104400,7.630096435546875,0.02430498275331261,311.830890094107,301.15309631347657,219.86773780822753,64.16709133881601,7.498146397821293,2287799100.0,4.37976850024063,-0.16993401586173018,4.54970251610236,300.2045458572865,311.60889434814453,323.01324283900254,7.319655310041647,0.9363496986337021,77.52955813933137,74.25183306762091,0.01074592343155878,1
2026-01-08,325.0169372558594,329.8905982345552,321.08205673508803,328.54234711069296,31896100,3.455474853515625,0.01074592343155878,313.08670410951197,302.27855224609374,220.6578183746338,66.80717374043533,7.591746047938859,2319695200.0,4.931052168839699,0.3050797221898707,4.625972446649828,299.36938831700934,312.02635192871094,324.68331554041254,8.112752998883474,1.0131793740458572,79.82836651985171,76.74294007191095,0.009617794295012638,1
2026-01-09,328.14288330078125,330.3999246926398,325.37646465172014,326.6647962522232,26214200,3.125946044921875,0.009617794295012638,314.5206259372519,303.5024560546875,221.44918701171875,69.03014102666337,7.433977575713256,2345909400.0,5.556138463561069,0.7441328135289922,4.812005650032077,298.3234793585508,312.44380950927734,326.5641396600039,9.038636529815626,1.0559032127409615,87.61632788208561,81.6580841804229,0.010013033143840833,1
2026-01-12,331.4285888671875,333.6057781716088,324.5775210522192,325.37646891287716,33923900,3.28570556640625,0.010013033143840833,316.1309081210553,304.6503509521484,222.28437271118165,71.2124927618055,7.547854685975851,2379833300.0,6.244668187360276,1.146130029862558,5.0985381574977175,297.0535020472188,313.414045715332,329.77458938344523,10.440210891488375,1.050548426668911,89.7165671536272,85.72042051852151,0.012384703412038789,1
2026-01-13,335.5332336425781,340.04734658205444,333.18628259299794,334.5145706345901,33517600,4.104644775390625,0.012384703412038789,317.97874864691465,305.74240844726563,223.15412445068358,73.70528249891078,7.624347759468073,2413350900.0,7.040386292791311,1.5534785082348748,5.486907784556436,295.9228612343767,314.7463104248047,333.56975961523267,11.96102929055625,1.0521550011233838,90.11499676359068,89.14929726643449,-0.00038691182966998916,0
2026-01-14,335.4034118652344,336.08252056576845,330.05039437456895,334.62442706687915,28525600,-0.12982177734375,-0.00038691182966998916,319.6382403819927,306.8376593017578,224.06261688232422,73.48853313968215,7.510617647448889,2384825300.0,7.573223683266349,1.6690527189679303,5.904170964298419,295.5716824652574,316.1255142211914,336.67934597712537,13.003589290519942,0.9689611619127265,87.49862464486414,89.11006285402733,-0.009111415232374798,0
2026-01-15,332.347412109375,337.25103316994193,330.3100554080323,337.2110766328429,28442400,-3.055999755859375,-0.009111415232374798,320.8486376893625,307.82128845214845,224.954285736084,68.39003264079074,7.4699290841960835,2356382900.0,7.660600875527052,1.4051439289829073,6.255456946544145,296.25834263275215,317.43431091308594,338.61027919341973,13.341952997722295,0.852123241753694,81.50589368454489,86.37317169766656,-0.008353901983038203,0
2026-01-16,329.5710144042969,334.2149635116852,327.27401649506595,333.97528525413946,40341600,-2.776397705078125,-0.008353901983038203,321.67934023364194,308.87274841308596,225.81997169494628,64.04286222454289,7.432144650797738,2316041300.0,7.420279475605071,0.9318580232487399,6.488421452356331,299.65926904540044,319.0961486816406,338.5330283178808,12.182459560570992,0.7694585221160142,74.74590415917079,81.25014082952661,-0.02424240347805051,0
2026-01-20,321.5814208984375,327.30398324237245,320.01345448184367,320.4528849486331,35361000,-7.989593505859375,-0.02424240347805051,321.6700145826701,309.62928100585935,226.64585929870606,53.503309279828564,7.583960027344557,2280680300.0,6.510085398553713,0.01733115695790488,6.492754241595808,302.2612176177013,320.0718795776367,337.88254153757214,11.129163851218783,0.5423774625613709,59.449725174203344,71.90050767263968,0.019813657405210794,1
2026-01-21,327.953125,332.0478012719212,318.9348648307384,320.50283121296127,35386600,6.3717041015625,0.019813657405210794,322.26840605098727,310.5044647216797,227.53507720947266,59.2613378796656,7.978886914047289,2316066900.0,6.231065461403887,-0.20935102415353768,6.440416485557424,304.11051721460933,321.1315002441406,338.1524832736719,10.600631215929344,0.7003886833100034,54.58676423769276,62.92746452368897,0.006577664193148758,1
2026-01-22,330.11029052734375,334.7142826747097,328.3226090802118,334.0152109953496,26253600,2.15716552734375,0.006577664193148758,323.01525219159265,311.54096130371096,228.46057723999024,61.02125486409893,7.891906254094604,2342320500.0,6.1135323850614895,-0.2615072803967484,6.375039665458238,305.6180163700188,322.16814880371095,338.7182812374031,10.274220151896985,0.7399419386960455,55.18355699499233,56.406682135629474,-0.007896142517177074,0
2026-01-23,327.5036926269531,333.2562145369407,327.0243361197249,332.05776231305794,27280000,-2.606597900390625,-0.007896142517177074,323.442722709246,312.30036560058596,229.3673176574707,57.77345674094525,7.7733328371746895,2315040500.0,5.743844445615991,-0.5049561758737982,6.2488006214897895,306.591265189405,322.8462661743164,339.10126715922775,10.06980887685701,0.6432613402164656,61.036370452266745,56.93556389498394,0.016253525439399175,1
2026-01-26,332.8267822265625,335.4034148973675,326.5749102768944,327.3838548641184,26042100,5.323089599609375,0.016253525439399175,324.3364426632762,313.1420788574219,230.31088195800783,62.19826124176265,7.848702250267433,2341082600.0,5.813379909032278,-0.34833656996600926,6.1617164789982874,307.565175632008,323.80352172851565,340.0418678250233,10.02975261654026,0.7778380397985071,66.02625143361807,60.748726293625715,0.0038707809267282123,1
2026-01-27,334.1150817871094,337.4707297257924,333.04649592160257,334.93402312381306,21636200,1.288299560546875,0.0038707809267282123,325.2677416274508,314.1013787841797,231.1911215209961,63.203237792330086,7.619791196621895,2362718800.0,5.904380252333283,-0.2058689813320047,6.110249233665288,308.80323992709236,324.8541519165039,340.9050639059154,9.881918944066346,0.7884860958902127,69.49463390016035,65.51908526201505,0.00436406329650052,1
2026-01-28,335.57318115234375,337.10119086219134,331.5084650266126,335.6231039588608,27434400,1.458099365234375,0.00436406329650052,326.24921205839297,315.25232177734375,232.10798233032227,64.35817669528015,7.475000813690241,2390153200.0,6.024706051834642,-0.068434545464517,6.093140597299159,310.22088326264105,325.9751907348633,341.72949820708556,9.665954907001648,0.8046147992986513,77.01322110225884,70.84470214534575,0.006666568449686716,1
2026-01-29,337.810302734375,341.8450595994438,326.11553330804276,339.857625711299,39785600,2.23712158203125,0.006666568449686716,327.3502683132484,316.4911236572266,233.0145162200928,66.11544601856129,8.06460977638387,2429938800.0,6.228780624348701,0.10851202163963336,6.120268602709068,311.7385749646687,327.19360504150393,342.64863511833914,9.447024537582127,0.8434706254238844,79.53707891383466,75.34831130541795,-0.0007391569238641704,0
2026-01-30,337.56060791015625,339.5580079569619,331.8580393103398,339.5580079569619,31024000,-0.24969482421875,-0.0007391569238641704,328.322681608192,317.5530682373047,233.91019065856935,65.72593493209646,8.038563981400886,2398914800.0,6.297766179522057,0.14199806145039062,6.155768118071666,313.89948197457863,328.4419799804688,342.9844779863589,8.855444122432173,0.8135165611160533,80.83190159635939,79.12740053748429,0.01683427075541455,1
2026-02-02,343.2431945800781,344.38169669555197,335.193675272949,335.7829045969607,32006100,5.682586669921875,0.01683427075541455,329.74368284360975,318.7434350585938,234.84802215576173,70.05037159758662,8.12066808434389,2430920900.0,6.733357033403536,0.46207113226549446,6.271285901138041,315.3885872243929,329.8671249389648,344.34566265353675,8.778405982257787,0.9619275062443272,86.40456713974459,82.2578492166462,-0.011580194628212914,0
2026-02-03,339.26837158203125,348.5463032010534,337.0312933144156,346.8884575284791,36506700,-3.974822998046875,-0.011580194628212914,330.65079605679273,319.68403869628906,235.78081924438476,63.97042749989802,8.363121070222023,2394414200.0,6.68081860815704,0.3276261656151984,6.353192442541841,317.45207695889286,331.0241180419922,344.59615912509156,8.200031564695635,0.8037219490259736,81.83087698706537,83.02244857438977,-0.019634265844849064,0
2026-02-04,332.6070861816406,342.8637251238478,328.0929422734009,342.51417399710857,70618400,-6.661285400390625,-0.019634265844849064,330.8371094020164,320.55848510742186,236.69111595153808,55.30692359942665,8.820811197380943,2323795800.0,6.032136748936637,-0.25684455488416447,6.288981303820801,320.8772363458082,331.95790405273436,343.0385717596605,6.675947505178775,0.5292934571307684,70.12193205654629,79.45245872778541,-0.005374777878328518,0
2026-02-05,330.81939697265625,332.2575275064077,306.06161379445837,311.81413592946416,88205800,-1.787689208984375,-0.005374777878328518,330.83542250398204,321.1933770751953,237.609853515625,53.22369003492397,10.086858425223895,2235590000.0,5.3125602357375215,-0.7811368544666246,6.093697090204146,322.39253357387486,332.42080078125,342.4490679886252,6.033477558448143,0.42015550765260623,57.704813232709164,69.88587409210693,-0.025328381436290015,0
2026-02-06,322.4402770996094,329.95052083207565,319.50412705068965,326.75466854448496,56380500,-8.379119873046875,-0.025328381436290015,330.0358848464228,321.2830255126953,238.46777244567872,44.72092285352517,10.17460210356266,2179209500.0,4.019827647367038,-1.6590955542696868,5.678923201636724,321.8297269533099,332.2919677734375,342.75420859356507,6.297016981921712,0.029178746541796873,47.666205038039045,58.49765010909815,0.004522170418437055,1
2026-02-09,323.8984069824219,327.2740180221729,316.84758707958963,320.5127991892576,39640100,1.4581298828125,0.004522170418437055,329.4513631450894,321.30482604980466,239.31366050720214,46.32781623692649,10.19258987777842,2218849600.0,3.0775110215192285,-2.081129744093997,5.158640765613225,321.1286837648067,332.07974395751955,343.0308041502324,6.595440036302701,0.12645913586787888,46.27019011242343,50.54706946105721,-0.017698680633528863,0
2026-02-10,318.16583251953125,321.25184233940706,314.2009923012897,320.5527401483992,39170000,-5.732574462890625,-0.017698680633528863,328.37655070456003,321.28163818359377,240.11131538391112,41.25092200303127,10.157220220875116,2179679600.0,1.8468580267751236,-2.649426191070482,4.496284217845606,318.89457363756145,331.4166061401367,343.93863864271196,7.556671736165461,-0.029098355953010368,36.3422493021663,43.42621481754292,-0.023918682158958204,0
2026-02-11,310.55572509765625,320.6426005966259,309.25742736560915,318.5553213774315,45406400,-7.610107421875,-0.023918682158958204,326.67932921818823,321.1016577148437,240.857573928833,35.663560717112446,10.244931150170949,2134273200.0,0.2545502960793442,-3.393387137413009,3.6479374334923533,314.8638591164818,330.1677307128906,345.4716023092994,9.270361802690417,-0.1407530764906744,27.017672874006237,36.543370762865315,-0.006302886415383235,0
2026-02-12,308.59832763671875,315.82890653132813,306.80067966689137,311.684307255737,47761300,-1.9573974609375,-0.006302886415383235,324.9573290675721,320.98812194824217,241.60076820373536,34.37390186359731,10.158023701189935,2086511900.0,-1.1520307752366534,-3.8399745669832055,2.687943791746552,311.0908274712489,328.82747650146484,346.5641255316808,10.787814460594177,-0.07026411331373601,15.013286070660515,26.124402748944348,-0.010614953298754504,0
2026-02-13,305.32257080078125,308.2287915112591,303.31517401115394,307.32996759040856,38499700,-3.2757568359375,-0.010614953298754504,323.0873520897825,320.7907080078125,242.32982460021972,32.27072323718978,9.80981869578814,2048012200.0,-2.5022383618953654,-4.152145722913534,1.6499073610181685,307.0972396765689,327.47623443603516,347.8552291955014,12.446090809955745,-0.04354161961210825,6.9957222058008055,16.34222705015585,-0.01210267861158787,0
2026-02-17,301.6273498535156,304.0442171582303,295.86486207725466,299.6499434457439,39247600,-3.695220947265625,-0.01210267861158787,321.0435423529952,320.44313842773437,243.04717727661134,30.038014901515105,9.784667983483745,2008764600.0,-3.82635323200077,-4.38100847441515,0.5546552424143809,302.8357663776017,326.0790512084961,349.32233603939045,14.256226976097603,-0.025994960111659735,7.1157800893704275,9.708262788610577,0.004337534684544453,1
2026-02-18,302.9356689453125,304.983022308801,300.8583862777236,301.6972906518214,28482100,1.308319091796875,0.004337534684544453,319.31898298083496,320.16185668945315,243.7586222076416,31.836202603460666,9.380379986883295,2037246700.0,-4.71579266727332,-4.216358327750161,-0.4994343395231592,299.85148456699676,325.14676361083986,350.44204265468295,15.559299291761297,0.06096363619808406,9.599422758990414,7.903641684720545,-0.0015824155632001569,0
2026-02-19,302.456298828125,305.0728879320441,299.64995428739604,301.42763905495286,25834400,-0.4793701171875,-0.0015824155632001569,317.71301306152924,319.7981304931641,244.4540756225586,31.516568006724622,9.09770524815221,2011412300.0,-5.397146049928949,-3.918169368324632,-1.4789766816043173,296.76571330837703,323.8719223022461,350.9781312961152,16.738844665004844,0.1049683030377851,12.290685916976598,9.668629588445809,0.04005291957693391,1
2026-02-20,314.570556640625,316.0885697634931,303.5049428811186,303.9244103176242,53210800,12.1142578125,0.04005291957693391,317.4137314976336,319.82329833984375,245.20920394897462,46.21322514146769,9.42160279723906,2064623100.0,-4.903084446739683,-2.7392862121082926,-2.1637982346313906,295.8579870685002,323.09493560791014,350.33188414732007,16.86002814507941,0.34351442756241624,20.480291535834223,14.123466737267075,-0.011080198311034462,0
2026-02-23,311.0850524902344,319.1046122516075,309.4671633706354,318.6352220336332,31423000,-3.485504150390625,-0.011080198311034462,316.81100016359557,319.71164367675783,245.95178504943848,43.331887651739535,9.437020374648563,2033200100.0,-4.738169453995965,-2.0594969754916597,-2.6786724785043057,294.6313611964754,322.27400360107424,349.9166460056731,17.154745400324757,0.2976142991854791,25.636682712106488,19.469220054972432,-0.0018940250460213193,0
2026-02-24,310.495849609375,311.8640638461802,305.53230897934316,310.11633870149166,25615600,-0.589202880859375,-0.0018940250460213193,316.2095572536698,319.52568603515624,246.75042999267578,42.84557256423579,9.21521569551917,2007584500.0,-4.60196825696903,-1.5386366227717794,-3.063331634197251,293.5060243031772,321.15745697021487,348.80888963725255,17.219860269102927,0.30721419592936317,31.842895199077248,25.986623149005982,0.00643295557210255,1
2026-02-25,312.4932556152344,313.23231441520727,309.03776179839537,311.65435118745364,29963600,1.997406005859375,0.00643295557210255,315.85562376429505,319.5350738525391,247.5446206665039,45.095180205571864,8.856596904182936,2037548100.0,-4.2834766034807785,-0.976115975426822,-3.3073606280539565,292.8484321426318,320.0763656616211,347.30429918061037,17.01339832618205,0.3607476024374362,35.237703806524785,30.905760572569502,-0.017641494020525283,0
2026-02-26,306.98040771484375,312.73292940852764,301.95694798569707,312.2335794136705,36431200,-5.512847900390625,-0.017641494020525283,315.01036509291873,319.4969232177734,248.3188661956787,40.372029292948724,8.993695798372054,2001116900.0,-4.424902900027178,-0.8940338175785767,-3.530869082448601,291.8240600525441,318.64672698974607,345.46939392694804,16.83536321907058,0.282528722773618,36.47758110512636,34.51939337024279,0.014249536789151085,1
2026-02-27,311.354736328125,311.9639287272481,303.4050620118916,303.7446468483449,44640600,4.37432861328125,0.014249536789151085,314.66220997246216,319.56763122558596,249.08654884338378,45.270321308573685,8.96263657815666,2045757500.0,-4.13633144355498,-0.4843698888851029,-3.6519615546698767,291.8358614484764,317.3239486694336,342.8120358903908,16.06439559814563,0.3829019163038545,42.53955301828759,38.084945976646246,-0.016807887343381123,0
2026-03-02,306.12152099609375,308.0889612664211,300.908305641281,302.83581985466094,34790200,-5.23321533203125,-0.016807887343381123,313.84881102233186,319.56663208007814,249.82273727416992,40.937616698192755,9.068621871634328,2010967300.0,-4.280569486269542,-0.5028863452797321,-3.7776831409898097,291.6075781983925,315.75199432373046,339.8964104490684,15.293278623338452,0.30056520568475936,40.7761028436511,39.93107898902168,-0.009591575706884403,0
2026-03-03,303.1853332519531,303.5448811012492,296.3242691134317,298.2018299939976,35497000,-2.936187744140625,-0.009591575706884403,312.83324171086724,319.70365356445313,250.5151629638672,38.69965574014014,9.120666872422023,1975470300.0,-4.579020884096792,-0.6410701944855859,-3.937950689611206,292.5987470455549,313.74910125732424,334.8994554690936,13.482336125911445,0.2502697141711984,39.75407831545423,41.02324472579764,-0.0014821671387289514,0
2026-03-04,302.7359619140625,305.07291645770977,300.3590508331652,302.49628364637806,29536200,-0.449371337890625,-0.0014821671387289514,311.87159601593345,319.71703674316404,251.21236320495606,38.354076448275755,8.80589535471649,1945934100.0,-4.796515038874645,-0.686851479410751,-4.109663559463894,293.81164065593146,311.92248077392577,330.0333208919201,11.612398101642846,0.246380653795959,33.17065244454725,37.90027786788419,-0.007422541736676336,0
2026-03-05,300.4888916015625,302.90572878105803,297.60263367704704,302.6460874794852,35752300,-2.2470703125,-0.007422541736676336,310.7875289288505,319.5916003417969,251.8872233581543,36.59432888507827,8.555695336808954,1910181800.0,-5.091508774368663,-0.7854761719238148,-4.306032602444848,294.24605276931493,310.3165710449219,326.38708932052884,10.357499260508757,0.19423265401848994,26.335923970911285,33.08688491030425,-0.007843764535739872,0
2026-03-06,298.1319274902344,300.1393243405422,294.7962729857715,295.7050936872067,25576900,-2.356964111328125,-0.007843764535739872,309.5822335537442,319.3666925048828,252.54855575561524,34.79119024277429,8.351189856736243,1884604900.0,-5.4526262594985155,-0.9172749256429338,-4.535351333855582,294.7826729551408,308.6821975708008,322.58172218646075,9.005718324570312,0.12048090232237546,21.061828890132755,26.85613510186376,0.026985254760708344,1
2026-03-09,306.1770935058594,306.6168332730834,293.9044256827884,294.1842573074437,29312100,8.045166015625,0.026985254760708344,309.2579345015647,319.21140747070314,253.2628621673584,44.79100391551577,8.662705409133293,1913917000.0,-5.031635247917961,-0.39702713124990385,-4.6346081166680575,295.4613781787151,307.8690383911133,320.2766986035115,8.060349476673023,0.4318185356348143,27.440012335827863,24.94592173229063,0.0022197168869222406,1
2026-03-10,306.8567199707031,309.3252467158022,305.3875962722132,305.98724420005084,23239700,0.67962646484375,0.0022197168869222406,309.0292474033874,319.0749084472656,253.95775939941407,45.55062754956444,8.325201483022987,1937156700.0,-4.590243196089034,0.035491936463218465,-4.625735132552252,297.02382303898787,307.01695404052737,317.01008504206686,6.509823558617135,0.4919827894881216,37.94019299435447,28.814011406771694,0.005406520345286214,1
2026-03-11,308.5157470703125,311.23412470378855,305.7374076911934,306.56689883882945,24125700,1.659027099609375,0.005406520345286214,308.9803426097612,318.983173828125,254.64944854736328,47.45134729102901,8.123166877992425,1961282400.0,-4.059768706555133,0.4527731407976958,-4.5125418473528285,297.90188331518203,306.5344497680664,315.16701622095076,5.632362991772072,0.6147571416368364,52.69310657644144,39.35777063554125,-0.016683014417014475,0
2026-03-12,303.3687744140625,308.7555713296518,300.8502897843219,306.636841807898,24928300,-5.14697265625,-0.016683014417014475,308.4459075435042,318.7875012207031,255.3273542022705,42.495159692791866,8.107603639945102,1936354100.0,-4.008474333127708,0.4032540113800964,-4.411728344507805,297.64428457106584,306.1751022338867,314.7059198967076,5.572509064635962,0.33551823923896573,48.97842628478612,46.53724195186067,-0.004183772956429577,0
2026-03-13,302.09954833984375,307.50632242162294,300.26065041451466,306.8267356773544,23693100,-1.26922607421875,-0.004183772956429577,307.84149238125076,318.56065185546873,255.97685348510743,41.348252808950946,8.046037094742472,1912661000.0,-4.0238546181792,0.3102989810628838,-4.334153599242084,297.2188173536677,305.850163269043,314.48150918441826,5.644166295757482,0.28273290365305914,45.97939078498442,49.21697454873732,0.010850879030806393,1
2026-03-16,305.3775939941406,306.3070315122431,302.8391017033621,304.16832484157635,23519700,3.278045654296875,0.010850879030806393,307.60683539200215,318.41634155273437,256.64543212890624,45.44363831983275,7.771854671717963,1936180700.0,-3.728552286544243,0.4844810501582728,-4.213033336702516,297.2222078749721,305.85291442871096,314.4836209824498,5.643697441863352,0.4724634112160594,46.4392861874551,47.13236775240855,0.01754159974009184,1
2026-03-17,310.7344055175781,311.2341070358109,305.3176276402165,305.67739809365116,21955200,5.3568115234375,0.01754159974009184,307.90469921348557,318.33622375488284,257.3432846832275,51.41400479851977,7.639327866280567,1958135900.0,-3.02737544038456,0.9485263170543652,-3.9759017574389253,297.6564221576857,306.3082672119141,314.96011226614246,5.649109723991057,0.7557915842182631,63.71561466236249,52.04476387826733,-0.010388577259506704,0
2026-03-18,307.5063171386719,312.28346234614037,306.74676108497374,309.0853604878573,20009800,-3.22808837890625,-0.010388577259506704,307.8667580635033,318.16377990722657,258.02559425354,48.00472012648578,7.489140251629571,1938126100.0,-2.7010316801394083,1.0198960618396136,-3.720927741979022,298.01285126972505,306.536799621582,315.060747973439,5.561451912057371,0.5568702130203923,74.251326236816,61.468742362211195,-0.0018200011968599883,0
2026-03-19,306.9466552734375,307.8760927647981,302.16951004441273,303.8285227221892,25075800,-0.559661865234375,-0.0018200011968599883,307.7791292263542,318.0240856933594,258.718600692749,47.41765419278698,7.3618147136835566,1913050300.0,-2.4592136500498896,1.009371273543306,-3.4685849235931956,298.44509465456065,306.76131744384764,315.07754023313464,5.421950106736826,0.511143149617673,78.11860623144669,72.0285157102084,-0.01995898201913937,0
2026-03-20,300.8203125,305.8173276578073,298.0919312440676,305.2776414809433,44364100,-6.1263427734375,-0.01995898201913937,307.11638477622523,317.6092626953125,259.3951676940918,41.4429806429417,7.468451093375438,1868686200.0,-2.730440957119413,0.5905151731790266,-3.3209561302984394,298.19147474870203,306.0738052368164,313.95613572493073,5.150607698699082,0.1667551084835856,60.866461571520084,71.07879801326091,0.003521661147902977,1
2026-03-23,301.87969970703125,305.7973733016039,300.75036931754545,301.92965766257777,29326900,1.05938720703125,0.003521661147902977,306.61765286487343,317.1465179443359,260.0677194213867,42.7854932999777,7.295490585567081,1898013100.0,-2.827315326973576,0.39491264265989123,-3.222227969633467,297.881828009393,305.61353759765626,313.3452471859195,5.059795223104369,0.2585373682236469,50.66168763132734,63.215585144764695,-0.03846919033715546,0
2026-03-24,290.2666320800781,299.7409842283802,290.15668188195673,299.02141279307426,36864300,-11.613067626953125,-0.03846919033715546,305.06041279013107,316.38899291992186,260.6814091491699,33.67199380831665,7.611742531246184,1861148800.0,-3.7973924892432933,-0.46013161568786076,-3.3372608735554325,294.7013076391501,304.6020767211914,314.5028458032327,6.500788956277313,-0.22395611504140228,27.173147316393024,46.23376550641348,0.0016870180877650576,1
2026-03-25,290.7563171386719,295.82329783701033,289.0673235725591,293.2648285118823,29460700,0.48968505859375,0.0016870180877650576,303.6981179661826,315.57554748535154,261.2703080749512,34.30741191086494,7.5506162264751175,1890609500.0,-4.475086130344664,-0.9102602054313849,-3.564825924913279,292.5979428501225,303.5152297973633,314.43251674460413,7.193897291104347,-0.08434447680776798,17.055104337200248,31.62997976164019,-0.03440681152238945,0
2026-03-26,280.7523193359375,287.7781215852462,278.33375052565475,287.7381369232671,39080600,-10.003997802734375,-0.03440681152238945,301.5128038109212,314.47992919921876,261.79612426757814,28.335255290039438,7.89861268265669,1851528900.0,-5.753084264982988,-1.750606672055767,-4.002477592927221,287.5909353486088,302.20382537841795,316.8167154082271,9.670883557817945,-0.23399259142856324,4.965322805982635,16.397858153191958,-0.02342306677223538,0
2026-03-27,274.1762390136719,279.203235317384,273.7864876697142,277.1144865271076,35890600,-6.576080322265625,-0.02342306677223538,298.90932144927837,313.2553857421875,262.2765456390381,25.226551627785874,7.831985467197165,1815638300.0,-7.213390245008725,-2.5687301216652028,-4.644660123343522,281.90376622972735,300.3449005126953,318.7860347956632,12.279971626945235,-0.20951876108815473,5.137159688916977,9.052528944033277,-0.003061928559749294,0
2026-03-30,273.33673095703125,276.9245842043685,271.9475460941929,276.2550012483934,35141200,-0.839508056640625,-0.003061928559749294,296.4738366404929,312.07517211914063,262.7590018463135,24.851707364578672,7.62806065598134,1780497100.0,-8.342270043051485,-2.95808793576637,-5.384182107285115,277.0598442146253,298.7056610107422,320.35147780685907,14.493074368174396,-0.08600075692828411,3.860144879284116,4.6542091247279,0.05140767278298308,1
2026-03-31,287.3883361816406,287.9080147834651,276.9245851168754,277.87403020607053,43875400,14.051605224609375,0.05140767278298308,295.60855088250696,311.2315185546875,263.31994255065916,40.72740090243206,8.124005168156518,1824372500.0,-8.010725649890446,-2.1012348340842646,-5.909490815806182,275.83303938404543,297.9158111572266,319.99858293040774,14.824840405349855,0.2616360146335603,14.245653106366253,7.747652558189107,0.03418426038221156,1
2026-04-01,297.2124938964844,300.34059988895723,290.23664948178913,290.6663854824321,37684500,9.82415771484375,0.03418426038221156,295.76130736002864,310.74414001464845,263.9351393890381,48.86159993263087,8.468880778096525,1862057000.0,-6.875984832983136,-0.7731952137415625,-6.102789619241573,275.6670211036338,297.63963775634767,319.61225440906156,14.76457693494508,0.4902800866502503,34.7869646244825,17.63092087004428,-0.005447446206045203,0
2026-04-02,295.59344482421875,297.90206355243157,289.2772403921399,290.5164904801884,21666500,-1.619049072265625,-0.005447446206045203,295.74532045185623,310.0969464111328,264.5317708587647,47.69981200271467,8.480019519681893,1840390500.0,-6.037738992646894,0.052040501275743445,-6.089779493922637,275.445606655877,297.39486541748045,319.3441241790839,14.761020659042833,0.45896397657826654,53.1797651649627,34.07079429860381,0.014267800370968198,1
2026-04-06,299.8109130859375,300.4405418912755,295.0037868253031,295.69337737406744,16945500,4.21746826171875,0.014267800370968198,296.1325197503401,309.4909588623047,265.1535780334473,50.97017537985925,8.262643487274069,1857336000.0,-4.9757513191677845,0.8912225398038824,-5.866973858971667,275.50609125603165,297.47881469726565,319.45153813849964,14.77263075933317,0.5530680321651762,63.4457002245116,50.47081000465226,0.018233945467744705,1
2026-04-07,305.27764892578125,305.4475608650088,297.5422790326475,302.54929810267237,23205400,5.46673583984375,0.018233945467744705,297.00348443371547,309.04643798828124,265.81583137512206,54.90630617696978,8.2371176547803,1880541400.0,-3.6509130884012393,1.7728486164563417,-5.423761704857581,275.52893804852516,297.43384246826173,319.3387468879983,14.729261632071323,0.6790422433994316,70.11069078273606,62.24538539073677,0.03882673963431005,1
2026-04-08,317.1305847167969,321.88772251879675,314.8319393907938,320.25872115869026,33547100,11.852935791015625,0.03882673963431005,298.9203511273423,308.7325140380859,266.5706545257568,62.02485059667952,8.835185936082816,1914088500.0,-1.6257952309572374,3.038373179120275,-4.6641684100775125,274.7397025101682,297.9475357055664,321.1553689009646,15.578469639253772,0.9132882387105876,80.72798616335018,71.4281257235326,0.003687064768298942,1
2026-04-09,318.29986572265625,319.3492572184689,310.8743084256086,315.72141928886384,23739200,1.169281005859375,0.003687064768298942,300.7660191840389,308.41620971679686,267.3385533905029,62.651218466628855,8.809454711566922,1937827700.0,0.07263912768939917,3.7894460302135293,-3.71680690252413,273.9795896988773,298.4367416381836,322.8938935774899,16.3901748860115,0.906080072891677,88.64044824137058,79.8263750624856,-0.003924717522926557,0
2026-04-10,317.0506286621094,321.6378852163977,316.1311948927162,319.8289680511782,19152600,-1.249237060546875,-0.003924717522926557,302.3169343724266,308.0457586669922,268.09232849121094,61.484394002579094,8.573542969575104,1918675100.0,1.3028392827371817,4.015716948209049,-2.7128776654718676,273.41654058100164,299.12083435058594,324.82512812017023,17.186561962753462,0.848770413072769,91.20141377238349,86.85661605903475,0.012829389221314713,1
2026-04-13,321.1181945800781,321.43801087893695,315.28168437302884,316.9507009019676,18866400,4.06756591796875,0.012829389221314713,304.10753058267915,307.71191650390625,268.8469471740723,63.84548623714454,8.400884650741748,1937541500.0,2.57630233461839,4.231344000072206,-1.6550416654538163,272.647400614278,300.07176666259767,327.4961327109173,18.278538066632414,0.8837176742827573,93.86300486581335,91.23495562652248,0.03610221659486279,1
2026-04-14,332.7112731933594,333.09105123243734,323.5567375910905,324.59612530340485,27721400,11.59307861328125,0.03610221659486279,306.83169654560106,307.6149298095703,269.64527183532715,69.57098112870672,8.656025508000138,1965262900.0,4.469474218096309,4.8996127068401005,-0.43013848874379124,270.5829540369182,301.4384506225586,332.29394720819903,20.47217036971547,1.0067625874048411,96.05073276235346,93.7050504668501,0.012646066883422513,1
2026-04-15,336.91876220703125,337.278563176308,330.70247381548376,332.69130668872015,24918800,4.207489013671875,0.012646066883422513,309.6971313704992,307.4884411621094,270.4397549438477,71.34462143570646,8.507458640344717,1990181700.0,6.237434512873676,5.334058401293974,0.9033761115797023,268.4010090745197,302.74766845703124,337.09432783954276,22.68995798221073,0.9974442109412116,99.09574648719642,96.33649470512107,-0.0032629979618038485,0
2026-04-16,335.81939697265625,339.67710854893676,334.3202924195682,338.5477782390461,20541500,-1.099365234375,-0.0032629979618038485,312.1849661897523,307.4194616699219,271.24020851135253,70.19335121992744,8.282412746703564,1969640200.0,7.46380806401271,5.248345561946406,2.2154625020663037,266.93570361823583,304.16332244873047,341.3909412792251,24.478703435237293,0.9251692092913961,97.71079385516235,97.61909103490406,0.01684431209009718,1
2026-04-17,341.4760437011719,342.1156763245155,336.0392884001999,337.4484504303517,25581900,5.656646728515625,0.01684431209009718,314.97459261941134,307.5968408203125,272.0708898162842,72.63980471944868,8.140546075643257,1995222100.0,8.790826875139771,5.260291498458773,3.5305353766809975,265.25887676515646,305.88979187011716,346.52070697507787,26.56572150156149,0.9379208755097657,97.61397862216927,98.140172988176,-0.012467774438631563,0
2026-04-20,337.2185974121094,341.1962021124509,336.40905286572576,340.55660000710446,18784200,-4.2574462890625,-0.012467774438631563,317.09306926633496,307.7248248291016,272.86632362365725,68.10872826132987,7.921006415629177,1976437900.0,9.39070826962876,4.68813831435821,4.70256995527055,264.9454476988873,307.70970611572267,350.47396453255806,27.795196295012364,0.845018157555255,95.29359584172055,96.87278943968404,-0.015203648803314485,0
2026-04-21,332.0916442871094,339.13742351057505,331.1522029907326,337.48841459650436,23123800,-5.126953125,-0.015203648803314485,318.5215049825992,307.91785217285155,273.63168533325194,63.0114206149163,7.925593137358698,1953314100.0,9.344696483036046,3.7137012222123964,5.630995260823649,265.2686006605032,309.2203033447266,353.17200602894997,28.42743649677164,0.7601872003310641,90.86848195094505,94.59201880494494,0.02115626211004451,1
2026-04-22,339.1174621582031,339.6171637007564,334.96994545488326,336.818816762841,20293000,7.02581787109375,0.02115626211004451,320.4830247136091,308.2222332763672,274.44583724975587,66.69041802038917,7.897016442807865,1973607100.0,9.762619198550226,3.305299150181261,6.457320048368965,266.77623411679957,311.6628448486328,356.54945558046603,28.804595397718057,0.805821901697957,89.28090399466957,91.81432726244505,-0.0012672556948888358,0
2026-04-23,338.6877136230469,341.7558578013153,335.97930940305434,340.9763246437424,18650300,-0.42974853515625,-0.0012672556948888358,322.216804609746,308.6326708984375,275.26995582580565,66.25631648851409,7.745554439625943,1954956800.0,9.944514671450065,2.78975569846488,7.154758972985185,268.7771249606574,314.0594146728516,359.3417043850458,28.83676629109413,0.7719418464340936,89.35945997243839,89.83628197268433,0.016258881347370746,1
2026-04-24,344.19439697265625,345.06387272769797,335.1897964239415,338.5277988797623,26426100,5.506683349609375,0.016258881347370746,324.3099086443089,309.3054443359375,276.11033988952636,69.03746847347482,7.897591715635266,1981382900.0,10.412977150511892,2.606574542021365,7.806402608490528,272.84697506130567,317.2315185546875,361.61606204806935,27.982429801173993,0.8037417566544214,95.07327849841134,91.23788082183977,0.017247411505119103,1
2026-04-27,350.130859375,352.9691603649003,342.5254168368208,345.77347673538645,28576900,5.93646240234375,0.017247411505119103,326.7690468091366,310.13609497070314,276.97542053222656,71.7414539108466,8.079459702238426,2009959800.0,11.134903704373983,2.662800876706763,8.47210282766722,279.1005176150046,321.0292495727539,362.95798153050316,26.121440344486178,0.8470366076366346,94.71716956985415,93.04996934690128,-0.0015984362710370625,0
2026-04-28,349.5711975097656,352.20963620070955,345.91337868788094,348.34192077884484,27824100,-0.559661865234375,-0.0015984362710370625,328.9406802091965,311.0210675048828,277.8248894500732,71.11095106530121,7.952088117280582,1982135700.0,11.528976796305585,2.445499174910692,9.083477621394893,287.31878057765186,324.8409729003906,362.3631652231294,23.101883969695276,0.8295413071371669,94.45185555245155,94.747434540239,0.00045745218860759884,1
2026-04-29,349.7311096191406,355.5776236260777,344.0045190996302,347.36252924438134,35376300,0.159912109375,0.00045745218860759884,330.9207211053817,311.9831427001953,278.6683274078369,71.1888654343034,8.210732146506789,2017512000.0,11.719095691343966,2.108494455959258,9.610601235384708,293.1383975521293,327.95811157226564,362.777825592402,21.23424473522365,0.8126533152208486,90.22542309285414,93.1314827383866,0.09961702406520634,1
2026-04-30,384.5702819824219,385.6096696957082,365.60163158627074,373.8467067603946,72040000,34.83917236328125,0.09961702406520634,336.0302030936712,313.6158349609375,279.6837674713135,82.35459499727176,10.187005570082558,2089552000.0,14.513691530495123,3.922472236088332,10.591219294406791,292.47593674188334,332.3260009765625,372.1760652112417,23.982513626726195,1.1555106247531997,91.98032884749382,92.21920249759982,0.002312960442559797,1
