Date,ticker,Close,High,Low,Open,Volume,Daily_Change_USD,Daily_Return_Pct,EMA_20,SMA_50,SMA_200,RSI_14,ATR_14,OBV,MACD_12_26_9,MACDh_12_26_9,MACDs_12_26_9,BBL_20_2.0,BBM_20_2.0,BBU_20_2.0,BBB_20_2.0,BBP_20_2.0,STOCHk_14_3_3,STOCHd_14_3_3,Target_Forward_Return,Target_Direction
2023-05-01,IBM,112.92156219482422,113.51263719477885,112.89469639166356,113.15441054322498,2725000,-0.286590576171875,-0.0025315365471213,113.96121720388496,114.67597427368165,117.78935920715332,41.90261372798342,1.719982409814296,-41558700.0,-0.724268082542693,-0.1192899472163032,-0.6049781353263898,110.72771529816087,114.76418800354004,118.8006607089192,7.034376795755586,0.2717529705749942,29.656439379059453,26.61867639482537,-0.0073755874238345,0
2023-05-02,IBM,112.08869934082033,113.24396991744456,110.39607851698696,113.10964089639896,4445300,-0.8328628540039062,-0.0073755874238345,113.78288216930736,114.49936935424805,117.74577198028564,38.15197172651819,1.80054733771739,-46004000.0,-0.7848554082777781,-0.1439018183611107,-0.6409535899166674,110.59679087931774,114.45521926879884,118.31364765827992,6.742249788398984,0.1933311067233799,25.5442882573696,27.420486408746083,-0.0136625534570903,0
2023-05-03,IBM,110.55728149414062,112.45587806130366,110.38712912125062,112.3573655562911,4554200,-1.5314178466796875,-0.0136625534570903,113.47568210500576,114.3514227294922,117.70225494384766,32.40789517443858,1.81970459502708,-50558200.0,-0.945544276229512,-0.2436725490502758,-0.7018717271792363,110.20694103307927,114.0902774810791,117.97361392907892,6.807480065326061,0.0451081776910932,16.93549453884042,24.04540739175648,-0.0071283732400411,0
2023-05-04,IBM,109.7691879272461,110.61997028672675,109.0437838768972,110.18114620476555,4468200,-0.7880935668945312,-0.0071283732400411,113.12268265950485,114.20096801757812,117.68609565734864,29.912047186314705,1.8023104389415423,-55026400.0,-1.1235325424826783,-0.3373286522427536,-0.7862038902399247,109.85799204172706,113.66175117492676,117.46551030812648,6.693120762050683,-0.0116732042397047,11.920013358654847,18.133265384954942,0.0088112270043503,1
2023-05-05,IBM,110.73638916015624,111.13938986024924,109.98411253201648,110.25278422048171,4971900,0.9672012329101562,0.0088112270043503,112.89541661194784,114.07308166503908,117.68211124420166,36.38700429387039,1.7714455456602285,-50054500.0,-1.173022595269572,-0.3094549640237176,-0.8635676312458542,109.64773864400338,113.35502052307127,117.0623024021392,6.541010467751375,0.1468259700320627,10.581714208973567,13.145740702156266,-0.002021710792838,0
2023-05-08,IBM,110.51251220703124,110.9782021150856,109.75128477116638,110.8349155405326,3663800,-0.223876953125,-0.002021710792838,112.66847333528912,113.94465850830078,117.68577087402343,35.56791885564067,1.732550674107299,-53718300.0,-1.216288204451402,-0.2821764585644382,-0.934111745886964,109.59167288449753,113.01336364746092,116.43505441042436,6.055373723123933,0.1345591092714975,15.690521393921417,12.730749653849928,-0.0046821919578579,0
2023-05-09,IBM,109.9950714111328,110.72129402512124,109.532111247343,110.65775006583016,4540000,-0.5174407958984375,-0.0046821919578579,112.4138636282266,113.80731872558594,117.68209453582764,33.68079173177782,1.6937386815123654,-58258300.0,-1.2776022557116704,-0.2747924078597652,-1.0028098478519052,109.4793669354355,112.67314910888672,115.86693128233794,5.669109630307345,0.0807356995076538,16.602399154419878,14.291544919104938,0.0070149183541909,1
2023-05-10,IBM,110.76667785644533,111.19333311982848,109.93152670407986,110.7394457206161,4189200,0.7716064453125,0.0070149183541909,112.25698879281887,113.70672561645507,117.68102439880371,38.88782449547591,1.6628863768149544,-54069100.0,-1.2495281092870982,-0.1973746091481543,-1.052153500138944,109.36622873229274,112.45569801330566,115.5451672943186,5.494553563034896,0.2266488184167049,21.45015901236484,17.914359853568698,-0.0091788288111439,0
2023-05-11,IBM,109.74996948242188,110.96638433216506,109.4322497026958,110.76667277754532,3446500,-1.0167083740234375,-0.0091788288111439,112.01822504897154,113.60567993164062,117.67685646057129,34.98953259329568,1.6536898234331194,-57515600.0,-1.294398000366172,-0.1937956001817824,-1.1006024001843897,109.0683165794158,112.21606979370117,115.36382300798653,5.610164783122794,0.1082761030808485,20.30871910566225,19.45375909081564,0.0160462721690455,1
2023-05-12,IBM,111.51104736328124,111.52920673677816,109.94060091861314,110.21293611489298,4564800,1.761077880859375,0.0160462721690455,111.96992241223914,113.5266015625,117.67700428009032,45.23100351791767,1.6626574970704888,-52950800.0,-1.174316653873916,-0.058971402951621,-1.115345250922295,109.1193596802466,112.0537494659424,114.98813925163816,5.237468268007691,0.4075272642191848,33.19573481112991,24.98487097638565,0.0042331076624646,1
2023-05-15,IBM,111.98308563232422,112.28265294038988,111.05715157571603,111.65628619184736,2915700,0.4720382690429687,0.0042331076624646,111.97117605224724,113.44424697875976,117.679080619812,47.61323499438901,1.6314320590421565,-50035100.0,-1.029197826426426,0.0689179395966952,-1.098115766023121,109.212515578905,111.92935943603516,114.6462032931653,4.8545687580437775,0.5098876120812137,41.44261403527267,31.649022650688263,0.0008106774787883,1
2023-05-16,IBM,112.07386779785156,112.43697907650642,111.15701337754663,111.97401202307718,2748400,0.0907821655273437,0.0008106774787883,111.98095621849528,113.35385696411132,117.67483322143556,48.08095279789019,1.6063273190362728,-47286700.0,-0.89653010708588,0.1612685271497929,-1.0577986342356729,109.34676201862575,111.81129913330078,114.2758362479758,4.408386511522092,0.5532693670927749,57.197946347818906,43.94543173140716,0.0182246173623423,1
2023-05-17,IBM,114.11637115478516,114.24345907481472,112.08295750853986,112.50961277968436,4515100,2.0425033569335938,0.0182246173623423,112.18432906957052,113.33906494140624,117.6754020690918,57.314867855532185,1.6465604588881937,-42771600.0,-0.6194365536923385,0.3506896644346675,-0.970126218127006,109.25683272496164,111.86074028015136,114.46464783534108,4.65562367756252,0.9331242232732508,72.98925754389428,57.20993930899528,0.0035000592680802,1
2023-05-18,IBM,114.51578521728516,114.84258467883454,113.64432229507734,113.74417807087144,3797900,0.3994140625,0.0035000592680802,112.40637251221,113.3358428955078,117.67896091461182,58.85590097868574,1.614539167807408,-38973700.0,-0.3634192683704071,0.4853655598052792,-0.8487848281756863,109.12969554598416,111.92836112976076,114.72702671353731,5.000815799548846,0.962260318368028,84.51646192292408,71.56788860487909,0.0087990436656339,1
2023-05-19,IBM,115.5234146118164,116.45841455413368,114.87889538163644,115.0967593786252,4306700,1.00762939453125,0.0087990436656339,112.70323366455348,113.3866261291504,117.68526992797852,62.53100432270633,1.6379741798817729,-34667000.0,-0.0783137026043476,0.616376900457071,-0.6946906030614187,108.87427611168704,112.07457313537596,115.27487015906487,5.711013540641816,1.038831466409487,93.10333589701747,83.53635178794526,0.0018857625718329,1
2023-05-22,IBM,115.74126434326172,116.36763104889542,115.42354461061085,115.74126434326172,2806800,0.2178497314453125,0.0018857625718329,112.99256991966854,113.45448318481444,117.6956900024414,63.29437505695842,1.588410769767688,-31860200.0,0.1633303939100443,0.6864167975771704,-0.5230864036671261,108.66844412454098,112.24645462036132,115.82446511618168,6.375275741085733,0.9883733190529824,90.69402087816069,89.43793956603407,0.0053334646413329,1
2023-05-23,IBM,116.35856628417967,117.18464466994016,115.40540690726996,115.50526268853268,4592300,0.6173019409179688,0.0053334646413329,113.31314100200294,113.53235778808592,117.7055704498291,65.44283312055188,1.6020412692607262,-27267900.0,0.4000348363930044,0.7384969920481044,-0.3384621556551,108.42674926057931,112.42725982666016,116.427770392741,7.116620243611411,0.991350590453618,89.1901304233844,90.99582906618753,-0.0195037816324457,0
2023-05-24,IBM,114.0891342163086,116.10439532877008,113.89850234428818,116.03177168444653,3915500,-2.2694320678710938,-0.0195037816324457,113.3870451176511,113.58150146484375,117.70354244232178,53.13045322395778,1.6633286028772107,-31183400.0,0.3998909174096638,0.5906824584518111,-0.1907915410421472,108.43169268657569,112.49638557434082,116.56107846210595,7.226352859273098,0.6959248442560079,80.08362093243515,86.6559240779934,0.0085932818421641,1
2023-05-25,IBM,115.0695343017578,115.49618956111512,113.48092841950437,114.02559190826544,4102900,0.9804000854492188,0.0085932818421641,113.54728218280412,113.6747915649414,117.71292976379397,56.90270573584789,1.688466641358179,-27080500.0,0.4734295527444914,0.531376875029311,-0.0579473222848195,108.37713112806108,112.56437873840332,116.75162634874556,7.439738320900449,0.7991410822191296,74.21321453514071,81.16232196365341,0.0168033668925502,1
2023-05-26,IBM,117.00308990478516,117.70208035822952,115.11491671529444,115.3418604084802,5612600,1.933555603027344,0.0168033668925502,113.8764067277547,113.78131896972656,117.72311100006104,63.1943295074146,1.75590088529486,-21467900.0,0.679893835909354,0.5902729265553388,0.0896209093540151,108.14472547853453,112.75412559509276,117.36352571165102,8.176020331372879,0.9609020916223914,74.77821967240183,76.35835171332589,0.0045775810358865,1
2023-05-30,IBM,117.53868103027344,118.07427870678424,116.43119463030078,117.61130467880956,3741100,0.5355911254882812,0.0045775810358865,114.225194756566,113.91664825439452,117.73142406463624,64.7302763534562,1.7478425418083303,-17726800.0,0.8766307420072934,0.6296078661226225,0.2470228758846708,107.9247267299807,112.98498153686523,118.04523634374976,8.95739369614084,0.9499476476177492,86.02226607713415,78.33790009489222,-0.0068738020112903,0
2023-05-31,IBM,116.73074340820312,117.50235743099356,115.70496050753248,116.65811977122524,11590200,-0.8079376220703125,-0.0068738020112903,114.4638184376743,113.99551864624024,117.72927154541016,60.6205716006315,1.753976683303517,-29317000.0,0.9563283852863124,0.5674444075213131,0.3888839777649991,107.92216400300256,113.21708374023436,118.5120034774662,9.353570260439676,0.8317953663454104,89.93452915445285,83.5783383013296,0.0095653423120793,1
2023-06-01,IBM,117.8473129272461,118.14686637547888,115.995444865282,116.59457946483168,4136100,1.1165695190429688,0.0095653423120793,114.78605600810972,114.0854362487793,117.72868019104004,64.02036505695435,1.782365599510185,-25180900.0,1.0969423023626206,0.566446659678097,0.5304956426845235,108.06999531371704,113.58158531188964,119.09317531006226,9.705076721790851,0.8869779516229218,91.53519346556716,89.1639962323847,0.0200277953240228,1
2023-06-02,IBM,120.20753479003906,120.84297436617764,118.1468821595561,118.35568033221467,5375800,2.3602218627929688,0.0200277953240228,115.3023873206744,114.26769454956056,117.73276466369629,69.93008693301407,1.8690295880402816,-19805100.0,1.3828889409516163,0.6819146386136743,0.7009743023379422,108.1737640444844,114.1035026550293,120.0332412655742,10.393613644749124,1.0146965604988818,91.43656701068794,90.96876321023598,0.0016613520242205,1
2023-06-05,IBM,120.40724182128906,121.2605522992431,120.07136959757908,120.84296982117544,3993500,0.19970703125,0.0016613520242205,115.78856393978056,114.46612670898438,117.73247085571288,70.37350740471854,1.8204690961562635,-15811600.0,1.6070928347498068,0.7248948259294916,0.8821980088203152,108.26988762698312,114.58704528808592,120.90420294918871,11.025954365470696,0.9606657650038046,93.80352261452909,92.25842769692804,0.0003770113555821,1
2023-06-06,IBM,120.45263671875,120.67958041176097,119.71734136964146,120.2166064130306,3298000,0.0453948974609375,0.0003770113555821,116.23276134730148,114.63107711791992,117.72680854797365,70.48006815866584,1.759166949439352,-12513600.0,1.7680579532239165,0.7086879555228811,1.0593699977010351,108.56645312448596,115.08405151367188,121.60164990285782,11.326675249022928,0.9118530234990952,92.0859132561948,92.4420009604706,0.0127365345559351,1
2023-06-07,IBM,121.98678588867188,122.04125016213578,119.99875679797148,120.28016477856475,5772000,1.534149169921875,0.0127365345559351,116.78076368457484,114.75470748901368,117.73187713623048,73.89711399996375,1.779404550491134,-6741600.0,1.9964036869142203,0.749626951370548,1.2467767355436723,108.94634688643848,115.68363723754882,122.42092758865915,11.647784443837564,0.967780689463996,94.03832330654151,93.30925305908843,0.0002231526922296,1
2023-06-08,IBM,122.01400756835938,123.43920672418383,121.65088935714616,122.2681833904369,4128500,0.0272216796875,0.0002231526922296,117.27916786398288,114.8783447265625,117.74940895080566,73.95472380894604,1.780041180244459,-2613100.0,2.154727530357036,0.7263606358506907,1.4283668945063452,109.36810602016604,116.24600372314453,123.123901426123,11.833349074707307,0.9193144543802256,92.08297561538184,92.73573739270604,0.0066214916630296,1
2023-06-09,IBM,122.8219223022461,123.54814484805765,121.79613243685442,121.96861184978324,3981500,0.8079147338867188,0.0066214916630296,117.80704923905556,115.01151260375975,117.77452110290528,75.67092721144701,1.778039125312941,1368400.0,2.3186641667506933,0.7122378177954785,1.6064263489552149,110.1316204120448,116.89960136413576,123.66758231622669,11.57913435651342,0.9375249413401991,92.61277311265214,92.9113573448585,0.008278154848444,1
2023-06-12,IBM,123.83866119384766,124.02021341966204,123.29400451640448,123.45739736417332,4494500,1.0167388916015625,0.008278154848444,118.38148847284528,115.17379226684572,117.81131771087648,77.66547776963861,1.736628553320299,5862900.0,2.501788404089993,0.7162896441078224,1.7854987599821706,110.57994046406807,117.51598205566408,124.45202364726003,11.804422633017817,0.9557844020027524,92.25064551902511,92.31546474901968,0.0086495129523986,1
2023-06-13,IBM,124.90980529785156,125.427229678346,123.45736022517356,123.92032033946258,3927300,1.0711441040039062,0.0086495129523986,119.00323293236968,115.32400085449218,117.8501915359497,79.56609239034684,1.7532886175954507,9790200.0,2.7021987931614007,0.7333600265433842,1.9688387666180165,111.00349076009796,118.16231803894044,125.3211453177829,12.11693778127012,0.9712704327182872,95.5774624098172,93.48029368049816,-0.0029069437187893,0
2023-06-14,IBM,124.54669952392578,126.1171460461423,124.31068306298532,125.0913699433812,4514900,-0.3631057739257812,-0.0029069437187893,119.5311821315655,115.44957336425782,117.90298671722412,77.16875676433473,1.757086786564131,5275300.0,2.7994554887513345,0.6644933777066546,2.13496211104468,111.6844588812358,118.78595962524416,125.8874603692525,11.95680157219381,0.9056001756770964,93.83932895246586,93.88914562710272,0.0087463172876982,1
2023-06-15,IBM,125.63602447509766,125.99914269936424,124.52853813128648,124.61024838896142,3812600,1.089324951171875,0.0087463172876982,120.11259568809236,115.60517150878906,117.96153453826904,79.19409006551174,1.7366237709579615,9087900.0,2.9306488447770818,0.6365493869859211,2.2940994577911606,112.00477197355606,119.36194229125977,126.71911260896348,12.327497653734865,0.9263923433130562,92.9558881287874,94.12422649702349,-0.0066474508823968,0
2023-06-16,IBM,124.80086517333984,126.60734186060108,124.7917924126556,126.38947094029211,7473700,-0.8351593017578125,-0.0066474508823968,120.55909754383023,115.73439453125,118.0190976333618,73.78955442540374,1.7422613193142125,1614200.0,2.933415560101153,0.511452881847994,2.421962678253159,112.50805845559388,119.8761962890625,127.24433412253114,12.292912290445948,0.8341868051047976,88.87645183383545,91.89055630502956,-0.0110560653296611,0
2023-06-20,IBM,123.42105865478516,124.57392259128966,123.35750777480578,123.7841630069602,4271300,-1.3798065185546875,-0.0110560653296611,120.83166526868308,115.8653956604004,118.0747013092041,65.79995900067301,1.7209110392584874,-2657100.0,2.7920839417370047,0.2960970107870766,2.495986930949928,113.03301276263905,120.27107849121094,127.50914421978284,12.03625313645264,0.7175982010732388,83.27730738013582,88.36988244758622,-0.0166962507676773,0
2023-06-21,IBM,121.36038970947266,122.90360377466806,120.99727155489995,122.64942799223782,5501300,-2.0606689453125,-0.0166962507676773,120.88201997732972,115.94569046020509,118.11471240997317,56.04086602504141,1.771116472160395,-8158400.0,2.485151573401268,-0.0086682860389282,2.493819859440196,113.60888516186992,120.55203475952148,127.49518435717306,11.518925601715209,0.5582124105625336,68.2536045640594,80.13578792601021,-0.0188494349230641,0
2023-06-22,IBM,119.07281494140624,120.6977395368804,118.62800031746572,119.53577508763873,6012800,-2.2875747680664062,-0.0188494349230641,120.7097147358132,115.99115951538086,118.15146007537842,47.60073405360273,1.839778823578004,-14171200.0,2.033872083111291,-0.367958221063124,2.401830304174415,113.975501848166,120.68774719238282,127.39999253659964,11.123325275957203,0.3797025311084637,44.09153718613721,65.20748304344413,-0.0132652985382561,0
2023-06-23,IBM,117.49327850341795,118.57353266535809,117.26633481734795,118.37382111349302,11324700,-1.5795364379882812,-0.0132652985382561,120.40338747558508,116.03871109008789,118.18498741149902,42.8067588811864,1.837400345040881,-25495900.0,1.53112459471852,-0.6965645675647161,2.227689162283236,114.67160306066698,120.85795440673829,127.0443057528096,10.237392112813046,0.2280565138401746,21.309908182984767,44.55168331106045,0.0147569372858411,1
2023-06-26,IBM,119.22711944580078,119.29067032016836,117.38433801072748,117.4569616450582,4845600,1.7338409423828125,0.0147569372858411,120.29136194893896,116.13240280151368,118.22285633087158,48.89146805251483,1.8423240567837385,-20650300.0,1.2580974969972374,-0.775673332228799,2.0337708292260364,115.41527166478022,121.06583366394042,126.71639566310064,9.33469308086585,0.3372981113725576,11.454975791905149,25.6188070536757,0.0076139012040246,1
2023-06-27,IBM,120.13490295410156,120.68864608659662,118.76416811535483,119.19082334128755,3219900,0.9077835083007812,0.0076139012040246,120.2764610922878,116.23995178222656,118.26194190979004,51.783785423345,1.848192193530742,-17430400.0,1.10226586272681,-0.7452039731993811,1.8474698359261912,115.86491394279167,121.22242431640623,126.57993469002082,8.839140784102414,0.3985049690560877,18.0433666586606,16.93608354451683,-0.0043826107455442,0
2023-06-28,IBM,119.6083984375,119.98058941672676,118.8367981956754,119.8807336381914,2753800,-0.5265045166015625,-0.0043826107455442,120.2128360775461,116.3427020263672,118.29524753570556,50.01585671726569,1.8089002338804148,-20184200.0,0.9256137563447028,-0.737484863665191,1.6630986200098936,116.18129133889748,121.32591018676756,126.47052903463766,8.480659802923434,0.3330768711875871,25.591160753694336,18.36316773475335,0.0174559899043917,1
2023-06-29,IBM,121.69628143310548,121.95954386890696,119.54485969635454,119.5993239654049,3639800,2.0878829956054688,0.0174559899043917,120.35411658759936,116.48792617797852,118.33256671905518,56.37623361682166,1.85217051521413,-16544400.0,0.9432175728589414,-0.5759048377207621,1.5191224105797034,116.88112190217188,121.57418708801268,126.2672522738535,7.720496099132129,0.5130079532520815,34.40235200916727,26.012293140507392,-0.0018649016752894,0
2023-06-30,IBM,121.46932983398438,122.57681607103147,121.12437101707188,122.26817599881642,4236700,-0.2269515991210937,-0.0018649016752894,120.46032737296936,116.65476181030272,118.3836573791504,55.54879269328227,1.8236186965530927,-20781100.0,0.9281564175158934,-0.472772794451048,1.4009292119669414,117.38287994912278,121.7552879333496,126.12769591757645,7.182288438462463,0.4672997007144797,39.1642471442557,33.05258663570576,-0.0010462132694789,0
2023-07-03,IBM,121.34224700927734,121.95954103108626,120.61602445190228,121.11530332581908,1477100,-0.1270828247070312,-0.0010462132694789,120.54431971928445,116.81833938598632,118.43218933105469,55.0614584324816,1.7893256881695851,-22258200.0,0.8956414246919735,-0.4042302298199742,1.2998716545119475,117.49229109139368,121.81202354431151,126.1317559972294,7.092456601948614,0.4456243482490606,45.35147643601848,39.639358529813805,0.0042643086695013,1
2023-07-05,IBM,121.85968780517578,121.9232248350706,120.36185115209592,121.02453669476616,2955100,0.5174407958984375,0.0042643086695013,120.66959287032172,117.0035496520996,118.49292545318605,56.72615947123323,1.7730434020842356,-19303100.0,0.9012373037797516,-0.318907480585757,1.2201447843655089,117.61325678256613,121.88464584350588,126.15603490444562,7.00890424939006,0.4970784634724198,45.9345911948222,43.48343825836545,-0.0154946099811092,0
2023-07-06,IBM,119.97151947021484,121.55103873850275,119.4177762947172,120.9519179047784,3507700,-1.8881683349609373,-0.0154946099811092,120.60310968935914,117.1569073486328,118.53643981933594,49.51769989306629,1.820819695539546,-22810800.0,0.7447279139082781,-0.3803334963657845,1.1250614102740626,117.55195559774984,121.8605899810791,126.16922436440836,7.071415597115092,0.2807808295160348,40.589662977289954,43.95857686937686,-0.0006054089858845,0
2023-07-07,IBM,119.89888763427734,121.50565277990052,119.5993203121074,119.62655244580074,2982700,-0.0726318359375,-0.0006054089858845,120.5360409222085,117.3000358581543,118.5775800704956,49.25839522195489,1.8269277507005164,-25793500.0,0.607825676653178,-0.4137885868967077,1.0216142635498855,117.36447476805895,121.75619506835938,126.1479153686598,7.213957857067909,0.2885444305327254,35.43904281996791,40.65443233069335,0.0062084376286757,1
2023-07-10,IBM,120.64327239990234,120.77944693875315,119.55394534682064,119.60840962174296,2369200,0.744384765625,0.0062084376286757,120.54625344389363,117.45876892089844,118.62869323730467,52.03086548826819,1.783968739359946,-23424300.0,0.5530204216267833,-0.374875073538482,0.9278954951652654,117.27145587308964,121.68765830993652,126.1038607467834,7.258258558314725,0.3817552042768378,34.4514827010955,36.82672949945111,0.0115875875192208,1
2023-07-11,IBM,122.0412368774414,122.15016541251192,120.9428233598225,121.33317369639695,2924000,1.3979644775390625,0.0115875875192208,120.68863281851722,117.62540023803712,118.69278503417968,56.8042563472871,1.764177616020633,-20500300.0,0.6152981383000906,-0.2500778854921398,0.8653760237922304,117.25949635022369,121.64862403869628,126.0377517271689,7.216074531309842,0.5447256113983949,53.0321789241732,40.97423481507886,-0.01190120971939,0
2023-07-12,IBM,120.58879852294922,122.84916271305688,120.34370930531423,122.61314625667151,3732200,-1.4524383544921875,-0.01190120971939,120.6791247903679,117.77301315307618,118.74795352935791,51.113299562555575,1.8171258868579176,-24232500.0,0.5412152482892054,-0.2593286204024201,0.8005438686916255,117.19378664257212,121.48613090515136,125.77847516773062,7.066393884797332,0.395472924897344,63.47532838885942,50.319663338042695,0.0081301090769441,1
2023-07-13,IBM,121.56919860839844,122.6131479312064,121.06084694059884,121.19700761892229,3221400,0.9804000854492188,0.0081301090769441,120.76389372541844,117.94596588134766,118.8193896484375,54.4319048340029,1.8319275669578647,-21011100.0,0.5552139566835734,-0.1962639296064416,0.7514778862900151,117.32289067664423,121.31910057067871,125.3153104647132,6.587931950099392,0.531291904623562,73.76259786949358,63.42336839417538,-0.0038828771962502,0
2023-07-14,IBM,121.09716033935548,121.56920714325724,120.67959166215182,121.56013438124674,2861500,-0.4720382690429687,-0.0038828771962502,120.79563340293625,118.12613510131835,118.89152549743652,52.58113101091304,1.764619560825548,-23872600.0,0.5221989066793213,-0.183423183688555,0.7056220903678764,117.43487566688609,121.1466236114502,124.8583715560143,6.12769524055195,0.4933369300888054,68.17525603645225,68.47106076493507,0.0062968236718636,1
2023-07-17,IBM,121.85968780517578,122.19556003122544,120.8248251410222,120.97005857430042,3167400,0.7625274658203125,0.0062968236718636,120.89697191743524,118.35218322753906,118.9686542892456,55.2293631587598,1.736484941495385,-20705200.0,0.5512098316510787,-0.1235298069734381,0.6747396386245169,117.8424875802633,120.9578067779541,124.07312597564491,5.1510841353294285,0.6447493771890509,73.59712802033205,71.84499397542595,0.008343333400324,1
2023-07-18,IBM,122.87640380859376,123.41198764379872,121.90507807384192,122.28635569883164,3852100,1.0167160034179688,0.008343333400324,121.08548924040272,118.61432754516602,119.04640785217283,58.55309387845894,1.723328862718782,-16853100.0,0.6487631454297969,-0.020781194555776,0.669544339985573,118.13201203357715,120.8615837097168,123.59115538585644,4.516855716032116,0.8690725758347657,77.33730800746882,73.0365640214177,0.000886582949493,1
2023-07-19,IBM,122.98534393310548,123.86588672544228,122.72209529745405,123.03073545002364,5520000,0.1089401245117187,0.000886582949493,121.26642778256488,118.859306640625,119.12964576721193,58.90513468844344,1.6819333316666,-11333100.0,0.726490872477541,0.0455572259935743,0.6809336464839666,118.18639409174828,120.8397979736328,123.49320185551736,4.391605954957844,0.9043006747146258,81.42522199967632,77.45321934249239,0.0214052351948068,1
2023-07-20,IBM,125.6178741455078,127.37895937406324,123.96571745429202,124.53761997841184,10896300,2.632530212402344,0.0214052351948068,121.68085124570231,119.16141387939452,119.23837352752686,66.34437705187486,1.8756249109016832,-436800.0,0.9891119761683882,0.2465426637475373,0.7425693124208509,117.68056756287464,121.05267219543455,124.42477682799448,5.571301436643712,1.1769069242385255,82.12565049923818,80.29606016879444,0.0040468300428557,1
2023-07-21,IBM,126.12622833251952,126.88875581236432,125.05504690474775,125.46355663109804,5858600,0.5083541870117188,0.0040468300428557,122.10422049206586,119.48403701782226,119.337840385437,67.56540972931887,1.8726309106670311,5421800.0,1.224149790546278,0.3852643825003417,0.8388854080459363,117.50177902226426,121.40534286499025,125.3089067077162,6.430629411535803,1.1046891581299934,80.78257627475904,81.44448292455785,0.0043182708624329,1
2023-07-24,IBM,126.6708755493164,127.19738653752646,125.98097176383912,126.49840999160408,3475200,0.544647216796875,0.0043182708624329,122.5391400213278,119.80212097167968,119.42258876800535,68.86858284312433,1.825758329454196,8897000.0,1.4377934425749004,0.4791264276231712,0.9586670149517292,117.75571384240205,121.86422271728516,125.97273159216827,6.742764665909414,1.084963179879705,84.41646985650584,82.441565543501,0.0056616859417919,1
2023-07-25,IBM,127.38804626464844,127.4788154386516,126.21700895218449,126.56196782741338,3770800,0.7171707153320312,0.0056616859417919,123.00094061592978,120.15488250732422,119.50987384796144,70.54669020541135,1.7854760549551187,12667800.0,1.64600315928962,0.5498689154703127,1.0961342438193074,117.69782914790476,122.27226905822754,126.8467089685503,7.482383283726194,1.0591697898224155,91.4147616111596,85.53793591414149,0.0052731609487353,1
2023-07-26,IBM,128.05978393554688,128.22317673326293,126.97952982328177,127.4878814404553,4046400,0.6717376708984375,0.0052731609487353,123.48273521779808,120.48585723876953,119.61586109161377,72.06556701826183,1.746773973171265,16714200.0,1.8439584705276388,0.598259381366665,1.2456990891609738,117.56137476710592,122.6685131072998,127.77565144749369,8.326730651290445,1.0278171912651188,96.03167649735686,90.62096932167408,0.0134686505588423,1
2023-07-27,IBM,129.78457641601562,130.15676744323494,128.81325064032796,129.1763689052537,6331600,1.72479248046875,0.0134686505588423,124.08291057000926,120.84188705444336,119.74537872314453,75.5518053299056,1.7717889399224651,23045800.0,2.1156281746913663,0.6959432684243141,1.4196849062670522,117.40652248729933,123.17732200622558,128.94812152515183,9.369905799112257,1.0724730505816833,97.82631048715643,95.09091619855762,0.0033570973910954,1
2023-07-28,IBM,130.22027587890625,130.6741632217059,129.67561937847216,130.21120311860554,6686400,0.435699462890625,0.0033570973910954,124.66742155180896,121.20481521606445,119.88175212860108,76.35458972619203,1.7165571473018415,29732200.0,2.339121738529542,0.7355494658099917,1.6035722727195505,117.1183474140338,123.60352172851564,130.08869604299747,10.493510579295563,1.0101446645477945,96.73709074321968,96.86502590924432,0.0050892207230368,1
2023-07-31,IBM,130.88299560546875,131.26427330285367,130.29294738367108,130.547123280896,6138100,0.6627197265625,0.0050892207230368,125.25938098549084,121.54014770507813,120.02122058868407,77.56149610056967,1.6685171670622398,35870300.0,2.540433406464388,0.7494889069958699,1.7909444994685175,116.9426899022524,124.07420501708984,131.20572013192728,11.495564471044007,0.977373354661544,96.2015474361991,96.92164955552506,-0.0058959740009615,0
2023-08-01,IBM,130.11131286621094,131.1552479373629,129.05829118562403,130.94646369344025,4797700,-0.7716827392578125,-0.0058959740009615,125.72146973603564,121.85205825805664,120.15783611297609,72.8957358079439,1.6991199945391422,31072600.0,2.607646678136774,0.6533617429346052,1.954284935202169,117.03695379476096,124.51265830993653,131.9883628251121,12.00794299414452,0.8744566512031895,93.7407390697806,95.5597924163998,0.0058609295793643,1
2023-08-02,IBM,130.87388610839844,130.99190126025272,129.18542449271993,129.61207974006916,4957400,0.7625732421875,0.0058609295793643,126.21217605721304,122.15906768798828,120.27981731414796,74.52650408647713,1.7067883354672595,36030000.0,2.691421931067282,0.5897095966920904,2.101712334375192,117.10467917356516,124.96336822509764,132.82205727663015,12.577588397547949,0.8760498630587883,93.97589055200775,94.63939235266248,0.0019421820178289,1
2023-08-03,IBM,131.12806701660156,131.82705749064434,130.09320429924014,130.51985956312586,3951900,0.254180908203125,0.0019421820178289,126.68035614858336,122.46680374145508,120.41071914672852,75.06503355069808,1.708721539462755,39981900.0,2.7466628776806914,0.5159604346443998,2.230702443036292,117.57567488211188,125.521195602417,133.4667163227221,12.660046268953984,0.8528322190297718,93.02195860043986,93.57952940740938,-0.0014538711267874,0
2023-08-04,IBM,130.9374237060547,132.61679853871695,130.71048003800232,131.70902386650744,4223100,-0.190643310546875,-0.0014538711267874,127.08579115405684,122.75838088989258,120.53419826507567,73.80474916695262,1.7228356081236036,35758800.0,2.743433806776565,0.4101850909922184,2.3332487157843467,118.23361714565146,126.07312240600588,133.9126276663603,12.436441821608984,0.8102428749329599,91.42689455864628,92.80824790369796,0.0134496507738213,1
2023-08-07,IBM,132.698486328125,132.98898085313107,131.56376806146005,131.62731893313313,3438700,1.7610626220703125,0.0134496507738213,127.62033355158714,123.13056793212893,120.66027530670166,77.55372812304182,1.746315718048802,39197500.0,2.8501233329652536,0.4134996937447255,2.436623639220528,118.74575094078696,126.675883102417,134.60601526404704,12.520350310435278,0.8797290576598694,91.71315996570344,92.05400437492985,-0.0018465990105476,0
2023-08-08,IBM,132.4534454345703,132.67130255619188,130.81944776467665,132.26280660160506,4654600,-0.2450408935546875,-0.0018465990105476,128.08062992139506,123.47824615478515,120.78700687408448,75.92545851793673,1.7557959212916268,34542900.0,2.8816845333940364,0.3560487153388063,2.52563581805523,119.1850697239332,127.19649353027344,135.20791733661366,12.5969255660864,0.8280909880299014,91.85253231649484,91.66419561361484,-0.0122011840604464,0
2023-08-09,IBM,130.8373565673828,133.08699592416943,130.66289228064983,133.08699592416943,4072900,-1.6160888671875,-0.0122011840604464,128.34317531625103,123.75493148803712,120.88034786224364,66.07271567520125,1.8035321871650536,30470000.0,2.744653489813075,0.1752141374062756,2.5694393524068,120.15568159425828,127.70892143249512,135.26216127073195,11.828836628660062,0.7070922678140441,87.74229326992115,90.4359951840398,0.0053335700025085,1
2023-08-10,IBM,131.53518676757812,132.7564226436619,131.02098513784676,131.34235415095708,4735800,0.6978302001953125,0.0053335700025085,128.64717640685362,124.0348616027832,120.97018383026123,68.00353203476757,1.8117846078160555,35205800.0,2.661682249532319,0.0737943177004156,2.5878879318319035,121.0345613012327,128.2072208404541,135.3798803796755,11.189166245397884,0.7319896761393802,81.4061245082634,87.00031669822646,-0.0009073940667889,0
2023-08-11,IBM,131.41583251953125,131.71884724032907,130.5802617559385,131.41583251953125,2526400,-0.119354248046875,-0.0009073940667889,128.91085794139434,124.32856338500976,121.04722686767576,67.29808022684635,1.763698956142807,32679400.0,2.556822594202828,-0.0248522701032607,2.5816748643060885,122.21694659653274,128.7231544494629,135.22936230239304,10.108838430438729,0.7069314515409832,75.27595241669245,81.474790064959,-0.0084544871458448,0
2023-08-14,IBM,130.30477905273438,131.64537421208487,130.20377415626734,131.35155070205437,4226400,-1.111053466796875,-0.0084544871458448,129.04361233295054,124.57771270751954,121.1176655960083,60.9586135582996,1.7406918918338588,28453000.0,2.356898968383064,-0.17982071673842,2.536719685121484,123.42733089367732,129.14540901184083,134.86348713000436,8.855255733696671,0.6013775972394285,69.42737893509953,75.36981862001845,-0.0002819786375419,0
2023-08-15,IBM,130.26803588867188,130.67205545447834,129.65282937199146,129.92829853149073,3656600,-0.0367431640625,-0.0002819786375419,129.1602241001621,124.7789227294922,121.17882816314696,60.75478884527266,1.6891586197376462,24796400.0,2.170473322891013,-0.292997089784377,2.46347041267539,124.5609994884206,129.51499061584474,134.46898174326887,7.650065994473485,0.5760038980145176,54.72004332216566,66.47445822465254,-0.0086697747728013,0
2023-08-16,IBM,129.13864135742188,130.47005942256007,129.06518197308353,130.11195368075124,3285300,-1.12939453125,-0.0086697747728013,129.15816860085351,124.95355072021484,121.23539276123049,54.70045318718359,1.6688528218618532,21511100.0,1.9095844548656944,-0.4431087662477568,2.352693221113451,125.8648192106012,129.82265548706056,133.7804917635199,6.097296749339447,0.4135873641733106,30.160046846080537,51.43582303444856,0.0001421443113327,1
2023-08-17,IBM,129.15699768066406,130.99344008529988,129.10190665027596,129.47836669490914,3742100,0.0183563232421875,0.0001421443113327,129.158057084645,125.12763793945312,121.27570037841797,54.7793296950036,1.684758579944858,25253200.0,1.6848870204621562,-0.5342449605210358,2.219131980983192,126.52228555396384,129.99961166381837,133.4769377736729,5.3497484574753225,0.3788416794205187,12.82819234492618,32.56942750439078,0.0053319578523451,1
2023-08-18,IBM,129.8456573486328,130.23130855377835,128.33058403097934,128.5509621528952,3915500,0.68865966796875,0.0053319578523451,129.2235428240724,125.28481536865236,121.32041290283205,57.751468389493006,1.7001847187201546,29168700.0,1.544576844280698,-0.5396441093619955,2.084220953642693,127.19266212465236,130.18558311462402,133.17850410459567,4.597929998648916,0.4432117040292428,12.099268156746732,18.362502449251146,0.006152488405694,1
2023-08-21,IBM,130.64453125,130.74553615792726,129.57021396256226,129.854860336463,2937800,0.7988739013671875,0.006152488405694,129.35887505511312,125.45742584228516,121.3695132446289,60.95722824403703,1.6626945384805007,32106500.0,1.4807730363355631,-0.4827583338457044,1.963531370181268,127.86014833500236,130.3842658996582,132.90838346431403,3.8718131321126665,0.5515557107929899,27.650790335590163,17.526083612421015,-0.0055523761025564,0
2023-08-22,IBM,129.9191436767578,131.51683985655507,129.7446793787464,130.99346097346677,3557500,-0.7253875732421875,-0.0055523761025564,129.41223397146024,125.5993702697754,121.42097537994384,56.74670041318478,1.6705135341467976,28549000.0,1.3560437161616503,-0.4859901232156938,1.8420338393773443,128.37659813536547,130.51082077026368,132.64504340516189,3.2705680989548744,0.3613834649134238,37.96685613798598,25.90563821010761,0.0135698649144313,1
2023-08-23,IBM,131.68212890625,131.7463971159074,130.00178213223143,130.13033256249233,2559100,1.7629852294921875,0.0135698649144313,129.6284144414402,125.75623962402344,121.49156894683838,63.36918761017162,1.681709241646997,31108100.0,1.3835048230371854,-0.3668232130721272,1.7503280361093123,128.8220266141323,130.69193801879882,132.56184942346533,2.8615558587822623,0.7647694658100054,50.83700278674113,38.81821642010575,0.000976022952704,1
2023-08-24,IBM,131.81065368652344,132.65541549398478,131.50763901467153,131.77391699305713,2900200,0.1285247802734375,0.000976022952704,129.83624675049575,125.89425659179688,121.55192050933836,63.80428049158667,1.6435711871945864,34008300.0,1.3995061875565111,-0.2806574788422411,1.6801636663987525,128.9114441504618,130.79324188232422,132.67503961418666,2.87751523669014,0.7703297455864904,59.00928659163344,49.27104850545351,0.0125390945925625,1
2023-08-25,IBM,133.46343994140625,133.5736219878013,131.76472533445985,132.38910894528743,3660100,1.6527862548828125,0.0125390945925625,130.18169372105868,126.07259140014648,121.61450340270996,68.91721123566455,1.6553801490622204,37668400.0,1.5279402776684776,-0.1217787109842201,1.6497189886526975,128.76535097663677,130.9554000854492,133.14544919426166,3.344725161976405,1.072598999233634,80.50936325906929,63.45188421248128,0.0046097596110972,1
2023-08-28,IBM,134.07867431640625,134.73979475438364,133.33491732641787,133.51855877897944,3561100,0.615234375,0.0046097596110972,130.5528347301394,126.24144439697264,121.67273113250732,70.58299902652124,1.6374870975553315,41229500.0,1.6602313778682571,0.0084099113724473,1.6518214664958095,128.53756663717382,131.11518402099608,133.69280140481834,3.931836580284236,1.0748506962301194,86.91640193536756,75.47835059535676,0.0029446977232223,1
2023-08-29,IBM,134.47349548339844,134.7305963053018,133.71137018599066,134.3357679041445,2778100,0.3948211669921875,0.0029446977232223,130.92623099235456,126.43489700317384,121.73735652923584,71.63362481987097,1.5933255991093171,44007600.0,1.7764539411709563,0.0997059797401171,1.6767479614308392,128.41645844242396,131.33329315185546,134.25012786128696,4.441881627164984,1.0382893863319078,94.4761332102364,87.30063280155775,0.002799773739611,1
2023-08-30,IBM,134.84999084472656,134.90508188512862,133.83076456444968,134.44597120051645,2245400,0.376495361328125,0.002799773739611,131.2999224068662,126.66347564697266,121.78687824249268,72.63720930245161,1.5562535792214334,46253000.0,1.8773008336517023,0.1604422977766904,1.716858535875012,128.24864712518473,131.53209838867187,134.815549652159,4.9926235553312255,1.005244663283197,94.89731384358043,92.09661632972814,-0.0002044689188572,0
2023-08-31,IBM,134.82241821289062,135.6488116746334,134.55612622323474,134.92342310363193,3885900,-0.0275726318359375,-0.0002044689188572,131.63539819791615,126.93271621704102,121.82768035888672,72.43509251364654,1.5231415700912356,42367100.0,1.9327186638687976,0.1726881023950284,1.7600305614737692,128.14230024264785,131.71681594848633,135.2913316543248,5.4275768512905005,0.9344088150643348,94.57161357970163,94.64835354450616,0.0075598802225782,1
2023-09-01,IBM,135.84165954589844,135.98857831455916,134.90506990936737,135.21726178456274,2727800,1.0192413330078125,0.0075598802225782,132.0359945167716,127.26809310913086,121.86902267456054,75.18399079303214,1.4976428937753288,45094900.0,2.035418908821612,0.2203106778782739,1.8151082309433373,127.98483982353672,131.9620277404785,135.93921565742028,6.027776300563473,0.9877355415988422,95.3170950713676,94.92867416488322,0.0012843555852,1
2023-09-05,IBM,136.01612854003906,136.81497660449566,135.5019268428741,135.81411872887492,3731300,0.174468994140625,0.0012843555852,132.41505489993995,127.63855010986327,121.91061798095704,75.63196048675594,1.4844576700500594,48826200.0,2.106604161136943,0.2331967441548839,1.873407416982059,127.78203495221427,132.1279098510742,136.47378474993414,6.578284487748748,0.9473459061125832,92.45791159772769,94.1155400829323,-0.0004728541871378,0
2023-09-06,IBM,135.95181274414062,136.19973636223472,135.0886826752473,135.58452991143545,2932200,-0.0643157958984375,-0.0004728541871378,132.75188898034,127.97304397583008,121.95109554290772,75.09380856201099,1.4577859569741565,45894000.0,2.133238592638378,0.207864940525055,1.925373652113323,127.6479925715369,132.30282821655274,136.9576638615686,7.036638154698896,0.8919563230438674,92.8308159369886,93.53527420202796,-0.0036471330582336,0
2023-09-07,IBM,135.4559783935547,136.61293191681204,135.34578233590503,136.01609381588904,3332900,-0.4958343505859375,-0.0036471330582336,133.00942130540807,128.27946548461915,121.98214893341064,70.905095310599,1.4441690729693608,42561100.0,2.09024187604561,0.1318945791458297,1.9583472968997804,127.73655929293392,132.53375930786132,137.33095932278871,7.239212167496179,0.8045754895147514,88.13110815113016,91.13994522861547,0.0010846836117925,1
2023-09-08,IBM,135.6029052734375,136.43848995999969,135.2172540360113,135.2999045954873,3722800,0.1469268798828125,0.0010846836117925,133.25641977855372,128.59935562133788,122.00708072662354,71.4139341093914,1.428245276613577,46283900.0,2.044455232369046,0.0688863483754123,1.9755688839936336,127.78414951210311,132.7371452331543,137.6901409542055,7.462863107913304,0.7892956305315539,85.69283809344307,88.88492072718726,0.0047400255117886,1
2023-09-11,IBM,136.24566650390625,136.61294938051114,135.5110867397528,136.42013077412386,3273600,0.64276123046875,0.0047400255117886,133.54110994287302,128.8903433227539,122.03947277069092,73.58996639399379,1.404932231195345,49557500.0,2.0365582708664647,0.0487915094982649,1.9877667613682,127.83940892676632,132.97863693237304,138.11786493797976,7.729403946620848,0.8178521723466049,86.39997513815909,86.74130712757744,-0.0140180374142848,0
2023-09-12,IBM,134.3357696533203,135.8967429526142,133.87665903523717,135.8232835724076,4457700,-1.9098968505859373,-0.0140180374142848,133.61679182005847,129.14767211914062,122.05161052703858,59.17552047846527,1.473794748157755,45099800.0,1.854806107581311,-0.106368523029511,1.961174630610822,128.1614581081532,133.18018646240233,138.19891481665147,7.536749253111994,0.6151270909033759,79.609743841754,83.90085235778538,0.0017089155184635,1
2023-09-13,IBM,134.56533813476562,134.96016657971313,133.98685421585176,134.01439973475763,2627800,0.2295684814453125,0.0017089155184635,133.7071295643163,129.41213394165038,122.0664442062378,60.18503533643587,1.4380460064222986,47727600.0,1.7095834527287082,-0.2012729423056911,1.9108563950343995,128.5277555013131,133.39505157470705,138.26234764810096,7.297566162966747,0.6202193725645466,71.05740565667945,79.02237487886417,0.005458860167409,1
2023-09-14,IBM,135.29991149902344,135.64882605872018,134.50104945628848,135.32745701660622,2723100,0.7345733642578125,0.005458860167409,133.85882308190745,129.68093841552735,122.08663181304932,63.31134138593489,1.4173124775658266,50450700.0,1.6349210319419285,-0.2207482904739766,1.855669322415905,129.18501246595494,133.7031150817871,138.22121769761927,6.758410397646172,0.6767109507031669,63.74151953032227,71.46955634291855,-0.0092298253696424,0
2023-09-15,IBM,134.05111694335938,135.75900892192794,133.62872902997424,135.07952019550612,6234000,-1.2487945556640625,-0.0092298253696424,133.87713678299812,129.96253036499024,122.11026294708252,55.353893011786695,1.4682387214506751,44216700.0,1.4581743156948337,-0.3179960053768573,1.7761703210716908,129.93976520851098,133.94782104492188,137.95587688133278,5.984503226919575,0.5128860353564826,49.397658659139125,61.39886128204694,-0.0061647043075071,0
2023-09-18,IBM,133.2247314453125,134.50105855310153,133.19718592586673,133.84912924495703,2508100,-0.826385498046875,-0.0061647043075071,133.8150029413138,130.22904724121094,122.12839069366456,50.80337100474049,1.456498286149541,41708600.0,1.2371576827146384,-0.4312101106856421,1.6683677934002803,130.5545630090165,134.11677474975585,137.6789864904952,5.312104689940478,0.3747908084405164,30.44723076809949,47.86213631918695,0.0098560121754445,1
2023-09-19,IBM,134.5377960205078,134.72143748817592,132.82990375039728,133.14209564652765,3945400,1.3130645751953125,0.0098560121754445,133.8838403774275,130.50693771362305,122.142423286438,56.870405997699706,1.487572246980191,45654000.0,1.154643732016808,-0.4109792491067778,1.565622981123586,131.1236591098309,134.31143798828126,137.49921686673162,4.746846472939252,0.5355040360165436,21.39957655428564,33.74815532717474,0.0225906137288933,1
2023-09-20,IBM,137.57708740234375,139.50534356238063,136.01611412680612,136.22730108484598,9632400,3.039291381835937,0.0225906137288933,134.2355781893243,130.8176547241211,122.17050212860109,67.01131874824148,1.736141910901093,55286400.0,1.319288311280161,-0.1970677358747401,1.5163560471549011,131.89256135925052,134.69433517456054,137.49610898987055,4.160195470253421,1.0144512758365258,38.244267332166224,30.03035821818378,-0.0163519165169739,0
2023-09-21,IBM,135.3274383544922,137.04450743143795,135.26315614836722,136.81495214260806,4944600,-2.2496490478515625,-0.0163519165169739,134.33956487172122,131.11242752075196,122.18950031280518,56.4341223485413,1.7774125782636243,50341800.0,1.2537895440791829,-0.2100532024605748,1.4638427465397577,132.43067744516512,134.87660064697266,137.3225238487802,3.6269051712083535,0.5921610513335731,50.46173164607052,36.70185851084079,-0.003189037909106,0
2023-09-22,IBM,134.8958740234375,135.9885594459546,134.81323748163612,135.35498460359136,2562000,-0.4315643310546875,-0.003189037909106,134.3925466956942,131.37896102905273,122.21191417694092,54.651974562310734,1.7344061058389708,47779800.0,1.153757861953494,-0.2480679076690108,1.401825769622505,133.02900687297617,135.03086166381837,137.03271645466057,2.965032980128869,0.4662843576371291,46.49226014225864,45.06608637349845,-0.0029269718487657,0
2023-09-25,IBM,134.50103759765625,135.3733449364061,134.2898506444932,134.58368815406232,2694200,-0.39483642578125,-0.0029269718487657,134.40287916254772,131.64703857421875,122.23195575714112,53.00283506759987,1.6879124048442515,45085600.0,1.0307403008302458,-0.2968683750338075,1.3276086758640533,133.19556454070525,135.08274154663087,136.9699185525565,2.7941052784661826,0.3458798652304194,31.132224492544804,42.69540542695797,-0.022119060746529,0
2023-09-26,IBM,131.5260009765625,134.2163821882172,131.32399120513432,133.6103528739327,4824700,-2.97503662109375,-0.022119060746529,134.12889076388245,131.8403648376465,122.23813945770264,42.577471879642246,1.7942791182498,40260900.0,0.6852878338706034,-0.5138566735947601,1.1991445074653635,132.54166093887392,134.95510787963866,137.3685548204034,3.576666313241296,-0.2104168824174746,19.48401293216587,32.36949918898976,-0.0004886487770786,0
2023-09-27,IBM,131.46173095703125,132.05858315918974,130.16703566858178,131.9208415690252,4439800,-0.06427001953125,-0.0004886487770786,133.87487554418234,132.01207138061525,122.24174602508543,42.3835218128247,1.801226859132526,35821100.0,0.4016976905764409,-0.6379574535111381,1.039655144087579,131.95349084867755,134.8045196533203,137.65554845796305,4.229871241668736,-0.0862425330192248,13.78918605945934,21.468474494723328,-0.0111055964870658,0
2023-09-28,IBM,130.00177001953125,130.6445221109484,128.74381135411878,130.51597169266498,5783200,-1.4599609375,-0.0111055964870658,133.50600835135845,132.15239990234377,122.24128170013428,38.13400132335933,1.866704912259665,30037900.0,0.058469809043089,-0.7849482680355919,0.843418077078681,131.0257008193524,134.56210861206054,138.09851640476867,5.256171784441213,-0.144769899265074,9.340965233738434,14.20472140845454,-0.0090408267991393,0
2023-09-29,IBM,128.82644653320312,130.5067931327471,128.19287161736503,130.38741988456178,5704000,-1.175323486328125,-0.0090408267991393,133.06033579724843,132.21657135009767,122.22538600921632,35.08430480521121,1.898648955339837,24333900.0,-0.3048652458715253,-0.9186266583601652,0.6137614124886398,129.9364950769482,134.26231002807617,138.58812497920414,6.443826193997968,-0.1283051351347833,10.384807644692016,11.171652979296589,0.0035636408429935,1
2023-10-02,IBM,129.28553771972656,129.88237584898877,128.4224076170206,128.58768069492984,3275300,0.4590911865234375,0.0035636408429935,132.70083121843683,132.2797575378418,122.205770072937,37.197065964898485,1.8673146179561464,27609200.0,-0.5494325561147946,-0.9305551748827476,0.3811226187679529,129.16610470858333,133.93450393676758,138.70290316495183,7.120494104245879,0.0125233863009314,8.983009355024977,9.569594077818468,-0.0029117687221676,0
2023-10-03,IBM,128.90908813476562,130.0568647632221,128.550982387125,129.34983043702826,3284400,-0.3764495849609375,-0.0029117687221676,132.33971282951578,132.32452178955077,122.18741245269776,36.15787318701908,1.8414980292519287,24324800.0,-0.7648139477710174,-0.9167492532311764,0.1519353054601588,128.4394185027032,133.57915191650392,138.71888533030463,7.695412555116979,0.0456900771158002,7.19694613011144,8.854921043276134,0.0048434066200719,1
2023-10-04,IBM,129.533447265625,129.6528064719361,128.54176687315024,128.8906813366747,2637600,0.624359130859375,0.0048434066200719,132.07244944247856,132.36742980957033,122.20535278320312,39.192178035324254,1.7893224270757808,26962400.0,-0.8750377974870105,-0.8215784823577355,-0.0534593151292749,127.9523362863706,133.25823364257812,138.56413099878563,7.963331362231401,0.1489956244069258,9.280194707016234,8.486716730717541,0.0031900893192025,1
2023-10-05,IBM,129.94667053222656,130.11194362600722,128.72543463249764,129.3773638503353,3223900,0.4132232666015625,0.0031900893192025,131.86999430816886,132.4051675415039,122.23509086608888,41.18458482962984,1.7605500389639093,30186300.0,-0.9184598944018488,-0.6920004634180592,-0.2264594309837898,127.59052422015064,132.9827682495117,138.3750122788728,8.109688345852092,0.2184754899116742,11.228288856887408,9.23514323133835,0.0036037263164199,1
2023-10-06,IBM,130.4149627685547,131.2505474670919,128.65197965322147,129.83647889865284,3511100,0.468292236328125,0.0036037263164199,131.73141987582466,132.4177752685547,122.2728768157959,43.446092463819255,1.8204084514572323,33697400.0,-0.9046566307459898,-0.54255775980976,-0.3620988709362298,127.36120275777462,132.72337112426757,138.08553949076054,8.080217253481928,0.2847504779840893,15.665499518737391,12.057994360880334,0.001196928702011,1
2023-10-09,IBM,130.57106018066406,130.75470163020913,129.17535994442142,130.66288791090884,2354400,0.156097412109375,0.001196928702011,131.6209094286665,132.42479095458984,122.30078269958496,44.21607239944136,1.803189396766552,36051800.0,-0.8710804154542018,-0.4071852356143775,-0.4638951798398242,127.25543271499365,132.43964080810548,137.62384890121731,7.828786096790069,0.3197814792654477,18.72293005523549,15.205572810286755,-0.000632807474023,0
2023-10-10,IBM,130.48843383789062,131.69130153909524,130.13032807943318,130.93836733377637,3015800,-0.0826263427734375,-0.000632807474023,131.51305461049736,132.41689971923827,122.32447124481202,43.87554907398903,1.785888258401945,33036000.0,-0.8414386967379528,-0.3020348135185028,-0.53940388321945,127.07326450511708,132.24727401733398,137.4212835295509,7.824750340848223,0.3300312189907685,22.19977317201501,18.862734248662623,0.0078811322674232,1
2023-10-11,IBM,131.51683044433594,131.6178353459063,130.5159726084675,130.8557099996837,2511500,1.0283966064453125,0.0078811322674232,131.5134142137201,132.44501007080078,122.3588752746582,49.127016754431054,1.7389963476600676,35547500.0,-0.7265887468394112,-0.1497478908959689,-0.5768408559434423,127.02439838127792,132.0948486328125,137.16529888434707,7.676984082292318,0.4430012957624801,29.8649683954847,23.595890540911725,-0.0138936989497843,0
2023-10-12,IBM,129.6895751953125,131.24135734820794,129.4232831850382,130.85570610213827,3921100,-1.8272552490234373,-0.0138936989497843,131.33971525958603,132.42132385253908,122.38073692321775,41.66693752601182,1.764321412777044,31626400.0,-0.7740903302103845,-0.1577995794135538,-0.6162907507968307,126.86485816021292,131.81433181762696,136.763805475041,7.509765575813005,0.2853552953927027,29.805423789410472,27.29005511897005,-0.0196827728660214,0
2023-10-13,IBM,127.13692474365234,128.66116142193306,126.96246045849529,128.33979238012068,4582800,-2.552650451660156,-0.0196827728660214,130.93944949616375,132.34150100708007,122.38642936706545,33.91817519614924,1.8330923644941992,27043600.0,-1.0061153636937377,-0.3118596903175256,-0.6942556733762121,126.23467390878685,131.4686222076416,136.70257050649636,7.96227755484994,0.0861921806777228,21.96253722916471,27.21097647135328,0.0054166170840042,1
2023-10-16,IBM,127.82557678222656,128.34895556974865,127.19200192553409,127.88984497921126,3361500,0.6886520385742188,0.0054166170840042,130.64289019007452,132.2792640686035,122.4061813735962,37.30554833631574,1.7887308260372052,30405100.0,-1.1215004510813742,-0.3417958221641296,-0.7797046289172446,125.80049088078674,131.19866447448732,136.5968380681879,8.22900692674399,0.1875713948698318,13.395302769192512,21.721087929255887,0.007973449767147,1
2023-10-17,IBM,128.84478759765625,129.1202427106085,125.16271213052288,125.90646895737716,4172800,1.0192108154296875,0.007973449767147,130.47164232412993,132.20219009399415,122.4264291000366,42.04089272300923,1.9436450941835184,34577900.0,-1.1178166744296618,-0.2704896364099337,-0.8473270380197281,125.65147074495952,130.91401405334472,136.17655736172992,8.039694369528418,0.3034005295128477,25.2470262449602,20.2016220811058,-0.0024939684783417,0
2023-10-18,IBM,128.52345275878906,128.94582676415155,128.16534696687438,128.55099828040196,3330000,-0.3213348388671875,-0.0024939684783417,130.28610046076415,132.1235902404785,122.44582202911376,40.98971574351003,1.860561858690208,31247900.0,-1.1278254214705044,-0.224398706760621,-0.9034267147098832,126.08659502164632,130.461332321167,134.83606962068765,6.706565419324438,0.2785147507496892,41.60442052842896,26.74891651419388,-0.0140031126998462,0
2023-10-19,IBM,126.72372436523438,128.00924267088786,126.65026497540164,127.30220830332574,5314200,-1.7997283935546875,-0.0140031126998462,129.94682654690416,132.04131759643553,122.4532970046997,35.61806173249536,1.8614637104542933,25933700.0,-1.26638239802287,-0.2903645466503891,-0.9760178513724808,125.97451839660567,130.0311466217041,134.08777484680252,6.239471588911316,0.0923434348744792,43.92898062999546,36.92680913446153,-0.0061590860215442,0
2023-10-20,IBM,125.94322204589844,127.88066932128004,125.90648535209344,126.85225205889198,4865600,-0.7805023193359375,-0.0061590860215442,129.56553088014172,131.92947830200194,122.45222454071045,33.56379827590964,1.8695151575066031,21068100.0,-1.4227690188240558,-0.35740093396126,-1.0653680848627958,125.80676360597197,129.58351402282716,133.36026443968237,5.829060039519991,0.0180655887820218,29.11431766493537,38.21590627445325,-0.0056868853978433,0
2023-10-23,IBM,125.22699737548828,126.4206735898142,124.75869565020037,125.45655264915742,3457500,-0.7162246704101562,-0.0056868853978433,129.15233721303187,131.8057015991211,122.45416198730469,31.753945236908947,1.8546910705142607,17610600.0,-1.586214988671685,-0.4166775230471113,-1.1695374656245736,125.6036770130732,129.11981201171875,132.6359470103643,5.446313689376243,-0.0535644447283756,14.20690924880472,29.08340251457851,0.01033870803344,1
2023-10-24,IBM,126.5216827392578,126.69614699488316,124.9239869476204,125.5575617660735,3698000,1.2946853637695312,0.01033870803344,128.90179869172005,131.73003967285158,122.45111595153809,38.23727759243687,1.848795997424868,21308600.0,-1.5929146797482332,-0.3387017712989275,-1.2542129084493057,125.36176494729294,128.8695960998535,132.3774272524141,5.444001158880895,0.1653326145869618,14.713562760330651,19.344929891356905,-0.0051524863644175,0
2023-10-25,IBM,125.86978149414062,127.1644769310022,125.18111549720729,126.2554327711098,6472500,-0.6519012451171875,-0.0051524863644175,128.61303514909343,131.64207458496094,122.44547397613525,36.364030759147006,1.858407814308443,14836100.0,-1.6320143697491858,-0.302241169039904,-1.3297732007092815,125.06180853587068,128.589998626709,132.1181887175473,5.48750311613346,0.1145024697461778,16.070795079811045,14.997089029648796,0.0487305009745422,1
2023-10-26,IBM,132.00347900390625,132.6003312100769,130.00176344740993,130.57105612660723,11130200,6.133697509765625,0.0487305009745422,128.93593456383752,131.69937133789062,122.46497104644776,57.474006652997495,2.2064179501390018,25966300.0,-1.1547517686033757,0.140017145684725,-1.2947689142881007,124.90329032758436,128.69008407592773,132.4768778242711,5.885136800608722,0.9374934506834508,44.61533391773356,25.13323058595841,-0.0086253811706882,0
2023-10-27,IBM,130.86489868164062,132.8666143151698,130.12114169833953,131.87493366712013,5469200,-1.138580322265625,-0.0086253811706882,129.11964543219972,131.73352935791016,122.47674060821534,53.89965665935728,2.244921854902665,20497100.0,-0.8584954342271089,0.3490187840487935,-1.2075142182759024,124.8880985401204,128.7920066833496,132.6959148265788,6.0623453951259805,0.7654893407118437,61.24241073990322,40.64284657914927,0.0007718890597201,1
2023-10-30,IBM,130.96591186523438,132.68298125682009,130.91999799686644,131.480113564686,4204100,0.10101318359375,0.0007718890597201,129.29548033058396,131.7559344482422,122.4877322769165,54.17196186005855,2.214433334922436,24701200.0,-0.6085443150504375,0.479175922580372,-1.0877202376308095,124.86245835003952,128.876025390625,132.88959243121045,6.2285704861246,0.7603527552269982,81.4192431561875,62.425662604608085,0.0140923049821146,1
2023-10-31,IBM,132.8115234375,132.92170550598715,130.9291670388248,131.3056411207488,6591800,1.845611572265625,0.0140923049821146,129.63034157886167,131.7992742919922,122.5064482498169,58.9437188063225,2.198583701511001,31293000.0,-0.2585504146025243,0.6633358584226281,-0.9218862730251524,124.7060766268086,129.0711471557617,133.43621768471482,6.763820768843699,0.928443968651677,83.50642661024227,75.38936016877766,0.0052542895535996,1
2023-11-01,IBM,133.5093536376953,134.52857970541433,132.6370463210396,133.14207077098024,4750100,0.6978302001953125,0.0052542895535996,129.9997712987506,131.87107849121094,122.53174976348878,60.613607013595285,2.1766515360012666,36043100.0,0.074275140631272,0.7969291309251397,-0.7226539902938677,124.49578773400752,129.26994247436522,134.0440972147229,7.386333820492616,0.9439959944629348,88.25845256714496,84.3947074445249,0.0110731045940137,1
2023-11-02,IBM,134.9877166748047,135.0703672452697,132.99517801104184,133.84913115890933,3902700,1.478363037109375,0.0110731045940137,130.47481371551766,131.93719024658202,122.58558727264403,63.95810841891064,2.1694042287317346,39945800.0,0.4521215570581489,0.9398204378816132,-0.4876988808234643,124.13818310097012,129.52199478149413,134.90580646201815,8.313355101744065,1.0076070837584132,95.80545928235784,89.190112819915,0.0060537689529991,1
2023-11-03,IBM,135.80490112304688,136.30992555268696,135.23560849923953,135.39170441186596,3510500,0.8171844482421875,0.0060537689529991,130.9824410876633,132.0170751953125,122.6425817489624,65.6923128626837,2.108890275099631,43456300.0,0.8081911947787432,1.036712060481766,-0.2285208657030228,123.75573011422748,129.79149169921874,135.82725328421,9.300704546918457,0.9981483561893244,94.79803669889566,92.95398284946612,0.0072348544006759,1
2023-11-06,IBM,136.7874298095703,137.02616230647084,135.75902642483533,135.79574911245643,4597200,0.9825286865234376,0.0072348544006759,131.53529715641633,132.08355499267577,122.70192329406738,67.70439616655207,2.048764961280765,48053500.0,1.1563313338576506,1.1078817596485389,0.0484495742091118,123.34131395210828,130.10231018066406,136.86330640921986,10.3933530760019,0.9943886524201068,97.6267910969436,96.07676235939904,-0.0009399296179453,0
2023-11-07,IBM,136.6588592529297,137.07205597978242,135.92427951022304,136.84250068587056,3549900,-0.128570556640625,-0.0009399296179453,132.02325545132237,132.13515869140625,122.757702293396,67.14941566822162,1.9844086404435228,44503600.0,1.405656796323001,1.0857657776911112,0.3198910186318897,123.06929364546612,130.41083145141602,137.7523692573659,11.259092092645604,0.9255258207926148,96.7754065761934,96.40007812401086,-0.0053748991606256,0
2023-11-08,IBM,135.92433166503906,137.43939158181587,135.52031195097896,137.0445630500426,3618600,-0.734527587890625,-0.0053748991606256,132.3947865192954,132.16417541503907,122.81144550323486,63.92548172999249,1.9797422826144788,40885000.0,1.526383584162744,0.9651940524246834,0.5611895317380606,122.91505417772224,130.63120651245117,138.3473588471801,11.813643218542053,0.8429899335167707,94.25016458095838,96.21745408469845,0.0017075783090967,1
2023-11-09,IBM,136.15643310546875,136.50003762519825,134.91206584440212,136.09143603622883,3412700,0.2321014404296875,0.0017075783090967,132.75303857512142,132.1903042602539,122.8695783996582,64.50539185231248,1.9517586753417395,44297700.0,1.6220906287533694,0.848720877612247,0.7733697511411224,122.88924741647746,130.95454940795898,139.01985139944048,12.31771179839794,0.822485364032491,91.52638063021142,94.18398392912106,0.0163689989228017,1
2023-11-10,IBM,138.3851776123047,138.52446718021935,136.3700415673558,136.91793276094563,3179000,2.228744506835937,0.0163689989228017,133.28943276913887,132.2615594482422,122.96676712036133,69.56483722675533,1.981492632442372,47476700.0,1.856381001798411,0.8664090005258308,0.9899720012725802,123.036875980215,131.5169620513916,139.9970481225682,12.895805892874746,0.904961429828986,92.30355602713348,92.6933670794344,-0.006173635170689,0
2023-11-13,IBM,137.5308380126953,137.8930050665258,136.83436181918708,137.86514715237303,2647200,-0.854339599609375,-0.006173635170689,133.69337612566807,132.29534301757812,123.05994960784912,65.6989104241179,1.950730001062032,44829500.0,1.950634049636392,0.7685296386910492,1.182104410945343,123.31441672451496,132.00222511291503,140.6900335013151,13.16312415335196,0.8181822533725576,93.80393695130114,92.54462453621534,0.0155975316704206,1
2023-11-14,IBM,139.6759796142578,140.04742790872558,138.41303557528565,138.78448386975342,4321900,2.1451416015625,0.0155975316704206,134.26314788648614,132.3685400390625,123.15983242034912,70.17998187278663,1.9911485649883345,49151400.0,2.1733719892393992,0.7930140626352453,1.380357926604154,123.37381815517072,132.5437847137451,141.71375127231948,13.836886547911336,0.8888888173667191,95.94387552061006,94.01712283301488,0.0144271152815687,1
2023-11-15,IBM,141.69110107421875,142.28542678609367,139.6666698191856,139.6666698191856,4632500,2.015121459960937,0.0144271152815687,134.97057199960352,132.48332580566407,123.27231227874756,73.6609780275989,2.0359777365540284,53783900.0,2.483864428876899,0.8828052018181958,1.6010592270587032,123.41153474044724,133.2021671295166,142.99279951858594,14.700410060970867,0.9335232703752384,94.6566510502139,94.80148784070836,0.0031459633068227,1
2023-11-16,IBM,142.13685607910156,142.40616813626065,141.27323242027106,142.08114025206012,3519200,0.4457550048828125,0.0031459633068227,135.65307524527,132.616943359375,123.38542850494385,74.37360593199605,1.97147473508514,57303100.0,2.734380392755895,0.9066569325577536,1.8277234601981416,123.92033519341824,133.97282371520996,144.02531223700169,15.00675770357816,0.9060702156582254,96.3573043437995,95.65261030487449,-0.0011106720381711,0
2023-11-17,IBM,141.97898864746094,142.5454565006743,141.579682443805,142.3504369378313,4426500,-0.157867431640625,-0.0011106720381711,136.25554318833582,132.7444650268555,123.49200481414796,73.6139718720656,1.8996389723554368,52876600.0,2.886899140362061,0.8473405441311357,2.039558596230925,124.85463713772528,134.77461204528808,144.6945869528509,14.72083615307224,0.8631247391906386,95.96433847287184,95.65943128896174,0.009549331603748,1
2023-11-20,IBM,143.3347930908203,143.64123011827803,141.47752341251928,141.62609421770256,3658500,1.355804443359375,0.009549331603748,136.92975746476293,132.88624755859374,123.60292713165283,75.89141003659556,1.9185009533128168,56535100.0,3.081650090345846,0.8336731952919365,2.2479768950539096,126.11177680026364,135.68000183105468,145.24822686184572,14.10410510268883,0.9000110383656382,96.66470288862588,96.32878190176574,-0.0028504547090574,0
2023-11-21,IBM,142.9262237548828,143.6227000414502,142.5547612334724,143.56698420570024,2859500,-0.4085693359375,-0.0028504547090574,137.5008494923934,133.058056640625,123.7151685333252,73.82355112223406,1.8577465143603165,53675600.0,3.166521798260135,0.7348359225649799,2.431685875695155,127.41252150885336,136.50022888183594,145.58793625481854,13.315299831254569,0.8535542359204424,95.207535969698,95.9455257770652,0.0079266021431194,1
2023-11-22,IBM,144.05914306640625,144.59775303307134,143.15836603920627,143.4740985186788,3044700,1.1329193115234375,0.0079266021431194,138.12544888039463,133.2479327392578,123.8345785522461,75.79317796450513,1.8444452832051887,56720300.0,3.287306337308678,0.6844963692908181,2.60280996801786,129.1571791052535,137.40969696044922,145.66221481564494,12.011550913427966,0.9028737788050096,94.97940605485432,95.6172149710594,0.0003221036620888,1
2023-11-24,IBM,144.1055450439453,144.30984583861022,142.93547026800863,144.05912463866565,1799200,0.0464019775390625,0.0003221036620888,138.69498184835183,133.42404541015625,123.95360126495362,75.8732524575538,1.8108688751620745,58519500.0,3.348177500443171,0.5962940259402485,2.7518834745029226,129.66250185311068,138.01480026245116,146.36709867179164,12.103482225757835,0.8646148929905808,94.2137141829122,94.8002187358215,0.0025135266977767,1
2023-11-27,IBM,144.46775817871094,144.997072776612,143.70627065384943,143.92914816182386,4053100,0.362213134765625,0.0025135266977767,139.2447700702908,133.63237823486327,124.07703212738038,76.52601559469886,1.7737212499906805,62572600.0,3.3866072088011663,0.507778987438595,2.878828221362572,130.5700170527508,138.6949432373047,146.8198694218586,11.71625438521187,0.8552533777094977,94.7029257094324,94.63201531573296,0.000514161679344,1
2023-11-28,IBM,144.5420379638672,144.6349071355845,143.80842251874645,144.34703254104542,2666200,0.07427978515625,0.000514161679344,139.74927177444093,133.85872436523437,124.19255046844482,76.66544280324895,1.7060614904797786,65238800.0,3.3840475932673257,0.4041754975238034,2.9798720957435223,131.68860597401462,139.37374954223634,147.05889311045806,11.028107650777931,0.8362519109598592,95.05255649642665,94.65639879625708,0.0048826592018522,1
2023-11-29,IBM,145.24778747558594,146.2692773592195,144.885620432961,145.00633333393998,3568900,0.70574951171875,0.0048826592018522,140.27293993645475,134.07292419433594,124.30376140594484,78.00235109755127,1.707574197970674,68807700.0,3.399776657891948,0.3359236497187403,3.063853008173208,132.52541367799213,139.9955627441406,147.4657118102891,10.671979768103236,0.8515475183250465,93.74842697650644,94.50130306078847,0.0137458308203659,1
2023-11-30,IBM,147.2443389892578,147.28149231822886,145.69352049603253,145.74923631964586,6740600,1.996551513671875,0.0137458308203659,140.9368827033884,134.26626922607423,124.4309553527832,81.27140363783106,1.7308692440186917,75548300.0,3.532625172202529,0.3750177312234566,3.1576074409790724,133.19823567991594,140.68231201171875,148.16638834352156,10.639683446742604,0.9383992550726938,95.38443741351084,94.72847362881464,0.0125505126787535,1
2023-12-01,IBM,149.0923309326172,149.1294700926163,146.72430918459332,147.10505288134112,4871900,1.847991943359375,0.0125505126787535,141.71359205855305,134.54156707763673,124.56564289093018,83.6877720657175,1.7790329343047109,80420200.0,3.743869090039169,0.4690093192480771,3.274859770791092,133.5337539862763,141.38754272460938,149.24133146294244,11.109590826725734,0.9905140986541944,96.78774692582331,95.30687043861352,0.0034257794689647,1
2023-12-04,IBM,149.60308837890625,151.1724694606043,148.8508822056234,148.8508822056234,5779000,0.5107574462890625,0.0034257794689647,142.46497266049147,134.8357113647461,124.70915313720702,84.2910325512539,1.81778681435301,86199200.0,3.9074525930050186,0.5060742577711412,3.4013783352338773,133.8894145654953,142.07745208740235,150.2654896093094,11.526160416883032,0.9595506720242236,95.6858888260438,95.95269105512598,0.0018000103627069,1
2023-12-05,IBM,149.87237548828125,150.8753028106928,149.2501918490695,149.2873310077471,4556700,0.269287109375,0.0018000103627069,143.17043959647145,135.14313812255858,124.85392028808592,84.6141049852848,1.8040242534437456,90755900.0,4.012568524646298,0.488952151529936,3.523616373116362,134.25307333576282,142.7316993713379,151.21032540691297,11.880508776843833,0.9210986595576997,92.03289951214047,94.8355117546692,-0.006877800081368,0
2023-12-06,IBM,148.84158325195312,150.7638640719331,148.59084789068564,150.05809256167538,3555900,-1.030792236328125,-0.006877800081368,143.71054851604114,135.4894497680664,125.00835514068604,78.00117862193976,1.8303808197154408,87200000.0,3.9669685944057846,0.354681777031538,3.612286817374247,134.94481445429926,143.34083557128906,151.73685668827886,11.71476513796953,0.8275806244420351,84.28488110002148,90.66788981273524,-0.0003741869634902,0
2023-12-07,IBM,148.785888671875,149.9466823269921,148.55372994085158,149.51022277908052,3665500,-0.055694580078125,-0.0003741869634902,144.19391424516817,135.83593292236327,125.16582496643066,77.64807020754716,1.7991359316029456,83534500.0,3.881591661539829,0.2154438753324661,3.6661477862073633,135.99843981476863,143.98391342163086,151.9693870284931,11.092174697986174,0.800669408394113,80.17922071677536,85.4990004429791,0.0108600989125851,1
2023-12-08,IBM,150.40171813964844,150.47599646391464,148.58158745854968,148.58158745854968,4561300,1.6158294677734375,0.0108600989125851,144.78513366369012,136.24393188476563,125.33218002319336,80.41779024797772,1.8059411511573755,88095800.0,3.899364316563634,0.1865732242850168,3.712791092278618,137.09866089951274,144.69617767333983,152.29369444716693,10.501337210135484,0.875487191154601,81.29569884602849,81.91993355427509,0.0095702153463315,1
2023-12-11,IBM,151.84109497070312,151.97110329639332,150.392426721628,151.0703262648809,6077200,1.4393768310546875,0.0095702153463315,145.45712997864374,136.70422485351563,125.50671714782716,82.4982785718607,1.789707967129372,94173000.0,3.983673644583092,0.2167060418435795,3.7669676027395127,137.74297404662445,145.36897354125978,152.99497303589513,10.49192177513846,0.9243457814281446,88.68418310501535,83.38636755593973,0.0073391191167813,1
2023-12-12,IBM,152.95547485351562,154.46914024594025,151.29321029265014,151.6182382058471,5292300,1.1143798828125,0.0073391191167813,146.1712580619649,137.1776235961914,125.68718421936036,83.92246392924328,1.88872382328371,99465300.0,4.093226372063924,0.261007015459529,3.832219356604395,138.7239798746738,146.14020538330078,153.55643089192776,10.149466382882776,0.9594836997800924,92.5151392005187,87.49834038385416,-0.0066178575810871,0
2023-12-13,IBM,151.9432373046875,153.19690008350827,151.126048230865,152.63971347740036,4989100,-1.012237548828125,-0.0066178575810871,146.72097037079564,137.63830657958985,125.86791873931884,77.73468940268171,1.901732968237965,94476200.0,4.051663532182943,0.1755553404628376,3.876108191720105,139.5512535274162,146.75356826782226,153.9558830082283,9.815522478147823,0.8602778567666883,87.86506545674332,89.68812925409246,-0.0043391319647245,0
2023-12-14,IBM,151.283935546875,151.8318268116709,148.7208938053894,151.3024980451133,6129800,-0.6593017578125,-0.0043391319647245,147.1555384828032,138.07331634521483,126.0503271484375,73.91209482766234,1.9960622918851163,88346400.0,3.920333377440073,0.0353801485759746,3.884953228864098,140.16693490432235,147.23320999145508,154.2994850785878,9.598751650585912,0.7866238226980479,78.46049391441089,86.28023285722429,-0.0041743725177879,0
2023-12-15,IBM,150.6524200439453,152.3796813434111,150.47597716429323,150.7174312816456,11016100,-0.6315155029296875,-0.0041743725177879,147.4885748219596,138.48743133544923,126.22626441955566,70.34385526439601,1.989465283830312,77330300.0,3.72238591263644,-0.1300538529821269,3.852439765618567,140.85085113560845,147.65898818969723,154.46712524378606,9.221432623312303,0.7198422145783827,70.90121536670922,79.0755915792878,0.0031438778903243,1
2023-12-18,IBM,151.1260528564453,151.6739440616531,150.04883294224925,150.65243997580433,3677300,0.4736328125,0.0031438778903243,147.8350013014344,138.90165313720703,126.4013906097412,71.45682467214547,1.9634399863712784,81007600.0,3.5626611897830287,-0.2318228606684309,3.79448405045146,141.6769570482425,148.1163414001465,154.55572575205048,8.695035660525184,0.7336955904339607,66.57339601780389,71.97836843297466,-0.007250865466428,0
2023-12-19,IBM,150.03025817871094,150.6988764670462,149.80739486249558,150.2531356647709,3766600,-1.095794677734375,-0.007250865466428,148.04407338498456,139.29083709716798,126.5685750579834,65.34651715168282,1.9173841297697392,77241000.0,3.3095067894400643,-0.3879818088091165,3.6974885982491807,142.35379122993214,148.45111465454102,154.5484380791499,8.21458759511222,0.6294948138880478,59.57753049318606,65.68404729256638,-0.0093462591927104,0
2023-12-20,IBM,148.62803649902344,150.2531477699628,148.59088316343122,149.7795348451592,4865800,-1.4022216796875,-0.0093462591927104,148.09968891965494,139.65362915039063,126.73743537902833,58.457861831353,1.8991613066813,72375200.0,2.9615931305131937,-0.58871637418879,3.550309504701984,143.19061040609532,148.73620529174804,154.28180017740075,7.45695357061848,0.4902473228792418,46.37164271885757,57.50752307661583,0.0045607575884039,1
2023-12-21,IBM,149.30589294433594,149.58448620138785,148.14509951482106,149.129450075875,2982900,0.6778564453125,0.0045607575884039,148.2145654934341,140.00941040039064,126.91058040618896,60.61910355554664,1.866320262387406,75358100.0,2.709334873367368,-0.6727797050676929,3.382114578435061,143.88305010308497,148.99854278564453,154.1140354682041,6.866500285065099,0.530041110188591,30.78462953888409,45.57793425030923,0.0084589425494008,1
2023-12-22,IBM,150.56886291503906,150.81959830692065,149.51021969023736,149.60308884866583,2442700,1.262969970703125,0.0084589425494008,148.4387842954917,140.42699615478514,127.09850345611572,64.34146058347844,1.841133483830071,77800800.0,2.581570767871966,-0.6404350484504757,3.222005816322442,144.68970951166972,149.32170867919922,153.95370784672872,6.204053259905867,0.6346237543156792,27.087349809606547,34.747874022449395,0.0065993215629893,1
2023-12-26,IBM,151.56251525878906,151.65537025116816,150.48529532430962,150.6524428124988,1772400,0.99365234375,0.0065993215629893,148.7362824824724,140.9155079650879,127.29457397460938,66.98547377349874,1.7932007297606765,79573200.0,2.53131678935992,-0.5525512215700177,3.0838680109299377,145.52384057538225,149.67644653320312,153.829052491024,5.548776783526437,0.7270945937013106,36.906638605524,31.5928726513382,0.0015316928225985,1
2023-12-27,IBM,151.79466247558594,151.96180995109117,151.07031423886565,151.4974925148962,3234600,0.232147216796875,0.0015316928225985,149.02755676753085,141.39488967895508,127.49122310638428,67.59010612292346,1.7287932285081655,82807800.0,2.4816159654911587,-0.4818016363510233,2.963417601842182,146.52580747283207,150.03907775878906,153.55234804474603,4.683140337086202,0.7498505059252316,50.02467308730355,38.00622050081136,0.0017741227772576,1
2023-12-28,IBM,152.06396484375,152.2589844074413,151.73893696087916,152.2589844074413,2071300,0.2693023681640625,0.0017741227772576,149.3167384890755,141.85927322387695,127.69338317871092,68.31504400209838,1.6424542440834489,84879100.0,2.435878859743923,-0.4220309936786073,2.8579098534225302,147.53257098104373,150.3798866271973,153.2272022733508,3.7868304199646543,0.7957308612460604,57.905193323644816,48.27883500549078,-0.001221393777675,0
2023-12-29,IBM,151.87823486328125,152.46326519219284,151.20961662751645,152.0639590021396,2526200,-0.18572998046875,-0.001221393777675,149.56069052471415,142.3263688659668,127.90074920654295,67.19866830261286,1.6146824098400892,82352900.0,2.3574695749217085,-0.4003522228006577,2.7578217977223662,148.08667465658505,150.61158142089843,153.13648818521182,3.352871990975638,0.750831725805778,59.56931714318634,55.83306118471156,-0.0125341940295928,0
2024-01-02,IBM,149.9745635986328,151.63681413691302,149.00878936189426,151.20964994041492,3825000,-1.9036712646484373,-0.0125341940295928,149.6001070079445,142.79138565063477,128.0922384262085,56.929685402341526,1.7043083449505825,78527900.0,2.1173122329389287,-0.51240765182675,2.629719884765678,148.20887782708178,150.65569305419922,153.10250828131666,3.248221394776213,0.3608130585387856,49.97577321381839,55.81676122688318,-0.0086688691207706,0
2024-01-03,IBM,148.67445373535156,150.1881189927363,148.6558770697231,149.51021948065983,4086100,-1.30010986328125,-0.0086688691207706,149.51194955341185,143.24601028442382,128.28174961090087,51.17766981642848,1.6920178862407695,74441800.0,1.801313389209895,-0.6627251964446272,2.464038585654522,148.0515772797947,150.6092613220215,153.16694536424828,3.39644988598428,0.1217657156383079,32.812700664949624,47.4525970073181,0.0047470480151492,1
2024-01-04,IBM,149.38021850585938,150.26241887369392,148.73945812369007,148.78589270512236,3212000,0.7057647705078125,0.0047470480151492,149.49940373935922,143.72907470703126,128.4647145843506,53.90062748956421,1.6845855471051685,77653800.0,1.5895084832039004,-0.6996240819604975,2.289132565164398,147.98988285157245,150.58465347290038,153.17942409422832,3.4462617026175257,0.2679110906488123,22.670036315912256,35.15283673156008,-0.0105681617833778,0
2024-01-05,IBM,147.80154418945312,149.09234622190712,147.3465079562,148.49802041206885,4199400,-1.57867431640625,-0.0105681617833778,149.33770282984435,144.15467193603516,128.6369651412964,47.51672638478128,1.709523047287613,73454400.0,1.2795162782356897,-0.8076930295429667,2.0872093077786564,147.76434906836533,150.53265151977538,153.30095397118544,3.678009286970383,0.0067180378120977,15.99148235294112,23.82473977793433,0.0124402224084643,1
2024-01-08,IBM,149.64022827148438,149.71452076438808,146.6221648252612,147.3650755844542,3321700,1.83868408203125,0.0124402224084643,149.3665147766672,144.63008087158204,128.82969318389894,54.30501263230471,1.808296825276133,76776100.0,1.168739163756129,-0.7347761152180221,1.9035152789741512,147.8911093352143,150.57536849975585,153.2596276642974,3.565336337922887,0.3258103687184029,29.721784821079268,22.794434496644204,-0.0065781758861331,0
2024-01-09,IBM,148.65586853027344,149.0273168024408,148.1265398640995,148.5815760418713,2617200,-0.9843597412109376,-0.0065781758861331,149.29883418177258,144.96312866210937,129.0205443572998,50.53645294522735,1.7872533668553288,74158900.0,0.9901045885686416,-0.730728552324408,1.7208331408930495,147.67638035814326,150.48807601928712,153.29977168043098,3.736768700243733,0.1741810441411177,31.793208445719376,25.83549187324658,0.0071839217614793,1
2024-01-10,IBM,149.7238006591797,149.8259510647686,148.34014372965473,148.8416003399177,2967800,1.06793212890625,0.0071839217614793,149.33930717962087,145.34030670166015,129.20813777923584,54.24614344444717,1.765721507445224,77126700.0,0.9240566486214732,-0.6374211938172611,1.5614778424387343,147.62331760378075,150.38221130371093,153.14110500364112,3.669175597316281,0.3806748798353655,46.52892133882267,36.01463820187376,0.0057682710239466,1
2024-01-11,IBM,150.5874481201172,150.65244519882765,148.850891113969,149.5288048352826,3778200,0.8636474609375,0.0057682710239466,149.45817774538244,145.7327374267578,129.38204868316652,57.05143867387974,1.7682809772604688,80904900.0,0.930674081174999,-0.5046430090109884,1.4353170901859873,147.7659095862763,150.26380996704103,152.76171034780575,3.3246866045957577,0.5647820376601809,51.93440882764887,43.418846204063634,0.0224468808526665,1
2024-01-12,IBM,153.96766662597656,154.13481410359844,150.7638791096291,151.33962820345187,4958300,3.380218505859375,0.0224468808526665,149.88765287686758,146.15586029052736,129.5727262878418,65.87132927113946,1.895358477704811,85863200.0,1.1948997671909185,-0.1923338583960552,1.3872336255869735,147.47052996222018,150.36503143310546,153.25953290399073,3.8499662365621,1.1223239526924909,72.92040416539568,57.127911443955725,0.0069963356350202,1
2024-01-16,IBM,155.0448760986328,155.31417396225203,153.54047805166672,153.96765630447015,4869600,1.07720947265625,0.0069963356350202,150.37881699322617,146.5865707397461,129.76713302612305,68.11829374376907,1.886668294339132,90732800.0,1.4742283421766444,0.0695957732717367,1.4046325689049075,147.02490552116066,150.55307846069337,154.08125140022608,4.686948916097853,1.1365614320672104,87.52093050548986,70.79191449951146,-0.0052706317603319,0
2024-01-17,IBM,154.22769165039062,155.84352153786065,153.68908168790065,154.88701451889344,4288600,-0.8171844482421875,-0.0052706317603319,150.74537648438468,146.97137023925782,129.95964809417725,64.64139407268232,1.9057948340263384,86444200.0,1.6110866903293015,0.1651632971395149,1.4459233931897866,146.85643737964165,150.73184204101562,154.6072467023896,5.142118093825777,0.9510302684282252,92.38473482268417,84.27535649785655,0.004576023307919,1
2024-01-18,IBM,154.93344116210938,155.07274489707987,153.2618955313702,154.60842745353256,3776900,0.70574951171875,0.004576023307919,151.14423978702513,147.35394104003908,130.14731842041016,66.24388659562871,1.8990130148608613,90221100.0,1.7562510359383907,0.2482621141988832,1.5079889217395075,146.63579035778636,150.92221145629884,155.20863255481132,5.680305181260422,0.9678996316067218,89.83660580872908,89.91409037896769,0.0278109949478604,1
2024-01-19,IBM,159.24229431152344,159.33516346107885,157.10643140033372,158.41580989191417,6929100,4.308853149414063,0.0278109949478604,151.9154830750726,147.80303833007812,130.35218952178954,73.99347990327813,2.077777963725762,97150200.0,2.1936957056886683,0.5485654271593285,1.6451302785293398,145.79618374682414,151.38281326293946,156.9694427790548,7.380797589501535,1.2034188526295084,90.62584513103415,90.94906192081578,0.0078727662998343,1
2024-01-22,IBM,160.4959716796875,162.00035568532743,160.09665130384036,160.48669043181908,4926000,1.2536773681640625,0.0078727662998343,152.73267246598832,148.27978057861327,130.56538879394532,75.73869667598278,2.1263696358742075,102076200.0,2.6114320808087825,0.7730414418235543,1.8383906389852285,145.27590236054746,151.97621002197266,158.67651768339786,8.81757435648181,1.1357739142908725,93.20588189772992,91.2227776124977,0.006422637804109,1
2024-01-23,IBM,161.5267791748047,161.60107167748936,160.1709657980399,160.56099080974994,3983500,1.0308074951171875,0.006422637804109,153.57020643825655,148.7918295288086,130.78132411956787,77.09947989704061,2.076636510415297,106059700.0,2.991188162569671,0.922238018867554,2.068950143702117,144.82728154200035,152.5872543334961,160.34722712499186,10.171193951148092,1.076002331548476,95.46912667959803,93.10028456945402,-5.781319329190016e-05,0
2024-01-24,IBM,161.51744079589844,162.38107851128478,160.56094810423804,162.28820936516848,9097800,-0.00933837890625,-5.781319329190016e-05,154.3270859008891,149.29904968261718,131.00455631256102,77.05731342282309,2.058314645888972,96961900.0,3.2538852999616665,0.9479481250076396,2.305937174954027,144.52345048096575,153.13468322753906,161.74591597411236,11.246613197061423,0.9867338867187834,93.8858576698558,94.1869554157279,0.0948656932264055,1
2024-01-25,IBM,176.83990478515625,182.84817262023924,171.63955880044972,171.76028584966676,29596200,15.322463989257812,0.0948656932264055,156.47116388986692,150.06814422607422,131.30202758789062,88.33265465897449,3.4349158729212457,126558100.0,4.644925651192921,1.8711907809911148,2.773734870201806,140.9949327227579,154.39855270385743,167.80217268495696,17.362364797302472,1.3371377326775684,91.61821501702867,93.65773312216083,-0.0158061086960648,0
2024-01-26,IBM,174.0447540283203,178.66007068838127,172.8746791368372,177.6571432800339,9895900,-2.795150756835937,-0.0158061086960648,158.1448391411482,150.79842254638672,131.5882545471191,80.55515386494305,3.602806992822877,116662200.0,5.458863465416357,2.1481028761716408,3.3107605892447163,139.68244523593663,155.51105728149415,171.33966932705164,20.356895930436327,1.0854492072167468,84.5442672451281,90.01611331067085,-0.0014940124214933,0
2024-01-29,IBM,173.78472900390625,175.93916870381756,172.7725203963751,174.0818989638293,6107900,-0.2600250244140625,-0.0014940124214933,159.63435246141088,151.48059753417968,131.88159969329834,79.85079719657054,3.571652801009989,110554300.0,6.013612024864159,2.1622811484955538,3.851330876368605,138.98357881279645,156.59709548950195,174.21061216620743,22.495329969751943,0.987910331306398,77.66998448970801,84.61082225062158,0.0039008158286706,1
2024-01-30,IBM,174.46263122558594,175.18696530194546,173.44114135449,174.31406041313966,4575100,0.6779022216796875,0.0039008158286706,161.0465694865704,152.13602813720703,132.1812001800537,80.33359021154303,3.441236454327522,115129400.0,6.433790566048543,2.0659677517439503,4.367822814304593,138.6339774613605,157.7263153076172,176.8186531538739,24.20945142732901,0.9382992814379228,75.09840023967803,79.10421732483803,-0.0224091608028734,0
2024-01-31,IBM,170.55307006835938,174.258313836444,170.07017600678654,173.7011414606376,8876100,-3.9095611572265625,-0.0224091608028734,161.95195049435983,152.70435241699218,132.46017826080322,69.92730889001787,3.5091806517897988,106253300.0,6.377796902684366,1.6079792707038187,4.769817631980548,139.23166995929105,158.7552406311035,178.27881130291598,24.595812515164805,0.8021432307536144,71.14387314151763,74.63741929030121,0.0176414550619528,1
2024-02-01,IBM,173.56187438964844,174.12834230173453,169.67090567465522,170.5252481671736,4669400,3.0088043212890625,0.0176414550619528,163.05765753200637,153.33601013183593,132.75563320159912,72.84293501895088,3.576913221453336,110922700.0,6.5012643555624265,1.385157378865503,5.116106976696924,140.0371768806202,159.99961166381837,179.96204644701655,24.953104042704872,0.8396946032165636,70.19711340587968,72.14646226235844,-0.0059390476160333,0
2024-02-02,IBM,172.5310821533203,174.01690375010742,172.37321591126147,173.74760584773526,4055400,-1.030792236328125,-0.0059390476160333,163.95988844832198,153.91993591308594,133.04611324310304,70.32731269002669,3.438825694124237,106867300.0,6.441681191750547,1.0604593720428983,5.3812218197076485,141.10740607184522,161.15715484619142,181.2069036205376,24.88223224526606,0.7836426389961035,66.67346668228767,69.33815107656164,-0.0127563490111477,0
2024-02-05,IBM,170.33021545410156,172.52179443374334,170.18163046602717,172.27105903759835,4379600,-2.20086669921875,-0.0127563490111477,164.56658625839623,154.46801574707033,133.33212657928468,65.15358456968157,3.361013265064873,102487700.0,6.146022039632641,0.6118401759399932,5.534181863692647,142.83952616396456,162.28358840942383,181.7276506548831,23.96306667363555,0.7069173340194601,64.62511557190173,67.16523188668968,-5.455639514273525e-05,0
2024-02-06,IBM,170.3209228515625,171.5002789199394,169.9773183183164,170.45093116499947,3337600,-0.0092926025390625,-5.455639514273525e-05,165.11461831488825,154.99325134277345,133.617914352417,65.13179739329388,3.2297237891047392,99150100.0,5.843598826350416,0.2475335701262144,5.596065256224201,144.48298793639688,163.3176231384277,182.1522583404586,23.065037122254285,0.6859154594186043,60.15912231255644,63.81923485558193,0.001799294616307,1
2024-02-07,IBM,170.62738037109375,170.88739700759214,169.59659507288796,170.25591791192178,4841200,0.30645751953125,0.001799294616307,165.6396432726221,155.5236880493164,133.90805538177491,65.54104145477523,3.0912293709332705,103991300.0,5.564510597258874,-0.0252437271722625,5.589754324431136,146.594607600886,164.41619873046875,182.2377898600515,21.6786317494155,0.6742600196431064,55.95798504189299,60.24740764211705,0.0125219142218067,1
2024-02-08,IBM,172.7639617919922,172.9420132913349,170.07448617294543,171.14278086997342,5161200,2.136581420898437,0.0125219142218067,166.31814979827638,156.08961212158204,134.21035701751708,68.33172789406404,3.0752506386087126,109152500.0,5.4528780456803645,-0.1095010230006181,5.562379068680983,148.743690819362,165.56820678710938,182.39272275485675,20.32336557148396,0.71384731122955,55.28690962631862,57.13467232692267,0.0107399062324931,1
2024-02-09,IBM,174.6194305419922,175.40659210184242,172.28605775393407,172.83894401866013,5064600,1.85546875,0.0107399062324931,167.10874796434456,156.69115997314452,134.51974185943604,70.56141873908226,3.0784851892729725,114217100.0,5.451290185660952,-0.0888711064160245,5.540161292076976,150.99675040198647,166.76980590820312,182.54286141441972,18.9159607403978,0.7488301848267536,57.30524939101526,56.18338135307561,-0.0009660202908826,0
2024-02-12,IBM,174.45074462890625,174.7506095461356,172.4547147053987,174.2070891909401,4724000,-0.1686859130859375,-0.0009660202908826,167.80798574192187,157.27521911621093,134.82846248626709,70.0783443968858,3.0225858786632536,109493100.0,5.374466744594372,-0.1325556379860835,5.507022382580455,152.84022699532315,167.7939598083496,182.74769262137605,17.823922660990014,0.7225793687699774,60.57071625041058,57.72095842258148,-0.0132143435678596,0
2024-02-13,IBM,172.14549255371094,173.14819773021463,170.8897803411988,172.68901298129754,4290500,-2.3052520751953125,-0.0132143435678596,168.22108162875892,157.7732421875,135.1206415939331,63.663830892662574,3.0610414793092686,105202600.0,5.0691352022092815,-0.3503097442969389,5.41944494650622,154.7936972537959,168.64899063110352,182.5042840084112,16.43092357144807,0.6261792813544474,48.423352762858464,55.433106134761424,-0.0007076930686232,0
2024-02-14,IBM,172.02366638183594,173.36371417380772,170.79605185406956,173.36371417380772,3173400,-0.121826171875,-0.0007076930686232,168.5832325576234,158.23186889648437,135.4147191619873,63.33389999997146,3.025800110768475,102029200.0,4.762429083185793,-0.5256126906563425,5.288041773842136,157.3123793536473,169.53878936767578,181.76519938170424,14.423141818611535,0.6016192411063032,36.11168414149942,48.368584384922805,0.0179768156857931,1
2024-02-15,IBM,175.11610412597656,175.21918583432767,172.07052509627457,172.07052509627457,4714300,3.092437744140625,0.0179768156857931,169.20541080222847,158.74212921142578,135.72569187164308,67.88377767443517,3.0379229208915657,106743500.0,4.714549760598175,-0.4587936105951691,5.173343371193344,160.1090647369036,170.54792251586915,180.9867802948347,12.241553722818557,0.7188065833846483,44.34548078077137,42.96017256170973,0.0041204526607583,1
2024-02-16,IBM,175.83766174316406,177.0652619794764,174.2539584890406,174.89119471570112,4842800,0.7215576171875,0.0041204526607583,169.83705374898426,159.26143493652344,136.0444366836548,68.8549119852813,3.021735818716153,111586300.0,4.680870559821159,-0.3939782490977483,5.074848808918907,162.09068319244332,171.37769088745117,180.664698582459,10.838059080988431,0.7401188306385446,65.78836630695913,48.74851040974329,-0.0223832681473662,0
2024-02-20,IBM,171.90184020996094,176.89659114152738,171.54573719112727,175.83766224806666,4247200,-3.935821533203125,-0.0223832681473662,170.0337000786011,159.7226400756836,136.3511594772339,58.469305904475135,3.188101399550721,107339100.0,4.287171798047183,-0.6301416086973797,4.9173134067445625,164.11726547870003,171.94798431396484,179.77870314922964,9.108241502809904,0.4970536482681452,67.15068516152513,59.0948440830852,-0.0203882401531934,0
2024-02-21,IBM,168.39706420898438,171.51761257672678,167.5068210269683,171.077173917377,4723700,-3.5047760009765625,-0.0203882401531934,169.87782999578044,160.11486358642577,136.64429885864257,51.08068798617442,3.2743098126537147,102615400.0,3.6502784228125336,-1.0136279871456235,4.663906409958157,165.83784435117167,172.29149856567383,178.745152780176,7.491552709482263,0.1982768035558692,41.24752163971962,58.06219103606795,0.025097430516479,1
2024-02-22,IBM,172.62339782714844,172.9420087655142,170.48679418997827,170.97409075979095,5078400,4.226333618164063,0.025097430516479,170.13931264638694,160.55929718017578,136.95373390197753,57.97691290218704,3.3650694372162944,107693800.0,3.446832694686634,-0.9736589722172192,4.420491666903853,168.6968329037553,172.84679641723633,176.99675993071736,4.801898096466184,0.4730842705770553,31.236214573876406,46.54480712504037,0.0081972610915521,1
2024-02-23,IBM,174.03843688964844,174.73189692881235,172.96077622380054,173.2700070382212,3433800,1.4150390625,0.0081972610915521,170.51065781241186,161.00324401855468,137.27136352539063,60.00962507666871,3.275314413248267,111127600.0,3.3610383577539267,-0.8475626473199416,4.208601005073868,168.93329839024213,172.70672302246095,176.48014765467977,4.369748399114812,0.6764595820752387,43.72552632510747,38.73642084623449,-0.0085612710674927,0
2024-02-26,IBM,172.54844665527344,174.42264903489203,172.4828427084527,173.92598654821543,4620800,-1.489990234375,-0.0085612710674927,170.70473294030344,161.39510345458984,137.58413040161133,56.889174942898926,3.1799209784762006,106506800.0,3.136658521144227,-0.8575539871437132,3.99421250828794,168.90856386298785,172.63190765380858,176.35525144462932,4.313621788027077,0.488792198192804,58.20272146224875,44.38815412041086,0.0040186998121263,1
2024-02-27,IBM,173.2418670654297,173.48552249054922,171.1333896965082,172.57653332535864,3641400,0.69342041015625,0.0040186998121263,170.94636476174406,161.82107604980467,137.89650634765624,57.98415772283085,3.1207932510165444,110148200.0,2.9804325448824898,-0.8110239707243605,3.79145651560685,168.9076098836911,172.60476455688476,176.30191923007845,4.283954365553109,0.5861611921681636,60.35952102595085,54.09592293776901,0.0023262268223966,1
2024-02-28,IBM,173.64486694335938,173.71045659629226,172.00493973264042,173.0170108128535,3216300,0.4029998779296875,0.0023262268223966,171.20336496951694,162.2682946777344,138.21598083496093,58.641629852916566,3.0197020804904944,113364500.0,2.856216370895368,-0.7481921157691862,3.604408486664554,168.93230723611433,172.56387634277343,176.19544544943253,4.208956339675064,0.6488324425113884,58.9870170501646,59.18308651278806,-0.0014572947779392,0
2024-02-29,IBM,173.39181518554688,175.09734604907834,173.0732042436876,174.44136384062594,6458500,-0.2530517578125,-0.0014572947779392,171.411788799615,162.7230825805664,138.52538467407226,58.027602065508994,2.948590632269084,106906000.0,2.706160067337578,-0.718598735461581,3.424758802799159,169.1793227636997,172.7058135986328,176.2323044335659,4.083812538156523,0.5972640535626244,61.92811220178256,60.424883425966,0.0171324513090529,1
2024-03-01,IBM,176.36244201660156,176.53112766717527,173.53239240433584,173.8229057859334,4018400,2.9706268310546875,0.0171324513090529,171.88327958218517,163.22781036376952,138.84728145599365,62.93418327384372,2.9622136215090347,110924400.0,2.7947282369153186,-0.5040244527070725,3.298752689622391,168.98769163553143,172.84584197998046,176.7039923244295,4.464267465451546,0.9557365217351702,72.81055271231043,64.57522732141918,0.0258234730672173,1
2024-03-04,IBM,180.916732788086,181.70389426600423,175.80016888258913,175.95009418860138,7938300,4.554290771484375,0.0258234730672173,172.74360845893762,163.84553985595704,139.19149578094482,68.93075749491896,3.1723216045023266,118862700.0,3.1955757448577344,-0.0825415558117255,3.27811730066946,168.05070473073974,173.26512451171874,178.47954429269774,6.019006762813741,1.233696997725279,82.89038369581446,72.54301620330246,-0.0057494758808184,0
2024-03-05,IBM,179.87655639648438,181.74139276539017,178.58336657945537,179.92341431210048,5653600,-1.0401763916015625,-0.0057494758808184,173.42293683394206,164.47051025390624,139.5202967071533,66.29280508521855,3.171300503176075,113209100.0,3.3902362085041204,0.0896951262677281,3.3005410822363923,167.97197229919658,173.7424415588379,179.5129108184792,6.642555736949451,1.0315091859641727,91.33394638854196,82.34496093222226,0.0219329357104745,1
2024-03-06,IBM,183.82177734375,185.66786787698013,180.8230563224469,181.32908468581093,6945800,3.945220947265625,0.0219329357104745,174.4133025967809,165.16082794189452,139.86682666778563,70.84949076830242,3.3584441444131947,120154900.0,3.818831277427705,0.4146321561530501,3.404199121274655,167.3852137627386,174.4174842834473,181.449754804156,8.063721993926325,1.1686526799992212,90.3965335780944,88.20695455415027,0.0019370057667738,1
2024-03-07,IBM,184.17784118652344,186.2300948531052,183.803006471662,185.15243432360768,4604500,0.3560638427734375,0.0019370057667738,175.34325865294687,165.83300750732425,140.21009880065918,71.22753684046674,3.29191873277248,124759400.0,4.139509643359133,0.5882484176675824,3.551261225691551,167.10772902462753,175.09500732421876,183.08228562381,9.123364990986174,1.0685812814841775,88.59105252907892,90.10717749857174,-0.0030017533148984,0
2024-03-08,IBM,183.6249847412109,185.33051585804395,182.15374323292707,183.7280664493605,3943100,-0.5528564453125,-0.0030017533148984,176.13199447087678,166.47425689697266,140.54951740264892,69.71572235654791,3.28369401079708,120816300.0,4.299476969823388,0.5985725953054697,3.7009043745179184,166.91553906887506,175.6380584716797,184.3605778744844,9.932379666120116,0.957833677444336,88.32005312808144,89.10254641175158,-0.0215362296657143,0
2024-03-11,IBM,179.67039489746094,183.09082258702944,178.87386751971945,182.8190552530136,4725100,-3.95458984375,-0.0215362296657143,176.46898498769434,167.03177154541015,140.86607654571534,59.91884324138287,3.388509954418111,116091200.0,4.0603447512290245,0.2875523013688843,3.77279244986014,167.00963550599525,175.89060668945314,184.77157787291105,10.098289329501087,0.7128026389190526,80.03008833056089,85.64706466257373,0.0315548040875834,1
2024-03-12,IBM,185.33985900878903,186.6517948617017,180.06397510930705,180.35448846869264,5880100,5.669464111328125,0.0315548040875834,177.3138301325605,167.69728942871097,141.22233016967775,67.06455914680834,3.64514495511973,121971300.0,4.278983657208556,0.4049529658787323,3.874030691329824,166.68165508742132,176.4350624084473,186.1884697294732,11.056087364819588,0.9564967045488424,80.97844604213329,83.10952916692518,-0.0054605331458215,0
2024-03-13,IBM,184.3278045654297,185.6397548347068,183.03461462305137,185.1243463110276,3993300,-1.012054443359375,-0.0054605331458215,177.98182769759566,168.3462808227539,141.5686215209961,64.84222204545803,3.570858902015137,117978000.0,4.320784911058951,0.3574033757833015,3.963381535275649,166.92371058139318,177.0441780090332,187.16464543667325,11.432702889697568,0.8598463513900634,80.62446271583501,80.54433236284304,-0.0166244388398215,0
2024-03-14,IBM,181.26345825195312,185.31174185280187,180.0358581032506,184.56205811571567,4109600,-3.0643463134765625,-0.0166244388398215,178.2943639408678,168.9720587158203,141.8899233627319,58.51907912170657,3.692646391124861,113868400.0,4.059846188515536,0.0771717225919088,3.982674465923627,167.50169454446217,177.50616760253905,187.510640660616,11.272254021593533,0.6877805371458675,80.72872051782296,80.77720975859707,-0.0122006532044613,0
2024-03-15,IBM,179.0519256591797,180.9167478178097,178.70518850634093,179.91405701123986,8828200,-2.211532592773437,-0.0122006532044613,178.36651267594513,169.57960815429686,142.19748958587647,54.3963477903841,3.611619487873956,105040200.0,3.632722410592038,-0.2799616442652715,3.912684054857309,167.7395271835794,177.7029586791992,187.666390174819,11.213579750921792,0.5676959027907964,67.10960104996995,76.15426142787597,0.003244833308577,1
2024-03-18,IBM,179.63291931152344,181.07604877151047,178.34909532900693,179.6422851752469,5410600,0.58099365234375,0.003244833308577,178.4871228317145,170.18466217041015,142.51200046539307,55.28755500992495,3.548429056061784,110450800.0,3.3030298000344374,-0.4877234038582978,3.790753203892735,167.93405646412427,177.8927215576172,187.8513866511101,11.196259190702683,0.5873710350518416,56.127935343374354,67.9887523037224,0.008607658763196,1
2024-03-19,IBM,181.1791381835937,181.4040476137916,178.3116108689609,179.44550958504283,5317300,1.5462188720703125,0.008607658763196,178.74350524617918,170.85221405029296,142.8286595916748,57.65905891002426,3.5158581766881296,115768100.0,3.130427353637004,-0.5282606802045859,3.658688033841589,168.69758532517773,178.35658645629883,188.01558758742,10.83111234973962,0.6461099180432187,54.26748950669069,59.16834196667832,0.003206904369603,1
2024-03-20,IBM,181.7601623535156,181.7788940829677,179.27683549422466,180.7387111371729,3238600,0.581024169921875,0.003206904369603,179.03080592306836,171.4946127319336,143.13642272949218,58.54875346432185,3.4434439204063376,119006700.0,3.005872637352013,-0.5222523171916613,3.5281249545436744,170.42305385295705,179.02474136352538,187.62642887409373,9.609495810528085,0.6590049037836707,58.16341596750332,56.18628027252277,-0.0106208666104649,0
2024-03-21,IBM,179.8297119140625,181.20725180171337,178.058591244087,180.8605289385051,6013600,-1.930450439453125,-0.0106208666104649,179.10689220792494,172.11808959960936,143.43353507995604,54.45459981395469,3.461881576765072,112993100.0,2.720036028142715,-0.6464711411207675,3.3665071692634827,171.29779089779987,179.3850570678711,187.4723232379423,9.016655347174616,0.527491048077344,53.18134296654451,55.2040828135795,-0.0055236514579154,0
2024-03-22,IBM,178.83639526367188,180.8511714871645,178.52715014195357,179.92343612200955,3988400,-0.993316650390625,-0.0055236514579154,179.08113059418656,172.70034149169922,143.72545387268067,52.42325247861156,3.380605845939773,109004700.0,2.38585347014822,-0.7845229592922105,3.1703764294404304,171.91025430870852,179.62495498657228,187.33965566443604,8.589787180117002,0.4488923967482586,36.29966135869987,49.214806764249225,-0.0107421173421459,0
2024-03-25,IBM,176.91531372070312,178.81764214475834,176.8778359675672,178.29285350765755,3718300,-1.92108154296875,-0.0107421173421459,178.87486232052146,173.22689880371092,144.0000965118408,48.64387275102341,3.279031092380124,105286400.0,1.9435916452701465,-0.9814278273362276,2.925019472606374,172.71736342611405,179.84329833984376,186.96923325357344,7.924604341123762,0.2945543528962625,15.522637182076105,35.001213835773484,-0.0015359242222183,0
2024-03-26,IBM,176.64358520507812,178.04923707673657,176.64358520507812,177.1308818576482,4229500,-0.271728515625,-0.0015359242222183,178.6623597380983,173.68041717529297,144.27324440002442,48.11548163794184,3.1452182909000044,101056900.0,1.5532646741588678,-1.0974038387580047,2.650668512916873,173.3805051293922,180.01338424682618,186.64626336426016,7.36931772621894,0.2459776529855031,3.144943617291412,18.322414052689115,0.0122014278218813,1
2024-03-27,IBM,178.79888916015625,178.9488287649211,176.7372696412366,177.67437072247532,3693300,2.155303955078125,0.0122014278218813,178.67536254019907,174.15549743652343,144.55312923431396,52.52090625832915,3.085220095824502,104750200.0,1.401685001765571,-0.9991868089210412,2.4008718106866125,174.27835283647192,180.271085357666,186.2638178788601,6.648578732750438,0.3771682039617866,7.306268241205003,8.657949680190825,0.000838811909849,1
2024-03-28,IBM,178.94886779785156,179.85784288981634,178.36785527741227,178.9301217684101,3742200,0.1499786376953125,0.000838811909849,178.70141065997552,174.64992095947267,144.828680267334,52.82110118401971,2.9712749184373286,108492400.0,1.2789164887748257,-0.8975642575294294,2.176480746304255,175.40220941878073,180.54893798828124,185.6956665577817,5.701200601727788,0.3445546361321943,14.856425211208071,8.435879023234813,-0.0059175825764076,0
2024-04-01,IBM,177.88992309570312,178.48030142933015,176.662322807519,178.04922858434242,2364300,-1.0589447021484375,-0.0059175825764076,178.62412613004483,175.1090505981445,145.09358085632323,50.39815310088469,2.9223656378584173,106128100.0,1.0836815637386223,-0.8742393460525062,1.9579209097911283,175.6882881088069,180.62531204223632,185.5623359756657,5.466591451230253,0.2229718770440419,19.007476975663444,13.72339014269216,-0.0050045487319905,0
2024-04-02,IBM,176.99966430664062,177.86179562206004,175.8001760157068,177.24330545044558,2693500,-0.8902587890625,-0.0050045487319905,178.46941548019683,175.46419799804687,145.35584568023685,48.38856490469853,2.862892883725411,103434600.0,0.8473522852951874,-0.8884548995967532,1.7358071848919403,175.2494151671228,180.4294586181641,185.6095020692053,5.741904332821377,0.1689415500140251,15.892504869945524,16.585469018938998,0.0106946210511342,1
2024-04-03,IBM,178.89260864257812,179.31431561068038,176.63420567739985,176.73728737864255,2826200,1.8929443359375,0.0106946210511342,178.5097195908998,175.83213073730468,145.62212860107422,52.7067191325332,2.849836958693634,106260800.0,0.8035416889792657,-0.74581239673014,1.5493540857094057,175.16160143900933,180.3802612304688,185.5989210219282,5.786286987123983,0.3574679470076545,19.051979587782032,17.98398714446365,-0.0155054126158977,0
2024-04-04,IBM,176.11880493164062,181.1229219964036,175.5565384820815,179.92343358310526,2983900,-2.7738037109375,-0.0155054126158977,178.28201343287512,176.1239712524414,145.8787182998657,46.559445079289546,3.043875998381381,103276900.0,0.5387878865603568,-0.8084529593192391,1.347240845879596,174.7126654965504,179.99511260986327,185.27755972317613,5.8695450523287365,0.1330954579314642,17.913004950939726,17.61916313622241,0.0063849611016066,1
2024-04-05,IBM,177.24331665039062,178.3491034785176,176.19376790426,176.72790814147675,2014300,1.12451171875,0.0063849611016066,178.18308992978135,176.43848876953126,146.14782958984375,49.14879522848521,2.9857633232739245,105291200.0,0.4149242994194821,-0.745853237168091,1.1607775365875732,174.6046968871779,179.64838638305665,184.69207587893536,5.615067964066532,0.2615763485607872,22.88564172237321,19.95020875369831,0.0035951837399657,1
2024-04-08,IBM,177.8805389404297,178.27411968936718,177.02777350155108,177.33701858265084,2678300,0.6372222900390625,0.0035951837399657,178.1542755498431,176.4593014526367,146.43043033599852,50.60921403653617,2.8615192421697944,107969500.0,0.3639842437490301,-0.6374346342708346,1.0014188780198647,174.61024763711964,179.36116409301758,184.11208054891551,5.297597704522132,0.3441747853985312,24.497930631314585,21.76552576820916,-0.0026868357486575,0
2024-04-09,IBM,177.40260314941406,179.22058153227874,174.9192910072707,178.55523347397235,2794200,-0.477935791015625,-0.0026868357486575,178.0826877021832,176.5264584350586,146.72207927703855,49.461827865199886,2.9643600480868133,105175300.0,0.2818000430857807,-0.5756950679472672,0.857495111033048,174.42409895343772,179.24777450561524,184.0714500577928,5.382131594639586,0.3087380322078021,33.553180212159525,26.978917521949096,-0.0172731430244489,0
2024-04-10,IBM,174.3383026123047,176.1000574607274,173.85102027897773,175.6315068562771,3081700,-3.064300537109375,-0.0172731430244489,177.72607959838524,176.53752990722657,147.006304397583,42.76705496539523,3.006304535397493,102093600.0,-0.0302463113125099,-0.7101931378764464,0.6799468265639365,174.28687051185216,178.69769668579102,183.10852285972987,4.936634613365535,0.005830211668328,26.725087474794524,28.2587327727562,-0.0007524439988498,0
2024-04-11,IBM,174.20712280273438,175.0505225369141,172.9701565445806,174.33831641040263,2861700,-0.1311798095703125,-0.0007524439988498,177.3909408559423,176.53241973876953,147.28120441436766,42.50184260026396,2.94016606803578,99231900.0,-0.2848468722305881,-0.7718349590356197,0.4869880868050316,174.1761261010159,178.19166259765626,182.2071990942966,4.50698583547889,0.0038595965625512,19.332802499813564,26.537023395589188,-0.0195266850593833,0
2024-04-12,IBM,170.80543518066406,173.5230228687065,170.26191478324975,172.42661620977782,3547400,-3.4016876220703125,-0.0195266850593833,176.76374983924913,176.53746704101562,147.5345570755005,36.227910344248336,3.011954778853554,95684500.0,-0.7524338243146929,-0.9915375288957796,0.2391037045810867,172.7641802924532,177.6687614440918,182.5733425957304,5.521039390125921,-0.1996852586621735,8.933585039873044,18.3304916714937,-0.0055960810816243,0
2024-04-15,IBM,169.84959411621094,175.6877306440357,169.50287124460112,173.89787820226672,3528100,-0.955841064453125,-0.0055960810816243,176.1052588180074,176.46322143554687,147.78576305389404,34.67883512835568,3.238590823180769,92156400.0,-1.1864515631481822,-1.1404442141834152,-0.046007348964767,171.2880592450778,177.20864486694336,183.12923048880893,6.682050558324653,-0.1214799701193742,7.720170751113741,11.995519430266771,0.0137929541328778,1
2024-04-16,IBM,172.19232177734375,174.0290461678742,171.35830239620643,173.9165843160278,4473700,2.3427276611328125,0.0137929541328778,175.732598147468,176.45644622802735,148.03824325561524,41.30347694490371,3.305795196643805,96630100.0,-1.326088877720565,-1.0240652230046383,-0.3020236547159267,170.6433131777513,176.83661499023438,183.02991680271745,7.004546895251404,0.1250551520410563,10.377690842159204,9.010482211048652,-0.0035372371817797,0
2024-04-17,IBM,171.58323669433594,173.0544781535992,170.34625623775617,172.57656168575502,3003000,-0.6090850830078125,-0.0035372371817797,175.33742086621731,176.48150665283202,148.288812789917,40.16302819815308,3.2631113908723224,93627100.0,-1.468967192024678,-0.9335548298470012,-0.535412362177677,170.09708595548364,176.3568199157715,182.61655387605936,7.098941751475817,0.1187071805511651,14.677327903218185,10.925063165497033,-0.0089022745375917,0
2024-04-18,IBM,170.05575561523438,171.9205921476754,168.8375211975252,170.8804092455045,2886700,-1.5274810791015625,-0.0089022745375917,174.83440512802844,176.47620330810548,148.5323803329468,37.375861578839775,3.25025135939217,90740400.0,-1.686018866897513,-0.9204852037758684,-0.7655336631216442,169.45370449848252,175.77159957885743,182.0894946592324,7.188755288695517,0.0476464953194605,16.98808853124464,14.014369092207332,0.0006061136816233,1
2024-04-19,IBM,170.15882873535156,171.3020932836342,169.21236172037575,170.95535613438207,3038000,0.1030731201171875,0.0006061136816233,174.3891121382497,176.46683227539063,148.77387603759766,37.69009173444759,3.1673570882397617,93778400.0,-1.82863735054184,-0.8504829499361564,-0.9781544006056831,168.80827744568728,175.28805541992188,181.76783339415647,7.393290956091184,0.1042127751162501,12.858152239644236,14.841189558035676,0.0017622695506598,1
2024-04-22,IBM,170.4586944580078,171.7893906819021,169.099900642401,170.9741029533149,3076500,0.29986572265625,0.0017622695506598,174.01478664489332,176.42072692871093,149.0263119125366,38.654486814098455,3.1332237276155714,96854900.0,-1.895615394318611,-0.733968794970342,-1.161646599348269,168.2788694594813,174.86917037963866,181.459471299796,7.537407429622832,0.1653812947948403,11.289050269590426,13.711763680159756,0.0015941913393042,1
2024-04-23,IBM,170.73043823242188,173.06381063602572,167.74108367132877,171.2364664949423,5950200,0.2717437744140625,0.0015941913393042,173.70199155799128,176.34294708251954,149.2804696655273,39.56731124090091,3.2896168159785275,102805100.0,-1.9048110489561048,-0.5945315596862693,-1.3102794892698362,167.80433487592242,174.5599266052246,181.3155183345268,7.740140432781307,0.21656899008621,15.429976455749228,13.192392988327953,0.0104836987073899,1
2024-04-24,IBM,172.52032470703125,172.69836191153226,169.99014020281095,171.64881321581504,7616600,1.789886474609375,0.0104836987073899,173.58945185789986,176.30433868408204,149.53985492706298,45.33695304159539,3.248088594031584,110421700.0,-1.7475254066210937,-0.3497967338810057,-1.397728672740088,167.613461258457,174.3537635803223,181.0940659021876,7.7317543177209505,0.3639943146657226,25.72255554965196,17.48052742499719,-0.0825094557968253,0
2024-04-25,IBM,158.2857666015625,161.60309854704522,155.24018771161025,157.62041846018457,16702200,-14.23455810546875,-0.0825094557968253,172.13195802396297,176.02714416503906,149.72107757568358,24.942292300528475,4.250377765559399,93719500.0,-2.739901400024252,-1.0737381818273308,-1.6661632181969208,163.89899983200286,173.32810745239257,182.7572150727823,10.880067588552624,-0.2976545319252787,25.557340281016497,22.23662409547255,-0.0105381872278138,0
2024-04-26,IBM,156.6177215576172,157.3111672651307,155.30577135326894,156.96444441137396,8983800,-1.6680450439453125,-0.0105381872278138,170.65441169383482,175.71902526855467,149.90122219085694,23.60240321457399,4.159636157183268,84735700.0,-3.619243433688752,-1.5624641723934642,-2.056779261295288,160.65949060231108,172.2115501403809,183.76360967845065,13.41612630355275,-0.1749371629956655,20.02584827773068,23.768581369466364,0.0017948969510135,1
2024-04-29,IBM,156.89883422851562,157.6391521234631,155.7743157402328,156.87072233873567,5242200,0.2811126708984375,0.0017948969510135,169.34435669713775,175.35467987060548,150.07787036895752,24.340062467176217,3.9957218876152,89977900.0,-4.24451674063414,-1.750189983471082,-2.4943267571630576,158.1431289533929,171.1619956970215,184.1808624406501,15.212333427887394,-0.0477881350727486,8.79869318573593,18.12729391482769,-0.007346154960816,0
2024-04-30,IBM,155.74623107910156,156.27100551210975,154.86535358125315,156.01799845985778,6011600,-1.1526031494140625,-0.007346154960816,168.04929711446763,174.95285125732423,150.25111572265624,23.34477210339749,3.855561799018575,83966300.0,-4.777978223913436,-1.8269211734003024,-2.9510570505131337,155.75752178346372,170.09932403564454,184.44112628782537,16.86285625588434,-0.0003936292023701,5.975409708364803,11.599983723943792,-0.0106498637942545,0
2024-05-01,IBM,154.08755493164062,155.81183213535783,153.9657414899059,155.26831168298324,4029900,-1.6586761474609375,-0.0106498637942545,166.71960738276985,174.5965655517578,150.41225505828857,21.95354132249749,3.712028145192387,79936400.0,-5.273798529141544,-1.858193182902728,-3.415605346238816,153.51810123485023,168.85907135009765,184.20004146534507,18.170146255797874,0.0185598985107339,4.247532007763511,6.340544967288071,0.001581259069612,1
2024-05-02,IBM,154.33120727539062,154.5092588008797,152.39140082278436,154.01259628189976,3829900,0.24365234375,0.001581259069612,165.53975975349564,174.31524841308592,150.56952907562257,22.68246360100265,3.5981588475426003,83766300.0,-5.582724808902668,-1.7336955701310814,-3.8490292387715854,151.57495804742783,167.76969146728516,183.96442488714248,19.305910713932832,0.0850970854692549,4.372627324822253,4.865189680316845,0.0061934399485874,1
2024-05-03,IBM,155.28704833984375,156.13043371216017,154.54673037391666,154.62170018686052,3400400,0.955841064453125,0.0061934399485874,164.56331104743356,173.96852142333984,150.73103759765624,25.617402972069254,3.4696636753445254,87166700.0,-5.684890842788775,-1.4686892832137506,-4.216201559575024,150.22007041774947,166.6718780517578,183.12368568576613,19.74155187583527,0.1539945650598322,7.423299087473951,5.347819473353226,0.01750043136942,1
2024-05-06,IBM,158.004638671875,158.06086245772687,155.914906936544,156.02735450824773,4222300,2.71759033203125,0.01750043136942,163.93867558309466,173.64784545898436,150.8929714202881,33.36243524719898,3.4199601355258533,91389000.0,-5.483362542648138,-1.01372878645849,-4.469633756189648,149.65906770586506,165.67808303833007,181.6970983707951,19.337518926699524,0.2604895117709374,16.287465271824725,9.361130561373631,-0.0013640763797789,0
2024-05-07,IBM,157.7891082763672,158.64185952080194,157.37678145099838,158.3701064580979,3155300,-0.2155303955078125,-0.0013640763797789,163.35300250626346,173.35265869140625,151.05128582000734,33.06834973030827,3.2660399879742616,88233700.0,-5.280174845682211,-0.6484328715940499,-4.631741974088161,149.2793581390214,164.69740829467773,180.11545845033405,18.722881331648203,0.2759671311039243,22.2154726384958,15.30874566593148,0.0090270960839162,1
2024-05-08,IBM,159.21348571777344,159.55084271655898,157.339283346527,157.44236504890674,3522000,1.42437744140625,0.0090270960839162,162.9587628121215,173.07209106445313,151.21399887084962,37.01949738543029,3.190719943835527,91755700.0,-4.947183722013477,-0.2523533983402526,-4.694830323673225,149.01287275636446,163.94116744995117,178.86946214353787,18.21177063185682,0.3416536573930051,28.754961095117704,22.4192996684794,-0.0116508045885579,0
2024-05-09,IBM,157.3585205078125,158.56991588272274,156.98942370515974,158.52259281756787,4266600,-1.8549652099609373,-0.0116508045885579,162.42540640218732,172.7463641357422,151.36385124206544,34.188935402198574,3.121672948748254,87489100.0,-4.77788951113584,-0.0664473499700921,-4.711442161165747,148.69028465084142,163.09873733520507,177.50719001956872,17.66838041762518,0.3008038422605235,27.7131245443726,26.227852759328687,0.0052925301047801,1
2024-05-10,IBM,158.19134521484375,159.0620491757374,157.40584298827312,158.17242754162965,2255400,0.83282470703125,0.0052925301047801,162.0221624795832,172.44235473632813,151.51450904846192,36.53520309869809,3.020376928689443,89744500.0,-4.524366554347296,0.1496604854547616,-4.674027039802057,148.36306147043322,162.46803283691406,176.5730042033949,17.363380500383673,0.3483978623227316,28.36171356086116,28.27659973345048,0.0024531147573874,1
2024-05-13,IBM,158.57940673828125,159.05260860343057,157.82228086584738,158.5226248250193,2414900,0.3880615234375,0.0024531147573874,161.69428098041158,172.08669403076172,151.65848320007325,37.6506331973117,2.8925162721818536,92159400.0,-4.243221249531075,0.3446446322167862,-4.587865881747861,148.12748317567252,161.90452346801757,175.68156376036262,17.0187218951502,0.379323981814009,27.51885390401989,27.86456400308454,-0.0011936308894932,0
2024-05-14,IBM,158.39012145996094,159.11885634162317,157.5572815952041,158.86332330294113,2601000,-0.1892852783203125,-0.0011936308894932,161.37959912132104,171.63616180419922,151.79933242797853,37.30621067711012,2.797449020341655,89558400.0,-3.9896945941760578,0.4785370300574429,-4.468231624233501,148.20655900319883,161.21441345214845,174.22226790109806,16.13733433680928,0.391438976225031,41.21649119126794,32.36568621871632,0.0053775172189893,1
2024-05-15,IBM,159.2418670654297,159.32705436592155,158.37117747252307,158.93902541792758,4468800,0.85174560546875,0.0053775172189893,161.17600559218852,171.2234680175781,151.94112678527833,39.967449189893074,2.6659081541314285,94027200.0,-3.677650475793001,0.6324649187523992,-4.3101153945454005,148.4747680133936,160.59734497070312,172.71992192801264,15.096858493546048,0.4440928314975091,63.75912815178578,44.16482441569119,0.0042196898738271,1
2024-05-16,IBM,159.913818359375,160.5384482047712,158.79705459569942,159.24186544551432,3492300,0.6719512939453125,0.0042196898738271,161.05579728430152,170.74530883789063,152.09013931274413,42.05709240212439,2.5998714009128814,97519500.0,-3.3376579667075816,0.7779659422702556,-4.115623908977837,148.77082150960422,160.09024810791016,171.4096747062161,14.141306834225135,0.4922067718270482,84.37936616324406,63.118328502099246,0.0003550534574439,1
2024-05-17,IBM,159.97059631347656,160.04631033295482,158.36171311223794,159.913814409111,2956400,0.0567779541015625,0.0003550534574439,160.9524448108896,170.2611639404297,152.23562286376952,42.240045099577806,2.5344946737560243,100475900.0,-3.028716785567525,0.8695256987282498,-3.898242484295775,149.2455078584786,159.5808364868164,169.9161651151542,12.953094940308386,0.5188557055453229,93.68246023820328,80.6069848510777,0.0052653452224964,1
2024-05-20,IBM,160.81289672851562,161.04003878949948,159.35544154987764,159.94220715620332,2726300,0.8423004150390625,0.0052653452224964,160.9391545173302,169.8049221801758,152.3840470123291,45.01377638595496,2.473787714175011,103202200.0,-2.6849615047216844,0.9706247836592724,-3.655586288380957,150.014129205874,159.0985466003418,168.1829639948096,11.419862203126236,0.5943566358596553,94.24556205843751,90.76912948662827,0.0208923322573966,1
2024-05-21,IBM,164.1726531982422,165.59225876729994,160.83184924767093,160.83184924767093,6459800,3.3597564697265625,0.0208923322573966,161.24710677265514,169.4949673461914,152.55022315979005,54.41680521419708,2.6384715945042467,109662000.0,-2.11702495371361,1.2308490677338777,-3.347874021447488,151.01271142740828,158.77065734863282,166.52860326985737,9.77251848770701,0.8481589008522432,93.2165816620926,93.71486798624444,0.0012682147282252,1
2024-05-22,IBM,164.380859375,165.61118706130517,163.5006964331991,164.09693537954894,3294900,0.2082061767578125,0.0012682147282252,161.5455594014499,169.07578735351564,152.70863502502442,54.93115761428337,2.6007586683329493,112956900.0,-1.6313257392085063,1.3732386257911853,-3.004564364999692,153.07148049375724,158.36368408203126,163.65588767030528,6.683607569438328,1.0684943136259015,91.8333795264506,93.09850774899355,-0.0173874839596972,0
2024-05-23,IBM,161.52268981933594,166.05597084549208,161.30502104944298,165.98971566627966,3341300,-2.8581695556640625,-0.0173874839596972,161.54338134601048,168.61968505859377,152.85398124694825,47.077864179549366,2.754343748884103,109615600.0,-1.4602036896724542,1.23548854026179,-2.6956922299342443,153.05768868308346,158.52553024291993,163.9933718027564,6.898373468876225,0.7740715457477197,77.8080828921339,87.61934802689234,0.0012892101695982,1
2024-05-24,IBM,161.73092651367188,162.7908940286843,161.08737893412126,162.2893012266892,2587400,0.2082366943359375,0.0012892101695982,161.56124279054967,168.22903442382812,153.0084490966797,47.66492069913721,2.679284559289742,112203000.0,-1.2928817357621938,1.1222483953376408,-2.4151301310998345,153.2167669869969,158.78119049072265,164.3456139944484,7.008920246193607,0.7650531560883335,65.49160455052906,78.3776889897045,-0.0071977143931079,0
2024-05-28,IBM,160.56683349609375,161.92018367242693,159.61095664612316,161.30502712699774,2629500,-1.164093017578125,-0.0071977143931079,161.46653714345862,167.85933258056642,153.15360733032227,44.68104336751702,2.652851878362173,109573500.0,-1.2399174628955336,0.940170134563441,-2.180087597458974,153.41866240629042,158.96459045410157,164.5105185019127,6.9775640373350205,0.644452202424854,49.01723295457418,64.10564013241236,-0.0153835802802799,0
2024-05-29,IBM,158.09674072265625,159.59206029920352,157.30176508174992,158.99582134803657,4206600,-2.4700927734375,-0.0153835802802799,161.14560415100124,167.42860900878907,153.28701187133788,39.0892660215129,2.696581630932291,105366900.0,-1.381335561944951,0.639001628411219,-2.02033719035617,153.7173107978239,159.0821159362793,164.44692107473472,6.744699247782565,0.4081630005011925,34.65571281269168,49.721516772598285,-0.0085005078646636,0
2024-05-30,IBM,156.75283813476562,157.7938734650196,155.42786438584233,156.68658294888144,3842400,-1.343902587890625,-0.0085005078646636,160.7272454827883,166.9400830078125,153.41925216674804,36.41877509029255,2.6946026813524075,101524500.0,-1.5835974065368248,0.3493918270554763,-1.932989233592301,154.23481025779435,159.21538009643555,164.19594993507675,6.256392863082082,0.2527851188267086,21.379052798245883,35.017332855170565,0.0073658462794634,1
2024-05-31,IBM,157.90745544433594,158.02101926170295,155.058771203608,156.81908257766517,4905000,1.1546173095703125,0.0073658462794634,160.45869405055475,166.4630288696289,153.55744926452635,40.19883099284109,2.7137202082625898,106429500.0,-1.6319117454788454,0.2408619904907647,-1.8727737359696104,154.89427195470964,159.39419250488282,163.894113055056,5.646279176746464,0.3348040766531237,16.861212190736286,24.2986592672246,-0.0094097543219034,0
2024-06-03,IBM,156.4215850830078,157.84119047602226,154.76537879115762,157.61404841438974,2776100,-1.485870361328125,-0.0094097543219034,160.0742074822169,165.99486633300782,153.6938639831543,37.13880707393761,2.7443170971851423,103653400.0,-1.769698544180642,0.0824601534311748,-1.8521586976118167,155.13467496062685,159.450919342041,163.76716372345516,5.413884597498367,0.1490775323012784,17.679775279978593,18.6400134229869,0.0032067324505462,1
2024-06-04,IBM,156.92318725585938,157.48156194480637,155.0966351388374,155.77804692367818,2594200,0.5016021728515625,0.0032067324505462,159.77411031780193,165.55660217285157,153.83269493103026,38.83159186522724,2.718646362098273,106247600.0,-1.8174698109226028,0.0277511093513711,-1.845220920273974,154.9834795156223,159.39684677124023,163.81021402685818,5.537584142993524,0.2197537195401034,19.89473042555928,18.14523929875803,0.0094686778195272,1
2024-06-05,IBM,158.40904235839844,158.79705686702204,156.89479079171366,157.49102969275393,3049400,1.4858551025390625,0.0094686778195272,159.6441038454778,165.18647674560546,153.9755118560791,43.67059627984318,2.6603334844704234,109297000.0,-1.7156557831141868,0.10365210972783,-1.8193078928420168,155.0515260453184,159.4278434753418,163.8041609053652,5.490029012027955,0.3836006376098363,22.017381928552243,19.863962544696687,0.0048990053937318,1
2024-06-06,IBM,159.18508911132812,159.41223118332402,157.8601297937857,158.4090456370457,2207100,0.7760467529296875,0.0048990053937318,159.60038815651117,164.83730682373047,154.1182146453857,46.070275289863055,2.581174049118131,111504100.0,-1.554428461570609,0.2119035450171265,-1.7663320065877357,155.04981053997386,159.42642364501953,163.8030367500652,5.490448828972887,0.4724290761030289,30.1761038539137,24.029405402675053,0.0107608503315741,1
2024-06-07,IBM,160.89805603027344,162.1283834852446,159.05257206830248,159.1661358687402,3475500,1.7129669189453125,0.0107608503315741,159.72397557306,164.4792901611328,154.2731092071533,51.029339520681845,2.616505289676988,114979600.0,-1.2737495413391855,0.39406597219884,-1.6678155135380257,155.2897760920428,159.60340042114257,163.91702475024235,5.405429104539753,0.650065873886734,41.91115062348828,31.368212135318057,0.002176656046712,1
2024-06-10,IBM,161.24827575683594,161.60789936244277,159.82867012998074,160.46275891039238,3440000,0.3502197265625,0.002176656046712,159.86914701913386,164.1252783203125,154.42093994140626,52.0011436318654,2.556699857018776,118419600.0,-1.0113909841518591,0.5251396235089332,-1.5365306076607923,155.43695885851224,159.7562469482422,164.07553503797214,5.407347971975473,0.6727169822431349,50.29344916246677,40.79356787995624,-0.006221488825195,0
2024-06-11,IBM,160.2450714111328,160.88861895528666,157.869589030217,160.86968683899582,2951300,-1.003204345703125,-0.006221488825195,159.9049493421814,163.77238128662108,154.5631120300293,49.00139608006373,2.61541320484736,115468300.0,-0.8743412819198397,0.5297514605927622,-1.404092742512602,155.55008913330894,159.83953018188475,164.12897123046056,5.367184254977182,0.5472720366891051,53.42284602286069,48.54248193627189,-0.0018898627199988,0
2024-06-12,IBM,159.94223022460938,163.22625232000212,159.09047264477357,162.1662847644776,3522700,-0.3028411865234375,-0.0018898627199988,159.90849990241264,163.4312326049805,154.6955059814453,48.09936526193791,2.724010809874588,111945600.0,-0.7811604271653607,0.498345852277793,-1.2795062794431538,155.6795459250014,159.9171356201172,164.15472531523298,5.29973186260936,0.5029609526048623,50.60095147247079,51.43908221926606,0.000709885370828,1
2024-06-13,IBM,160.05577087402344,160.500581717586,159.317577227467,159.95166590125405,3525700,0.1135406494140625,0.000709885370828,159.92252570923273,163.05449584960937,154.8253914642334,48.48227001628613,2.6139389298920443,115471300.0,-0.6901959971091003,0.4714482258672428,-1.161644222976343,155.73134427293786,159.95783081054688,164.1843173481559,5.284500941519826,0.5115864634377805,52.3040031501018,52.109266881811074,0.0005323461794579,1
2024-06-14,IBM,160.14097595214844,160.38703571466183,158.26708623425046,159.27027184269463,2777700,0.085205078125,0.0005323461794579,159.94333049427232,162.73493927001954,154.95372886657714,48.78761576185909,2.578653969214854,118249000.0,-0.6042651012646729,0.4459032973693362,-1.0501683986340091,155.74201546730035,159.96918869018555,164.19636191307077,5.284984261653063,0.5203194017497158,57.30450828608102,53.40315430288452,0.0017137686244657,1
2024-06-17,IBM,160.41542053222656,160.62363049291503,158.5226132103124,159.71507662436773,3239800,0.274444580078125,0.0017137686244657,159.98829145026795,162.39838134765623,155.08155601501466,49.81929752637718,2.544537063028267,121488800.0,-0.5081610984029226,0.4336058401848693,-0.941766938587792,155.75978259238957,159.99142990112304,164.2230772098565,5.289842476373502,0.5500975861372556,64.28032491484309,57.96294545034195,0.0061946250280011,1
2024-06-18,IBM,161.4091339111328,161.5984117394706,159.35543986967383,160.88860905247438,3386400,0.99371337890625,0.0061946250280011,160.12360977987413,162.0689532470703,155.21448959350585,53.47404377210882,2.522996692083161,124875200.0,-0.3478043468645637,0.4751700733785825,-0.8229744202431463,155.75857835106592,160.0212417602539,164.28390516944188,5.327621961057348,0.6627963573064873,69.61217405349109,63.73233575147172,0.0197596753824336,1
2024-06-20,IBM,164.59852600097656,164.9392319028117,162.04323895769994,164.749954055342,4723100,3.18939208984375,0.0197596753824336,160.54979227712198,161.81287170410155,155.35827392578125,62.83096953854627,2.594932499197142,129598300.0,0.0362193071985075,0.6873549819533231,-0.6511356747548156,155.69374838765123,160.04253540039062,164.39132241313,5.434539014093598,1.0238231473787478,80.65096878655856,71.51448925163089,-0.008394634012442,0
2024-06-21,IBM,163.21678161621094,165.58279076706015,162.21358160583287,164.6458459445733,10181500,-1.381744384765625,-0.008394634012442,160.80379126179713,161.5904412841797,155.4942771911621,57.44124919809144,2.65023797505644,119416800.0,0.2264551615150765,0.7020726690159138,-0.4756175075008372,155.84315359573696,159.98433151245118,164.1255094291654,5.176979367372505,0.8902814813525959,84.43406961395976,78.23240415133644,0.0147858543505747,1
2024-06-24,IBM,165.6300811767578,168.8951849985231,164.81617354076263,165.62062233994553,4864700,2.413299560546875,0.0147858543505747,161.26343792036482,161.41890045166016,155.6426685333252,63.353972807170486,2.866535504146133,124281500.0,0.5654335859774733,0.8328408747826485,-0.2674072888051751,155.40616300703564,160.1897010803223,164.9732391536089,5.972341593780815,1.0686565062392854,83.7054243771564,82.93015425922489,-0.0137703985901818,0
2024-06-25,IBM,163.3492889404297,166.3304549019698,162.23252503405692,165.75314805127132,4069800,-2.280792236328125,-0.0137703985901818,161.46209039846624,161.26977752685548,155.78213508605958,55.505361567228256,2.954492244415187,120211700.0,0.6426277448551616,0.7280280269282694,-0.0854002820731078,155.33325457556597,160.27061920166017,165.20798382775436,6.161284770331816,0.8117725722036623,69.41694307770892,79.18547902294169,-0.0042295100006455,0
2024-06-26,IBM,162.6584014892578,163.4249861860295,161.27666015558836,162.10002676456912,2779000,-0.690887451171875,-0.0042295100006455,161.57602478806544,161.1259536743164,155.91741256713868,53.34933438788203,2.8969089434170416,117432700.0,0.6406705769894074,0.5808566872500122,0.0598138897393952,155.32974666475644,160.37519760131835,165.42064853788025,6.292058886941543,0.7262636101952956,57.868380001724574,70.33024915219663,-0.0059347197710765,0
2024-06-27,IBM,161.6930694580078,163.25462970488243,161.34289028747438,161.94858804613182,2894000,-0.96533203125,-0.0059347197710765,161.58717189948854,160.9159686279297,156.04464958190917,50.40333492335426,2.826539691559257,114538700.0,0.5548295503625411,0.3960125284985167,0.1588170218640244,155.5915149249529,160.55501403808594,165.518513151219,6.182926323254708,0.6146424522279714,43.98200639185952,57.08910982376432,0.0122913540108695,1
2024-06-28,IBM,163.6804962158203,164.16317128367473,161.39020128593438,161.6930573630958,4193300,1.9874267578125,0.0122913540108695,161.78653612009157,160.75791381835938,156.1913732147217,55.813298490675365,2.8227132848579064,118732000.0,0.6397935067583091,0.3847811879154277,0.2550123188428814,156.08280602467102,160.90139694213866,165.7199878596063,5.989495441360831,0.7883726094704648,43.62136455767644,48.49058365042016,0.0124314752588452,1
2024-07-01,IBM,165.7152862548828,167.002395807112,164.08747080821138,164.1537115549501,3321000,2.0347900390625,0.0124314752588452,162.1607027995955,160.67110443115234,156.34712295532228,60.55707414729102,2.858369449603177,122053000.0,0.8613890482840816,0.4851013835529601,0.3762876647311214,156.24687370292415,161.29178848266602,166.3367032624079,6.255637471939929,0.9384115456201148,52.846984079312,46.81678500961596,0.0125643662150929,1
2024-07-02,IBM,167.79739379882812,167.9772128283522,164.9771145658564,165.46923413605566,2883300,2.0821075439453125,0.0125643662150929,162.69753051380815,160.62387573242188,156.50961036682128,64.72970434938419,2.8684929362383653,124936300.0,1.191281438474732,0.6519950189948884,0.5392864194798437,156.58062827753287,161.86057891845704,167.1405295593812,6.524072354373737,1.062203634476775,71.17786407765557,55.88207090488131,-0.0088551456473128,0
2024-07-03,IBM,166.3115234375,168.44093183010335,165.78153965923025,168.3463001216837,1649000,-1.485870361328125,-0.0088551456473128,163.04172031606453,160.5409323120117,156.67091239929198,59.86272294291952,2.853557167283704,123287300.0,1.3176373114985154,0.6226807136149373,0.6949565978835781,157.22283562192828,162.32999572753906,167.43715583314983,6.292318413145071,0.8897985991849756,78.84002508488035,67.62162441394929,0.0016501837900682,1
2024-07-05,IBM,166.58596801757812,166.65220876118764,164.62690560683822,166.32097616119395,2086000,0.274444580078125,0.0016501837900682,163.3792677162087,160.45804290771486,156.83771858215331,60.45416906814554,2.7943961663598267,125373300.0,1.4235112832299706,0.5828437482771139,0.8406675349528566,157.64351589982508,162.73884201049805,167.83416812117102,6.26196677784432,0.8775151897561239,81.2112217041075,77.07637028888112,0.009203400303626,1
2024-07-08,IBM,168.11912536621094,169.01820584688983,166.57648296482247,166.9550530478787,2503000,1.5331573486328125,0.009203400303626,163.83068273049463,160.37001892089845,157.00562522888185,63.67446686908905,2.769205217481793,127876300.0,1.6125417756942113,0.6174993925930836,0.9950423831011276,157.85376775893204,163.1855438232422,168.51731988755236,6.534618127798606,0.962658360315725,81.79884605906955,80.61669761601911,-0.0065300369264252,0
2024-07-09,IBM,167.02130126953125,168.17591480287948,166.16954381619627,168.08128310860488,2512700,-1.0978240966796875,-0.0065300369264252,164.13455116278385,160.54472961425782,157.15284629821778,59.91226754873754,2.714717058139037,125363600.0,1.6546903330100236,0.5277183599271167,1.1269719730829069,158.0191398102198,163.49170608520507,168.96427236019034,6.694610272319497,0.8224808076294776,83.01343009763933,82.00783262027211,0.0077062588137959,1
2024-07-10,IBM,168.30841064453125,168.6680486291262,165.10010305846043,167.13487943749124,3462200,1.287109375,0.0077062588137959,164.53206158961694,160.77854339599608,157.31775115966798,62.69523525430625,2.7756619518909456,128825800.0,1.7715312288214022,0.5156474045907962,1.255883824230606,158.09283842010393,163.84471282958984,169.59658723907577,7.021129104688616,0.8880211472959099,87.19970357830967,84.00399324500616,0.0026428207494655,1
2024-07-11,IBM,168.7532196044922,169.82266026824826,167.1537952478571,168.12858977746797,2806800,0.4448089599609375,0.0026428207494655,164.9340766386527,161.01563110351563,157.48703788757325,63.63479725758684,2.7680335996409617,131632600.0,1.8783681869745688,0.4979874901951704,1.3803806967793988,158.3890168181934,164.2701202392578,170.15122366032222,7.160283820939122,0.8811444081375288,85.88381513852813,85.36564960482569,0.0253490895672472,1
2024-07-12,IBM,173.0309600830078,174.28967851780936,168.93303104245078,168.98981294401037,4785600,4.277740478515625,0.0253490895672472,165.70520839525793,161.36132568359375,157.6796875,71.15812827250507,2.9657782649035487,136418200.0,2.28191070589952,0.7212240072960969,1.5606866986034231,158.2553314762741,164.9245567321777,171.59378198808136,8.087607313365508,1.1077470050703608,89.54821834221089,87.54391235301621,0.0002734626500373,1
2024-07-15,IBM,173.07827758789062,174.9900022701861,172.81328576181065,173.55147934031513,2925700,0.0473175048828125,0.0002734626500373,166.40740546122294,161.74114013671874,157.88744888305663,71.22903226869377,2.909416710865828,139343900.0,2.575846432445047,0.8121277870732992,1.763718645371748,158.4106052144856,165.5756820678711,172.7407589212566,8.65474538760887,1.023553038825714,87.95756212270696,87.7965318678153,0.016021535313234,1
2024-07-16,IBM,175.85125732421875,176.5989242837298,174.63040298760149,174.772357756636,3374500,2.772979736328125,0.016021535313234,167.3068199243654,162.1715411376953,158.10939651489258,75.09334465302277,2.953075995506782,142718400.0,2.997989941526044,0.9874170369234364,2.010572904602607,158.3561677065474,166.3611961364746,174.3662245664018,9.623672606153011,1.0927562450787236,90.50233571078354,89.33603872523378,0.0088261723542741,1
2024-07-17,IBM,177.40335083007812,177.8670937899484,175.15092009592797,175.501084804642,4225300,1.552093505859375,0.0088261723542741,168.26839429633804,162.6138671875,158.34640441894533,76.95877560911778,2.936154402543471,146943700.0,3.418377757466857,1.1262438822913996,2.292133875175457,158.35000751526158,167.2105926513672,176.0711777874728,10.598114623730645,1.075174100927991,92.79110784318216,90.4170018922242,-0.0118965559654115,0
2024-07-18,IBM,175.29286193847656,179.315076917035,175.17929813666353,176.63675321016066,3487800,-2.1104888916015625,-0.0118965559654115,168.93739121463693,162.95963165283203,158.57873649597167,69.35244154292744,3.021841858102615,143455900.0,3.5404274708258754,0.9986348765203346,2.541792594305541,158.79897757358137,167.90477905273437,177.01058053188737,10.846387494775374,0.9056799888871184,89.95821699564209,91.08388684986924,-0.0106358874000009,0
2024-07-19,IBM,173.428466796875,176.97748044210437,172.19813917833412,176.34339173707357,3816000,-1.8643951416015625,-0.0106358874000009,169.3651126986596,163.2724188232422,158.79945114135742,63.39183889591578,3.1473775299360174,139639900.0,3.4469770358560368,0.7241475532403969,2.72282948261564,159.0698594652073,168.3462760925293,177.62269271985133,11.020637750517702,0.7739307056011807,78.69892456874159,87.14941646918858,0.0049112214459368,1
2024-07-22,IBM,174.28021240234375,175.05627026480914,173.05935814572507,173.57040972173527,2488500,0.85174560546875,0.0049112214459368,169.83321743234382,163.5737533569336,159.0263067626953,64.8770100915374,3.065201429160879,142128400.0,3.4024246119044506,0.5436761034310482,2.8587485084734023,159.5931117392662,168.89944763183593,178.20578352440566,11.019971969186688,0.7890914766360344,68.20828616858529,78.9551425776563,-0.0002715024513142,0
2024-07-23,IBM,174.23289489746094,175.44429025535524,173.20130407907433,174.47895461544917,2180200,-0.0473175048828125,-0.0002715024513142,170.25223433378352,163.91124084472656,159.24980400085448,64.71992562892771,3.006471768240881,139948200.0,3.3249701812177648,0.3729773381954895,2.951992843022276,159.87341656341763,169.3295883178711,178.78576007232456,11.168953811783949,0.7592648857758206,64.15454682502366,70.35391918745016,-0.0004343817727102,0
2024-07-24,IBM,174.15721130371094,175.15093806769784,173.33383027247788,174.27077512554683,6962100,-0.07568359375,-0.0004343817727102,170.62413690234803,164.2305581665039,159.4708567047119,64.45112055024603,2.9215171987393864,132986100.0,3.220357674697226,0.2146918653399607,3.005665809357265,160.60934379936575,169.86998443603517,179.1306250727046,10.903210084364884,0.7314757172791917,65.33511711566776,65.89931670309221,0.0432560653474938,1
2024-07-25,IBM,181.6905670166016,185.74117344616127,175.36859762427002,176.78820308624583,9532800,7.533355712890625,0.0432560653474938,171.67808262751504,164.6927813720703,159.72723472595214,75.40237812000856,3.5402632661473112,142518900.0,3.702648529309784,0.5575861759620144,3.145062353347769,160.83755141921458,170.82159271240235,180.8056340055901,11.689437072509968,1.0443173753505628,70.21989992363685,66.56985462144273,-0.0011980073019237,0
2024-07-26,IBM,181.472900390625,183.1953619700678,179.4570559894246,180.29935466262089,4294900,-0.2176666259765625,-0.0011980073019237,172.6109224144779,165.1544369506836,159.98174392700196,74.6864524032898,3.5544091743255906,138224000.0,4.020952590203962,0.7007121894849537,3.320240400719008,161.72134508470106,171.8105842590332,181.89982343336533,11.7446072578636,0.9788426542693895,74.86055450925845,70.138523849521,-0.0013037912696266,0
2024-07-29,IBM,181.23629760742188,182.9303537741104,179.04063422432262,182.826248795757,3336800,-0.236602783203125,-0.0013037912696266,173.43238671856778,165.59432556152345,160.23548324584962,73.8654639732625,3.578359915430034,134887200.0,4.205638996059832,0.7083188762726595,3.497320119787173,162.5266897439106,172.6883743286133,182.850058913316,11.768811449189691,0.9205957785619788,79.29087480612357,74.79044307967294,-0.0024021886083454,0
2024-07-30,IBM,180.80093383789065,182.43822243122435,178.95544974234227,181.2173537242652,3065000,-0.43536376953125,-0.0024021886083454,174.13415311088426,166.01206787109376,160.48190376281738,72.29077351257386,3.5715322563908942,131822200.0,4.26767893930554,0.616287055614694,3.651391883690846,163.22394842978105,173.44265670776366,183.66136498574627,11.783385323946325,0.8600394947168235,76.97272464990128,77.04138465509442,0.0057579688361097,1
2024-07-31,IBM,181.84197998046875,184.12281603267164,179.80721809681847,180.76308049650547,5558400,1.041046142578125,0.0057579688361097,174.8682318603685,166.4494955444336,160.74266578674315,73.73278957390812,3.6246798049239137,137380600.0,4.350697630552077,0.5594445974889841,3.791253033063093,163.6479615869922,174.1448860168457,184.6418104466992,12.055392116238298,0.8666356757667196,76.13282586161864,77.46547510588114,-0.0129070630373118,0
2024-08-01,IBM,179.49493408203125,183.26161686684293,178.19835115795985,182.47610004159523,4085400,-2.3470458984375,-0.0129070630373118,175.30887016719353,166.8231362915039,161.00445583343506,65.4615894645763,3.727435940920997,133295200.0,4.178931432302335,0.3101427193913935,3.868788712910941,164.70951900028422,174.80405654907227,184.89859409786035,11.549546101013098,0.732347322018836,68.03395905919886,73.71316985690625,-0.002847395901518,0
2024-08-02,IBM,178.9838409423828,179.11633686632433,175.7471424224064,178.66206719009236,4548800,-0.5110931396484375,-0.002847395901518,175.65886738387823,167.11936004638673,161.26024715423583,63.78363458591967,3.728889920828415,128746400.0,3.955962662621317,0.0697391597683005,3.8862235028530168,165.91872323926808,175.4239501953125,184.92917715135687,10.836863433369905,0.6872596395400405,60.26169285290866,68.14282592457538,-0.0307211878036315,0
2024-08-05,IBM,173.48524475097656,175.33072891624323,172.06563932523713,174.65879043500485,4975000,-5.49859619140625,-0.0307211878036315,175.45185570455425,167.30144775390625,161.48344944000243,49.17850244747704,3.956697899136792,123771400.0,3.2975553815040826,-0.4709344970791473,3.76848987858323,166.7401050422447,175.69225616455077,184.64440728685685,10.19071792660187,0.3767329000917446,38.12131382830256,55.47232191347001,0.019038871355181,1
2024-08-06,IBM,176.7882080078125,178.77564704532233,173.79756895216082,174.8007545293287,3632500,3.302963256835937,0.019038871355181,175.5791273524836,167.60675811767578,161.72477321624757,55.735281288374765,4.051962498794576,127403900.0,3.007614490786608,-0.6087003102372974,3.6163148010239055,168.15625010247192,176.18060150146485,184.20495290045776,9.109233741520876,0.5378601631543645,31.672777728442835,43.35192813655133,0.0,0
2024-08-07,IBM,176.7882080078125,179.69365975823425,176.69356186465654,177.99960354714435,3801900,0.0,0.0,175.69427789108636,167.9079037475586,161.97509563446044,55.73528128837477,3.9768293127076566,127403900.0,2.746178015258238,-0.6961094286125342,3.442287443870772,169.43865074072258,176.6045913696289,183.77053199853523,8.115237065279006,0.5128117610577816,26.48219000642581,32.092093854390384,0.0311027316435226,1
2024-08-08,IBM,182.28680419921875,182.5423372234183,176.97747924425224,177.45068106041333,3712700,5.49859619140625,0.0311027316435226,176.32213753947994,168.3423031616211,162.25681354522706,64.56249539825875,4.103779305771809,131116600.0,2.948687845822434,-0.394879678438671,3.343567524261105,170.6746204053215,177.28127059936523,183.88792079340897,7.453297431485572,0.8788253844865502,47.93548845511415,35.36348539666091,0.0026710254882915,1
2024-08-09,IBM,182.7736968994141,183.9002281922318,180.4729119117604,182.5159289190381,2773700,0.4868927001953125,0.0026710254882915,176.93657176423557,168.83584228515625,162.5445470428467,65.22381890598247,4.055460518250352,133890300.0,3.11258655701144,-0.1847847737997323,3.2973713308111723,171.05134416707858,177.76840744018554,184.4854707132925,7.557094502708054,0.8725801928402365,62.524775763567455,45.64748474170245,-0.0102898109466177,0
2024-08-12,IBM,180.8929901123047,182.89782646381727,180.4347472140912,182.5827799190208,2290300,-1.880706787109375,-0.0102898109466177,177.31337351167073,169.31864532470703,162.8164035797119,60.525306908526034,3.941718999070052,131600000.0,3.0554982644469533,-0.1934984530913754,3.2489967175383287,171.67366841413647,178.15914306640624,184.644617718676,7.280540914874524,0.7107669208869437,72.52994769614959,60.996737304943714,0.007969209286577,1
2024-08-13,IBM,182.3345642089844,182.64005461226384,180.6352328702708,181.6662757277079,2178900,1.4415740966796875,0.007969209286577,177.79158214951013,169.8071875,163.09872749328613,62.74088572801058,3.8033691949931256,133778900.0,3.090947840498273,-0.1264391016320445,3.217386942130318,171.84534111580248,178.48330841064453,185.12127570548657,7.43819391734915,0.790093007940279,72.6463599921114,69.23369448394278,0.0069635677809525,1
2024-08-14,IBM,183.6042633056641,184.3393572128224,182.0863093916769,182.48727367756595,1895100,1.2696990966796875,0.0069635677809525,178.3451708310486,170.35084106445314,163.35673141479492,64.62420180739338,3.6926319540040087,135674000.0,3.18478378568102,-0.0260825251594383,3.2108663108404585,171.81555561484376,178.79335403442383,185.7711524540039,7.805433772707909,0.8447297400954269,77.88302437497252,74.35311068774449,0.0084754122706902,1
2024-08-15,IBM,185.160385131836,185.446792357813,184.520750581944,184.7403231427065,2472000,1.556121826171875,0.0084754122706902,178.99423885969503,170.91558502197265,163.6282088470459,66.83666642471013,3.5604817467286463,138146000.0,3.3461432184882653,0.1082215261182453,3.23792169237002,171.98103935332225,179.2867301940918,186.59242103486136,8.149728463295169,0.9019917531252544,88.98673508491645,79.83870648400011,-0.0008764967752319,0
2024-08-16,IBM,184.9980926513672,185.5422678420064,184.1197878336885,184.8071593548765,2494400,-0.16229248046875,-0.0008764967752319,179.5660344589019,171.44736602783203,163.89836975097657,66.37045344730238,3.407767336842163,135651600.0,3.421485331579192,0.1468509113673368,3.2746344202118545,172.67531312493287,179.8652114868164,187.0551098487,7.994762636365103,0.8569508848527118,95.9441779079195,87.60464578926947,0.0049024932705985,1
2024-08-19,IBM,185.9050445556641,186.66879234103249,184.94082189909383,185.05537896835204,2361400,0.906951904296875,0.0049024932705985,180.16974970621257,171.98176513671876,164.16383735656737,67.72533659691294,3.287781844349051,138013000.0,3.5138722064908734,0.1913902290232148,3.3224819774676586,173.27702180786812,180.4464530944824,187.61588438109672,7.946325531663798,0.8806851089690416,96.19722820524588,93.7093803993606,0.0066760110191896,1
2024-08-20,IBM,187.14614868164065,187.3179988673099,184.96947677835377,185.7714054654008,1790400,1.2411041259765625,0.0066760110191896,180.83416865625333,172.50672698974608,164.4320213317871,69.53418541514057,3.2206918618209865,139803400.0,3.645216415328747,0.2581875502888704,3.3870288650398765,173.95147527746926,181.0921157836914,188.2327562899136,7.886197005673527,0.9239138556740042,96.53511675334217,96.22550762216916,0.0060195795939765,1
2024-08-21,IBM,188.272689819336,188.3872469042148,185.3227137781916,187.08887986223027,2579300,1.1265411376953125,0.0060195795939765,181.5425992432136,173.0472152709961,164.69844619750975,71.11657273073803,3.20953766640686,142382700.0,3.7964470239457455,0.327534527124695,3.4689124968210505,174.74878847819264,181.79788970947263,188.84699094075268,7.754876849830367,0.9592642308165256,97.64713144709084,96.79315880189294,-0.0063385434973824,0
2024-08-22,IBM,187.07931518554688,188.9504819880717,186.7069901384022,188.31084739770924,1969500,-1.1933746337890625,-0.0063385434973824,182.0699055234358,173.58390014648438,164.95481826782228,67.13838460965594,3.140534393782765,140413200.0,3.776470213483634,0.2460461733300669,3.530424040153567,174.652758386002,182.06732711791992,189.48189584983783,8.144864703940758,0.8379824403037477,95.69649398692503,96.62624739578598,0.0007144937004657,1
2024-08-23,IBM,187.2129821777344,188.4349729028623,185.5804709769033,187.87169994469852,2322000,0.1336669921875,0.0007144937004657,182.5597223476547,174.1293151855469,165.20694602966307,67.35863408272776,3.120103503223924,142735200.0,3.728445062629589,0.1584168179808172,3.570028244648772,174.61668113356424,182.35433120727532,190.0919812809865,8.486390229926634,0.8139616630484743,92.249917748181,95.19784772739894,0.0095867779372558,1
2024-08-26,IBM,189.0077514648437,189.3609933614556,187.0220131194837,187.1174870520332,2567200,1.794769287109375,0.0095867779372558,183.1738203588156,174.70835479736328,165.46869049072265,70.24259979312791,3.0643089845630653,145302400.0,3.791501596258344,0.1771786812876561,3.6143229149706864,174.50452577631012,182.74290390014647,190.98128202398283,9.016358991797494,0.8802233564984714,91.55434786416674,93.16691986642424,0.003788383968369,1
2024-08-27,IBM,189.72378540039065,190.36342003812248,188.043551780406,188.49225309702484,2617100,0.716033935546875,0.003788383968369,183.7976265532513,175.30001098632812,165.73768775939942,71.33089221668541,3.0111346469311644,147919500.0,3.854816384173432,0.1923947753621964,3.662421608811236,174.46740712143082,183.18904647827148,191.91068583511213,9.522009666527904,0.8746279027803269,93.65552313880714,92.48659625038496,-0.0013586421074659,0
2024-08-28,IBM,189.4660186767578,190.936221170166,188.53997683870028,189.9815400643151,2645200,-0.2577667236328125,-0.0013586421074659,184.33747342215668,175.88102294921876,166.00423568725586,70.3336702647467,2.9672139101121995,145274300.0,3.839929868156986,0.1420066074766,3.697923260680386,174.45965612846578,183.57024841308595,192.6808406977061,9.926000932480855,0.8235667934358488,92.8110156758428,92.67362889293888,0.0022169882929197,1
2024-08-29,IBM,189.8860626220703,192.00545580332349,189.28462344223388,190.2679437977288,2989600,0.4200439453125,0.0022169882929197,184.8659104888151,176.4505615234375,166.2617401123047,71.04407233405074,2.949615228039157,148263900.0,3.818014537933635,0.0960730218025989,3.721941516131036,174.78499959235023,184.08980484008788,193.39461008782555,10.1089848574943,0.8114658301629539,87.63491574460933,91.36715151975308,0.0162393878743429,1
2024-08-30,IBM,192.96969604492188,193.00787687944648,189.72377155378337,190.08655503451607,4751000,3.0836334228515625,0.0162393878743429,185.63769958939668,177.0179849243164,166.53893440246583,75.6533449878669,2.973507377869438,153014900.0,4.003322121627889,0.2251044843974821,3.778217637230407,175.03309024764496,184.78909759521488,194.54510494278475,10.55907245019473,0.9192595473877287,89.12485426121543,89.85692856055584,-0.0042052077490131,0
2024-09-03,IBM,192.15821838378903,195.44232383085497,191.13671714062176,192.75967216254767,3874700,-0.8114776611328125,-0.0042052077490131,186.2587013793388,177.59681365966796,166.80134559631347,72.38777747849666,3.068657328752564,149140200.0,4.038150960709629,0.2079466587833773,3.830204301926252,176.94788158630888,185.72274627685547,194.49761096740207,9.44942379590486,0.8666992218049072,85.59518767836828,87.45165256139767,0.0140600372531987,1
2024-09-04,IBM,194.85997009277344,195.09864038025333,191.41357055887264,191.6617824136316,3142500,2.701751708984375,0.0140600372531987,187.0778698282373,178.1814114379883,167.06718994140624,76.0885323104077,3.1126867925117137,152282700.0,4.234944051183135,0.3237917994055062,3.911152251777629,177.99702725450962,186.6263343811035,195.2556415076974,9.247684315518152,0.977073975400379,89.98637695388521,88.23547296448963,-0.0074470200213102,0
2024-09-05,IBM,193.40884399414065,196.61657312990624,191.8527236792016,194.83132410267044,3229200,-1.4511260986328125,-0.0074470200213102,187.6808197487996,178.7826025390625,167.32354988098143,70.61426740450601,3.2306269823826392,149053500.0,4.225105854356229,0.2511628820628804,3.973942972293349,179.61228955224072,187.4573661804199,195.3024428085991,8.369984906998667,0.8793129178842726,81.5330957363664,85.70488678953996,-0.0091316599714624,0
2024-09-06,IBM,191.6427001953125,194.85042945706945,190.3061378386681,193.20837670597493,3304500,-1.766143798828125,-0.0091316599714624,188.0581416960865,179.3622885131836,167.5718684387207,64.52916054489725,3.324460170669693,145749000.0,4.028359546914601,0.0435332596970008,3.9848262872176,180.25532647574795,187.9251609802246,195.5949954847013,8.162647794973822,0.7423480723683203,75.52940842364707,82.34962703796621,0.0138984876463195,1
2024-09-09,IBM,194.3062438964844,195.7573632531388,192.30140775153708,192.7883044375464,3705000,2.663543701171875,0.0138984876463195,188.6531990485053,180.01455200195312,167.82672569274902,68.88405114624723,3.3809032340380223,149454000.0,4.040782768848231,0.044765185304505,3.9960175835437264,180.73438900177493,188.5017883300781,196.2691876583813,8.241194311326103,0.873642149776936,70.63181483469684,75.89810633157008,0.0087946854945015,1
2024-09-10,IBM,196.01510620117188,196.50198825773447,193.6761261416346,194.94585359566813,3070600,1.7088623046875,0.0087946854945015,189.35433306304492,180.66124420166017,168.09217010498048,71.31715132801723,3.341257439899583,152524600.0,4.140786755992451,0.1158153379589794,4.024971418033472,181.6580957557529,189.25789413452148,196.8576925132901,8.031156019697406,0.9445652193568644,77.41275622519674,74.52465982784686,0.0222579772795457,1
2024-09-11,IBM,200.3780059814453,200.59757854518128,193.83843493006304,198.3445306734752,5554300,4.3628997802734375,0.0222579772795457,190.4042066743212,181.3544985961914,168.37376441955567,76.39263377369745,3.5853921667009176,158078900.0,4.519986594420743,0.396012141109817,4.123974453310926,181.8146390001665,190.16006622314453,198.50549344612256,8.777265793739328,1.1121879374950994,91.12538136597452,79.72331747528936,0.0081948081982805,1
2024-09-12,IBM,202.0200653076172,203.0129272280276,198.83143397468547,200.48302817558,4615300,1.642059326171875,0.0081948081982805,191.51047892511127,182.0389520263672,168.66333702087402,77.97249400377622,3.627970815746716,162694200.0,4.896561153745296,0.618069360347496,4.2784917933978,181.81851627450496,191.0808563232422,200.34319637197945,9.69468132701748,1.0905208039660768,95.83892035519852,88.12568598212324,0.0150276590954083,1
2024-09-13,IBM,205.0559539794922,206.2970423648312,202.5165132389237,202.8506428948332,4572300,3.035888671875,0.0150276590954083,192.8005241683857,182.81384063720705,168.96627799987792,80.56246025484809,3.6743284044229454,167266500.0,5.377976088251785,0.8795874358831881,4.498388652368597,181.4040424919569,192.075634765625,202.7472270392932,11.11186464299844,1.1081716242990158,95.46784360484324,94.14404844200544,0.0110340053876361,1
2024-09-16,IBM,207.31854248046875,208.0249971417936,205.75286612479968,206.096551889082,4176100,2.2625885009765625,0.0110340053876361,194.18319257906023,183.62849212646483,169.28016052246093,82.23860058144908,3.623950887128547,171442600.0,5.874356944843299,1.1007746339797624,4.773582310863537,181.13546451249812,193.19165725708007,205.247850001662,12.481069747788045,1.0858767159200142,94.7767089885258,95.36115764952253,-0.0139528519828174,0
2024-09-17,IBM,204.4258575439453,208.9223971239819,203.3470632977853,207.4044577532576,5635200,-2.892684936523437,-0.0139528519828174,195.1586844804779,184.3546267700196,169.57605087280274,73.51087801904545,3.763335382776266,165807400.0,5.965559593164187,0.9535818258405192,5.011977767323668,181.6059400506997,194.11769790649413,206.62945576228856,12.890898656567936,0.9119389040396624,89.32157817012451,93.18871025449783,0.0037827903974045,1
2024-09-18,IBM,205.1991577148437,207.032143676538,203.91033240450244,204.42586835555,3482800,0.7733001708984375,0.0037827903974045,196.114920026608,185.1181838989258,169.8658249664307,74.2962113287169,3.717512232009071,169290200.0,6.030718837325878,0.8149928560017683,5.21572598132411,182.05407580709297,195.0203483581543,207.98662090921565,13.29735349179955,0.8925110056342395,85.14799833356163,89.7487618307373,-0.004885063368851,0
2024-09-19,IBM,204.19674682617188,208.57872972773745,200.83626516128888,208.1300284301276,5279600,-1.002410888671875,-0.004885063368851,196.88461781704265,185.83595062255856,170.14134704589844,71.34348544870342,4.005008827326178,164010600.0,5.9330789852242845,0.5738824031201393,5.359196582104145,182.65131112066229,195.8165512084961,208.9817912963299,13.446503890078311,0.8182697604360456,78.12167478580132,84.19708376316247,0.0178128650828059,1
2024-09-20,IBM,207.8340759277344,207.97728683542385,204.0535468680874,204.6168052300772,9958800,3.6373291015625,0.0178128650828059,197.92742335139425,186.61756774902344,170.43250198364257,75.1956575874303,3.9992039087554834,173969400.0,6.079124397118619,0.5759422520115791,5.50318214510704,183.340138623128,196.85428924560543,210.36843986808293,13.730105322334662,0.9062329549541476,83.52660572285701,82.26542628073997,0.012861681565897,1
2024-09-23,IBM,210.50717163085932,210.6217286953884,207.4235559166462,208.1204690046592,4074800,2.673095703125,0.012861681565897,199.1254946161052,187.36709197998047,170.7356759643555,77.5808233760679,3.9419873994688217,178044200.0,6.337508073386346,0.6674607426234438,5.670047330762902,184.02273659175285,198.0189987182617,212.01526084477052,14.136282091217447,0.9461252868701676,89.65850324010638,83.76892791625488,0.0021315185971844,1
2024-09-24,IBM,210.95587158203125,211.16590257721683,208.27322017757905,209.81979880823937,3183900,0.448699951171875,0.0021315185971844,200.25219718428863,188.12464385986328,171.04624740600585,77.96387063996752,3.867037042338033,181228100.0,6.503516840659557,0.6667756079173248,5.8367412327422326,184.6834502714325,199.11640472412108,213.54935917680965,14.497001864497957,0.9101539603939068,97.52772078808538,90.23760991701624,0.0011766914976445,1
2024-09-25,IBM,211.2041015625,211.7960137667512,210.18260033200505,211.1468230256675,2537800,0.24822998046875,0.0011766914976445,201.29523569649925,188.8317007446289,171.358338470459,78.18592150623746,3.7060639275100393,183765900.0,6.579268359436213,0.5940217013551843,5.985246658081029,185.51818969201864,200.19042053222657,214.8626513724345,14.658274657898527,0.8753240100370909,98.55828806377502,95.24817069732224,0.0099443180609692,1
2024-09-26,IBM,213.30438232421875,213.8485575209176,211.328200104255,212.04421089952592,2673200,2.10028076171875,0.0099443180609692,202.43896394675824,189.5497213745117,171.67285179138185,80.02039662514657,3.630234786860578,186439100.0,6.731184187225296,0.5967500233154128,6.134434163909883,186.51679729293207,201.3823387145996,216.2478801362672,14.763500629253368,0.9009959432840424,97.90441422476022,97.99680769220686,-0.011592006247033,0
2024-09-27,IBM,210.83175659179688,213.991748491657,210.7649364942297,212.8938711266589,3830300,-2.472625732421875,-0.011592006247033,203.238277532,190.26049926757813,171.9678050994873,72.31060463657457,3.6014188733296293,182608800.0,6.576251410545183,0.3534537973082399,6.222797613236943,188.006637326806,202.42962341308595,216.8526094993659,14.249876913368398,0.7912757846554243,93.05520726541113,96.50596985131544,0.0010867716527453,1
2024-09-30,IBM,211.06088256835932,211.29001125837613,209.09424198936333,210.65036215298883,3543400,0.2291259765625,0.0010867716527453,203.9832875354628,191.01314758300785,172.25833213806152,72.57429868682534,3.5010153301641416,186152200.0,6.3982001516122295,0.1403220307002293,6.257878120912,189.130264297304,203.3341827392578,217.5381011812117,13.971008957375387,0.7719918401628997,89.12571666581341,93.36177938532823,-0.0078250670217059,0
2024-10-01,IBM,209.4093170166016,211.08000903657856,206.11565538053847,210.6313077286882,3548400,-1.6515655517578125,-0.0078250670217059,204.50005224795223,191.71572967529292,172.54566253662108,67.57853591613738,3.605539496298138,182603800.0,6.054038521235526,-0.1630716797411793,6.217110200976705,190.736562690316,204.19673767089844,217.65691265148087,13.183535774480427,0.6936297021852523,79.89205516577273,87.35765969899906,0.0017322399860273,1
2024-10-02,IBM,209.7720642089844,210.220765470372,206.02017465382747,208.416418858488,3343400,0.3627471923828125,0.0017322399860273,205.0021486251934,192.42651306152345,172.83810317993164,68.09796972037992,3.648043162030021,185947200.0,5.744341424221801,-0.378215021403923,6.122556445625724,191.99111029484652,204.94234237670892,217.89357445857132,12.638903148727028,0.6864580065335714,74.3850596018089,81.134277144465,0.0136076624742809,1
2024-10-03,IBM,212.62657165527344,212.7315871569385,209.33292483727172,209.552497407198,3788300,2.8545074462890625,0.0136076624742809,205.72828415186768,193.19590026855468,173.14797393798827,71.91158302794601,3.6302302447183568,189735500.0,5.6639486638812,-0.3668862253956195,6.03083488927682,193.68658598007136,205.9032287597656,218.1198715394599,11.866392628498136,0.7751714614543262,75.77359395413747,76.68356957390635,0.0147269818248623,1
2024-10-04,IBM,215.75791931152344,215.8342955443088,213.15164409956247,213.6098869289972,3553800,3.13134765625,0.0147269818248623,206.6834875004064,193.87724731445311,173.47113327026366,75.38742606304271,3.600051219312424,193289300.0,5.78621057449601,-0.1956994518246482,5.981910026320659,196.0554213748506,207.10898971557617,218.1625580563017,10.674156014092384,0.891227942386772,85.67934452120447,78.61266602571693,0.0049557596225322,1
2024-10-07,IBM,216.82716369628903,217.3522412073,214.82234215508,215.1660279288983,3458000,1.069244384765625,0.0049557596225322,207.64955190001425,194.5843325805664,173.80511779785155,76.45868388372823,3.5236117788058228,196747300.0,5.9013559474148565,-0.0644432631246427,5.965799210539499,198.07550934952872,208.2350357055664,218.3945620616041,9.757749287111077,0.9228606575549868,95.31143426476685,85.58812424670289,0.0066043700960978,1
2024-10-08,IBM,218.25917053222656,218.95609816654704,216.7507727697796,217.77228845535072,3245100,1.4320068359375,0.0066043700960978,208.6599917697488,195.3247900390625,174.15327346801757,77.84920951142408,3.429448465803082,199992400.0,6.038551802597993,0.0582020736467949,5.980349728951198,199.93983161800384,209.34723892211915,218.75464622623443,8.987371749015521,0.9736656616435052,97.48844470405122,92.82640783000748,0.0248448090801955,1
2024-10-09,IBM,223.6817779541016,224.302314823633,218.1446248262384,218.8128986627977,5083600,5.422607421875,0.0248448090801955,210.09063807302044,196.1824069213868,174.5251528930664,82.1490899211259,3.624322860916765,205076000.0,6.50979869939988,0.4235591763589452,6.086239523040935,200.1165135038385,210.512427520752,220.90834153766545,9.8767698794302,1.1333906961871725,96.63666993625502,96.47884963502432,-0.0054631187808291,0
2024-10-10,IBM,222.45977783203125,225.14242919728656,221.3046073753892,224.44551612377725,3142000,-1.2220001220703125,-0.0054631187808291,211.2686513834024,196.994762878418,174.88460746765136,78.45314675813879,3.639572786701096,201934000.0,6.707341999698883,0.4968819813263589,6.210460018372524,200.6706659819048,211.53441314697267,222.3981603120405,10.271375709936915,1.0028359238784954,93.02009011828255,95.71506825286292,0.0010299658607746,1
2024-10-11,IBM,222.6889038085937,222.86075397823413,220.0158084344301,222.6793622419993,3469200,0.2291259765625,0.0010299658607746,212.35629447151587,197.85864227294925,175.2402394104004,78.64713103289384,3.582813697922731,205403200.0,6.803953301485734,0.4747946264905671,6.329158674995167,200.95297907120244,212.41606063842767,223.879142205653,10.7930459992266,0.9480838380988958,90.02525066133244,93.22733690528996,0.0085741263274163,1
2024-10-14,IBM,224.5982666015625,225.4192929165812,222.60298663193635,222.98486780594345,2524400,1.90936279296875,0.0085741263274163,213.52219657913932,198.7709307861328,175.60425743103028,80.24335789207407,3.528063168402878,207927600.0,6.95442182851869,0.5002105228188176,6.454211305699872,200.91474698918768,213.28004684448243,225.6453466997772,11.595364909415242,0.9576605456208842,89.63601042456929,90.89378373472807,-0.009776366657264,0
2024-10-15,IBM,222.4025115966797,226.61264410330915,222.1638413258316,225.6866022870364,3350600,-2.1957550048828125,-0.009776366657264,214.3679408665241,199.74927612304688,175.95595016479493,73.44390099469211,3.593830283336782,204577000.0,6.817897661804352,0.2909490848835832,6.526948576920769,201.90559235097228,214.17887954711915,226.452166743266,11.460781961413478,0.8350215764584366,87.49732336208241,89.05286148266136,0.0030477440334109,1
2024-10-16,IBM,223.0803375244141,223.2808269709797,220.6458977335465,221.59103729487947,2846700,0.677825927734375,0.0030477440334109,215.1976929291804,200.6751187133789,176.31196067810058,74.17148565872395,3.525337351486522,207423700.0,6.687309027852507,0.1282883607453904,6.5590206671071165,202.9421379592112,215.07293853759765,227.2037391159841,11.280638708775388,0.8300441275526056,86.05643766033496,87.72992381566219,-0.0033808960222624,0
2024-10-17,IBM,222.3261260986328,222.58387949196967,220.20673301642492,221.4860021187229,5040100,-0.75421142578125,-0.0033808960222624,215.87659132627104,201.5858770751953,176.67371849060058,71.813795390066,3.47878500552242,202383600.0,6.448622331641559,-0.0883186683724464,6.536941000014005,204.5455535807393,215.9794075012207,227.4132614217021,10.587911183538898,0.7775406543389224,80.52855014190044,84.69410372143925,-0.0029198993985394,0
2024-10-18,IBM,221.6769561767578,222.10655977316696,219.7389546420835,221.40964662489088,4715700,-0.649169921875,-0.0029198993985394,216.4290070263174,202.3736801147461,177.03873100280762,69.75839599552032,3.415098323452911,197667900.0,6.136342876949044,-0.3204784984519699,6.456821375401014,205.62438495239311,216.6715515136719,227.71871807495063,10.19715461868717,0.7265469899146032,79.35408290651642,81.97969023625059,-0.0019380057064304,0
2024-10-21,IBM,221.24734497070312,221.88697955976195,219.82486488718936,220.7318235861988,2733300,-0.4296112060546875,-0.0019380057064304,216.88789635435413,203.14315307617187,177.39806663513184,68.36390063531353,3.318456634104317,194934600.0,5.787478673764497,-0.5354741613092138,6.322952835073711,206.3700161325322,217.20856018066405,228.0471042287959,9.979849817260272,0.6863158359694636,76.38699088580192,78.75654131140625,0.0021575669398177,1
2024-10-22,IBM,221.7247009277344,222.41207253302176,220.21630293653573,221.47648906865555,3180800,0.47735595703125,0.0021575669398177,217.34854440896177,203.95978729248048,177.76768241882326,69.10297590092414,3.238264702845866,198115400.0,5.486277523411445,-0.6693402493298128,6.155617772741258,207.1369006712525,217.7470016479492,228.357102624646,9.745347487127283,0.6874487004657872,73.89658474289301,76.54588617840376,0.0021528530481489,1
2024-10-23,IBM,222.20204162597656,222.7653000183768,219.82488027585435,219.9680911912758,5791000,0.4773406982421875,0.0021528530481489,217.81078223915367,204.75713684082032,178.1304914855957,69.86120836334743,3.216990062822764,203906400.0,5.225850495234937,-0.7438138220050572,5.969664317239994,207.96383212589288,218.29689865112303,228.62996517635324,9.46698426691278,0.6889634101028161,70.96412669964654,73.74923410944714,-0.0616971312023368,0
2024-10-24,IBM,208.4928131103516,211.2900364192096,206.3638782518045,210.7935981486945,11193400,-13.709228515625,-0.0616971312023368,216.9233566078392,205.25490783691407,178.4296762084961,39.71591439488562,4.1185024422048535,192713000.0,3.8686447027363897,-1.6808156916028842,5.549460394339274,207.0663371770167,218.0563201904297,229.04630320384268,10.079949073537872,0.0648989143838481,49.82031513936511,64.89367552730154,-0.0170337867582078,0
2024-10-25,IBM,204.9413909912109,208.74101770895564,204.67408144728583,206.97486640568465,8482200,-3.551422119140625,-0.0170337867582078,215.7822170253032,205.6505279541016,178.70576416015626,35.44858386015037,4.114819143595208,184230800.0,2.4779153834087992,-2.4572360087443794,4.935151392153179,205.745389288158,217.7618019104004,229.7782145326428,11.036290586157657,-0.0334541731472686,26.32218639675492,49.03554274525551,-0.0081986955737378,0
2024-10-28,IBM,203.2611389160156,206.44977001806745,203.0606494927549,205.733759254999,4993300,-1.6802520751953125,-0.0081986955737378,214.5897333958472,206.0157888793945,178.96913261413573,33.60866043470959,4.06298352800359,179237500.0,1.2260370858185468,-2.9672914450677057,4.1933285308862525,204.0729729080156,217.3718147277832,230.6706565475508,12.236031461964718,-0.0305227328440456,4.194536129940757,26.77901255535357,-0.0116481426736076,0
2024-10-29,IBM,200.89352416992188,203.671649491293,200.3398219861596,202.3828388282042,5258400,-2.36761474609375,-0.0116481426736076,213.28533251718764,206.31555847167968,179.20376190185547,31.154814418831013,4.010758097798583,173979100.0,0.0423792708008079,-3.320759408068356,3.363138678869164,202.18931324131304,216.9460250854492,231.7027369295854,13.604039842005788,-0.0439050746899975,1.3924061358205522,10.636376220838724,-0.0262794591849554,0
2024-10-30,IBM,195.61415100097656,201.5522685912952,195.0031556814234,199.9865921744853,6956600,-5.2793731689453125,-0.0262794591849554,211.60236284897707,206.4849185180664,179.4066082763672,26.50732859809827,4.192069155803807,167022500.0,-1.306617495420113,-3.735804939431422,2.429187444011309,199.019746607648,216.23812942504884,233.4565122424497,15.92539009025139,-0.0988941773100125,1.6305738260059492,2.4058386972557337,0.0088823753376523,1
2024-10-31,IBM,197.35166931152344,198.69777309833387,194.2871367082824,194.87904886949988,5925300,1.737518310546875,0.0088823753376523,210.24515394064807,206.6664981079101,179.62222816467286,30.19789591453703,4.207681101107217,172947800.0,-2.21002811659892,-3.711372448488184,1.5013443318892632,196.4252245980598,215.47438430786133,234.52354401766289,17.681136225069647,0.0243172068368702,4.506896307207678,2.5099587563447074,0.0074013199224132,1
2024-11-01,IBM,198.8123321533203,200.3302715533264,198.01040355338617,198.3540893201118,3334100,1.460662841796875,0.0074013199224132,209.1563137704265,206.90115844726563,179.8416226196289,33.23328508552997,4.119889754014057,176281900.0,-2.776122842489144,-3.421973739502726,0.6458508970135818,194.24309959308783,214.6271049499512,235.0111103068145,18.994809962718023,0.1120788696882379,8.470672555566797,4.869380896260123,-0.0092675276193429,0
2024-11-04,IBM,196.96983337402344,198.2872835322848,196.47339506816652,198.2395465585388,2593900,-1.842498779296875,-0.0092675276193429,207.99569658981665,207.0962954711914,180.03026031494142,31.37960312380827,3.992678849095463,173688000.0,-3.334987583429779,-3.1846707843546884,-0.1503167990750904,191.88677111193803,213.63423843383788,235.38170575573773,20.35953364154688,0.1168656144379333,10.910586635418198,7.962718499397539,0.0060584346190508,1
2024-11-05,IBM,198.1631622314453,198.6882251808008,196.2538000380729,196.82659995571817,2441500,1.193328857421875,0.0060584346190508,207.05926474616223,207.27940368652344,180.2185962677002,33.94927207176053,3.881375012926344,176129500.0,-3.6396446928803527,-2.79146231504421,-0.8481823778361429,189.9908276416145,212.6294380187988,235.2680483959832,21.29395683694823,0.1804954998047728,12.287349120097543,10.556202770360828,0.0290505274539474,1
2024-11-06,IBM,203.9199066162109,204.61681980130635,200.83627590516048,203.8053349684449,3934400,5.756744384765625,0.0290505274539474,206.76027825759544,207.56332611083985,180.4305619049072,44.7064823270245,4.065109481278822,180063900.0,-3.377631255712089,-2.023559102300757,-1.3540721534113322,189.29538938026687,211.6413444519043,233.9872995235417,21.11681451420337,0.3272296303527928,18.896106235724258,14.031347330413316,0.0004212032314945,1
2024-11-07,IBM,204.0057983398437,204.7981853688732,202.3255503487348,203.9580613733187,3675800,0.0858917236328125,0.0004212032314945,206.4979468368572,207.8541217041016,180.64300369262696,44.850800266387175,3.9513613054830814,183739700.0,-3.1270067870344747,-1.4183477068985135,-1.708659080135961,188.71435436854776,210.71864547729493,232.7229365860421,20.884996730028945,0.3474650443344053,27.18744746016181,19.45696760532785,0.000140466624442,1
2024-11-08,IBM,204.03445434570312,206.879400063222,203.13705174360464,204.4545163779431,3201000,0.028656005859375,0.000140466624442,206.2633285043663,208.13708953857423,180.7789764404297,44.90246893375678,3.9364318064926698,186940700.0,-2.892727230913323,-0.9472545206218896,-1.945472710291433,188.3153103518766,209.7859230041504,231.25653565642412,20.46906898691101,0.3660618410942695,34.05972131472445,26.71442500353682,-0.0007017857695734,0
2024-11-11,IBM,203.89126586914065,205.6478757378549,203.80533349211888,204.683638426476,3013000,-0.1431884765625,-0.0007017857695734,206.037417777202,208.3555209350586,180.9282089996338,44.67722591491908,3.786868266438625,183927700.0,-2.687631762214636,-0.5937272415385619,-2.093904520676074,188.26233973845464,208.7505729675293,229.238806196604,19.629391132029674,0.3814122466281552,34.02619767913689,31.757788818007697,-0.0049080175162536,0
2024-11-12,IBM,202.8905639648437,204.978547228742,201.1585918826448,203.89125078895623,2817800,-1.000701904296875,-0.0049080175162536,205.73771741412023,208.57016784667968,181.0737381744385,43.05184834877528,3.789231629271381,181109900.0,-2.5761442191357844,-0.3857917587677679,-2.1903524603680165,188.13946196187925,207.7749755859375,227.41048920999577,18.90074930215728,0.3756230238075063,39.51721426494752,35.8677110862696,0.0002844328445179,1
2024-11-13,IBM,202.94827270507807,203.41975843102617,201.1682023005794,201.5819433947536,3247800,0.057708740234375,0.0002844328445179,205.47205601325908,208.73193389892572,181.216166381836,43.18022590839177,3.679397665069623,184357700.0,-2.4548351138657267,-0.2115861227981681,-2.2432489910675586,188.34803070133816,206.76837234497071,225.18871398860327,17.817368715269666,0.3963075790395803,48.082288878603016,40.54190027422913,-0.0091503891080716,0
2024-11-14,IBM,201.0912170410156,202.5441412245829,198.55099656971032,202.0630387513654,6372900,-1.8570556640625,-0.0091503891080716,205.0548332539978,208.8855813598633,181.3688571166992,40.05130780683483,3.7306746986623502,177984800.0,-2.4799582312133737,-0.1893673921166518,-2.290590839096722,188.5941445841832,205.70662689208984,222.8191091999965,16.637755007167133,0.3651449343225408,54.85204782374266,47.483850322431046,-0.0191395002577641,0
2024-11-15,IBM,197.242431640625,200.61014954024333,196.35720469743265,199.6190794472081,3986500,-3.848785400390625,-0.0191395002577641,204.31079500510515,208.9975759887696,181.4872599029541,34.47554949066357,3.8023416732995376,173998300.0,-2.7784055689816967,-0.3902517839079795,-2.388153785073717,188.6676686822784,204.4849006652832,220.302132648288,15.470317790256455,0.2710576340904639,45.80850363248026,49.58094677827529,0.0151225236878098,1
2024-11-18,IBM,200.2252349853516,200.5427643972952,197.60803621001304,199.1764350587422,3405900,2.9828033447265625,0.0151225236878098,203.9216940508429,209.1159558105469,181.62573066711423,41.29638664921021,3.7664838935403,177404200.0,-2.742624662879223,-0.2835767022444044,-2.4590479606348183,189.5342059978307,203.4337951660156,217.33338433420053,13.664975533531113,0.3845807548035953,41.55322227010522,47.40459124210937,0.0103800796237696,1
2024-11-19,IBM,202.3035888671875,202.38056702432573,198.39703915543703,198.69532033804623,2860700,2.078353881835937,0.0103800796237696,203.76758879525664,209.2417254638672,181.7855975341797,45.54957963937926,3.781987034636614,180264900.0,-2.517541595867499,-0.0467949081861442,-2.470746687681354,191.38254057351128,202.46273956298828,213.54293855246527,10.94542039033294,0.4928182383749641,44.7625257183115,44.04141720696564,0.0206896608943256,1
2024-11-20,IBM,206.4891815185547,206.83557587672547,201.84172999729745,203.0252379368468,4562900,4.185592651367188,0.0206896608943256,204.0267881022374,209.36394897460937,181.96643882751465,52.94375388098034,3.868548380693145,184827800.0,-1.9786110999986304,0.393708470146179,-2.3723195701448097,194.92311197839408,201.6770965576172,208.43108113684028,6.697820123856804,0.8562404462501036,69.04866907772869,51.78813902204845,0.0363467880044117,1
2024-11-21,IBM,213.9944000244141,214.2157177598868,207.1338879126945,207.6534721863208,5236400,7.505218505859375,0.0363467880044117,204.976084475778,209.6034356689453,182.18327392578124,62.719701909515535,4.1441189421673545,190064200.0,-0.935116943508632,1.149762101308942,-2.084879044817574,193.80564120298035,201.95217590332032,210.0987106036603,8.067786013100374,1.2391010143608174,86.25237939150185,66.687858062514,0.0025629019040258,1
2024-11-22,IBM,214.5428466796875,218.6129696552481,212.54145854904064,214.9084892722535,5320700,0.5484466552734375,0.0025629019040258,205.8872046856741,209.7931735229492,182.3921683502197,63.31940150171387,4.28178981102736,195384900.0,-0.0631572080201863,1.6173774694379102,-1.6805346774580965,192.6668984706805,202.4322486877441,212.19759890480776,9.648018317602032,1.1200800648594116,92.29734658868058,82.53279835263702,0.0141723351170814,1
2024-11-25,IBM,217.5834197998047,217.86245278770232,214.2349358525348,214.90849109340783,7189300,3.0405731201171875,0.0141723351170814,207.00112993463893,209.99847106933595,182.6069882965088,66.53357585267052,4.235056034180231,202574200.0,0.8632747106541387,2.0350475104897883,-1.1717727998356495,191.35493350307715,203.1483627319336,214.94179196079003,11.610656438731503,1.1119957472823538,91.97949524275396,90.17640707431212,0.011940000618533,1
2024-11-26,IBM,220.18136596679688,220.3256908400668,216.98683840565147,218.16072964852225,4449500,2.5979461669921875,0.011940000618533,208.2563905091302,210.31358123779296,182.83564140319825,69.03061301593259,4.171041491339878,207023700.0,1.7865173644108268,2.366632131397181,-0.5801147669863543,190.2429118156053,204.1127548217773,217.9825978279493,13.59037363273311,1.079264348481417,92.18949707991578,92.15544630378342,-0.0083468204631441,0
2024-11-27,IBM,218.3435516357422,220.52776104468293,215.79371431932967,220.18136666565303,2995100,-1.8378143310546875,-0.0083468204631441,209.21707252118847,210.5764691162109,183.0666316986084,65.31779728786971,4.211256150912263,204028600.0,2.3428901822339583,2.33840395937625,0.0044862228577082,190.64565848446773,205.2492248535156,219.8527912225635,14.23008187190018,0.9483263352019228,95.24507016658298,93.13802082975089,0.0021594951501335,1
2024-11-29,IBM,218.8150634765625,221.65356556130092,218.603377181774,219.142209684114,2640300,0.4715118408203125,0.0021594951501335,210.1311668978908,210.86883544921875,183.30058868408204,65.82564977526289,4.146881706244158,206668900.0,2.7897086885456304,2.2281779725503377,0.5615307159952927,191.05840109328471,206.3223945617676,221.5863880302504,14.796254668237877,0.9092201998313822,93.0467374737498,93.49376824008284,-8.807369236718543e-05,0
2024-12-02,IBM,218.79579162597656,219.74837984961133,216.98684155033664,218.901634761936,2655900,-0.0192718505859375,-8.807369236718543e-05,210.95636925294656,211.0880697631836,183.51898712158203,65.78325017730548,4.047928605746336,204013000.0,3.10645126024113,2.03593643539667,1.07051482484446,191.54712524828724,207.3215675354004,223.0960098225136,15.217367372470443,0.8636966645708287,89.48172753067324,92.59117839033532,0.0070803398367849,1
2024-12-03,IBM,220.34494018554688,220.4507833205176,218.1030008226824,218.6514647080986,3163800,1.5491485595703125,0.0070803398367849,211.8505188655752,211.28482513427736,183.741523513794,67.59040168001606,3.926489598038394,207176800.0,3.442789043270352,1.8978193747407133,1.5449696685296386,192.494728473382,208.49032287597657,224.48591727857115,15.34420800154814,0.8705588242362351,90.76955319974851,91.09933940139052,0.0196069727653964,1
2024-12-04,IBM,224.6652374267578,224.905788662508,220.68170955001867,221.3071368901361,4104200,4.3202972412109375,0.0196069727653964,213.07096825235448,211.55901245117187,184.00534049987792,72.0274407669342,3.971800946532873,211281000.0,4.0117065843355135,1.9733895326447,2.0383170516908136,193.08727780973163,209.8154266357422,226.5435754617528,15.94558521671725,0.9438569666455164,94.22901547018432,91.49343206686868,0.005396416013653,1
2024-12-05,IBM,225.87762451171875,227.58073147844536,224.6363865176496,224.7229814442416,4791100,1.2123870849609375,0.005396416013653,214.2906498008653,211.85248291015623,184.2927433013916,73.13880715469418,3.8984112332659393,216072100.0,4.508436885858288,1.9760958673339792,2.5323410185243085,193.0343595898491,210.9133125305176,228.79226547118608,16.953840159408177,0.9184896070497088,96.17655248398968,93.7250403846408,0.0140148871359246,1
2024-12-06,IBM,229.04327392578125,229.3704347872867,225.36765842538583,225.56971325534764,4028400,3.1656494140625,0.0140148871359246,215.6956616222859,212.1672607421875,184.5748426818848,75.83816895210998,3.9058658853112895,220100500.0,5.098765287479552,2.0531394151641944,3.045625872315357,192.94060423380165,212.1651863098145,231.38976838582727,18.122277655807384,0.9389715092175184,97.55760273166356,95.98772356194584,-0.0337757768187505,0
2024-12-09,IBM,221.30715942382807,230.3037824297608,220.25835945286747,229.00479975161343,4970400,-7.736114501953125,-0.0337757768187505,216.23008998433755,212.37676879882807,184.81118629455565,59.97613041391003,4.344405677567146,215130100.0,4.886041763950345,1.4723327133079902,3.413709050642355,193.7909821159236,213.0288215637207,232.2666610115178,18.06125509833207,0.715157681364665,88.43959723379889,94.05791748315067,0.0074782884729334,1
2024-12-10,IBM,222.962158203125,225.53124395752835,219.1903161208876,219.7676303489975,4769500,1.654998779296875,0.0074782884729334,216.8712393385078,212.61479431152344,185.06325485229493,61.81610110580245,4.48701440321526,219899600.0,4.795719341710964,1.1056082328548866,3.690111108856077,194.76017255380407,213.98236618041992,233.20455980703576,17.96614736974036,0.733578752694263,81.65964155519782,89.21894717355342,-0.0069049868984826,0
2024-12-11,IBM,221.422607421875,224.1937624891056,220.4700338790767,223.8954812915796,3872700,-1.53955078125,-0.0069049868984826,217.30470296549515,212.8550601196289,185.3041585540772,59.09452729199965,4.432493989416234,216026900.0,4.547488671176268,0.6859020498561526,3.8615866213201153,196.13334095655063,214.9089683532715,233.68459574999235,17.47309806620739,0.6734599577146783,69.22609459727677,79.77511112875781,0.0092995373489299,1
2024-12-12,IBM,223.4817352294922,225.0501341283941,221.67279975490777,221.9422159890392,4515700,2.0591278076171875,0.0092995373489299,217.89299175254249,213.12925354003903,185.55334289550785,61.533860239832194,4.374996326352153,220542600.0,4.465443627106566,0.4830856046291605,3.982358022477406,197.649177315714,215.93564147949212,234.2221056432704,16.936957732857515,0.70633003959692,65.82250032312625,72.23607882520025,-0.0061998761581496,0
2024-12-13,IBM,222.0961761474609,224.94429486655704,221.5573289878229,223.4721223182094,2757400,-1.38555908203125,-0.0061998761581496,218.293295028249,213.3186456298828,185.79686470031737,58.98493442284301,4.304422722950867,217785200.0,4.239746145840286,0.2059104986903044,4.033835647149981,199.85399699294948,216.98588943481445,234.11778187667943,15.790789425513896,0.6491454236590508,57.39472495744241,64.14777329261513,-0.0064552453248113,0
2024-12-16,IBM,220.66249084472656,222.29823653012497,218.3050913555861,222.0095720722113,3610300,-1.433685302734375,-0.0064552453248113,218.5189327250564,213.4167370605469,186.018364944458,56.38237950310445,4.282188612350007,214174900.0,3.900233381144716,-0.1068818128042128,4.007115193948929,203.57061797830573,218.15689239501955,232.7431668117333,13.372279240485543,0.5858889109763347,48.02310397894379,57.0801097531708,-0.001569910168057,0
2024-12-17,IBM,220.31607055664065,221.4995785447969,219.01708798963023,220.5662385603399,3651300,-0.3464202880859375,-0.001569910168057,218.6900887090168,213.4865151977539,186.2153616333008,55.74238168785784,4.153638751122629,210523600.0,3.5621515809103244,-0.3559708904308838,3.918122471341208,207.10545942264253,219.161434173584,231.21740892452544,11.001912627924018,0.5478864798122804,37.88124569928891,47.766358211891685,-0.0384328600614157,0
2024-12-18,IBM,211.84869384765625,220.38344833572847,211.71398572173925,220.38344833572847,4152500,-8.467376708984375,-0.0384328600614157,218.0385272936491,213.3583056640625,186.37522232055665,42.91871893710911,4.476197598470243,206371100.0,2.5812181072930684,-1.069523491238512,3.65074159853158,209.72439260213312,219.63868942260743,229.55298624308173,9.027823692207686,0.1071332281042953,21.81537602131166,35.906575233181435,0.0170321836027185,1
2024-12-19,IBM,215.4569396972656,217.65076590090007,214.55246465711963,215.9380421924852,4427200,3.608245849609375,0.0170321836027185,217.7926618082793,213.1938088989258,186.5333981323242,48.36956904650994,4.570902916668356,210798300.0,2.0711021702991843,-1.263711542585917,3.334813712885101,211.93817746062305,220.08707733154296,228.2359772024629,7.405159784683124,0.2159041276970167,17.342037020164344,25.679552913588285,-0.0025008877361814,0
2024-12-20,IBM,214.9181060791016,219.07482398043496,213.3015940693009,214.31191224016595,12423200,-0.5388336181640625,-0.0025008877361814,217.51889459597663,213.0429754638672,186.6870994567871,47.63798013596946,4.656783416273051,198375100.0,1.6048525045922872,-1.3839689666342512,2.9888214712265384,212.11356524687696,220.1332626342773,228.15296002167773,7.286220438865764,0.1748532829075802,12.698332262647256,17.285248434707736,-0.0064021876519582,0
2024-12-23,IBM,213.5421600341797,215.28376351036297,212.72429454964663,214.3889051777752,2988100,-1.375946044921875,-0.0064021876519582,217.1401579710436,212.8600405883789,186.83668533325195,45.73566990224208,4.506975240876141,195387000.0,1.111506187368434,-1.5018522270864838,2.613358414454918,211.91355823303417,220.083228302002,228.2528983709697,7.424164150988567,0.0996736580178257,15.734883644608145,15.258417642473228,0.0111747312321615,1
2024-12-24,IBM,215.92843627929688,215.957301255894,213.16689783414327,213.86931808356263,1186200,2.3862762451171875,0.0111747312321615,217.0247559051629,212.6866439819336,187.0179755401612,49.501901538947045,4.384362968081468,196573200.0,0.9026727767623016,-1.3685485101540928,2.2712212869163944,211.69874616399136,220.00047912597657,228.30221208796172,7.547013529212793,0.2547474204888217,16.580323375941692,15.00451309439901,0.002138917112086,1
2024-12-26,IBM,216.39028930664065,216.88100858797168,214.13873305288604,214.8700035924921,3286500,0.46185302734375,0.002138917112086,216.9643305148275,212.5663995361328,187.1732276916504,50.22200964639757,4.267071008581766,199859700.0,0.7656129640611482,-1.204486658284197,1.9700996223453453,211.3625409713265,219.8109252929688,228.25930961461103,7.686955787463317,0.2975567957079392,19.220092654867013,17.17843322513893,-0.0093823199110606,0
2024-12-27,IBM,214.36004638671875,215.9380621294493,213.0418301263765,214.70644080254172,1810800,-2.030242919921875,-0.0093823199110606,216.71630345500765,212.3919937133789,187.32338890075684,47.04605164942633,4.201455877987646,198048900.0,0.4875482856939754,-1.186041069321096,1.6735893550150711,210.8522812346592,219.6117500305176,228.37121882637595,7.977231450176175,0.2002270476560215,20.68664330338512,18.82901977806459,-0.0113565342425774,0
2024-12-30,IBM,211.9256591796875,213.2150104042316,209.4239202132459,212.2046921800116,2095600,-2.43438720703125,-0.0113565342425774,216.26005161926287,212.183984375,187.47669990539552,43.49432454486163,4.253932327665161,195953300.0,0.0699391076580013,-1.282920197885656,1.3528593055436575,209.88954494576248,219.26727981567385,228.64501468558515,8.55370201864564,0.1085610897604887,18.30694777614492,19.404561244799,-0.0019069376963818,0
2024-12-31,IBM,211.5215301513672,212.69542144391235,210.1840657681668,212.3778920271993,2270200,-0.4041290283203125,-0.0019069376963818,215.80876386041564,211.98087585449213,187.63904792785644,42.9151070359222,4.129462566813759,193683100.0,-0.2902828102436956,-1.3145136926298824,1.0242308823861868,208.9352353951152,218.90356674194337,228.8718980887716,9.10750929753416,0.129725561193095,14.396429223063862,17.796673434197945,0.0005003507721494,1
2025-01-02,IBM,211.6273651123047,214.0809907414833,209.3758089885288,213.43631516837223,2579500,0.1058349609375,0.0005003507721494,215.4105354082146,211.78847625732425,187.7990201568604,43.12870445611807,4.170585365823814,196262600.0,-0.5607572184366916,-1.2679904806583029,0.7072332622216111,208.0378855338324,218.46768798828128,228.8974904427301,9.548141924775916,0.1720780232487141,14.439986562257394,15.714454520488706,0.0123215372525518,1
2025-01-03,IBM,214.2349395751953,215.20677603169943,212.21431786371383,212.21431786371383,3872100,2.607574462890625,0.0123215372525518,215.298573900308,211.63868103027343,187.9642991638184,48.2650162332296,4.128358619650311,200134700.0,-0.5582653335887926,-1.012398876648323,0.4541335430595303,207.768050669473,217.9461730957032,228.12429552193325,9.34003316659363,0.31768574963573,19.66653255916616,16.167649448162454,8.988539327470235e-05,1
2025-01-06,IBM,214.2541961669922,215.870708281491,212.40676423762488,214.57172559452025,2846700,0.019256591796875,8.988539327470235e-05,215.1991093542779,211.4797241210937,188.1267693328857,48.30214907051253,4.080900435665728,202981400.0,-0.5484148656747152,-0.8020387269873964,0.2536238613126812,207.7531501568305,217.3650016784668,226.9768532001031,8.843973452409294,0.3381786534845978,27.775752851791,20.6274239910715,0.0057933122304436,1
2025-01-07,IBM,215.4954376220703,218.1415013642357,214.40814127702305,214.90849198652484,3299300,1.241241455078125,0.0057933122304436,215.2273310940677,211.6197766113281,188.3050979614258,50.75567976246236,4.067072204349859,206280700.0,-0.4354311081782782,-0.5512439755927676,0.1158128674144893,208.6891789918805,216.68760986328124,224.686040734682,7.382453363574687,0.4254746174356726,39.81297733929144,29.08508758341618,-0.0034827595753761,0
2025-01-08,IBM,214.7449188232422,216.39991270547765,212.48374573538712,215.4473390900393,2619800,-0.750518798828125,-0.0034827595753761,215.1813870682748,211.8158471679688,188.4846405792236,49.23416704607951,4.0562932590456215,203660900.0,-0.4018193378732917,-0.4141057642302248,0.0122864263569331,208.6115285215861,216.359497833252,224.1074671449178,7.162125434065463,0.3958063109788802,45.66794096964878,37.75222372024373,-0.0153687886110677,0
2025-01-10,IBM,211.44454956054688,214.0232519230321,208.60604773608244,213.609510818846,3570300,-3.3003692626953125,-0.0153687886110677,214.8254977818245,211.97951538085937,188.65728675842288,43.1136097670519,4.20504881819663,200090600.0,-0.6341835121471036,-0.5171759508032293,-0.1170075613438742,208.37978097135405,215.78361740112305,223.18745383089205,6.862278535266104,0.2069716570770083,42.12216020824753,42.53435950572924,-0.0106939842955626,0
2025-01-13,IBM,209.1833648681641,211.2905962049827,206.63352744539648,209.654850612146,3716800,-2.2611846923828125,-0.0106939842955626,214.28815179004727,212.1453121948242,188.81998565673828,39.491312211464,4.2483326251219,196373800.0,-0.989387458766572,-0.6979039179381583,-0.2914835408284138,207.71029961210976,215.1716552734375,222.6330109347652,6.935258876775317,0.0987129767643437,32.12838121797288,39.9728274652897,0.0016099594420937,1
2025-01-14,IBM,209.5201416015625,209.8857842048055,206.4988184477257,209.7606928548364,3485500,0.3367767333984375,0.0016099594420937,213.8340555816202,212.42343200683592,188.9735919189453,40.29588388130474,4.18680642026175,199859300.0,-1.2295406979406778,-0.7504457256898112,-0.4790949722508666,207.6692385251412,214.47357559204104,221.2779126589408,6.345151889333537,0.1360090673215714,24.519777265712047,32.92343956397746,0.0104706741886599,1
2025-01-15,IBM,211.7139587402344,213.30159107064367,209.77030058649387,212.52220739273065,2951600,2.193817138671875,0.0104706741886599,213.6321415967263,212.71067779541016,189.13741737365723,45.3899288252008,4.15785235232028,202810900.0,-1.22867772955982,-0.5996662058471626,-0.6290115237126573,208.02796594707976,213.9544647216797,219.88096349627963,5.539962704035511,0.3109755804685399,30.412879599158927,29.0203460276146,0.0119529630729939,1
2025-01-16,IBM,214.2445678710937,214.2638013999084,209.16412666824985,211.38681785923364,3329100,2.530609130859375,0.0119529630729939,213.69046790857084,213.01932250976563,189.31919059753417,50.62339099416643,4.225125379415871,206140000.0,-1.0121276358645446,-0.3064928897215097,-0.7056347461430349,208.5612121732225,213.6335685729981,218.7059249727736,4.748651097912388,0.5602283485169466,45.75753138780332,33.56339608422474,0.009566096696383,1
2025-01-17,IBM,216.29405212402344,217.4198448767376,215.187522264076,217.4198448767376,5506800,2.0494842529296875,0.009566096696383,213.9384283100425,213.40580688476564,189.5156625366211,54.43211429904898,4.150136209860725,211646800.0,-0.6674400421560165,0.0305557631896148,-0.6979958053456313,209.1837618347215,213.4324676513672,217.68117346801284,3.981311618985493,0.8367595446883009,65.15143046025598,47.10728048240605,-0.0023576641403728,0
2025-01-21,IBM,215.7841033935547,218.8535399114492,214.4081571928898,216.4865236647166,3982200,-0.50994873046875,-0.0023576641403728,214.11420688942465,213.7582257080078,189.700120010376,53.32982663605723,4.171225246196344,207664600.0,-0.4304591761009249,0.2140293033957652,-0.6444884794966901,209.3279596124553,213.6292381286621,217.93051664486887,4.026863133422065,0.7504912500752129,75.2722553860987,62.06040574471931,-0.0044591757369926,0
2025-01-22,IBM,214.82188415527344,215.91879727381533,212.02187874878703,213.5902629232995,4759500,-0.96221923828125,-0.0044591757369926,214.18160472426737,213.97626525878903,189.89363540649413,51.22202987796161,4.151631908970055,202905100.0,-0.3166431185576925,0.262276288751198,-0.5789194073088906,209.34150764688044,213.5974853515625,217.85346305624452,3.9850447655571455,0.6438445979597057,75.55178371028441,71.99182318554635,0.0124518354744485,1
2025-01-23,IBM,217.496810913086,217.496810913086,214.7160390609401,215.47618923001704,3619700,2.6749267578125,0.0124518354744485,214.497338647012,214.24608551025392,190.0949028778076,56.38305896970258,4.053713333482608,206524800.0,-0.0104780544056097,0.4547530823226247,-0.4652311367282344,209.17241255832243,213.7264205932617,218.28042862820092,4.261530251897036,0.9139639511938747,77.18059637559679,76.00154515732662,-0.0054855975615325,0
2025-01-24,IBM,216.3037109375,218.23773791654992,215.34150583073364,216.755948512247,3232900,-1.1930999755859375,-0.0054855975615325,214.66937410324897,214.49147064208984,190.28701873779292,53.656083818197374,3.9710361015064417,203291900.0,0.1343382007027287,0.4796554699447705,-0.3453172692420418,209.17574326518587,213.8644981384277,218.5532530116696,4.384790289229753,0.7601130646637712,78.5825099287028,77.10496333819465,-0.0029804566694507,0
2025-01-27,IBM,215.65902709960932,215.8226001997065,211.53115912615087,213.7923469141372,4898400,-0.644683837890625,-0.0029804566694507,214.763626769569,214.7268258666992,190.478300857544,52.187319325239685,4.028287223638063,198393500.0,0.1948395394236683,0.4321254469325681,-0.2372859075088998,209.18457344127435,213.8510276794433,218.5174819176124,4.364210253096261,0.693723041938095,80.84114156949967,78.86808262459975,0.0068263684045557,1
2025-01-28,IBM,217.13119506835932,217.23703821112403,213.38821801180367,215.8418438252872,4485400,1.47216796875,0.0068263684045557,214.9891094646919,215.0116384887696,190.69226531982423,55.20294818751453,4.015468150472512,202878900.0,0.3574583802087261,0.4757954301741007,-0.1183370499653746,209.1306960178817,213.8880729675293,218.6454499171769,4.4484733380807375,0.8408519164190159,79.85470129563325,79.75945093127855,0.0131614325037896,1
2025-01-29,IBM,219.98895263671875,220.7972013820484,215.27413892479387,217.0927059428277,7079800,2.857757568359375,0.0131614325037896,215.4652850048849,215.3524520874024,190.9211744689941,60.42146636105191,4.123153458099797,209958700.0,0.7087619688387292,0.6616792150432831,0.0470827537954461,208.7183363576177,214.1695182800293,219.6207002024409,5.090530124164639,1.033777301832823,84.84995793221384,81.84860026578224,0.1296416446027368,1
2025-01-30,IBM,248.50868225097656,251.9052648285372,237.67425891076064,240.5512572328152,15381900,28.51972961425781,0.1296416446027368,218.6122752187984,216.3008013916016,191.3096907043457,82.42512087766781,6.108379081936844,225340600.0,3.251000909571218,2.5631345246206174,0.6878663849506005,200.1506138969304,215.99866943359376,231.8467249702571,14.674215890515596,1.5256782840700307,90.97536397192071,85.2266743999226,-0.0099507775416892,0
2025-01-31,IBM,246.03582763671875,247.5176169493145,242.3698287559592,246.37259059399403,7199800,-2.4728546142578125,-0.0099507775416892,221.2240421157432,217.27666931152345,191.69062187194825,78.3573834959105,6.110555825728315,218140800.0,5.008470356477034,3.4564831772211466,1.551987179255887,197.3360122213628,217.72438430786133,238.11275639435988,18.728606950767148,1.1943036748776434,91.31347802013454,89.04626664142302,0.0196715447162538,1
2025-02-03,IBM,250.875732421875,252.1554522138781,242.32171546106989,242.86054793814148,8408500,4.83990478515625,0.0196715447162538,224.04801262108907,218.2896792602539,192.0840389251709,80.39653320932666,6.376497320519739,226549300.0,6.714417793678081,4.129944491537755,2.584473302140326,194.9350548418442,219.68680267333983,244.43855050483552,22.533668413664262,1.1300348961386963,92.26341349863804,91.51741849689776,0.0143059663074756,1
2025-02-04,IBM,254.4647521972656,255.22490244725688,248.3643753947996,250.1733256787438,6077700,3.589019775390625,0.0143059663074756,226.9448449616773,219.33290252685543,192.4984465026856,81.76832921923844,6.41107087280099,232627000.0,8.26077228873936,4.541039189279228,3.719733099460133,192.84658217932213,221.69829330444333,250.55000442956452,26.02790548820429,1.067842557946112,94.20677255025493,92.59455468967582,-0.0043863252238075,0
2025-02-05,IBM,253.3485870361328,255.67713626116,251.3087169549945,255.6675048137797,6165100,-1.1161651611328125,-0.0043863252238075,229.4594870640064,220.27009063720703,192.91491065979005,79.89584509733179,6.265167189469877,226461900.0,9.289124916873789,4.455513453930924,4.833611462942865,191.92916025879583,223.6530128479004,255.3768654370049,28.368813086975027,0.9680322811490946,96.84684195035295,94.43900933308196,-0.0374477525849592,0
2025-02-06,IBM,243.8612518310547,253.42557244032977,243.1780797809276,253.0406962906225,6128300,-9.487335205078123,-0.0374477525849592,230.83108370848723,220.86742767333985,193.2834227752685,66.05034686799947,6.549619008750755,220333600.0,9.232130863675168,3.518815520585841,5.7133153430893255,192.4105931131543,225.0713035583496,257.7320140035449,29.02254523685028,0.7876536979229926,88.85932126681384,93.3043119224739,-0.0043403417072699,0
2025-02-07,IBM,242.8028106689453,247.21932817696532,242.49491269793145,245.63169577042223,3370300,-1.058441162109375,-0.0043403417072699,231.97124818091183,221.432626953125,193.64514335632325,64.7031928081471,6.419247328056697,216963300.0,8.997833881842155,2.627614831002263,6.370219050839892,193.3018606029164,226.4741981506348,259.64653569835315,29.294584388508977,0.7461179061442662,79.68840208932143,88.46485510216273,-0.0055849789392813,0
2025-02-10,IBM,241.4467620849609,244.0426442323833,239.12207628409075,242.9868570058525,3564400,-1.356048583984375,-0.0055849789392813,232.87367807653555,221.9098937988281,193.998724975586,62.932233751751085,6.312198800930689,213398900.0,8.603553637161184,1.7866676690570331,6.816885968104151,194.94310962179367,227.97430877685548,261.0055079319173,28.978001365402296,0.7039352741155462,70.6122077069519,79.71997702102904,0.0217836117333414,1
2025-02-11,IBM,246.7063446044922,248.69200917216784,242.7156538022609,243.21933795920896,4801600,5.25958251953125,0.0217836117333414,234.19107488872191,222.440393371582,194.36965507507324,66.73524684944044,6.378845107093277,218200500.0,8.616166254571368,1.439424229173773,7.176742025397595,197.0398147313861,229.85045776367187,262.6611007959576,28.549556395507448,0.7568661459062855,72.76045386517416,74.35368788714915,0.0043580133208833,1
2025-02-12,IBM,247.781494140625,248.35297365876443,244.1104484106557,244.7884762101345,3075300,1.0751495361328125,0.0043580133208833,235.4854005317603,223.02915222167968,194.81713371276857,67.46996077989006,6.226250831451524,221275800.0,8.613624920614768,1.1495063161737384,7.46411860444103,199.4596703997581,231.763525390625,264.06738038149194,27.87656507763291,0.747926582671459,76.51971182009771,73.29745779740792,0.0132130167807487,1
2025-02-13,IBM,251.0554351806641,251.1426070220197,246.42545461661547,247.6362239017725,4531500,3.2739410400390625,0.0132130167807487,236.96826097451304,223.6739596557617,195.2893222808838,69.6669914626785,6.118458086733862,225807300.0,8.774641965060852,1.0484186884958575,7.726223276564994,201.76029953182496,233.7305992126465,265.70089889346804,27.35653764506476,0.7709520420668821,83.77493922644965,77.68503497057382,0.0080635529848382,1
2025-02-14,IBM,253.079833984375,253.7191237042774,249.8156047713827,250.8713920246196,3925300,2.024398803710937,0.0080635529848382,238.5026964992618,224.3596405029297,195.7702272796631,70.97247512892484,5.960248147173921,229732600.0,8.962289503141534,0.988852981261232,7.973436521880302,203.9555566182496,235.6723625183105,267.3891684183715,26.91601642309396,0.7744203108111682,88.50125321002987,82.93196808552572,0.0068509644371343,1
2025-02-18,IBM,254.8136749267578,255.6757273109024,251.6753407508416,253.70943911898408,4262800,1.7338409423828125,0.0068509644371343,240.05612301616617,225.0490151977539,196.26556449890137,72.08077474593834,5.820258033808701,233995400.0,9.145484549712336,0.9376384222656268,8.20784612744671,206.1453255442888,237.59834365844728,269.0513617726058,26.47578903948328,0.7736673982418413,93.7506471477049,88.67561319472811,0.0047515882091819,1
2025-02-19,IBM,256.0244445800781,256.06316791528724,251.92719055717745,253.77724962643907,3718700,1.2107696533203125,0.0047515882091819,241.5769155460625,225.67619934082032,196.77524894714355,72.8600539974381,5.699952271258778,237714100.0,9.281376999573013,0.8588246977010421,8.42255230187197,208.8559866992792,239.61036071777343,270.36473473626774,25.670320704302547,0.7668577135147345,97.1701648827784,93.14068841350438,0.0015889081102136,1
2025-02-20,IBM,256.4312438964844,256.77026521478393,253.9225334367437,255.37545660677247,4884800,0.40679931640625,0.0015889081102136,242.991613484198,226.28727172851563,197.28574913024903,73.13140911203948,5.496222236028885,242598900.0,9.31452599265782,0.71357895262868,8.60094704002914,212.3273677165045,241.690828704834,271.05428969316347,24.298365929465813,0.7509992810028248,98.57710013372125,96.49930405473482,-0.0123140204640415,0
2025-02-21,IBM,253.27354431152344,256.51838198308,252.9054657606524,255.56915788851103,5667900,-3.157699584960937,-0.0123140204640415,243.97084499156227,226.77187713623047,197.77568161010743,67.49052571493455,5.361700377914514,236931000.0,8.982452718437798,0.3052045427269263,8.677248175710872,215.92653750385665,243.47966537475585,271.0327932456551,22.632795908019983,0.6777271709886622,92.68497981137466,96.1440816092914,0.0014915171730516,1
2025-02-24,IBM,253.6513061523437,255.56917525626065,251.4331686438464,253.29292318944417,4398100,0.3777618408203125,0.0014915171730516,244.89279367354143,227.4187600708008,198.25391494750977,67.81040830824858,5.274150823235927,241329100.0,8.650052063904212,-0.0217568894453279,8.67180895334954,220.48316808276743,245.34704513549804,270.2109221882286,20.26833218146073,0.6669944916320629,86.86418322901329,92.70875439136972,-0.0157328644651131,0
2025-02-25,IBM,249.66064453125,255.2108219745781,248.7113907019798,252.88612113226745,6292200,-3.99066162109375,-0.0157328644651131,245.3468747076089,227.95272979736328,198.71327262878413,60.98377652096369,5.361670855333239,235036900.0,7.972704731588038,-0.5592833774092014,8.53198810899724,226.21213075430447,247.04712600708007,267.8821212598557,16.86722334278724,0.5627194413164492,74.07609225865286,84.54175176634692,-0.0074104497315692,0
2025-02-26,IBM,247.810546875,250.2223896303405,246.42543402288527,249.9996270187579,3460100,-1.85009765625,-0.0074104497315692,245.5815101521224,228.4804885864258,199.1562579345703,58.06526786907777,5.24990548048481,231576800.0,7.203576327917688,-1.062729424863642,8.26630575278133,232.90280356282355,248.5810935974121,264.2593836320007,12.61422564982376,0.4754263149644445,63.75775788077917,74.89934445614843,-0.0102016488150127,0
2025-02-27,IBM,245.282470703125,249.54438728066603,245.10812702753773,247.21002064709475,3402200,-2.528076171875,-0.0102016488150127,245.55303020459883,228.91650329589845,199.59587768554687,54.24505955149309,5.19178796424506,228174600.0,6.317220917280878,-1.5592678684003616,7.876488785681239,241.0091844418177,249.8457695007324,258.68235455964714,7.07363192626627,0.2417951184092452,47.95096984512616,61.92827332818606,-0.003119659353205,0
2025-02-28,IBM,244.51727294921875,244.87565591619804,238.8024332444547,242.98685884983712,7988800,-0.76519775390625,-0.003119659353205,245.4543866564674,229.3649252319336,200.0275073242188,53.106164353503154,5.283805785275434,220185800.0,5.489750379663718,-1.909390724814017,7.399141104477735,240.5222231118217,249.6461990356445,258.77017495946745,7.30952520732765,0.2189314105359446,38.64804350703451,50.118923744313264,-0.0089130618737942,0
2025-03-03,IBM,242.3378753662109,247.95584731938564,240.4587592334,246.7450781389556,2977700,-2.1793975830078125,-0.0089130618737942,245.1575760573953,229.79843292236328,200.4462996673584,49.89315492459646,5.441897378183306,217208100.0,4.6050309161662994,-2.235288150649149,6.840319066815448,239.912188856422,249.4613014221192,259.01041398781626,7.65578669818519,0.1270110962196959,28.796375285940552,38.46512954603373,0.0120708821482125,1
2025-03-04,IBM,245.2631072998047,247.4618535747049,240.31348210819456,240.9430761943312,5342100,2.92523193359375,0.0120708821482125,245.16762665191047,230.29737365722656,200.8806645965576,53.92275625807051,5.563788384492383,222550200.0,4.092747491705239,-2.1980572600881683,6.290804751793408,239.4855487664736,249.18067016601563,258.87579156555773,7.781599907474967,0.2979621551517659,29.146450738212213,32.196956510395744,-0.0073456644304688,0
2025-03-05,IBM,243.46148681640625,244.80786163184325,239.2576847457076,243.6842642201396,4009800,-1.8016204833984373,-0.0073456644304688,245.00513714376729,230.92962951660155,201.3017626953125,51.19216790834122,5.595333682321292,218540400.0,3.5010258243867725,-2.231823141925309,5.732848966312082,238.94845300762995,248.63050689697263,258.3125607863154,7.788307243692146,0.2330617997150332,27.187790886992264,28.376872303715,-0.0105828764164714,0
2025-03-06,IBM,240.8849639892578,244.1879460202464,239.05428149118487,241.9116939390905,3254400,-2.576522827148437,-0.0105828764164714,244.61273970048063,231.43819000244144,201.70661842346192,47.48853219482829,5.5623573142313,215286000.0,2.791993912790588,-2.352684042817195,5.144677955607783,238.02056553579573,248.0073257446289,257.99408595346205,8.053600980413334,0.1434097942458137,24.492397290717253,26.94221297197389,0.0516709163579298,1
2025-03-07,IBM,253.3317108154297,253.7385127794392,237.4851455722955,238.2309836594125,6700200,12.446746826171877,0.0516709163579298,245.4431179019044,232.206462097168,202.1734239959717,61.84824626752124,6.3260008780107535,221986200.0,3.197569866615936,-1.5576864711934777,4.7552563378094135,238.42747547725736,248.4808486938477,258.534221910438,8.091869670790626,0.7412554481503295,39.89673603939401,30.52564140570116,-0.0177412265868193,0
2025-03-10,IBM,248.83729553222656,258.0875905308215,246.75477829079932,253.35104693743995,8165500,-4.494415283203125,-0.0177412265868193,245.766372914316,232.9123648071289,202.61354598999023,55.90350820494689,6.683630261011566,213820700.0,3.120360407658154,-1.307916744121008,4.428277151779162,239.07260122419635,248.7825729370117,258.49254464982704,7.805990265462666,0.5028178555423929,49.62040722374358,38.003180184618266,-0.0309459258179567,0
2025-03-11,IBM,241.1367950439453,248.6435789923484,238.1437770774844,247.95585557182065,5630600,-7.70050048828125,-0.0309459258179567,245.32546073618545,233.41653198242187,202.9983666992188,47.4824134080857,6.9700508462780375,208190100.0,2.410024064308004,-1.6146024699769264,4.024626534284931,239.00944425712947,248.7670745849609,258.5247049127924,7.844792438156007,0.1090096014781399,51.66508109630499,47.06074145314751,0.0027314823046886,1
2025-03-12,IBM,241.7954559326172,245.1856096770016,237.8241270629508,242.49286017099664,3848800,0.658660888671875,0.0027314823046886,244.98926980251227,233.9246353149414,203.38543968200685,48.201162180221175,6.998010258261804,212038900.0,1.878570828422795,-1.7168445646897084,3.5954153931125035,238.3312625859201,248.5215301513672,258.7117977168142,8.200712074515584,0.1699755832929925,31.24889599395132,44.17812810466662,-0.0153426915179669,0
2025-03-13,IBM,238.08566284179688,241.44675938547343,235.41227493968083,240.99150897547244,3862400,-3.709793090820313,-0.0153426915179669,244.3317834253013,234.39914764404296,203.7682545471192,44.50655059621523,6.954093882167129,208176500.0,1.1448439631091103,-1.9604571440027143,3.105301107111825,236.8754933041644,248.03673858642577,259.1979838686871,8.999671053465597,0.0542130159775175,16.811854474848364,33.24194385503488,0.0103742300769162,1
2025-03-14,IBM,240.5556182861328,241.13677860452256,234.09494115847988,235.13136663511483,4045200,2.469955444335937,0.0103742300769162,243.9721486501424,234.97174682617188,204.16237800598145,47.39750811739696,6.960361279586811,212221700.0,0.7539735603390909,-1.881062037418188,2.6350355977572786,235.9860433785597,247.5117477416992,259.0374521048387,9.313258435852166,0.1982340845990765,19.87964956303993,22.64680001061319,0.018602855315488,1
2025-03-17,IBM,245.0306396484375,246.63854476439053,241.18523531662004,241.4273891673396,3233900,4.475021362304688,0.018602855315488,244.0729573166467,235.6419290161133,204.5846970367432,52.251006488973765,6.897687365206162,215455600.0,0.7961255351009413,-1.47112805012507,2.2672535852260114,235.829907351974,247.1092880249024,258.3886686978307,9.129062499497543,0.4078562716899068,28.09898844554073,21.59683082780965,-0.0237973716815349,0
2025-03-18,IBM,239.19955444335932,244.6431826859724,237.42698660360128,244.58505335065647,4171900,-5.831085205078125,-0.0237973716815349,243.6088237096669,236.1933728027344,204.99021110534667,46.26130220170192,6.9481134851797375,211283700.0,0.3549201367446244,-1.5298667587851096,1.884786895529734,235.1291319097846,246.3285820007324,257.5280320916802,9.093098332303551,0.1817242141587282,31.260947958542744,26.41319532237445,0.0216238239642789,1
2025-03-19,IBM,244.37196350097656,245.69897659901247,238.89929261035385,240.5362549390956,3853600,5.172409057617188,0.0216238239642789,243.6815036897917,236.79611328125,205.42830673217773,51.56521369812474,6.937511378285375,215137300.0,0.4178155456286561,-1.1735770799208625,1.5913926255495183,235.4486961677485,245.7459579467773,256.0432197258062,8.380411922184278,0.4332835041350983,36.563051331424354,31.974329245169265,-0.0355542476282317,0
2025-03-20,IBM,235.6835021972656,239.05427959332684,229.77494244621485,236.5746265764589,7026800,-8.688461303710938,-0.0355542476282317,242.91978926193207,237.22469940185547,205.8171869659424,43.753342752675465,7.4846192123194,208110500.0,-0.2307654835545349,-1.457726487283243,1.226961003728708,234.7514403380938,244.7085708618164,254.66570138553905,8.137949961176691,0.0468037381327487,28.32625326881246,32.050084186259845,0.0022604270403374,1
2025-03-21,IBM,236.2162475585937,237.51420350803545,231.01478726668512,234.10467294962712,9580100,0.532745361328125,0.0022604270403374,242.281356718757,237.639115600586,206.2161602783203,44.31044317667332,7.414247571535895,217690600.0,-0.69378500199889,-1.5365968045820786,0.8428118025831884,234.058405808308,243.85570602417,253.65300624003183,8.035325788022247,0.1101243047953238,28.817883024877688,31.23572920837149,0.0187803911304085,1
2025-03-24,IBM,240.6524810791016,241.0108788094196,238.2503191462029,239.5482601697944,4753300,4.4362335205078125,0.0187803911304085,242.12622570545648,238.1572668457032,206.63480674743653,48.85334559390408,7.227132120056607,222443900.0,-0.6947556259019905,-1.2300539427881432,0.5352983168861527,234.4217582460108,243.2057647705078,251.98977129500483,7.2235183510437935,0.3546629215104975,27.34632171801329,28.16348600390113,0.0058362602028825,1
2025-03-25,IBM,242.05699157714844,243.0256070132793,240.41034829170565,240.56533030866223,3133800,1.404510498046875,0.0058362602028825,242.1196319789509,238.7695156860352,207.05304649353027,50.23741494978206,6.897712591593541,225577700.0,-0.5755579197037548,-0.8886849892719261,0.3131270695681712,234.548417350686,242.8255821228028,251.10274689491948,6.81737459435455,0.4535716294881891,34.850022726877974,30.3380758232563,0.0017606513893229,1
2025-03-26,IBM,242.4831695556641,246.3382693916831,241.69859346629207,243.36461309454512,4450100,0.426177978515625,0.0017606513893229,242.15425460530457,239.4355117797852,207.469536895752,50.673599965015775,6.736424258293355,230027800.0,-0.4416132351403803,-0.6037922437668413,0.1621790086264609,234.60427003071285,242.559213256836,250.51415648295904,6.559176309415174,0.4952203492212144,42.22825874627453,34.80820106372192,-0.0164975004997993,0
2025-03-27,IBM,238.48280334472656,242.44443677038737,238.0178573127449,241.8729572334618,2889300,-4.0003662109375,-0.0164975004997993,241.8045925804876,240.01476501464845,207.8574606323242,46.549089341116485,6.574201971480914,227138500.0,-0.6507557214957842,-0.6503477840977961,-0.000407937397988,234.1781500920512,242.219229888916,250.26030968578084,6.639505707744632,0.2676663682876117,39.67383180147898,38.91737109154381,-0.0089760780599965,0
2025-03-28,IBM,236.3421630859375,239.8001272385543,234.47274241489583,238.54092423334623,3125300,-2.1406402587890625,-0.0089760780599965,241.2843612000543,240.5073291015625,208.2329300689697,44.46352689385485,6.485143603779308,224013200.0,-0.977961100720421,-0.7820425306579464,-0.1959185700624746,233.45329649010017,241.81047439575195,250.1676523014037,6.912171961562139,0.1728374475481519,36.8154574248412,39.57251599086489,0.0190983619258153,1
2025-03-31,IBM,240.8559112548828,243.01591947952983,234.8795559523162,235.1217098046725,6795000,4.5137481689453125,0.0190983619258153,241.2435564433713,241.03955596923828,208.63598426818848,49.59201836169753,6.603087884024619,230808200.0,-0.8631026567130675,-0.5337472693204743,-0.3293553873925932,233.37293980484165,241.73637619018555,250.09981257552943,6.919468651887119,0.4473622507103857,43.75680611177444,40.08203177936486,0.0067561484885427,1
2025-04-01,IBM,242.4831695556641,242.75438067841245,235.84816310142304,240.24567040304112,4412900,1.62725830078125,0.0067561484885427,241.3616148350182,241.5633383178711,209.04868896484376,51.33670217553673,6.624740004950676,235221100.0,-0.6334681406140987,-0.2432902025772043,-0.3901779380368944,233.38192062830217,241.5973793029785,249.81283797765485,6.80095015796809,0.5539099694710867,58.62441629863337,46.39889327841632,-0.0014380125775129,0
2025-04-02,IBM,242.1344757080078,244.85628264144125,239.47078333430773,240.4297179096032,4080800,-0.34869384765625,-0.0014380125775129,241.43522063244572,242.09034576416016,209.45908248901367,50.92991909361242,6.536222812249449,231140300.0,-0.4741520814822024,-0.0671793147562463,-0.406972766725956,233.35552467772703,241.5310287475586,249.70653281739013,6.769733985918942,0.5369057953671627,71.45315790752657,57.94479343931145,-0.0259620223051606,0
2025-04-03,IBM,235.84817504882807,242.74471214218485,234.91829773808752,235.0926562000569,5309600,-6.286300659179688,-0.0259620223051606,240.9031210530536,242.51087158203129,209.83761848449703,44.13948247697301,6.628379354524298,225830700.0,-0.8453996423649244,-0.3507415005111746,-0.4946581418537498,232.73748808442213,241.2791893005371,249.820890516652,7.080346416014671,0.1820882565253669,61.5546476691826,63.877407291780834,-0.0657522709148602,0
2025-04-04,IBM,220.3406219482422,232.62267262120884,219.7594615896468,230.5304598585108,7407100,-15.507553100585938,-0.0657522709148602,238.9447878049764,242.5677478027344,210.13724449157715,32.594331755886415,7.304117504856944,218423600.0,-2.363698695042075,-1.49523244255066,-0.8684662524914148,228.6428880320761,239.6296348571777,250.61638168227933,9.169773038839612,-0.3778309546946845,37.16386237776619,56.723889318158434,-0.007473142938107,0
2025-04-07,IBM,218.6939849853516,224.99966595191225,207.76800439800232,212.3592467390292,7797900,-1.646636962890625,-0.007473142938107,237.01613991739305,242.6155532836914,210.42366874694824,31.647757732835824,8.013227794075013,210625700.0,-3.657668152782804,-2.2313615202331114,-1.426306632549693,224.61963636110485,238.122469329834,251.6253022985632,11.34108260067282,-0.2194225237576571,22.17595907879508,40.29815637524794,-0.021038171814225,0
2025-04-08,IBM,214.0930633544922,225.7358247463286,210.46075555911003,225.2611978736353,6850000,-4.600921630859375,-0.021038171814225,234.83298976854533,242.58423400878905,210.67114143371583,29.10442498729311,8.531930750728122,203775700.0,-4.9968041468899855,-2.8563980114722343,-2.140406135417752,219.77975296115807,236.77028274536133,253.7608125295645,14.351910710412872,-0.1673488019176754,15.63760733021337,24.9924762622582,0.0646065659962584,1
2025-04-09,IBM,227.9248809814453,228.88381552116545,208.40728713382543,210.30576498754303,7302800,13.831817626953123,0.0646065659962584,234.1750746459644,242.8001077270508,210.994681930542,43.741852744794265,9.385116296200398,211078500.0,-4.885648272921998,-2.196193710003397,-2.6894545629186006,218.83285863701585,236.0767539978028,253.3206493585897,14.608719468370376,0.2636301761928165,32.328804009522955,23.38079013951045,-0.0244782770095101,0
2025-04-10,IBM,222.34567260742188,225.27089531406767,215.05199967752728,223.7501620103818,5656100,-5.5792083740234375,-0.0244782770095101,233.048464928008,242.84724212646483,211.2782598876953,40.14171156106679,9.63424236818023,205422400.0,-5.187948489559517,-1.998795141312733,-3.189153348246784,217.0750398144471,235.289754486084,253.50446915772085,15.482794575072894,0.1446806301386086,35.48467863873849,27.817029992824924,0.0258331145294086,1
2025-04-11,IBM,228.0895538330078,230.12365211688788,220.36968779146912,222.51033436221715,4325900,5.7438812255859375,0.0258331145294086,232.57618768086508,242.43885955810543,211.60196121215824,45.14711813904829,9.64279393655441,209748300.0,-4.907470117196766,-1.3746534151599854,-3.5328167020367807,216.3622299875464,234.6664512634277,252.9706725393091,15.600202907004997,0.3203447901089895,47.58077605195629,38.46475290007256,0.0152030257805066,1
2025-04-14,IBM,231.5572052001953,234.182159551176,229.300329446743,232.24492866717213,3321500,3.4676513671875,0.0152030257805066,232.4791417303251,242.149287109375,211.9464552307129,47.9754975118484,9.389209063812537,213069800.0,-4.355174757795624,-0.6578864446070742,-3.697288313188549,216.281783403066,233.99277954101564,251.7037756789653,15.138070647043357,0.4312411814149297,50.71991637101218,44.59512368723564,0.006860146001409,1
2025-04-15,IBM,233.14572143554688,233.9496739828985,230.79199313201084,232.03181964891752,3363700,1.5885162353515625,0.006860146001409,232.5426255117748,241.79468688964843,212.30371849060057,49.26605617114458,8.944099905746471,216433500.0,-3.746113853361608,-0.039060432138446,-3.707053421223161,216.13918205167536,233.690087890625,251.24099372957463,15.020667754777907,0.4844917846385443,60.92994108589178,53.076877836286734,-0.0088490820146657,0
2025-04-16,IBM,231.0825958251953,235.66414278166744,228.4866987243876,232.7389199738606,4869900,-2.0631256103515625,-0.0088490820146657,232.4035750654339,241.32704376220704,212.64072898864745,47.61400600317249,8.817910202284574,211563600.0,-3.3908184486808466,0.2529879780338513,-3.643806426714698,216.149377848851,233.025619506836,249.90186116482087,14.484451704238348,0.442433163703801,64.32172040561919,58.65719262084104,0.0010058617048118,1
2025-04-17,IBM,231.3150329589844,234.1918217755272,229.94928174711103,232.1577235969968,4635200,0.2324371337890625,0.0010058617048118,232.2999043886292,240.88637268066407,212.968727722168,47.82627754870788,8.491098047008256,216198800.0,-3.0552693038716257,0.470829698274458,-3.526099002146084,215.9611564375789,232.80719604492188,249.65323565226487,14.47209527328564,0.4557117541951198,64.92557796972689,63.39241315374594,-0.0108454376547135,0
2025-04-21,IBM,228.8063201904297,233.25226111978844,225.61956739782715,230.5982645079634,4908900,-2.5087127685546875,-0.0108454376547135,231.9671820840388,240.5852740478516,213.273772354126,45.67505290502912,8.429783452362043,211289900.0,-2.957682026041226,0.4547335808838859,-3.412415606925112,215.58092751110425,232.43669967651368,249.2924718419232,14.50353768477004,0.3923104960586121,61.02551263854206,63.424270337962696,0.0198120033069577,1
2025-04-22,IBM,233.3394317626953,235.02482779144464,230.54982960670333,231.0147608360525,4232700,4.533111572265625,0.0198120033069577,232.0978725296251,240.39600646972656,213.608911895752,50.0473333765434,8.271835177265823,215522600.0,-2.4859032410527107,0.7412098926979214,-3.227113133750632,215.63190427007711,232.07104721069337,248.5101901513096,14.167336372375164,0.5385781836858461,63.053858739958656,63.001649782742525,0.0190120632615475,1
2025-04-23,IBM,237.77569580078125,241.51455170306207,236.01282352099776,238.2793799292469,7948300,4.4362640380859375,0.0190120632615475,232.63861760306847,240.32258514404296,213.964860534668,53.95317022280123,8.264926946058747,223470900.0,-1.7340565974559468,1.194445229035748,-2.928501826491695,215.8374034069303,231.856982421875,247.87656143681969,13.818500394175146,0.6847337365540219,70.48859771936135,64.85598969928735,-0.0657894297763415,0
2025-04-24,IBM,222.132568359375,225.47428848681656,217.39603971059145,223.9244979564592,15428100,-15.64312744140625,-0.0657894297763415,231.6380414846216,239.83110961914065,214.23492774963373,41.600850797709626,9.13026474206811,208042800.0,-2.373126440705022,0.4443003086293386,-2.8174267493343605,215.065577844464,230.8394523620605,246.61332687965708,13.666532610600704,0.2240093423789893,65.76894860701854,66.43713502211283,0.0134304367179385,1
2025-04-25,IBM,225.11590576171875,226.03608742388727,219.2170415988707,221.7644900177293,6700100,2.98333740234375,0.0134304367179385,231.01688570148795,239.3777978515625,214.5254007720947,44.22353502355168,8.965177676564435,214742900.0,-2.608790981631131,0.1669086141625837,-2.7756995957937147,214.6181009544171,230.1711074829101,245.7241140114032,13.514299599612295,0.3374847425181015,59.9219432773271,65.39316320123565,0.0161352835006056,1
2025-04-28,IBM,228.7482147216797,229.2034651387091,224.7865813121152,225.5517809693084,3653500,3.6323089599609375,0.0161352835006056,230.80082179864908,238.9316534423828,214.82759979248047,47.32528488847176,8.640299544423685,218396400.0,-2.4739417906033623,0.2414062441522819,-2.715348034755644,214.4908260605287,229.7914100646973,245.09199406886583,13.316932952246322,0.4659099501452572,51.80398097010177,59.16495761814912,0.013677118034842,1
2025-04-29,IBM,231.8768310546875,232.44831057142903,228.7288311263316,229.56184092933864,3426500,3.1286163330078125,0.013677118034842,230.90329887065272,238.50759338378907,215.14321784973143,49.909141847735405,8.28881239447181,221822900.0,-2.090521414480065,0.4998612962204634,-2.5903827107005286,214.86189008233063,229.3424560546875,243.82302202704432,12.62789822823201,0.5875095284548302,61.24510850350418,57.65701091697767,0.0101509053531523,1
2025-04-30,IBM,234.2305908203125,234.8601849390448,226.98533674867144,229.30032703955743,5143000,2.353759765625,0.0101509053531523,231.22018381823932,238.09593170166016,215.449216003418,51.82380881196854,8.259243522750493,226965900.0,-1.578532917245525,0.8094798347640033,-2.388012752009528,215.54144251198707,228.92982711792,242.3182117238528,11.696496498061483,0.6979612872804543,68.26777841937025,60.43895596432538,-0.0089323265324415,0
2025-05-01,IBM,232.13836669921875,234.7633061156331,230.4820278878354,233.86250090200025,4243300,-2.09222412109375,-0.0089323265324415,231.3076298069041,237.61821014404296,215.74451644897465,49.99449704152728,7.975103144539579,222722600.0,-1.3263144186191482,0.8493586667123041,-2.1756730853314523,216.37033606732348,228.43002166748047,240.48970726763747,10.558757130191896,0.6537496562800111,68.16279856466613,65.8918951625135,0.0245764594680222,1
2025-05-02,IBM,237.843505859375,237.97911141929484,233.7559478362081,235.49945844939023,3731900,5.70513916015625,0.0245764594680222,231.9300941928537,237.2464553833008,216.0544776916504,54.6911077647972,7.822648971363615,226454500.0,-0.6584818223767002,1.2137530103638017,-1.8722348327405016,216.19637260921408,228.5297882080078,240.86320380680152,10.793705009316202,0.8775806295004822,72.79270792537444,69.7410949698036,0.0147831774971849,1
2025-05-05,IBM,241.35958862304688,241.96014024711903,235.99346558019383,236.0903330363051,4137800,3.516082763671875,0.0147831774971849,232.82814128144352,237.00817626953125,216.37425888061523,57.34978444528863,7.69007937818944,230592300.0,0.1527381452557676,1.6199783823970155,-1.467240237141248,216.65001971460603,229.58073654174805,242.51145336889007,11.26463571980974,0.9554601356892528,81.15294374565602,74.03615007856553,-0.000240805546076,0
2025-05-06,IBM,241.3014678955078,242.33789348580004,238.3859408118016,239.9841503375084,2900600,-0.0581207275390625,-0.000240805546076,233.6351247684973,236.76117950439453,216.7043019104004,57.2899409305245,7.423070327890084,227691700.0,0.7819323280102424,1.7993380521211924,-1.01740572411095,217.83231836686863,230.71111068725585,243.58990300764307,11.164431814335352,0.9111549027577434,92.72631152482715,82.22398773195252,0.0170600191615837,1
2025-05-07,IBM,245.41807556152344,246.4835583978233,241.0205682133088,241.6211050229153,3399700,4.116607666015625,0.0170600191615837,234.75731055830929,236.676328125,217.06424995422364,60.43876410635406,7.283064603363259,231091400.0,1.5943701787050202,2.0894207222527763,-0.495050543547756,220.27412042417032,232.27736129760743,244.2806021710445,10.335265396835508,1.0473819280339574,96.57892471515596,90.15272666187968,0.0030390981090877,1
2025-05-08,IBM,246.16392517089844,248.46921984754383,245.30185802805696,246.9969350331867,3637000,0.745849609375,0.0030390981090877,235.84365480712728,236.643395690918,217.4236685180664,60.999788232431584,6.9890858330863725,234728400.0,2.272224074114547,2.2138196941298425,0.0584043799847046,219.94055211602225,233.18931350708007,246.438074898138,11.363094810651004,0.9896537601083024,94.92089591896196,94.74204405298168,-0.012912984448445,0
2025-05-09,IBM,242.98521423339844,246.69044925316737,241.46412135370147,246.21266397551847,2901300,-3.1787109375,-0.012912984448445,236.52380332391505,236.59745056152343,217.7674301147461,57.27210269626788,6.863174552113482,231827100.0,2.5238395119810946,1.972348105597112,0.5514914063839826,221.30057867967548,234.2212905883789,247.1420024970824,11.03290984030168,0.8391424445860498,90.4231255095974,93.9743153812384,0.0180176446293109,1
2025-05-12,IBM,247.3632354736328,247.48023803637824,238.5486754166292,246.202910465572,4609500,4.378021240234375,0.0180176446293109,237.5561301953167,236.6543698120117,218.1334602355957,60.82311632932068,7.0109165569445935,236436600.0,3.0414562700778163,1.991971890955067,1.0494843791227493,221.3917679318071,235.18497467041016,248.9781814090132,11.7296666234167,0.9414586482322252,90.45770379740492,91.93390840865474,0.019314983341452,1
2025-05-13,IBM,252.1410522460937,253.1063532358602,246.5734615651365,248.08479440330663,3521400,4.7778167724609375,0.019314983341452,238.9451703906288,236.85043334960932,218.48571266174315,64.30916785664037,6.97677192221453,239958000.0,3.7934723755626862,2.1951903971519497,1.5982819784107367,220.69369101111087,236.21416702270508,251.7346430342993,13.141020462250577,1.0130926787132963,92.02962964729822,90.97015298476684,-0.0029777329361166,0
2025-05-14,IBM,251.39024353027344,254.05214111531583,249.83013992083207,251.17572891201897,3634700,-0.7508087158203125,-0.0029777329361166,240.1304154515473,236.9729760742188,218.8352993774414,63.35512006288622,6.780002584519475,236323300.0,4.279534755799489,2.145002221911001,2.134532533888488,220.34139572707625,237.12639312744145,253.9113905278066,14.157004776220104,0.92489879690186,95.36538116267988,92.61757153579433,0.0343649884968908,1
2025-05-15,IBM,260.0292663574219,260.7605621243494,252.1605167637213,252.55056497795007,4856300,8.639022827148438,0.0343649884968908,242.0255441092497,237.30433166503903,219.2292642211914,69.04549745314254,6.965025156630654,241179600.0,5.300736051247014,2.532962813886821,2.767773237360193,219.31340828563432,238.5737266540528,257.8340450224712,16.146219148722214,1.0569881892126525,95.87419546711082,94.42306875902962,0.0003000948637772,1
2025-05-16,IBM,260.1072998046875,261.2968754969148,257.9914041960323,259.70752119636086,3817900,0.078033447265625,0.0003000948637772,243.7476160802437,237.68877838134765,219.6257960510254,69.09218455678763,6.703628452648644,244997500.0,6.046640178217132,2.6230935526855506,3.423546625531581,218.92137126303385,240.0133399963379,261.105308729642,17.575663697381074,0.9763414943011308,95.61958181006676,95.61971947995244,0.006185355821924,1
2025-05-19,IBM,261.7161560058594,262.4279613282286,258.46918584715826,258.8299834531834,3198600,1.608856201171875,0.006185355821924,245.45890559696903,237.85646728515624,220.0251669311524,70.09369834279484,6.507567526107338,248196100.0,6.690472223336002,2.613540478243536,4.076931745092466,219.22841587310285,241.65883178710936,264.0892477011159,18.56370466424063,0.947101032268986,97.49727931048037,96.33035219588596,-0.0054394195837995,0
2025-05-20,IBM,260.2925720214844,262.56445128703086,258.9957240974638,260.73133166169555,2437900,-1.423583984375,-0.0054394195837995,246.8716357326372,238.0855728149414,220.4291551208496,67.99422109450913,6.297650359211606,245758200.0,7.005092086446695,2.3425282730833823,4.662563813363312,219.5233115863836,243.00648880004883,266.48966601371404,19.32720177936293,0.868052479955236,95.8144337821689,96.31043163423864,-0.0227758141467491,0
2025-05-21,IBM,254.3641967773437,259.0249878719514,253.9156769813326,258.36195343323845,3753900,-5.928375244140625,-0.0227758141467491,247.58521297499016,238.35012084960937,220.8060569000244,59.94224500025048,6.303310693564475,242004300.0,6.6988401980527215,1.6290211077515266,5.069819090301195,219.98145733817069,243.8359138488769,267.6903703595832,19.56599102582618,0.7206774848075358,87.48186141689742,93.59785816984886,-0.0095834364126432,0
2025-05-22,IBM,251.926513671875,254.75418470882985,251.47799392969625,254.26665419361345,3091300,-2.43768310546875,-0.0095834364126432,247.99867018421733,238.55274200439453,221.1982632446289,56.95553761998124,6.0870878425336965,238913000.0,6.188100149466777,0.8946248473324658,5.293475302134311,223.43856417663991,245.32561111450195,267.212658052364,17.843262950354237,0.6507947274959756,74.80599972773244,86.03409830893291,0.0010063441778249,1
2025-05-23,IBM,252.18003845214844,253.38910460488145,249.41085382494424,252.131267546844,2722600,0.2535247802734375,0.0010063441778249,248.3968957335441,238.83462951660155,221.5752223968506,57.19442207324797,5.936456623776803,241635600.0,5.737652228921604,0.3553415414298335,5.3823106874917706,226.6931141683767,246.67881774902344,266.6645213296702,16.203826305816545,0.6376288975998853,62.85014892978906,75.04600335813963,0.0177861253954241,1
2025-05-27,IBM,256.66534423828125,257.2113760741289,253.15511832461544,254.49094727147497,3284200,4.4853057861328125,0.0177861253954241,249.18436701970955,239.1568240356445,221.9746080780029,61.28773976070874,5.871805266505637,244919800.0,5.677153012243878,0.2358738598016856,5.441279152442192,229.43923691610487,248.0746742248535,266.7101115336022,15.02405464562464,0.7304928473396952,64.15056060809343,67.2689030885383,-0.0113590181691498,0
2025-05-28,IBM,253.7498779296875,258.39117804610567,253.45737151751905,256.5970692863016,2318400,-2.91546630859375,-0.0113590181691498,249.6191775825646,239.33120880126955,222.33192344665528,57.4426190843776,5.80480535665428,242601400.0,5.33248362969124,-0.0870364182007623,5.419520047892002,231.9502318819793,249.1683265686035,266.3864212552277,13.820452160787388,0.6330446673824822,65.26144509369963,64.08738487719403,-0.005955891585154,0
2025-05-29,IBM,252.2385711669922,254.61772275250308,250.36644066692443,254.2471947546196,2295000,-1.5113067626953125,-0.005955891585154,249.8686436382244,239.59198913574212,222.6792478179932,55.49882853041835,5.693839408720307,240306400.0,4.881114387308855,-0.4307245284665182,5.311838915775374,234.24222876580944,250.0687255859375,265.8952224060656,12.657717819807257,0.5685510383540813,65.2456775895218,64.88589443043827,0.0014301263702756,1
2025-05-30,IBM,252.59930419921875,253.6328664947372,250.6881929413829,252.29703766504832,9668900,0.3607330322265625,0.0014301263702756,250.12870654879524,239.75653594970703,223.0377793884277,55.88257409518144,5.497470419051301,249975300.0,4.500628705536656,-0.6489681681909749,5.149596873727631,237.55394716933225,251.0917724609375,264.6295977525428,10.783169164741436,0.5556785047010483,59.60210943248424,63.36974403856854,0.0186829466192204,1
2025-06-02,IBM,257.318603515625,257.3966250627724,250.8052028843962,251.41949610304985,2831900,4.71929931640625,0.0186829466192204,250.81345864087427,240.18923797607425,223.41269958496093,60.66185047499189,5.575609830431645,252807200.0,4.527706493428013,-0.4975123042396943,5.025218797667708,239.731375944228,252.06552734375,264.39967874327203,9.78646428133074,0.712948422705374,60.90152291221916,61.91643664474172,0.004926340897382,1
2025-06-03,IBM,258.58624267578125,258.93725042538193,256.0315573310484,256.78237350076057,2494700,1.26763916015625,0.004926340897382,251.5537237870559,240.636637878418,223.7876094818116,61.85712646711861,5.384901492138922,255301900.0,4.598445701920298,-0.3414184765979282,4.939864178518226,241.3189215749012,252.9268600463867,264.5347985178722,9.17888947765896,0.7437720807745755,65.15218120071184,61.88527118180506,0.0012063699923312,1
2025-06-04,IBM,258.898193359375,260.3412943926936,258.18641785332346,258.29366028324864,2588600,0.31195068359375,0.0012063699923312,252.25319707965767,241.00155212402345,224.1562985229492,62.16181739022037,5.15418542408401,257890500.0,4.6263491739098015,-0.2508120036867396,4.877161177596541,243.235546719754,253.80669631958008,264.3778459194062,8.330079350243343,0.7408204042386585,69.69268375337997,65.24879595543696,0.0050468104488012,1
2025-06-05,IBM,260.2048034667969,260.83861701770047,258.4887160820945,258.5862281481185,2658400,1.306610107421875,0.0050468104488012,253.0104929260519,241.3645083618164,224.53233207702635,63.47779310872159,4.95387938919272,260548900.0,4.699719946300945,-0.1419529850364771,4.841672931337422,244.36388686981627,254.54603271484376,264.72817855987125,8.00023927808302,0.7778771212905287,74.64796382897048,69.83094292768742,0.007532143435599,1
2025-06-06,IBM,262.1647033691406,263.4323007989335,260.85812491554367,261.30664474134403,2495200,1.95989990234375,0.007532143435599,253.8823224920604,241.758139038086,224.9136303710937,65.42050676410383,4.830566385117285,263044100.0,4.859991398973278,0.0146547741086848,4.8453366248645935,245.4126568990941,255.3460716247559,265.2794863504176,7.780354451866706,0.8432169064062979,81.71591213191061,75.35218657142035,0.0119387289358745,1
2025-06-09,IBM,265.29461669921875,266.6499659404816,260.05854324067883,261.4138924819417,4331500,3.129913330078125,0.0119387289358745,254.96920765464688,242.29437530517572,225.30437271118163,68.31876444137788,4.956341836166248,267375600.0,5.179855379403989,0.2676150036315166,4.912240375772472,247.354830790846,256.4615417480469,265.56825270524774,7.101814092771446,0.984976134231392,88.38611340680681,81.58332978922928,0.0152895823780818,1
2025-06-10,IBM,269.3508605957031,270.55019642477174,265.7626429977855,266.3769362332475,5163500,4.056243896484375,0.0152895823780818,256.3388888871284,242.9545492553711,225.70976356506347,71.63658792986057,4.977715971122444,272539100.0,5.695006382829632,0.6262128056457277,5.0687935771839046,247.82600130279005,257.5609230041504,267.2958447055107,7.559315743874288,1.1055486604430134,92.4746816812481,87.52556907332183,0.0191137886780883,1
2025-06-11,IBM,274.4991760253906,274.7234507791837,268.2490311254372,269.79940438032963,4656000,5.1483154296875,0.0191137886780883,258.0684400431534,243.62741455078125,226.1468628692627,75.1882692906761,5.084623377024163,277195100.0,6.444406190356631,1.1004900905381811,5.34391609981845,246.7928825830292,258.67882919311523,270.56477580320126,9.189732802766514,1.1655063896572933,95.19281427214986,92.01786978673492,-0.0017404521662487,0
2025-06-12,IBM,274.0214233398437,276.000796208567,272.8513381018826,274.5089538962436,3418000,-0.477752685546875,-0.0017404521662487,259.58777178569534,244.25817962646485,226.58090507507325,74.25898794263604,4.946397286285608,273777100.0,6.919990939966851,1.2608598721187212,5.65913106784813,246.67233784652268,259.8103881835938,272.94843852066487,10.11356815169927,1.040835009443954,95.33214540801563,94.33321378713784,-0.013557320783942,0
2025-06-13,IBM,270.3064270019531,272.86108220637936,268.9510778516572,271.27172792483884,3243800,-3.714996337890625,-0.013557320783942,260.6085960920056,244.8216186523437,226.9873984527588,67.294101101575,4.955250729278532,270533300.0,6.917386794445463,1.006604581277866,5.910782213167597,246.41108873828904,260.3242462158203,274.2374036933516,10.689098445326266,0.8587316826627343,89.81869839040918,93.44788602352487,0.0166292572730986,1
2025-06-16,IBM,274.8014221191406,277.4048480211976,271.72025561682165,272.3442791688674,3685300,4.4949951171875,0.0166292572730986,261.9602938088756,245.60068359375,227.4127866363525,70.85591322492672,5.108334321418957,274218600.0,7.195090999816102,1.0274470293188038,6.1676439704972985,245.78396984491675,261.05895233154297,276.3339348181692,11.702324207006797,0.949835860683626,86.90449800084673,90.6851139330905,0.0043290759607239,1
2025-06-17,IBM,275.9910583496094,277.68768505723204,273.9921948096503,274.1384480370731,3069600,1.18963623046875,0.0043290759607239,263.2965570984693,246.71369232177733,227.8454118347168,71.73329722711009,5.007416887573442,277288200.0,7.42556993694086,1.0063407731548493,6.419229163786011,245.16563460515243,261.77269744873047,278.3797602923085,12.688155033303742,0.9280817455441002,87.31588087998345,88.01302575707977,0.0005651463591958,1
2025-06-18,IBM,276.14703369140625,279.7547715058249,275.88377791829,277.89240131570085,3534100,0.155975341796875,0.0005651463591958,264.5204120120824,247.86275329589844,228.27671669006347,71.85294336769925,4.92624379471355,280822300.0,7.533965200564353,0.8917888294226737,6.642176371141679,244.84066239651293,262.56542053222654,280.2901786679401,13.501212840430435,0.8831254862602093,90.58316048971862,88.2678464568496,-0.0079093482816369,0
2025-06-20,IBM,273.962890625,277.034326826668,270.2869213637879,272.3150351528876,7677000,-2.18414306640625,-0.0079093482816369,265.4196956895031,249.0601498413086,228.68168266296388,67.5416737811481,5.056326771011163,273145300.0,7.358799476447075,0.573298484244317,6.785500992202758,245.57720524605548,263.5453552246093,281.5135052031632,13.635717437129802,0.7898889260392594,87.12376928253705,88.34093688407968,0.0292200833755142,1
2025-06-23,IBM,281.9681091308594,282.358127546767,273.22181150597885,274.62590160844445,3786200,8.005218505859375,0.0292200833755142,266.9957350648704,250.14101440429687,229.1307321166992,73.75684913347425,5.347754575995232,276931500.0,7.77629334005394,0.7926338782809443,6.983659461772995,246.213701550174,265.0474349975586,283.8811684449432,14.211594575558198,0.9492118936633496,88.69992072312162,88.80228349845908,0.0159419347150846,1
2025-06-24,IBM,286.4632263183594,286.99949805336445,281.2173925203616,283.21625599429524,4219100,4.4951171875,0.0159419347150846,268.84978185091694,251.4233654785156,229.58874839782715,76.48025509283842,5.378779644352918,281150600.0,8.373355791283814,1.1117570636086551,7.261598727675159,246.722398032924,266.7615943908692,286.8007907488144,15.024049023026176,0.9915773960086685,92.21684416312668,89.34684472292842,-0.0092925969552863,0
2025-06-25,IBM,283.8012390136719,288.774055832526,282.2801463052928,287.14569094578104,3862300,-2.6619873046875,-0.0092925969552863,270.2737301521317,252.5375991821289,230.0407103729248,71.73276955546548,5.458431778844371,277288300.0,8.533364641402954,1.0174127309822358,7.515951910420719,247.33645305127413,268.1183891296387,288.9003252080032,15.50205947889401,0.8773192696026083,93.41248212295608,91.44308233640145,0.0029890536140322,1
2025-06-26,IBM,284.6495361328125,285.60510657662496,282.93344909438235,284.52277344821,3621100,0.848297119140625,0.0029890536140322,271.6428545312441,253.59944580078124,230.5057445526123,72.32238610469682,5.259376471944245,280909400.0,8.629151805371919,0.8905599159609592,7.738591889410959,248.7898021529257,269.6633720397949,290.53694192666416,15.481205125469446,0.858974630938544,89.11850806409491,91.5826114500592,-0.0076386807207499,0
2025-06-27,IBM,282.4751892089844,285.809881231529,281.3245945912079,285.6636280299263,3562500,-2.174346923828125,-0.0076386807207499,272.6745054529337,254.58603515625,230.9465892791748,68.38495900751441,5.204084341114019,277346900.0,8.432408640137737,0.5550534005814223,7.877355239556315,251.20855114797016,271.1752029418945,291.1418547358189,14.726015931628291,0.7829714862490936,82.42710644215606,88.319365543069,0.0175354820963842,1
2025-06-30,IBM,287.42852783203125,287.4577784765993,282.76773667299176,283.674536411106,3495400,4.953338623046875,0.0175354820963842,274.0796504414192,255.7129537963868,231.4036563873291,72.11008399795767,5.188263264435512,280842300.0,8.577307433429326,0.5599617550984082,8.017345678330917,253.67198312206315,272.9166641235352,292.1613451250072,14.102972468372949,0.8770357042391629,85.95132675709631,85.83231375444909,-0.0121447693454703,0
2025-07-01,IBM,283.9377746582031,287.750236976516,282.8456813444522,287.2042051978906,3272800,-3.490753173828125,-0.0121447693454703,275.01851941444625,256.7654086303711,231.8214552307129,66.1910332051128,5.167998433551816,277569500.0,8.314620395122404,0.2378197734331877,8.076800621689216,255.83824950656864,274.24762268066405,292.6569958547595,13.425365729081593,0.7631852775730157,82.88483787308972,83.75442369078068,-0.0121908974703874,0
2025-07-02,IBM,280.476318359375,282.9529818754445,279.7450225372544,282.76771788665366,3257500,-3.461456298828125,-0.0121908974703874,275.53830979015373,257.79880859375,232.2137364959717,60.85660153923086,5.098337982651601,274312000.0,7.737930385201992,-0.2710961891897803,8.009026574391772,258.2302349338382,275.3421264648438,292.45401799584937,12.429548468087738,0.6500182456518152,76.24358018340719,81.69324827119773,0.0150183099167762,1
2025-07-03,IBM,284.6885986328125,285.02987597879394,280.72009270168,280.7591034786075,1853300,4.2122802734375,0.0150183099167762,276.40976587040694,258.8257919311524,232.6118997192383,64.59586506959224,5.059425099563554,276165300.0,7.533948543000633,-0.3800624251129108,7.914010968113544,260.83430192221624,276.63164672851565,292.42899153481505,11.421213005179274,0.7550096868520598,71.32275208889222,76.8170567151297,0.001712354464878,1
2025-07-07,IBM,285.17608642578125,287.85750412468263,283.118692281608,285.2053370649638,4488100,0.48748779296875,0.001712354464878,277.2446535423473,259.7737997436523,233.00118743896485,65.01242032097639,5.036524152671489,280653400.0,7.327164661022721,-0.4694770456726598,7.796641706695381,263.59897468200444,277.88021087646484,292.16144707092525,10.278699695394508,0.7554357147368806,72.68969677881118,73.41867635037018,-0.0070091442697157,0
2025-07-08,IBM,283.17724609375,288.2377856183762,282.2704166931503,285.7904025925806,2925300,-1.99884033203125,-0.0070091442697157,277.80966235676664,260.9946932983398,233.39494438171383,61.80159026842982,5.103013064996805,277728100.0,6.922202394684007,-0.6995514496090998,7.621753844293106,266.4506649810218,278.9308380126953,291.4110110443688,8.948578881124252,0.6701261701371342,76.55139945061298,73.52128277277211,-0.0009640967191829,0
2025-07-09,IBM,282.9042358398437,284.3278166838444,281.43188408797505,284.1230621890059,2971300,-0.27301025390625,-0.0009640967191829,278.2948598313454,262.1504598999024,233.7834697723389,61.35586973690084,4.945364460059129,274756800.0,6.5042601726576095,-0.8939949373083973,7.398255109966007,268.9199460647956,279.8113189697266,290.7026918746576,7.784797945296401,0.6419893018591284,72.83768853112888,74.02626158685099,-0.0093403533858902,0
2025-07-10,IBM,280.2618103027344,281.6951513379763,275.1719900711104,281.6951513379763,3487800,-2.642425537109375,-0.0093403533858902,278.48218844766814,263.18073181152346,234.16379508972167,57.06595591240604,5.144427410678719,271269000.0,5.891898159019604,-1.205085560757123,7.096983719776727,270.57996172359697,280.35686645507815,290.13377118655933,6.97461407320141,0.4951387399716754,63.97697491547552,71.12202096573911,-0.0133597659049227,0
2025-07-11,IBM,276.517578125,280.2618092370779,275.8643038413726,277.90217800162696,3790700,-3.744232177734375,-0.0133597659049227,278.2950827026521,264.0735467529297,234.507212600708,51.564381847160654,5.091075914298938,267478300.0,5.0462980240819775,-1.6405485565557996,6.686846580637777,270.88529230827726,280.4577865600586,290.03028081184,6.826335163799373,0.2941911307846769,47.79886201722005,61.5378418212748,0.0007052257781985,1
2025-07-14,IBM,276.71258544921875,277.82413957981896,274.68444178883993,275.7765054106584,2857100,0.19500732421875,0.0007052257781985,278.1443686785156,264.9231866455078,234.8382396697998,51.8248805129675,4.95169176263323,270335400.0,4.341839265888154,-1.8760058517996985,6.217845117687853,271.31440445031694,280.5923446655273,289.8702848807377,6.613110009305423,0.2909148406696972,29.84734131093461,47.20772608121004,-0.0038409373091359,0
2025-07-15,IBM,275.6497497558594,277.063570316842,273.72887844331103,276.6930423850053,2864100,-1.062835693359375,-0.0038409373091359,277.90678592397694,265.7934143066406,235.16170906066893,50.23896080823245,4.836191770554497,267471300.0,3.655648624916864,-2.049757194216792,5.705405819133656,272.5216158585533,280.85951080322263,289.197405747892,5.937413278848229,0.1875853508628098,16.11784610263454,31.254683143596377,-0.0027589288491955,0
2025-07-16,IBM,274.8892517089844,276.7906030921042,272.8903585033397,275.69853936829094,2804800,-0.760498046875,-0.0027589288491955,277.61940171302524,266.5343292236328,235.48013481140137,49.08157531525481,4.769338400426641,264666500.0,3.015708550616864,-2.1517578148134344,5.167466365430299,272.53869201524407,280.86390228271483,289.1891125501856,5.928287828950473,0.1411711907700812,13.395414960429166,19.786867457999417,0.0002835392582529,1
2025-07-17,IBM,274.9671936035156,276.39077428822463,273.89462058496804,274.47966311840304,3337200,0.07794189453125,0.0002835392582529,277.36681046450053,267.2064813232422,235.78844886779785,49.210717165929246,4.606968064914494,268003700.0,2.4861815375454057,-2.145027862307914,4.63120939985332,272.35670785941176,280.81270904541014,289.26871023140853,6.022520287449647,0.1543569878175018,13.107927625743612,14.207062896269088,0.0137234500076302,1
2025-07-18,IBM,278.7406921386719,279.99852920033663,275.18172532723395,276.3127996938432,4478200,3.77349853515625,0.0137234500076302,277.49765633823114,267.9552658081055,236.12799354553223,55.1424973567306,4.6372800314792455,272481900.0,2.343997219139567,-1.8297697445710028,4.17376696371057,272.699720621252,280.94239196777346,289.1850633142949,5.867872974803276,0.3664450069314758,21.5585797470634,16.020640777745374,-0.0040577964751704,0
2025-07-21,IBM,277.609619140625,280.5543225125818,277.28786209170653,279.15023224066226,3051800,-1.131072998046875,-0.0040577964751704,277.5083194622687,268.5990966796875,236.46073722839355,53.1391391218444,4.539364345007533,269430100.0,2.115658984428819,-1.6464863834254009,3.76214536785422,273.3602302267174,281.1247283935547,288.88922656039193,5.523881311477879,0.2736422124521217,27.46699121618704,20.71116619633133,-0.009658874547199,0
2025-07-22,IBM,274.92822265625,277.7754141945832,274.2359375989324,277.63889135585663,4824200,-2.681396484375,-0.009658874547199,277.2625959569336,269.17438262939453,236.7883317565918,48.62868951634994,4.467943791482052,264605900.0,1.6987508589425602,-1.650715607129328,3.349466466071888,272.5673145056615,280.7727340698242,288.9781536339869,5.8448834722834055,0.1438627319497351,27.38234956480248,25.46930684268429,0.0001773811701561,1
2025-07-23,IBM,274.9769897460937,280.89558799551696,274.42119777871943,277.20985823564496,8105900,0.04876708984375,0.0001773811701561,277.0449191749488,269.81421813964846,237.11435638427736,48.71395142445497,4.6112613932903015,272711800.0,1.3566447067235572,-1.5942574074786653,2.9509021142022225,272.0589281558831,280.1984222412109,288.3379163265388,5.8098072217700745,0.1792532533115728,19.20790146487597,24.68574741528848,-0.0762384015175275,0
2025-07-24,IBM,254.01318359375,255.5147563039193,246.4466997298156,254.73471930529905,22647700,-20.96380615234375,-0.0762384015175275,274.85142054816794,269.9472171020508,237.32128944396973,27.547595939697565,6.319763437789433,250064100.0,-0.5991739341674815,-2.840060838695764,2.2408869045282818,264.85566722702856,278.70901947021486,292.56237171340115,9.9410864201808,-0.3913306845500657,14.993226166666462,20.52782573211495,-0.0030325569615873,0
2025-07-25,IBM,253.2428741455078,254.29592705754249,249.9569229468257,253.5353805775997,7758700,-0.7703094482421875,-0.0030325569615873,272.7934637479146,269.96925354003906,237.5087142181397,27.081953571733703,6.178280628712814,242305400.0,-2.1861314699485206,-3.541614699581442,1.3554832296329216,259.6830698507136,277.1386863708496,294.5943028909856,12.597026238897586,-0.1844734529363848,15.987907802153188,16.72967847789852,0.013437572021854,1
2025-07-28,IBM,256.6458435058594,257.4161501658287,253.13561732502424,253.80841191620536,5192500,3.4029693603515625,0.013437572021854,271.25559515343315,270.0743655395508,237.7078076171875,32.50933089895928,6.042727215290788,247497900.0,-3.133099146216693,-3.590865900679692,0.4577667544629986,256.4481813174668,275.8472190856934,295.24625685392,14.065059515572056,0.0050946389907118,20.43061323898008,17.137249069266556,-0.0030395001243196,0
2025-07-29,IBM,255.8657684326172,259.17120985067226,254.51041931790505,257.7086183057892,4627300,-0.7800750732421875,-0.0030395001243196,269.7898973704983,269.9910955810547,237.89584060668943,31.922762710490183,5.944017452253392,242870600.0,-3.9015487657028975,-3.487452416132718,-0.4140963495701807,253.7901426640184,274.26908111572266,294.7480195674269,14.933464879377766,0.050677084007401,23.302759544594483,19.907093528575896,-0.0081931993707934,0
2025-07-30,IBM,253.7694091796875,255.4660059567084,252.44331062195047,255.07598747143385,3718300,-2.0963592529296875,-0.0081931993707934,268.26413659042106,269.86433776855466,238.0462787628174,30.338529911937247,5.763906049282915,239152300.0,-4.626379276751095,-3.3698263417447314,-1.2565529350063636,250.95157757245164,272.7606628417969,294.56974811114213,15.991371367208233,0.0646022419655672,24.96758558838683,22.90031945732045,-0.0273189300579783,0
2025-07-31,IBM,246.83670043945312,253.5061144934517,245.9299007986972,253.096605513466,6739100,-6.932708740234375,-0.0273189300579783,266.223428385567,269.5667486572266,238.1681633758545,25.781796375779344,5.912163358690586,232413200.0,-5.694580752984223,-3.550422254382287,-2.144158498601936,246.8542302768356,271.0786819458008,295.30313361476595,17.872634981904323,-0.0003618211388648,16.857357096365796,21.70923407644901,-0.0122456448136176,0
2025-08-01,IBM,243.81402587890625,245.2083560808836,239.4847523058627,245.1401095420164,9683400,-3.022674560546875,-0.0122456448136176,264.0891995754088,269.237177734375,238.27378898620609,24.083359945923803,6.015005128326288,222729800.0,-6.7077202704984416,-3.650849417517205,-3.0568708529812367,242.9247430575614,269.03495330810546,295.1451635586495,19.410273594183856,0.0170294075155198,11.434860502632825,17.753267729128464,0.0077184503569649,1
2025-08-04,IBM,245.6958923339844,245.79340439549216,241.92241063000947,244.78909265061893,5280600,1.881866455078125,0.0077184503569649,262.3374560286065,269.0638116455078,238.37927711486816,27.294685768797496,5.861861459551745,228010400.0,-7.27492889013439,-3.3744464297225223,-3.900482460411868,240.1724453219344,267.0609436035156,293.94944188509686,20.13660097112552,0.1027102174730524,9.348890967789057,12.547036188929203,-0.00519888117732,0
2025-08-05,IBM,244.4185485839844,246.49543335574293,242.79019843608825,245.71538154977603,5823000,-1.27734375,-0.00519888117732,260.63089341483294,268.91365234375,238.48935729980468,26.47602524458107,5.707816706701956,222187400.0,-7.738314302782101,-3.070265473896185,-4.668048828885915,237.5810853608256,265.12300872802734,292.6649320952291,20.77671304300508,0.1241282813113404,12.455846094047637,11.079865854823147,0.0064228134297619,1
2025-08-06,IBM,245.9884033203125,247.9775362169086,243.06322013681907,245.2571075244392,3692100,1.569854736328125,0.0064228134297619,259.23637054868817,268.7898196411133,238.60389762878413,29.28329490101329,5.651138090515354,225879500.0,-7.887949056770168,-2.575920182307402,-5.312028874462766,235.8013736543947,263.2772171020508,290.75306054970684,20.87217705359288,0.1853815640878323,14.20609447324136,12.003610511692663,-0.0084033988756099,0
2025-08-07,IBM,243.9212646484375,248.640556343151,242.67318775195545,246.50517036109568,6251300,-2.067138671875,-0.0084033988756099,257.7777890343786,268.5349380493164,238.7118733215332,27.77921814426936,5.673725983421083,219628200.0,-8.080193056576832,-2.2145313456912525,-5.865661710885579,233.9111259801716,261.46018981933594,289.00925365850026,21.0732378479494,0.1816783816449556,12.777621582034422,13.14652071644112,-0.0249918927156049,0
2025-08-08,IBM,237.82521057128903,244.9029243030012,237.2165751825796,244.31394115828027,6828400,-6.0960540771484375,-0.0249918927156049,255.8775434664653,268.21644470214846,238.79261459350585,23.88331194163859,5.817484778921118,212799800.0,-8.625024514926338,-2.207490243232608,-6.4175342716937305,231.0587945668645,259.5255714416504,287.99234831643633,21.93755067499094,0.1188475961677604,9.270676100024197,12.084797385099971,-0.0246419360619289,0
2025-08-11,IBM,231.96473693847656,238.68905477092247,230.39408526641265,237.79576142404505,9382000,-5.8604736328125,-0.0246419360619289,253.60013332094252,267.81096801757815,238.8462015533447,20.85520306821614,5.994447973606031,203417800.0,-9.42109806109491,-2.4028510315209424,-7.018247029573967,227.56992005334024,257.2881790161133,287.0064379788864,23.10114601954712,0.0739413585876875,5.0723152204978765,9.040204300852144,-0.0064747884839937,0
2025-08-12,IBM,230.4628143310547,233.5942916364613,229.0786791933746,232.19051923317616,8792800,-1.501922607421875,-0.0064747884839937,251.39657913142943,267.36823822021483,238.8898921203613,20.150098340916,5.888816864283222,194625000.0,-10.05725095556724,-2.431203140794618,-7.6260478147726225,224.38169687239943,255.02883224487303,285.6759676173467,24.03425142381308,0.0992118412495599,3.0343777709693334,5.792456363830449,0.0225753298333755,1
2025-08-13,IBM,235.66558837890625,236.42145087074684,231.8665787381256,231.8665787381256,5663600,5.2027740478515625,0.0225753298333755,249.89838953595105,266.9351779174805,238.957209854126,29.09340144492985,5.893803983955288,200288600.0,-10.026012690090797,-1.919971900254538,-8.106040789836257,222.73677801878856,253.0676490783692,283.3985201379497,23.9705637366456,0.2131295592322573,9.866185581320428,5.990959524262526,-0.0123298270331727,0
2025-08-14,IBM,232.75987243652344,234.61519703568533,231.2972032634568,233.87895687762355,4556700,-2.9057159423828125,-0.0123298270331727,248.26614981219603,266.4186505126953,239.07854515075684,27.257250089483385,5.784845493347733,195731900.0,-10.119076714650165,-1.6104287398511232,-8.50864797479904,221.1460383633936,250.9572830200196,280.7685276766455,23.758023116824884,0.1947894864320689,12.907120484547685,8.602561278945794,0.0110075611549931,1
2025-08-15,IBM,235.32199096679688,236.20547317312173,232.42611598068257,233.2507013704317,4344300,2.562118530273437,0.0110075611549931,247.0333727793009,265.94712646484373,239.2304481506348,31.37023605645374,5.641596328997121,200076200.0,-9.872287486865474,-1.0909116096531477,-8.781375877212326,221.13915318637285,248.78634796142572,276.4335427364787,22.22565265465421,0.2564968687749419,18.289604143676566,13.687636736514872,-0.0011263085312457,0
2025-08-18,IBM,235.05694580078125,236.99080454400087,234.73299832320768,235.17475441552745,3569600,-0.265045166015625,-0.0011263085312457,245.8927606861085,265.4441693115234,239.3894271850586,31.173871272343817,5.399897035553987,196506600.0,-9.587572606695062,-0.6449573835861884,-8.942615223108874,221.80306738493127,246.6587142944336,271.5143612039359,20.153876971751657,0.2666170481119722,18.54526219976695,16.580662275997046,0.0076425416360157,1
2025-08-19,IBM,236.85337829589844,238.3749443645124,235.0962249508533,235.5968628921148,3328300,1.7964324951171875,0.0076425416360157,245.03186712513616,264.9379428100586,239.5692264556885,34.18113757217112,5.251190001852354,199834900.0,-9.11194014989468,-0.1354599414286426,-8.976480208466036,223.2444595821896,244.754972076416,266.26548457064246,17.577181220662236,0.3163318102569986,25.076868997503126,20.63724511364886,0.0052635468058046,1
2025-08-20,IBM,238.10006713867188,238.42401460163373,235.93060624265857,237.66813718805608,3240100,1.2466888427734375,0.0052635468058046,244.37169569785385,264.39405181884763,239.7816560363769,36.26248938797674,5.054205598789697,203075000.0,-8.536002902551843,0.3523818447313545,-8.888384747283197,226.3193642826424,242.91112594604493,259.5028876094475,13.660767162297777,0.355016637022182,33.53358282159801,25.71857133962268,-0.0129870779049079,0
2025-08-21,IBM,235.00784301757807,238.0509748734776,234.27160288910343,237.76630194782533,2991900,-3.09222412109375,-0.0129870779049079,243.47990020449424,263.7071914672852,239.96993690490723,33.4380417120363,4.966652645273892,200083100.0,-8.234166779364188,0.5233743743352086,-8.757541153699396,225.8513659147276,241.96085891723632,258.070351919745,13.31578427568652,0.2841950737190983,36.084904343501535,31.56511872086754,0.0112365219069292,1
2025-08-22,IBM,237.6485137939453,239.20933940571547,235.81282637553053,236.32329043594697,3134900,2.6406707763671875,0.0112365219069292,242.92453007015624,262.9701782226563,240.16411781311035,37.8872683377296,4.911998626906996,203218000.0,-7.69319702799001,0.8514753005675093,-8.54467232855752,225.8401365446488,241.1811408996582,256.52214525466763,12.721562140210573,0.3848632389391321,40.07861173033415,36.56569963181121,-0.0109876809789417,0
2025-08-25,IBM,235.0373077392578,238.11971433745688,235.0373077392578,238.11971433745688,3513300,-2.6112060546875,-0.0109876809789417,242.1733660386421,262.19049591064453,240.3544551849365,35.369591150407544,4.781313481999288,199704700.0,-7.389989904888552,0.9237459389351752,-8.313735843823727,226.3023425305375,240.10071411132813,253.8990856921188,11.493819693008255,0.3165215966817663,34.85968620499745,37.00773409294436,0.0133651617937722,1
2025-08-26,IBM,238.1786193847656,240.4854963731832,235.96989876971,236.59815647883863,5386600,3.1413116455078125,0.0133651617937722,241.7929139763681,261.5479397583008,240.55453247070312,40.49267802566782,4.828947421422583,205091300.0,-6.817629094214254,1.196885399687579,-8.014514493901833,227.45633081100056,239.21635665893555,250.9763825068705,9.832125204299397,0.455878614231441,40.26267206180848,38.40032333238001,0.0091083672437295,1
2025-08-27,IBM,240.34803771972656,241.4474998179052,237.56014539350213,238.41417913949675,3698400,2.169418334960937,0.0091083672437295,241.65530671383084,260.8588720703125,240.7366731262207,43.8055539951549,4.7616907787783305,208789700.0,-6.118445468313439,1.516855220470716,-7.635300688784155,228.82959208947108,238.5452880859375,248.26098408240392,8.145787388570241,0.5927751153620244,49.398311151823386,41.50688980620976,0.0036350941427674,1
2025-08-28,IBM,241.2217254638672,241.3689824853932,238.89521131643363,240.92722639965984,2820800,0.873687744140625,0.0036350941427674,241.61401326145327,260.16348541259765,240.92275276184083,45.13039638113551,4.598267949505561,211610500.0,-5.431230266513097,1.7632563378168469,-7.194486604329944,229.2222703243286,238.2645393371582,247.3068083499878,7.590108908345992,0.6635201365118201,71.96972329305419,53.87690216889533,-0.0091156095182231,0
2025-08-29,IBM,239.02284240722656,240.95670121331784,237.28531132696864,240.73091009870643,2967600,-2.198883056640625,-0.0091156095182231,241.3672350848603,259.4210015869141,241.09769470214843,42.41976975718236,4.550992677176489,208642900.0,-5.006328910458393,1.7505261550972406,-6.756855065555634,229.3365557354289,238.0249801635742,246.71340459171952,7.300430754935469,0.5574248099816504,83.26248093259655,68.21017179249135,-0.008172886114367,0
2025-09-02,IBM,237.0693359375,237.11842161151685,233.8789618513846,236.48033780698697,3469500,-1.9535064697265625,-0.008172886114367,240.95791135654028,258.6831304931641,241.26358505249024,40.11461250356528,4.593341811366881,205173400.0,-4.772212080246021,1.58771438824769,-6.359926468493711,229.64641277499965,237.59365234375,245.5408919125004,6.689774318761932,0.4670126713990302,78.47943673504197,77.90388032023088,0.0107660787035701,1
2025-09-03,IBM,239.62164306640625,239.76888511076032,235.01768541423544,235.6164946926833,3163200,2.55230712890625,0.0107660787035701,240.83064770986084,257.836201171875,241.44724044799804,44.368225065723415,4.604617374592452,208336600.0,-4.330800182129906,1.6233010290910448,-5.954101211220951,229.9757842111765,237.3538070678711,244.7318299245657,6.216898686259445,0.6536885994109781,73.0918166678618,78.27791144516677,0.0126177386886929,1
2025-09-04,IBM,242.64512634277344,244.7066048661445,238.39457949423456,240.91742142276425,4765100,3.0234832763671875,0.0126177386886929,241.00345519870967,256.9598391723633,241.6457247161865,48.99041879845503,4.726575088686562,213101700.0,-3.694421252076552,1.80774396731552,-5.502165219392071,230.4775592495033,237.1866432189941,243.89572718848493,5.657219039350652,0.9067979435494804,74.03060457647392,75.20061932645922,0.0054615802511772,1
2025-09-05,IBM,243.9703521728516,244.4611789409905,240.94685748365416,243.6758531161993,3147500,1.325225830078125,0.0054615802511772,241.2860168152946,256.16322143554686,241.8601203918457,50.915446901285286,4.639985543590119,216249200.0,-3.048016083942173,1.9633193083599192,-5.011335392302092,230.4701319093095,237.18909759521483,243.90806328112012,5.665492852771743,1.0046353036049915,86.14180755333139,77.75474293255569,0.03041890278351,1
2025-09-08,IBM,251.39166259765625,252.43221299952648,242.48807238452088,244.06853525307235,6940300,7.421310424804687,0.03041890278351,242.2484592707576,255.4980639648437,242.13086654663087,60.01564420758304,5.018853762976939,223189500.0,-1.914824695146564,2.4772085577244223,-4.392033252870986,228.7259949100374,237.8674201965332,247.008845483029,7.686151620884342,1.2397228537819902,90.2683934648606,83.48026853155528,0.0117926916109809,1
2025-09-09,IBM,254.3562469482422,255.8778279851012,250.20387144161785,251.42111230495303,4931100,2.964584350585937,0.0117926916109809,243.4015819067085,254.9356851196289,242.4015216064453,62.9691482265862,5.065646818727399,228120600.0,-0.7686842606286746,2.898679193793849,-3.667363454422524,227.7638140329836,238.98699569702148,250.2101773610594,9.392294866341802,1.1847100809420157,93.5583875222964,89.98952951349611,-0.0086063215727463,0
2025-09-10,IBM,252.16717529296875,255.30844876027007,249.8897318077348,254.88634491260825,5185400,-2.189071655273437,-0.0086063215727463,244.2364003244476,254.23045806884767,242.65083953857425,59.47559695098567,5.090866113999394,222935200.0,-0.036577849838693,2.9046284836670644,-2.941206333505757,228.17851343526183,240.0722137451172,251.9659140549725,9.908435569709678,1.00846083358219,90.20248014240008,91.34308704318568,0.0005060502136386,1
2025-09-11,IBM,252.29478454589844,253.80650941983788,250.96954628248324,252.83468200692133,3576000,0.1276092529296875,0.0005060502136386,245.0038654883953,253.59759826660155,242.8798675537109,59.61625118404528,4.929873044239055,226511200.0,0.5476062910406085,2.791050099637093,-2.2434438085964845,228.07053740592107,240.9036735534668,253.73680970101253,10.654163930545051,0.943816338479746,86.64283102196872,90.1345662288884,-0.0138905630089429,0
2025-09-12,IBM,248.790267944336,252.53036542041983,247.7987883128822,252.2358813505265,3433300,-3.5045166015625,-0.0138905630089429,245.36447524610392,252.9638772583008,243.0538468933105,54.06625009023848,4.915709048760383,223077900.0,0.7194973130744984,2.3703528973367867,-1.650855584262288,229.0049955953248,241.70519332885743,254.40539106239007,10.508833143897816,0.7789356025840296,78.20909483139366,85.0181353319208,0.0110480284879488,1
2025-09-15,IBM,251.53890991210932,254.2973541428395,249.3400154255264,249.3596526916837,4028400,2.748641967773437,0.0110480284879488,245.9525166428664,252.3008834838867,243.23882720947265,57.41483613764274,4.957950273742039,227106300.0,1.0652352529738778,2.1728726697889327,-1.107637416815055,229.483139377828,242.51603927612305,255.54893917441817,10.748072529302824,0.8461574440990927,77.25712852391739,80.70301812575991,0.0049953126670092,1
2025-09-16,IBM,252.79542541503903,253.2666299299098,249.7424970851103,251.55856224475048,2719900,1.2565155029296875,0.0049953126670092,246.60422224021613,251.65327026367189,243.41488723754884,58.89023327220775,4.855534743103287,229826200.0,1.4242079781660664,2.025476315984897,-0.6012683378188306,230.1095256294749,243.402963256836,256.6964008841969,10.922987501457744,0.8532743907742592,78.01571439238528,77.82731258256543,0.0060577523022748,1
2025-09-17,IBM,254.3267974853516,256.17231101740185,252.29479733332508,252.77579800325884,3974800,1.5313720703125,0.0060577523022748,247.3397055968957,251.0762612915039,243.5856143951416,60.6782871247814,4.785676096029965,233801000.0,1.8113848598866864,1.9301225581644137,-0.1187376982777271,230.53076580470417,244.2766342163086,258.022502627913,11.254345677149262,0.8655703287745177,85.99555709267607,80.4228000029929,0.0228501938585976,1
2025-09-18,IBM,260.1382141113281,260.36400523287296,252.0886422953727,254.1108463933586,4988400,5.8114166259765625,0.0228501938585976,248.5586111696988,250.6209408569336,243.79458770751955,66.6129911811243,5.034939441849273,238789400.0,2.5576747988068007,2.141129997667622,0.4165448011391784,230.31932357895127,245.3785415649414,260.4377595509315,12.274274588109876,0.9900544158441013,92.2858398509279,85.43237044532974,0.0052828362138939,1
2025-09-19,IBM,261.5124816894531,262.95551350672105,258.80313844957084,261.1688969791157,9858100,1.374267578125,0.0052828362138939,249.7923131239611,250.245954284668,244.008074798584,67.84876303165457,4.971899128656482,248647500.0,3.222855785118213,2.245048787183228,0.9778069979349856,230.8827237623605,246.7037734985352,262.5248232347098,12.825948717212118,0.968006498868973,95.30209708181718,91.1944980084737,0.0186562613888441,1
2025-09-22,IBM,266.3913269042969,267.3140836650484,261.1198519790037,261.7284724046718,5030500,4.87884521484375,0.0186562613888441,251.3731715792312,250.0434292602539,244.2460524749756,71.83450031842402,5.059208597041351,253678000.0,4.096476907940968,2.494935928004786,1.601540979936182,230.72929367068085,248.14091415405272,265.5525346374246,14.033655467685008,1.0240871396109654,97.10915165339232,94.89902952871245,0.0032059392989733,1
2025-09-23,IBM,267.245361328125,268.2859117274599,264.3298489939949,267.6969435449608,5394100,0.854034423828125,0.0032059392989733,252.88480869817343,249.85408477783204,244.48055458068848,72.47768973437287,4.980412463928754,259072100.0,4.802382506264877,2.560673221062956,2.241709285201921,231.54565779989463,249.7513168334961,267.9569758670976,14.579029463727556,0.9804562268891452,96.232955759066,96.21473483142512,-0.0173009408598466,0
2025-09-24,IBM,262.62176513671875,268.6294798888494,262.3959740422398,267.6183779610586,3159900,-4.62359619140625,-0.0173009408598466,253.81213788279683,249.5935250854492,244.6703372192383,63.96177783561089,5.069919134120243,255912200.0,4.931880557987483,2.1521370182284496,2.7797435397590338,232.7576686279936,250.9734741210937,269.1892796141939,14.516120125357212,0.8197303303451828,90.65320759216984,94.6651050015427,0.0519942270082585,1
2025-09-25,IBM,276.2765808105469,279.0154026359329,266.17535727216875,267.9325255358225,11506200,13.654815673828123,0.0519942270082585,255.95160863782064,249.62127166748047,244.9223320007324,73.76548755753315,5.87875616019838,267418400.0,6.066408423682503,2.629331907138776,3.437076516543728,232.16950250377025,252.7699012756348,273.3703000474993,16.299724506677464,1.070539429727372,89.106255441788,91.99747293100792,0.0101974686709898,1
2025-09-26,IBM,279.0939025878906,283.5506178404856,274.97094592845923,275.36363129235724,9063900,2.81732177734375,0.0101974686709898,258.1556366330654,249.703805847168,245.17258514404296,75.26085222195005,6.071678713900378,276482300.0,7.110894290169767,2.939054218900832,4.171840071268936,231.81724243533168,254.66351013183595,277.5097778283402,17.942317440513598,1.0346692243257052,86.11139290325208,88.62361864573661,-0.0158629266089244,0
2025-09-29,IBM,274.6666564941406,280.7529206021583,274.5292405725437,280.7529206021583,6022100,-4.42724609375,-0.0158629266089244,259.7281147150726,249.62232513427733,245.4393826293945,68.63973037764917,6.082535950737111,270460200.0,7.495017211817412,2.6585417124387805,4.836475499378632,233.2003527351585,256.44570083618163,279.6910489372048,18.128865506598867,0.8919269261697358,85.06244152492151,86.76002995665385,0.008434629289743,1
2025-09-30,IBM,276.9833679199219,280.7725362248588,275.3734417260372,275.72685258032186,5926900,2.31671142578125,0.008434629289743,261.3714721631535,249.60980010986327,245.70948867797853,70.12105638410684,6.084203363592902,276387100.0,7.895363805913405,2.447110645227818,5.448253160685587,235.3397713379552,258.44140243530273,281.5430335326503,17.877654957495263,0.9013129074411552,81.43878063253325,84.20420502023559,0.0153458648016553,1
2025-10-01,IBM,281.2339172363281,281.33208858331386,275.01023729585177,275.0593379481891,4381300,4.25054931640625,0.0153458648016553,263.2631335986939,249.73591400146483,246.0085452270508,72.6716543218547,6.101178215297844,280768400.0,8.458125170620292,2.4078976079477643,6.050227562672528,237.0820369758821,260.52201614379885,283.96199531171555,17.994624419748597,0.9418071565711656,83.4340301780008,83.31175077848518,0.0008028887936626,1
2025-10-02,IBM,281.459716796875,283.24633350956304,277.60182540168165,280.5467861536198,3814200,0.225799560546875,0.0008028887936626,264.9961415223302,249.86556854248047,246.29843513488768,72.80446624601994,6.068558921910955,284582600.0,8.82065868146708,2.216344895035641,6.604313786431439,238.838018726132,262.4627456665039,286.08747260687585,18.00234687050826,0.9020569460616168,89.67973646925947,84.8508490932645,0.0057547150171877,1
2025-10-03,IBM,283.0794372558594,287.93863444593666,282.0290607384398,282.2254034369501,4375100,1.619720458984375,0.0057547150171877,266.7183601636187,250.44689361572264,246.6033514404297,73.78851586440845,6.097870259564576,288957700.0,9.133383050722273,2.0232554114326664,7.1101276392896064,240.7655385769462,264.4181999206543,288.07086126436235,17.890342911952118,0.8944849390102404,91.56216711642624,88.22531125456214,0.003641245470678,1
2025-10-06,IBM,284.1101989746094,286.1029545904827,282.5198949732168,283.3150319950678,2881900,1.03076171875,0.003641245470678,268.3747257646654,251.06424011230467,246.9205899810791,74.42278782519436,5.918240927971815,291839600.0,9.356536889660449,1.797127400296672,7.559409489363775,241.71567582666967,266.05412673950195,290.3925776523342,18.29586423717638,0.870937170565517,90.16246994479484,90.46812451016017,0.0153755380262119,1
2025-10-07,IBM,288.4785461425781,295.5170158190443,287.9092002211523,290.1277170436301,7190100,4.36834716796875,0.0153755380262119,270.2893753244666,251.70089416503907,247.2614023590088,76.96660241257291,6.310282064862036,299029700.0,9.773217456191674,1.771046373462319,8.002171082729355,242.1883876678012,267.76024169921874,293.3320957306363,19.10056091161061,0.9050997713717764,86.79739480916449,89.50734395679517,-0.015006667290816,0
2025-10-08,IBM,284.1494445800781,288.80250304662115,281.2143098827865,288.76322851420355,5297000,-4.3291015625,-0.015006667290816,271.6093819202391,252.26656768798827,247.6229061126709,69.58096462922062,6.401561429074362,293732700.0,9.642959456822268,1.3126306992743313,8.330328757547937,243.8881260346012,269.3593551635742,294.8305842925472,18.91245181627721,0.7903293229709221,80.71709387451985,85.89231954282639,-0.0042492709436753,0
2025-10-09,IBM,282.9420166015625,284.80715237546167,278.12209402332627,284.50284216824235,4912400,-1.207427978515625,-0.0042492709436753,272.6886804613175,252.8500198364258,247.9603314971924,67.63164182587192,6.421811209293008,288820300.0,9.33469515182992,0.8034931154255851,8.531202036404334,246.0311292976636,270.89171676635743,295.7523042350513,18.35463096875421,0.7423575036265657,72.0906928501095,79.86839384459792,-0.036117027725131,0
2025-10-10,IBM,272.7229919433594,285.06238405276287,272.408855622706,283.6684228534187,4508500,-10.219024658203123,-0.036117027725131,272.691948221512,253.3677456665039,248.2493559265137,53.87497308742282,6.866933867918996,284311800.0,8.171606391402861,-0.2876765160011789,8.45928290740404,249.388199613154,272.0883529663086,294.7885063194633,16.68586920805502,0.5139787376582317,54.55292793748518,69.12023822070483,-0.0021596611771361,0
2025-10-13,IBM,272.1340026855469,277.2582354968816,269.60134966738804,274.6568595392773,4333800,-0.5889892578125,-0.0021596611771361,272.6388105514201,253.9341452026368,248.5423151397705,53.20325939875393,6.923359008031464,279978000.0,7.120245895956145,-1.0712296091583156,8.191475505114461,252.46381317004293,273.1181076049805,293.772402039918,15.124807810114527,0.4761767480720876,41.34090668913378,55.99484249224281,-0.0038598062392743,0
2025-10-14,IBM,271.0836181640625,272.43830483791817,267.5496594404583,270.4651716427207,3058100,-1.050384521484375,-0.0038598062392743,272.49069699071936,254.44189971923828,248.81809104919432,51.95907663707266,6.778022321562065,276919900.0,6.131596646858611,-1.6479030866046802,7.779499733463291,255.55331688518652,274.03251724243165,292.5117175996768,13.486866845730471,0.4202103169682614,25.76964146853033,40.554492031716414,0.0166576830816354,1
2025-10-15,IBM,275.5992431640625,280.2130269828325,271.91804223132795,273.27272896780465,3346800,4.515625,0.0166576830816354,272.78674900722825,255.06551361083984,249.11413581848143,56.652251386533855,6.945978499934061,280266700.0,5.647358954296578,-1.7057126233333708,7.353071577629949,258.9783380576353,275.0961395263672,291.2139409950991,11.71794085986223,0.5156070801179459,24.97045474457856,30.69366763408088,-0.0170257770155498,0
2025-10-16,IBM,270.9069519042969,277.3760456937,270.54374485652585,275.9526359553469,2956900,-4.692291259765625,-0.0170257770155498,272.6077207117109,255.5638845825196,249.3968703460693,51.06926274901439,6.937858666879782,277309800.0,4.82929924903965,-2.01901786287224,6.848317111911889,260.8905668158042,275.63457641601565,290.3785860162271,10.6982293672462,0.3396764299566456,19.1714513463735,23.30384918649412,0.0192412391508514,1
2025-10-17,IBM,276.1195373535156,278.2006382973792,270.2983384013953,271.08364933797674,5309600,5.21258544921875,0.0192412391508514,272.9421794395019,256.2078500366211,249.7178397369385,56.22965217974189,7.006747326101501,282619400.0,4.549153313530553,-1.8393310387050696,6.388484352235623,263.12059139514656,276.36492919921875,289.60926700329094,9.58467331035694,0.4907359715021888,23.80960839973644,22.650504830229483,0.0084257260122115,1
2025-10-20,IBM,278.446044921875,280.26211012085133,275.8053942722822,276.090082211872,3494300,2.326507568359375,0.0084257260122115,273.4663571044898,257.0202667236328,250.052462310791,58.34139675801844,6.824602220563477,286113700.0,4.463413901550325,-1.5400563605482391,6.003470262098564,264.5205376569361,276.96766510009763,289.4147925432592,8.988144835364148,0.5593863856752583,27.202613825152383,23.394557857087424,-0.0056408727636199,0
2025-10-21,IBM,276.8753662109375,280.0755663058625,276.4336400969587,278.11225924545465,4081000,-1.5706787109375,-0.0056408727636199,273.7910246384372,257.91847930908204,250.37870231628412,56.36427732763573,6.597268219730642,282032700.0,4.220077725462033,-1.4267140293092249,5.646791754771258,265.8258836503293,277.4491653442383,289.0724470381473,8.37867483182925,0.4753168189324074,34.31616223715092,28.442794820679897,0.0193583970816912,1
2025-10-22,IBM,282.2352294921875,283.864778024829,276.1882398633206,276.8164825745629,10538500,5.35986328125,0.0193583970816912,274.59523462450863,258.9539276123047,250.71870376586915,61.1968075372228,6.674358929857625,292571200.0,4.408905111641161,-0.9903093145040778,5.399214426145239,268.8452300609515,278.4298385620117,288.0144470630719,6.884756713261184,0.698515720791041,41.60524604839325,34.37467403689883,-0.0087301601032148,0
2025-10-23,IBM,279.7712707519531,280.34061664788936,258.7246155661384,260.08912842423376,16676400,-2.463958740234375,-0.0087301601032148,275.08819044617,259.83604125976564,251.04628913879395,58.01595002167712,7.876948572442733,275894800.0,4.310047749892192,-0.8713333410024378,5.18138109089463,269.0560037518024,278.60457305908204,288.1531423663617,6.854567534506866,0.5610928012001554,47.6861548013756,41.20252102897325,0.0788070306717882,1
2025-10-24,IBM,301.8192138671875,305.0488626678176,277.0324599416448,278.56383719349867,16914200,22.04794311523437,0.0788070306717882,277.63400220055263,261.21722808837893,251.4779080200196,72.0270675769876,9.315481011994883,292809000.0,5.942288324667231,0.6087257870180807,5.333562537649151,265.82154270044964,279.7408386230469,293.6601345456441,9.951565163750455,1.2930852022585964,67.5805538401436,52.29065156330413,0.0183113023523127,1
2025-10-27,IBM,307.3459167480469,307.748398312054,297.3232420524168,302.15296090512254,9868200,5.526702880859375,0.0183113023523127,280.46370834793305,262.6577066040039,251.9409130096436,74.33885158880656,9.394743529683623,302677200.0,7.594267485432226,1.80856395822646,5.785703527205767,263.1999271856829,281.3748016357422,299.5496760858014,12.918622665854622,1.214478528687169,83.13699550106861,66.13456804752926,-0.00166078995654,0
2025-10-28,IBM,306.8354797363281,313.49109009340054,305.69675794018974,306.8649281466726,6044800,-0.51043701171875,-0.00166078995654,282.9753056230183,264.09327728271484,252.4178676605225,73.73277077285675,9.280428431364138,296632400.0,8.761290171872474,2.3804693157333663,6.380820856139108,261.720141130713,282.8674072265625,304.014673322412,14.952069807683143,1.0666943519112806,93.35148871180031,81.35634601767083,-0.0139489386968969,0
2025-10-29,IBM,302.5554504394531,308.5631657332573,301.87810705263297,307.051440744946,4135900,-4.280029296875,-0.0139489386968969,284.84008131982165,265.4073187255859,252.8847280883789,68.6766974859206,9.095044877739864,292496500.0,9.234353584325676,2.282826182549252,6.951527401776422,261.1376303877107,283.9334838867188,306.7293373857268,16.05717873563861,0.9084507420076352,89.01951190775328,88.50266537354072,0.006002438739751,1
2025-10-30,IBM,304.3715209960937,307.9938252740194,299.4239783310285,301.0240785352444,4694300,1.816070556640625,0.006002438739751,286.7002184318476,266.7327478027344,253.35898498535155,69.62837858206522,9.057530739543513,297190800.0,9.644624238665472,2.1544774695112388,7.490146769154233,260.65121711974695,285.0790740966797,309.5069310736124,17.13760089500532,0.8948861932021291,83.74259718870512,88.7045326027529,-0.0085468243007622,0
2025-10-31,IBM,301.7701110839844,307.7483774041862,296.09615495726416,306.27589712952505,7697500,-2.601409912109375,-0.0085468243007622,288.1354463034796,268.0679931640625,253.8092657470703,66.51107826886039,9.242865861499125,289493300.0,9.648631234248684,1.7267875720755592,7.921843662173123,260.5549114890358,286.01360778808595,311.4723040871361,17.802437090974404,0.8094522812718871,80.6595865840926,84.47389856018366,-0.0087179901547297,0
2025-11-03,IBM,299.1392822265625,306.4133382658905,298.64845547592785,302.34927839094564,4958000,-2.630828857421875,-0.0087179901547297,289.18343067710657,269.29780853271484,254.23373931884765,63.41879794612139,9.13729564210366,284535300.0,9.331948017270292,1.1280834840777345,8.203864533192558,260.69556719754235,286.7650619506836,312.8345567038249,18.18177889301213,0.7373314172954548,78.58035335343546,80.9941790420777,-0.0127326570495019,0
2025-11-04,IBM,295.3304443359375,297.6078875136797,290.5694191455626,294.49603291779994,5677300,-3.808837890625,-0.0127326570495019,289.7688605493762,270.50367126464846,254.6289212799072,59.132377348335694,9.096764744881964,278858000.0,8.67364847973289,0.3758271572322655,8.297821322500624,260.77830022063307,287.10765686035154,313.43701350007,18.34110377106732,0.6561524572761813,73.0775484968769,77.43916281146831,0.019677727089169,1
2025-11-05,IBM,301.1418762207031,301.5640100535563,294.21140392207894,295.85077868151564,4650400,5.811431884765625,0.019677727089169,290.8520048990264,271.7629364013672,255.05571014404296,63.21740066692109,8.972181986781631,283508400.0,8.52263174478054,0.1798483378239321,8.342783406956608,260.97600248362323,287.9572784423828,314.9385544011424,18.73977702852768,0.7443286558884903,72.69517657518327,74.7843594751652,0.018417650023303,1
2025-11-06,IBM,306.6882019042969,309.6527847113071,295.56605089128925,301.122213337027,6818500,5.54632568359375,0.018417650023303,292.3602141376236,273.0897396850586,255.5150417327881,66.64423400448486,9.337507117727077,290326900.0,8.749631716431793,0.3254786475801481,8.424153068851645,261.08234674783785,289.1445877075195,317.2068286672012,19.41052480502777,0.8125839846857399,77.28978775102625,74.35417094102878,-0.0193328881396686,0
2025-11-07,IBM,300.759033203125,304.3126144234849,297.0778322221957,303.9984780832666,5070800,-5.929168701171875,-0.0193328881396686,293.1601016676713,274.2804858398438,255.9313528442383,60.188613013645856,9.356997300896651,285256100.0,8.354787675706916,-0.0554923145157832,8.4102799902227,263.11147626727575,290.5463897705078,317.98130327373985,18.885048631925464,0.6861249431570846,80.59387047319431,76.85961159980127,0.0145389188649487,1
2025-11-10,IBM,305.1317443847656,305.9312655056442,300.2951265815997,302.8516241329464,2975200,4.372711181640625,0.0145389188649487,294.3002581169184,275.6026638793945,256.3754930114746,63.03265117217909,9.091221702550072,288231300.0,8.299045941187671,-0.0889872392280235,8.388033180415695,265.42821223419315,292.19627685546874,318.9643414767443,18.321975152692364,0.7416212698286677,83.02228323148763,80.30198048523606,0.0148480425725432,1
2025-11-11,IBM,309.662353515625,313.7981625561499,304.44076582671687,305.0034006885424,4381900,4.530609130859375,0.0148480425725432,295.7633148215571,277.05452423095704,256.8455096435547,65.7618133980529,9.110234204470286,292613200.0,8.52221373294418,0.1073444420227893,8.414869290921391,268.17314259333415,294.1252136230469,320.0772846527596,17.646954309040026,0.7993429671718595,84.65962257011877,82.75859209160022,0.0040163531820587,1
2025-11-12,IBM,310.90606689453125,320.69774497784783,310.4618751348558,315.7525646841653,6042700,1.24371337890625,0.0040163531820587,297.2054816856499,278.4802127075195,257.3143840026856,66.49311000681395,9.247745437166897,298655900.0,8.699154651493075,0.2274282884573466,8.471726363035728,270.4205457061896,295.8905548095703,321.36056391295097,17.21583111686191,0.7947684868115718,84.93412365166776,84.20534315109138,-0.0321291116701691,0
2025-11-13,IBM,300.9169311523437,310.53097463088665,299.7522004830535,308.25085454395617,5310200,-9.9891357421875,-0.0321291116701691,297.55895306343024,279.6456488037109,257.71902389526366,56.12435808673304,9.383896935331958,293345700.0,7.941793777458031,-0.4239460684621576,8.365739845920189,274.58903227861,297.3910537719727,320.1930752653354,15.33470573788434,0.5773150174732841,68.13692842465427,79.24355821548026,0.0027226963161706,1
2025-11-14,IBM,301.7362365722656,303.7399795374244,293.74099518927125,296.11982808966894,3592500,0.819305419921875,0.0027226963161706,297.9567895880812,280.8009664916992,257.9851616668701,56.72047970600076,9.427831750533471,296938200.0,7.323272798222547,-0.8339736381581133,8.15724643638066,278.016364726955,298.67188873291013,319.3274127388653,13.8315822714916,0.5741774413099376,49.66152592613097,67.57752600081766,-0.0278714305320981,0
2025-11-17,IBM,293.326416015625,302.0421955279432,292.6749488418995,301.63749485383204,3909700,-8.409820556640625,-0.0278714305320981,297.5158016287997,281.6396615600586,258.22161460876464,49.31406868702016,9.42350424592706,293028500.0,6.084351612841942,-1.6583158588309743,7.742667471672917,280.7521916430031,299.41590728759763,318.0796229321922,12.466749554937657,0.3368628362129947,26.85327470971697,48.21724302016739,-0.0242957555983736,0
2025-11-18,IBM,286.1998291015625,293.15863309042066,286.1702183233367,293.15863309042066,4861900,-7.1265869140625,-0.0242957555983736,296.438089959539,282.276533203125,258.3982350921631,44.063282852601695,9.261553777810004,288166600.0,4.475846866332574,-2.613456484272274,7.089303350604848,283.1255624154241,299.8821304321289,316.63869844883374,11.175436157238629,0.0917331843571317,15.433596058039068,30.649465564628983,-0.0048975303992366,0
2025-11-19,IBM,284.79815673828125,287.34477380860125,284.34411480477047,286.7426779970831,3595900,-1.40167236328125,-0.0048975303992366,295.32952489084784,282.92915283203126,258.5499021148682,43.09144429088479,8.814347008240059,284570700.0,3.052801228363137,-3.229201697793369,6.2820029261565065,283.7640613686711,300.0102767944336,316.2564922201961,10.830439276514769,0.0318257311783006,3.4951884924624204,15.260686420072808,0.0064810625843712,1
2025-11-20,IBM,286.6439514160156,296.8205991481028,286.4070652227362,290.82913160875,5597000,1.845794677734375,0.0064810625843712,294.5023274170543,283.6161361694336,258.7163789367676,44.81744374557498,9.04349667978159,290167700.0,2.050332554920203,-3.385336296989043,5.435668851909246,285.61364502365547,300.3539108276367,315.0941766316179,9.81526477438823,0.0349487046591073,2.5536701328821008,7.160818227794515,0.0242425300622852,1
2025-11-21,IBM,293.5929260253906,296.593615228322,288.11472153988643,289.6841529323667,5710900,6.948974609375,0.0242425300622852,294.4157177607054,284.5121893310547,258.96503730773924,50.85999453793098,9.108222903533362,295878600.0,1.795891169296283,-2.911822146090371,4.707713315386654,284.932217414511,299.9425964355469,314.95297545658275,10.008834489943062,0.2884906703135982,11.005494002691544,5.684784209345341,0.0224581940164356,1
2025-11-24,IBM,300.1864929199219,303.20691232741206,293.662001427105,295.3103847004338,6050600,6.59356689453125,0.0224581940164356,294.96531539491644,285.4851409912109,259.25195571899417,55.80509454887251,9.144348860568224,301929200.0,2.102059053407743,-2.084523409583129,4.186582462990872,284.96104936035726,299.5846252441406,314.208201127924,9.762567669730156,0.5205786765345364,25.115351448727164,12.891505194766925,0.0011838547224722,1
2025-11-25,IBM,300.5418701171875,302.04219961089285,293.21782705556905,300.1963909884845,2825300,0.355377197265625,0.0011838547224722,295.4964158446565,286.44006988525393,259.54743125915525,56.06174175483444,9.121493410193622,304754500.0,2.346328265488808,-1.4722033580016518,3.8185316234904594,285.0178866035911,299.2699447631836,313.5220029227761,9.524550265727742,0.5446225148592941,37.85861682553158,24.65982075898341,-0.0041711362005232,0
2025-11-26,IBM,299.28826904296875,302.6344371929437,297.7385983390378,301.2327902394087,2196400,-1.25360107421875,-0.0041711362005232,295.8575447206863,287.33929931640625,259.81034088134766,54.85167669759524,8.819660941887358,302558100.0,2.410966129255769,-1.1260523953877528,3.5370185246435217,284.9342332179332,299.10658569335936,313.27893816878554,9.476456322466609,0.5064097809423105,43.080784910225326,35.35158439482801,0.0177105759738018,1
2025-11-28,IBM,304.5888366699219,305.18108234046827,299.67326688697915,300.12730884782275,1689000,5.300567626953125,0.0177105759738018,296.6890963348992,288.22831176757813,260.0943775939941,58.89200059899765,8.610600395859654,304247100.0,2.856970236303028,-0.5440386306723957,3.401008866975423,284.9286457192604,299.1174514770508,313.3062572348412,9.487113297954153,0.6928064026765254,47.11737743119294,42.68559305564994,-0.0094303373678595,0
2025-12-01,IBM,301.7164611816406,303.14768873063736,298.8835566114094,302.5455929621246,3166600,-2.87237548828125,-0.0094303373678595,297.16789298696983,289.0323913574219,260.347682723999,55.96902101234426,8.40307751462057,301080500.0,2.944710221547723,-0.3650389163421605,3.309749137889884,284.92795010876665,299.1147689819336,313.30158785510054,9.485869869584286,0.5916939950727041,48.19438226662109,46.13084820267977,-0.0127261573567171,0
2025-12-02,IBM,297.87677001953125,306.45437578922656,297.669494598286,303.02925563624115,4261100,-3.839691162109375,-0.0127261573567171,297.235405085309,289.66210021972654,260.57166740417483,52.23665200827672,8.430349205786284,296819400.0,2.6735942743029,-0.5089238908695868,3.1825181651724868,284.85459091427015,299.05164337158203,313.2486958288939,9.494716228441892,0.4586226311558887,46.90015202815757,47.403970575323854,0.0027834734478413,1
2025-12-03,IBM,298.7059020996094,300.0384471974125,295.04389574757766,298.96254889377,3953400,0.829132080078125,0.0027834734478413,297.3754524200043,290.29131103515624,260.79112854003904,52.9660431557429,8.18493508036118,300772800.0,2.4968547747378125,-0.5485307123477399,3.0453854870855523,285.1244308640093,299.2204162597656,313.316401655522,9.42180722288616,0.4817496207001202,46.61854502325736,47.23769310601199,0.0177450029347174,1
2025-12-04,IBM,304.0064392089844,305.60548126466074,298.626947732966,298.96254654884814,2962500,5.300537109375,0.0177450029347174,298.0069749713357,291.11900451660154,261.0310385131836,57.44052576908734,8.098763541170722,303735300.0,2.752764340501756,-0.2340969172670375,2.986861257768793,285.1348866094268,299.3636444091797,313.59240220893264,9.506002526014566,0.6631482826942662,60.33234576930522,51.28368094024004,-0.0001622215844451,0
2025-12-05,IBM,303.9571228027344,307.79679408541966,303.2069429630583,304.598709712679,2344700,-0.04931640625,-0.0001622215844451,298.57365571718327,291.6726153564453,261.26866790771487,57.385825159671896,7.848126939827199,301390600.0,2.9179586819491874,-0.0551220606556848,2.973080742604872,285.23162187159267,299.2270904541016,313.2225590366105,9.354412771430322,0.6689844223774054,75.7999993602064,60.91696338425631,0.0040266797402066,1
2025-12-08,IBM,305.1810607910156,311.27127130779166,303.9669888811331,305.61537224389093,3630200,1.22393798828125,0.0040266797402066,299.2029323908816,292.1943585205078,261.5282054901123,58.44353140695248,7.80998562305792,305020800.0,3.111767436485138,0.1109493551042128,3.0008180813809253,285.22503534833334,299.4481918334961,313.67134831865883,9.49957747153226,0.7015329355161047,83.31305180901369,73.1484656461751,0.0042047272582184,1
2025-12-09,IBM,306.4642639160156,309.90911463234374,304.7566288840296,305.6252517876326,2935300,1.283203125,0.0042047272582184,299.8944877742277,292.8303106689453,261.7922702789307,59.57636730459812,7.620164203433368,307956100.0,3.330513947173074,0.2637566926337187,3.066757254539356,285.173795395627,299.5148178100586,313.85584022449024,9.576168898278798,0.7422925613366192,81.05291907628576,80.0553234151686,0.0070536189155765,1
2025-12-10,IBM,308.6259460449219,310.61980856314165,302.6837893197764,306.2175025438153,3411500,2.16168212890625,0.0070536189155765,300.7260552285795,293.4631622314453,262.08709678649905,61.48130610321509,7.642725277714216,311367600.0,3.6363838453493145,0.4557012726479668,3.180682572701348,285.26221513940857,299.46299743652344,313.6637797336383,9.484164934350517,0.8226212618673848,82.96388713072957,82.443286005343,-0.006172714377604,0
2025-12-11,IBM,306.72088623046875,309.3859765406959,304.4111553522753,307.96459905829,2755700,-1.905059814453125,-0.006172714377604,301.2969915144737,293.9729016113281,262.3816484832764,58.84929092212252,7.45216069990753,308611900.0,3.682614648233596,0.4015456604257985,3.281068987807797,285.62165555795,299.2537384033203,312.88582124869066,9.110718494682702,0.773881398457184,83.95282826392112,82.65654482364546,-0.004827160088472,0
2025-12-12,IBM,305.24029541015625,307.0268825493489,299.40673144473857,306.5531101243747,2953400,-1.4805908203125,-0.004827160088472,301.6725442664434,294.4485131835938,262.6814376068115,56.81361405575521,7.464160014529162,305658500.0,3.5587584352178965,0.222151557928079,3.3366068772898174,285.6040745512708,299.4699066162109,313.3357386811511,9.260250702058062,0.7080794274342818,78.76804808774418,81.89492116079828,-0.0018755035185561,0
2025-12-15,IBM,304.6678161621094,307.33287647197665,302.38769595487,304.9935347104868,3566700,-0.572479248046875,-0.0018755035185561,301.95780825650684,294.8802807617187,262.982190322876,56.00690201905181,7.284232907570414,302091800.0,3.375496579760636,0.0311117619766543,3.3443848177839817,285.5967937410391,299.6164855957031,313.63617745036714,9.358424872242797,0.6801512693278559,70.12199160052059,77.61428931739529,-0.0177542519523746,0
2025-12-16,IBM,299.2586669921875,303.4043563014791,296.53438527621074,303.345134750449,3366900,-5.409149169921875,-0.0177542519523746,301.7007471837145,295.1832501220703,263.26679428100584,48.93637467599399,7.344889906022429,298724900.0,2.761949077402789,-0.465948592304954,3.2278976697077435,286.1903995961625,299.91309814453126,313.63579669290004,9.151116528932436,0.4761551581841913,51.99657393374301,66.96220454066925,0.0004618549989454,1
2025-12-17,IBM,299.3968811035156,302.2889773965484,299.1599647682932,299.86080335129185,3131000,0.138214111328125,0.0004618549989454,301.4813313665527,295.40161682128905,263.5374631500244,49.11315092984199,7.043755814753339,301855900.0,2.260799891246563,-0.7736782227689445,3.034478114015508,288.365847072107,300.5729507446289,312.7800544171508,8.122556365954052,0.4518284732945873,38.74030200488509,53.61962251304956,-0.0094619747932779,0
2025-12-18,IBM,296.5639953613281,300.51225940941845,291.8754318042209,299.2290555200706,5411700,-2.8328857421875,-0.0094619747932779,301.0130136517694,295.64990783691405,263.80297569274904,45.62663183534992,7.157546656927924,296444200.0,1.6164123512488686,-1.1344526102133117,2.75086496146218,291.1076587401302,301.16124267578124,311.2148266114323,6.676545657951306,0.2713627625790836,25.65706765917324,38.7979811992671,0.0017640807717047,1
2025-12-19,IBM,297.087158203125,302.89108142297647,295.2314691618081,296.4653017559958,11031000,0.523162841796875,0.0017640807717047,300.63912265666045,295.9328106689453,264.08398666381834,46.38361168839426,7.193408485802238,307475200.0,1.1348634528612251,-1.292801206880764,2.427664659741989,293.8633500725351,301.6834030151367,309.5034559577383,5.184277865102992,0.2061244440576236,25.95610633056593,30.11782533154141,0.0060135889730119,1
2025-12-22,IBM,298.87371826171875,299.258658332275,294.4615321004711,297.1364724874704,2612100,1.78656005859375,0.0060135889730119,300.47098890476127,296.4558251953125,264.3116967010498,48.99502742383618,7.022245467659498,310087300.0,0.8871662470851334,-1.2323987301254848,2.119564977210618,294.9216286202309,301.94744262695315,308.9732566336754,4.653666840558375,0.2812549291588512,29.04158287897795,26.88491895623904,0.003269619606649,1
2025-12-23,IBM,299.8509216308594,301.1834668147855,296.7614000935896,297.44247807375484,2923000,0.977203369140625,0.003269619606649,300.4119348786754,297.0101635742187,264.56676483154297,50.41754775342159,6.836518414340669,313010300.0,0.7609448731795965,-1.0868960832248176,1.847840956404414,294.88652978926046,301.9306640625,308.97479833573954,4.666060862093419,0.3523777123654849,34.690433961923056,29.89604105715564,0.0025677025580848,1
2025-12-24,IBM,300.620849609375,301.2032149947995,298.3900705795815,299.8312087769373,1210600,0.769927978515625,0.0025677025580848,300.4318315196944,297.600908203125,264.8641851043701,51.563763019084654,6.549134557260479,314220900.0,0.7148005030419995,-0.9064323626899315,1.621232865731931,294.89350954847623,301.9346130371094,308.97571652574254,4.663992258328968,0.406707561545199,40.76337107402804,34.831795971643004,0.001740071612865,1
2025-12-26,IBM,301.1439514160156,301.79541856715923,299.7423346155943,300.7491310548911,2814700,0.523101806640625,0.001740071612865,300.4996524622012,298.11180236816404,265.1609275817871,52.36941030040006,6.227988085425083,317035600.0,0.7122305508651721,-0.7272018518934071,1.4394324027585792,295.07994405266743,302.0273971557617,308.974850258856,4.600544962820936,0.4364194528097915,44.66495205290914,40.039585696286736,0.0021305477313526,1
2025-12-29,IBM,301.7855529785156,305.9904638304702,299.821301253243,300.7096546397909,4664500,0.6416015625,0.0021305477313526,300.62211917804063,298.72937438964846,265.4794270324707,53.39337753026243,6.2237862634109495,321700100.0,0.7532823591213287,-0.5489200349098005,1.3022023940311291,295.0397499394911,301.8872329711914,308.7347160028917,4.536450888834853,0.4925753746153846,48.581700331571824,44.67000781950299,-0.0120690765786195,0
2025-12-30,IBM,298.1432800292969,302.2790890731558,298.0939387773206,302.19025674587976,1883700,-3.64227294921875,-0.0120690765786195,300.38603925911264,299.16984924316404,265.7673653411865,47.19109036091077,6.078169408584109,319816400.0,0.4863093541521834,-0.6527144319031566,1.13902378605534,294.6688330263433,301.70857391357424,308.7483148008052,4.666583250131641,0.2467737846186722,44.69817010488949,45.98160749645681,-0.0193345472400545,0
2025-12-31,IBM,292.3788146972656,297.9458814585348,292.043215868254,297.8570491322844,3430100,-5.76446533203125,-0.0193345472400545,299.62344644369864,299.44850463867186,266.00410621643067,39.39200326657284,6.079733319474022,316386300.0,-0.1882429053349597,-1.0618133531122398,0.8735704477772801,293.45069338269974,301.4336761474609,309.4166589122221,5.296676115813889,-0.0671352248288476,29.72770978797081,41.00252674147736,-0.0159007685162695,0
2026-01-02,IBM,287.7297668457031,293.7212652750313,285.26210160688925,293.71138497475874,4662800,-4.6490478515625,-0.0159007685162695,298.49071505341334,299.6655926513672,266.2467572784424,34.447415701319265,6.24969263009317,311723500.0,-1.085457263116666,-1.567222168715157,0.4817649055984909,290.95539134459216,300.88486938476564,310.8143474249391,6.60018435654593,-0.1624266897936902,15.83132840968178,30.08573610084736,0.0119039121354378,1
2026-01-05,IBM,291.1548767089844,295.3202966840355,290.44418794139244,291.9445175072574,4190000,3.42510986328125,0.0119039121354378,297.79206378251536,299.84398559570315,266.4806718444824,40.38453921184048,6.34546671639597,315913500.0,-1.5028049644432144,-1.5876558960333642,0.0848509315901498,289.56855623288635,300.24229125976564,310.9160262866449,7.110080982991508,0.0743095304550492,13.584960377183648,19.71466619161207,0.0254262772542879,1
2026-01-06,IBM,298.557861328125,299.1204961909983,290.61199188822445,291.18447692778483,4147300,7.402984619140625,0.0254262772542879,297.8649968820972,300.21971740722654,266.7950436401367,50.76422226734043,6.49996940113725,320060800.0,-1.2221093196316133,-1.0455682009774103,-0.1765411186542028,289.4155973786444,299.9723281860352,310.5290589934259,7.038469762346702,0.4330063973536253,34.00765908846399,21.14131595844313,-0.0189770282436811,0
2026-01-07,IBM,292.8921203613281,300.3740677790552,292.5170304420286,298.58748063533085,2833300,-5.665740966796875,-0.0189770282436811,297.3913895944049,300.0411755371094,267.0784230041504,44.39362247400868,6.596902825129344,317227500.0,-1.4402318480321128,-1.010952583502328,-0.4292792645297848,288.655821817442,299.3578811645508,310.05994051165965,7.15001008523717,0.1979197837765027,42.55061498915736,30.047744818268324,0.0201866342331833,1
2026-01-08,IBM,298.8046264648437,299.7423512320026,291.1844755935488,291.1844755935488,3343300,5.912506103515625,0.0201866342331833,297.5259835820657,299.8703497314453,267.3691837310791,51.26665471310161,6.736972311795373,320570800.0,-1.1230597597688077,-0.555024396191218,-0.5680353635775894,288.7813495275239,298.9748992919922,309.1684490564605,6.819000383381892,0.4916480111892935,55.42856845425272,43.995614177291344,0.004955148638118,1
2026-01-09,IBM,300.2852478027344,303.0292903343983,298.093959872926,298.69605573024967,2718800,1.480621337890625,0.004955148638118,297.7887706507008,299.7393450927734,267.660325012207,52.83870552550507,6.608283608200868,323289600.0,-0.743652464120828,-0.1404936804345907,-0.6031587836862372,289.3422446889725,298.5578643798828,307.7734840707931,6.1734228371786495,0.5937204160321069,58.20638314759797,52.061855530336,0.0261652052639158,1
2026-01-12,IBM,308.14227294921875,308.2903268324771,296.08032458630623,298.70592389992686,3895200,7.857025146484375,0.0261652052639158,298.7748184886549,299.8510815429688,267.9886205291748,60.17954026663049,7.008406368055868,327184800.0,0.188849872805747,0.6336069251935874,-0.4447570523878403,289.14459740463786,298.6289337158203,308.1132700270028,6.351920554495161,1.0015289906043172,79.05555557924923,64.23016906036663,-0.028893537479576,0
2026-01-13,IBM,299.23895263671875,308.7641341634784,297.96562897524694,307.5697926562111,4507800,-8.9033203125,-0.028893537479576,298.81902174085144,299.74843017578127,268.29240127563475,50.57318629644359,7.279127712354123,322677000.0,0.2070543583145081,0.5214491285618787,-0.3143947702473706,289.3330409875277,298.32886657714846,307.32469216676924,6.030811361189173,0.5505837985910004,77.1013920789308,71.454443601926,0.0193626776586355,1
2026-01-14,IBM,305.03302001953125,305.1909542021679,297.60041387299106,299.57454597165105,3779000,5.7940673828125,0.0193626776586355,299.4108311007257,299.8136883544922,268.6358555603028,55.54635635326261,7.301371470698604,326456000.0,0.6811623435008869,0.7964456909986061,-0.1152833474977191,289.2985786761004,298.34712677001954,307.3956748639387,6.065785309804066,0.8694456381352922,80.98406206555724,79.04700324124575,-0.0358540725351319,0
2026-01-15,IBM,294.0963439941406,307.84616695090483,293.19811026672704,305.00341188455536,4932500,-10.936676025390623,-0.0358540725351319,298.9046894715271,299.7128295898437,268.902057723999,46.1145448783724,7.826134700232831,321523500.0,0.1724105424789854,0.2301551119813636,-0.0577445695023782,288.86635500761474,298.0890106201172,307.3116662326196,6.18785348263356,0.2835402950228349,60.39479312720746,72.82674909056516,0.0259102751296078,1
2026-01-16,IBM,301.7164611816406,303.4734373618509,296.88969424330713,297.10684995649547,6199600,7.6201171875,0.0259102751296078,299.1724772534427,299.84054992675783,269.1982241821289,52.20416964287291,7.936917462195509,327723100.0,0.3797236302255555,0.349974559782347,0.0297490704432085,288.86190948391845,298.2049896240234,307.5480697641284,6.266213152157326,0.6879183045077545,63.908685722037895,68.42918030493418,-0.0468478437326312,0
2026-01-20,IBM,287.5816955566406,297.6991224236518,286.4070845642024,297.45235591470026,7275500,-14.134765625,-0.0468478437326312,298.0685932823187,299.56934631347656,269.42546028137207,42.58952172623666,8.46352168756999,320447600.0,-0.5897385717419183,-0.4955901137481014,-0.0941484579938168,287.338646963195,297.75587463378906,308.1731023043831,6.997160128851356,0.0116657042128254,39.157174803609,54.48688455095144,0.0212459795890624,1
2026-01-21,IBM,293.691650390625,293.81997380090775,288.7267092044669,288.9734757248979,5185000,6.109954833984375,0.0212459795890624,297.6517415783479,299.3094152832031,269.71467765808103,47.12297628183373,8.304575727334072,325632600.0,-0.8551642580739554,-0.6088126400641107,-0.2463516180098445,287.0211815901599,297.5860992431641,308.15101689616824,7.100410724743789,0.3156895784496867,38.58319096832272,47.21635049798986,-0.0096457823653468,0
2026-01-22,IBM,290.8587646484375,297.03777760476703,289.7334948984941,295.54732836080484,3670200,-2.8328857421875,-0.0096457823653468,297.0047913945469,299.11140991210937,270.06726837158203,45.33545261804275,8.233126225829706,321962400.0,-1.2793585814079051,-0.8264055707184484,-0.4529530106894567,286.2448349475032,297.1853515625,308.1258681774968,7.362756311827122,0.2108643432161936,23.18353492146872,33.64130023113347,-0.0075678375298766,0
2026-01-23,IBM,288.6575927734375,290.5330122094406,286.04187381352284,290.2665152250637,3298400,-2.201171875,-0.0075678375298766,296.2098200972984,298.7819268798828,270.4170864105225,43.94070481560498,7.989109412192916,318664000.0,-1.7727170346593084,-1.0558112191758813,-0.7169058154834271,285.15548551679126,296.6256851196289,308.0958847224665,7.73378717909186,0.1526611296188712,23.730849377535247,28.499191755775552,0.0133017829451136,1
2026-01-26,IBM,292.49725341796875,292.9809362396839,289.34854060293065,289.36827107862496,3726900,3.83966064453125,0.0133017829451136,295.8562423183146,298.43862487792967,270.80910736083985,47.003570229958406,7.727268987482451,322390900.0,-1.8327518165926333,-0.892676800887365,-0.9400750157052684,284.7686506440891,296.2195053100586,307.67035997602807,7.731330625229183,0.3374683811527223,21.24505530722502,22.71981320207632,-0.0083352896067108,0
2026-01-27,IBM,290.0592041015625,293.4843243713551,289.47683876867563,293.3165400179604,2954900,-2.43804931640625,-0.0083352896067108,295.3041434405287,298.0216876220703,271.11977897644044,45.31073114394975,7.4615701742822385,319436000.0,-2.053389818372352,-0.8906518421336669,-1.1627379762386854,284.14861979234803,295.66526794433594,307.18191609632385,7.790328726846682,0.2566104404341915,19.200596904855345,21.392167196538526,0.00102097287015,1
2026-01-28,IBM,290.3553466796875,292.12220330584324,287.4928612204138,290.3652269792933,5790300,0.296142578125,0.00102097287015,294.83282946330576,297.8104559326172,271.4598273468018,45.56717291771406,7.259268167935613,325226300.0,-2.179229986544499,-0.8131936082446507,-1.366036378299848,283.71508620063,295.09375762939453,306.47242905815904,7.711902495107926,0.2917854039739362,21.69118525317126,20.712279155083863,0.051264593198242,1
2026-01-29,IBM,305.24029541015625,315.7624231091951,299.54493515059954,313.7487999344587,10124900,14.88494873046875,0.051264593198242,295.8240166963392,297.880537109375,271.8455810546875,56.58624814513664,8.555540186619325,335351200.0,-1.0655848636044425,0.2403612117563247,-1.3059460753607672,283.2953777322976,295.4486083984375,307.6018390645774,8.226967615125973,0.9028429674670518,33.753358667699445,24.88171360857534,-0.0082136636315083,0
2026-01-30,IBM,302.733154296875,303.799172322983,295.85330307087577,303.6215076724423,5940700,-2.50714111328125,-0.0082136636315083,296.48202980115207,298.068671875,272.2014608001709,54.58200743022129,8.614929626095122,329410500.0,-0.3809273220345517,0.7400150026609726,-1.1209423246955244,283.5020930613155,295.966325378418,308.43055769552046,8.422736810456998,0.7714498874179391,46.58022123280311,34.00825505122459,0.0261819604111306,1
2026-02-02,IBM,310.6593017578125,312.5446014855577,302.44690517744965,303.532683832547,4581200,7.9261474609375,0.0261819604111306,297.83224617797686,298.557861328125,272.58902870178224,59.46952896675138,8.720841531953187,333991700.0,0.7921116014017002,1.5304431408777797,-0.7383315394760794,283.7072814990583,297.11280212402346,310.5183227489886,9.023859308067992,1.0052582444489822,67.86228323297506,49.39862104449253,-0.0648809923765806,0
2026-02-03,IBM,290.50341796875,308.9319550869955,280.1787151219867,308.3594398871123,11466500,-20.1558837890625,-0.0648809923765806,297.13426253900286,298.6719665527344,272.8861328125,45.93293681251119,10.27510903937266,322525200.0,0.0942555086541006,0.666069638504144,-0.5718141298500434,283.613932146859,297.0802291870117,310.5465262271644,9.065764542463503,0.2558047621164342,56.00188213007084,56.81479553194966,-0.0178723752040084,0
2026-02-04,IBM,285.3114318847656,287.64092344446624,275.35193897886194,287.64092344446624,8708000,-5.191986083984375,-0.0178723752040084,296.0082786671708,298.6453161621094,273.1561148071289,43.20481739387453,10.623421178695189,313817200.0,-0.867747505282523,-0.2367467003459836,-0.6310008049365393,282.0356020692587,296.4179077148437,310.8002133604288,9.704073385081005,0.1138840286193097,45.49690684603502,56.4536907363603,0.002906166753217,1
2026-02-05,IBM,286.1405944824219,288.0357444480889,281.4125396224363,282.39960568205703,5532800,0.82916259765625,0.002906166753217,295.0684992210042,298.49626953125,273.44278617858885,43.77910282899321,10.337691439192144,319350000.0,-1.545420684989267,-0.7315359040421822,-0.8138847809470849,281.079222034286,296.08033142089846,311.08144080751094,10.13313468991453,0.1686999380410106,26.78624393118862,42.76167763576481,0.0311840921561967,1
2026-02-06,IBM,295.0636291503906,296.01123418921753,286.90060425762084,288.7168020644106,3744300,8.92303466796875,0.0311840921561967,295.0680354047553,298.39381225585936,273.7514071655273,49.676309457770365,10.304330601163825,323094300.0,-1.3469405453204786,-0.4264446114987148,-0.9204959338217638,280.93949567252645,295.8932815551758,310.8470674378252,10.107553509869668,0.4722594528470609,33.37404426245754,35.219065013227045,-0.0086641923454631,0
2026-02-09,IBM,292.50714111328125,293.8692970422217,287.65079315768804,292.0827099536445,4627800,-2.556488037109375,-0.0086641923454631,294.82414071032923,298.2331176757813,274.02506439208986,48.11897876570907,10.09779527198802,318466500.0,-1.38002278021753,-0.3676214771166128,-1.0124013031009171,280.6233131302547,295.50437622070314,310.3854393111516,10.071636353252668,0.3992936496134576,39.30955776707827,33.156615320241464,-0.0098417569182442,0
2026-02-10,IBM,289.6283569335937,295.43559151114187,288.20878175534256,292.83473856500086,3837300,-2.8787841796875,-0.0098417569182442,294.329304160164,298.0399194335937,274.36254333496095,46.35662396943294,9.89272487797454,314629200.0,-1.61986175602118,-0.4859683623362103,-1.1338933936849698,280.6869338908514,294.57868041992185,308.4704269489923,9.4316034746763,0.3218250140121388,42.186502967671125,38.290034999068965,-0.0649506635132113,0
2026-02-11,IBM,270.8168029785156,291.3556408691464,270.3700786344661,290.2041123840205,7628200,-18.811553955078125,-0.0649506635132113,292.0900183333403,297.36447875976563,274.5910478210449,36.85716069979094,10.685070403453524,307001000.0,-3.289946605206694,-1.7248425692173792,-1.565104035989315,276.0261931853057,293.1575729370117,310.2889526887177,11.687489141129484,-0.152042342248333,26.25499844414681,35.917019726298726,-0.0487153381319285,0
2026-02-12,IBM,257.6238708496094,269.31780200173444,255.3406873446184,268.32510825267593,12565400,-13.19293212890625,-0.0487153381319285,288.8075280967945,296.482626953125,274.7354261016846,31.91729950422317,11.027287919913787,294435600.0,-5.613353006102841,-3.238599176090821,-2.37475383001202,268.5310725671553,290.7871154785156,313.0431583898759,15.307447769641389,-0.2450391060303563,13.363795251141848,27.268432220986583,0.0110204921474861,1
2026-02-13,IBM,260.4630126953125,262.72635342229563,254.7649597893576,258.1003965261278,6842600,2.839141845703125,0.0110204921474861,286.1080504395105,295.73435180664063,274.8783570098877,33.968345935334305,10.808295470844095,301278200.0,-7.143231571750562,-3.814782193390833,-3.3284493783597284,263.3035210868154,289.1054489135742,314.907376740333,17.849492580454328,-0.0550444992051535,4.701448128252726,14.77341394118045,-0.0155119268617662,0
2026-02-17,IBM,256.4227294921875,258.7952821826409,252.7894665993078,257.3062415033268,4929700,-4.040283203125,-0.0155119268617662,283.2808770159559,294.88868835449216,274.9893177032471,32.46927986206307,10.58438480121271,296348500.0,-8.582751825179685,-4.203441957455965,-4.37930986772372,258.0823068430352,286.84076232910155,315.59921781516795,20.05186100647084,-0.028853728804242,6.2965882392349295,8.120610539543158,0.009600878790259,1
2026-02-18,IBM,258.8846130371094,259.20225201503723,254.37777490364303,256.7503275212299,3949200,2.461883544921875,0.009600878790259,280.95742330368483,293.9862518310547,275.1230489349365,34.36987659089673,10.17296282336853,300297700.0,-9.416382375420312,-4.029658006157274,-5.386724369263038,254.1807100975816,285.405908203125,316.63110630866845,21.88125557885808,0.0753222273182742,8.26333661532901,6.42045766093888,-0.0172936148221688,0
2026-02-19,IBM,254.40756225585932,256.3929498277936,251.6577962274852,254.129609207573,4948700,-4.47705078125,-0.0172936148221688,278.42886510865384,292.9952606201172,275.2058692169189,32.574421658129324,9.962523822386796,295349000.0,-10.319346175105522,-3.9460974446739865,-6.373248730431536,249.70701265361265,283.4417037963867,317.1763949391608,23.803618656630523,0.0696693736182845,6.654914895780332,7.071613250114748,0.0034337852415669,1
2026-02-20,IBM,255.28114318847656,257.1474123938344,251.94569138916967,253.335456660837,4708600,0.8735809326171875,0.0034337852415669,276.22432016387506,291.9972622680664,275.2754769897461,33.30653050609075,9.622466478263783,300057600.0,-10.83950969105922,-3.573008768502147,-7.266500922557073,245.9840812738276,281.6628227233887,317.34156417294975,25.334363338820864,0.1302885350901771,6.715380009967556,7.211210507025624,-0.1314746081988128,0
2026-02-23,IBM,221.71815490722656,253.32552024133847,219.1073655001113,252.5115040964188,19522900,-33.56298828125,-0.1314746081988128,271.033256806099,290.3023400878906,275.1775604248047,22.98182542686364,11.518988707556746,280534700.0,-13.800907411851256,-5.227525191435346,-8.57338222041591,234.30390942421,278.31585083007815,322.3277922359464,31.62733367474575,-0.1429811332442754,4.457897192225233,5.942730699324365,0.0267293925661715,1
2026-02-24,IBM,227.64454650878903,234.8614194343222,221.99611643710972,226.13564771128213,13379800,5.9263916015625,0.0267293925661715,266.9009986825457,288.68271209716795,275.088692779541,27.269103082296635,11.63500840895238,293914500.0,-15.49105492959103,-5.534138167340096,-9.956916762250934,226.40817638228955,275.07321548461914,323.7382545869488,35.38333531790247,0.0127028576294758,6.65286842327329,5.942048541822017,0.0358450377718537,1
2026-02-25,IBM,235.80447387695312,237.7997980693716,229.5306570628724,231.516044623214,8569700,8.159927368164062,0.0358450377718537,263.9394248915369,287.26438385009766,275.0368955230713,32.8146408070106,11.52931149121168,302484200.0,-15.987773964780445,-4.824685762023607,-11.163088202756835,221.34733247331167,272.3604789733887,323.37362547346567,37.4600211398962,0.1417001537399735,11.906437254509134,7.67240095666921,0.0188179101912411,1
2026-02-26,IBM,240.2418212890625,245.6817942237437,237.2041806820508,237.9586376649671,7343100,4.437347412109375,0.0188179101912411,261.6825102627298,285.9644143676758,275.0231785583496,35.68640850311816,11.411312123753031,309827300.0,-15.84076801400812,-3.7421438490010255,-12.098624165007092,217.7128230415672,269.85480270385744,321.9967823661477,38.64447038914601,0.2160351255687803,20.098141556407395,12.88581574472993,-0.0074376505606279,0
2026-02-27,IBM,238.4549865722656,238.4549865722656,232.8561940942812,236.3306224264741,6642200,-1.786834716796875,-0.0074376505606279,259.4703651493523,284.6401577758789,274.9786373138428,35.03695707413215,11.123763200255055,303185100.0,-15.687610360309748,-2.871188956242122,-12.816421404067626,215.32035838598847,266.5155372619629,317.7107161379373,38.41815708151661,0.225945378981126,24.8470805982894,18.950553136401965,-0.0034970019938075,0
2026-03-02,IBM,237.62110900878903,239.0208108959569,232.07195432666467,233.9779245965653,6220300,-0.8338775634765625,-0.0034970019938075,257.3894836121558,283.4074066162109,274.9060375976562,34.71940228681419,10.825555583757712,296964800.0,-15.455359008654654,-2.111150083669621,-13.344208924985033,213.42836873875945,263.2599349975586,313.0915012563578,37.85731107109884,0.2427451321155062,25.69500489770819,23.54674235080165,0.0246898152842367,1
2026-03-03,IBM,243.4879302978516,244.2920098398845,232.5782201510396,234.6231820712445,6960400,5.8668212890625,0.0246898152842367,256.06552615365064,282.28922760009766,274.8665260314941,38.91426128394187,10.889000876978232,303925200.0,-14.62925771568166,-1.0280390325573023,-13.601218683124358,214.43806799075347,259.90136642456054,305.36466485836763,34.98503994745511,0.3194869631972881,27.782963895069013,26.10834979702219,0.019487912215313,1
2026-03-04,IBM,248.2330017089844,249.0172382697952,243.1702725702377,243.95449398374365,6085000,4.7450714111328125,0.019487912215313,255.3195714446348,281.3226077270508,274.80754470825195,42.15203086713213,10.52885550716246,310010200.0,-13.436787955163112,0.1315445823689973,-13.56833253753211,214.32548650788164,257.78784561157227,301.2502047152629,33.71947889985359,0.3900790925799454,38.66936775526554,30.71577884934757,0.025953765745905,1
2026-03-05,IBM,254.6755828857422,258.4776171138843,247.18075679552925,247.4984260830012,9894600,6.4425811767578125,0.025953765745905,255.2582392009308,280.4743762207031,274.78038612365725,46.312845116128486,10.58371299367622,319904800.0,-11.835452887036382,1.3863037203965831,-13.221756607432964,214.6625586942577,256.2560531616211,297.84954762898445,32.46244836302875,0.481000991908494,57.76521199127304,41.40584788053585,0.0089652033301261,1
2026-03-06,IBM,256.95880126953125,257.504770752482,250.3673149130961,254.5664055288753,6234400,2.2832183837890625,0.0089652033301261,255.4201974931784,279.6360778808594,274.7565993499756,47.74724949971909,10.337551768369767,326139200.0,-10.263831604902236,2.366340002024584,-12.63017160692682,215.51612058174825,254.79696350097657,294.0778064202049,30.833054193032247,0.5275177110251934,77.98491677335909,58.1398321732992,-0.0213251716799924,0
2026-03-09,IBM,251.47911071777344,256.1943909057053,249.7319751623786,253.5141359445469,6126600,-5.4796905517578125,-0.0213251716799924,255.0448558955208,278.6686416625977,274.71253204345703,44.6630473836826,10.115357078282832,320012600.0,-9.352663959439866,2.622006117989564,-11.97467007742943,217.94917437160777,252.6177375793457,287.28630078708363,27.44744968420813,0.4835783955806088,85.56181800538634,73.77064892333948,-0.0123554276501909,0
2026-03-10,IBM,248.3719787597656,251.5883120345264,244.74865255037952,251.4096192789428,4938000,-3.1071319580078125,-0.0123554276501909,254.40934378735363,277.6236642456055,274.6825709533691,42.96820231685484,9.881378678701692,315074600.0,-8.780065487885224,2.5556836716353644,-11.335749159520589,220.95249104047983,250.4109794616699,279.86946788286,23.528112452991884,0.4653919666082121,83.15809241812337,82.23494239895625,-0.0053157445095644,0
2026-03-11,IBM,247.0516967773437,251.8662676808784,245.39389997842176,248.1833670833811,4008500,-1.320281982421875,-0.0053157445095644,253.70861550068605,276.54181915283203,274.6581968688965,42.23479751315792,9.637877894684184,311066100.0,-8.336712365032668,2.399229435590337,-10.735941800623005,224.95123911967192,248.28214645385745,271.6130537880429,18.79386630687236,0.4736304795418144,75.3493069356245,81.35640578637806,-0.0047816102744895,0
2026-03-12,IBM,245.87039184570312,248.22308643974137,243.84530316895783,245.2946427743001,5547700,-1.181304931640625,-0.0047816102744895,252.9621180097353,275.42351593017577,274.6266486358643,41.551417281768224,9.26215685011985,305518400.0,-7.988585811874088,2.197884790999133,-10.18647060287322,226.1133258106216,247.0348258972168,267.956325983812,16.938097703924527,0.4721713537104411,71.09595649887625,76.5344519508747,-0.0056524516733379,0
2026-03-13,IBM,244.48062133789065,247.89549034246835,242.92209999001707,245.86046507723168,4338400,-1.3897705078125,-0.0056524516733379,252.15435642194052,274.35026275634766,274.5657250213623,40.71671710144004,8.955816386000667,301180000.0,-7.735663956753427,1.9606453168958355,-9.696309273649264,226.00952817606776,246.37766342163087,266.745798667194,16.534076151787126,0.4534311300256736,66.86289960193858,71.10272101214643,0.0120594557005051,1
2026-03-16,IBM,247.42892456054688,250.3573681808496,244.3019452137889,246.0590022975876,5674200,2.94830322265625,0.0120594557005051,251.70431529228404,273.4512649536133,274.5341202545166,43.318091543588025,8.748645427504952,306854200.0,-7.21415781367773,1.9857211679772264,-9.199878981654956,226.3945422015646,245.72595901489257,265.05737582822053,15.73412665949254,0.5440465787401626,63.81388664290112,67.25758091457196,0.0275224905155573,1
2026-03-17,IBM,254.23878479003903,254.5167681261647,248.17344044692865,248.6797088124107,5840100,6.809860229492188,0.0275224905155573,251.94569333968929,272.7814453125,274.54412132263184,48.89605639626364,8.630016723084443,312694300.0,-6.180121041522966,2.4158063521055926,-8.595927393628559,226.50484296788107,245.61676177978515,264.7286805916892,15.56238969475497,0.7255666501911777,69.13704392023759,66.60461005502574,-0.0176095093727307,0
2026-03-18,IBM,249.7617645263672,256.3929517968472,248.3322830400276,252.3030582143908,5177000,-4.477020263671875,-0.0176095093727307,251.7377001193729,271.95358306884765,274.5299336242676,45.71120259319599,8.589349011208384,307517300.0,-5.656690759113189,2.351389307612296,-8.008080066725485,226.921589468318,245.16061935424804,263.3996492401782,14.879249313345383,0.6261345916119291,70.92366604105898,67.95819886806588,-0.0048887529357657,0
2026-03-19,IBM,248.54074096679688,250.3474509470188,246.43623496548807,247.60760637457724,4249500,-1.2210235595703125,-0.0048887529357657,251.43322781912755,270.95324066162107,274.4860443115234,44.853122130803285,8.25519665194569,303267800.0,-5.279535684950332,2.1828355054201234,-7.462371190370455,227.0486961610882,244.8672782897949,262.68586041850165,14.553665359582126,0.6030795450072258,71.10271226931751,70.38780741020467,-0.0343491176463004,0
2026-03-20,IBM,240.0035858154297,248.45140465489388,240.0035858154297,247.1807577944818,11314100,-8.537155151367188,-0.0343491176463004,250.34469048544204,269.8954699707031,274.39313102722167,39.29849289272418,8.275336544761512,291953700.0,-5.60490479065885,1.4859731197692847,-7.090877910428135,226.83466520526648,244.10340042114257,261.3721356370187,14.148705168451563,0.3812937208642904,52.676969860041794,64.90111605680607,0.0275881777940252,1
2026-03-23,IBM,246.62484741210932,249.51358997403105,242.92210381964344,244.69901903749496,4972000,6.621261596679688,0.0275881777940252,249.9904197165532,268.85187438964846,274.33176429748534,44.98868203669126,8.363527088607213,296925700.0,-5.267758238522617,1.458495737524414,-6.726253976047032,231.4542225222748,245.3487350463867,259.2432475704986,11.326337200381294,0.5459214514905852,42.29311207404766,55.35759806780231,-0.0315971744015241,0
2026-03-24,IBM,238.8321990966797,245.30456695159515,236.261125775069,244.64938540442864,4151500,-7.792648315429687,-0.0315971744015241,248.92773203847003,267.62281341552733,274.22490127563475,40.21115857267444,8.506398127781011,292774200.0,-5.565216409578085,0.928830053175158,-6.494046462753243,234.17733627042577,245.90811767578128,257.63889908113674,9.540784189013223,0.1984037834056314,25.36125369759064,40.110445210560016,0.0033251753262355,1
2026-03-25,IBM,239.62635803222656,244.3912913465502,236.2611266244346,241.8202180156964,4207900,0.794158935546875,0.0033251753262355,248.04188689501828,266.2524951171875,274.1122095489502,40.89996051410287,8.479524313090623,296982100.0,-5.671494703614087,0.658041407311325,-6.329536110925412,234.92153137118328,246.0992118835449,257.27689239590654,9.083881599467254,0.2104563042323547,21.084950865992003,29.579772212543418,0.0011598842675564,1
2026-03-26,IBM,239.904296875,244.86776562769327,238.04796440863012,238.80240620600992,3606800,0.2779388427734375,0.0011598842675564,247.2668783216832,265.0658020019531,273.9852579498291,41.15546988080764,8.360972663517229,300588900.0,-5.667956995488083,0.5292632923498637,-6.197220287837947,234.86837151600767,246.08233566284176,257.296299809676,9.113993588063485,0.2245381424914778,15.170171505546138,20.53879202304291,-0.0220548202408187,0
2026-03-27,IBM,234.61325073242188,237.69060759332467,232.04217740741072,237.10492188249452,4853700,-5.291046142578125,-0.0220548202408187,246.0617709322297,263.6574066162109,273.8115699005127,37.80471959675577,8.325340292379519,295735200.0,-6.022670939293221,0.1396394788357815,-6.162310418129002,234.0463435376336,245.8902488708496,257.7341542040657,9.633489239694844,0.023932443684705,14.832062321150971,17.029061564229686,0.0038503828204843,1
2026-03-30,IBM,235.5166015625,238.45498184427947,234.4047893653805,236.06258617619443,3882600,0.903350830078125,0.0038503828204843,245.0574690874936,262.4858117675781,273.61665702819823,38.72203443622896,8.019972591416622,299617800.0,-6.159884123187936,0.0019410359528526,-6.161825159140789,233.61618703360512,245.7850234985352,257.9538599634652,9.902016234933514,0.0780853015147249,14.307763674435746,14.769999167044269,0.0216649165108284,1
2026-03-31,IBM,240.6190490722656,241.07569488412372,234.65296479978812,238.51454306781,4750300,5.102447509765625,0.0216649165108284,244.6347624193766,261.2638635253906,273.4496451568604,43.76700871465315,7.905883840910834,304368100.0,-5.790156370495197,0.2973350309164742,-6.087491401411671,233.3013846642632,245.64157943725587,257.98177421024855,10.047317560213548,0.2964971194789241,20.016295869559134,16.385373955048596,0.0030941943191826,1
2026-04-01,IBM,241.3635711669922,244.46077099177765,238.38548975168143,240.35101924454105,4228700,0.7445220947265625,0.0030941943191826,244.32322039534,260.33950103759764,273.30493087768554,44.485211419755146,7.775126512281216,308596800.0,-5.375106865866059,0.5699076284364901,-5.945014494302549,232.88337096772813,245.29810791015623,257.7128448525844,10.12216282318426,0.3415376515261645,29.256687060155297,21.19358220138337,0.0206465379985072,1
2026-04-02,IBM,246.34689331054688,246.3965310292558,239.7256275825532,241.2245897448101,3350900,4.983322143554688,0.0206465379985072,244.51595114916924,259.3926058959961,273.16265823364256,49.16518255229519,7.69625343616846,311947700.0,-4.591140879381726,1.0830988919366584,-5.674239771318384,233.21700003567057,244.88167343139648,256.5463468271224,9.526783472421656,0.5628058681731825,44.08207697019872,31.11835329997104,-0.0057221025742988,0
2026-04-06,IBM,244.9372711181641,247.0814781919165,242.9518835388082,246.3270363647912,3376000,-1.4096221923828125,-0.0057221025742988,244.5560768605021,258.47417602539065,273.00738929748536,47.93420961882746,7.441492094521307,308571700.0,-4.037050314099673,1.3097515657749694,-5.346801879874643,234.01177769209664,244.2805969238281,254.5494161555596,8.40739654401085,0.5319741822071797,49.99321279533796,41.110658941897306,-0.006768227351139,0
2026-04-07,IBM,243.27947998046875,243.96442598758347,239.3384843317571,243.52765343367577,2356100,-1.6577911376953125,-0.006768227351139,244.4344962052608,257.5666137695313,272.8430515289307,46.46091246075762,7.309870286798855,306215600.0,-3.689172949844704,1.3261031440239517,-5.015276093868655,234.1436921411349,243.8706153869629,253.5975386327909,7.977117891299664,0.4696134434520345,52.61586561510166,48.8970517935461,-0.0135879907403388,0
2026-04-08,IBM,239.9738006591797,248.1734458572742,239.0406660791876,246.813460221114,4771500,-3.3056793212890625,-0.0135879907403388,244.009668058015,256.51614471435545,272.6731060791016,43.58424352427995,7.440078107605127,301444100.0,-3.638278516872049,1.1015980615972856,-4.739876578469334,233.81264026313903,243.4507064819336,253.08877270072816,7.917879030274904,0.3196263781642307,47.477638562384925,50.02890565760816,-0.0188633211976685,0
2026-04-09,IBM,235.4470977783203,239.9737940294344,232.05208695046323,239.1200767933788,5078600,-4.526702880859375,-0.0188633211976685,243.1941851742345,255.42390258789064,272.4405010223389,39.93762498585093,7.474480650541651,296365500.0,-3.9180466010004977,0.65746398197507,-4.575510582975568,232.78267312920087,242.87047653198243,252.958279934764,8.307146711966158,0.1320616859159232,36.321953253220094,45.47181914356887,-0.0270680450576954,0
2026-04-10,IBM,229.07400512695312,237.5218386643363,228.825831688554,237.442421346372,5869400,-6.373092651367188,-0.0270680450576954,241.8494061221125,254.19827575683595,272.15355491638184,35.44161513449991,7.561732530915985,290496100.0,-4.600982871569187,-0.0203778308748949,-4.580605040694292,230.40262134758052,242.03065719604493,253.65869304450928,9.608729723066146,-0.0571298643185261,21.33928525355124,35.0462923563854,0.0305946460684942,1
2026-04-13,IBM,236.0824432373047,236.33061668357348,230.00714697247665,231.9230538542705,5349600,7.0084381103515625,0.0305946460684942,241.30017156165465,252.8151187133789,271.9149609375,43.036132519724646,7.539938175609155,295845700.0,-4.524536363963136,0.0448549413849246,-4.569391305348061,229.76246956625545,241.6107482910156,253.4590270157758,9.807741425881558,0.266704295951527,19.39821052167,25.686483009480423,0.0103019028239519,1
2026-04-14,IBM,238.51454162597656,239.77525183565584,236.38024088496445,237.005642821012,3777300,2.432098388671875,0.0103019028239519,241.0348734725424,251.5307464599609,271.6842859649658,45.43500003880232,7.265143205805012,299623000.0,-4.219067161882407,0.2802593147725236,-4.499326476654931,229.5575268018181,241.1650291442871,252.7725314867561,9.62619031760553,0.3858286890620273,29.594378245268285,23.44395800682982,0.0188537874259762,1
2026-04-15,IBM,243.01144409179688,244.2622328207055,239.22928315569456,240.4800718846032,3879500,4.4969024658203125,0.0188537874259762,241.2231182934238,250.17778930664065,271.4869672393799,49.656503802831885,7.156753776442435,303502500.0,-3.5729316397664945,0.7411158695107485,-4.314047509277243,230.6051216592098,240.603662109375,250.6022025595402,8.311212192289908,0.6204066730750737,53.63440614768644,34.20899830487489,0.0253267644514334,1
2026-04-16,IBM,249.1661376953125,249.38453153774617,244.3317238548956,246.9325767000358,4817500,6.154693603515625,0.0253267644514334,241.9795963316989,249.35104370117188,271.2956552886963,54.8096917042035,7.100777609978639,308320000.0,-2.5350102265488488,1.4232298261827157,-3.958240052731565,230.6816467897816,240.57388076782223,250.4661147458629,8.223863660068458,0.9342930498087592,74.11147714439399,52.44675384578289,0.0098406231919061,1
2026-04-17,IBM,251.6180877685547,253.78215288785023,249.20583406273408,252.80931724735163,5671500,2.4519500732421875,0.0098406231919061,242.89754789711367,248.67717681884767,271.13405685424806,56.71077977794568,6.923294580161434,313991500.0,-1.4973377718712584,1.9687218246882447,-3.466059596559504,230.2653238280444,240.7277481079101,251.19017238777587,8.692329290743647,1.0204501064634852,87.86199795243978,71.86929374817338,0.0009468744259792,1
2026-04-20,IBM,251.85633850097656,256.6113349085492,250.71473159772012,253.1369067763252,5157700,0.238250732421875,0.0009468744259792,243.7507660498626,247.9914916992188,270.99095695495606,56.90050993662862,6.849959489494836,319149200.0,-0.64827709770708,2.254225999081939,-2.902503096789019,229.79989673469152,241.3203857421875,252.8408747496835,9.547878826784082,0.9572702058017528,91.051022535813,84.34149921088225,0.0077647318128566,1
2026-04-21,IBM,253.8119354248047,256.204331041917,250.0297745909036,252.14421716465813,5584900,1.955596923828125,0.0077647318128566,244.70897265699995,247.16645782470704,270.83657363891604,58.50800877899829,6.80171641531759,324734100.0,0.1803311862050804,2.46626742639528,-2.2859362401902,229.1184733036878,241.67974014282223,254.2410069819567,10.39496883910193,0.982920848563807,88.04677517672327,88.986598554992,-0.0149405256844504,0
2026-04-22,IBM,250.0198516845703,255.6583601334188,245.40383174684385,252.65048409685664,12190200,-3.792083740234375,-0.0149405256844504,245.21477065962569,246.3167120361328,270.66079246521,54.280309304443286,7.048345841835973,312543900.0,0.5249682477562487,2.2487235903571587,-1.7237553426009098,229.24590981300108,242.2391227722168,255.23233573143253,10.72759248012432,0.7994151229867611,83.0296647820336,87.37582083152328,-0.0825061437687351,0
2026-04-23,IBM,229.3916778564453,231.20830927058608,220.10998506149048,230.5729858646001,22297800,-20.628173828125,-0.0825061437687351,243.7078094402752,245.11197845458983,270.3918646240234,38.13673111639972,8.68131161192482,290246100.0,-0.8565518327336292,0.6937628078938247,-1.550314640627454,227.60569777134128,241.7273887634277,255.8490797555142,11.683980921092052,0.0632353478809606,63.87685896223968,78.31776630699882,0.003894724371638,1
2026-04-24,IBM,230.2850952148437,231.0991113723248,223.35609698086063,230.23545749716484,9816900,0.8934173583984375,0.003894724371638,242.42945570451985,244.3013442993164,270.12876892089844,38.98315041209308,8.61429038189191,300063000.0,-1.85790832495195,-0.2460749474595966,-1.6118333774923532,226.279219535297,241.2464286804199,256.21363782554283,12.408232716223992,0.1338217312494788,43.19386540210959,63.3667963821276,-0.0169410687701083,0
2026-04-27,IBM,226.38381958007807,229.62993248223347,225.46060648799136,228.26993170333623,8060700,-3.901275634765625,-0.0169410687701083,240.9012998831444,243.67654327392577,269.8593789672852,36.62655159745766,8.343590263674802,292002300.0,-2.9324870139367647,-1.0565229091555293,-1.875964104781236,224.7501899768696,240.8349571228028,256.9197242687359,13.35750203217505,0.050781885382207,23.497430071953985,43.5227181454344,0.0218811441404824,1
2026-04-28,IBM,231.3373565673828,231.85356158480724,226.7908322914353,228.81592097932304,5162900,4.953536987304688,0.0218811441404824,239.99044813878612,243.0940301513672,269.6334778594971,41.46512027577537,8.138315388035824,297165200.0,-3.3458207910608166,-1.1758853490236647,-2.169935442037152,224.16607460165733,240.6259948730469,257.0859151444364,13.680916128844444,0.2178407260632523,25.2742398968782,30.655178456980565,-0.0254891439671391,0
2026-04-29,IBM,225.44076538085932,229.7887538734268,225.162812331921,228.657083560662,6443700,-5.8965911865234375,-0.0254891439671391,238.60476406660268,242.47439086914065,269.3771187591553,37.76846311025939,7.998046019994824,290721500.0,-4.101912126580828,-1.5455813476349407,-2.556330778945888,222.12607165066865,239.86708068847656,257.6080897262845,14.79236666147514,0.0934189741724046,20.850357990882763,23.20734265323829,0.0170849260001328,1
2026-04-30,IBM,229.2924041748047,229.90788461618752,223.2568241981118,224.8749199003804,6283300,3.851638793945313,0.0170849260001328,237.7178726483362,241.88254669189453,269.14533203125,41.44086430937471,7.9018327627148865,297004800.0,-4.340292703592837,-1.4271695397175597,-2.913123163875277,220.95496884938163,239.2635223388672,257.5720758283527,15.304090912408505,0.2276923551118111,23.50650140011153,23.21036642929081,0.0052818587351342,1
