Date,ticker,Close,High,Low,Open,Volume,Daily_Change_USD,Daily_Return_Pct,EMA_20,SMA_50,SMA_200,RSI_14,ATR_14,OBV,MACD_12_26_9,MACDh_12_26_9,MACDs_12_26_9,BBL_20_2.0,BBM_20_2.0,BBU_20_2.0,BBB_20_2.0,BBP_20_2.0,STOCHk_14_3_3,STOCHd_14_3_3,Target_Forward_Return,Target_Direction
2023-05-01,NVDA,28.850807189941406,28.99850487853989,27.723121680285782,27.78299829849885,570329000,1.158620834350586,0.0418392690079767,27.04875308475817,25.52042881011963,18.38286524772644,66.83230781973032,0.8679865385352367,13665525000.0,0.5735158467880765,-0.0142800014917294,0.587795848279806,25.98673118592798,27.181579685211183,28.376428184494387,8.791604558091896,1.1985101063990968,76.3041156243746,55.02909419084625,-0.0242132621875836,0
2023-05-02,NVDA,28.15223503112793,28.77695456083641,28.025496178380077,28.621273856351937,402730000,-0.6985721588134766,-0.0242132621875836,27.153846603460053,25.656661911010744,18.445034613609312,60.192856131197615,0.8649382866085293,13262795000.0,0.5955485753662657,0.0062021816691677,0.589346393697098,25.964968350633463,27.1938045501709,28.42264074970833,9.037618824319384,0.8899748726957302,81.93479581731744,71.97619266510074,-0.0144628556914321,0
2023-05-03,NVDA,27.745073318481445,28.30891697061435,27.41574909492765,27.782995617159955,383387000,-0.4071617126464844,-0.0144628556914321,27.210153909652565,25.79937915802002,18.50347786426544,56.65971883132819,0.8669546858283984,12879408000.0,0.5735436696780454,-0.0126421792152421,0.5861858488932875,25.96167323394682,27.2112190246582,28.460764815369583,9.184048605680424,0.7136193398400039,73.54937844831112,77.26276329666773,-0.0086325085455798,0
2023-05-04,NVDA,27.505563735961918,27.801954572191782,27.184222567509934,27.59438029469061,321850000,-0.2395095825195312,-0.0086325085455798,27.23828817882488,25.935330657958986,18.556280913352968,54.6284153573951,0.8491530657465017,12557558000.0,0.5306610712349702,-0.0444198221266538,0.575080893361624,26.00246496032807,27.245199298858644,28.48793363738922,9.122593121076088,0.6047546643843158,57.6855910991622,71.05658845493025,0.0405631101717605,1
2023-05-05,NVDA,28.62127494812012,28.69612023556148,27.67421872062941,27.76902351276572,361494000,1.1157112121582031,0.0405631101717605,27.370001204472043,26.035525436401368,18.61059879779816,61.54466394096792,0.8735390253074347,12919052000.0,0.5800187780259733,0.0039503077314794,0.5760684702944939,25.95520138791526,27.327181148529053,28.699160909142847,10.041136355460823,0.9716154846964048,63.19808632269709,64.81101862339014,0.0164226597584893,1
2023-05-08,NVDA,29.091312408447266,29.16017137461128,28.291953765246245,28.4636005750586,344979000,0.4700374603271484,0.0164226597584893,27.533935604850637,26.152664222717284,18.66605521678925,64.03218121372787,0.8731589241686917,13264031000.0,0.6495753112014278,0.058805472725547,0.5907698384758807,25.833196072061277,27.40562000274658,28.978043933431888,11.475193267130752,1.0360171556807878,77.18232064617558,66.02199935601162,-0.0198964400343923,0
2023-05-09,NVDA,28.51249885559082,28.91367617051169,28.3917482221622,28.83982828241417,314869000,-0.5788135528564453,-0.0198964400343923,27.627132104921127,26.25393627166748,18.72226244449616,58.97328555485986,0.860759300034147,12949162000.0,0.6504954419662781,0.0477804827923178,0.6027149591739602,25.83823212823367,27.475576305389403,29.11292048254513,11.91854291940412,0.8166477044559681,87.56126311873248,75.98055669586839,0.0109902084861748,1
2023-05-10,NVDA,28.825857162475582,29.053390963914687,28.402725530757564,28.94561039227481,369350000,0.3133583068847656,0.0109902084861748,27.74129639611679,26.36716289520264,18.781507391929622,60.77985167625798,0.8457525952572167,13318512000.0,0.6688005325225284,0.0528684586788544,0.6159320738436739,25.92915244724044,27.594831657409667,29.260510867578898,12.072399867110391,0.8695265863769917,88.2804503133096,84.34134469273921,-0.0106283635250089,0
2023-05-11,NVDA,28.51948547363281,28.89072544575844,28.18816641833993,28.83683515837139,322149000,-0.3063716888427734,-0.0106283635250089,27.815409641594503,26.484599075317384,18.841668667793275,58.08672894496341,0.8355244832687378,12996363000.0,0.6510805623951228,0.028118790841159,0.6229617715539637,26.081845660463586,27.700365352630616,29.318885044797646,11.685908626568526,0.7530460781436275,81.90315420614944,85.91495587939717,-0.00832828175552,0
2023-05-12,NVDA,28.281967163085938,28.721066689866337,27.98856857470663,28.47057931768793,274222000,-0.237518310546875,-0.00832828175552,27.859843691260355,26.584992179870607,18.89437475681305,56.01453503376959,0.8281654569752357,12722141000.0,0.6108303437913349,-0.0097051422101029,0.6205354860014379,26.209759011521943,27.77930326461792,29.34884751771389,11.300098048859835,0.6601305275325938,79.3321510307473,83.17191851673545,0.0216303783085611,1
2023-05-15,NVDA,28.89371681213379,28.90968479771039,28.09435819789657,28.44962827012572,293926000,0.6117496490478516,0.0216303783085611,27.958307798010207,26.68612579345703,18.94917229175568,59.97499961888579,0.8272483957494202,13016067000.0,0.6211347844811712,0.0004794387837865,0.6206553456973847,26.284389698946583,27.876653385162356,29.46891707137812,11.423635859125536,0.8193765692756032,79.6308997962663,80.28873501105436,0.008980020568198,1
2023-05-16,NVDA,29.15318298339844,29.80883920647821,28.77296450239682,28.781944947212995,449405000,0.2594661712646484,0.008980020568198,28.072105434713848,26.79915382385254,19.00437463283539,61.55608825181688,0.8421502749159897,13465472000.0,0.6428277612537947,0.017737932445128,0.6250898288086667,26.27355032911166,27.95379505157471,29.63403977403776,12.021585758663528,0.856908703770711,80.02728358393536,79.66344480364965,0.0330332416859147,1
2023-05-17,NVDA,30.11620712280273,30.137164031905737,29.36973953223081,29.523423532319487,432535000,0.9630241394042968,0.0330332416859147,28.266781785960408,26.936671638488768,19.06300595760345,66.79842245783233,0.8522810444582261,13898007000.0,0.7293204492047245,0.0833844963168461,0.6459359528878783,26.14059285307745,28.065914821624755,29.991236790172056,13.720001509188954,1.0324543984518524,89.59766575089873,83.08528304370013,0.049705166057129,1
2023-05-18,NVDA,31.61313819885254,31.762830690352917,30.25791892725925,30.347734802848134,748725000,1.496931076049805,0.049705166057129,28.58548239671204,27.086304664611816,19.12869809627533,72.96880040745596,0.9090197961076514,14646732000.0,0.9081873367234756,0.2098011070684778,0.6983862296549977,25.88415937214285,28.294146633148195,30.70413389415354,17.035235536539616,1.1885911015811348,91.93755782799956,87.18750238761122,-0.0130691393812465,0
2023-05-19,NVDA,31.199981689453125,31.51533461156932,30.852694703812897,31.471424084571897,473908000,-0.413156509399414,-0.0130691393812465,28.83448232935405,27.242544097900392,19.190494532585145,69.1490353495254,0.8984072031742221,14172824000.0,1.005017144294925,0.2453047317119416,0.7597124125829833,25.85091665321476,28.500972175598143,31.15102769798153,18.596246514371867,1.0092364086446708,94.58874751748364,92.04132369879396,-0.0028146858105894,0
2023-05-22,NVDA,31.11216354370117,31.455459020418363,30.61717888104211,30.837725120407757,372000000,-0.0878181457519531,-0.0028146858105894,29.05140434976806,27.406427879333496,19.2502463388443,68.33025607685533,0.8941124129029385,13800824000.0,1.0624223306878413,0.2421679344838863,0.820254396203955,25.92200000718882,28.707248878479003,31.492497749769186,19.404498724907096,0.9317234790060546,90.07552366368894,92.20060966972405,-0.0156530875258265,0
2023-05-23,NVDA,30.62516212463379,31.22393392865523,30.568279631249496,30.936523538862662,356253000,-0.4870014190673828,-0.0156530875258265,29.201286042612416,27.56055171966553,19.30869002819061,63.81740985584254,0.8770796903674241,13444571000.0,1.0564414110337488,0.1889496118638349,0.8674917991699138,26.278430209089308,28.929143524169923,31.57985683925054,18.32555680651921,0.8199173955958879,82.88282777801373,89.18236631972877,-0.0048878313669841,0
2023-05-24,NVDA,30.47547149658203,30.544330458079507,29.744969965607368,30.14814207840876,721419000,-0.1496906280517578,-0.0048878313669841,29.32263703822857,27.68978656768799,19.372348685264587,62.45209269371073,0.8773020095573525,12723152000.0,1.0277751542404197,0.1282266840564047,0.899548470184015,26.54782009965469,29.10787696838379,31.667933837112887,17.59013116284479,0.7671023727838445,76.48501273169613,83.14778805779962,0.2436964902323981,1
2023-05-25,NVDA,37.90223693847656,39.39916574555805,36.55998955658973,38.44412443571779,1543911000,7.426765441894531,0.2436964902323981,30.139741790633146,27.964263458251956,19.476666388511656,82.4796274304632,1.452044312372971,14267063000.0,1.586051824149024,0.5492026831720072,1.0368491409770169,25.15900923413349,29.64447612762451,34.12994302111553,30.261738302814468,1.4205018125131086,76.84910122415785,78.7389805779559,0.0254343767877192,1
2023-05-26,NVDA,38.86625671386719,39.08979709643769,37.47311513309701,37.81241913102152,714397000,0.964019775390625,0.0254343767877192,30.970838449988765,28.23181453704834,19.58076317310333,83.69532310613492,1.46380414458495,14981460000.0,2.0822752732635728,0.8363409058292446,1.2459343674343282,24.277238780641863,30.20317964553833,36.1291205104348,39.240510002210016,1.2309452849627966,83.57482689648958,78.96964695078118,0.0299131692459657,1
2023-05-30,NVDA,40.02886962890625,41.85212836748926,39.86720258532556,40.5118797580755,923401000,1.1626129150390625,0.0299131692459657,31.833508086076144,28.518945350646973,19.691445899009704,85.04321103572052,1.572523252373316,15904861000.0,2.5400687462964555,1.035307503089702,1.5047612432067536,23.49501053628673,30.76208276748657,38.02915499868641,47.24694544337315,1.1375873643882632,89.6864980223218,83.37014204765642,-0.0567673096657228,0
2023-05-31,NVDA,37.75653839111328,40.21249828360416,37.74456192441203,39.40715132535591,1002580000,-2.2723312377929688,-0.0567673096657228,32.3976062103654,28.75713676452637,19.786942591667174,72.43851678135162,1.6364813314318023,14902281000.0,2.6885236051017323,0.9470098895159828,1.7415137155857494,23.47633803113719,31.24229793548584,39.00825783983449,49.71439629943395,0.919409869215247,84.21204332505522,85.82445608128887,0.0511706314125071,1
2023-06-01,NVDA,39.68856430053711,39.967989732477896,38.26149217560639,38.41018533563602,635873000,1.932025909423828,0.0511706314125071,33.09198317133413,29.028000946044923,19.89048887729645,75.73198122391327,1.6775506178555748,15538154000.0,2.928317671241082,0.9494431645242658,1.9788745067168163,23.430820359242404,31.839472484588622,40.24812460993484,52.8190417062738,0.966727110299221,80.56676903883702,84.82177012873801,-0.0111390498320905,0
2023-06-02,NVDA,39.2464714050293,40.4170698367897,38.97802122010776,40.014895164925456,482731000,-0.4420928955078125,-0.0111390498320905,33.67812490787653,29.284654273986817,19.992587599754334,73.56571839866432,1.6605147606288864,15055423000.0,3.047552703802729,0.8549425576687302,2.1926101461339997,23.677625650775223,32.42651786804199,41.17541008530876,53.96134270642271,0.8897609758826086,78.63740819901182,81.1387401876347,-0.003966767062974,0
2023-06-05,NVDA,39.09078979492188,39.48398018738729,38.62773924122982,38.82932526473996,396094000,-0.1556816101074218,-0.003966767062974,34.19361680188085,29.52376354217529,20.09662036418915,72.77625860731006,1.603066631023785,14659329000.0,3.0938214731937137,0.7209690616477715,2.372852411545942,23.92594036667647,32.94999361038208,41.97404685408769,54.77423364878746,0.8402460080132549,81.4472824904454,80.21715324276475,-0.0131984492480836,0
2023-06-06,NVDA,38.574851989746094,39.0798164296081,38.069887549884086,38.750494112150655,388729000,-0.5159378051757812,-0.0131984492480836,34.610877295963256,29.760777244567876,20.19588946819305,70.0917419140021,1.5614834605962142,14270600000.0,3.053657277025117,0.5446438923833394,2.509013384641777,24.265345121665664,33.42417058944702,42.58299605722839,54.80360652942016,0.7811867863634906,77.89758925409329,79.32742664785017,-0.0304011029882222,0
2023-06-07,NVDA,37.40213394165039,39.42220064737449,37.28336583715142,38.8393365135724,511998000,-1.1727180480957031,-0.0304011029882222,34.876711262219175,29.979286460876462,20.2939022397995,64.28702980383338,1.602722842712418,13758602000.0,2.893839931152911,0.3078612372089067,2.5859786939440044,24.84458660420058,33.86865234375,42.89271808329942,53.28860238051184,0.6957810204337463,71.95907613875347,77.10131596109738,0.027618566316615,1
2023-06-08,NVDA,38.43512725830078,38.78843910356959,37.43208391857247,37.650656098499375,417772000,1.0329933166503906,0.027618566316615,35.21560802375076,30.22087051391601,20.40114367961884,66.88829129134314,1.5872644369414737,14176374000.0,2.81805270330888,0.1856592074918999,2.6323934958169795,25.42751488599245,34.34911584854126,43.27071681109007,51.9466119703788,0.7289954138787322,69.58891580601873,73.14852706628851,0.0067515005154066,1
2023-06-09,NVDA,38.69462203979492,39.633790585447805,38.49201760502022,38.96110122045359,427717000,0.2594947814941406,0.0067515005154066,35.54694269194544,30.456188011169434,20.50894962787628,67.52814535755627,1.559507214813299,14604091000.0,2.7472611232846305,0.0918941019741206,2.65536702131051,26.166532363434808,34.85787267684937,43.549212990263925,49.86730196640403,0.7207225367198984,69.64742813913001,70.39847336130073,0.018364651552911,1
2023-06-12,NVDA,39.405235290527344,39.453142301230535,38.54291671243092,39.12378588583667,388701000,0.7106132507324219,0.018364651552911,35.91439912990562,30.69775417327881,20.620104212760925,69.27890066009851,1.5131299558123217,14992792000.0,2.7171769125173952,0.0494479129655078,2.667728999551888,27.06003583255697,35.41403608322143,43.768036333885895,47.17903506413631,0.7388795240333191,75.16235102575769,71.46623165696882,0.0390049377309207,1
2023-06-13,NVDA,40.94223403930664,41.021082803319786,39.66272914194445,40.10786106340082,613208000,1.5369987487792969,0.0390049377309207,36.39324054984857,30.962196350097656,20.73549834728241,72.70658717672983,1.5204669241680446,15606000000.0,2.785251269653472,0.094017816081267,2.6912334535722047,27.895690160856766,36.01646194458008,44.13723372830339,45.094778027997634,0.8032822634296547,82.06489770595466,75.62489229028078,0.0481452069975283,1
2023-06-14,NVDA,42.91340637207031,42.916398894689806,40.47315646710425,40.74463080916541,740465000,1.971172332763672,0.0481452069975283,37.0142087233935,31.26230972290039,20.868990454673767,76.35089328298604,1.586379460126438,16346465000.0,2.964089641309286,0.2182849501896648,2.745804691119621,28.695344212963747,36.70447311401367,44.7136020150636,43.64115989989276,0.8876160150976408,90.74242636449924,82.65655836540385,-0.0080005390465631,0
2023-06-15,NVDA,42.57007598876953,43.20484109231197,42.06505921158456,42.519176450195246,568622000,-0.3433303833007812,-0.0080005390465631,37.5433389391436,31.565775566101077,21.00305456638336,74.4853715200114,1.5544796330265078,15777843000.0,3.0430381966018487,0.2377868043857818,2.805251392216067,29.530041002403607,37.32716655731201,45.12429211222042,41.77721629600106,0.8362078367557536,93.90595575824469,88.90442660956619,0.0009141098741967,1
2023-06-16,NVDA,42.60898971557617,43.635988226566326,42.57804795221799,43.36551525859182,655709000,0.0389137268066406,0.0009141098741967,38.025781870232414,31.88143619537353,21.1389736366272,74.56123930727668,1.5195819619386712,16433552000.0,3.0733182087660467,0.2144534532399835,2.858864755526063,30.21957142114048,37.87695913314819,45.5343468451559,40.43295917758252,0.8089846538009029,91.0222268262454,91.89020298299644,0.0261408305744537,1
2023-06-20,NVDA,43.72282409667969,43.90447325497645,42.591030025374586,42.914401391724816,451153000,1.1138343811035156,0.0261408305744537,38.56835732037025,32.21625991821289,21.282326698303223,76.6971346626425,1.5048577667717566,16884705000.0,3.150871180791654,0.2336051402124725,2.917266040579181,31.08786068896336,38.50310125350952,45.91834181805568,38.51762753199143,0.851959103533793,90.12342441715184,91.6838690005473,-0.0174169118024275,0
2023-06-21,NVDA,42.961307525634766,43.53020280046162,41.998187390967416,43.416422222584046,551603000,-0.7615165710449219,-0.0174169118024275,38.98673353039544,32.52503536224365,21.427641167640687,72.23178191223582,1.520556262410365,16333102000.0,3.114976931773469,0.1581687129554301,2.95680821881804,32.26681778642514,39.0955584526062,45.92429911878725,34.93358804151235,0.7830499254550306,88.94838396451355,90.0313450693036,-0.0004647466904112,0
2023-06-22,NVDA,42.94134140014648,43.341558841574994,42.15187909756703,42.1708393507878,417737000,-0.0199661254882812,-0.0004647466904112,39.36336285132411,32.841594734191894,21.57430178165436,72.11323486738162,1.496922225381622,15915365000.0,3.0497636049336805,0.0743643088925125,2.975399296041168,33.90419057459186,39.71136741638183,45.51854425817181,29.246924594162344,0.7781019135254249,89.48843141230752,89.5200799313243,-0.0189655777411283,0
2023-06-23,NVDA,42.12693405151367,42.725765968157205,41.9333109957247,42.38143932936339,358140000,-0.8144073486328125,-0.0189655777411283,39.62656010848502,33.15531841278076,21.717797837257383,67.26395370353285,1.4620013810273478,15557225000.0,2.8989484338157467,-0.0611606897803369,2.960109123596084,36.2353231908159,40.29394054412842,44.35255789744094,20.14505058827728,0.7258150187389827,81.45407530208122,86.63029689296742,-0.0373616709390823,0
2023-06-26,NVDA,40.553001403808594,42.68085624285854,40.02203424973249,42.37844394803587,594322000,-1.573932647705078,-0.0373616709390823,39.71479261280155,33.43820220947266,21.852162370681764,59.00574541440483,1.5474885676058263,14962903000.0,2.622196069347268,-0.2703304433990525,2.8925265127463207,36.51860433537332,40.42647876739502,44.33435319941672,19.3332417325127,0.5161881655378727,69.32968799620222,80.090731570197,0.0306162533019851,1
2023-06-27,NVDA,41.79458236694336,41.85845711307234,40.36936115095312,40.71967665079335,462175000,1.2415809631347656,0.0306162533019851,39.912867827481726,33.740029678344726,21.99135821342468,62.8775518324328,1.543317667213926,15425078000.0,2.4745282131123645,-0.3343986397071647,2.8089268528195293,36.69047124710037,40.57289505004883,44.45531885299729,19.138017132665947,0.6573356463514797,63.55643909770792,71.44673413199712,-0.0181250815177782,0
2023-06-28,NVDA,41.037052154541016,41.76363726159132,40.43921783251657,40.58094002022697,582639000,-0.7575302124023438,-0.0181250815177782,40.01993300148737,34.02183643341064,22.124786305427552,59.203481348832696,1.5298924434434162,14842439000.0,2.270204511504637,-0.4309778730519138,2.7011823845565512,36.74426487549704,40.62330417633056,44.50234347716409,19.097606063731632,0.5533312433985325,57.73783786277113,63.54132165222709,-0.0071747302399778,0
2023-06-29,NVDA,40.74262237548828,41.51910947373688,40.52105392093283,41.47719132326854,380514000,-0.2944297790527344,-0.0071747302399778,40.08876056091602,34.284481887817385,22.256153717041016,57.7900605834993,1.4919040941120334,14461925000.0,2.060763286998601,-0.5123352780463608,2.5730985650449614,37.12336775935734,40.77260837554932,44.42184899174129,17.900452100486003,0.4958914739784509,55.13782071448395,58.81069922498767,0.0362552682784238,1
2023-06-30,NVDA,42.219757080078125,42.46727602955201,41.42031564690152,41.59896849845373,501148000,1.4771347045898438,0.0362552682784238,40.29171261036003,34.57140079498291,22.401759819984434,62.61256806093955,1.5085290626800116,14963073000.0,1.9910207851221384,-0.4656622239382586,2.4566830090603973,37.23355684184544,40.89916801452637,44.5647791872073,17.92511364230685,0.6801321803296875,55.28581602959563,56.05382486895024,0.0026236811118813,1
2023-07-03,NVDA,42.330528259277344,42.81458581035407,42.11994000015232,42.434326127886784,198209000,0.1107711791992187,0.0026236811118813,40.48588552930454,34.87704132080078,22.54793474197388,62.95437936128732,1.45039454464585,15161282000.0,1.9225259756094888,-0.427325626760727,2.349851602370216,37.41949298148083,41.05337085723877,44.68724873299671,17.703188799743558,0.6757292685258708,57.684575141803656,56.03607062862775,-0.0022632867050312,0
2023-07-05,NVDA,42.23472213745117,43.09304679541421,42.003170973529485,42.05307299440359,323618000,-0.0958061218261718,-0.0022632867050312,40.65244139674708,35.18046634674072,22.69462317466736,62.42281568013428,1.4246432073057695,14837664000.0,1.8393101695424008,-0.4084331462622517,2.2477433158046525,37.65880754520365,41.210567474365234,44.76232740352682,17.237131866096885,0.6441756598858437,62.821328268923104,58.5972398134408,-0.0050570022577628,0
2023-07-06,NVDA,42.021141052246094,42.096993500956245,41.2656128948708,41.76264574505463,303582000,-0.2135810852050781,-0.0050570022577628,40.78279374488984,35.48115657806397,22.83890202999115,61.182560041234176,1.392105066968241,14534082000.0,1.7361139936667342,-0.4093034577103345,2.1454174513770687,38.030534064688055,41.38288192749023,44.73522979029241,16.201616256093782,0.5951958374961648,57.12571173444656,59.21053838172444,0.0095003535897759,1
2023-07-07,NVDA,42.42035675048828,43.12997664792233,42.09798673168024,42.239708925322894,355881000,0.3992156982421875,0.0095003535897759,40.938752126375405,35.80581832885742,22.98425922870636,62.67533149126714,1.3718715333045262,14889963000.0,1.667323780590678,-0.3824749366291127,2.0497987172197907,38.79964231542085,41.63379306793213,44.467943820443416,13.614665124971523,0.6387653218268632,56.75227335239413,58.89977111858792,-0.0075993849774133,0
2023-07-10,NVDA,42.09798812866211,42.72776176918797,41.56801853142634,42.57406186731793,353908000,-0.3223686218261719,-0.0075993849774133,41.04915555516462,36.109762039184574,23.129032039642333,60.64715068908028,1.3567195121943194,14536055000.0,1.5687114582846533,-0.3848698071481098,1.9535812654327631,39.388964157546205,41.8169361114502,44.24490806535419,11.612385696709,0.5578779373377857,55.57832051326064,56.48543520003378,0.0053341259100549,1
2023-07-11,NVDA,42.32254409790039,42.67485834432988,41.98520388273632,42.39839653240351,298244000,0.2245559692382812,0.0053341259100549,41.17043065447278,36.412807846069335,23.27450366973877,61.57981635472877,1.30907200857998,14834299000.0,1.4914873348412885,-0.36967514447318,1.8611624793144683,40.03242568577162,41.99833221435547,43.96423874293932,9.361831410590554,0.5824586212088289,60.273255122704505,57.53461632945309,0.0353025764513748,1
2023-07-12,NVDA,43.8166389465332,43.84957572671799,42.69382635632928,42.949329116868,481277000,1.4940948486328125,0.0353025764513748,41.422450491811865,36.73529689788818,23.43093713283539,67.15717487266119,1.3246405528826668,15315576000.0,1.5331741510106056,-0.2623906626430903,1.795564813653696,40.49072381837705,42.21890239715576,43.94708097593447,8.186752760749817,0.9622602574169598,72.7285469108741,62.86004084894642,0.0472645207943502,1
2023-07-13,NVDA,45.88761138916016,46.065262910266576,44.40549795947818,44.43144838419821,478204000,2.070972442626953,0.0472645207943502,41.84770391060694,37.07603298187256,23.597949895858765,73.00653761828526,1.3906393679434317,15793780000.0,1.7135684707714915,-0.0655970743057636,1.7791655450772552,40.20609552626237,42.46617126464844,44.7262470030345,10.64412293870955,1.2569304130831902,87.25853593469647,73.42011265609169,-0.011049065595758,0
2023-07-14,NVDA,45.38059616088867,47.99450350820883,44.972390985691305,46.492428621249765,772075000,-0.5070152282714844,-0.011049065595758,42.1841698392052,37.420600204467775,23.76386402606964,69.73213285945998,1.507173164698724,15021705000.0,1.7949295467246458,0.0126112013179122,1.7823183454067335,39.99996655608157,42.58953075408935,45.17909495209713,12.16056693819823,1.0389063937759413,87.80437616680042,82.59715300412367,0.0218168732317434,1
2023-07-17,NVDA,46.37065887451172,46.40559066754623,45.17399273078662,46.19899623861634,510488000,0.9900627136230468,0.0218168732317434,42.58288308066296,37.793111915588376,23.93380575656891,72.34089848652388,1.4874892198459295,15532193000.0,1.9171983036524691,0.1079039665965884,1.809294337055881,39.71024259514424,42.77955989837646,45.84887720160868,14.349457126363296,1.084999630431426,80.9925745185938,85.35182887336356,0.0222336022586766,1
2023-07-18,NVDA,47.40164566040039,47.80286438309801,45.64506972003896,46.61018840893068,569164000,1.030986785888672,0.0222336022586766,43.04181285016176,38.19103355407715,24.10729141712189,74.77868693550195,1.5353681800754388,16101357000.0,2.0733884601921417,0.2112752985090085,1.8621131616831328,39.350687588804426,43.01919269561768,46.687697802430925,17.055202001440428,1.0973077366913708,79.35682474568925,82.7179251436945,-0.0087798567156097,0
2023-07-19,NVDA,46.98546600341797,47.72502637494664,46.65111827083296,47.37171457968649,427502000,-0.4161796569824219,-0.0087798567156097,43.4173988647576,38.55831737518311,24.28126980781555,72.01925917775691,1.5024067460781707,15673855000.0,2.1389317901412426,0.2214549027664873,1.9174768873747552,39.13279065017734,43.18232479095459,47.23185893173184,18.75551703332797,0.9695776205671678,85.78517211418965,82.04485712615757,-0.033073507273468,0
2023-07-20,NVDA,45.43149185180664,46.99544633379389,44.97438219939816,46.416572252146125,537865000,-1.553974151611328,-0.033073507273468,43.60921724447656,38.88512096405029,24.447882328033447,62.71353639222615,1.5394537023865678,15135990000.0,2.041944360882887,0.0995739788065055,1.9423703820763816,39.141738737162086,43.30583400726319,47.46992927736429,19.231105302822268,0.7552364567407994,80.18726011013963,81.77641899000618,-0.0266036799074493,0
2023-07-21,NVDA,44.22284698486328,45.776822685139486,44.01425371443011,45.6989714185516,963769000,-1.2086448669433594,-0.0266036799074493,43.667658172132434,39.19932792663574,24.60659122943878,56.589001707543744,1.5553905072667682,14172221000.0,1.8462709228088412,-0.0768795674140321,1.923150490222873,39.190809091369616,43.36990928649902,47.54900948162843,19.27188810805447,0.6020480077695105,64.11900810188183,76.69714677540371,0.0068384095789491,1
2023-07-24,NVDA,44.52526092529297,45.02129625877823,43.95437445925072,44.64402903720118,382516000,0.3024139404296875,0.0068384095789491,43.74933462481439,39.51331600189209,24.763545293807983,57.7020622301371,1.5204998852853924,14554737000.0,1.696049587112071,-0.1816807224886418,1.8777303096007127,39.32265288144201,43.48982563018799,47.65699837893396,19.163897248892987,0.6242371456062836,51.43374380698926,65.24667067300358,0.0239173477107237,1
2023-07-25,NVDA,45.59018707275391,46.093204951452925,44.835656447425045,44.85362300335587,348081000,1.0649261474609375,0.0239173477107237,43.92465390557054,39.85473003387451,24.92561451435089,61.45041990450861,1.5238887524907183,14902818000.0,1.6439779815959596,-0.187001862403803,1.8309798439997629,39.708210895644,43.74168491363525,47.775158931626514,18.44224348447052,0.7291451675247481,52.219882414705175,55.924211441192085,-0.0049695453023355,0
2023-07-26,NVDA,45.36362457275391,45.96345774796509,44.54322423850326,45.93151847506049,364237000,-0.2265625,-0.0049695453023355,44.06169873101657,40.19636318206787,25.08694494724274,60.22757761801361,1.5164848065600838,14538581000.0,1.566372986030963,-0.2116854863750397,1.778058472406003,39.93147458931947,43.92013702392578,47.908799458532094,18.16325132334383,0.6809488233830194,57.2577537585693,53.63712666008792,0.0098567063259209,1
2023-07-27,NVDA,45.81076049804688,47.302852779891246,45.66105061247082,46.42855649018283,455976000,0.4471359252929687,0.0098567063259209,44.22827604216232,40.534704055786136,25.255768017768855,61.84146599865519,1.5466807637441735,14994557000.0,1.5233899096312626,-0.2037348502197922,1.7271247598510548,40.32033304354955,44.15882244110107,47.99731183865259,17.384926433087237,0.7151807502711267,63.11677323936234,57.53146980421227,0.0185183365564671,1
2023-07-28,NVDA,46.65909957885742,46.93556140812505,46.29081757804647,46.57725828817055,331194000,0.8483390808105469,0.0185183365564671,44.45978304565709,40.88482238769532,25.43085776805877,64.76296289026922,1.5165464884823163,15325751000.0,1.5400269142302676,-0.14967827649663,1.6897051907268976,40.80770972304468,44.454646301269534,48.10158287949439,16.40744840712276,0.8022335637463849,67.61975879538561,62.66476193110575,-0.0004490899367799,0
2023-07-31,NVDA,46.638145446777344,47.038366761861774,46.41557944946755,46.66309836248381,251055000,-0.0209541320800781,-0.0004490899367799,44.66724613147807,41.2152611541748,25.60626171112061,64.63133686333993,1.4527065473331668,15074696000.0,1.5338398854825783,-0.1246922441954556,1.658532129678034,41.06177095710182,44.67556571960449,48.28936048210716,16.177947405003398,0.7715400093465326,72.73631813479959,67.82428338984919,-0.0047508937984984,0
2023-08-01,NVDA,46.41657257080078,46.808809981833214,45.9375063312931,46.36966307349115,237858000,-0.2215728759765625,-0.0047508937984984,44.8338486495088,41.51132984161377,25.78098672866821,63.16931840705277,1.4111777689908058,14836838000.0,1.493837512334757,-0.1317556938746218,1.6255932062093787,41.3586556670194,44.87986793518066,48.40108020334193,15.691722949126763,0.7182067592906815,71.04428995302294,70.46678896106938,-0.0481215789903636,0
2023-08-02,NVDA,44.18293380737305,45.75087863735261,43.30264861043548,45.74189726198736,530142000,-2.2336387634277344,-0.0481215789903636,44.77185675978159,41.770988883972166,25.94224923610687,50.71483405746952,1.5328024969461271,14306696000.0,1.267290822759357,-0.2866419067600179,1.5539327295193746,41.65180641267548,44.97727851867676,48.30275062467803,14.78734247835996,0.3805666254318894,51.372381887139774,65.05099665832077,0.0055567590211642,1
2023-08-03,NVDA,44.42844772338867,45.03027593449394,43.71483776411609,43.71483776411609,324176000,0.245513916015625,0.0055567590211642,44.73915113726797,42.03731456756592,26.108395252227783,51.83882925302144,1.517276473619822,14630872000.0,1.094940072685752,-0.3671941254668982,1.46213419815265,42.04587276350728,45.09764385223389,48.1494149409605,13.534059999790625,0.3903593832254887,34.907365481405925,52.44134577385622,0.0037065590786571,1
2023-08-04,NVDA,44.59312438964844,45.55325186395774,44.30668368202593,44.897531651391645,362666000,0.1646766662597656,0.0037065590786571,44.72524382797088,42.31667381286621,26.27206783771515,52.61935960248853,1.4979401670706785,14993538000.0,0.9605660843503828,-0.4012544910418139,1.3618205753921966,42.398537174817626,45.206282234191896,48.014027293566166,12.42192421322638,0.3908095586356216,24.151469962396195,36.81040577698063,0.0164952069407398,1
2023-08-07,NVDA,45.32869720458984,45.45145915668349,44.47635751419299,45.02329239286848,322154000,0.7355728149414062,0.0164952069407398,44.78271557812506,42.61373832702637,26.4390242433548,56.04600672907539,1.4605945581720945,15315692000.0,0.9030188697883615,-0.3670413644830681,1.2700602342714298,42.949190775294,45.36781768798828,47.78644460068256,10.66230220429863,0.4919126668124982,33.168660299898995,30.742498581233708,-0.016579724751541,0
2023-08-08,NVDA,44.5771598815918,45.15403517523559,43.97034032891443,44.765791580742274,353843000,-0.7515373229980469,-0.016579724751541,44.76313884512189,42.747236785888674,26.60180401802063,51.91486801520543,1.4532918665651884,14961849000.0,0.7876895121597229,-0.3858965776893654,1.1735860898490884,43.46331945567972,45.48054847717285,47.49777749866598,8.870733045383554,0.2760817968719342,35.45019262509016,30.923440962461783,-0.0472417630706418,0
2023-08-09,NVDA,42.47125625610352,44.22583731482129,42.05207094997095,44.18790919409857,586449000,-2.105903625488281,-0.0472417630706418,44.544864312834434,42.8193367767334,26.753341031074523,42.46850380374099,1.52984879978345,14375400000.0,0.5203629226720139,-0.5225785337416597,1.0429414564136736,43.109247804576405,45.41327934265136,47.71731088072632,10.146950722015148,-0.1384511318377911,28.552668826564133,32.390507250517764,-0.0039006303899418,0
2023-08-10,NVDA,42.30559158325195,43.48928663606157,41.75366530069566,42.07803421130193,492705000,-0.1656646728515625,-0.0039006303899418,44.3316002433504,42.86487121582032,26.90269309043884,41.823782037127614,1.5445468380393403,13882695000.0,0.2917735362342597,-0.6009343361435312,0.8927078723777909,42.575833165315714,45.234178352355954,47.892523539396194,11.753701664846462,-0.0508289110423323,16.59684082341845,26.866567425024247,-0.0361661246094171,0
2023-08-11,NVDA,40.77556228637695,41.93630299373014,40.55998266636193,41.669820039034846,533085000,-1.530029296875,-0.0361661246094171,43.99292996173387,42.92525169372559,27.04373164176941,36.33709598036194,1.5589084151001031,13349610000.0,-0.0126993860672186,-0.7243258067560077,0.711626420688789,41.71359239393383,45.00392665863037,48.29426092332691,14.622431903130634,-0.1425432846780066,7.042172063843922,17.397227237942168,0.0709336800052464,1
2023-08-14,NVDA,43.66792297363281,43.71483246792128,40.23261822669723,40.40727718704815,690286000,2.89236068725586,0.0709336800052464,43.96197691524806,43.0048388671875,27.19593016624451,49.75578919871606,1.6962874026803856,14039896000.0,-0.0203721975927848,-0.585598894625259,0.5652266970324742,41.59210838086386,44.86878986358643,48.145471346308994,14.605615585731584,0.3167556266476309,20.57716478383953,14.7387258903673,0.0042741142789852,1
2023-08-15,NVDA,43.85456466674805,45.17998551740348,43.62501232005784,44.473361921944495,676512000,0.1866416931152343,0.0042741142789852,43.95174717729568,43.09700073242188,27.350882406234746,50.48111896425605,1.686193530870761,14716408000.0,-0.0112627017863289,-0.4611915190550425,0.4499288172687136,41.603802002074566,44.69143581390381,47.77906962573305,13.817563726017765,0.3644801815633758,34.33783835539121,20.652391734358226,-0.0103321868396465,0
2023-08-16,NVDA,43.40145111083984,44.58813853982079,43.32160482572684,44.43344112151487,527451000,-0.4531135559082031,-0.0103321868396465,43.899338028109405,43.18321395874023,27.502172532081605,48.64512247936968,1.6562178296724177,14188957000.0,-0.0401430932721069,-0.3920575284326564,0.3519144351605495,41.56514699234264,44.5122350692749,47.45932314620716,13.241698927702345,0.3115455104430886,48.79249597267249,34.56916637063441,-0.0032655002052308,0
2023-08-17,NVDA,43.25972366333008,43.97632609118521,42.91738827793847,43.88450592025357,452395000,-0.1417274475097656,-0.0032655002052308,43.8384223743209,43.27691139221192,27.64947215080261,48.056379803391245,1.6135549713562976,13736562000.0,-0.0736186027187599,-0.3404264303034476,0.2668078275846876,41.44004872482181,44.40364665985108,47.36724459488035,13.348443913769351,0.307004353896997,47.42262399439159,43.51765277415177,-0.0010382462438968,0
2023-08-18,NVDA,43.21480941772461,43.49326626137414,41.57899634242321,42.55209903416188,583768000,-0.0449142456054687,-0.0010382462438968,43.77903066416887,43.3931649017334,27.79822803974152,47.858700162874186,1.6350346104701998,13152794000.0,-0.1025897980575294,-0.2955181005137736,0.1929283024562442,41.34510907705853,44.35324478149414,47.36138048592976,13.56444480783839,0.3107739351501226,45.46269261445968,47.22593752717459,0.0847133994668138,1
2023-08-21,NVDA,46.87568283081055,46.97349186656967,44.13602090022551,44.40749142092356,692573000,3.6608734130859375,0.0847133994668138,44.07394991813474,43.5619760131836,27.965058860778807,61.691060800886575,1.7867237417826896,13845367000.0,0.1679165724281546,-0.0200093840224716,0.1879259564506263,41.267602375363424,44.47076587677002,47.67392937817661,14.40570423402496,0.8753971586190447,62.79199039983996,51.89243566956375,-0.0276578816112623,0
2023-08-22,NVDA,45.579200744628906,48.09330371430153,45.24485304459103,48.04140287567031,755293000,-1.2964820861816406,-0.0276578816112623,44.21730713970562,43.699667587280274,28.1270232629776,56.02284825962423,1.8625613794918183,13090074000.0,0.2745151114046891,0.0692713239632502,0.2052437874414388,41.26781745684735,44.47021656036377,47.67261566388019,14.40244438283538,0.6731489655751232,70.63802076075955,59.63090125835307,0.0317074860938539,1
2023-08-23,NVDA,47.0244026184082,47.10823894798695,45.120111028865615,45.776832751180166,779046000,1.4452018737792969,0.0317074860938539,44.48464956624872,43.85205093383789,28.29520618915558,60.39160453522167,1.871530418036784,13869120000.0,0.4701908670706416,0.2119576637033621,0.2582332033672794,41.18088005508364,44.55325546264648,47.925630870209325,15.13862622402642,0.8663807935231588,84.32256574326935,72.58419230128962,0.0009972284787296,1
2023-08-24,NVDA,47.07129669189453,50.16826400478164,47.067306662299096,50.118361983877634,1156044000,0.0468940734863281,0.0009972284787296,44.73099691154832,43.97463218688965,28.45995765209198,60.528625523516176,1.962411201489402,15025164000.0,0.6218806203397946,0.2909179335780121,0.3309626867617825,41.107882506319925,44.616282272338864,48.12468203835781,15.72699287046636,0.8498766650445635,74.41613827792465,76.45890826065119,-0.0242774034321442,0
2023-08-25,NVDA,45.92852783203125,47.71205208326433,44.936457196698406,46.92059466008382,925341000,-1.1427688598632812,-0.0242774034321442,44.84504747540384,44.03493461608887,28.61827207565308,55.49076989424646,2.0204957504234398,14099823000.0,0.6424778613411704,0.2492121396635102,0.3932657216776601,41.14270426148714,44.57975368499756,48.01680310850797,15.419777542050834,0.6962110491934866,70.85323149364194,76.53064517161198,0.0177538196368605,1
2023-08-28,NVDA,46.743934631347656,46.88865315492435,44.800721716075714,46.39162035347504,685192000,0.8154067993164062,0.0177538196368605,45.02589387120801,44.11841178894043,28.77916224479675,58.16631132300708,2.025312585310953,14785015000.0,0.7163403120843981,0.2584596723253903,0.4578806397590078,41.13503773396163,44.58504314422608,48.03504855449052,15.476066263316978,0.8128823335607608,63.897556000477685,69.72230859068142,0.0416142400765422,1
2023-08-29,NVDA,48.68914794921875,48.985571364963455,46.30079918990067,46.5752660206421,701397000,1.9452133178710935,0.0416142400765422,45.37477521197094,44.24001495361328,28.9538982629776,63.762556557824034,2.0724168417217985,15486412000.0,0.921220043156886,0.3706715227183025,0.5505485204385835,40.88439261236956,44.698671913146974,48.51295121392439,17.066633694123432,1.0230969891557822,69.3253235003108,68.02537033147681,0.0098393333274833,1
2023-08-30,NVDA,49.168216705322266,49.82992584763343,48.33084725951484,48.94864322959215,735206000,0.4790687561035156,0.0098393333274833,45.73605535419488,44.34892280578613,29.121184039115903,65.00421353272549,2.0314641093215697,16221618000.0,1.1094564278953598,0.447126325965421,0.6623301019299388,40.67682787635248,44.947936058044434,49.21904423973639,19.0046910104009,0.9940498423065006,80.19423242899855,71.13903730992901,0.0018472121480752,1
2023-08-31,NVDA,49.25904083251953,49.64728445636799,48.86281334141854,49.28399374905417,528570000,0.0908241271972656,0.0018472121480752,46.07157778070199,44.47487747192383,29.286046051979064,65.24733330794454,1.9423931811521329,16750188000.0,1.2515369283313191,0.4713654611211042,0.7801714672102149,40.53412791145183,45.18946571350098,49.84480351555013,20.60364170518753,0.9370869840237196,88.63222179022551,79.38392590651164,-0.0171410711190816,0
2023-09-01,NVDA,48.41468811035156,49.70317852523028,48.04840104975304,49.665254201525954,463830000,-0.8443527221679688,-0.0171410711190816,46.29473114543052,44.58434440612793,29.44684591770172,61.00433751663592,1.9218492021753548,16286358000.0,1.2812352579206705,0.4008510325683642,0.8803842253523061,40.52921275588119,45.380543899536136,50.23187504319108,21.380665486931434,0.8127125443481407,86.7892448369666,85.20523301873023,0.0008039162849187,1
2023-09-05,NVDA,48.453609466552734,48.75602175102256,47.76694740479326,48.12924059584928,382653000,0.0389213562011718,0.0008039162849187,46.50033860458502,44.71087791442872,29.605989975929266,61.12981770214697,1.8552224267506368,16669011000.0,1.293007045895088,0.3300982564342254,0.9629087894608626,40.50429789527136,45.53678951263428,50.5692811299972,22.102970680296377,0.7897987891181927,83.49007523539831,86.30384728753013,-0.0305497092818881,0
2023-09-06,NVDA,46.973365783691406,48.45859385625443,46.49326248710991,48.3507970711586,468670000,-1.480243682861328,-0.0305497092818881,46.545388812118965,44.83928520202637,29.76150347709656,54.01153395222578,1.863087351207343,16200341000.0,1.1694127165197798,0.1652031416471338,1.004209574872646,40.6071318830631,45.656599807739255,50.70606773241541,22.119334098200724,0.6303866066281232,74.1416501162659,81.4736567295436,-0.0174241293457593,0
2023-09-07,NVDA,46.1548957824707,46.25770462589442,45.06792290826655,45.440229441727205,433330000,-0.8184700012207031,-0.0174241293457593,46.50819899977152,44.92649147033691,29.914086751937862,50.50928020996739,1.8661127457943083,15767011000.0,0.99396185760677,-0.0081981738127008,1.002160031419471,41.00530751693258,45.84078178405762,50.676256051182655,21.09682286791498,0.5324801644120674,65.37182084904302,74.33451540023573,-0.0144677813768133,0
2023-09-08,NVDA,45.48713684082031,46.51921177692775,45.18669865684588,45.8564505879392,473069000,-0.6677589416503906,-0.0144677813768133,46.41095498463331,45.0154931640625,30.0646679019928,47.78676474899327,1.8279984868148489,15293942000.0,0.7919046382400552,-0.1682043145435326,0.960108952783588,41.43848994503583,45.99985904693604,50.56122814883624,19.83210034294237,0.4437973342365418,46.15881756762082,61.89076284430991,-0.0086454582201879,0
2023-09-11,NVDA,45.09387969970703,46.0770424255395,44.22949106974816,46.06207096484273,473966000,-0.3932571411132812,-0.0086454582201879,46.28551924321176,45.10251831054688,30.213741636276247,46.20715433806734,1.82939512031317,14819976000.0,0.5932022056760076,-0.2935253976860643,0.8867276033620719,42.30104455421981,46.21577491760254,50.13050528098526,16.94110017786023,0.356708494103528,30.07595166126399,47.20219669264261,-0.0068175608171496,0
2023-09-12,NVDA,44.78644943237305,45.58795561962286,44.44807996157311,44.65469525142748,349256000,-0.3074302673339844,-0.0068175608171496,46.14275068979855,45.15385215759277,30.35768214225769,44.95607336801415,1.7801437301514975,14470720000.0,0.4062391707382105,-0.3843907460990892,0.7906299168372997,42.4739535966763,46.27170124053955,50.0694488844028,16.414990337705436,0.3044562267629195,15.443859619726531,30.559542949537114,0.0137061465615728,1
2023-09-13,NVDA,45.400299072265625,45.8444700948222,44.42012548496772,44.51694497475434,398355000,0.6138496398925781,0.0137061465615728,46.07204101193827,45.21524757385254,30.50229284286499,47.98444716306753,1.754729507273139,14869075000.0,0.3040967166816415,-0.3892265601245266,0.6933232768061681,42.69079814583217,46.34898796081543,50.00717777579869,15.785413990380905,0.3703335616068702,14.549329878174111,20.02304705305488,0.0021106732173716,1
2023-09-14,NVDA,45.496124267578125,45.90136648262812,45.04696145729557,45.864436629731664,370097000,0.0958251953125,0.0021106732173716,46.01719179818968,45.28047561645508,30.648624591827392,48.46113852671581,1.6904206157059538,15239172000.0,0.2282492629393786,-0.3720592110934315,0.6003084740328102,43.02642578001114,46.453721618652345,49.88101745729355,14.75574278752754,0.3602984107356966,17.236559933289893,15.743249810396849,-0.0368795264609942,0
2023-09-15,NVDA,43.8182487487793,45.514082288276775,43.726417212467545,45.25656332752661,506831000,-1.677875518798828,-0.0368795264609942,45.807768650626784,45.31641777038574,30.78877647399902,41.32053796221983,1.6973666485704737,14732341000.0,0.032375868759189,-0.4543460842188969,0.4867219529780859,43.15117401404175,46.4816478729248,49.812121731807856,14.330274468702854,0.1001471206504627,14.611969552324927,15.46595312126298,0.001503392056076,1
2023-09-18,NVDA,43.884124755859375,44.15961175484726,41.92178629799531,42.668394445794135,500271000,0.0658760070800781,0.001503392056076,45.62456447017275,45.34569313049317,30.93019541740417,41.68385199272692,1.7359708491620078,15232612000.0,-0.1162000818856725,-0.4823376278910068,0.3661375460053342,43.30535432412769,46.51511363983154,49.72487295553539,13.800930770833537,0.0901579175890278,16.311808120167502,16.053445868594107,-0.0101440721282063,0
2023-09-19,NVDA,43.438961029052734,43.8841296709857,42.921924053303314,43.7513779115944,373064000,-0.4451637268066406,-0.0101440721282063,45.41641176149466,45.372512588500975,31.062962818145756,39.88663454722968,1.6807019040563205,14859548000.0,-0.2667931600918791,-0.5063445648777707,0.2395514047858916,42.87182464843785,46.34327754974365,49.814730451049456,14.981473408218212,0.0816857374619071,15.167902349344454,15.363893340612297,-0.0294347289598914,0
2023-09-20,NVDA,42.16034698486328,43.82124998391259,42.14437793528599,43.51881278602881,367108000,-1.2786140441894531,-0.0294347289598914,45.10631035419643,45.36926864624024,31.188279495239257,35.19315083105346,1.6804283429541975,14492440000.0,-0.4837365136635156,-0.5786303347595259,0.0948938210960101,42.258676907235454,46.172334861755374,50.085992816275294,16.95239353278454,-0.0125624062596746,15.688307183185048,15.722672550899,-0.0289307480708159,0
2023-09-21,NVDA,40.940616607666016,42.02160003234205,40.90368675780257,41.50556449339025,450736000,-1.2197303771972656,-0.0289307480708159,44.70957761643163,45.31174819946289,31.308789672851564,31.39761080127975,1.6501591918189489,14041704000.0,-0.745494139700746,-0.6723103686374049,-0.073183771063341,41.365305862941085,45.86814556121826,50.37098525949544,19.63384236786913,-0.0471579362949072,7.556814150613,12.804341227714168,0.0144575221594327,1
2023-09-22,NVDA,41.53251647949219,42.03657715904044,41.154220620543846,41.49458523084501,479236000,0.5918998718261719,0.0144575221594327,44.407000365294536,45.22464630126953,31.433586368560796,35.057863637514714,1.61057357464434,14520940000.0,-0.894862157336938,-0.6573427090188775,-0.2375194483180605,40.749842500644846,45.59120655059815,50.43257060055144,21.238148389778825,0.0808319691280902,3.831217798395121,9.025446377397722,0.0147079678530424,1
2023-09-25,NVDA,42.14337539672852,42.45678985154456,41.100319388968366,41.51354991090628,419091000,0.6108589172363281,0.0147079678530424,44.19141703495492,45.15990188598633,31.564545469284056,38.69330468704191,1.592423352353758,14940031000.0,-0.9529610363625453,-0.5723532704355877,-0.3806077659269574,40.337338096959286,45.40194892883301,50.46655976070673,22.310103206417136,0.178299711441112,8.27897378014095,6.555668576383024,-0.0073658312147045,0
2023-09-26,NVDA,41.83295440673828,42.74026210135053,41.57743060128468,41.92278696484624,402282000,-0.3104209899902344,-0.0073658312147045,43.96680154655333,45.06914779663086,31.69328892707825,37.5431504227189,1.5617382200474792,14537749000.0,-1.0123830742722788,-0.5054202466762571,-0.5069628275960217,39.9031661644496,45.15639991760254,50.40963367075548,23.26684041570445,0.1836762204928002,13.655142641242088,8.588444739926052,0.0132899481299819,1
2023-09-27,NVDA,42.38891220092773,42.792162986782856,41.55147774107708,42.25117251253784,444935000,0.5559577941894531,0.0132899481299819,43.81652637077947,44.968893127441405,31.819578800201416,40.92975484362534,1.5388058647373577,14982684000.0,-1.003051763419819,-0.3968711486590378,-0.6061806147607812,39.719350344127015,44.84138813018799,49.96342591624896,22.84513481692476,0.2605956816704496,19.80193306100422,13.912016494129086,0.0146230214743539,1
2023-09-28,NVDA,43.008766174316406,43.36509986355093,42.03658080053992,42.38093579889095,424663000,0.6198539733886719,0.0146230214743539,43.73959682825918,44.889359130859376,31.9498060798645,44.54046689724508,1.523785378899761,15407347000.0,-0.9348630773998964,-0.262945970111292,-0.6719171072886042,39.76023067988855,44.53341560363769,49.306600527386834,21.4364196370298,0.3402901360750406,27.895846517998063,20.450974073414788,0.0095151975832166,1
2023-09-29,NVDA,43.41800308227539,44.061802514667,43.226359256277895,43.74539144535937,397830000,0.4092369079589844,0.0095151975832166,43.7089688524512,44.84908935546875,32.079415473937985,46.85037333534505,1.4901604475748207,15805177000.0,-0.8381395036451238,-0.1329779170852156,-0.7051615865599081,39.97233111445777,44.24136371612549,48.51039631779321,19.298829163856457,0.4035658999736321,39.14967476473422,28.94915144791217,0.0294948878333412,1
2023-10-02,NVDA,44.698612213134766,45.09087814744479,43.77932579033049,43.9480098133722,433298000,1.280609130859375,0.0294948878333412,43.80322060108773,44.85860466003418,32.21274885177613,53.392255928134894,1.5032114916887194,16238475000.0,-0.6506506248382635,0.0436087693773157,-0.6942593942155793,40.22867671281968,44.055559921264646,47.88244312970961,17.372986362149536,0.5840177576429647,55.64473730742134,40.89675286338454,-0.0282480702110429,0
2023-10-03,NVDA,43.43596267700195,45.045961784832514,43.165467413747166,44.724558993956826,470850000,-1.2626495361328125,-0.0282480702110429,43.7682436559367,44.83681869506836,32.341754579544066,47.22081069929683,1.5301602687884788,15767625000.0,-0.5970669862071531,0.0777539264067409,-0.6748209126138941,40.54868626016339,43.80467758178711,47.06066890341083,14.86595268527888,0.4433790098983917,58.97081703125094,51.25507636780217,0.0120414769203853,1
2023-10-04,NVDA,43.9589958190918,44.06080708258773,43.21138991227506,43.66055277170503,361821000,0.5230331420898438,0.0120414769203853,43.78641052861813,44.80419486999512,32.47697749137878,49.80882708400835,1.4815357617544924,16129446000.0,-0.5065578792359346,0.1346104267023676,-0.6411683059383023,40.73723813990317,43.653959083557126,46.57068002721108,13.362916009845163,0.5522910387087858,64.29092563873907,59.635493325803786,0.0146908250009307,1
2023-10-05,NVDA,44.60478973388672,44.81639678263096,43.80628011216114,43.96797721587723,393483000,0.6457939147949219,0.0146908250009307,43.86435140531038,44.78901817321778,32.617330150604246,52.88102748109696,1.447862969519873,16522929000.0,-0.3783571226881008,0.2102489466001612,-0.5886060692882621,40.85375077010051,43.57645378112793,46.29915679215535,12.496211943738142,0.6888446790916689,68.44336443299004,63.901702367660015,0.0240331764344072,1
2023-10-06,NVDA,45.67678451538086,45.70373466330227,43.944017177662325,44.11070601288464,434436000,1.0719947814941406,0.0240331764344072,44.036964082459946,44.78633865356446,32.76462425231934,57.52836854475576,1.4701382920998782,16957365000.0,-0.1880879192030846,0.320414520068142,-0.5085024392712266,40.8355020333808,43.58593616485596,46.33637029633112,12.62074133762844,0.8800942415958715,84.69986862807632,72.47805289993515,-0.010685745949835,0
2023-10-09,NVDA,45.18869400024414,45.52007649973999,44.28538045832398,44.75849682767498,409675000,-0.4880905151367187,-0.010685745949835,44.14665264605844,44.75693054199219,32.91032101631165,54.87454497479532,1.4645144181682357,16547690000.0,-0.0758091493701371,0.3461546319208716,-0.4219637812910087,40.82955648971736,43.590676879882814,46.35179727004827,12.668398785244474,0.7893783853201646,92.36656679646136,81.83659995250925,0.0115963732737236,1
2023-10-10,NVDA,45.71271896362305,46.17285906419018,45.004041982640686,45.22562871384522,368582000,0.5240249633789062,0.0115963732737236,44.29580181915984,44.7384220123291,33.05656254768372,57.15951575912127,1.4433931798383255,16916272000.0,0.0548250309037996,0.3814310497558467,-0.3266060188520471,40.76821985706455,43.63699035644531,46.50576085582607,13.148342614591122,0.8617801785862264,93.32531824069508,90.1305845550776,0.0220097694168934,1
2023-10-11,NVDA,46.71884536743164,46.77174808079545,45.96425254771436,46.10998059928863,378137000,1.0061264038085938,0.0220097694168934,44.5265678713762,44.74446746826172,33.21363179683685,61.219782378473646,1.4159386039336166,17294409000.0,0.2368097567110823,0.4507326204505035,-0.2139228637394212,40.62230522055632,43.702917671203615,46.78353012185091,14.097971553405676,0.9895013158169772,93.2015390395954,92.96447469225062,0.0029697727577995,1
2023-10-12,NVDA,46.85758972167969,47.520354838657056,46.2437369627585,46.689903262953685,481325000,0.1387443542480468,0.0029697727577995,44.748569952357485,44.79796058654785,33.37205831050873,61.75803705867544,1.4059871233596837,17775734000.0,0.3877596213524086,0.4813459880734638,-0.0935863667210552,40.481779737705786,43.77099094390869,47.0602021501116,15.029183188554905,0.9692004532804372,93.33704555274886,93.28796761101312,-0.0316115946710675,0
2023-10-13,NVDA,45.376346588134766,47.02826743741539,45.19568386802554,46.87255588078778,474115000,-1.481243133544922,-0.0316115946710675,44.80835820338389,44.816918563842776,33.52849157333374,53.25905786387644,1.4364582980761238,17301619000.0,0.3834444263429972,0.381624634451242,0.0018197918917552,40.48591793539805,43.84889583587646,47.21187373635488,15.338939949894376,0.7270979467395564,84.27467573069201,90.27108677434542,0.0139460352579376,1
2023-10-16,NVDA,46.0091667175293,46.13892190023753,44.82836714020883,44.97908693457242,375099000,0.6328201293945312,0.0139460352579376,44.92272091901679,44.84523941040039,33.68851299285889,56.042275113475775,1.427465188215593,17676718000.0,0.4261752163432533,0.3394843395611984,0.0866908767820548,40.46264622790735,43.95514793395997,47.44764964001258,15.89120669688062,0.7940612426916863,76.14634156873987,84.5860209507269,-0.046794605467677,0
2023-10-17,NVDA,43.85618591308594,44.67066838631244,42.40090056802487,43.91807074145932,812333000,-2.15298080444336,-0.046794605467677,44.82114615654719,44.81578918457031,33.83494080066681,46.00531477826273,1.5832366854505098,16864385000.0,0.2830493014152822,0.1570867397065818,0.1259625617087003,40.49111372594251,43.97600917816162,47.460904630380725,15.849075517974455,0.4828081980193437,57.31467759879791,72.5785649660766,-0.0396469889104952,0
2023-10-18,NVDA,42.1174201965332,43.13851774775219,41.74711270086322,42.51168506984707,627294000,-1.7387657165527344,-0.0396469889104952,44.563648446069664,44.76659439086914,33.97261990070343,39.80505022320292,1.6207964373628103,16237091000.0,0.0289830225710332,-0.0775836313101336,0.1065666538811669,40.48444703573492,43.97386283874512,47.46327864175532,15.870408364196283,0.2339894774634732,38.0926761469265,57.184565104821424,-0.0022511896525161,0
2023-10-19,NVDA,42.022605895996094,43.21637798376251,41.8040119269262,42.73128289845607,501233000,-0.0948143005371093,-0.0022511896525161,44.3216443936817,44.757621383666994,34.111316614151,39.49248965528477,1.6059085530394892,15735858000.0,-0.1779655791027394,-0.2276257863871251,0.0496602072843856,40.69844584731538,44.02796230316162,47.35747875900786,15.12455395014794,0.1988517050810247,14.789240601640492,36.7321981157883,-0.0169593719084667,0
2023-10-20,NVDA,41.30992889404297,42.390912280968735,41.00150240429951,41.81199054712487,477266000,-0.712677001953125,-0.0169593719084667,44.034814346097065,44.73770812988281,34.24428475856781,37.13227679468098,1.590444361870185,15258592000.0,-0.3949284258222931,-0.355670906485343,-0.0392575193369501,40.6527170625874,44.01683292388916,47.38094878519093,15.285587980029172,0.0976797260486233,5.305800425755245,19.39590572477408,0.03836967813725,1
2023-10-23,NVDA,42.89497756958008,43.1674718539468,40.86875871685224,41.15223029521093,478530000,1.5850486755371094,0.03836967813725,43.92625846261926,44.78009643554688,34.38759277820587,45.00451518240953,1.641034988671926,15737122000.0,-0.4339703239121704,-0.3157702436601762,-0.1182000802519941,40.75875380621856,44.05441303253174,47.35007225884492,14.96176659477685,0.3240965792678886,13.321780932932588,11.138940653442774,0.016009286540519,1
2023-10-24,NVDA,43.58169555664063,43.615632642963874,42.61150915403504,42.99678817947999,401463000,0.6867179870605469,0.016009286540519,43.89344294776415,44.77837188720703,34.53137096881866,48.04021188374888,1.595541310118848,16138585000.0,-0.4048322528049652,-0.2293057380423768,-0.1755265147625884,40.99725067880296,44.14185009002686,47.28644950125076,14.247701013031952,0.4109338805784143,25.326566197025887,14.65138251857124,-0.043148779659474,0
2023-10-25,NVDA,41.70119857788086,43.56871659941446,41.47761668487891,43.317183162193714,398379000,-1.8804969787597656,-0.043148779659474,43.68465776968003,44.735304565429686,34.66191020011902,41.31483979380024,1.631865421664767,15740206000.0,-0.5274009617496205,-0.2814995575896256,-0.2459014041599948,40.873183396201576,44.10746440887451,47.34174542154745,14.665458810741312,0.1280060666396732,27.9210956864945,22.189814272150997,-0.0347780618949316,0
2023-10-26,NVDA,40.25091171264648,42.17731828601072,39.80574303401105,41.77506880872993,541001000,-1.450286865234375,-0.0347780618949316,43.35763433567684,44.67229377746582,34.78379611492157,37.011425372105954,1.6847018381172605,15199205000.0,-0.7331127091551579,-0.3897690439961304,-0.3433436651590275,40.34773675936882,43.96957168579102,47.59140661221321,16.47427885949869,-0.0133668497721933,19.690534423550847,24.31273210235708,0.0043148224405265,1
2023-10-27,NVDA,40.42458724975586,41.12927392659706,39.94048973150051,41.0534152286562,416784000,0.173675537109375,0.0043148224405265,43.07829651797008,44.615591049194336,34.90609143257141,37.8463421926753,1.6492791493300665,15615989000.0,-0.8720738620350446,-0.4229841575008136,-0.4490897045342309,39.885358964504434,43.81990089416504,47.75444282382564,17.957785615094895,0.0685249127968932,8.769021859245322,18.793550656430224,0.01632093722572,1
2023-10-30,NVDA,41.084354400634766,41.68822738791205,40.405620307517786,41.01049469201982,388028000,0.6597671508789062,0.01632093722572,42.88839726870005,44.57298194885254,35.02914123535156,41.04340064406408,1.6230882872632235,16004017000.0,-0.9183773986994836,-0.3754301553322021,-0.5429472433672815,39.55357815822426,43.63918800354004,47.72479784885582,18.724499846259068,0.1873375457235061,10.122022642768824,12.860526308521663,-0.0092564384995863,0
2023-10-31,NVDA,40.70405960083008,40.80287807912132,39.15694672159714,40.37467609597359,517969000,-0.3802947998046875,-0.0092564384995863,42.68036510985529,44.44954948425293,35.148353843688966,39.77343671885718,1.6448253866756812,15486048000.0,-0.9745261661708682,-0.3452631382428692,-0.6292630279279989,39.22096809908188,43.50259284973144,47.784217600381005,19.68445773078096,0.1731926065593673,14.364733454816696,11.085259318943612,0.0378864748730709,1
2023-11-01,NVDA,42.246192932128906,42.30208841819016,40.79290267934758,40.80787414060049,437593000,1.542133331298828,0.0378864748730709,42.63901537864325,44.38288932800293,35.27127102851868,46.94277102940514,1.64148277458171,15923641000.0,-0.8843924713377547,-0.2041035547278045,-0.6802889166099502,39.10684586394872,43.4169527053833,47.72705954681789,19.85448804148877,0.3641843675428799,24.77311488747705,16.419956995020858,0.0279029843643816,1
2023-11-02,NVDA,43.42498779296875,43.802282272530825,42.814127888386025,43.247317846401735,409172000,1.1787948608398438,0.0279029843643816,42.713869894293296,44.31090103149414,35.40170357704162,51.67795691087544,1.6353832435688678,16332813000.0,-0.7096614398050676,-0.0234980185560939,-0.6861634212489737,39.08234297959902,43.3579626083374,47.633582237075785,19.72241946588244,0.5078380668126838,39.624958491438655,26.254268944577465,0.0344548297550861,1
2023-11-03,NVDA,44.92118835449219,45.22461926127447,43.64157432767091,43.93802210859157,424610000,1.4962005615234375,0.0344548297550861,42.924090700026525,44.267898864746094,35.54267036437988,56.93189007337467,1.6471152596215,16757423000.0,-0.4453215675732593,0.1926734829405714,-0.6379950505138308,39.11440559584659,43.32018280029297,47.52596000473935,19.41717200887681,0.6903340900353239,65.125167553205,43.17441364404024,0.0165761704917364,1
2023-11-06,NVDA,45.665809631347656,45.849468936509936,44.815394894536624,45.20067773419167,400733000,0.7446212768554688,0.0165761704917364,43.185206788723775,44.26264450073242,35.68200217247009,59.303414177900734,1.603326601218058,17158156000.0,-0.1737428015162976,0.3714017991980266,-0.5451446007143242,39.09099123607,43.34403858184815,47.59708592762629,19.62460114438555,0.7729538211941438,84.46146544031869,63.07053049498745,0.0044590192747182,1
2023-11-07,NVDA,45.86943435668945,46.13194133469671,45.07391747451028,45.63387372397261,343165000,0.2036247253417968,0.0044590192747182,43.44084750948241,44.245154495239255,35.81559710502624,59.9528306616023,1.5643764054300848,17501321000.0,0.0572561277751475,0.4819205827915774,-0.4246644550164299,39.08086023984104,43.351874351501465,47.622888463161885,19.70394210423567,0.7947262569695946,96.16381016801088,81.91681438717819,0.0134696151499322,1
2023-11-08,NVDA,46.48727798461914,46.77973167159943,45.88240358724271,46.01415776559104,346719000,0.6178436279296875,0.0134696151499322,43.73098374520972,44.20111709594727,35.95192206382752,61.93753138182825,1.5176564703929345,17848040000.0,0.2868723745731003,0.5692294636716242,-0.2823570890985239,39.10474669902517,43.34029598236084,47.57584526569652,19.545548489375832,0.8714963268919773,96.55187900139585,92.39238486990848,0.0080731237159312,1
2023-11-09,NVDA,46.86257553100586,48.14019083451283,46.662947187934414,47.3786111235174,540496000,0.3752975463867187,0.0080731237159312,44.02923058195221,44.155004272460936,36.08983414649963,63.132745825349616,1.527317640357274,18388536000.0,0.4934402083906875,0.6206378379913691,-0.1271976296006816,39.10416744772554,43.34054527282715,47.57692309792876,19.549259467935943,0.9156888742677516,92.72589316086533,95.14719411009068,0.0294995182235395,1
2023-11-10,NVDA,48.244998931884766,48.38174487246118,47.19495962235481,47.41155462234615,421245000,1.3824234008789062,0.0294995182235395,44.43073232956484,44.13472343444824,36.23226863861084,67.2164551966752,1.5267356190071342,18809781000.0,0.7599366434074426,0.7097074184064994,0.0502292250009432,38.8099602227388,43.48397789001465,48.1579955572905,21.49765451126842,1.0093071294106786,93.48628334599988,94.25468516942034,0.0058963542499776,1
2023-11-13,NVDA,48.52946853637695,49.02454717798487,48.00943872930376,48.23002789763356,384136000,0.2844696044921875,0.0058963542499776,44.821088158785045,44.13701904296875,36.37331674575805,68.00190358323835,1.490190821126704,19193917000.0,0.98276263195946,0.7460267255668134,0.2367359063926465,38.55044740936557,43.60999298095703,48.669538552548495,23.203606447727665,0.9861578461751572,93.09273621472614,93.10163757386378,0.0213080648205363,1
2023-11-14,NVDA,49.56353759765625,49.74120755867973,48.948687284637685,49.58749498042509,416954000,1.0340690612792969,0.0213080648205363,45.27275001010612,44.15921760559082,36.52553684234619,70.74568802047894,1.4703014069249951,19610871000.0,1.2286316634118464,0.7935166056153597,0.4351150577964865,38.20764755667881,43.89536056518555,49.58307357369229,25.914870889648416,0.998282615876819,97.2739294899594,94.6176496835618,-0.0154663542470959,0
2023-11-15,NVDA,48.79697036743164,49.86697288767829,48.11025170692205,49.84202172257436,475497000,-0.7665672302246094,-0.0154663542470959,45.60839004413712,44.19568969726563,36.672053270339966,66.21301297424286,1.490759962198656,19135374000.0,1.3461119327835576,0.7287974999896567,0.6173144327939009,38.22293676328845,44.22933807373047,50.23573938417248,27.160258651980374,0.880230362376922,94.4378332231759,94.93483297595382,0.0121092106189941,1
2023-11-16,NVDA,49.38786315917969,49.432781344923285,48.24000685120362,48.58835600584551,339756000,0.5908927917480469,0.0121092106189941,45.96833986461736,44.2603490447998,36.81450973510742,67.91926076949787,1.4694752858787277,19475130000.0,1.469951318866272,0.6821095088578969,0.7878418100083752,38.28233931228985,44.59760093688965,50.91286256148945,28.32108226420774,0.879260789737559,94.61908150309056,95.44361473874194,-0.0036780710375405,0
2023-11-17,NVDA,49.20621109008789,49.62442966359735,48.91575254512535,49.43178822340236,325205000,-0.1816520690917968,-0.0036780710375405,46.27670855275741,44.33473052978516,36.95223643302918,66.802394921638,1.4151325596353896,19149925000.0,1.535734133574849,0.5983138588531788,0.93742027472167,38.56239819768471,44.992415046691896,51.42243189569909,28.582670400485476,0.8276660187948509,93.1221019380439,94.05967222143676,0.0225362782696763,1
2023-11-20,NVDA,50.31513595581055,50.4538770689416,49.08942192234672,49.22017851068948,414120000,1.1089248657226562,0.0225362782696763,46.66132068638152,44.439155654907225,37.09854601860047,70.04116042083228,1.4115127444182096,19564045000.0,1.6582333750300933,0.5766504802467387,1.0815828947833546,38.6120562928813,45.36342296600342,52.11478963912554,29.76568447306888,0.8667193051090235,95.97362310632906,94.57160218248784,-0.0092246962446997,0
2023-11-21,NVDA,49.85099411010742,50.42292511523791,49.13033850268946,50.0326543962092,565747000,-0.464141845703125,-0.0092246962446997,46.96509910768875,44.54044654846192,37.242589769363406,67.0908394750942,1.4030180207132268,18998298000.0,1.6982857574243582,0.4933622901128029,1.2049234673115552,38.70690515669361,45.67688789367676,52.64687063065991,30.518641082585805,0.7994344730785778,94.83431376788523,94.64334627075272,-0.024587433604739,0
2023-11-22,NVDA,48.62528610229492,50.2412708632355,47.6011956303171,49.7591723537565,899420000,-1.2257080078125,-0.024587433604739,47.1232121547941,44.6049462890625,37.37509698867798,59.913527828550976,1.4913792501564531,18098878000.0,1.6125348682789848,0.3260891207739436,1.2864457475050413,39.19091701120017,46.02309226989746,52.85526752859475,29.69020516322865,0.6904367008944109,87.94334155828102,92.91709281083178,-0.0192953901390519,0
2023-11-24,NVDA,47.687042236328125,48.82991070739956,47.656097917344944,48.37975025453567,294645000,-0.9382438659667968,-0.0192953901390519,47.17691025779735,44.6487646484375,37.50275336265564,55.05804155118931,1.4686959315777504,17804233000.0,1.4521289929651289,0.1325465963680698,1.319582396597059,40.069095241199456,46.39489879608154,52.72070235096363,27.269392623037067,0.6021327511229259,72.06518742161603,84.94761424926077,0.0097537195805219,1
2023-11-27,NVDA,48.15216827392578,48.4396301867081,47.5632667713432,47.71098998988454,395662000,0.4651260375976562,0.0097537195805219,47.2697919736191,44.73544303894043,37.63207681655884,56.92186319684554,1.4263864661339754,18199895000.0,1.34701046695249,0.0219424562843446,1.3250680106681454,41.04478843811109,46.78127784729004,52.517767256469,24.524723022337287,0.6194886217729416,60.43464895686058,73.48105931225254,-0.0087269054842181,0
2023-11-28,NVDA,47.73194885253906,48.23301675984303,47.38459731024166,48.14617697047183,401491000,-0.4202194213867187,-0.0087269054842181,47.31380691446862,44.81239952087402,37.764647274017335,54.714152383287264,1.3851031078102174,17798404000.0,1.2157803235903444,-0.0874301496622407,1.303210473252585,41.99944469376379,47.113657569885255,52.22787044600672,21.71010759899242,0.5604483326789781,49.53494385944776,60.67826007930813,0.006670852299482,1
2023-11-29,NVDA,48.05036163330078,48.67120510025969,47.77088421799797,48.28891883358644,382005000,0.3184127807617187,0.006670852299482,47.38395498292883,44.90462753295898,37.8962006187439,56.10344141116433,1.353256903518104,18180409000.0,1.1245100875287335,-0.1429603085790813,1.2674703961078149,43.28879120092998,47.48097267150879,51.6731541420876,17.658363907504157,0.5679108199141697,44.75788480462345,51.57582587364393,-0.0284587770482229,0
2023-11-30,NVDA,46.68290710449219,48.0204119586937,46.33555556358415,47.9345697592136,526247000,-1.3674545288085938,-0.0284587770482229,47.31718851831582,44.99507873535156,38.015014810562135,49.13229447465563,1.379081843960856,17654162000.0,0.9311024462931384,-0.269094359851741,1.2001968061448796,44.23519549780013,47.70280838012695,51.17042126245377,14.538401406871593,0.3529389943103457,28.49698862528543,40.929939096452216,-0.0001068016033151,0
2023-12-01,NVDA,46.677921295166016,47.11211268040661,46.10099843511436,46.43837031596677,369317000,-0.0049858093261718,-0.0001068016033151,47.25630592563488,45.10982482910156,38.134836769104005,49.10833499401812,1.3527984440559555,17284845000.0,0.7685636605777546,-0.3453065164537001,1.1138701770314547,44.95536016843625,47.865455055236815,50.77554994203738,12.159478619569416,0.295963051676228,19.42879478897437,30.894556072961084,-0.0268364625786294,0
2023-12-04,NVDA,45.42525100708008,45.99119649745045,44.92618209165027,45.99119649745045,437543000,-1.2526702880859375,-0.0268364625786294,47.081919742915375,45.18767951965332,38.25219690322876,43.38399187028521,1.3812942125887977,16847302000.0,0.5325317837103896,-0.4650707146568522,0.9976024983672418,45.075824385150526,47.89065818786621,50.70549199058189,11.755252106469738,0.0620687838820953,10.238880039715877,19.388221151325222,0.0232939201913477,1
2023-12-05,NVDA,46.48338317871094,46.517319443047896,45.19067882409736,45.38533254496545,371718000,1.0581321716308594,0.0232939201913477,47.02491626061019,45.274479675292966,38.37791091918945,48.811841187469625,1.377390384471779,17219020000.0,0.4259471897853117,-0.457324246865544,0.8832714366508558,45.225488188242885,47.93153686523438,50.63758554222587,11.291307785935984,0.2324228313340143,16.817745075624924,15.495139968105056,-0.0228279227333828,0
2023-12-06,NVDA,45.42226409912109,47.30292406979546,45.331425953011845,47.13122835946555,380590000,-1.0611190795898438,-0.0228279227333828,46.87228272142075,45.34626586914062,38.50197618484497,44.23215686857951,1.4198266510654816,16838430000.0,0.252938966659805,-0.5042659759928407,0.7572049426526457,45.12897396388792,47.90917835235596,50.689382740824,11.60614514413322,0.0527461463714162,15.391297942733717,14.14930768602484,0.0240202251180674,1
2023-12-07,NVDA,46.5133171081543,46.546259494757,45.52307681120913,45.61890713154708,350823000,1.0910530090332031,0.0240202251180674,46.83809552015728,45.428753967285154,38.63100282669068,49.48064874539318,1.398695847106226,17189253000.0,0.2015442858244114,-0.4445285254625875,0.6460728112869989,45.132917482464464,47.91048030853271,50.68804313460096,11.594802674410143,0.2484911615201597,21.95259884388795,18.053880620748863,0.0195298407217079,1
2023-12-08,NVDA,47.42171478271485,47.65629845206512,46.467409650322935,46.51233179088727,359224000,0.9083976745605468,0.0195298407217079,46.89367830706753,45.51701293945312,38.75005372047424,53.41198117859624,1.3837096295802227,17548477000.0,0.2314457687721614,-0.33170163401187,0.5631474027840314,45.192551922269615,47.93843727111816,50.68432261996671,11.455881773196143,0.4059096752491871,27.610964629619165,21.65162047208028,-0.0185030259864641,0
2023-12-11,NVDA,46.54426956176758,47.44666494268496,45.74868658721169,47.40673880790064,509728000,-0.8774452209472656,-0.0185030259864641,46.86040128370563,45.57953826904297,38.86660320281983,49.41212634255452,1.4061573957154403,17038749000.0,0.1822396677722224,-0.3047261880094472,0.4869658557816696,45.04610561772239,47.85340080261231,50.66069598750222,11.732897298018855,0.2668340600783556,34.43187194041038,27.99847847130583,0.0220901853007313,1
2023-12-12,NVDA,47.57244110107422,47.58142400474077,45.96429952454466,45.96429952454466,372387000,1.0281715393066406,0.0220901853007313,46.92821459964549,45.63701484680176,38.98722092628479,53.77996016294203,1.4212264731783453,17411136000.0,0.2236304559617181,-0.2106683198559612,0.4342987758176794,45.01339589018415,47.805549430847165,50.59770297151018,11.681294635895728,0.4582565345390008,41.45695611423679,34.499930894755444,0.0090437444821234,1
2023-12-13,NVDA,48.0026741027832,48.50777677637629,47.52352626972847,47.54448891602596,447792000,0.4302330017089844,0.0090437444821234,47.0305440761348,45.72834907531738,39.11141166687012,55.51095430244035,1.3900139041404505,17858928000.0,0.2878312222754431,-0.117174042833789,0.4050052651092322,45.05142225247624,47.72750625610352,50.40359025973079,11.214011430924277,0.5514124082627287,52.67798060124099,42.85560288529606,0.0054484351990162,1
2023-12-14,NVDA,48.26421356201172,48.58364549785844,47.33786247122784,48.30414350597482,391232000,0.2615394592285156,0.0054484351990162,47.14803640812308,45.81445343017578,39.2394943523407,56.57562916680852,1.379711698604033,18250160000.0,0.3557143866787768,-0.0394327027443642,0.3951470894231411,45.05749036006905,47.70086841583252,50.34424647159598,11.08314436844128,0.606557808662843,72.57640217334055,55.57044629627277,0.0111685944249582,1
2023-12-15,NVDA,48.80325698852539,49.316344970250725,48.03462269335951,48.108492709816815,479948000,0.5390434265136719,0.0111685944249582,47.305676463399486,45.89842277526856,39.3671990776062,58.76587043876734,1.3727124541959748,18730108000.0,0.4478460921106375,0.042159202149997,0.4056868899606404,45.09134902230008,47.671638107299806,50.25192719229953,10.82525873850605,0.7192814145911298,85.41810464884502,70.22416247447552,0.0242788495171877,1
2023-12-18,NVDA,49.98814392089844,50.34351123549537,49.06279063158867,49.312347036005846,412587000,1.1848869323730469,0.0242788495171877,47.56114955458986,45.98464996337891,39.49795461654663,63.16400640555392,1.3846797251084038,19142695000.0,0.6094462879276392,0.1630075183735989,0.4464387695540402,45.01740325018734,47.71073474884033,50.40406624749332,11.29025370425029,0.922786644198292,90.29514139109963,82.76321607109507,-0.0094454465063279,0
2023-12-19,NVDA,49.51598358154297,49.61181391094036,48.80824198487287,49.33630266590499,464444000,-0.4721603393554687,-0.0094454465063279,47.74732422382349,46.07119575500488,39.62802562713623,60.39934879224271,1.370052740173915,18678251000.0,0.6914456588564448,0.1960055114419235,0.4954401474145212,45.11287727737965,47.67077713012695,50.22867698287425,10.731521517952167,0.8606877824857344,88.82579662184291,88.17968088726252,-0.0300983381146748,0
2023-12-20,NVDA,48.025634765625,49.91028529819524,48.012657344636494,49.5668939044448,397894000,-1.4903488159179688,-0.0300983381146748,47.77382998970935,46.117454071044925,39.7519522190094,52.57678964472488,1.4077366839871177,18280357000.0,0.6289222329997273,0.1067856684681648,0.5221365645315624,45.216450157787854,47.57950916290283,49.94256816801781,9.933095345831878,0.59439578143341,78.45942563537294,85.86012121610516,0.0182703513494277,1
2023-12-21,NVDA,48.903079986572266,49.00789323083867,48.33309014213933,48.72439672866285,300425000,0.8774452209472656,0.0182703513494277,47.8813776084582,46.161138763427736,39.87581018447876,56.17552638099664,1.3773453826461568,18580782000.0,0.6427650681676127,0.0965028029088401,0.5462622652587725,45.202810178382,47.593398857116696,49.98398753585139,10.045883404594152,0.7739243980166353,71.78292567561591,79.68938264427725,-0.0032660020566865,0
2023-12-22,NVDA,48.74336242675781,49.29537882848635,48.38100372795406,49.10771267233565,252507000,-0.1597175598144531,-0.0032660020566865,47.96347140067721,46.198854217529295,40.00258694648743,55.35212654912559,1.3442760767808806,18328275000.0,0.633544634331983,0.0698258952585684,0.5637187390734146,45.20357581568249,47.64621486663818,50.08885391759387,10.25323441869471,0.7245824162375459,66.52352358950701,72.25529163349862,0.0091950244878218,1
2023-12-26,NVDA,49.19155883789063,49.51198840359391,48.873124626710656,48.88110985273242,244200000,0.4481964111328125,0.0091950244878218,48.080432108983246,46.275158462524416,40.13395486831665,57.24595745718912,1.3031582124991103,18572475000.0,0.6548543256983379,0.0729084692999385,0.5819458563983994,45.17190213949812,47.69818439483642,50.22446665017473,10.592781622152444,0.7955676151978937,73.12446930130405,70.47697285547565,0.0028004062264059,1
2023-12-27,NVDA,49.32931518554688,49.591849010515,48.99790354922427,49.42315016052461,233648000,0.13775634765625,0.0028004062264059,48.19937335437026,46.34156143188476,40.26600659370423,57.837914826283054,1.2525001588413691,18806123000.0,0.6750763358331824,0.0745043835478264,0.600571952285356,45.15346212147494,47.778052711486815,50.40264330149869,10.986595062217226,0.7955246582006986,74.97440576564668,71.54079955215258,0.0021248305672463,1
2023-12-28,NVDA,49.43413162231445,49.79548883206165,49.32432618794135,49.55491912329638,246587000,0.1048164367675781,0.0021248305672463,48.316969379888754,46.45312034606933,40.3931086063385,58.31088997841126,1.196690336361293,19052710000.0,0.691588038605957,0.0728128690564807,0.6187751695494762,45.126392701124495,47.8472412109375,50.5680897207505,11.373063277851172,0.7916168257169928,78.72853335350887,75.60913614015318,0.0,0
2023-12-29,NVDA,49.43413162231445,49.90829110638661,48.664499712290464,49.72461566156116,389293000,0.0,0.0,48.4233657839293,46.59945457458496,40.51938730239869,58.31088997841126,1.2000546976280684,19052710000.0,0.6966432127030799,0.0622944345228829,0.634348778180197,45.235287260814005,47.984802436828616,50.73431761284323,11.4599416331215,0.7635608630439752,79.79256891800564,77.83183601238706,-0.027341368967535,0
2024-01-02,NVDA,48.08253479003906,49.20753405733888,47.510553413556266,49.15662585656264,411254000,-1.3515968322753906,-0.027341368967535,48.39090568927308,46.72065315246582,40.63235646247864,49.93372035494832,1.2517349484230769,18641456000.0,0.5848451748745447,-0.0396028826445218,0.6244480575190665,45.37167197834383,48.05503311157226,50.7383942448007,11.167867170118544,0.5051244832695535,69.5958211524172,76.0389744746439,-0.0124356700454471,0
2024-01-03,NVDA,47.484596252441406,48.09850289557728,47.23603751691528,47.40074566328975,320896000,-0.5979385375976562,-0.0124356700454471,48.30459050481292,46.84414649963379,40.74141779899597,46.73494708904413,1.2239299791544285,18320560000.0,0.4428904165979688,-0.1452461127368782,0.5881365293348471,45.74140218598315,48.15800037384033,50.57459856169751,10.036123464835102,0.3606710613326998,45.52586401930017,64.97141802990767,0.00901853997999,1
2024-01-04,NVDA,47.91283798217773,48.41394618414248,47.42370571637504,47.68224504410837,306535000,0.4282417297363281,0.00901853997999,48.267280740752426,46.944503707885744,40.85174715042114,49.24281238886666,1.2072378711982148,18627095000.0,0.3607868503306264,-0.1818797432033765,0.5426665935340029,45.93368005696005,48.22947311401367,50.525266171067294,9.52029084633127,0.4310401408212504,26.049581883076417,47.0570890182646,0.0228966208210898,1
2024-01-05,NVDA,49.00988006591797,49.459082326064205,48.22028328844258,48.37600851565981,415039000,1.0970420837402344,0.0228966208210898,48.33800448600629,47.05306739807129,40.96606977462768,55.077822700902814,1.231452619247376,19042134000.0,0.3798624919827276,-0.1302432812410203,0.510105773223748,46.48852102740342,48.40885391235352,50.329186797303606,7.933808507125346,0.6564900956169573,28.953870509585755,33.50977213732077,0.0642811142212356,1
2024-01-08,NVDA,52.1602897644043,52.18225389964643,49.39121320158821,49.42415559652228,642510000,3.150409698486328,0.0642811142212356,48.702031655377525,47.26224922180176,41.09480219841004,66.85998917363551,1.370089848853168,19684644000.0,0.6417936117662393,0.105350270833993,0.5364433409322462,46.35350332960983,48.691202545166014,51.0289017607222,9.602142043576489,1.241987505525367,59.472937483751856,38.15879662547134,0.0169750159926052,1
2024-01-09,NVDA,53.045711517333984,54.22861030764682,51.59828353362604,52.30802433098523,773100000,0.8854217529296875,0.0169750159926052,49.115715451754326,47.51814521789551,41.224354124069215,69.29728878832617,1.4601067720794263,20457744000.0,0.910328348448374,0.2991080060129021,0.6112203424354719,46.03666157732352,48.97240238189697,51.90814318647042,11.989368141182586,1.193744680915189,79.90751488283489,56.11144095872417,0.0227700105317167,1
2024-01-10,NVDA,54.253562927246094,54.50311934146144,53.39409057576156,53.52086794542818,533796000,1.2078514099121094,0.0227700105317167,49.60503425894402,47.794724731445314,41.36200110435486,72.29109474432,1.459913990082857,20991540000.0,1.2066975184521809,0.4763817408133671,0.7303157776388137,45.83320996438227,49.357867050170896,52.88252413595952,14.282047812989608,1.194492507769704,93.0684570741583,77.48296981358168,0.0086844932931127,1
2024-01-11,NVDA,54.724727630615234,55.247799966123495,53.46496957614301,54.9014155282273,596759000,0.4711647033691406,0.0086844932931127,50.09262410386509,48.06753219604492,41.50324137687683,73.38146740075655,1.4829794472184017,21588299000.0,1.4627298357501033,0.5859312464890316,0.8767985892610717,45.58816446605854,49.71548137664795,53.842798287237365,16.603749159424098,1.1068405167913218,91.04020856626263,88.00539350775195,-0.0020429731183968,0
2024-01-12,NVDA,54.6129264831543,54.87246729450568,54.23360346337735,54.523086018906326,352994000,-0.1118011474609375,-0.0020429731183968,50.523129092368826,48.345709533691405,41.644526386260985,72.65090917720167,1.4226854746405395,21235305000.0,1.6377370602088632,0.6087507767582332,1.02898628345063,45.48441066551862,50.04599399566651,54.6075773258144,18.229564310553524,1.0005863268247832,94.0376204412108,92.71542869387724,0.0305612054272388,1
2024-01-16,NVDA,56.28196334838867,56.7341587228084,54.80259436306696,54.92038503023544,449580000,1.669036865234375,0.0305612054272388,51.071589497704046,48.6264249420166,41.79129246711731,76.42434195171636,1.4725816721415084,21684885000.0,1.8893298542598205,0.688274856647352,1.2010549976124685,45.22120317376291,50.44688148498536,55.6725597962078,20.717547477252005,1.058308559758849,93.59534494970966,92.8910579857277,-0.0058351716509831,0
2024-01-17,NVDA,55.95354843139648,56.370806056804064,54.64287831771136,56.24702551752996,474394000,-0.3284149169921875,-0.0058351716509831,51.53653796757952,48.876996154785154,41.934425573349,74.25338306856338,1.4908206769237369,21210491000.0,2.0387175501891406,0.6701300420613379,1.3685875081278027,45.11925551270369,50.804396057128905,56.48953660155412,22.380506356309592,0.9528606051187932,93.03208796515752,93.55501778535933,0.018803594546372,1
2024-01-18,NVDA,57.00567626953125,57.49780159403606,56.00745052096862,57.15840468720761,491650000,1.0521278381347656,0.018803594546372,52.05740828205112,49.11868591308594,42.08085332870483,76.5514670073283,1.494637283046297,21702141000.0,2.216456369697923,0.6782950892560959,1.538161280441827,44.879423158216746,51.15527267456055,57.431122190904354,24.536471758324836,0.9661045153914908,94.07493759090036,93.56745683525584,0.0417462319897299,1
2024-01-19,NVDA,59.38544845581055,59.39443136029789,57.12346628511491,57.88611068736901,543501000,2.379772186279297,0.0417462319897299,52.7553168700282,49.3930786895752,42.23824188232422,80.73914146919262,1.5585028407406074,22245642000.0,2.520291045202029,0.7857038118081614,1.7345872333938677,44.47783741832036,51.64874591827392,58.81965441822749,27.76798689865737,1.0394506524233795,95.63727443504332,94.24809999703372,0.00273986787507,1
2024-01-22,NVDA,59.54815673828125,60.22395750387172,58.96519328035112,59.94245635666948,452955000,0.1627082824707031,0.00273986787507,53.40225400033801,49.66665313720703,42.398998746871946,80.989128922733,1.5370929395106063,22698597000.0,2.74259646825616,0.8064073878898337,1.9361890803663264,44.48219838537849,52.22487201690674,59.967545648434985,29.65128810280939,0.9729170484181344,96.64236553636036,95.45152585410136,0.0036711912319848,1
2024-01-23,NVDA,59.76676940917969,59.8037025116824,58.48105267598879,59.46430561582059,294654000,0.2186126708984375,0.0036711912319848,54.0083983249896,49.93224296569824,42.56370280265808,81.33956965517592,1.521775574952249,22993251000.0,2.9029519105695982,0.7734102641626177,2.1295416464069805,44.525606592392606,52.76805648803711,61.010506383681616,31.240301213341542,0.9245529551135552,97.06757089370164,96.44907028836845,0.0248691878091591,1
2024-01-24,NVDA,61.25312042236328,62.73748144195341,59.83164734308872,60.19699904963291,560271000,1.4863510131835938,0.0248691878091591,54.69837185807281,50.22005386352539,42.73506021499634,83.55868487792657,1.6252710362252116,23553522000.0,3.1140737549088016,0.7876256868014568,2.3264480681073447,44.58828065708989,53.393544387817386,62.19880811854488,32.98250315345824,0.9462998653361476,93.8612054358071,95.85704728862304,0.0041556596200393,1
2024-01-25,NVDA,61.50766754150391,62.60771334377325,60.74202640224238,62.23936480631996,482777000,0.254547119140625,0.0041556596200393,55.34687620887577,50.48530723571778,42.90498587608337,83.91154614775336,1.6424436008899015,24036299000.0,3.264300340406187,0.750281817839074,2.514018522567113,44.75449885553496,54.00934982299805,63.26420079046114,34.27129190702543,0.905102024055676,92.7718304734464,94.56686893431838,-0.0095103122290894,0
2024-01-26,NVDA,60.92271041870117,61.67337885004867,60.465526677085045,60.85183724757184,390309000,-0.5849571228027344,-0.0095103122290894,55.87790803838295,50.73317207336426,43.07403256416321,79.67946136338277,1.6114013560380247,23645990000.0,3.298135982034907,0.6272939675742348,2.670842014460672,45.12928574044392,54.58901958465576,64.0487534288676,34.65800967369212,0.8347710907279294,89.41266750106854,92.01523447010736,0.0234963501195295,1
2024-01-29,NVDA,62.35417175292969,62.37812743456279,60.798937371656514,61.12335769472333,348733000,1.4314613342285156,0.0234963501195295,56.49469505881597,50.988984756469726,43.25359967231751,82.06348701434557,1.6091005493857566,23994723000.0,3.40125044037724,0.5843267407332542,2.816923699643985,45.51071011468643,55.23502159118652,64.95933306768661,35.2106732155301,0.8660490605914569,91.49663080962635,91.22704292804708,0.0049465390805647,1
2024-01-30,NVDA,62.6626091003418,63.38033503951524,62.1495212272499,62.78838877955169,410735000,0.3084373474121094,0.0049465390805647,57.08211544372319,51.26629753112793,43.43486865997315,82.53884489657018,1.5820800681628695,24405458000.0,3.467882121317892,0.5207667373391249,2.947115383978767,46.04169768124459,55.89644546508789,65.75119324893119,35.26073152540059,0.8432946120826615,91.92472470717983,90.94467433929158,-0.0198646380659888,0
2024-01-31,NVDA,61.41783905029297,62.158523170614345,60.59230665111332,61.33099160859471,453795000,-1.244770050048828,-0.0198646380659888,57.49504150149174,51.506897048950194,43.60844181060791,74.01370204382968,1.6169530953818418,23951663000.0,3.3812685098422293,0.3473225006907694,3.03394600915146,47.11739319611157,56.56321067810059,66.0090281600896,33.3991559840719,0.7569723785923789,89.85976432023902,91.0937066123484,0.0243794563560795,1
2024-02-01,NVDA,62.9151725769043,63.07888305643791,61.54061686379006,61.98981538927627,369146000,1.497333526611328,0.0243794563560795,58.01124446105485,51.78107627868653,43.788284101486205,77.080358959873,1.6201024461506346,24320809000.0,3.3943212777907803,0.2883002149114562,3.106021062879324,48.47879928106506,57.33473949432373,66.19067970758239,30.892057036852588,0.8150672287864946,89.3116074634459,90.36536549695492,0.04970891905485,1
2024-02-02,NVDA,66.04261779785156,66.48183193924027,63.57699522405565,63.8604917267368,476578000,3.1274452209472656,0.04970891905485,58.776137159797386,52.09562591552734,43.98044544219971,81.88809622515706,1.7591422258781586,24797387000.0,3.615348891070589,0.4074622625530115,3.2078866285175773,49.723495735833225,58.24122848510742,66.75896123438162,29.24983888845072,0.9579498760047916,90.47068710690765,89.88068629686417,0.0479442923786017,1
2024-02-05,NVDA,69.208984375,69.37369252800232,67.08575942583846,68.10394628020288,680078000,3.166366577148437,0.0479442923786017,59.76974165648335,52.4827857208252,44.187121305465695,85.25944014118407,1.8714231190404875,25477465000.0,3.9999057635714976,0.6336153080431357,3.366290455528362,50.56288650468207,59.251183700561526,67.93948089644098,29.326999574515224,1.073058244322092,96.69547135654255,92.15925530896534,-0.0159955067376886,0
2024-02-06,NVDA,68.1019515991211,69.630233381063,66.18236704818828,69.50645284574946,683111000,-1.1070327758789062,-0.0159955067376886,60.56328546054409,52.87231903076172,44.39238855361938,79.67541626350646,1.984026205742932,24794354000.0,4.1673034819727945,0.6408104211555457,3.526493060817249,51.18507292893917,60.04826679229736,68.91146065565556,29.520232096008197,0.9543331067212067,94.65113361374372,93.93909735906465,0.0274979697541826,1
2024-02-07,NVDA,69.97461700439453,70.09540449820057,67.48005062301553,68.19777661316522,495575000,1.8726654052734373,0.0274979697541826,61.459602750434605,53.31807052612304,44.60694428443909,81.84191850577785,2.029121039274511,25289929000.0,4.400351316673991,0.6990866046853932,3.7012647119885975,51.64324425443655,60.89471206665039,70.14617987886425,30.385127043832465,0.9907278024443203,95.57738769049926,95.64133088692851,-0.0065335668484175,0
2024-02-08,NVDA,69.5174331665039,70.66838724943909,69.33176617612584,69.94966354395652,414422000,-0.457183837890625,-0.0065335668484175,62.22701517101263,53.74537582397461,44.81959830284119,79.61078901747575,1.9796567559915643,24875507000.0,4.496321692215865,0.6360455841818138,3.8602761080340513,52.20755686608264,61.65790557861328,71.10825429114392,30.65413469317906,0.915832675966196,92.8021429649258,94.34355475638957,0.0357837522357025,1
2024-02-09,NVDA,72.0050277709961,72.0569298484953,70.08743069197543,70.40786033375117,436637000,2.4875946044921875,0.0357837522357025,63.15825446624915,54.23083740234375,45.04868709564209,82.41920204083007,2.019645322134409,25312144000.0,4.718712619369512,0.6867492090683687,4.031963410301144,52.61627576562631,62.52192058563232,72.42756540563835,31.686949880046903,0.9786718763735164,96.41423014265884,94.9312535993613,0.001594114248351,1
2024-02-12,NVDA,72.11981201171875,74.4786183227707,71.1235816589561,72.47118484090161,613710000,0.1147842407226562,0.001594114248351,64.01173613724626,54.71222640991211,45.27478214263916,82.5387174879125,2.115030417968709,25925854000.0,4.848332600081804,0.6530953518245282,4.195237248257276,53.34886422744253,63.39726486206055,73.44566549667856,31.699792274891585,0.9340266409963752,91.3564794212376,93.52428417627408,-0.0016608680860282,0
2024-02-13,NVDA,72.00003051757812,73.31968365428922,69.4964845401849,70.27509946360114,602580000,-0.119781494140625,-0.0016608680860282,64.77252607823024,55.21856887817383,45.49893102645874,81.9129254434506,2.2370424676926817,25323274000.0,4.88507984355649,0.551874076239371,4.333205767317119,54.02561973591516,64.18316822052002,74.34071670512488,31.651751592273023,0.8847809493061057,88.60854456320006,92.1264180423655,0.0245674876880697,1
2024-02-14,NVDA,73.76889038085938,74.10429279758857,71.81037331243682,73.0721307009838,504917000,1.76885986328125,0.0245674876880697,65.62932267848063,55.7603882598877,45.72931454658508,83.85912664427728,2.2411051117969003,25828191000.0,4.999305623480097,0.5328798849303826,4.466425738549715,54.835096876955376,65.07393531799316,75.31277375903095,31.468324117803007,0.9246065172791668,87.04773185606918,89.00425194683561,-0.0168066392554542,0
2024-02-15,NVDA,72.52908325195312,73.84374789733648,72.27154539670707,73.73794078168315,420122000,-1.23980712890625,-0.0168066392554542,66.28644273309706,56.302464904785154,45.94770592689514,77.55970147637984,2.193326353856366,25408069000.0,4.932924618852454,0.3731991042421905,4.559725514610263,55.824112633649605,65.85010566711426,75.87609870057892,30.450955034599644,0.8330830952378402,87.73611154612642,87.79746265513188,-0.0006193636123036,0
2024-02-16,NVDA,72.48416137695312,74.2699886080868,72.37236058649458,73.9685224984471,495327000,-0.044921875,-0.0006193636123036,66.87670165155954,56.82248046875,46.16936555862426,77.33302626935318,2.172205044408927,24912742000.0,4.821117532675785,0.2091136144524172,4.612003918223368,56.54268446524159,66.50504131317139,76.46739816110119,29.959704260665557,0.8000856200520569,88.84441268313242,87.876085361776,-0.0435321016133222,0
2024-02-20,NVDA,69.32877349853516,71.82832841143384,67.61381946264177,71.81934169951924,704833000,-3.1553878784179688,-0.0435321016133222,67.11023230365247,57.30061065673828,46.37728405952453,63.33171522691584,2.364929106544815,24207909000.0,4.426866024342473,-0.1481103151047165,4.57497633944719,57.49633592529072,66.99407215118408,76.49180837707745,28.353960047271123,0.6229083063491515,78.17074095244541,84.91708839390141,-0.0285088875270013,0
2024-02-21,NVDA,67.35228729248047,68.76577530674938,66.13045996080022,67.88533642606332,673755000,-1.9764862060546875,-0.0285088875270013,67.13328515973132,57.717390060424805,46.57651767730713,56.43873988581857,2.4244565659155377,23534154000.0,3.909862484004691,-0.5320910843539988,4.44195356835869,58.47332134686993,67.37334804534912,76.27337474382831,26.420022031526678,0.4988168151859448,64.4902878309645,77.16848048884744,0.164008854101592,1
2024-02-22,NVDA,78.3986587524414,78.43558804957509,74.08831901858908,74.89189108055353,865100000,11.046371459960938,0.164008854101592,68.20617788284656,58.33692893981934,46.82540459632874,73.68030929624292,3.042945436714044,24399254000.0,4.341437918050261,-0.0804125202467433,4.421850438297004,58.58226559906426,68.23062496185302,77.87898432464179,28.28160922806453,1.0269307147598516,69.19502677648667,70.61868518663219,0.0035522056577403,1
2024-02-23,NVDA,78.6771469116211,82.24779566972408,77.43235796782388,80.64664555528343,829388000,0.2784881591796875,0.0035522056577403,69.20341302844413,58.97958648681641,47.073333768844606,73.96013452751572,3.169552027084484,25228642000.0,4.652307323028495,0.1843655077851931,4.467941815243302,58.943693021804194,69.08909893035889,79.23450483891358,29.36904972166784,0.9725315116853768,74.17225218307706,69.28585559684274,0.0034893042540846,1
2024-02-26,NVDA,78.95167541503906,80.50291911362528,78.36571128314377,79.5585907729136,503973000,0.2745285034179687,0.0034893042540846,70.1318189700246,59.6071711730957,47.32552965164184,74.25076146924945,3.0958131558985578,25732615000.0,4.864747936055863,0.3174448966500494,4.547303039405814,59.7048810384273,69.99054718017578,80.27621332192426,29.391586596030518,0.93561243926103,85.7155324488573,76.36093713614034,-0.0049437813975052,0
2024-02-27,NVDA,78.56135559082031,79.33898034064636,77.0250924240117,79.24014935736925,391705000,-0.39031982421875,-0.0049437813975052,70.93463198152895,60.21834480285644,47.57420714378357,73.00321431922083,3.039961353093993,25340910000.0,4.944614664717335,0.3178493002492164,4.626765364468119,60.49570839584567,70.80090637207032,81.10610434829496,29.110356079537038,0.8765308166157653,78.17420678313749,79.35399713835729,-0.0131892241711674,0
2024-02-28,NVDA,77.52519226074219,78.79293534780788,76.98814490868608,77.48226929356848,393110000,-1.036163330078125,-0.0131892241711674,71.56230438907306,60.803564376831055,47.81923567771912,69.65729875001809,2.951734859238837,24947800000.0,4.868182523637131,0.1931337273352094,4.675048796301922,61.55479285643884,71.54403553009033,81.53327820374182,27.924739217289936,0.7993798892496771,75.79177279677027,79.89383734292169,0.0186576983327662,1
2024-02-29,NVDA,78.97163391113281,79.84807446200602,78.2109848648127,78.95366810218512,507289000,1.446441650390625,0.0186576983327662,72.26795481974541,61.4069319152832,48.07268401145935,71.61319954813732,2.9068168122406237,25455089000.0,4.868207587224973,0.1545270327384411,4.7136805544865314,63.08205265759294,72.42172527313232,81.76139788867171,25.792460978568545,0.8506497983185579,75.8330502892256,76.59967662304446,0.0400317071733373,1
2024-03-01,NVDA,82.13300323486328,82.15396968894088,79.29404786978826,79.85804776923267,479135000,3.1613693237304688,0.0400317071733373,73.20748324023283,62.0498291015625,48.338880443573,75.3527549006111,2.9264967383525837,25934224000.0,5.064938080678559,0.2810060209536216,4.783932059724937,64.19985526549985,73.38261680603027,82.56537834656069,25.02707573049049,0.976457239481336,83.21981219691365,78.28154509430317,0.0359508485428743,1
2024-03-04,NVDA,85.08575439453125,87.5393930852347,83.57045019844777,83.98071640863849,615616000,2.9527511596679688,0.0359508485428743,74.33874715968983,62.76122451782226,48.61854330062866,78.23656853364005,3.1036319606396434,26549840000.0,5.396898667139311,0.4903732859314988,4.906525381207812,64.46997420602733,74.33477363586425,84.19957306570117,26.541546970091147,1.0449163378907504,89.16666982724773,82.73984410446232,0.0085765703402687,1
2024-03-05,NVDA,85.81549835205078,85.94827183043155,83.27290109267872,85.12269695886387,520639000,0.7297439575195312,0.0085765703402687,75.43177108277183,63.51702178955078,48.8970397567749,78.89382766550506,3.073041873290585,27070479000.0,5.653691822178345,0.597733152776426,5.055958669401919,64.41041804615116,75.1650993347168,85.91978062328243,28.616156657158378,0.9951517730542826,93.25824387351474,88.54824196589203,0.0318273216175413,1
2024-03-06,NVDA,88.5467758178711,89.56900902315816,86.87966241798968,87.86995321567885,582520000,2.7312774658203125,0.0318273216175413,76.68081915278128,64.30989570617676,49.18170794487,81.18422751813111,3.1216467874203566,27652999000.0,6.008333187961796,0.7618996148479003,5.246433573113896,64.46900008472474,76.1873405456543,87.90568100658385,30.761909726741248,1.0273543345759897,92.04187602877732,91.4889299098466,0.0447462403723315,1
2024-03-07,NVDA,92.5089111328125,92.60674140930558,89.44720809741612,90.00224735235656,608119000,3.9621353149414062,0.0447462403723315,78.18825648421281,65.18520668029785,49.4882525920868,83.91169876945237,3.188669559135652,28261118000.0,6.533782850802126,1.029879422150584,5.503903428651542,63.97986215440741,77.31405525207519,90.64824834974296,34.49358089985811,1.0697703554103686,95.73898123900112,93.67970038043104,-0.0554770147248799,0
2024-03-08,NVDA,87.37679290771484,97.23174040772028,86.35655527181379,94.97364703765751,1142269000,-5.132118225097656,-0.0554770147248799,79.063355191213,65.94891136169434,49.76957573890686,69.79820826953079,3.737706386047854,27118849000.0,6.461601128794001,0.7661581601139673,5.695442968680034,64.69016661866242,78.20702323913574,91.72387985960906,34.566861288512314,0.839197563680971,87.8608452711311,91.88056751296983,-0.0200392031504321,0
2024-03-11,NVDA,85.6258316040039,88.6436045203793,84.0206076407832,86.27969890435133,678364000,-1.7509613037109375,-0.0200392031504321,79.68835294481214,66.67484169006347,50.04457908630371,65.73584505015388,3.800941421301301,26440485000.0,6.191734192693389,0.3970329792106835,5.794701213482705,65.31732491435221,78.88806343078613,92.45880194722004,34.405049195663054,0.7482461866411492,76.87579019873448,86.82520556962224,0.0715718021742382,1
2024-03-12,NVDA,91.75422668457033,91.80114256968416,86.0011815049168,87.8969031445505,668075000,6.128395080566406,0.0715718021742382,80.83748377717006,67.52124359130859,50.35097286224365,71.90025771794235,3.970539245899796,27108560000.0,6.39861373131852,0.4831300142686512,5.915483717049868,65.57798135980563,79.86978416442871,94.16158696905178,35.787758672792705,0.915778285028438,69.10972667921375,77.94878738302644,-0.0111519564026172,0
2024-03-13,NVDA,90.73098754882812,91.345920701362,88.28222228746216,90.8976988663388,635713000,-1.0232391357421875,-0.0111519564026172,81.77972223161369,68.34718070983887,50.61511661529541,69.64720958289853,3.93492961384325,26472847000.0,6.406154250964818,0.3925364271319589,6.013617823832859,66.24770285002229,80.80633201599122,95.36496118196014,36.03338699518704,0.8408513061118413,68.96772331676594,71.65108006490472,-0.0323914851737578,0
2024-03-14,NVDA,87.79207611083984,90.48941185201532,86.45039611721776,89.42225831640668,602318000,-2.938911437988281,-0.0323914851737578,82.35232736296855,69.14137153625488,50.85974571228027,63.49315981221957,3.9596197436837577,25870529000.0,6.1046143809796405,0.0727972457174246,6.031817135262216,67.02156043940137,81.50749130249024,95.9934221655791,35.54502937485524,0.7169202955525334,65.86309809130404,67.98018269576124,-0.0012167288616932,0
2024-03-15,NVDA,87.68525695800781,89.39130424407391,86.10799224334774,86.77982614282709,642086000,-0.1068191528320312,-0.0012167288616932,82.86022541963897,69.94538475036622,51.09802764892578,63.27431711262879,3.911312047758216,25228443000.0,5.790275754059024,-0.1932331049625535,5.983508859021578,68.15659018035069,82.26529998779297,96.37400979523524,34.300512632995485,0.6920784056156516,58.032981168948,64.28793419233932,0.0070357977085693,1
2024-03-18,NVDA,88.30219268798828,92.24536587684682,86.9345566695886,90.23185202169164,668976000,0.6169357299804688,0.0070357977085693,83.37850801662461,70.75317184448242,51.35075592041016,64.0451115046273,4.0112761305796445,25897419000.0,5.527227249842639,-0.3650252873431512,5.89225253718579,69.46545942957196,83.05620155334472,96.64694367711748,32.72661612160001,0.6929987003972115,54.03370007787285,59.30992644604162,0.0106609284906744,1
2024-03-19,NVDA,89.24357604980469,90.38759254394184,84.86315541638959,86.5502309225731,672171000,0.9413833618164062,0.0106609284906744,83.93708592454652,71.55784576416016,51.59853097915649,65.24381572886442,4.119359058934831,26569590000.0,5.33324288081694,-0.4472077250950805,5.78045060591202,71.77551947001041,84.0519416809082,96.328363891806,29.211513655457395,0.7114473695881797,55.57812714989186,55.88160279890423,0.0108950466832868,1
2024-03-20,NVDA,90.21588897705078,90.253825344818,88.07059918494765,89.64187768825083,479063000,0.9723129272460938,0.0108950466832868,84.53506716764217,72.31895774841308,51.8533780670166,66.48660291531289,3.981063851858797,27048653000.0,5.198046553060692,-0.4659232422810628,5.663969795341755,75.33072835268322,85.19512176513672,95.0595151775902,23.15717897474776,0.7544894045677202,58.26002786145722,55.95728502974064,0.0117622514149737,1
2024-03-21,NVDA,91.27703094482422,92.4879403765992,90.24881163098036,92.14054202127372,480372000,1.0611419677734375,0.0117622514149737,85.17715895594523,73.08358413696288,52.114309272766114,67.83822954095073,3.858991533836627,27529025000.0,5.117536008195856,-0.4371470297167201,5.554683037912576,76.15362481063023,85.83904037475585,95.52445593888147,22.566458156664048,0.7807308852193424,58.74383589615658,57.52733030250189,0.0312134968446229,1
2024-03-22,NVDA,94.12610626220705,94.61425987373234,90.67707334814835,90.983542177901,586719000,2.8490753173828125,0.0312134968446229,86.02943965177968,73.8810350036621,52.39206554412842,71.19707486019155,3.864576890390009,28115744000.0,5.223415110805831,-0.2650143416853963,5.488429452491228,76.86997306955786,86.61148834228516,96.35300361501244,22.4947416542,0.8857006692254579,65.32669591329964,60.77685322363781,0.0075619481317503,1
2024-03-25,NVDA,94.83788299560548,96.59883562555476,93.34846365413703,93.77871885813296,552136000,0.7117767333984375,0.0075619481317503,86.86833901785833,74.68329811096191,52.67924428939819,71.98425966192191,3.820705110463417,28667880000.0,5.303622635904631,-0.1478454532692774,5.4514680891739085,77.7014919002054,87.40579872131347,97.11010554242156,22.20517851921815,0.8829271070720005,72.32414244425495,65.46489141790373,-0.0256941926574528,0
2024-03-26,NVDA,92.4011001586914,96.20851455285562,92.34220396856466,95.68541767838448,513648000,-2.4367828369140625,-0.0256941926574528,87.39526865031863,75.43906158447265,52.94907415390015,65.39492074781367,3.8239626443082417,28154232000.0,5.111635910619611,-0.2718657428434383,5.38350165346305,79.06429504012429,88.09778594970703,97.13127685928976,20.507872728469582,0.7381866684793701,74.35552171734703,70.66878669163387,-0.024967309176789,0
2024-03-27,NVDA,90.0940933227539,93.0789259717654,88.96904130951937,92.95114873658731,586067000,-2.3070068359375,-0.024967309176789,87.65229957150294,76.11530418395996,53.20607151031494,59.81261251520464,3.844385645589513,27568165000.0,4.7189319661691655,-0.5316557498351075,5.250587716004273,81.07997136573042,88.72623100280762,96.37249063988484,17.23562367218157,0.5894464996528126,63.76252009201024,70.14739475120408,0.0011745465018371,1
2024-03-28,NVDA,90.19991302490234,91.1422825108375,89.03892009399118,89.8445252112995,435212000,0.1058197021484375,0.0011745465018371,87.89492942420765,76.80023147583007,53.460044898986816,59.98135889683325,3.720026843536428,28003377000.0,4.365922390874587,-0.7077322601037492,5.0736546509783365,83.07407442495453,89.28764495849609,95.50121549203764,13.918097036672506,0.5734093273329505,52.84485201913813,63.6542979428318,7.747818325154476e-05,1
2024-04-01,NVDA,90.20690155029295,92.06568455405532,89.0499070749777,90.14301673764524,452441000,0.006988525390625,7.747818325154476e-05,88.11511724573958,77.46425598144532,53.70636823654175,59.99330650716378,3.669723317503655,28455818000.0,4.040151325180659,-0.8268026606381422,4.866953985818801,84.41044910349606,89.69133987426758,94.9722306450391,11.775698251747508,0.5488138931862496,46.877886748073,54.49508628640712,-0.0100817018574462,0
2024-04-02,NVDA,89.2974624633789,89.93835161134503,87.46862677190417,88.29519159294945,433064000,-0.9094390869140624,-0.0100817018574462,88.22772155218142,78.06249626159668,53.93828851699829,57.5839933976528,3.603191278995451,28022754000.0,3.66632812631984,-0.9605006875991692,4.626828813919009,85.05433135443442,89.90192527770996,94.7495192009855,10.78418267084084,0.4376533158616327,44.14866994689592,47.95713623803567,-0.0054552148222586,0
2024-04-03,NVDA,88.8103256225586,90.21789372586332,88.24730447420946,88.33115901188768,370067000,-0.4871368408203125,-0.0054552148222586,88.28320765412211,78.64773963928222,54.16948976516724,56.28020192894103,3.486576848471052,27652687000.0,3.292805266676041,-1.0672188377943748,4.360024104470416,85.54522481881592,90.05166664123536,94.5581084636548,10.008569503489673,0.362270382311259,38.984314337237294,43.3369570107354,-0.0343848102670776,0
2024-04-04,NVDA,85.75659942626953,90.47743406262694,85.73164109008061,90.2498234806904,434965000,-3.0537261962890625,-0.0343848102670776,88.04257829908853,79.16753623962403,54.385227813720704,48.81825121712376,3.576520857333572,27217722000.0,2.7190322154941526,-1.3127935111810105,4.031825726675163,85.0679088340356,89.91215782165527,94.75640680927494,10.77551491363036,0.071083319003007,26.34393887623392,36.49230772012237,0.0244805093534516,1
2024-04-05,NVDA,87.85596466064453,88.32814710111496,85.77756069682601,86.71593161708087,399678000,2.099365234375,0.0244805093534516,88.02480557161768,79.69959312438965,54.605893516540526,53.39322271374164,3.504737058584419,27617400000.0,2.4059795335155343,-1.3006769545277033,3.7066564880432376,84.91010700739925,89.67951049804688,94.44891398869451,10.636551123350536,0.3088287307859193,22.24959360596257,29.19261560647793,-0.0099422888731207,0
2024-04-08,NVDA,86.98247528076172,88.67654220104028,86.58216705957724,88.54676191015398,283220000,-0.8734893798828125,-0.0099422888731207,87.92553602010759,80.2090892791748,54.82599935531616,51.33705500409094,3.403996921647177,27334180000.0,2.06361170355855,-1.3144358275877503,3.3780475311463003,84.84939412139917,89.65979461669922,94.47019511199926,10.730340206253612,0.2217155475356629,17.057875389324437,21.883802623840307,-0.0204172154870723,0
2024-04-09,NVDA,85.20653533935547,87.48360044285332,82.87857107978263,87.29093308519522,501700000,-1.77593994140625,-0.0204172154870723,87.66658357432168,80.69476577758789,55.037325325012205,47.3449547888519,3.489784953177428,26832480000.0,1.6301874345791134,-1.3982880772537496,3.028475511832863,84.75519110345036,89.63882980346679,94.52246850348322,10.896257148210916,0.04620983078699,20.175970551855325,19.82781318238077,0.0197415140912255,1
2024-04-10,NVDA,86.88864135742188,87.24901778988773,83.56439211342133,83.78102010903869,431929000,1.6821060180664062,0.0197415140912255,87.59249383937885,81.18545516967774,55.26113386154175,51.214591567613525,3.5037021476980685,27264409000.0,1.4062174767392293,-1.297806428074907,2.7040239048141363,84.47305988182359,89.39555053710937,94.31804119239516,11.01283145684614,0.2453617126732814,21.41782314065084,19.5505563606102,0.0410964653636403,1
2024-04-11,NVDA,90.45945739746094,90.58224601063488,86.77583708331596,87.2689793680449,431637000,3.5708160400390625,0.0410964653636403,87.86553798776762,81.74139213562012,55.51066614151001,58.23194374668563,3.525324060528129,27696046000.0,1.499568590152819,-0.963564251729054,2.463132841881873,84.47281135916718,89.38197402954101,94.29113669991484,10.98468169600134,0.6097420721483114,33.81596812135197,25.136587271286043,-0.0268164789837849,0
2024-04-12,NVDA,88.03365325927734,90.01922323878227,87.37878828439109,89.54403999734934,426805000,-2.4258041381835938,-0.0268164789837849,87.88154896600665,82.2737084197998,55.74186149597168,52.687432112657405,3.4935629928525374,27269241000.0,1.3621063849077617,-0.8808211655792895,2.242927550487051,84.49942999745116,89.3940528869629,94.28867577647463,10.950667816126192,0.3610312113522949,40.68444093271878,31.972744064907197,-0.0247770403493551,0
2024-04-15,NVDA,85.8524398803711,90.45647254670295,85.78056565576352,88.94409019243535,443077000,-2.18121337890625,-0.0247770403493551,87.6883004816604,82.73245376586914,55.96593843460083,48.23974601684037,3.5780161284301726,26826164000.0,1.0648855684080587,-0.9424335856631938,2.0073191540712525,84.21828488297349,89.30241203308105,94.38653918318862,11.386315407078156,0.1607114603106482,38.37855229543403,37.62632044983492,0.016441699974522,1
2024-04-16,NVDA,87.26399993896484,87.96578088273147,85.91533573267348,86.28369399477991,370453000,1.41156005859375,0.016441699974522,87.64789090616559,83.1568814086914,56.19854532241821,51.11570284912441,3.473396476568044,27196617000.0,0.9324878898598428,-0.859865011369128,1.7923529012289707,84.10574706014036,89.25050239562988,94.3952577311194,11.528798600334673,0.3069390741517136,34.29178450895325,37.784925912368685,-0.0386662128524487,0
2024-04-17,NVDA,83.88983154296875,88.62164096734257,83.80497167986917,88.18738725935935,495400000,-3.3741683959960938,-0.0386662128524487,87.28998049062302,83.45049835205079,56.40689569473267,44.71933570858862,3.569344534489855,26701217000.0,0.5489664418595765,-0.9947091674955152,1.5436756093550918,83.3322195854967,88.98281517028809,94.63341075507948,12.700419904624818,0.0493409897332649,25.436657472759588,32.70233142571561,0.0075682035954718,1
2024-04-18,NVDA,84.52472686767578,86.0411075798554,82.25964941091485,84.82321393436638,447260000,0.6348953247070312,0.0075682035954718,87.02662300272328,83.77895385742187,56.61786668777466,46.0864260903575,3.584495508379191,27148477000.0,0.2928775675698034,-1.0006384334282308,1.2935160009980342,82.75888392773618,88.69825706481933,94.63763020190248,13.392310815629102,0.1486556661101456,25.69969824022591,28.476046740646243,-0.1000459886314658,0
2024-04-19,NVDA,76.06836700439453,84.17833393456459,75.47539894537725,83.00636595540483,875198000,-8.45635986328125,-0.1000459886314658,85.98297957431103,83.90082885742187,56.78703491210938,34.01906397431134,3.974840680802002,26273279000.0,-0.5856809135465681,-1.503357531635682,0.9176766180891138,79.96688111829701,87.93782386779785,95.90876661729868,18.1285876745916,-0.2445453590885855,12.6771169795176,21.27115756416769,0.0435432443104526,1
2024-04-22,NVDA,79.38063049316406,79.93467203595871,76.26802061217705,77.96907171420484,596341000,3.3122634887695312,0.0435432443104526,85.3541844237256,84.09809280395508,56.97383235931397,40.58179965024062,3.967088134427872,26869620000.0,-1.0031096342510182,-1.5366290018721056,0.5335193676210874,78.93327836185328,87.2005500793457,95.46782179683812,18.96151276561867,0.0270556083432121,17.62490328591204,18.667239501885177,0.0365326686003026,1
2024-04-23,NVDA,82.2806167602539,82.62601974052421,80.1253496885507,80.62947459576492,438559000,2.899986267089844,0.0365326686003026,85.06146369387115,84.30360458374024,57.17313365936279,45.6764065356823,3.915538213923034,27308179000.0,-1.087385543590642,-1.2967239289693837,0.2093383853787415,78.8301865088826,86.57268676757812,94.31518702627363,17.886704335472047,0.2228240320364317,24.94104687067382,18.41435571203448,-0.033315854844161,0
2024-04-24,NVDA,79.53936767578125,83.93675724779338,79.04621772256601,83.80498148732187,512208000,-2.741249084472656,-0.033315854844161,84.5355497873864,84.45199569702149,57.36034055709839,42.00968560632955,3.985181164730487,26795971000.0,-1.3596969602837277,-1.2552282765299754,-0.1044686837537522,78.09432710484963,85.92960014343262,93.76487318201562,18.23649365411792,0.0922137980269388,32.59982714956084,25.055259102048893,0.0370871710816598,1
2024-04-25,NVDA,82.4892578125,83.1790583894206,78.08787011237102,78.73175253009703,424641000,2.94989013671875,0.0370871710816598,84.34066483739723,84.66178024291992,57.561174125671386,46.94541015513385,4.064181672753279,27220612000.0,-1.3222323674670236,-0.974210946970617,-0.3480214204964065,77.82201996841624,85.54935836791992,93.2766967674236,18.065216494718555,0.3019951762681657,39.45902882128731,32.33330094717399,0.0617559215511016,1
2024-04-26,NVDA,87.58345794677734,88.178429159811,83.24296857442113,83.67322387424187,551011000,5.094200134277344,0.0617559215511016,84.6495022763858,84.93807159423828,57.780008220672606,54.19571697532878,4.180252363793117,27771623000.0,-0.8714366516430232,-0.4187321849172933,-0.4527044667257299,77.92552014195498,85.41853561401368,92.91155108607238,17.544237718890148,0.6444626893429365,51.15977432566368,41.07287676550394,0.0002505283438936,1
2024-04-29,NVDA,87.60540008544922,87.83998710672722,85.11869845127212,87.44367738781547,388971000,0.021942138671875,0.0002505283438936,84.93101635343946,85.2395979309082,57.98859716415405,54.22473393707601,4.076040670340401,28160594000.0,-0.5065678529507522,-0.0430907089800178,-0.4634771439707343,78.04633458625116,85.28846054077148,92.5305864952918,16.98266309088385,0.6599626656059173,68.95751503406524,53.192106060338745,-0.015440298224751,0
2024-04-30,NVDA,86.25274658203125,88.66557118869024,86.15092540038592,87.08929643239856,363709000,-1.3526535034179688,-0.015440298224751,85.05689542282914,85.51496963500976,58.192957916259765,52.03624629816388,3.964512464480681,27796885000.0,-0.3228331151830161,0.1125152230301745,-0.4353483382131907,78.11288966827198,85.1362247467041,92.15955982513624,16.499052193887707,0.5794865845683386,77.26167175910074,65.79298703960988,-0.0388997392378102,0
2024-05-01,NVDA,82.89753723144531,85.85142484392729,81.11461964994571,84.93002290842145,559863000,-3.355209350585937,-0.0388997392378102,84.85124226174497,85.78634490966797,58.37559230804443,46.97211950850685,4.0483420693096,27237022000.0,-0.4428544156660479,-0.0060048619622856,-0.4368495537037622,77.96452789084393,84.84058532714843,91.71664276345294,16.20935878693004,0.3587091430152888,67.05965717484031,71.09294798933543,0.0334293370991205,1
2024-05-02,NVDA,85.66874694824219,86.08801954331209,83.05626359727954,84.30310641773906,377898000,2.771209716796875,0.0334293370991205,84.92909985093519,86.15267410278321,58.56692781448364,51.196688030561226,3.987066372349398,27614920000.0,-0.310776261534599,0.1008586337353306,-0.4116348952699296,77.96236970181967,84.83619270324706,91.71001570467446,16.20493042508803,0.5605597674556239,62.97525100907419,69.09885998100508,0.0346318306878381,1
2024-05-03,NVDA,88.63561248779297,89.12675929539812,86.8896334546632,87.6373400551101,398341000,2.966865539550781,0.0346318306878381,85.28210105444545,86.35741317749023,58.77517854690552,55.3022871843037,3.949276799121293,28013261000.0,0.0329184180657193,0.3556426506685192,-0.3227242326027998,77.92487454336849,84.87517509460449,91.82547564584048,16.37769947099132,0.770523365534153,71.32905088815174,67.12131969068875,0.0377412052543859,1
2024-05-06,NVDA,91.98082733154295,92.06069095925292,88.90115758999175,89.23557796278553,376203000,3.34521484375,0.0377412052543859,85.92007498559758,86.62348678588867,59.0079252243042,59.44497976175752,3.911834061431197,28389464000.0,0.5686744831449886,0.7131189725982308,-0.1444444894532421,77.55761237356015,85.12509269714356,92.69257302072695,17.77967009212395,0.9529734033819748,87.98739533277615,74.09723241000069,-0.0172129304383478,0
2024-05-07,NVDA,90.39756774902344,91.62244547206085,88.85723403089521,90.94062670307744,437342000,-1.5832595825195312,-0.0172129304383478,86.3465028678286,86.85240463256837,59.238798828125,56.76347145719214,3.855531149946665,27952122000.0,0.8556458553776594,0.8000722758647212,0.0555735795129381,77.47542423428214,85.38464431762695,93.29386440097176,18.526094818461434,0.8169037767676155,95.29766043592718,84.87136888561835,-0.0015681190757719,0
2024-05-08,NVDA,90.2558135986328,91.03646035901208,89.26552291616532,89.32841761603471,325721000,-0.141754150390625,-0.0015681190757719,86.71881817552425,87.0862937927246,59.4674515914917,56.51765190987627,3.706631599439528,27626401000.0,1.059422002760968,0.8030787385984239,0.2563432641625441,77.38381444786963,85.5530029296875,93.72219141150536,19.097374030299765,0.7878383011612686,92.86945687461862,92.05150421444064,-0.0184157071718451,0
2024-05-09,NVDA,88.59368896484375,90.91466942223298,88.07858152551931,90.37260819958134,378013000,-1.6621246337890625,-0.0184157071718451,86.89737729831658,87.30766372680664,59.68246910095215,53.58728688339723,3.6444499063876807,27248388000.0,1.0744113553913903,0.6544544729830771,0.4199568824083134,77.4762738489776,85.45971450805663,93.44315516713569,18.683518205122027,0.6962796863294183,85.71222290510143,91.29311340521576,0.012744063288183,1
2024-05-10,NVDA,89.72273254394531,91.24310415488776,89.07285618291228,90.1489968437566,335325000,1.1290435791015625,0.012744063288183,87.16645875028124,87.5226856994629,59.90426464080811,55.283337452599234,3.57337599807742,27583713000.0,1.1639773005954908,0.5952163345497419,0.5687609660457489,77.4191191010805,85.54416847229004,93.66921784349958,18.99615021412349,0.7571408419043999,83.47739390357104,87.35302456109703,0.0057968707510065,1
2024-05-13,NVDA,90.24284362792967,90.84080791917694,88.37607119051684,90.32170192056742,289680000,0.520111083984375,0.0057968707510065,87.45944778624776,87.68488250732422,60.12642505645752,56.079567451848376,3.4941874788333256,27873393000.0,1.2623756939866695,0.5548917823527364,0.7074839116339331,77.38394079798597,85.76368865966796,94.14343652134995,19.541481931671463,0.7672607244391876,82.76823272995223,83.98594984620824,0.0105863813173647,1
2024-05-14,NVDA,91.19818878173828,91.4926773525484,88.78036800318161,89.44422015487879,296507000,0.9553451538085938,0.0105863813173647,87.81551835724687,87.80713119506837,60.349120502471926,57.57391292474575,3.4383390410142884,28169900000.0,1.4012922743663552,0.5550466901859377,0.8462455841804175,77.27006051715223,85.96039810180665,94.65073568646106,20.219398179989973,0.8013571468834904,88.02840653022635,84.7580110545832,0.0358377848081516,1
2024-05-15,NVDA,94.4665298461914,94.6981313350878,91.44076747625896,92.31226052004403,417735000,3.268341064453125,0.0358377848081516,88.44894802286063,87.98015182495118,60.588262424468994,62.29976583601172,3.4427392918953768,28587635000.0,1.754883272405209,0.7269101505798332,1.0279731218253758,77.10751099268387,86.48923301696777,95.87095504125168,21.694543232782195,0.925150990861538,93.03746221357868,87.94470049125242,-0.0028636922699449,0
2024-05-16,NVDA,94.19600677490234,95.65348387790416,93.94044465961883,94.74605748352668,323952000,-0.2705230712890625,-0.0028636922699449,88.99628695162652,88.0931364440918,60.82715959548951,61.68726824908872,3.3191892866375143,28263683000.0,1.9903343988296167,0.7698890216033929,1.2204453772262245,77.0637916606517,86.9727970123291,96.88180236400648,22.78644746879352,0.8644770340824625,94.0325234289482,91.69946405758442,-0.0199240932157147,0
2024-05-17,NVDA,92.3192367553711,94.57633241179128,91.64740285082289,94.2059787452818,359691000,-1.87677001953125,-0.0199240932157147,89.31275836150695,88.08934295654296,61.06784111022949,57.4662044843038,3.291313591946864,27903992000.0,2.002408933372422,0.6255708449169581,1.3768380884554638,78.9828951459694,87.78534049987793,96.58778585378649,20.05447675838491,0.7575361773464451,88.44564797689158,91.83854453980616,0.0248815190355875,1
2024-05-20,NVDA,94.61627960205078,95.0355522829654,93.27859792021394,93.5880600014296,318764000,2.2970428466796875,0.0248815190355875,89.81785562251113,88.23413269042969,61.318780269622806,60.98504963226689,3.250242301635967,28222756000.0,2.1722894489644773,0.6363610884072106,1.535928360557267,80.15866004993951,88.54712295532227,96.93558586070502,18.946889803783403,0.8617561831759444,86.63598382469904,89.70471841017961,0.0063935582219796,1
2024-05-21,NVDA,95.2212142944336,95.23519004733342,93.01902406434208,93.43729892728764,328946000,0.6049346923828125,0.0063935582219796,90.33246121031328,88.42604034423829,61.57192071914673,61.87948478048367,3.176379707447065,28551702000.0,2.3288881822370517,0.6343678573438276,1.6945203248932237,80.84270994283177,89.19415283203125,97.54559572123073,18.7264358122819,0.8608395305077675,88.83372686173944,87.97178622111001,-0.004570928147035,0
2024-05-22,NVDA,94.78596496582033,95.85411617010452,93.0879071432018,95.29408831779948,548648000,-0.4352493286132812,-0.004570928147035,90.75660442512348,88.48667510986328,61.81920705795288,60.79946463792085,3.147081801693897,28003054000.0,2.3903187170514,0.556638713726541,1.8336800033248597,82.53807934085327,89.9564826965332,97.37488605221311,16.493315730686795,0.8255068535461476,92.50638372671294,89.32536480438381,0.0931966310430651,1
2024-05-23,NVDA,103.61969757080078,106.1363388077003,101.34462744914428,101.85175314144692,835065000,8.833732604980469,0.0931966310430651,91.981660915188,88.74444931030274,62.11441974639892,71.62432296776447,3.733031233135761,28838119000.0,3.115893176154529,1.0257705382637354,2.0901226378907936,82.25215129279125,91.01300468444823,99.77385807610524,19.251871580400632,1.2194900041563277,90.2388472150962,90.52631926784952,0.025722738511495,1
2024-05-24,NVDA,106.28507995605467,106.29106630104066,102.82207077625,104.26856517672162,429494000,2.6653823852539062,0.025722738511495,93.34389130003244,89.11430938720703,62.433488864898685,73.96078174127857,3.71417153968254,29267613000.0,3.861477536085715,1.417083918555937,2.4443936175297782,81.10604059281492,91.94808578491212,102.7901309770093,23.582970976599224,1.1611757245576173,91.37171339757458,91.37231477979458,0.0698041877545312,1
2024-05-28,NVDA,113.7042236328125,114.74043237669932,109.69316745366343,110.05354384473526,652728000,7.419143676757812,0.0698041877545312,95.28297056982102,89.63468872070312,62.79048202514648,79.11559501315855,4.05282731689412,29920341000.0,4.993459905846279,2.039253030653201,2.9542068751930786,79.05328819579522,93.25302696228027,107.45276572876531,30.45421522290891,1.2201258067790015,94.04800821340316,91.88618960869132,0.0081124223669166,1
2024-05-29,NVDA,114.62664031982422,115.29248791517858,110.70942292973874,112.85471267036031,557442000,0.9224166870117188,0.0081124223669166,97.12522483172609,90.16117767333984,63.15973741531372,79.65486182427779,4.090701436075958,30477783000.0,5.89701825142204,2.3542491009831688,3.542769150438871,78.08415741902694,94.67172164916992,111.25928587931293,35.0422786048244,1.101502378341726,97.8779758998678,94.43256583694853,-0.0376660064270364,0
2024-05-30,NVDA,110.30911254882812,115.61892428256706,109.47356046717066,114.4519449958506,484553000,-4.317527770996094,-0.0376660064270364,98.3808331857358,90.58248840332033,63.492943363189696,70.4811098794921,4.237463034598847,29993230000.0,6.193313677176334,2.12043562138997,4.072878055786364,79.04781137992717,96.04230041503908,113.03678945015096,35.38959179792983,0.9197481932028893,91.39204588641336,94.43934333322812,-0.0078461460146864,0
2024-05-31,NVDA,109.44361114501952,112.52228313915188,106.75526253688238,112.32561724375552,613263000,-0.8655014038085938,-0.0078461460146864,99.43443108661998,90.96704284667967,63.82088859558105,68.77125606718226,4.346717146575322,29379967000.0,6.285832047737827,1.7703631935611703,4.515468854176657,79.98119958386162,97.23104362487793,114.48088766589424,35.48217400106706,0.8539906648171087,85.13165921619641,91.46722700082586,0.0489540845366742,1
2024-06-03,NVDA,114.80132293701172,114.80132293701172,111.80949898893368,113.42470752761052,438392000,5.357711791992188,0.0489540845366742,100.89794459618108,91.43752868652344,64.17788795471192,73.11868948020482,4.418931049819383,29818359000.0,6.714080349416577,1.7588891961919355,4.955191153224641,80.16333036792369,98.53932914733886,116.91532792675405,37.2967807644374,0.9424791812646824,84.93177575014165,87.15182695091714,0.0124957807874255,1
2024-06-04,NVDA,116.23585510253906,116.39857553569502,113.8479889155611,115.51610755402032,403324000,1.4345321655273438,0.0124957807874255,102.358697977739,91.87972366333008,64.54276861190796,74.15610333620053,4.285477876270421,30221683000.0,7.087524401264886,1.7058665984321966,5.38165780283269,80.10965491219329,99.75208053588868,119.39450615958404,39.38248810084407,0.9195962067629116,91.21133489345124,87.09158995326311,0.0515557129097712,1
2024-06-05,NVDA,122.22847747802734,122.23745699449589,117.26506688652525,118.16650675945408,528402000,5.992622375488281,0.0515557129097712,104.2510579301474,92.42753555297853,64.93783695220947,77.97928044297467,4.408058163105163,30750085000.0,7.777383213706173,1.916580328698786,5.860802885007387,79.91399424190838,101.34362602233888,122.77325780276936,42.29103027299776,0.9872890880645112,98.75743166225584,91.6335141019496,-0.0117770531194862,0
2024-06-06,NVDA,120.78898620605467,125.37005594832782,118.1156108470622,123.83371299207867,664696000,-1.4394912719726562,-0.0117770531194862,105.82609871832904,92.99529327392578,65.3074034690857,75.10510874738041,4.61137151583091,30085389000.0,8.114408526957732,1.802884513560276,6.311524013397456,80.48853178086544,102.87028465270996,125.25203752455448,43.51451528962966,0.9002971004090983,95.24470544028406,95.07115733199709,-0.000909294523629,0
2024-06-07,NVDA,120.6791534423828,121.48176529877196,117.81810744708676,119.56308106926969,412386000,-0.109832763671875,-0.000909294523629,107.24067535871512,93.60699447631836,65.68290323257446,74.87833268545057,4.543677682677645,29673003000.0,8.277226218278358,1.5725617639047211,6.704664454373637,81.81810149136368,104.47455787658691,127.13101426181017,43.37219863995351,0.8576154030946493,90.62869649270868,94.87694453174952,0.007461534444606,1
2024-06-10,NVDA,121.57960510253906,122.88733960177424,116.80786391189228,120.16206002224595,313434100,0.90045166015625,0.007461534444606,108.6062877152698,94.2345883178711,66.05567924499512,75.53065648348432,4.6533775403350965,29986437100.0,8.382293473903545,1.3421032156239263,7.040190258279618,83.30428065884091,106.0674015045166,128.83052235019227,42.92199209708437,0.8407310382260114,86.73293780508557,90.86877991269276,-0.0071439678577923,0
2024-06-11,NVDA,120.71104431152344,122.66781818606157,118.5446092925346,121.56962216023484,222551200,-0.868560791015625,-0.0071439678577923,109.75912167681776,94.8446711730957,66.42387798309326,73.54683205372308,4.615508351277374,29763885900.0,8.299799511661007,1.0076874027051108,7.292112108955896,85.19258646080611,107.59081153869629,129.98903661658647,41.63594410631321,0.7928855462252328,86.45039994146481,87.93734474641968,0.0354808967200903,1
2024-06-12,NVDA,124.99398040771484,126.6712162731191,122.36831081363356,122.85750238613136,299595000,4.282936096191406,0.0354808967200903,111.21006060356986,95.55860153198242,66.81920524597167,76.78483871216372,4.7115557520143945,30063480900.0,8.482241600065606,0.9521035928877676,7.530138007177839,86.98509994846071,109.28060111999513,131.5761022915295,40.804133474802015,0.8523890126269434,89.07625925051588,87.41986566568875,0.0352236811208743,1
2024-06-13,NVDA,129.396728515625,129.5864183097163,126.9507630154097,129.1770893049594,260704500,4.402748107910156,0.0352236811208743,112.9421242142418,96.37032958984376,67.23246921539307,79.55527546313628,4.703047334156327,30324185400.0,8.879733209559873,1.0796761619056277,7.800057047654246,88.18135522361067,111.0271110534668,133.87286688332293,41.1534725403319,0.902035669096834,92.74555586414569,89.42407168537545,0.0175142073059135,1
2024-06-14,NVDA,131.6630096435547,132.6214215295718,128.10886970168357,129.74617063783822,309320400,2.2662811279296875,0.0175142073059135,114.72506568370017,97.28845779418944,67.64733852386475,80.82384065537413,4.689440512280034,30633505800.0,9.270750677806916,1.1765549041221348,8.094195773684781,89.74011482050199,112.9004611968994,136.06080757329684,41.02790392681493,0.9050575958953722,96.32118503871418,92.71433338445858,-0.0068244608350281,0
2024-06-17,NVDA,130.7644805908203,133.5099557271365,129.3667902512595,132.77118307637525,288504400,-0.898529052734375,-0.0068244608350281,116.2526290081878,98.14662811279295,68.05531984329224,78.7378231146197,4.6504208668226745,30345001400.0,9.399776283448375,1.0444644078108745,8.3553118756375,92.44575857174914,114.82272338867188,137.1996882055946,38.97654428762729,0.8562091045987696,95.10810933899118,94.72495008061702,0.0351198006110073,1
2024-06-18,NVDA,135.35690307617188,136.10566894087242,130.47495024767164,130.92420671975586,294335100,4.5924224853515625,0.0351198006110073,118.07208368132916,99.11411666870116,68.48580915451049,81.38261522589183,4.720442140135396,30639336500.0,9.76009185611916,1.1238239843853268,8.636267871733834,94.79618723081232,116.85975456237792,138.92332189394352,37.76076274366709,0.9191785543068256,94.4939808503649,95.30775840935677,-0.03540343262971,0
2024-06-20,NVDA,130.56480407714844,140.52837801062054,129.30688285479897,139.56996619369176,517768400,-4.7920989990234375,-0.03540343262971,119.26186657616908,100.02128204345703,68.89655973434448,71.40188894289588,5.184803069827266,30121568100.0,9.548888560071704,0.7300965506702948,8.818792009401408,98.17626898990228,118.62693405151369,139.07759911312507,34.47895745620588,0.7918699707239283,85.89524032657043,91.83244350530885,-0.032191459436149,0
2024-06-21,NVDA,126.36173248291016,130.4150570517715,124.09547105255643,126.9108305208226,649445800,-4.203071594238281,-0.032191459436149,119.938044281573,100.8107438659668,69.28610034942626,63.98939735759844,5.276555209453318,29472122300.0,8.939308886875082,0.0964135019789385,8.842895384896144,102.69725389110975,120.20572242736816,137.71419096362655,29.13084033389097,0.6758009286418593,72.87289783566382,84.42070633753305,-0.06684045298758,0
2024-06-24,NVDA,117.91565704345705,124.25520694127758,117.84577252931442,123.0372131660712,476060900,-8.446075439453125,-0.06684045298758,119.745435973181,101.35986785888672,69.6408118057251,52.25070946795568,5.507941262606348,28996061400.0,7.6860845051621,-0.925448703787236,8.611533208949336,105.09230629780238,120.92052040100096,136.74873450419958,26.179533549323978,0.4050788883081662,45.471909877138295,68.08001601312418,0.0675639731017705,1
2024-06-25,NVDA,125.88250732421876,126.2918362995336,119.12365113611966,121.00055473590018,414192600,7.966850280761719,0.0675639731017705,120.32991895899411,102.11684494018554,70.03944986343384,59.75107171686837,5.712815404997077,29410254000.0,7.252155060346155,-1.087502518882545,8.3396575792287,107.45128073987132,121.90039176940918,136.34950279894707,23.706422628846507,0.6377979429554193,34.7245817748305,51.02312982921087,0.0024586549356859,1
2024-06-26,NVDA,126.19200897216795,127.90917229563556,122.39825886605338,125.92244899462368,362975900,0.3095016479492187,0.0024586549356859,120.88821324596304,102.92363632202148,70.44297422409058,60.013847853772624,5.698393835324584,29773229900.0,6.854225797032242,-1.1883454257571664,8.042571222789409,108.47253840626892,122.52478103637696,136.577023666485,22.93779676445371,0.6304855044252399,31.021245476211877,37.072579042726886,-0.0190664717722639,0
2024-06-27,NVDA,123.78597259521484,126.2019962793405,122.71773358253314,123.8957921998042,252571700,-2.406036376953125,-0.0190664717722639,121.16419032684416,103.65407577514648,70.83643468856812,56.90359827868647,5.540241611144783,29520658200.0,6.272412494598768,-1.4161269825525131,7.688539477151282,109.40082640416516,122.98274765014648,136.56466889612778,22.087522852584648,0.5295696363762243,35.74528647798644,33.8303712430096,-0.0036293654034315,0
2024-06-28,NVDA,123.33670806884766,127.49984424336094,122.54800714954668,124.37499759741448,315516700,-0.4492645263671875,-0.0036293654034315,121.37109677846354,104.44301330566408,71.22918598175049,56.31669631972426,5.498212717049745,29205141500.0,5.709256611733025,-1.5834262923346056,7.292682904067631,111.35926471648617,123.63412742614746,135.90899013580878,19.85675470875737,0.487885023061573,32.16779339221955,32.978108448805955,0.0061518661184292,1
2024-07-01,NVDA,124.095458984375,124.63456367500989,118.63445902087864,123.26682297750608,284885500,0.7587509155273438,0.0061518661184292,121.6305598456932,105.23442794799804,71.62266178131104,57.12105854695099,5.534062141126994,29490027000.0,5.2635020003363024,-1.6233447229850633,6.886846723321366,113.9602841657754,124.36671981811524,134.77315547045507,16.735081004884766,0.4869666789474048,28.16494870431209,32.02600952483936,-0.0131133864193037,0
2024-07-02,NVDA,122.46814727783205,123.20693510758652,120.83084647254135,120.93068040128531,218374000,-1.6273117065429688,-0.0131133864193037,121.71033007732548,106.1624235534668,72.0075218963623,54.79082095633739,5.3719585961774685,29271653000.0,4.724467088887167,-1.7299037075473596,6.454370796434526,115.25650253103896,124.75006103515624,134.24361953927357,15.22012642774082,0.379817786115998,25.151770998419668,28.494837698317102,0.0457325173676166,1
2024-07-03,NVDA,128.0689239501953,128.0689239501953,121.16031210370706,121.45982152361672,215749000,5.600776672363281,0.0457325173676166,122.3159104461702,107.13618942260742,72.42877527236938,60.728819702160656,5.481719542628239,29487402000.0,4.695091812027087,-1.4074231875259515,6.102514999553039,116.59917093662798,125.34171447753906,134.08425801845013,13.94993450879869,0.655973456688787,31.000572431070907,28.10576404460089,-0.0190989053540844,0
2024-07-05,NVDA,125.6229476928711,128.63798252741702,125.47319299554034,127.17039258704796,214176700,-2.4459762573242188,-0.0190989053540844,122.63086637442744,108.00303604125976,72.83746938705444,57.19564503648473,5.316224541860271,29273225300.0,4.423451061059268,-1.343251150795017,5.766702211854285,116.8862300032187,125.51143798828124,134.1366459733438,13.74409874240764,0.5064641748223903,33.24530090043329,29.79921477664129,0.0188347244818927,1
2024-07-08,NVDA,127.98902130126952,130.5547992263396,126.83093424608442,127.28019064518816,237677300,2.366073608398437,0.0188347244818927,123.1411668436505,108.97202911376954,73.26021968841553,59.641687348950384,5.288769326975146,29510902600.0,4.348964024805056,-1.1341905496393831,5.483154574444439,117.46648992883536,125.871439743042,134.27638955724862,13.354816360827789,0.6259722904382046,41.35852820433588,35.20146717861336,0.0248052295878753,1
2024-07-09,NVDA,131.163818359375,133.59980576329167,128.43829962119838,130.1355144487565,285366600,3.1747970581054688,0.0248052295878753,123.90522889276713,109.94552032470703,73.70523704528809,62.72007586059284,5.311770408049931,29796269200.0,4.494304556308805,-0.7910800145085082,5.285384570817313,118.04379976947328,126.3956729888916,134.74754620830993,13.215441671254588,0.7854536488531301,45.90664535329736,40.17015815268885,0.0268686935431934,1
2024-07-10,NVDA,134.68801879882812,134.87770860466375,132.20211043348235,133.80946190177127,248978600,3.524200439453125,0.0268686935431934,124.93216126477292,110.88761154174804,74.17397405624389,65.83535296055572,5.197636110709847,30045247800.0,4.838090995747507,-0.3578348600558447,5.195925855803352,118.2676331366495,127.05109367370603,135.8345542107626,13.826658682080032,0.934733274710044,59.22826473755492,48.83114609839605,-0.0556668502717937,0
2024-07-11,NVDA,127.19036102294922,135.92595502009132,126.84093848175796,135.52661932549566,374782700,-7.497657775878906,-0.0556668502717937,125.14722790840877,111.67931076049804,74.60226327896117,55.25616980154418,5.475306141254384,29670465100.0,4.454200651411455,-0.5933801635135172,5.047580814924972,119.086875302137,127.37505950927736,135.6632437164177,13.01382584482589,0.4888577231325884,61.55025384662067,55.56172131249099,0.0144427825526758,1
2024-07-12,NVDA,129.02734375,131.70292655352904,127.01066335258952,128.04894535138322,252680500,1.8369827270507808,0.0144427825526758,125.51676275046508,112.53480270385742,75.03668312072755,57.0761062452031,5.419374502660465,29923145600.0,4.249211674372603,-0.6386953124418957,4.887906986814499,119.33394790511112,127.5767276763916,135.81950744767207,12.92207430212339,0.587993135438523,62.593437860499215,61.12398548155827,-0.0061903259438104,0
2024-07-15,NVDA,128.22862243652344,131.173764430254,126.97069394754185,130.3451285738783,208326200,-0.7987213134765625,-0.0061903259438104,125.77503510151826,113.441424407959,75.46866146087646,56.00936618263222,5.332495644092729,29714819400.0,3.9764680499836658,-0.7291511494646663,4.705619199448332,119.3114784976936,127.51832237243651,135.72516624717946,12.871630871638356,0.5432748615014416,56.337788238542096,60.16049331522066,-0.0161940889317435,0
2024-07-16,NVDA,126.1520767211914,128.82765950066548,124.37500690887067,128.22865593379024,214769500,-2.0765457153320312,-0.0161940889317435,125.8109438272014,114.25109100341795,75.88747728347778,53.22424141847642,5.269649711785735,29500049900.0,3.551813779510184,-0.9230443359505188,4.474858115460703,119.243636929642,127.24277572631836,135.24191452299473,12.573034109034865,0.4318239730019348,53.60167469774049,57.5109669322606,-0.0662394114788595,0
2024-07-17,NVDA,117.79583740234376,121.64948612259292,116.52793062400056,121.15030890615483,390086200,-8.356239318847656,-0.0662394114788595,125.04760035816736,114.83429550170898,76.26141263961792,43.78810512541139,5.580685167886101,29109963700.0,2.512036342399128,-1.57025741844926,4.082293760848388,117.78112553170118,126.59434356689454,135.4075616020879,13.923557383172191,0.0008346480583949,35.16564744237442,48.368370126219,0.0262735062309356,1
2024-07-18,NVDA,120.8907470703125,122.19859669151472,116.36820224234276,121.64949865015036,320979500,3.09490966796875,0.0262735062309356,124.65170956884783,115.41249389648438,76.6487763595581,47.50056003000658,5.598521545120806,29430943200.0,1.915656086353522,-1.7333101395958923,3.6489662259494144,117.70220303429286,125.87103576660157,134.03986849891027,12.979686204308184,0.1951652176331488,24.37870922157744,37.71534378723079,-0.0260962934839352,0
2024-07-19,NVDA,117.73594665527344,121.39990584738524,117.176870571876,120.15196272062995,217223800,-3.1548004150390625,-0.0260962934839352,123.99306548184076,115.95926147460938,77.0139630317688,44.2895419885328,5.5002725258628375,29213719400.0,1.174910769034284,-1.9792443655321048,3.1541551345663885,116.6322866220195,125.2295928955078,133.8268991689961,13.73047068940316,0.06418638572045,12.217893632125753,23.920750098692537,0.0475705302644149,1
2024-07-22,NVDA,123.33670806884766,123.86583470179691,119.6627634357803,120.15195497722628,258068900,5.600761413574219,0.0475705302644149,123.9305552520319,116.62087936401367,77.41346675872802,50.66561915544524,5.545245063052884,29471788300.0,1.0279498409463912,-1.700964234895998,2.7289140758423893,116.45961659406149,125.07834167480468,133.6970667555479,13.781322913844368,0.3989622252919772,21.91593825311597,19.50418036893972,-0.0076897862543392,0
2024-07-23,NVDA,122.38827514648438,124.48482570104972,121.89908357161131,122.57796493987696,173911000,-0.9484329223632812,-0.0076897862543392,123.78367143245592,117.29677108764648,77.805613155365,49.62975408087587,5.333851996366136,29297877300.0,0.8254365178292176,-1.5227820464105375,2.348218564239755,117.22305803342162,125.30197257995606,133.38088712649048,12.895111513714149,0.319672716137247,24.468256155193924,19.53402934681188,-0.0680316071712208,0
2024-07-24,NVDA,114.06200408935548,119.7526218155674,113.25333936427286,118.9739065074374,327776900,-8.326271057128906,-0.0680316071712208,122.85779835216066,117.78355651855468,78.15289922714233,41.59054916873476,5.605357981069377,28970100400.0,-0.0068384096014142,-1.884045579072936,1.877207169471521,115.27317270703064,124.7109474182129,134.14872212939514,15.135439039738932,-0.0641660060098777,23.326036350657123,23.236743586322337,-0.0172428912128056,0
2024-07-25,NVDA,112.09524536132812,116.43808604158576,106.12508953993542,112.85399693651604,460067000,-1.966758728027344,-0.0172428912128056,121.8327933054147,118.22060455322266,78.48499153137207,39.94460779862095,5.941617875396588,28510033400.0,-0.8157201639882459,-2.1543418667678136,1.338621702779568,113.12140055675854,124.0061092376709,134.89081791858325,17.555116837107843,-0.0471374671345089,18.12706857394202,21.973787026597687,0.0069469230251961,1
2024-07-26,NVDA,112.87396240234376,116.00879506379748,111.39640194140976,115.9988170024744,293399100,0.778717041015625,0.0069469230251961,120.97957131464602,118.65412002563475,78.82341787338257,40.94120026227071,5.846673250181671,28803432500.0,-1.3780435960451882,-2.173332239059805,0.7952886430146167,111.54155701203229,123.46050872802736,135.3794604440224,19.308120205873227,0.055894403386306,15.41558904847112,18.956231324356757,-0.0130020948161141,0
2024-07-29,NVDA,111.40636444091795,116.08864903956604,111.11684836617498,113.50291478569986,248152100,-1.4675979614257812,-0.0130020948161141,120.06783732667192,118.9929167175293,79.15188610076905,39.607212117787896,5.784182351839484,28555280400.0,-1.919979528670268,-2.172214537347908,0.2522350086776397,109.8372692959776,122.86399154663086,135.89071379728412,21.20510995397574,0.0602260152150588,20.13398301778609,17.892213546733075,-0.0704363127475858,0
2024-07-30,NVDA,103.55931091308594,111.80571322284378,102.37126667488351,111.33648541055072,486833300,-7.847053527832031,-0.0704363127475858,118.4955967158542,119.18018280029295,79.43608842849731,33.35011453948931,6.044915508705253,28068447100.0,-2.948668879486561,-2.560723110531361,-0.3879457689552006,106.35464574388284,121.8371841430664,137.31972254224996,25.415128407766392,-0.0902737896953741,14.636357212801714,16.72864309301964,0.1281210479716474,1
2024-07-31,NVDA,116.8274383544922,118.14526596856572,110.6975424326974,112.71422275560462,473174200,13.26812744140625,0.1281210479716474,118.33672449096258,119.67034683227538,79.78593767166137,48.23971422129499,6.6549897620462914,28541621300.0,-2.662592889734867,-1.8197176966237327,-0.842875193111134,105.92406725675728,121.5551486968994,137.18623013704155,25.718501614635187,0.3487721287707579,23.515906715268795,19.4287489819522,-0.0667406744394202,0
2024-08-01,NVDA,109.0302963256836,119.9622829008677,106.63424395188704,117.3366056358286,523462300,-7.797142028808594,-0.0667406744394202,117.45039799903124,119.95862716674804,80.10420742034913,42.26430274299412,7.131636132541604,28018159000.0,-3.0301105765325502,-1.749788306737133,-1.2803222697954173,104.3676223051986,120.60321731567385,136.83881232614905,26.923983243298125,0.1435941835663128,25.315153822358123,21.155805916809545,-0.0177639923925984,0
2024-08-02,NVDA,107.0934829711914,108.54110155423275,101.20319756374684,103.58926418951675,482027500,-1.9368133544921875,-0.0177639923925984,116.46402513923698,120.1960725402832,80.40962900161743,40.908750334892986,7.181312034641258,27536131500.0,-3.438024238894414,-1.7261615752791974,-1.7118626636152166,102.59973671544098,119.67674407958984,136.7537514437387,28.53855608369821,0.1315730022224065,31.24251873498294,26.691193090869955,-0.0635779535407852,0
2024-08-05,NVDA,100.28469848632812,103.23983427364556,90.54076482697135,91.90850550819488,552842400,-6.808784484863281,-0.0635779535407852,114.923136886579,120.30604721069336,80.69177156448364,36.479247575828346,7.850698185325457,26983289100.0,-4.261585850775063,-2.039778549727877,-2.221807301047186,99.70819181679336,118.29152793884278,136.8748640608922,31.41955547595444,0.0155113878839744,24.38273276677073,26.980135108037263,0.0378299969356041,1
2024-08-06,NVDA,104.0784683227539,107.53277436697496,100.38455930431832,103.66913927566458,409012100,3.793769836425781,0.0378299969356041,113.89031130907183,120.31522262573242,81.00157680511475,40.35452115762134,7.80765373499127,27392301200.0,-4.555624438935041,-1.867053710310284,-2.6885707286247573,98.35589180725256,116.93726043701172,135.51862906677087,31.78006490030269,0.153986948688384,29.970321635341943,28.53185771236521,-0.0512231804472923,0
2024-08-07,NVDA,98.74723815917967,108.6209626457341,98.52759897070796,107.6325862976113,411440400,-5.331230163574219,-0.0512231804472923,112.44811386622496,120.16446578979492,81.28519996643067,36.94363305223461,7.970918730708046,26980860800.0,-5.159363922035709,-1.9766345547287612,-3.182729367306948,96.82336139478709,115.1402214050293,133.45708141527152,31.816614188727183,0.052516554783867,30.921570839896926,28.424875080669864,0.0612677990060726,1
2024-08-08,NVDA,104.7972640991211,105.32639072006307,97.35951914167632,101.83215026963444,391910000,6.050025939941406,0.0612677990060726,111.71946150745316,119.9863265991211,81.60263664245605,42.84735747467188,7.970629648399382,27372770800.0,-5.0909598646174175,-1.5265843978483753,-3.564375466769042,96.0526219646305,114.02056655883788,131.98851115304527,31.517023878206054,0.2433400795689714,35.352945574869615,32.08161268336949,-0.0020957358215321,0
2024-08-09,NVDA,104.57763671875,106.42459107060564,103.2598090475883,105.46617163856445,290844200,-0.2196273803710937,-0.0020957358215321,111.03928771805286,119.7853465270996,81.9110499382019,42.69109727396315,7.627354818014949,27081926600.0,-4.996870438411975,-1.1459959773143455,-3.850874461097629,95.77861401052404,112.7980812072754,129.81754840402672,30.176873603863385,0.2584987710398331,35.843132844888025,34.03921641988486,0.0407636132835298,1
2024-08-12,NVDA,108.8405990600586,110.88722873441804,106.08514625528548,106.14504508504662,325559900,4.262962341308594,0.0407636132835298,110.82988879824389,119.75597625732422,82.237344455719,46.7503908144418,7.533228903561599,27407486500.0,-4.5261438870821,-0.5402155407875764,-3.985928346294523,96.29113449160228,111.82868003845216,127.36622558530202,27.78812294217781,0.4038432109697221,48.517248618962846,39.90444234624016,0.065309192409481,1
2024-08-13,NVDA,115.94889068603516,116.03874655153282,111.39639661656214,112.25498209343158,312646700,7.1082916259765625,0.065309192409481,111.31741278755734,119.88608184814451,82.60858291625976,52.75914622909,7.50929451698393,27720133200.0,-3.538717839528303,0.3577684054129761,-3.896486244941279,97.07992669733692,111.31852073669434,125.55711477605176,25.58171622319068,0.662599268458032,63.30358480947973,49.2213220911102,0.0167039608023686,1
2024-08-14,NVDA,117.8856964111328,118.40483737868666,113.88229289564154,118.3349528711921,339246400,1.936805725097656,0.0167039608023686,111.94296360885023,119.94776931762696,82.9967568397522,54.27321052630166,7.295955228845444,28059379600.0,-2.5702631536646408,1.060978473021311,-3.631241626685952,97.07619255041782,111.3230136871338,125.56983482384976,25.595464342630464,0.7303209488285811,80.49991562621275,64.10691635155177,0.0404809522225459,1
2024-08-15,NVDA,122.65782165527344,123.03719358354697,117.27669207222648,118.56457015659755,318086700,4.772125244140625,0.0404809522225459,112.96342627993816,120.07620864868164,83.40792301177979,57.85715207481849,7.186279963307947,28377466300.0,-1.401529256048974,1.7837698965095825,-3.185299152558557,96.90867949681704,111.41136741638184,125.91405533594664,26.03448509049058,0.8877368906118295,92.71116999716578,78.83822347761942,0.0139998081732382,1
2024-08-16,NVDA,124.37500762939452,124.79431469874058,120.98060074622067,121.73935231230438,302589900,1.7171859741210938,0.0139998081732382,114.05024355131496,120.119139251709,83.82437627792359,59.09940496788856,6.9453823911088,28680056200.0,-0.3328992100549612,2.2819199540028765,-2.6148191640578378,96.39736599523512,111.74332046508788,127.08927493494066,27.46643719907594,0.9115640766796772,96.85013087458545,90.02040549932133,0.043506040731855,1
2024-08-19,NVDA,129.78607177734375,129.78607177734375,123.21689800857207,124.07548340044627,318333600,5.411064147949219,0.043506040731855,115.5488938585558,120.29908096313476,84.26978633880616,62.81870085239601,6.918510346656149,28998389800.0,0.9397921165295032,2.8436890244698727,-1.9038969079403696,95.53372213040308,112.0657886505127,128.59785517062232,29.504216619875614,1.035936723496608,99.20281537862684,96.25470541679267,-0.0211537376288259,0
2024-08-20,NVDA,127.04061126708984,129.6662885004724,125.6828485255364,128.18871285893894,300087400,-2.7454605102539062,-0.0211537376288259,116.64334313555904,120.42631011962892,84.69375843048095,59.84513763716463,6.717418411309807,28698302400.0,1.7071939742431823,2.888872705746841,-1.1816787315036592,95.07542377219966,112.29840545654297,129.52138714088628,30.673599708427258,0.9279806505266274,97.26007745173229,97.7710079016482,0.0098232185788795,1
2024-08-21,NVDA,128.28855895996094,129.13716641620366,126.45159025428316,127.11050029285344,257883600,1.2479476928710938,0.0098232185788795,117.7524113093116,120.56048919677734,85.11807628631591,60.7545142857824,6.429429679210571,28956186000.0,2.388530926877621,2.8561677267050243,-0.4676367998274031,94.4322711761744,113.00973320007324,131.5871952239721,32.877631860273794,0.9112194050035564,96.39619472378176,97.6196958513803,-0.0370427946698663,0
2024-08-22,NVDA,123.53639221191406,130.53485987199215,122.89744589722252,129.80606530219129,376189100,-4.752166748046875,-0.0370427946698663,118.30326663336898,120.61699615478516,85.51115230560303,55.59160122710897,6.515714271750504,28579996900.0,2.5160319790760326,2.3869350231227484,0.129096955953284,94.45568405890572,113.58179054260252,132.70789702629932,33.67812110079904,0.7602359679895356,90.56327726250818,94.73984981267408,0.0454985566473458,1
2024-08-23,NVDA,129.15711975097656,129.38675225949072,125.01395457447234,125.65290085977207,323230300,5.6207275390625,0.0454985566473458,119.33696693028398,120.7002589416504,85.92860885620117,59.92902372760555,6.468188970023801,28903227200.0,3.0356303623581056,2.325226725123857,0.7104036372342484,94.10864920713576,114.39594841003418,134.6832476129326,35.468562453246705,0.8638032641336869,91.5108559612023,92.82344264916408,-0.0224935704555091,0
2024-08-26,NVDA,126.25191497802734,131.04401222890846,124.1653576328901,129.35680584239554,331964700,-2.9052047729492188,-0.0224935704555091,119.99553341102144,120.63736267089844,86.33052125930786,56.838864177710846,6.497507943309127,28571262500.0,3.1763748076873384,1.972776936362472,1.2035978713248665,94.26489674792175,115.13822593688964,136.01155512585754,36.25786139940895,0.766217452437141,88.04064134463692,90.03825818944914,0.0145501375355019,1
2024-08-27,NVDA,128.08889770507812,128.98741074794592,123.67616460225028,124.84424526829238,303134600,1.8369827270507808,0.0145501375355019,120.76633001045542,120.5658804321289,86.73852935791015,58.30293535359991,6.412774957765306,28874397100.0,3.3969866013973444,1.7547109840579822,1.6422756173393622,95.4743105848388,116.36470527648926,137.25509996813972,35.90503605369631,0.7806120372937432,90.94925125567016,90.1669161871698,-0.0209665714210154,0
2024-08-28,NVDA,125.40331268310548,128.118838213882,122.43819852070378,127.90917706049711,448101100,-2.685585021972656,-0.0209665714210154,121.20794740785068,120.4586570739746,87.13123304367065,55.34708402020442,6.360479581723371,28426296000.0,3.3168837986891617,1.3396865450798394,1.9771972536093223,95.53392245532568,116.79349899291992,138.05307553051418,36.40541078212412,0.7024925961004074,85.56627857198816,88.18539039076508,-0.0638484971250292,0
2024-08-29,NVDA,117.39649963378906,124.22524823697071,116.51795043355128,121.16030028839228,453023300,-8.006813049316406,-0.0638484971250292,120.84495238174956,120.09944900512696,87.47699054718018,47.59898251836954,6.540828343711286,27973272700.0,2.5776058177194585,0.4803268512881087,2.09727896643135,96.25258875765276,117.2118091583252,138.17102955899762,35.76298420982738,0.5044059481205213,72.0817454456619,82.86575842444007,0.0151373260475424,1
2024-08-30,NVDA,119.17356872558594,121.5496494805563,117.02710521960448,119.33330147051215,333751600,1.777069091796875,0.0151373260475424,120.68577298592446,119.8716242980957,87.83021104812622,49.29556815411394,6.396665194942753,28307024300.0,2.11078549445098,0.010805222415704,2.099980272035276,97.3677516738444,117.81581344604491,138.26387521824543,34.71191374758013,0.5332000972675784,54.867148717761246,70.83839091180377,-0.0952499814664464,0
2024-09-03,NVDA,107.8222885131836,116.01877823521122,107.1134577156826,115.8191103772934,477155100,-11.351280212402344,-0.0952499814664464,119.4606792266158,119.50083541870116,88.12150480270385,40.31628296752313,6.801197038868509,27829869200.0,0.8154733097674978,-1.0276055698142224,1.84307887958172,98.80039583290996,118.1926929473877,137.58499006186543,32.814714058693994,0.2326153685407939,29.288433630827587,52.07910926475024,-0.0165740868041376,0
2024-09-04,NVDA,106.03523254394533,113.0836130103624,103.9486752554176,105.23655349888746,372470300,-1.7870559692382812,-0.0165740868041376,118.18206525683765,119.26322692871094,88.40769611358643,39.10851580785295,6.967892804302529,27457398900.0,-0.3512227334396272,-1.755441290417078,1.4042185569774508,99.16616451650752,118.29053115844728,137.41489780038702,32.33456888670681,0.1795894252616432,16.74870603068926,33.6347627930927,0.0094152860971705,1
2024-09-05,NVDA,107.03358459472656,109.46957200218677,104.58761912643207,104.8172363950656,306850700,0.99835205078125,0.0094152860971705,117.12030519377946,118.88624847412107,88.69592472076415,40.18654827466746,6.8188970951205405,27764249600.0,-1.1816576722610677,-2.0687009833908148,0.8870433111297472,100.98450782267834,118.7048484802246,136.4251891377709,29.856136264726143,0.1706817292327898,7.349406425664067,17.795515362393637,-0.0408543495216302,0
2024-09-06,NVDA,102.66079711914062,107.97204286084109,100.78388574677186,107.86222325429438,413638100,-4.3727874755859375,-0.0408543495216302,115.743209186671,118.41562423706054,88.96319765090942,37.08925236360357,6.845272810759733,27350611500.0,-2.1676435036093693,-2.443749451791293,0.2761059481819239,100.52143905254802,118.59802513122558,136.67461120990316,30.48378935260736,0.0591748369211183,8.429592037618036,10.842568164657122,0.0353981537989571,1
2024-09-09,NVDA,106.2947998046875,106.37466998895036,103.5193756446925,104.7074122640328,273912000,3.634002685546875,0.0353981537989571,114.84336067410116,118.06580078125,89.2430959701538,41.14872332775116,6.621601386406162,27624523500.0,-2.6255450831279745,-2.321320825047919,-0.3042242580800558,100.85993618593253,118.68388328552246,136.50783038511238,30.036002540817044,0.1524595979888207,11.933259600466496,9.237419354582867,0.0153094197414462,1
2024-09-10,NVDA,107.92211151123048,109.2199753067636,104.77729355808466,107.63258781478572,268283700,1.6273117065429688,0.0153094197414462,114.18419408716107,117.75750885009764,89.53345155715942,42.92480203474811,6.465964269425645,27892807200.0,-2.8245651009396653,-2.016272674287688,-0.8082924266519778,100.70838134777745,118.63795890808106,136.56753646838467,30.22570132750714,0.2011684363223465,16.001311388347037,12.12138767547719,0.0814987479823183,1
2024-09-11,NVDA,116.7176284790039,116.99716652085532,107.24323877137772,109.20999835891276,441422400,8.795516967773438,0.0814987479823183,114.42547355305086,117.60995223999024,89.87391326904297,51.45277867427133,6.70081880371507,28334229600.0,-2.246667008053066,-1.1506996651208707,-1.0959673429321954,100.76675710445028,118.6763957977295,136.58603449100872,30.182309755689204,0.4453152754147788,31.485749155168037,19.80677338132719,0.0191616607552691,1
2024-09-12,NVDA,118.95413208007812,120.60155948017248,115.19999582839206,116.6577172050991,366052700,2.2365036010742188,0.0191616607552691,114.8567743651487,117.53967193603516,90.23024871826172,53.361050548077785,6.608014864291166,28700282300.0,-1.5898842604573389,-0.3951335340201147,-1.194750726437224,100.82355809013478,118.72981758117676,136.63607707221874,30.16303714742809,0.5062635778012036,45.43075836595656,30.97260630315721,-0.0003357586632148,0
2024-09-13,NVDA,118.91419219970705,119.77285113489948,117.4165323291377,118.89422675312926,238358300,-0.0399398803710937,-0.0003357586632148,115.24319511129713,117.3565773010254,90.58405883789062,53.32074230212276,6.304322288681925,28461924000.0,-1.0603786308839318,0.1074976764426338,-1.1678763073265657,100.72649351399004,118.54263610839844,136.35877870280683,30.05862393361465,0.5104275122782528,57.5391905574804,44.81856602620167,-0.0194793883688139,0
2024-09-16,NVDA,116.59781646728516,117.99563392468085,114.18159360974668,116.60780299971084,248772300,-2.316375732421875,-0.0194793883688139,115.37220666901024,117.17607467651368,90.92838817596436,50.91841944717498,6.192056310201812,28213151700.0,-0.8182218156462824,0.2797235933442268,-1.0979454089905092,100.52529836594366,118.15377655029296,135.7822547346423,29.839889505090238,0.4558679976020502,58.67747624018346,53.882475054540144,-0.0101902090787699,0
2024-09-17,NVDA,115.40966033935548,118.61465900940928,114.65085152654682,117.98563701926244,231925900,-1.1881561279296875,-0.0101902090787699,115.3757736852336,116.9244874572754,91.26518466949464,49.68195105739946,6.032895679677572,27981225800.0,-0.7139550353873005,0.307192298882567,-1.0211473342698676,100.60817947950024,117.43495597839356,134.2617324772869,28.657185347758343,0.43981926249596,56.49712063021982,57.57126247596123,-0.0192056904966128,0
2024-09-18,NVDA,113.1931381225586,117.51637724987856,113.04337060887724,115.70920340593533,310318900,-2.216522216796875,-0.0192056904966128,115.16790363164552,116.56507385253906,91.59773582458496,47.3709331862779,5.921475034057841,27670906900.0,-0.800944885408768,0.1761619590888797,-0.9771068444976476,100.42180527905936,116.742582321167,133.06335936327463,27.96028101761196,0.3912599507532385,54.17131366912923,56.44863684651083,0.0396930505819754,1
2024-09-19,NVDA,117.68611907958984,119.4733274955448,117.06708357128667,117.16692604230532,293506400,4.49298095703125,0.0396930505819754,115.40773367430688,116.2250358581543,91.95277681350709,52.22243142749289,5.947097486838439,27964413300.0,-0.5015573139483536,0.3804396244394353,-0.8819969383877889,100.7606066209356,116.21246032714843,131.66431403336125,26.592421609033103,0.5476855004085657,62.612630708123184,57.76035500249074,-0.0158649833342571,0
2024-09-20,NVDA,115.81903076171876,118.43494609535816,115.2099818009,116.87737463970252,382462400,-1.8670883178710935,-0.0158649833342571,115.44690482548896,115.99760925292968,92.30474571228028,50.153407006810696,5.752659401668419,27581950900.0,-0.4102201672047272,0.3774214169464495,-0.7876415841511767,100.74457753528743,115.82659225463868,130.9086069739899,26.042404297269155,0.4997493208612833,70.06649528268069,62.283479886644365,0.0022413427846745,1
2024-09-23,NVDA,116.07862091064452,116.80747774675662,114.68080357526898,116.36816938577525,206228500,0.2595901489257812,0.0022413427846745,115.50706826217043,115.73863479614258,92.65272190093994,50.44736367931032,5.493660456655506,27788179400.0,-0.3132768048308207,0.3794918234562848,-0.6927686282871056,101.38032133022564,115.17266731262208,128.96501329501848,23.95072772771475,0.5328426215227912,78.14643807826026,70.27518802302139,0.0396524877294308,1
2024-09-24,NVDA,120.68142700195312,121.60997636399937,115.19998675947464,116.33820757520982,354966800,4.602806091308594,0.0396524877294308,115.99986433262592,115.58769088745116,93.0290177154541,55.46260473399194,5.559112538646163,28143146200.0,0.1334214926870913,0.6609520967793576,-0.5275306040922663,101.80071535523412,114.89414291381836,127.98757047240258,22.792158462604228,0.7209995840371282,82.86200549512951,77.02497961869015,0.0218416336472297,1
2024-09-25,NVDA,123.31730651855467,124.74507579152808,121.42026930294443,121.82962567540989,284692900,2.6358795166015625,0.0218416336472297,116.69676358842868,115.53099548339844,93.4130376625061,58.079231854392816,5.452293699426791,28427839100.0,0.6921479095290266,0.9757428108970344,-0.2835949013680077,102.38446761574431,114.6555633544922,126.92665909324006,21.405146649200244,0.8529327514213629,88.91999550858736,83.30947969399239,0.004291164149031,1
2024-09-26,NVDA,123.8464813232422,127.47081527785902,121.6099781665842,126.60217747362805,302582900,0.5291748046875,0.004291164149031,117.37768908698234,115.6520083618164,93.79516149520876,58.60503458209684,5.48147537170165,28730422000.0,1.1642221759810667,1.1582536618792596,0.0059685141018071,102.56325863219192,114.57772178649904,126.59218494080612,20.97172638271603,0.8857334038858149,91.48357664230092,87.75519254867261,-0.0212833813205184,0
2024-09-27,NVDA,121.21060943603516,123.83650371853182,119.07394858799772,123.7765997601264,271009200,-2.6358718872070312,-0.0212833813205184,117.74272912022548,115.65840560913084,94.16849319458008,54.91050726598799,5.430836611954709,28459412800.0,1.3105444601081049,1.043660756805038,0.2668837033030667,102.46347751831628,114.76842727661132,127.0733770349064,21.44309205987123,0.7617719814370225,83.77448164913388,88.05935126667407,0.0003294451794473,1
2024-09-30,NVDA,121.25054168701172,121.31044564232414,117.96567356169255,118.12541998168962,226553700,0.0399322509765625,0.0003294451794473,118.07680650753844,115.72869750976562,94.53688369750977,54.9568345708867,5.281832002574485,28685966500.0,1.4134349254125027,0.9172409776875488,0.4961939477249539,102.3866378714572,114.8722759246826,127.357913977908,21.73829664768157,0.7554241014811981,75.5102222331122,83.58942684151567,-0.0365612795579514,0
2024-10-01,NVDA,116.81746673583984,122.24898215671048,115.60935538711524,121.58002164337384,302094500,-4.433074951171875,-0.0365612795579514,117.9568693864243,115.59831268310546,94.88095766067504,48.94464291953607,5.378817343075967,28383872000.0,1.1243039841710356,0.5024880291568653,0.6218159550141703,103.24319738176052,115.32203483581544,127.40087228987036,20.948013051021206,0.5619029731012065,55.9406067341626,71.74177020546956,0.0158120377371282,1
2024-10-02,NVDA,118.66458892822266,119.19376089360064,114.96037755308416,116.25835256126952,221845900,1.8471221923828125,0.0158120377371282,118.02427124754796,115.52383895874024,95.2329595375061,51.33363783441792,5.2970006286074325,28605717900.0,1.0323130913181444,0.3283977090431793,0.7039153822749651,104.58297487373672,115.9535026550293,127.32403043632186,19.6122195896415,0.6192154984069337,44.78989120831087,58.74690672519523,0.0336557987681955,1
2024-10-03,NVDA,122.65834045410156,124.16598683922705,120.15225416683852,120.73135113827638,277118000,3.993751525878906,0.0336557987681955,118.46561117198164,115.69576568603516,95.602234954834,56.11508406892921,5.311600434492928,28882835900.0,1.2670660680269492,0.4505205486015873,0.8165455194253619,105.78368778579404,116.73474044799804,127.68579311020208,18.7622855375815,0.7704580184582603,43.92157846312509,48.21735880186619,0.016849832251814,1
2024-10-04,NVDA,124.72511291503906,124.84492844767551,121.63993722019764,124.7450859792245,243678100,2.0667724609375,0.016849832251814,119.06175419512996,115.94836303710936,95.97591979980469,58.39327557028276,5.161128348277569,29126514000.0,1.601420578651073,0.6279000473805687,0.9735205312705042,108.4458718917819,117.83795623779297,127.23004058380404,15.940677598070618,0.8666468711054092,62.1914947248736,50.30098813210319,0.0224143425758671,1
2024-10-07,NVDA,127.52074432373048,130.43618698242878,124.7550615549546,124.79500006476454,346250200,2.7956314086914062,0.0224143425758671,119.86737230261572,116.24129867553712,96.36594360351565,61.3184436438335,5.200410185357009,29472764200.0,2.0681427654043034,0.8756977873070393,1.192444978097264,110.1924615120021,118.89925346374513,127.60604541548813,14.645662942531256,0.9951014626150232,76.95005491795413,61.02104270198428,0.040479170085625,1
2024-10-08,NVDA,132.68267822265625,133.27175410957346,129.2180905372518,130.0567764001493,285722500,5.161933898925781,0.040479170085625,121.08787762833389,116.66682495117188,96.7892288208008,66.06283081529365,5.239738728248865,29758486700.0,2.822017920576513,1.3036583539833997,1.518359566593114,110.99537827871367,120.1372817993164,129.27918531991915,15.219094994797445,1.1861479338010288,87.01264641587353,75.3847320195671,-0.0018059932663959,0
2024-10-09,NVDA,132.44305419921875,134.31014727855833,131.1750464230449,133.9007832398008,246191600,-0.2396240234375,-0.0018059932663959,122.1693230160372,117.24449981689452,97.206928691864,65.66022398027079,5.089407451624906,29512295100.0,3.361385793322384,1.474420981383416,1.886964811938968,110.48089485360263,120.92355308532714,131.36621131705164,17.27150412848993,1.0515598068169891,90.18576698800918,84.71615610727895,0.01628346222281,1
2024-10-10,NVDA,134.5996856689453,134.7893916948541,130.79563194093248,131.70421594134592,242311300,2.1566314697265625,0.01628346222281,123.35316707821892,117.5999447631836,97.63621030807496,67.57548395342081,5.0111469017889565,29754606400.0,3.917700046838533,1.624588187919652,2.293111858918881,109.73783702549493,121.70583076477052,133.67382450404608,19.667083596688094,1.0386807172977044,95.45874364149844,90.88571901512704,-7.425356743040457e-05,0
2024-10-11,NVDA,134.58969116210938,135.5681579226704,133.45147037350253,133.8009151704973,170209500,-0.0099945068359375,-7.425356743040457e-05,124.42331222906564,118.11113265991212,98.06320096969604,67.55667915501726,4.804399805173165,29584396900.0,4.308115355494323,1.6120027972603532,2.6961125582339696,109.35888661460169,122.48960571289062,135.6203248111796,21.43972792118654,0.9607548664564566,94.93226728301715,93.52559263750828,0.0242583445099864,1
2024-10-14,NVDA,137.8546142578125,139.38222619629536,136.08737124143596,136.25710420849128,232347700,3.264923095703125,0.0242583445099864,125.70248385085104,118.72635528564452,98.50582746505738,70.44961577776783,4.803552321531224,29816744600.0,4.825350669277952,1.7033904888351863,3.121960180442766,109.12430189197129,123.552445602417,137.98058931286272,23.35549675297317,0.9956343983821352,96.0178143437367,95.46960842275077,-0.0468602370484501,0
2024-10-15,NVDA,131.39471435546875,138.3538425999703,128.53917525345673,137.65492238931424,377831000,-6.45989990234375,-0.0468602370484501,126.24460104176704,119.34855560302736,98.91563037872316,59.2014114934108,5.161489109029965,29438913600.0,4.6602826104396655,1.2306579439975192,3.4296246664421464,110.04591776243264,124.35169830322266,138.65747884401267,23.00858088147119,0.7461597964600521,85.43014442015233,92.1267420156354,0.0313068598564361,1
2024-10-16,NVDA,135.50827026367188,136.40686011825153,131.37472950963348,133.77097927850218,264879700,4.113555908203125,0.0313068598564361,127.12685525337702,119.97715164184572,99.34600107192992,63.22767299886989,5.1522492161434,29703793300.0,4.805994060033399,1.101095514873002,3.704898545160397,111.33710345756744,125.46745491027832,139.5978063629892,22.52432945709384,0.8552924846560435,81.72527135088541,87.72441003825816,0.0089153183262074,1
2024-10-17,NVDA,136.71636962890625,140.6701983777905,136.65646567187505,139.12261346955344,306435900,1.208099365234375,0.0089153183262074,128.04014233676077,120.73653427124025,99.78917024612429,64.34068481366495,5.152940565998774,30010229200.0,4.961758888024008,1.0054882742908884,3.95627061373312,111.95372956120605,126.41896743774414,140.88420531428224,22.884600578092204,0.8559361511732893,78.68408223765533,81.94649933623103,0.0078141985507782,1
2024-10-18,NVDA,137.78469848632812,138.68328825202838,137.06582057977474,138.45365135367973,176090200,1.068328857421875,0.0078141985507782,128.96819530338624,121.39628295898436,100.2406707572937,65.33975785510083,4.925367570079014,30186319400.0,5.1124754126768295,0.9249638391549676,4.187511573521862,113.10259029430716,127.5172508239746,141.93191135364205,22.60817330443472,0.8561460098634177,85.84510908063378,82.08482088972484,0.0413768411419095,1
2024-10-21,NVDA,143.4857940673828,143.4857940673828,137.78469595874105,137.91449801128798,264554500,5.701095581054688,0.0413768411419095,130.35082375710022,122.17444610595705,100.71853553771972,70.14656403552202,4.980776894262068,30450873900.0,5.627084583327388,1.1516584078444208,4.475426175482967,113.884232175831,128.88760948181152,143.89098678779206,23.2813338168054,0.9864966163235884,91.1326639380618,85.22061841878364,-0.0008350095735782,0
2024-10-22,NVDA,143.36598205566406,144.194689003585,141.55880826832362,142.68705023422552,226311600,-0.11981201171875,-0.0008350095735782,131.59036264267772,122.86495376586916,101.19031604766846,69.92708292370236,4.813284311476305,30224562300.0,5.956584433092246,1.1849266060874228,4.771657827004823,114.2607519766643,130.02183723449707,145.78292249232985,24.24375103915403,0.9233256975288348,95.10993719918096,90.69590340595884,-0.0280660174785456,0
2024-10-23,NVDA,139.34226989746094,142.20778753302577,137.24555525009052,141.80841766733155,285930000,-4.023712158203125,-0.0280660174785456,132.32863952408565,123.33282135009766,101.62622594833374,62.81840435001474,4.906651632483251,29938632300.0,5.8258783946970425,0.8433764541537752,4.982501940543267,114.87856406937637,130.82308540344238,146.7676067375084,24.375699877273306,0.7671508386964564,91.679731338075,92.6407774917726,0.0060906040176589,1
2024-10-24,NVDA,140.19094848632812,141.12948441968888,138.2439937495604,140.6003124972593,172354900,0.8486785888671875,0.0060906040176589,133.07743085382302,123.77892639160156,102.0619521331787,63.65759031052188,4.762282992315053,30110987200.0,5.724782458374563,0.5938244142650362,5.130958044109526,115.53524386406832,131.64030876159669,147.74537365912505,24.46828794164403,0.7654643051467523,84.81447542745833,90.53471465490476,0.0080477350119521,1
2024-10-25,NVDA,141.3191680908203,143.90513885209074,140.58033236044267,140.71011917970793,205122100,1.1282196044921875,0.0080477350119521,133.86235820972752,124.1521533203125,102.4972801589966,64.79513368476017,4.687419233275594,30316109300.0,5.670336978612738,0.4315031476025686,5.23883383101017,116.76147051611647,132.64573669433594,148.5300028725554,23.949908340925568,0.773019581111572,79.84093769024435,85.4450481519259,-0.0072063974998415,0
2024-10-28,NVDA,140.30076599121094,142.91667341121004,139.83149806296922,142.77689244758375,173586700,-1.018402099609375,-0.0072063974998415,134.47553990320213,124.47066848754883,102.92516035079956,62.88180504419888,4.5729732414873965,30142522600.0,5.48182098534204,0.1943897234654956,5.287431261876544,118.28712115752867,133.5982479095459,148.9093746615631,22.92114902941509,0.7188773625292462,78.72141122535577,81.12560811435281,0.0051950292074249,1
2024-10-29,NVDA,141.02963256835938,142.0380513591214,138.68329276437913,140.0711235834401,157593600,0.7288665771484375,0.0051950292074249,135.0997392046457,124.69553970336914,103.3572438812256,63.70779352059406,4.485957909577031,30300116200.0,5.329795578132206,0.0338914530045295,5.295904125127676,121.27022684282058,134.80885620117186,148.34748555952314,20.08566757386907,0.729741733913051,78.84770712111357,79.13668534557124,-0.0135221808602374,0
2024-10-30,NVDA,139.1226043701172,140.1110653014331,136.59655278062618,139.32228929215535,179418100,-1.9070281982421875,-0.0135221808602374,135.4828692204049,124.93717956542967,103.77144708633423,59.94888291664624,4.4821809008739,30120698100.0,4.99782133640565,-0.2384662309776208,5.236287567383271,124.39919853512446,135.8317569732666,147.26431541140877,16.833410231735744,0.6439243636783618,74.17083788138619,77.24665207595184,-0.0472226112770123,0
2024-10-31,NVDA,132.55287170410156,137.39531116933003,131.90389188236236,137.38533225522045,270039600,-6.569732666015625,-0.0472226112770123,135.2038218378998,125.0224658203125,104.15444370269776,49.18279533958406,4.677647442793966,29850658500.0,4.156691090055631,-0.8636771818621121,5.020368271917743,126.4691607694598,136.3264835357666,146.1838063020734,14.461346776718749,0.3085884006677968,57.674212665140594,70.23091922254679,0.0198857255998485,1
2024-11-01,NVDA,135.18878173828125,137.0958059615883,134.36008987253786,134.4898767241073,207127800,2.6359100341796875,0.0198857255998485,135.20238944745995,125.25551361083984,104.5453592300415,52.842102117294175,4.668025072414879,30057786300.0,3.660588237778001,-1.087824027311794,4.748412265089795,128.51825404232815,136.84966697692872,145.18107991152928,12.176007612799152,0.4003239155419983,45.23801729163037,59.027689279385726,0.0048003709367281,1
2024-11-04,NVDA,135.83773803710938,138.7432015157854,135.3584911981984,136.99593186321135,187528200,0.648956298828125,0.0048003709367281,135.26289883695037,125.3891259765625,104.927620677948,53.72558579433295,4.588481837064111,30245314500.0,3.281956155270109,-1.1731648878557488,4.455121043125858,130.08779013503172,137.26551666259766,144.4432431901636,10.45816415088282,0.4005410264653489,34.30836433514309,45.74019809730469,0.0283720025314915,1
2024-11-05,NVDA,139.6917266845703,140.151000495864,137.11574997671616,137.2355578866217,160537400,3.8539886474609375,0.0283720025314915,135.68469196529514,125.65792221069336,105.32833852767943,58.6768609233487,4.5688233100420055,30405851900.0,3.25534656785743,-0.9598195802147425,4.215166148072172,130.68738280262434,137.61596908569337,144.5445553687624,10.06945099337214,0.6497966189689629,46.8835471182548,42.143309581676085,0.0407406489050541,1
2024-11-06,NVDA,145.3828582763672,146.26149040756812,141.73855813806702,142.73699820170938,242043900,5.691131591796875,0.0407406489050541,136.6083268520639,126.00380142211914,105.75641897201538,64.68580687348417,4.711747625253135,30647895800.0,3.6513940372602742,-0.4510176886495181,4.102411725909793,130.9798262795144,138.2629592895508,145.54609229958717,10.535190404516102,0.9887936947605486,64.01882531857738,48.403578923991766,0.022457204493246,1
2024-11-07,NVDA,148.6477508544922,148.69766066609404,145.9419717733186,146.1616297903136,207323300,3.264892578125,0.022457204493246,137.75493866181898,126.46869018554688,106.19339212417604,67.59684100116367,4.611965822715543,30855219100.0,4.180523581773798,0.0624894846912038,4.118034097082594,130.6014274980952,138.96536254882812,147.32929759956104,12.037438534791852,1.078817760236888,85.64877149659013,65.51704797780745,-0.0083962077152437,0
2024-11-08,NVDA,147.39967346191406,149.53633403774526,146.03180056765603,148.5378942315628,175665800,-1.248077392578125,-0.0083962077152437,138.67348483325662,127.06875366210936,106.62285215377808,65.3781938870619,4.532863511813663,30679553300.0,4.447880742520027,0.2638773163499461,4.184003426170081,130.73384536725558,139.60586166381836,148.47787796038114,12.710091382734737,0.9392356561109568,93.82179861382974,81.16313180966576,-0.0160535445966013,0
2024-11-11,NVDA,145.03338623046875,148.61779734270107,143.3460354590936,148.44804913905642,182325600,-2.3662872314453125,-0.0160535445966013,139.2791897282292,127.58595001220704,107.04340553283691,61.27204375421454,4.585641966941792,30497227700.0,4.417896850083196,0.1871147391304912,4.230782110952704,130.8283044032592,139.96480026245118,149.10129612164314,13.0554194226833,0.777381287428605,87.34905690769047,88.93987567270345,0.0208590130488375,1
2024-11-12,NVDA,148.0586395263672,149.41651833977537,145.78219787373922,146.55100082856893,198634700,3.025253295898437,0.0208590130488375,140.11532780424233,128.3906770324707,107.4719278717041,64.35442593159479,4.571176977110708,30695862400.0,4.585389540865805,0.2836859439304806,4.301703596935324,131.90353392455842,140.7979965209961,149.69245911743377,12.634359602000892,0.908155238534538,84.65460650515031,88.6084873422235,-0.0136217325243469,0
2024-11-13,NVDA,146.0418243408203,149.0970483298964,145.6723911778049,148.83745941222475,191903300,-2.016815185546875,-0.0136217325243469,140.6797560458212,129.1908088684082,107.88882394790647,60.87589167404483,4.48928270389505,30503959100.0,4.503475314673324,0.1614173741903997,4.342057940482924,132.49828127360925,141.3246742248535,150.15106717609777,12.490943990716152,0.7672184516383799,82.08765423779386,84.69710588354488,0.0033497032754268,1
2024-11-14,NVDA,146.53102111816406,148.76753177848803,145.32291747893564,147.40965302668107,194463300,0.48919677734375,0.0033497032754268,141.23701938604432,129.98075759887695,108.31438985824585,61.42061420794374,4.41466353215629,30698422400.0,4.427000090468198,0.0679537199882194,4.359046370479978,132.97708942347447,141.8154067993164,150.65372417515837,12.46453763426294,0.7667710446638293,84.91886516610744,83.88704196968388,-0.0325701492764231,0
2024-11-15,NVDA,141.75848388671875,145.0134075079149,139.8614542891372,144.6439744081883,250132900,-4.7725372314453125,-0.0325701492764231,141.28668267182283,130.76271133422853,108.70860641479491,53.58261501213016,4.575728053361332,30448289500.0,3.9359182400444297,-0.3385025043484395,4.274420744392869,133.3706436066482,142.01409606933595,150.6575485320237,12.172668350425903,0.4852135368522803,73.00870625915364,80.00507522101832,-0.0128892722762834,0
2024-11-18,NVDA,139.9313201904297,141.32914493468758,136.9360010405669,139.2823404686185,221205300,-1.8271636962890625,-0.0128892722762834,141.15760053073777,131.43544174194335,109.0780499267578,50.90431939472533,4.593353395703511,30227084200.0,3.3605570852786,-0.7310909272914152,4.091648012570015,133.17511728732794,141.83637237548828,150.49762746364863,12.213023984047066,0.3900244730314698,61.45707490345365,73.1282154429049,0.0489477227020134,1
2024-11-19,NVDA,146.7806396484375,146.90046279249913,140.77004260660007,141.09952959154865,227834900,6.8493194580078125,0.0489477227020134,141.69312806575678,132.2126123046875,109.465908203125,59.14770654542937,4.7630526247296485,30454919100.0,3.4178630651147444,-0.5390279579642172,3.9568910230789616,133.10081784364297,142.00710525512696,150.91339266661095,12.543439140574185,0.7679867700628787,61.92896742988063,65.46491619749598,-0.0076183419035001,0
2024-11-20,NVDA,145.66241455078125,147.3298075633363,142.5073404172706,147.1800476536701,309871700,-1.11822509765625,-0.0076183419035001,142.07115535004485,132.79150802612304,109.8537105178833,57.45168380942569,4.767296519110795,30145047400.0,3.334607764431325,-0.497826606918109,3.8324343713494335,133.36909099551056,142.32311248779297,151.27713398007538,12.58266677248278,0.686469401813837,68.12390524973046,63.83664919435491,0.0053463538949598,1
2024-11-21,NVDA,146.44117736816406,152.65147472524168,140.4804899844899,149.11700420524105,400946600,0.7787628173828125,0.0053463538949598,142.48734792319905,133.34124893188476,110.23604331970216,58.347452713259,5.296131392085151,30545994000.0,3.2935015540069514,-0.4311462538739867,3.724647807880938,133.56554596753062,142.63562393188477,151.7057018962389,12.717829830064796,0.7097861479931766,74.31100300916854,68.12129189625988,-0.0321809483609176,0
2024-11-22,NVDA,141.7285614013672,146.93044074143577,140.87989650374584,145.7023485163706,236406200,-4.712615966796875,-0.0321809483609176,142.41508254016745,133.79753631591797,110.59709896087648,51.307981181296974,5.350018023914064,30309587800.0,2.8478278755082727,-0.7014559458981329,3.549283821406405,133.59614991429825,142.6560935974121,151.71603728052597,12.701796964498138,0.4488113707718912,56.35245376909524,66.26245400933142,-0.0417754636655077,0
2024-11-25,NVDA,135.8077850341797,141.82837577269152,135.60810012239304,141.76847182265374,344941900,-5.9207763671875,-0.0417754636655077,141.78581611102575,134.18173568725587,110.9161127471924,44.10792230309555,5.412179282941523,29964645900.0,1.993886817472884,-1.2443176031468175,3.2382044206197014,132.93665317895454,142.43144454956055,151.92623592016656,13.332437090185088,0.1511950996687299,31.91839866673884,54.19395181500088,0.0066167439992745,1
2024-11-26,NVDA,136.70639038085938,139.08268223719327,135.45834049580736,137.4851722903331,190287700,0.8986053466796875,0.0066167439992745,141.30206127958132,134.60767028808593,111.23904563903808,45.36114354193753,5.284476601401836,30154933600.0,1.373805938491131,-1.4915187857028562,2.865324724193987,132.4108756441575,142.21528244018555,152.0196892362136,13.788119852944345,0.2190604095722584,12.975478440440014,33.74877695875804,-0.0115396592772337,0
2024-11-27,NVDA,135.12884521484375,137.00591700209634,131.59437486042492,134.7993582371888,226370900,-1.577545166015625,-0.0115396592772337,140.7141359400825,135.04638442993163,111.5546897125244,43.51643283941382,5.293552711421092,29928562700.0,0.7464876190541361,-1.695069684111881,2.441557303166017,131.81277729887773,142.01559448242188,152.21841166596602,14.368587084719074,0.1625074651594471,8.40526699948859,17.766381368889153,0.0215014921287779,1
2024-11-29,NVDA,138.03431701660156,139.1326070072914,135.83775227020575,136.56660913585418,141863200,2.9054718017578125,0.0215014921287779,140.45891509022718,135.45334838867188,111.87601684570312,47.73239244046973,5.201424788637275,30070425900.0,0.478267454176148,-1.5706318791918954,2.0488993333680434,132.8525853332351,142.28966674804687,151.72674816285863,13.264605407393429,0.2745410077332585,18.209135787845195,13.196627075924605,0.0027486627835702,1
2024-12-02,NVDA,138.41372680664062,140.23087948399635,137.60499293345052,138.6134117376161,171682800,0.3794097900390625,0.0027486627835702,140.26413525369512,135.90524230957033,112.20544006347656,48.27532841378431,5.017457771630743,30242108700.0,0.2929394170335513,-1.4047679330675935,1.697707350101145,133.40245714825826,142.45091400146484,151.4993708546714,12.703964613541936,0.2769129443661146,26.58448467045079,17.732962485928198,0.0117580240152166,1
2024-12-03,NVDA,140.04119873046875,140.3207607312636,137.73480460641824,138.04431859051348,164414000,1.627471923828125,0.0117580240152166,140.24290320386405,136.3844938659668,112.54322525024412,50.6436916988995,4.843779082574644,30406522700.0,0.2742278671327938,-1.1387835863746811,1.413011453507475,134.05223073133348,142.6610870361328,151.26994334093214,12.068962158712424,0.3478376097296741,34.36072727929615,26.38478257919739,0.0347923344962921,1
2024-12-04,NVDA,144.91355895996094,145.56253876730494,140.07111960214385,141.77845844597738,231224300,4.872360229492188,0.0347923344962921,140.68772756158756,136.86913650512696,112.92114917755129,56.99266725428303,4.892176293593326,30637747000.0,0.6451210259206448,-0.6143123420694643,1.259433367990109,134.37284900790112,142.92217864990235,151.47150829190358,11.963615056475446,0.6164641201969402,45.25054906153432,35.39858700376042,-0.0004822547621341,0
2024-12-05,NVDA,144.8436737060547,146.32146235801875,143.73532840807314,144.89360218968224,172621200,-0.06988525390625,-0.0004822547621341,141.0835319562987,137.29966384887695,113.30860610961912,56.879648963453306,4.727458983332774,30465125800.0,0.9227801354750796,-0.2693225860120236,1.1921027214871032,134.373742440667,142.8952194213867,151.41669640210642,11.926888828366678,0.6143260897774209,55.429137978801016,45.01347143987717,-0.0180613591292049,0
2024-12-06,NVDA,142.22760009765625,145.482733396531,141.09928024490165,144.38438282581114,188505600,-2.616073608398437,-0.0180613591292049,141.1924908269042,137.66728622436523,113.6277508163452,52.66913569796678,4.7028871382111,30276620200.0,0.9211136783537484,-0.216791234506684,1.1379049128604324,134.47024951257842,142.57421188354493,150.67817425451145,11.368061957215454,0.4786146720565692,58.89020555414592,53.18996419816042,-0.0254846353857106,0
2024-12-09,NVDA,138.6029815673828,139.74128080496888,136.92549436926976,138.76274660606958,189308600,-3.6246185302734375,-0.0254846353857106,140.94587089742595,138.0151336669922,113.92737998962404,47.43034066956707,4.745688466080771,30087311600.0,0.6201676690391196,-0.4141897950570503,1.03435746409617,134.17212218218523,142.13437728881837,150.0966323954515,11.203841404889348,0.2782414859771543,48.900578250147056,54.40664059436466,-0.0269431831505199,0
2024-12-10,NVDA,134.8685760498047,141.60850970621567,133.5904709096604,138.80268748950093,210020900,-3.734405517578125,-0.0269431831505199,140.36708091193822,138.28749435424805,114.20696449279784,42.71611063192355,4.979427775400378,29877290700.0,0.0794150259340824,-0.7639539505296701,0.8433689764637525,133.18565126749186,141.62613677978516,150.06662229207845,11.919389604501358,0.0996936005554241,33.11002507126908,46.96693629185402,0.0313909878855001,1
2024-12-11,NVDA,139.10223388671875,139.9609519122756,135.00835767243856,137.15514511831444,184905200,4.233657836914063,0.0313909878855001,140.24661929048875,138.73318969726563,114.50966888427736,48.91516550021414,4.987495495905415,30062195900.0,-0.0074288986357942,-0.6806383000796374,0.6732094014438432,133.21350498031015,141.17831649780274,149.14312801529533,11.283335451328398,0.369671579388638,28.16257863435571,36.72439398525729,-0.0141409735894457,0
2024-12-12,NVDA,137.13519287109375,138.2335586289744,135.59749604609573,136.8755860719742,159211400,-1.967041015625,-0.0141409735894457,139.95029296483207,139.10260177612304,114.8077188873291,46.40259862988239,4.881584234813816,29902984500.0,-0.2322993034781859,-0.7244069639376234,0.4921076604594374,132.91099223113656,140.7329849243164,148.55497761749626,11.116075875725048,0.2700207482704728,29.111083120538428,30.12789560872108,-0.022498879529006,0
2024-12-13,NVDA,134.0498046875,139.3918327936691,132.34234795745746,138.73281333743972,231514900,-3.08538818359375,-0.022498879529006,139.38834170032425,139.33043106079103,115.08310974121092,42.69783082766184,5.036434277770803,29671469600.0,-0.6519603668923253,-0.9152544218814102,0.2632940549890848,132.2453818392235,140.1089241027832,147.97246636634287,11.224898505095972,0.1147334615748386,29.485658428670988,28.919773394521712,-0.0167599914764655,0
2024-12-16,NVDA,131.80313110351562,134.19954557462145,130.2254857362255,133.9798724705664,237951100,-2.246673583984375,-0.0167599914764655,138.66594069110437,139.47199142456054,115.3314603805542,40.18208909720469,4.960550389244029,29433518500.0,-1.1525467239376042,-1.1326726231413513,-0.0198741007962529,131.0031813002301,139.61115646362305,148.219131627016,12.331357151440596,0.0464656198525912,20.867900446294296,26.48821399850124,-0.0121969008491696,0
2024-12-17,NVDA,130.19554138183594,131.39374870651014,126.67080709010266,128.89747709842524,259410300,-1.6075897216796875,-0.0121969008491696,137.85923599498358,139.52548736572265,115.55700931549072,38.436953700586265,4.972819933827524,29174108200.0,-1.6598503521391024,-1.3119810010742796,-0.3478693510648228,129.59233505184844,139.12436752319337,148.6563999945383,13.702894239222116,0.0316410131732582,14.803783749236478,21.719114208067257,-0.0113504900969763,0
2024-12-18,NVDA,128.71775817871094,136.49613412730267,128.08869283192976,133.6603731199009,277444500,-1.477783203125,-0.0113504900969763,136.98861906010046,139.44618896484374,115.77152061462402,36.8524852899724,5.218150031080765,28896663700.0,-2.1562806257412603,-1.44672901974115,-0.7095516060001104,128.3453554269226,138.22122344970705,148.09709147249146,14.289944447464466,0.0188541782316845,12.71839213420896,16.130025443246584,0.0137303042671179,1
2024-12-19,NVDA,130.48509216308594,133.8301019554315,129.35678784338916,131.56348324328064,209719200,1.767333984375,0.0137303042671179,136.36923554609908,139.4070297241211,115.9812121963501,40.0360761875959,5.210592441483608,29106382900.0,-2.37966481712337,-1.3360905688986076,-1.0435742482247623,127.65804508972722,137.46235733032228,147.26666957091734,14.264722984540825,0.1441736556315106,15.921386717740411,14.481187533728622,0.0307621928437809,1
2024-12-20,NVDA,134.4990997314453,135.0782365234782,128.02876854092193,129.61639349168385,306528600,4.014007568359375,0.0307621928437809,136.19112737327492,139.4050180053711,116.19116313934326,46.618637159862416,5.341940694417371,29412911500.0,-2.207356502159058,-0.9310258031474368,-1.2763306990116214,127.90251148001828,136.86525344848633,145.82799541695437,13.097176591780403,0.3680005669378066,23.22149671565968,17.287091855869686,0.0368969065065614,1
2024-12-23,NVDA,139.46170043945312,139.58151660116854,134.91848306333998,136.0767567466981,176053500,4.9626007080078125,0.0368969065065614,136.50261052243476,139.50245819091796,116.45158767700195,53.42579918365746,5.323403278367789,29588965000.0,-1.6513250706831857,-0.2999954973372509,-1.3513295733459345,127.9827991823936,136.7519104003906,145.52102161838764,12.824846383969748,0.6545076788113461,41.44640595195026,26.863096461783453,0.0039379581218854,1
2024-12-24,NVDA,140.01089477539062,141.6883821217358,138.44322876231024,139.79122163679293,105157000,0.5491943359375,0.0039379581218854,136.83673283224007,139.54558380126954,116.72351299285889,54.12302364763666,5.174956855586202,29694122000.0,-1.153059015569653,0.1586164462210253,-1.3116754617906785,128.0926481202858,136.96206588745116,145.83148365461653,12.95164133177406,0.6718731132062717,57.60498944010092,40.75763070257029,-0.0020682768958278,0
2024-12-26,NVDA,139.7213134765625,140.63995487774488,137.52459740894255,139.49166074428362,116205600,-0.289581298828125,-0.0020682768958278,137.11145479836603,139.71211578369142,116.96334842681884,53.666816396154296,5.027842613673068,29577916400.0,-0.7726398564491035,0.4312284842732599,-1.2038683407223634,128.1637735813486,137.11281204223633,146.06185050312405,13.053540843624525,0.6457419948370305,67.45041182262464,55.50060240489194,-0.0208676066772847,0
2024-12-27,NVDA,136.8056640625,138.81267619141968,134.50910636621433,138.34337590905767,170582600,-2.9156494140625,-0.0208676066772847,137.0823318711407,139.73806365966797,117.1937218093872,49.17261138520121,5.041011506292718,29407333800.0,-0.698373062744821,0.4043962223820339,-1.102769285126855,128.29222626181314,137.1966529846191,146.10107970742513,12.980530543706854,0.4780452501721567,68.24881413254484,64.43473846509015,0.0035034647616871,1
2024-12-30,NVDA,137.2849578857422,140.06081067569033,133.82013169900247,134.628921256616,167734700,0.4792938232421875,0.0035034647616871,137.10162958681704,139.7494354248047,117.44118621826172,49.91512572965642,5.126702039892371,29575068500.0,-0.5939938958774746,0.4070203113995043,-1.001014207276979,128.26286987989437,137.15918502807617,146.05550017625796,12.97224848100511,0.5070688175705942,69.17947104023004,68.29289899846651,-0.0232742591590829,0
2024-12-31,NVDA,134.08975219726562,137.86412982039317,133.6304466398302,137.82418093259395,155659200,-3.1952056884765625,-0.0232742591590829,136.8147841211455,139.67553649902345,117.673208694458,45.17700464250228,5.062914978511699,29419409300.0,-0.760334388200306,0.1925438552613384,-0.9528782434616444,127.96930454387432,136.94298629760743,145.91666805134054,13.10571938928118,0.3410221033771982,62.52219552949714,66.65016023409068,0.0299348885818437,1
2025-01-02,NVDA,138.1037139892578,138.67287117142274,134.42920986844504,135.7971616952867,198247200,4.013961791992188,0.0299348885818437,136.93753934668,139.56789489746097,117.92221630096437,51.41614880702787,5.028643835343515,29617656500.0,-0.561791276121113,0.3128695738724252,-0.8746608499935382,127.96697362007512,136.8461120605469,145.72525050101868,12.976822368973483,0.5708177903262931,65.40337513411282,65.70168056794667,0.0445377821653749,1
2025-01-03,NVDA,144.25454711914062,144.6838985290199,139.52161059265686,139.8011917981673,229322500,6.1508331298828125,0.0445377821653749,137.6343972297715,139.58566619873048,118.19727115631105,59.09779612124048,5.139468171373413,29846979000.0,0.090829375055506,0.7723921800392354,-0.6815628049837293,128.0498859058234,136.81316146850585,145.5764370311883,12.810573878449176,0.9245778646014045,74.38279316102108,67.43612127487701,0.0343324096195143,1
2025-01-06,NVDA,149.2071533203125,151.93309314343088,147.599568879649,148.36840963752263,265377400,4.952606201171875,0.0343324096195143,138.73656447648972,139.7829638671875,118.49222747802736,64.02946448999393,5.320830875153188,30112356400.0,0.9961864554149144,1.342199408318915,-0.3460129529040006,127.3138779376516,137.03133544921874,146.74879296078586,14.182825380357231,1.126491953095773,87.65202569081634,75.81273132865009,-0.0621697325953832,0
2025-01-07,NVDA,139.9309844970703,152.90161576007478,139.80117351290727,152.80175881286766,351782200,-9.276168823242188,-0.0621697325953832,138.85031876416406,139.77776458740234,118.73549724578858,51.50367973083896,5.876517401725639,29760574200.0,0.9541799717294452,1.0401543397067567,-0.0859743679773114,127.3950764298041,136.91650466918946,146.43793290857482,13.908371766268118,0.6582997714256492,79.12593902397894,80.3869192919388,-0.000213837453221,0
2025-01-08,NVDA,139.90106201171875,143.73533196712347,137.3548616440079,142.36737985085435,227349900,-0.0299224853515625,-0.000213837453221,138.95038954964545,139.7494024658203,118.96437202453612,51.46870277572408,5.912514038967776,29533224300.0,0.9080080842927885,0.7951859618160799,0.1128221224767085,127.39738963727731,136.98140869140624,146.56542774553515,13.993167606736986,0.6523188395089156,62.497770992961165,76.42524523591882,-0.0299764761212125,0
2025-01-10,NVDA,135.7073211669922,139.7113355717742,134.0198390250661,137.24501786219508,207602500,-4.1937408447265625,-0.0299764761212125,138.64152589415465,139.65753356933592,119.16871921539308,46.683545835441855,5.910278963802411,29325621800.0,0.5269424289235758,0.3312962451574938,0.195646183766082,127.46938165248828,137.02334594726562,146.57731024204298,13.945016783423547,0.4311267689689375,43.05169627333368,61.5584687634246,-0.0197188688866238,0
2025-01-13,NVDA,133.0313262939453,133.29094833912805,129.31687225149923,129.7961674567433,204808900,-2.675994873046875,-0.0197188688866238,138.1072211703252,139.49756744384766,119.37187034606931,43.88011957590312,5.944576817494593,29120812900.0,0.0089119976200322,-0.1493873489168398,0.158299346536872,127.06409946799576,136.71980056762695,146.3755016672581,14.124802785760505,0.3090001836416352,32.905231467273275,46.15156624452271,-0.0110336358717788,0
2025-01-14,NVDA,131.56350708007812,136.1766278538369,129.85606565410438,135.84711813885167,195590500,-1.4678192138671875,-0.0110336358717788,137.48401030458737,139.34638549804689,119.57921741485596,42.37688650486641,5.971432916225873,28925222400.0,-0.5141448530558534,-0.5379553596741804,0.0238105066183269,126.53136818374736,136.44121627807618,146.351064372405,14.526179646672013,0.2538958644184738,20.16984923601253,32.042258992206506,0.0340013959401754,1
2025-01-15,NVDA,136.03684997558594,136.24652830000477,131.0942190240699,133.45070049814615,185217300,4.4733428955078125,0.0340013959401754,137.34618551134915,139.41606506347657,119.80840209960938,48.2009321280385,5.912924084776516,29110439700.0,-0.5612401620285823,-0.4680405349175274,-0.0931996271110549,126.68894236681214,136.54056854248046,146.39219471814877,14.430328335132543,0.4744347502680008,19.377074721699817,24.150718474995216,-0.0195979702783223,0
2025-01-16,NVDA,133.3708038330078,138.54307117698642,133.2909213149963,138.4332346192246,209235600,-2.666046142578125,-0.0195979702783223,136.96757773245952,139.3797055053711,120.02422161102297,45.26458912048409,5.865725926006059,28901204100.0,-0.8044183424034372,-0.5689749722339059,-0.2354433701695313,126.8952295742986,136.61895217895508,146.3426747836116,14.23480776213177,0.3329781464358204,18.40249556447347,19.316473174061944,0.0309950507911995,1
2025-01-17,NVDA,137.504638671875,138.29345383465838,135.25799411499426,136.4861555399997,201188800,4.133834838867188,0.0309950507911995,137.01872639335622,139.41304351806642,120.26525749206544,50.31837971885719,5.798363359980667,29102392900.0,-0.6560107946689584,-0.3364539395995416,-0.3195568550694168,127.7150273921862,136.98440704345705,146.25378669472786,13.533481439723596,0.5280618362819269,26.79935261125691,21.526307632476733,0.0226562624840425,1
2025-01-21,NVDA,140.61997985839844,141.6184885428412,136.88555189361048,138.95247218370304,197749000,3.115341186523437,0.0226562624840425,137.3617029138364,139.43160858154295,120.52430576324464,53.78175453359291,5.722261452069955,29300141900.0,-0.2837439227934055,0.0286503458208089,-0.3123942686142145,129.00742669312876,137.57951812744142,146.15160956175407,12.46129009751616,0.677346552720294,33.27688738021471,26.15957851864837,0.0443088734396008,1
2025-01-22,NVDA,146.85069274902344,147.56960504936464,143.45575377479585,144.4442829463215,237651400,6.230712890625,0.0443088734396008,138.26541623147327,139.4609652709961,120.8297762298584,59.81540497058649,5.809930290562544,29537793300.0,0.5081886310369441,0.656466319720927,-0.1482776886839828,129.57016072915545,138.39779815673828,147.2254355843211,12.756904438010428,0.9787744547523698,52.32859469984172,37.46827823043778,0.0010198454760059,1
2025-01-23,NVDA,147.00045776367188,147.0104373660888,143.50567717742842,144.83369562852502,155915500,0.1497650146484375,0.0010198454760059,139.0973249488255,139.42801940917968,121.12549869537354,59.95074257218965,5.645275283283818,29693708800.0,1.134804352374147,1.0264656328465036,0.108338719527643,129.6353464921043,139.02286605834962,148.41038562459494,13.505000770600224,0.92490413197152,65.74944462109715,50.45164223371787,-0.031245958250007,0
2025-01-24,NVDA,142.40728759765625,148.74782312135466,141.66840100577613,148.14871188401736,234657600,-4.593170166015625,-0.031245958250007,139.4125594868094,139.32817169189454,121.402622756958,53.94959988068852,5.74771434273344,29459051200.0,1.246403615365011,0.9104519166698946,0.3359516986951167,129.66798221633996,139.17014541625977,148.67230861617958,13.655462055455512,0.6703371176272682,68.27552359330495,62.11785430474794,-0.16968153408129,0
2025-01-27,NVDA,118.24340057373048,128.20851331467108,116.5259643596482,124.61389107098998,818830900,-24.16388702392578,-0.16968153408129,137.3964491141352,138.79237197875975,121.56780708312988,34.42585665612559,7.185829263824484,28640220300.0,-0.6079686177087638,-0.7551362531231045,0.1471676354143407,124.92892973992136,138.08177070617677,151.23461167243218,19.050799970176005,-0.2541477230410947,45.06801677209055,59.69766166216422,0.0892585743856511,1
2025-01-28,NVDA,128.79763793945312,128.8076175411123,116.0766320864675,121.62833781559046,579666400,10.554237365722656,0.0892585743856511,136.57751471654643,138.40715194702148,121.77735206604004,43.9644295078183,7.581911848883079,29219886700.0,-1.2119624735042578,-1.0873040871348787,-0.124658386369379,123.80586141283511,137.53558692932128,151.26531244580747,19.965342531372336,0.1817871930733087,31.589876843418978,48.31113906960483,-0.0410108801426202,0
2025-01-29,NVDA,123.51553344726562,126.70077890376498,119.87098248262684,126.31136108771857,467120600,-5.2821044921875,-0.0410108801426202,135.33351650042445,137.95662612915038,121.94263244628908,40.768205664617135,7.677964963736166,28752766100.0,-2.0927299556438186,-1.5744572554195515,-0.518272700224267,121.83961641496867,136.87108039855957,151.90254438215047,21.964411970476544,0.0557469663010358,20.678293784711787,32.445395800073776,0.0076798883814794,1
2025-01-30,NVDA,124.46411895751952,124.81359550131975,117.92388350604344,122.91642732609624,392925500,0.9485855102539062,0.0076798883814794,134.29833578205256,137.5152880859375,122.12478477478028,41.58946647552492,7.6216611802747485,29145691600.0,-2.6832705353552058,-1.731998268104751,-0.9512722672504548,120.25964553566804,136.23003845214845,152.20043136862884,23.44621362210081,0.13163337445232,27.661972111869005,26.64338091333326,-0.0367429068011968,0
2025-01-31,NVDA,119.89094543457033,127.65934229890306,119.01226047612724,123.59541198682592,388161100,-4.573173522949219,-0.0367429068011968,132.92620336800664,137.07793731689452,122.29497730255127,38.796626503315736,7.6949055118819665,28757530500.0,-3.4801777602035884,-2.023124394362507,-1.4570533658410816,118.0411274392637,135.52009811401368,152.99906878876365,25.795392591945788,0.0529155300311489,20.03875683521926,22.79300757726669,-0.0284001001377977,0
2025-02-03,NVDA,116.48603057861328,118.39317826666118,112.84147223806173,114.57887527254844,371235700,-3.4049148559570312,-0.0284001001377977,131.36047262615966,136.6090315246582,122.44108745574952,36.81439822431651,7.648803203641011,28386294800.0,-4.336492266640335,-2.303551120639402,-2.0329411460009323,115.15281187677613,134.43921394348143,153.72561601018674,28.691631706227252,0.0345636966715199,15.832484830262803,21.177737925783696,0.017058031680128,1
2025-02-04,NVDA,118.47305297851562,121.01924546805154,116.52595653802958,116.78557092036436,256550000,1.987022399902344,0.017058031680128,130.13309932638404,136.04287979125976,122.61400356292724,38.780169639575774,7.426261181197957,28642844800.0,-4.799466320789279,-2.213220139830677,-2.586246180958602,113.22442829808251,133.1501392364502,153.07585017481787,29.929688474427003,0.1317048284166032,12.503036590767456,16.124759418749843,0.0520859065589078,1
2025-02-05,NVDA,124.64382934570312,124.81357397798936,120.57989968170044,121.57840827352436,262230800,6.1707763671875,0.0520859065589078,129.61031170917633,135.6225080871582,122.8145990753174,44.54970065746902,7.348708311074798,28905075600.0,-4.61524484308714,-1.6231989297028306,-2.9920459133843096,113.1095752935144,131.92197303771974,150.7343707819251,28.5204917892282,0.3065599135480097,19.56802967545461,15.967850365494964,0.0308420306003751,1
2025-02-06,NVDA,128.48809814453125,128.5779755110731,125.02327919443763,127.22998260932282,251483600,3.844268798828125,0.0308420306003751,129.50343422682917,135.26344650268555,123.07669773101809,47.84719946857745,7.104811014953025,29156559200.0,-4.111651076398758,-0.8956841304115581,-3.2159669459872,112.85317067463431,131.34982872009277,149.84648676555125,28.163962185097247,0.4226419559541952,30.710039626961063,20.927035297727716,0.0090144450582831,1
2025-02-07,NVDA,129.64634704589844,130.17555536084487,124.81356929927792,129.02727661770408,228186300,1.1582489013671875,0.0090144450582831,129.51704497150243,135.02180221557617,123.32802631378172,48.83445860167069,6.980323518282591,29384745500.0,-3.57784520921021,-0.289502610578408,-3.288342598631802,112.75311058789023,130.83709297180175,148.92107535571327,27.643509914744147,0.4670773311811378,41.08266526051502,30.45357818764357,0.0287278189626956,1
2025-02-10,NVDA,133.3708038330078,134.79866384787866,129.76618710141213,129.89598286165247,216989100,3.724456787109375,0.0287278189626956,129.88406962497913,134.97306259155275,123.5834772491455,51.98221676320716,6.849751609975279,29601734600.0,-2.8217404104844093,0.3732817505179144,-3.195022161002324,112.73371826047716,130.72026710510255,148.70681594972794,27.51914334777748,0.5736810810901414,49.18427242528478,40.32565910425362,-0.0057648288919659,0
2025-02-11,NVDA,132.60194396972656,134.2794310897884,130.82459989612354,132.38227086076154,178902400,-0.76885986328125,-0.0057648288919659,130.14291480066936,134.89097366333007,123.84879013061524,51.28084561529632,6.607257294524534,29422832200.0,-2.2585275753856706,0.7491956684933228,-3.0077232438789934,112.72231228400489,130.6987979888916,148.67528369377834,27.50826477595393,0.5529343168647696,53.00332367387552,47.75675378655845,-0.0124999410255297,0
2025-02-12,NVDA,130.94442749023438,132.04279313100764,128.88750205027108,129.8261026458349,160278600,-1.6575164794921875,-0.0124999410255297,130.2192493425327,134.8072853088379,124.0910659790039,49.72327350790556,6.400627624876744,29262553600.0,-1.9237492889813552,0.8671791639181108,-2.790928452899466,112.69528915176936,130.6678440093994,148.64039886702943,27.50876467562624,0.5076946066662735,54.20838481431751,52.131993637825936,0.0316454766922711,1
2025-02-13,NVDA,135.08822631835938,136.29642846871295,130.97437562399168,131.36379338160384,197430000,4.143798828125,0.0316454766922711,130.68296143546857,134.74836349487305,124.32858982086182,53.52384305832387,6.3257257215625895,29459983600.0,-1.3089760892530933,1.1855618909170982,-2.4945379801701915,112.69985367843742,130.6204128265381,148.54097197463875,27.43914026959767,0.6246560850835622,66.76644732626823,57.992718604820425,0.0263140476002756,1
2025-02-14,NVDA,138.6429443359375,139.04234173663804,135.29793396994222,136.2764682668825,195479600,3.554718017578125,0.0263140476002756,131.44105504503705,134.75294784545898,124.58377754211426,56.55763848539885,6.156324985613738,29655463200.0,-0.5288318192403949,1.5725649287438372,-2.101396747984232,112.65690384964202,130.88401985168457,149.11113585372712,27.852316917981568,0.7128401575812503,81.24720464321321,67.40734559459965,0.0039609936227893,1
2025-02-18,NVDA,139.19210815429688,143.226091877041,137.72429913092634,141.05932980350207,219176600,0.549163818359375,0.0039609936227893,132.17925057925223,134.73596603393554,124.8484743499756,57.02436218850304,6.109572682792376,29874639800.0,0.132226837296713,1.7868988682247562,-1.6546720309280432,112.60436245685636,130.96839332580566,149.33242419475496,28.04345445891777,0.7239082172965694,93.3493578334286,80.45433660097002,-0.0012194568483946,0
2025-02-19,NVDA,139.02236938476562,141.14919790373787,137.01537227663152,139.30195061666387,167536000,-0.16973876953125,-0.0012194568483946,132.83097617977734,134.61814224243165,125.12909851074218,56.82116374667248,5.9684478931005165,29707103800.0,0.6351030129424089,1.8318200350963616,-1.196717022153953,112.67986684159462,130.888512802124,149.0971587626534,27.823138288777184,0.7233514946765742,90.45473288308078,88.35043178657419,0.0063205125250109,1
2025-02-20,NVDA,139.90106201171875,140.45024487315197,136.5860056380014,139.8211794831435,143903600,0.878692626953125,0.0063205125250109,133.50431768758128,134.5192900085449,125.40026008605956,57.66222681831138,5.81814727467552,29851007400.0,1.0919518158070218,1.83093507036878,-0.7389832545617581,113.32595691277083,130.5410312652588,147.75610561774675,26.374963006852607,0.7718556584423703,87.31514362888568,90.37307811513168,-0.0405397534791738,0
2025-02-21,NVDA,134.22950744628906,141.2490371129211,133.83011008980694,139.83114145453473,228217600,-5.671554565429688,-0.0405397534791738,133.57338337888677,134.35932815551757,125.62822956085203,50.78598239983163,5.93248868527828,29622789800.0,0.9850061909993996,1.379191556448926,-0.3941853654495265,114.30548915370326,129.90248374938966,145.49947834507606,24.01338934485104,0.6387133806565565,81.87094108280381,86.54693919825677,-0.0308708841161027,0
2025-02-24,NVDA,130.08572387695312,138.38332947991822,129.88602516626045,136.35635785611953,251381100,-4.1437835693359375,-0.0308708841161027,133.24122533108357,134.18898300170898,125.8187540435791,46.42952227600045,6.115689801591101,29371408700.0,0.5594335085848456,0.7628950992274978,-0.2034615906426521,114.77845179224045,129.2864055633545,143.79435933446854,22.443123401717106,0.5275475896259785,70.07774846701791,79.75461105956914,-0.028016674607738,0
2025-02-25,NVDA,126.44115447998048,130.00583024952502,124.25442559786757,129.78615711570163,271428700,-3.644569396972656,-0.028016674607738,132.59359953574042,134.0204345703125,125.9989719772339,42.94059596848524,6.095376121412135,29099980000.0,-0.0711025735051009,0.1058872137100409,-0.1769897872151419,116.02010263996678,129.696293258667,143.37248387736722,21.08956281645513,0.3809924901808696,49.01941196356362,66.98936717112845,0.0367211039471377,1
2025-02-26,NVDA,131.08421325683594,133.53055638167015,128.29838085048883,129.79614381296275,322553800,4.643058776855469,0.0367211039471377,132.44984846155904,133.86007415771485,126.2031139755249,48.27338364185211,6.166377962860532,29422533800.0,-0.1939155835585495,-0.013540637074726,-0.1803749464838234,116.12816414300345,129.81062202453614,143.49307990606886,21.080644508346204,0.5465410251333119,37.555726493664,52.217628974748514,-0.0847804640697216,0
2025-02-27,NVDA,119.97083282470705,134.80866645811508,119.83104220333566,134.7986868551725,443175800,-11.113380432128906,-0.0847804640697216,131.26137078185886,133.51678695678712,126.35999969482424,38.90161818078675,6.795752697997596,28979358000.0,-1.174464209000348,-0.7952714100132197,-0.3791927989871284,115.54357979404742,129.6333869934082,143.723194192769,21.737929596913563,0.1571083609597036,20.82643788894211,35.80052544872325,0.0397003030305536,1
2025-02-28,NVDA,124.73371124267578,124.90345590188022,116.22642004317107,117.8439993429124,389091100,4.76287841796875,0.0397003030305536,130.63968892098427,133.33046508789062,126.53505458831788,43.92600604829417,6.930130066619849,29368449100.0,-1.5493713869415728,-0.9361428703635556,-0.6132285165780174,115.57636419296,129.64686660766603,143.71736902237205,21.705888900941687,0.3254093841078774,22.70210893431773,27.028091105641284,-0.0869356882523848,0
2025-03-03,NVDA,113.88990020751952,123.51552349340125,112.11255593535712,123.32581202011416,411381400,-10.84381103515625,-0.0869356882523848,129.04447094827333,132.97220046997072,126.65328987121582,36.55541525079519,7.336631869526908,28957067700.0,-2.690478786857369,-1.6618002162234813,-1.028678570633888,114.23920992986098,129.3468143463135,144.45441876276595,23.359839966376526,-0.0115607250730314,12.606279395701137,18.711608739653663,0.0169209387305289,1
2025-03-04,NVDA,115.81702423095705,119.13207287466712,109.9457957033308,110.48499132597254,398163300,1.9271240234375,0.0169209387305289,127.78471411805272,132.68463012695312,126.77638404846192,38.52947332749827,7.468749391084724,29355231000.0,-3.4001173827923026,-1.897151049726732,-1.502966333065571,114.08949041548084,129.31336402893066,144.5372376423805,23.545708098729627,0.0567376562411149,18.287690534396894,17.865359621471928,0.0112940601114506,1
2025-03-05,NVDA,117.12506866455078,118.10360288358513,114.33922859376143,117.40464986998916,284337900,1.30804443359375,0.0112940601114506,126.7695097891478,132.45277633666993,126.88967674255372,39.89645585393059,7.204151169566079,29639568900.0,-3.813008836382963,-1.8480340026539133,-1.9649748337290491,113.8201229488443,129.24596481323243,144.67180667762057,23.87051988304521,0.1071236741813174,14.975448449885109,15.289806126661054,-0.0573742508785768,0
2025-03-06,NVDA,110.40510559082033,115.17797591196371,110.05562907278994,113.3606904001891,321181900,-6.719963073730469,-0.0573742508785768,125.2109951035928,132.0511766052246,126.9707222366333,35.52559964645936,7.194528914008562,29318387000.0,-4.629111629705903,-2.131309436781483,-2.4978021929244205,111.13607329278084,128.53402862548828,145.9319839581957,27.07136081978748,-0.02100728758012,13.531341293578803,15.598160092620274,0.0191734956034193,1
2025-03-07,NVDA,112.52195739746094,113.31078025161912,107.3996024558792,111.0841023095759,341755500,2.116851806640625,0.0191734956034193,124.00251532205642,131.6116337585449,127.07173583984375,37.83595980583559,7.102860976989374,29660142500.0,-5.046889325030804,-2.039269705685107,-3.007619619345697,108.98961435661072,127.73572158813477,146.48182881965883,29.35139364064212,0.0942153748835416,12.416647672304997,13.641145805256306,-0.0506699742170005,0
2025-03-10,NVDA,106.82047271728516,111.6832056040394,105.30273510444512,109.7361165287707,366487400,-5.701484680175781,-0.0506699742170005,122.3661303120782,130.95880920410156,127.13275680541992,34.27362595795883,7.111172499562692,29293655100.0,-5.771512914658018,-2.2111146362498566,-3.5603982784081616,105.7865985739353,126.5944278717041,147.4022571694729,32.87321511315853,0.024843392565238,6.633345374760598,10.860444780214804,0.0166384630773435,1
2025-03-11,NVDA,108.5978012084961,112.0726069900584,104.61374627233778,106.83043665954976,354865700,1.7773284912109375,0.0166384630773435,121.05486087364184,130.33054733276367,127.19963973999025,36.28743989770327,7.136007372288258,29648520800.0,-6.131684532136504,-2.0570290029826737,-4.07465552915383,103.39170244667348,125.35577774047852,147.31985303428354,35.04278093870838,0.1185139527201262,9.798273534245489,9.616088860437031,0.0642759997080257,1
2025-03-12,NVDA,115.57803344726562,116.59661034457648,112.72203506897392,113.96030532134075,323857500,6.980232238769531,0.0642759997080257,120.533258261606,129.84768173217773,127.30360008239748,43.596664523576685,7.197636069701983,29972378300.0,-5.787165882542453,-1.3700082827108986,-4.417157599831555,102.41064775474683,124.50458221435548,146.5985166739641,35.49095794975678,0.2979864386895632,15.008452303964432,10.480023737656843,-0.0013824634742628,0
2025-03-13,NVDA,115.41825103759766,117.59520049683546,113.63075517539951,116.86621875800482,299033100,-0.1597824096679687,-0.0013824634742628,120.04611471646234,129.41993347167968,127.36259284973144,43.47371784169459,6.966693873397266,29673345200.0,-5.464039430411887,-0.8375054644642654,-4.626533965947622,101.50330365567248,123.72827339172365,145.95324312777478,35.92545038705408,0.3130476114744426,24.26596795453791,16.357564597582613,0.0526907508087102,1
2025-03-14,NVDA,121.49972534179688,121.7094305400334,117.98465480860956,118.44401014075396,277593500,6.081474304199219,0.0526907508087102,120.18455382363706,129.10422882080078,127.43866607666016,49.33068966563135,6.918442846900016,29950938700.0,-4.663477571223481,-0.0295548842206878,-4.633922687002793,101.43204040639436,123.04884834289552,144.66565627939667,35.13532751848669,0.4641685533393934,39.28207945837922,26.185499905627196,-0.0175885884596073,0
2025-03-17,NVDA,119.36271667480467,122.71801496792264,117.86481592318836,122.56822336901756,255501500,-2.1370086669921875,-0.0175885884596073,120.10628361898635,128.80968811035157,127.46695854187011,47.469381111949225,6.770925432459605,29695437200.0,-4.153585323685235,0.3842698906540471,-4.537855214339282,101.64831423840243,122.08483695983888,142.5213596812753,33.47921532329072,0.4334006004314307,45.5879645948178,36.37867066924498,-0.0343009413164879,0
2025-03-18,NVDA,115.26846313476562,118.853435494066,114.37970924440413,117.83486627342975,299686900,-4.094253540039063,-0.0343009413164879,119.64553881096532,128.3529830932617,127.47016765594482,44.04083596178124,6.643217003741103,29395750300.0,-4.033369909877067,0.4035882435697724,-4.436958153446839,101.84426188803276,120.8886547088623,139.93304752969186,31.50732856891229,0.3524449787669345,46.68518862793521,43.85174422704409,0.0181062037527564,1
2025-03-19,NVDA,117.35553741455078,120.28143743378796,115.51811599486,117.10588726826336,273426200,2.087074279785156,0.0181062037527564,119.42744343987825,127.81500289916993,127.50539978027344,46.17500189352932,6.526771096261192,29669176500.0,-3.726729458963277,0.5681829555868498,-4.294912414550127,102.63776687300398,119.80531311035156,136.97285934769914,28.659073277551077,0.4286509655505877,48.97719974229452,47.08345098834918,0.0085942520571902,1
2025-03-20,NVDA,118.36412048339844,120.03178155242584,116.30700581426808,116.3868956857552,248829700,1.0085830688476562,0.0085942520571902,119.32617458688016,127.19814224243164,127.55000232696533,47.22252597608247,6.326628570682376,29918006200.0,-3.3635574710291394,0.7450839548167902,-4.10864142584593,104.24627601433696,118.72846603393556,133.21065605353414,24.395480718935964,0.4874209097503884,56.94406495905079,50.868817776426845,-0.0070024781133078,0
2025-03-21,NVDA,117.5352783203125,117.82487338576216,115.25847035053428,116.77634740953133,266498500,-0.8288421630859375,-0.0070024781133078,119.15561303768324,126.75022811889647,127.56367210388184,46.42295391616368,6.096558682266791,29651507700.0,-3.1068083371271484,0.8014664709750252,-3.9082748081021736,105.27729162983935,117.89375457763671,130.51021752543406,21.40310653943761,0.4857933139102668,68.97286245460693,58.298042385317416,0.031520908262874,1
2025-03-24,NVDA,121.24009704589844,122.04896105750126,119.17298658297102,119.71223179694545,228452500,3.7048187255859375,0.031520908262874,119.35413532417992,126.37700881958008,127.58869331359864,50.46069198517073,5.983496114761217,29879960200.0,-2.57470529015292,1.0668556143594032,-3.6415609045123234,106.0101680362091,117.45147323608398,128.8927784359589,19.482608237492663,0.6655678151936666,78.65198076262655,68.18963605876142,-0.0059303329355865,0
2025-03-25,NVDA,120.52110290527344,121.12026171196634,118.7535756640042,120.381299437669,167447200,-0.718994140625,-0.0059303329355865,119.46527509380788,126.0732844543457,127.58015644073488,49.678220572252926,5.73371220527072,29712513000.0,-2.1858297256485457,1.164584943091023,-3.3504146687395684,106.37239845792269,117.15547065734864,127.9385428567746,18.408141145988537,0.6560609159282073,83.69156876531991,77.10547066085114,-0.0574198474616163,0
2025-03-26,NVDA,113.60079956054688,118.6736845133834,112.55226594608844,118.5638454632065,293463300,-6.9203033447265625,-0.0574198474616163,118.90675361444968,125.68467391967772,127.54421550750732,42.79908011731711,5.893363973407454,29419049700.0,-2.408292388073193,0.7536978245331007,-3.1619902126062933,107.50957769273016,116.2812999725342,125.0530222523382,15.087072954767304,0.347207861439088,76.44745997543153,79.59700316779266,-0.0204816907908752,0
2025-03-27,NVDA,111.27406311035156,114.28983351449122,110.5051440147698,111.19417323533278,236902100,-2.3267364501953125,-0.0204816907908752,118.17983070929748,125.2788850402832,127.49719005584716,40.75563689711647,5.742744368144165,29182147600.0,-2.7407501750246155,0.3369920300653426,-3.077742205089958,106.98763947795358,115.8464614868164,124.70528349567924,15.294074407047788,0.2419296622118392,58.09813381535796,72.74572085203648,-0.0157946766089946,0
2025-03-28,NVDA,109.51652526855467,112.712051739216,108.91736643615504,111.33397804410713,229872500,-1.757537841796875,-0.0157946766089946,117.35475400065532,124.74847854614258,127.43687465667723,39.23190110791944,5.603597292066794,28952275100.0,-3.110191628819095,-0.0259595389833093,-3.0842320898357856,106.816377511283,115.08560218811036,123.3548268649377,14.370563336517264,0.1632648684004341,37.83665511521311,57.46074963533422,-0.0117626118547777,0
2025-03-31,NVDA,108.22832489013672,110.80471613819728,103.5049485540766,104.98287310192076,299212700,-1.2882003784179688,-0.0117626118547777,116.48557027584404,124.24562896728516,127.37446105957032,38.10731238249726,5.724752312927787,28653062400.0,-3.466958705382936,-0.3061812924377203,-3.160777412945216,106.0174194303644,114.8025234222412,123.587627414118,15.30472280572679,0.1258326288349366,29.48454408881607,41.806444339795725,0.0163315134963701,1
2025-04-01,NVDA,109.99585723876952,110.04578269736857,106.32100673854832,108.36813339033893,222614000,1.7675323486328125,0.0163315134963701,115.86750236755124,123.69545333862304,127.29947044372558,40.62235846387362,5.5818968590629625,28875676400.0,-3.565967837781244,-0.3241523398688226,-3.2418154979124214,105.49735624933324,114.51146507263184,123.52557389593042,15.743591818655284,0.2495255536414812,28.482934210060492,31.9347111380299,0.0024510699831183,1
2025-04-02,NVDA,110.26546478271484,111.82328673498284,106.64054773013802,107.1398479774266,220601200,0.2696075439453125,0.0024510699831183,115.3339749785192,123.08836303710936,127.20381412506104,41.01608037695127,5.553385583761666,29096277600.0,-3.581394130738332,-0.2716629062607283,-3.309731224477604,105.05678168048924,114.16848487854004,123.28018807659085,15.961853584628756,0.2858237910635551,31.185029434686616,29.717502577854404,-0.0780654707437322,0
2025-04-03,NVDA,101.65753936767578,105.48217369637304,101.45781468579652,103.36514539947606,338769400,-8.607925415039062,-0.0780654707437322,114.03145730129602,122.18449996948242,127.05378677368164,33.40096059773919,5.785833048987142,28757508200.0,-4.239338762252132,-0.7436860302196227,-3.495652732032509,103.20827031456574,113.7311065673828,124.25394282019988,18.50476368412464,-0.0736840766896287,23.30344346201388,27.657135702253672,-0.0735756811703471,0
2025-04-04,NVDA,94.17801666259766,99.98987163475934,91.98109847139008,98.7715853475697,532273800,-7.479522705078125,-0.0735756811703471,112.1406534309438,121.12805114746094,126.87085445404053,28.457031334554976,6.063733609508468,28225234400.0,-5.303167976951485,-1.4460121959351806,-3.8571557810163046,99.26631425292864,112.81390953063963,126.36150480835065,24.017597358473857,-0.1877933864286029,14.477679425129764,22.9887174406101,0.0353089301521432,1
2025-04-07,NVDA,97.50334167480467,101.6075898958186,86.49876870613649,87.33758937851368,611041300,3.3253250122070312,0.0353089301521432,110.74662373988292,120.2299722290039,126.6815866470337,33.191689995696315,6.709811293806586,28836275700.0,-5.810949349580312,-1.563034854851206,-4.247914494729106,97.43605481775526,112.34805297851562,127.260051139276,26.546073145766027,0.0022561314829854,13.066997760877166,16.94937354934028,-0.0137236757742083,0
2025-04-08,NVDA,96.1652374267578,105.70186824827938,94.3278084260022,103.66472218207365,476243400,-1.338104248046875,-0.0137236757742083,109.35792028149004,119.78840896606444,126.50958881378172,32.266327717674805,7.042971902983057,28360032300.0,-6.2493054721441865,-1.6011127819320643,-4.648192690212122,95.2830118561783,111.7264247894287,128.16983772267912,29.435136699740244,0.0268261088546754,21.817536047569405,16.45407107785879,0.1872274103757605,1
2025-04-09,NVDA,114.17000579833984,114.9389248904037,97.39351305704147,98.751610451276,612918300,18.00476837158203,0.1872274103757605,109.81621414023766,119.4958563232422,126.44863018035888,51.75611094292602,7.880880157316116,28972950600.0,-5.085251903517957,-0.3496473706446679,-4.735604532873289,95.2672088295463,111.65602340698244,128.04483798441854,29.35589872782669,0.5766981156409762,45.32772359681951,26.737419135088704,-0.05912716977811,0
2025-04-10,NVDA,107.4194564819336,110.70485307181583,99.01124202201945,109.21694044618194,437812400,-6.75054931640625,-0.05912716977811,109.58795150611348,119.17393478393556,126.39614917755128,46.368883799081615,8.400728987244994,28535138200.0,-4.653797891760362,0.0654453128903416,-4.719243204650704,94.86363832704642,111.25608367919922,127.64852903135204,29.467953230170345,0.3829757514865905,54.62548370373327,40.5902477827074,0.0312355754032245,1
2025-04-11,NVDA,110.77476501464844,111.39390013023588,107.32959598741144,108.34816524857224,313417300,3.355308532714844,0.0312355754032245,109.70098136406918,118.90014770507813,126.32061046600342,49.19930665248905,8.09098435550067,28848555500.0,-3.995069448123914,0.5793390052214322,-4.574408453345346,95.0156352211716,110.7198356628418,126.424036104512,28.36745619726496,0.5017488745132443,68.93456298027546,56.29592342694275,-0.0019832679842997,0
2025-04-14,NVDA,110.55506896972656,114.13006086401796,108.91736463288024,113.95031245540224,264705000,-0.219696044921875,-0.0019832679842997,109.78232304079846,118.71343017578126,126.2424257659912,49.01689409339727,7.885392346617603,28583850500.0,-3.4509694181105037,0.8987512281878747,-4.349720646298378,95.08367372843578,110.27945327758788,125.47523282674,27.55867770019195,0.5090688237232966,67.91128176438004,63.82377614946293,0.0134585182166129,1
2025-04-15,NVDA,112.04297637939452,113.46099492172468,110.3453585264742,110.81470199440513,228966900,1.4879074096679688,0.0134585182166129,109.99762335876,118.62456909179689,126.18371078491212,50.35926432932928,7.544695492948524,28812817400.0,-2.8666594654129653,1.1864489447083306,-4.053108410121296,95.06986882427957,110.11817893981932,125.1664890553591,27.331200461939737,0.5639539398376547,78.23431004427023,71.69338492964192,-0.0687165205710018,0
2025-04-16,NVDA,104.3437728881836,106.64055727885454,100.30942561460589,104.40369410395132,397016900,-7.6992034912109375,-0.0687165205710018,109.45916140918128,118.34198348999024,126.0887461090088,43.91577451395809,7.843899440937104,28415800500.0,-2.9903797585766085,0.8501829212357501,-3.840562679812359,94.60315467697272,109.46759071350098,124.33202675002924,27.15769286533678,0.327648428345146,75.77681661905841,73.97413614256956,-0.0287109750728747,0
2025-04-17,NVDA,101.34796142578124,104.3237942331935,99.90998190333625,104.30381795694564,292517500,-2.995811462402344,-0.0287109750728747,108.686666172667,117.8760661315918,125.97500862121582,41.681002185393126,7.600320265502122,28123283000.0,-3.2922153213485785,0.4386778867710244,-3.730893208119603,93.93986245839172,108.61678276062013,123.2937030628485,27.02514276191509,0.2523723919882823,68.25842094257645,74.08984920196838,-0.045127402536006,0
2025-04-21,NVDA,96.7743911743164,99.30084956133582,94.90700524452376,98.63178134580184,288501100,-4.573570251464844,-0.045127402536006,107.55216379187172,117.2417919921875,125.84653984069824,38.46303337782352,7.517508545198933,27834781900.0,-3.8560212629950423,-0.1001024439003517,-3.755918819094691,92.63744059174796,107.57873840332032,122.52003621489266,27.77741779338656,0.1384401353463512,50.36284973432768,64.79936243198752,0.0204310597581456,1
2025-04-22,NVDA,98.75159454345705,99.67030509782194,97.14384726396014,98.64174788818332,241004800,1.977203369140625,0.0204310597581456,106.71401433964176,116.62389694213869,125.69995319366456,40.59816289606464,7.187394643649405,28075786700.0,-4.09608067770975,-0.2721294868920472,-3.823951190817703,92.43852922598091,106.45431327819824,120.47009733041556,26.332017220551148,0.2252127064014434,43.80852761258995,54.14326609649803,0.0386289129373822,1
2025-04-23,NVDA,102.5662612915039,104.6533403969428,101.87722447592722,104.37372584399633,247526000,3.814666748046875,0.0386289129373822,106.3189902398191,116.0078060913086,125.58466976165772,44.59251652295488,7.0955625872091455,28323312700.0,-3.933178533522821,-0.0873818741640937,-3.845796659358727,93.03990571534548,105.55657119750975,118.07323667967408,23.715559041310705,0.3805468632893112,45.23643803829125,46.46927179506963,0.0362184435452948,1
2025-04-24,NVDA,106.2810516357422,106.39089830035944,102.96569827687256,103.335183205014,220815000,3.714790344238281,0.0362184435452948,106.31537703943084,115.4813882446289,125.47612991333008,48.24243259882552,6.861925045898174,28544127700.0,-3.464389549408395,0.3051256879602655,-3.769515237368661,93.22002909042531,105.19058380126953,117.16113851211374,22.75974574579696,0.5455479240859573,56.37873556979446,48.47456707355855,0.0430330778502088,1
2025-04-25,NVDA,110.85465240478516,111.76337496991528,105.58204256681438,106.70047033928223,251064700,4.573600769042969,0.0430330778502088,106.74768897898838,115.07959274291991,125.37458408355712,52.39991842779646,6.8133112856983695,28795192400.0,-2.692778864615505,0.8613890982025247,-3.55416796281803,93.24036301460596,105.16961326599122,117.09886351737649,22.685735700509305,0.7382814937650324,70.5641450812741,57.39310622978661,-0.0205386931715689,0
2025-04-28,NVDA,108.57784271240234,110.21554702841466,105.8716284785824,109.53649833991804,207708500,-2.2768096923828125,-0.0205386931715689,106.9219893345516,114.54938507080078,125.244033203125,50.236552850559725,6.682576474305827,28587483900.0,-2.2391794845876234,1.051990782584325,-3.2911702671719487,93.25498024113394,105.1226791381836,116.99037803523326,22.578760348087386,0.6455700723531883,74.77808468826365,67.2403217797774,0.0026671088777265,1
2025-04-29,NVDA,108.867431640625,110.04578062718969,107.2896485179105,107.51932238432488,170444300,0.2895889282226562,0.0026671088777265,107.10726955417763,113.95387481689453,125.15241855621338,50.51638693526844,6.402116162518208,28757928200.0,-1.835176528928784,1.1647949905945318,-2.999971519523316,93.2502731030752,105.154634475708,117.0589958483408,22.641629504941807,0.6559427275726198,74.82252857579579,73.38825278177785,-0.000917342982277,0
2025-04-30,NVDA,108.76756286621094,108.76756286621094,103.93434018163836,104.32379376082017,235044600,-0.0998687744140625,-0.000917342982277,107.26539272675224,113.3453839111328,125.05111965179444,50.41110621850892,6.297185826551668,28522883600.0,-1.5057030439193682,1.1954147804831583,-2.7011178244025267,93.27704883066576,105.09321975708008,116.9093906834944,22.48702809510842,0.655479432889596,70.31078075461242,73.30379800622397,0.0246970795255065,1
2025-05-01,NVDA,111.45380401611328,114.7791455573913,111.14424029465428,112.92174799120272,236121500,2.686241149902344,0.0246970795255065,107.66428904002473,112.79401260375975,124.9672455596924,53.234320005644776,6.276785602596575,28759005100.0,-1.0161224947725458,1.347996263703985,-2.364118758476531,93.2216369046894,105.15263671875,117.0836365328106,22.692725900867792,0.764067026886439,75.02034722196015,73.3845521841228,0.0258938083398585,1
2025-05-02,NVDA,114.33976745605467,115.23850951002052,113.21135153306962,114.02021557227994,190194800,2.8859634399414062,0.0258938083398585,108.30004888917044,112.28278671264648,124.9081840133667,56.12441911420037,6.098779880547338,28949199900.0,-0.3907489411747491,1.5786958538414255,-1.9694447950161744,93.3297059137026,105.78674812316896,118.24379033263529,23.55123383689313,0.84330056802674,83.6498982042974,76.32700872695666,-0.0059388491508027,0
2025-05-05,NVDA,113.66072082519533,114.50952981770942,112.50234808238876,112.75199823422923,133163200,-0.679046630859375,-0.0059388491508027,108.81058907355374,111.8714109802246,124.88750843048096,55.25908734691789,5.806522870174005,28816036700.0,0.0495001110760426,1.615155924873774,-1.5656558137977312,95.06346895925608,106.76088333129884,118.4582977033416,21.9132963442116,0.7949300278866476,90.36185300692888,83.0106994777288,-0.0024600378930009,0
2025-05-06,NVDA,113.38111114501952,114.57942879752297,110.66491633937942,111.32399638135878,158525600,-0.2796096801757812,-0.0024600378930009,109.24587688988382,111.53731872558592,124.8499602508545,54.88384434669868,5.671379269314687,28657511100.0,0.3715554326707462,1.549768997174782,-1.178213564504036,96.33276061632168,107.55477180480958,118.77678299329746,20.86752823734049,0.7595942582104585,92.89455902655976,88.96877007926201,0.0310022367808981,1
2025-05-07,NVDA,116.89617919921876,117.51531428959991,112.12286973799952,112.89179643623136,206758800,3.5150680541992188,0.0310022367808981,109.97447710982048,111.3464192199707,124.84576141357422,58.6823335429457,5.651455360906524,28864269900.0,0.9000480173585999,1.6626092654901086,-0.7625612481315087,97.95440696380211,108.5913188934326,119.2282308230631,19.590722422423376,0.8903792924453892,93.45519621528274,92.23720274959048,0.0026482500507771,1
2025-05-08,NVDA,117.20574951171876,118.51391379663416,115.68787240644632,118.084515254596,198428100,0.3095703125,0.0026482500507771,110.66316971952506,111.06884994506837,124.81510662078855,59.00965212753327,5.449640077283761,29062698000.0,1.328547269409114,1.6728868140324982,-0.3443395446233842,97.71273566561868,108.74310607910157,119.77347649258444,20.28702473416422,0.883606493498756,94.1948187913778,93.51485801107344,-0.0061343962580827,0
2025-05-09,NVDA,116.48676300048828,118.06455379711826,115.0487756801452,117.1857803819228,132972200,-0.7189865112304688,-0.0061343962580827,111.21779765104536,110.99916854858398,124.7855990600586,57.86312875475832,5.275792794404426,28929725800.0,1.5917708674769102,1.5488883296802354,0.0428825377966747,97.68606976843832,109.1964714050293,120.70687304162028,21.08200290446534,0.8166827633661159,94.07802946434543,93.909348157002,0.0544362504095943,1
2025-05-12,NVDA,122.82786560058594,122.82786560058594,120.11167093091152,121.79930827024248,225023300,6.341102600097656,0.0544362504095943,112.32351840814448,110.9610516357422,124.82942836761475,64.42762546845539,5.351886351953943,29154749100.0,2.285703285714732,1.7942565983344454,0.4914466873802862,96.84917072407038,109.79912643432615,122.74908214458196,23.588449436346856,1.0030418426814225,94.99087245074004,94.4212402354878,0.0563413526083813,1
2025-05-13,NVDA,129.74815368652344,131.0363568449821,124.29580357204036,124.80509195257008,330430100,6.9202880859375,0.0563413526083813,113.9830074822758,111.27821670532228,124.91769290924071,69.93285487715383,5.555929558556959,29485179200.0,3.3553804033181223,2.291146972750269,1.0642334305678534,95.15442051902424,110.75878067016602,126.3631408213078,28.177197431616328,1.108463686829477,95.30830647107751,94.79240279538767,0.0416379764029317,1
2025-05-14,NVDA,135.15060424804688,135.2504704050171,131.4957223220182,133.0135995308355,281180800,5.4024505615234375,0.0416379764029317,115.99896907901592,111.66488830566406,125.02907611846923,73.39451944710905,5.552100069981009,29766360000.0,4.586173284942959,2.817551883500084,1.7686214014428745,93.02451381816132,111.91416206359864,130.80381030903595,33.75738672770064,1.1150575670476253,98.36398612358872,96.22105501513543,-0.0037682209900837,0
2025-05-15,NVDA,134.64132690429688,136.10927107264604,132.47436533136158,134.10207402259,226632600,-0.50927734375,-0.0037682209900837,117.77443172904267,112.015213470459,125.14525093078612,72.54659325516666,5.415157617931254,29539727400.0,5.457579506259378,2.9511664838532026,2.506413022406176,92.46521284924955,113.4290397644043,134.39286667955903,36.96377393072757,1.0059259272112724,96.8431911778572,96.83849459084117,0.0042275178170445,1
2025-05-16,NVDA,135.2105255126953,136.15920834538713,133.27325299959534,136.02938538145307,226542500,0.5691986083984375,0.0042275178170445,119.43501208939055,112.51132186889647,125.30350700378418,72.92311261779105,5.234500312778436,29766269900.0,6.123516696778253,2.893682939497662,3.2298337572805917,92.90254961066442,115.12216796875,137.3417863268356,38.601806672225145,0.9520410121408602,97.39159064717344,97.5329226495398,0.0012554793916865,1
2025-05-19,NVDA,135.38027954101562,135.67984750647184,132.20472197026768,132.20472197026768,193154600,0.1697540283203125,0.0012554793916865,120.95360898954532,112.96848831176756,125.3962712097168,73.0418594264395,5.108830685880273,29959424500.0,6.58902032469436,2.687349253931015,3.901671070763345,94.8363122244588,117.05246238708496,139.26861254971112,37.95930424625974,0.9124885954534828,96.69216734549796,96.97564972350956,-0.0087778995302448,0
2025-05-20,NVDA,134.19192504882812,134.3916420789913,132.43437861355363,134.10203943343691,161514200,-1.1883544921875,-0.0087778995302448,122.2144009951913,113.51591735839844,125.52207935333251,70.70421152424856,4.95433570313611,29797910300.0,6.783845084229668,2.3057392107730585,4.4781058734566095,97.08131812359684,118.82447891235353,140.56763970111018,36.59710690554716,0.8533857447354453,95.6407743728575,96.574844121843,-0.019199031383828,0
2025-05-21,NVDA,131.61557006835938,137.20772462329396,130.4072565649854,132.87380141479636,270608700,-2.57635498046875,-0.019199031383828,123.10975043073113,113.9762727355957,125.64468978881835,65.78833942635863,5.086202299934142,29527301600.0,6.653655594435278,1.7404397767829352,4.913215817652343,99.20129745169486,120.27694435119628,141.35259125069774,35.04519841801555,0.7689982843997851,89.59927785186763,93.97740652340772,0.0078146828297949,1
2025-05-22,NVDA,132.64410400390625,134.0621148614722,131.3658966044825,132.0449376190489,187344000,1.028533935546875,0.0078146828297949,124.01778410436684,114.31759414672852,125.80648681640623,66.78130782821547,4.915489154009539,29714645600.0,6.557878438093709,1.315730096353093,5.2421483417406165,100.89135064374788,121.5950969696045,142.29884329546113,34.05358742553905,0.7668359354003192,84.67385494480051,89.97130238984191,-0.0115937440900479,0
2025-05-23,NVDA,131.10626220703125,132.49431639064062,128.97925335315108,129.81807417545411,198821300,-1.537841796875,-0.0115937440900479,124.69287725700156,114.6313543701172,125.94162578582764,63.799653372691104,4.826157832348513,29515824300.0,6.285428859578616,0.8346244142703991,5.450804445308217,102.12439505980996,122.6076774597168,143.09095985962364,33.41272394077719,0.7074517301815139,79.58362529353862,84.61891936340227,0.0320662509398079,1
2025-05-27,NVDA,135.3103485107422,135.47012822500798,133.1234112887049,133.96223193245194,192953600,4.2040863037109375,0.0320662509398079,125.70406499545304,114.90756683349608,126.12444133758544,68.00523410497311,4.793136988464815,29708777900.0,6.335711101669602,0.707925325089108,5.627785776580494,103.81166986244112,123.9443027496338,144.07693563682648,32.486580569758644,0.7822791689689744,84.08516015767185,82.78088013200367,-0.0050920763097619,0
2025-05-28,NVDA,134.621337890625,137.0579256739289,134.60136161311598,135.83963178227697,304021100,-0.6890106201171875,-0.0050920763097619,126.55332908070751,115.2127392578125,126.27356170654296,66.63882868317391,4.626238922203967,29404756800.0,6.247940374618494,0.4961236784303988,5.751816696188095,105.8405649667694,125.23199806213378,144.62343115749815,30.9688153114723,0.7421002043097006,85.92564736091457,83.19814427070837,0.0324901751694295,1
2025-05-29,NVDA,138.99520874023438,143.28919402135628,137.71700129433316,142.0509238917618,369241900,4.373870849609375,0.0324901751694295,127.73827000066244,115.68727416992188,126.4456495666504,70.66790131636635,4.914925865670204,29773998700.0,6.456885310092957,0.564054891123889,5.892830418969068,108.02012636217916,126.74338035583496,145.46663434949076,29.54513906933812,0.8271821337399694,88.51969657372452,86.176834697437,-0.0291685649327766,0
2025-05-30,NVDA,134.94091796875,139.42462537646244,132.73400370907126,138.5258908380955,333170900,-4.054290771484375,-0.0291685649327766,128.42423647381364,116.03898178100586,126.57615116119383,63.06489885968766,5.041761280078846,29440827800.0,6.2235866616984765,0.2646049941835269,5.95898166751495,110.2618732723365,127.9177360534668,145.5735988345971,27.605026989768707,0.6988909293854849,79.03469210889892,84.49334534784602,0.0166504438067875,1
2025-06-02,NVDA,137.187744140625,137.9266987725352,135.21050414256473,135.30038976970178,197663100,2.246826171875,0.0166504438067875,129.25885625160518,116.4154542541504,126.6823454284668,65.29340680518838,4.894905531772156,29638490900.0,6.149112752459843,0.1521048679559138,5.997007884503929,112.12426898420372,129.0601348876953,145.9960007911869,26.24492205626274,0.739952574590652,72.21732702080631,79.92390523447659,0.027951549239128,1
2025-06-03,NVDA,141.02235412597656,141.80126124338923,137.7569264491721,138.58576663563605,225578800,3.8346099853515625,0.027951549239128,130.37918938249769,116.88519577026368,126.79802871704102,68.75798479365702,4.874806358271591,29864069700.0,6.3265837027144585,0.2636606545684241,6.062923048146034,114.2873519148204,130.42821655273437,146.56908119064835,24.75057171603347,0.8281775112702812,72.0053569333292,74.41912535434483,0.0049570219392014,1
2025-06-04,NVDA,141.72140502929688,142.19074856243475,139.34473056255086,141.9910314762443,167120800,0.6990509033203125,0.0049570219392014,131.45940039647857,117.29482192993164,126.89334663391114,69.35849546329597,4.72989290410104,30031190500.0,6.449294818959828,0.3090974166510341,6.140197402308794,117.01680417857465,131.84523124694823,146.6736583153218,22.493687375919876,0.833014882050868,80.3596573932811,74.86078044913889,-0.013599266310603,0
2025-06-05,NVDA,139.79409790039062,143.79848066110154,138.63571759363617,141.97103980754113,231397900,-1.92730712890625,-0.013599266310603,132.25318111113685,117.680281829834,126.97044208526611,65.61390453295863,4.760812201484206,29799792600.0,6.31819447161584,0.1423976554456363,6.175796816170204,119.47786729317563,132.99012718200683,146.502387070838,20.3206962428702,0.7517702728618973,82.06050195733022,78.14183876131351,0.0123579579254418,1
2025-06-06,NVDA,141.52166748046875,143.0695013401578,141.31195466595716,142.31055518995854,153986200,1.727569580078125,0.0123579579254418,133.13589409869226,118.23869918823242,127.02912006378172,67.31721225190067,4.654711575647276,29953778800.0,6.281290126419663,0.0843946481995665,6.196895478220096,122.31489079044174,134.20592308044434,146.09695537044695,17.7205774783502,0.8076160345714949,82.21953609131522,81.54656514730885,0.0064211876442354,1
2025-06-09,NVDA,142.43040466308594,144.7970831461155,141.74136782943543,142.98961854621228,185114500,0.9087371826171876,0.0064211876442354,134.02108558101546,118.86182601928712,127.10606903076172,68.20928041829333,4.556190439218668,30138893300.0,6.25328666681466,0.0451129508756498,6.20817371593901,126.26185978389016,135.50310516357422,144.7443505432583,13.63990200597749,0.8748033525189512,80.88415270628524,81.72139691831023,0.009324729527671,1
2025-06-10,NVDA,143.75852966308594,144.08805440763362,141.33192260937977,142.4903028059026,155881900,1.328125,0.009324729527671,134.94846120787932,119.54666610717771,127.18341888427734,69.51875475129823,4.4276148220068965,30294775200.0,6.266031401690356,0.0462861486010757,6.21974525308928,128.64282128748465,136.5496383666992,144.45645544591378,11.580868574665992,0.9558655666473844,87.7027598193626,83.6021495389877,-0.0077805123443444,0
2025-06-11,NVDA,142.6400146484375,144.79714515361243,141.6812848999734,144.41764573923192,167694000,-1.1185150146484375,-0.0077805123443444,135.68099010698012,120.23489990234376,127.27893699645996,67.01519774177528,4.333918067123477,30127081200.0,6.115382558596053,-0.0834901555945819,6.198872714190635,129.5116372296746,137.19423141479493,144.87682559991526,11.199587775513208,0.8544234605148073,88.27830347588527,85.62173866717772,0.0151929984159273,1
2025-06-12,NVDA,144.80714416503906,144.80714416503906,141.66133988719625,141.78117540604916,162365000,2.1671295166015625,0.0151929984159273,136.55014763631908,120.93112564086914,127.35718711853028,69.32051794754213,4.249052796460572,30289446200.0,6.100538297569074,-0.0786675332972492,6.179205830866323,129.37972320644843,137.67705841064452,145.9743936148406,12.05333016260112,0.9296611851229508,93.26566797532764,89.74891042352517,-0.0208966604183884,0
2025-06-13,NVDA,141.78115844726562,143.38901749969733,140.6626531024409,142.2904745799642,180820600,-3.025985717773437,-0.0208966604183884,137.04833914212352,121.56143951416016,127.43483333587646,62.72807991761465,4.241584101184685,30108625600.0,5.777997200502512,-0.3209669042910494,6.098964104793561,129.67572516683964,138.03404998779297,146.3923748087463,12.110526093659493,0.7241542737175696,87.09964503329205,89.54787216150164,0.0191589976936579,1
2025-06-16,NVDA,144.49754333496094,145.98555166191812,143.00951976951112,143.159329390418,183133700,2.7163848876953125,0.0191589976936579,137.757787160489,122.41823959350586,127.51687656402588,65.86625594086993,4.238927609289529,30291759300.0,5.6761396117850325,-0.3382595944068232,6.014399206191856,129.7943789367386,138.49840087890624,147.20242282107387,12.569129877214747,0.8446189874011673,87.90242579207744,89.42257960023238,-0.0039394744825941,0
2025-06-17,NVDA,143.9282989501953,145.02684191909495,143.58875484653294,144.29781716982143,139108000,-0.569244384765625,-0.0039394744825941,138.34545494998483,123.41324523925782,127.60950149536131,64.63803690295003,4.038867570951849,30152651300.0,5.486241497489033,-0.4225261669622586,5.908767664451291,130.03864628141807,138.92580184936523,147.8129574173124,12.794103686489205,0.7814453433712991,82.72755183510488,85.90987422015814,0.0094365376674332,1
2025-06-18,NVDA,145.28648376464844,145.4562558084884,142.92962233744194,143.81843788371728,161494100,1.358184814453125,0.0094365376674332,139.00650531328614,124.36890808105468,127.74895141601564,66.25488265042578,3.930850849530036,30314145400.0,5.383284880347532,-0.420386227283009,5.8036711076305405,130.46053096415545,139.48052978515625,148.50052860615705,12.933703126729478,0.8218378458084986,89.32369020572207,86.65122261096815,-0.0112042279074872,0
2025-06-20,NVDA,143.65866088867188,146.00552584195606,142.46024490398213,145.2565234707711,242956200,-1.6278228759765625,-0.0112042279074872,139.44956774903716,125.31877655029297,127.87137687683104,62.562720162336014,3.903310141561743,30071189200.0,5.111418071906968,-0.5538024285788579,5.665220500485826,131.65476311153904,140.0826843261719,148.51060554080473,12.032780861064987,0.7121505690093101,85.81991933407335,85.95705379163344,0.0022245792641255,1
2025-06-23,NVDA,143.97824096679688,144.58743022935184,141.84108794116847,142.31046402404658,154308900,0.319580078125,0.0022245792641255,139.88086996025237,125.9149412536621,128.0521566390991,62.998670958110246,3.8206695806061446,30225498100.0,4.865660800051472,-0.6396477603474828,5.505308560398955,132.7935776417135,140.6493911743164,148.5052047069193,11.170775027197449,0.7118717417785697,82.80235245503887,85.98198733161145,0.0258721132949786,1
2025-06-24,NVDA,147.70326232910156,147.76319531946535,145.3064608232896,145.36637857516104,187566100,3.725021362304688,0.0258721132949786,140.62585970966657,126.72061737060548,128.2604967880249,67.71749865001749,3.818118492896312,30413064200.0,4.914819504279535,-0.4723912448955358,5.387210749175071,134.35910356342674,141.47924118041993,148.59937879741312,10.06527538257476,0.9370716890237588,84.34193453037453,84.3214021064956,0.0433403055264831,1
2025-06-25,NVDA,154.10476684570312,154.24458003760031,149.0614802461701,149.07147669890958,269146500,6.4015045166015625,0.0433403055264831,141.90956515119387,127.58721740722656,128.4958526992798,73.8819624840084,4.0126327225822,30682210700.0,5.4079861484688365,0.0166203194350123,5.391365829033824,133.9671107975786,142.41896209716796,150.8708133967573,11.868997182865185,1.191316277009212,91.29010878342316,86.1447985896122,0.0046009618383648,1
2025-06-26,NVDA,154.8137969970703,156.5115326130379,153.795149532093,155.77251147358507,198145700,0.7090301513671875,0.0046009618383648,143.13853961270593,128.47239196777343,128.75661769866943,74.46360356636588,3.92004346246525,30880356400.0,5.78930160942744,0.3183486243148925,5.470952985112548,134.15916036006243,143.42858505249023,152.69800974491804,12.92549137124304,1.1141272151377777,95.91187529124936,90.5146395350157,0.0176106018237753,1
2025-06-27,NVDA,157.5401611328125,158.49889084686143,155.05346784206984,155.83242906789442,263234500,2.7263641357421875,0.0176106018237753,144.51012261462083,129.3823356628418,129.01284450531006,76.61970122928756,3.903261347274241,31143590900.0,6.239565829161592,0.6148902752392349,5.624675553922357,133.47560140963714,144.3558326721191,155.23606393460113,15.074183094762342,1.105884569115572,94.33902280914062,93.8470022946044,0.0015215188029467,1
2025-06-30,NVDA,157.7798614501953,158.4489684480595,155.7525627920192,158.1893045239527,194580300,0.2397003173828125,0.0015215188029467,145.7739072656279,130.45105743408203,129.26213325500487,76.8051270658403,3.81705736932896,31338171200.0,6.540352171033277,0.7325412936887359,5.807810877344541,134.03147944526938,145.4977798461914,156.96408024711343,15.761478165568269,1.0355729910502034,93.29383799264224,94.51491203101077,-0.0296854208999173,0
2025-07-01,NVDA,153.09609985351562,156.9909063970138,151.2885097592641,156.08211312403307,213143600,-4.683761596679688,-0.0296854208999173,146.47125894066482,131.48602020263672,129.44402561187744,65.82035030309495,4.00807839230055,31125027600.0,6.327843654291257,0.4160262215573729,5.911817432733884,135.0379392265176,146.29319763183594,157.54845603715427,15.387261455099932,0.8022099527481832,86.76748201139789,91.46678093772692,0.0257663824864904,1
2025-07-02,NVDA,157.04083251953125,157.39037305932783,152.7665268185242,152.77650803107835,171224100,3.944732666015625,0.0257663824864904,147.47788499579497,132.69134902954102,129.6344591140747,69.74503807828334,4.05206181005077,31296251700.0,6.403915728157955,0.3936786363392563,6.0102370918186985,135.19198316577683,147.09412155151367,158.9962599372505,16.18302384921426,0.9178539454698924,85.83430948096436,88.6318764950015,0.0132909333502269,1
2025-07-03,NVDA,159.1280517578125,160.76586971787668,157.56014800239086,158.15934077500395,143716100,2.08721923828125,0.0132909333502269,148.5874246874157,133.89887817382814,129.83552841186523,71.60303346295693,4.028702909214674,31439967800.0,6.557039078792087,0.4374415895787109,6.119597489213376,135.24357092619852,147.96445388793944,160.68533684968037,17.194512097310966,0.9387902122615416,84.46238938324295,85.68806029186841,-0.0069034088511841,0
2025-07-07,NVDA,158.02952575683594,159.09809459400483,157.1307137305003,157.98957042846925,140139000,-1.0985260009765625,-0.0069034088511841,149.48667240831287,135.00814346313476,130.042686958313,69.19453287350345,3.883605417650212,31299828800.0,6.514651720051006,0.3160433846701034,6.198608335380903,136.01520875842613,148.87622528076173,161.73724180309733,17.27746186213595,0.855854471541101,89.73973582818708,86.67881156413148,0.0111222548122105,1
2025-07-08,NVDA,159.78717041015625,160.00687898854957,158.17931139836438,159.11806346268276,138133000,1.7576446533203125,0.0111222548122105,150.46767221801224,136.07826583862305,130.26457450866698,70.88217253689393,3.747444547226171,31437961800.0,6.547412175204755,0.2790430718590819,6.268369103345673,136.55842712797036,149.78950042724608,163.0205737265218,17.66622261445108,0.8778102409672784,90.74079394470284,88.31430638537763,0.0180000366698713,1
2025-07-09,NVDA,162.66334533691406,164.2012901564699,160.9456320255445,161.0055497766517,183656400,2.8761749267578125,0.0180000366698713,151.6291648960029,137.11443969726562,130.51192554473877,73.44579533572707,3.795064204303848,31621618200.0,6.727903270406131,0.3676273336483655,6.360275936757765,136.8985038193087,150.8011474609375,164.7037911025663,18.43837911807673,0.9266166270872932,91.16379363267386,90.5481078018546,0.0074903110183057,1
2025-07-10,NVDA,163.88174438476562,164.28120626813552,161.39505073108006,164.10145299216728,167704100,1.2183990478515625,0.0074903110183057,152.796077228266,138.22051773071288,130.74290367126466,74.47117550252176,3.730142156643248,31789322300.0,6.889836636328056,0.4236485596562325,6.466188076671823,137.1944791551767,151.80730819702148,166.42013723886626,19.25181233419892,0.9131450574412462,95.39010290267564,92.4315634933508,0.0049968557247874,1
2025-07-11,NVDA,164.7006378173828,167.66668863474402,163.25256951238498,163.50223698698784,193633300,0.8188934326171875,0.0049968557247874,153.92984490341996,139.33718185424806,130.98731170654298,75.16529328534313,3.778997654194376,31982955600.0,7.003515682471914,0.4298620846400718,6.573653597831842,137.90674654578362,152.91033935546875,167.91393216515388,19.624039646928605,0.8929158372754284,93.28563540086137,93.27984397873696,-0.0051539672558957,0
2025-07-14,NVDA,163.85177612304688,165.2698855378492,161.80449980139463,165.15003478890583,136975800,-0.8488616943359375,-0.0051539672558957,154.8747907338606,140.43886611938476,131.22617748260498,72.95103616813783,3.756596802927248,31845979800.0,6.945052854888616,0.297119405645418,6.647933449243197,138.62145976082095,153.86257095336913,169.1036821459173,19.81133045952712,0.827705934412504,89.89126638872348,92.85566823075352,0.0404095103550969,1
2025-07-15,NVDA,170.4729461669922,172.17068192225182,168.97494134085255,170.96229989605533,230627400,6.6211700439453125,0.0404095103550969,156.3603293465398,141.61924896240234,131.47513507843018,78.31665147400146,4.082476016947084,32076607200.0,7.348287248693509,0.5602830395602494,6.78800420913326,139.48425134458094,155.29716033935546,171.11006933412995,20.36471106132287,0.9798543339701656,88.03578131962722,90.4042277030707,0.0039250401557806,1
2025-07-16,NVDA,171.14205932617188,171.52155877211666,168.67534340451817,170.83247408910898,158831500,0.6691131591796875,0.0039250401557806,157.76811315412382,142.7552947998047,131.71425884246827,78.77486599989118,3.994171684850757,32235438700.0,7.633847014387499,0.6766742442033902,6.957172770184108,140.20274290771616,156.629386138916,173.05602937011585,20.9751741178771,0.9417419001251368,90.22214258764645,89.38306343199906,0.0095116194182471,1
2025-07-17,NVDA,172.7698974609375,173.92835823409905,170.60278554683865,171.79120519874627,160841100,1.627838134765625,0.0095116194182471,159.19685451667752,143.93747833251953,131.95887592315674,79.88835620549112,3.946414613594304,32396279800.0,7.900436801514985,0.7546112250647008,7.145825576450284,141.29779837397055,158.07146606445312,174.8451337549357,21.222891275827305,0.9381400558216708,94.20355652196066,90.82049347641146,-0.0034104213078071,0
2025-07-18,NVDA,172.18067932128906,174.01822826089457,171.03219980516573,173.40903901870553,146456400,-0.5892181396484375,-0.0034104213078071,160.43340925997387,145.11346969604492,132.21372627258302,78.2874073974483,3.8778156023181993,32249823400.0,7.9722668195886115,0.6611529945106618,7.31111382507795,142.64579196151303,159.41617584228516,176.1865597230573,21.03975182212818,0.880566824520901,93.95763440388804,92.7944445044984,-0.005974105180302,0
2025-07-21,NVDA,171.1520538330078,173.1493936504508,170.7725543913757,172.52022673163836,123126100,-1.02862548828125,-0.005974105180302,161.4542325526438,146.1985871887207,132.46323383331298,75.44497505829105,3.7706030063722618,32126697300.0,7.855636261241074,0.4356179489304983,7.420018312310575,144.92978562918677,160.79084548950195,176.65190534981713,19.72880957498386,0.8266240854884452,91.3963112374544,93.1858340544344,-0.0253822430124009,0
2025-07-22,NVDA,166.80783081054688,171.1620321483939,164.3610926233022,171.1120956061046,193114300,-4.3442230224609375,-0.0253822430124009,161.96409905339647,147.19062881469728,132.71318565368654,64.75216118104292,3.9870556148522223,31933583000.0,7.328188417311026,-0.0734639159996399,7.401652333310666,147.89418384863626,161.93232498168945,175.97046611474263,17.338281451390948,0.6736521161401461,81.7924262114359,89.04879061759281,0.0224510465592588,1
2025-07-23,NVDA,170.55284118652344,171.03219846298632,167.74658125695927,169.30450383433347,154082200,3.7450103759765625,0.0224510465592588,162.78207449464665,148.27195037841796,132.97262691497804,68.85075439794775,4.004006474679881,32087665200.0,7.130180952289209,-0.217177104817166,7.347358057106375,150.18225611331658,163.07480392456054,175.9673517358045,15.811820711687789,0.7900139433821253,77.64707161474739,83.6119363545459,0.0173322820407089,1
2025-07-24,NVDA,173.5089111328125,173.59878776513457,171.07215417768242,172.21063723590794,128984600,2.9560699462890625,0.0173322820407089,163.80367798399578,149.2855712890625,133.2268797683716,71.65270403743467,3.9355736249606847,32216649800.0,7.129603122676514,-0.174203947543889,7.303807070220403,151.07834670593613,164.045011138916,177.0116755718959,15.80866658846394,0.8649319392358787,80.84502879527653,80.09484220715329,-0.0013813111859207,0
2025-07-25,NVDA,173.2692413330078,174.4876199263022,172.7299662493585,173.3790956402227,122316800,-0.2396697998046875,-0.0013813111859207,164.7051602077112,150.1559930419922,133.46960041046142,71.09432256069263,3.7800079143880416,32094333000.0,7.028782410343922,-0.2200197279011844,7.248802138245106,152.13413329466894,164.9677833557129,177.80143341675685,15.558977395448553,0.8234254455205098,89.66424824453001,82.71878288485132,0.0187319254065894,1
2025-07-28,NVDA,176.51490783691406,176.7645753161742,173.73860668662087,173.78854323017163,140023500,3.24566650390625,0.0187319254065894,165.8298980771591,150.98327911376953,133.71457122802735,74.04422518296114,3.7596740621579214,32234356500.0,7.128605306573405,-0.0961574653373613,7.2247627719107665,152.6223315037531,165.91652069091796,179.21070987808284,16.0251542544462,0.8986097608806602,95.97829073936428,88.82918925972363,-0.0070157703771265,0
2025-07-29,NVDA,175.27651977539062,179.1413820135887,174.78718135767542,177.72327281792994,154077500,-1.2383880615234375,-0.0070157703771265,166.72957633413353,151.7959829711914,133.927540435791,71.0642460224467,3.802140247426162,32080279000.0,7.026787669861619,-0.1583800816393177,7.185167751500937,153.45137581592996,166.79135360717774,180.13133139842552,15.996006390913658,0.8180352434237153,89.72414602218116,91.78889500202516,0.0214234936042918,1
2025-07-30,NVDA,179.03155517578125,179.65072563032518,175.80584046425426,176.27521653092245,174312200,3.755035400390625,0.0214234936042918,167.9011933666714,152.67240356445313,134.16048294067383,74.4252935517858,3.843002076533904,32254591200.0,7.166485648311038,-0.0149456825519189,7.181431330862957,155.2943372216823,168.088126373291,180.8819155248997,15.222716116421209,0.9276852100972058,91.0579565426974,92.25346443474764,-0.0078095036466339,0
2025-07-31,NVDA,177.63340759277344,183.05619299307685,175.69598557745124,182.65671589592668,221685400,-1.3981475830078125,-0.0078095036466339,168.82807091201448,153.51746612548828,134.37565155029296,71.11311881241132,4.094231029326169,32032905800.0,7.082733138784334,-0.0789585536628987,7.161691692447233,156.7381574845462,169.1177551269531,181.49735276936,14.640210465321994,0.8439389837941722,83.07839811355507,87.95350022614456,-0.0233315921312785,0
2025-08-01,NVDA,173.4889373779297,176.3051785902702,170.66269971388826,173.85844036702034,204529000,-4.14447021484375,-0.0233315921312785,169.27196295638737,154.3034063720703,134.57014778137207,62.26702589120367,4.299693661437527,31828376800.0,6.605787159608809,-0.4447236262707399,7.050510785879549,158.21449571157825,169.83579940795897,181.4571031043397,13.68534047225866,0.657174189119093,73.27945472452357,82.47193646025869,0.0361501564103621,1
2025-08-04,NVDA,179.76058959960938,179.9603205403546,174.28788258302183,174.9270307365029,148174600,6.271652221679688,0.0361501564103621,170.27087977955136,155.2663067626953,134.77967765808106,68.6270012308003,4.454814340079482,31976551400.0,6.657134650478668,-0.3147009083207051,6.971835558799373,159.8699781578911,170.92235260009767,181.97472704230424,12.932626159277724,0.899834309167107,68.55989114669812,74.97258132825893,-0.0096667540971361,0
2025-08-05,NVDA,178.02288818359375,180.0202279532499,175.6660266458598,179.38107983649965,156407600,-1.737701416015625,-0.0096667540971361,171.00916629422207,156.17388244628907,135.01281852722167,65.34078156874482,4.447627694887383,31820143800.0,6.482879327797406,-0.3911649848015734,6.874044312598979,161.63048074179088,171.83413848876953,182.03779623574815,11.876170633748108,0.803261332763574,68.09116922950322,69.97683836690832,0.0065073796759176,1
2025-08-06,NVDA,179.1813507080078,179.66070799076476,176.01556896990587,176.09546439011424,137192300,1.1584625244140625,0.0065073796759176,171.78746957172547,157.13538421630858,135.23118392944335,66.49272767356457,4.39030707531392,31957336100.0,6.36488850054684,-0.4073246496417111,6.772213150188551,162.894701974849,172.66003875732423,182.42537553979943,11.311635109963724,0.8339010264544413,78.2407328718241,71.63059774934182,0.0075242516092162,1
2025-08-07,NVDA,180.5295562744141,183.6354201729052,178.56217541570945,181.32849521637667,151878400,1.34820556640625,0.0075242516092162,172.62004925769585,158.03976837158203,135.4502498626709,67.83267329982321,4.439088338305478,32109214500.0,6.307460364829666,-0.3718022282871089,6.679262593116775,164.0285782942228,173.49242935180663,182.95628040939047,10.90981444313413,0.8717898178970304,78.74545713965362,75.02578641366033,0.0106765298657742,1
2025-08-08,NVDA,182.4569854736328,183.05619350177665,180.16004168373897,181.3085211979325,123396700,1.92742919921875,0.0106765298657742,173.55690032588032,158.9964813232422,135.6736112976074,69.698289264848,4.328878586857778,32232611200.0,6.3443419568426975,-0.267936509019262,6.61227846586196,165.0515205817859,174.3802467346191,183.7089728874524,10.699292296598486,0.9328961214367224,85.68182736954448,80.8893391270074,-0.0035029894624303,0
2025-08-11,NVDA,181.81784057617188,183.59547178906817,180.01025048518693,181.80785936297343,138323200,-0.6391448974609375,-0.0035029894624303,174.3436565401938,159.85293395996095,135.86527153015138,68.28402053349626,4.275760209502311,32094288000.0,6.249951680054409,-0.2898614286460415,6.53981310870045,166.75263894074178,175.2785499572754,183.80446097380903,9.728413452315571,0.8834951248151278,88.77754877421235,84.40161109447017,0.0060419882685021,1
2025-08-12,NVDA,182.9163818359375,184.234618174838,179.22130626788388,182.7166509044063,145485700,1.098541259765625,0.0060419882685021,175.16010656835988,160.81244323730468,136.06302352905274,69.43211326319539,4.328442473606012,32239773700.0,6.1924075844317485,-0.2779244194149619,6.470332003846711,167.0581374265709,175.90072174072264,184.7433060548744,10.05406257193838,0.8966973820078222,90.91122336425842,88.45686650267176,-0.0085718518656933,0
2025-08-13,NVDA,181.34844970703125,183.72528876478472,179.11143905360885,182.37707840680864,179871700,-1.56793212890625,-0.0085718518656933,175.74947258156666,161.6956573486328,136.27305442810058,65.77247154079168,4.348828704861002,32059902000.0,5.951677224764154,-0.4149238232660455,6.3666010480302,167.54784952593374,176.41104125976562,185.2742329935975,10.048341272223222,0.7785344487369564,85.86064840830129,88.5164735155907,0.0023680564133234,1
2025-08-14,NVDA,181.77789306640625,182.7765629312542,179.22130065055427,179.51090820642335,129554000,0.429443359375,0.0023680564133234,176.32360786583712,162.5107681274414,136.48098915100098,66.2964544146529,4.292145388849497,32189456000.0,5.729503026060058,-0.5096784175761133,6.239181443636172,167.8695690495955,176.86144104003907,185.85331303048264,10.16826724645756,0.7733831193099899,83.63992058478449,86.8039307857814,-0.0086255380258668,0
2025-08-15,NVDA,180.2099609375,181.65802908835272,177.80316308129093,181.63806666422465,156602200,-1.56793212890625,-0.0086255380258668,176.693736729805,163.28053924560547,136.67544311523437,62.53242609664493,4.269472860011342,32032853800.0,5.365064233019439,-0.6992937684933871,6.064358001512826,168.4272003211749,177.2629051208496,186.09860992052432,9.969039820994633,0.6667697078765514,76.99281095120631,82.16445998143071,0.0086450402362694,1
2025-08-18,NVDA,181.76788330078125,182.69665413107447,180.34977402519155,180.3597704757432,132008000,1.55792236328125,0.0086450402362694,177.1769887841837,164.1200149536133,136.88277870178223,64.67831497228408,4.142131455265851,32164861800.0,5.142673638015509,-0.7373474907978537,5.880021128813363,169.21854726947345,177.79369659423827,186.3688459190031,9.64617923922812,0.7317269680112524,78.02296153985701,79.55189769194929,-0.0349979936771448,0
2025-08-19,NVDA,175.4063720703125,182.25724785967336,175.25657768801665,182.1873336556069,185229200,-6.36151123046875,-0.0349979936771448,177.0083586209579,164.79770904541016,137.054662399292,51.665973711946805,4.346312792150912,31979632600.0,4.402359043624472,-1.1821296681511129,5.584488711775585,171.16700611784503,178.22362365722657,185.2802411966081,7.918835219009312,0.3003822956826294,62.37417660099859,72.46331636402066,-0.0013663688324196,0
2025-08-20,NVDA,175.1667022705078,175.76591033294957,168.57548977611862,174.93701244991922,215142700,-0.2396697998046875,-0.0013663688324196,176.8329627780579,165.45243499755858,137.23488288879395,51.247653899437466,4.549463346770915,31764489900.0,3.753052194545916,-1.465149213783736,5.218201408329652,172.1548130098291,178.45431671142578,184.75382041302245,7.060074329032292,0.2390576625834284,52.95621691796444,64.45111835294003,-0.0023946566664271,0
2025-08-21,NVDA,174.7472381591797,176.66468235557974,173.57879631630271,174.61742144674352,140040900,-0.419464111328125,-0.0023946566664271,176.63432233816474,166.07220916748048,137.44585472106934,50.47734223345429,4.444922110521352,31624449000.0,3.168104652118643,-1.6400774049688067,4.80818205708745,172.39042769860654,178.5162330627441,184.64203842688173,6.863023332992377,0.19236739665046,38.81901290584613,51.3831354749364,0.0172020570657167,1
2025-08-22,NVDA,177.7532501220703,178.35244288234992,170.97227338198675,172.38040151215634,172789400,3.006011962890625,0.0172020570657167,176.74088688901287,166.77447387695312,137.6586770629883,55.62501875351549,4.654582638367196,31797238400.0,2.9135044874034577,-1.515742055747194,4.429246543150652,173.08935642236017,178.74043350219728,184.3915105820344,6.32322185765275,0.412655289763326,46.70485837342068,46.1600293990771,0.0102253048847749,1
2025-08-25,NVDA,179.57083129882812,181.6680441727565,176.33515059315872,178.11278178635797,163012800,1.8175811767578125,0.0102253048847749,177.01040540423338,167.46974761962892,137.87734252929687,58.43814984829566,4.703033419883668,31960251200.0,2.82582132416394,-1.2827401751893692,4.108561499353309,173.32648873620008,178.89322967529296,184.45997061438584,6.223534506249352,0.5608616092385992,56.07985659848257,47.20124262591647,0.0109004198887967,1
2025-08-26,NVDA,181.5282287597656,182.14739921043056,178.57215920342722,179.82049655621498,168688200,1.9573974609375,0.0109004198887967,177.44067429523645,168.2646890258789,138.08652503967286,61.28461125995362,4.622476747535074,32128939400.0,2.881066263533512,-0.9819961886558376,3.8630624521893497,173.78637862559935,179.20581512451173,184.6252516234241,6.048281965791083,0.7142670770032991,70.51444160629286,57.76638552606539,-0.0009352225175625,0
2025-08-27,NVDA,181.35845947265625,182.24727507184863,178.86178472902657,181.7379436715125,235518900,-0.169769287109375,-0.0009352225175625,177.81379669308598,169.0019073486328,138.2664030456543,60.89506653698412,4.534120575769861,31893420500.0,2.8779738226031384,-0.7880709036689693,3.666044726272108,173.82335598189297,179.32216033935546,184.820964696818,6.132877662254782,0.6851583545191321,78.18879243602098,68.26103021359881,-0.0078745477265254,0
2025-08-28,NVDA,179.9303436279297,184.22462699678687,176.17535050737845,180.5794881684096,281787800,-1.4281158447265625,-0.0078745477265254,178.01537259164252,169.7219482421875,138.42281600952148,57.579463708693815,4.785203141029758,31611632700.0,2.728829776453296,-0.7497719598550501,3.4786017363083457,173.9883659871341,179.43700714111327,184.88564829509244,6.073040607163309,0.5452715156747047,78.95408051580743,75.88577151937378,-0.033246423502883,0
2025-08-29,NVDA,173.94830322265625,177.91302365652732,172.91967451951007,177.87308356836775,243257900,-5.9820404052734375,-0.033246423502883,177.62803265173906,170.29518463134767,138.5555591583252,46.22581281359202,4.94416499584332,31368374800.0,2.103681448405752,-1.0999362303220757,3.203617678727827,174.1088215751243,179.4599754333496,184.8111292915749,5.963618177594915,-0.0149984803951498,62.8188156315259,73.32056286111812,-0.0195199491643592,0
2025-09-02,NVDA,170.55284118652344,172.15071909272382,166.99757884564528,169.77387989783634,231164900,-3.3954620361328125,-0.0195199491643592,176.9542048931471,170.8330682373047,138.68315643310547,41.25345403217318,5.087490665926723,31137209900.0,1.319056226131096,-1.5076491620773855,2.8267053882084814,172.39380602803837,178.9995880126953,185.60536999735223,7.380778981668311,-0.1393449591426789,42.48714005933741,61.420012068890266,-0.0009368946184118,0
2025-09-03,NVDA,170.39305114746094,172.18067877773825,168.6553752976972,170.83246833565184,164424900,-0.1597900390625,-0.0009368946184118,176.32933310784367,171.36136444091798,138.79482849121095,41.02978152132469,4.975905866934891,30972785000.0,0.6765426018467338,-1.7201302290893985,2.396672830936132,171.0234981894268,178.61809616088868,186.21269413235055,8.503727376671987,-0.0415062814605113,24.886287180637424,43.39741429050026,0.006095525885075,1
2025-09-04,NVDA,171.4316864013672,171.6314173426514,169.18467902530818,170.34313981864827,141670100,1.03863525390625,0.006095525885075,175.8628905643697,171.83593292236327,138.92177780151368,43.18606189579547,4.795251041964057,31114455100.0,0.2482929437948087,-1.7187039097130588,1.9669968535078677,170.02434757762853,178.23061294555663,186.43687831348475,9.208592432361584,0.0857478256332562,22.029005585733085,29.800810941902657,-0.0270302120695362,0
2025-09-05,NVDA,166.7978515625,168.80517258283567,163.8517783946414,167.8065026792569,224441400,-4.633834838867188,-0.0270302120695362,174.99955351657258,172.0897946166992,139.02311195373534,36.732681053618926,4.994155110875608,30890013700.0,-0.4597104842044075,-1.94136587016982,1.4816553859654125,168.0286836474256,177.54402770996094,187.0593717724963,10.718855694858725,-0.06467617339092,19.970040907126958,22.29511122449917,0.0077236264717419,1
2025-09-08,NVDA,168.0861358642578,170.73262035939155,167.12742125141602,167.32715219255022,163769100,1.2882843017578125,0.0077236264717419,174.3411327877807,172.35524139404296,139.15475021362306,39.44206526648123,4.918484659876746,31053782800.0,-0.9064060406538488,-1.910449141295409,1.0040431006415602,166.7488056037944,176.8254852294922,186.90216485519,11.39731596112382,0.0663576847800595,20.32810578078709,20.775717424549057,0.0145564151070658,1
2025-09-09,NVDA,170.53286743164062,170.7525760297424,166.51822538667548,168.86509051949955,157548400,2.4467315673828125,0.0145564151070658,173.9784408491007,172.61509552001954,139.3077579498291,44.31910884478378,4.869617944390332,31211331200.0,-1.050870912375359,-1.6439312104135353,0.5930602980381764,166.102464429005,176.26123657226563,186.42000871552625,11.52694981700711,0.2180579965844969,22.67972755499441,20.992624747636167,0.0384750701545324,1
2025-09-10,NVDA,177.09413146972656,179.05151589898875,175.2366048852674,176.4050468150653,226852000,6.5612640380859375,0.0384750701545324,174.27517328916034,173.00138092041016,139.45932540893554,54.82572065975653,5.130262981744461,31438183200.0,-0.6286742257870799,-0.977387619060205,0.3487133932731251,166.26743285247144,175.9701240539551,185.67281525543876,11.027657397694002,0.5579224563799166,39.526136073670685,27.51132313648408,-0.0008459387658548,0
2025-09-11,NVDA,176.94432067871094,180.050359799309,176.2551971559751,179.4511179779685,151159300,-0.149810791015625,-0.0008459387658548,174.52937780245088,173.47834533691406,139.6157349395752,54.572516546671245,5.034898671857992,31287023900.0,-0.3026796857116096,-0.5211144631877878,0.2184347774761781,166.35030125542164,175.74991760253906,185.14953394965647,10.696581227849885,0.5635346716325379,54.01958433486977,38.741815987844966,0.0036687807745676,1
2025-09-12,NVDA,177.59349060058594,178.37249577533527,176.22522541777622,177.5435512454145,124911000,0.649169921875,0.0036687807745676,174.82119806893994,173.88939849853514,139.7714965057373,55.53091169922092,4.8286395065509256,31411934900.0,0.0079641179239899,-0.1683765276417505,0.1763406455657405,166.50797087681698,175.54069747924805,184.57342408167912,10.291319029877837,0.6136308676045501,65.57192589631079,53.03921543495043,-0.0003935983940567,0
2025-09-15,NVDA,177.52359008789062,178.62219505337407,174.28771156721004,175.44623766911022,147061600,-0.0699005126953125,-0.0003935983940567,175.07856873741144,174.2573092651367,139.9504716491699,55.39539081848476,4.793342647951862,31264873300.0,0.2456791469058146,0.0554708010720592,0.1902083458337553,166.57779171333152,175.40637893676757,184.2349661602036,10.066438036006288,0.6199065658830887,66.27459087712391,61.95536703610151,-0.0161462091116645,0
2025-09-16,NVDA,174.65725708007812,177.2739150624347,174.1578939390572,176.77455192141375,140737800,-2.8663330078125,-0.0161462091116645,175.0384438176654,174.58986389160157,140.1447190093994,50.00617007821029,4.69136789801483,31124135500.0,0.2004700077708889,0.0082093295497068,0.1922606782211821,166.71677110425307,175.05084762573242,183.38492414721176,9.521892221051136,0.4763866731580941,62.53257841845713,64.79303173063063,-0.0262467349819653,0
2025-09-17,NVDA,170.0730743408203,172.97937117956877,168.1954794867923,172.42008695754546,211843800,-4.5841827392578125,-0.0262467349819653,174.5655514865373,174.79558197021484,140.31155242919922,42.8296086306612,4.817825733391331,30912291700.0,-0.2029246075921094,-0.3161482286506332,0.1132236210585238,166.1758869341511,174.7841827392578,183.3924785443645,9.850200024047394,0.2263623076449862,50.227939686405286,59.67836966066212,0.0349405328896907,1
2025-09-18,NVDA,176.01551818847656,176.87442336525442,172.73969733735942,173.7583871307785,191763300,5.94244384765625,0.0349405328896907,174.70364355338864,175.0626254272461,140.51598579406738,52.37173976059883,4.959505968465815,31104055000.0,-0.0426208841165589,-0.1246756041400662,0.0820547200235072,166.2028468136186,174.82662353515624,183.45040025669388,9.865518817622725,0.5689312056486276,52.88906864999759,55.21652891828669,0.002439717276099,1
2025-09-19,NVDA,176.4449462890625,177.8531538116004,174.95683884616588,175.54609885389235,237182100,0.4294281005859375,0.002439717276099,174.86948190916712,175.31388946533204,140.70803894042967,52.98246258462711,4.812135182535009,31341237100.0,0.1177152820049229,0.0285284495851325,0.0891868324197904,166.25915457341222,174.9115089416504,183.56386330988855,9.89340772438772,0.5886138779198168,61.12366445948379,54.74689093196224,0.0392824107864957,1
2025-09-22,NVDA,183.37612915039065,184.31493427279133,174.4874715349329,175.07671637070237,269637000,6.931182861328125,0.0392824107864957,175.67963878928364,175.6873992919922,140.93285095214844,61.5519578392685,5.1703728650581136,31610874100.0,0.7949081728099827,0.5645770723121538,0.2303311004978289,165.8512435295794,175.1926528930664,184.5340622565534,10.664156526231482,0.9380214986247783,82.7486728112806,65.58713530692067,-0.0282120478912087,0
2025-09-23,NVDA,178.2027130126953,182.18763613663097,175.9855548133895,181.73821238324945,192559600,-5.1734161376953125,-0.0282120478912087,175.9199315724657,175.97441802978517,141.12365852355958,53.68663919500023,5.328958684482614,31418314500.0,0.903719456071201,0.5387106844586976,0.3650087716125033,165.8926916074253,175.12424697875977,184.35580235009425,10.542863744566615,0.6667360433917069,81.095077452145,74.98913824096981,-0.0081825080940135,0
2025-09-24,NVDA,176.74456787109375,179.5509859124944,175.17656050171237,179.54100413716742,143564100,-1.4581451416015625,-0.0081825080940135,175.99846836281125,176.0998504638672,141.28281356811524,51.682064120860325,5.2607777363611445,31274750400.0,0.8623523937000073,0.3978748976700031,0.4644774960300041,166.09213086921233,174.88506393432618,183.67799699944004,10.055670698574726,0.6057385472513823,76.18257113539578,80.00877379960714,0.004068502370516,1
2025-09-25,NVDA,177.46365356445312,180.0303718676576,172.90946471941734,174.25773588995062,191586700,0.719085693359375,0.004068502370516,176.13800981058668,176.22628234863282,141.44591346740722,52.62157391921304,5.393644122923939,31466337100.0,0.8774778856862611,0.3304003117250056,0.5470775739612554,166.3169831051785,174.69032363891603,183.06366417265355,9.5864961027208,0.6656047496434017,64.87934569450303,74.05233142734795,0.0028139530524602,1
2025-09-26,NVDA,177.96302795410156,179.54101721374016,174.70717071687335,177.94304916264082,148573700,0.4993743896484375,0.0028139530524602,176.31182106235,176.3301449584961,141.62459060668945,53.300674110995146,5.353658578205573,31614910800.0,0.9191647280327686,0.2976697232572105,0.6214950047755581,166.42343992391045,174.59195785522462,182.7604757865388,9.357267117753132,0.7063452713957987,62.938655982259206,68.00019093738602,0.0205398532193945,1
2025-09-29,NVDA,181.6183624267578,183.76561762390497,180.09031258631592,180.2001578366391,193063500,3.65533447265625,0.0205398532193945,176.81720595419836,176.51889862060546,141.83966751098632,58.04154621252116,5.385725084748275,31807974300.0,1.232944180931753,0.4891593409249558,0.7437848400067971,166.26181627966716,174.9754608154297,183.68910535119224,9.959847506792968,0.8811781387262423,69.69413196778548,65.83737788151592,0.0260104123984954,1
2025-09-30,NVDA,186.3423309326172,187.11135435179563,181.2488213615314,181.848063160254,236981000,4.723968505859375,0.0260104123984954,177.72436071404778,176.82270416259766,142.09703628540038,63.235948154847,5.4197827922851305,32044955300.0,1.8415729301840429,0.8782304721417966,0.9633424580422464,165.99949851746928,175.7649353027344,185.5303720879995,11.111928290412756,1.0415730940905197,81.17145423387818,71.2680807279743,0.0035374661473905,1
2025-10-01,NVDA,187.0015106201172,187.9003581593927,183.665753326035,185.00405809785752,173844900,0.6591796875,0.0035374661473905,178.6078988003401,177.22657775878906,142.3365326690674,63.90740133488652,5.335127223790314,32218800200.0,2.350016364866775,1.109339125459623,1.240677239407152,166.00828864197032,176.5953582763672,187.1824279107641,11.99020148403717,0.9914557428592382,91.54809353181275,80.80455991115882,0.0088121650896251,1
2025-10-02,NVDA,188.6493988037109,190.806651138866,187.8204541960536,189.3585011391996,136805800,1.64788818359375,0.0088121650896251,179.56423213399447,177.5885089111328,142.59410369873046,65.59890609624493,5.22584245914449,32355606000.0,2.8530441375702367,1.2898935185304676,1.563150619039769,165.9302374588536,177.45624389648438,188.98225033411515,12.990251776493407,0.9855608474537416,93.94410380397814,88.88788385655637,-0.0067235138243937,0
2025-10-03,NVDA,187.38101196289065,190.11752734214045,185.14387494216948,188.9490194719917,137596900,-1.2683868408203125,-0.0067235138243937,180.3086873557941,177.8659509277344,142.86075973510742,63.14584414085071,5.207828883489238,32218009100.0,3.1134590361463097,1.2402467336852323,1.8732123024610772,167.27861387152922,178.48540191650392,189.69218996147865,12.557652250145672,0.8968849063035345,90.2491990723238,91.9137988027049,-0.0110862997204769,0
2025-10-06,NVDA,185.30364990234372,186.9914995955013,183.09647356463947,185.2637075602064,157678100,-2.077362060546875,-0.0110862997204769,180.78439807451315,178.10663909912108,143.12826232910157,59.23867335433837,5.14187956311509,32060331000.0,3.1162912961706013,0.994463194967619,2.1218281012029823,168.84406715476422,179.3462776184082,189.8484880820522,11.711657028075434,0.7836246857058552,83.65720432619882,89.2835024008336,-0.002694733062913,0
2025-10-07,NVDA,184.80430603027344,188.8191899838309,183.76563739379807,185.99279275388864,140088000,-0.4993438720703125,-0.002694733062913,181.16724645125225,178.27242706298827,143.40130615234375,58.30478696299001,5.135570493609215,31920243000.0,3.043163312991197,0.7370681694305716,2.3060951435606256,170.1259449770834,180.05984954833986,189.9937541195963,11.034002967540566,0.7388011908057568,75.7631589182313,83.22318743891799,0.0219951805478091,1
2025-10-08,NVDA,188.86911010742188,189.35849142592937,186.30237648821537,186.33235229407293,130168900,4.0648040771484375,0.0219951805478091,181.9007572756493,178.5442788696289,143.7020629119873,63.36746462400212,5.0940429866125525,32050411900.0,3.275447260381071,0.7754816934563564,2.4999655669247147,170.11021737177896,180.64859848022465,191.18697958867028,11.66727137337773,0.89002725098873,77.2045766430234,78.87497996248452,0.0182962524780399,1
2025-10-09,NVDA,192.32470703125,195.05122522476876,190.816620752273,191.9851285494953,182997200,3.455596923828125,0.0182962524780399,182.89351439523037,178.8101419067383,144.01126098632812,67.03227268226483,5.171762424522146,32233409100.0,3.6957692272126503,0.956642928230349,2.7391262989823018,169.87578601445517,181.4176177978516,192.95944958124795,12.724047337295676,0.9725025211807772,81.21244818247085,78.06006124790854,-0.0488653298838989,0
2025-10-10,NVDA,182.92669677734372,195.3708168536685,181.81811007166195,193.26350393527704,268774400,-9.39801025390625,-0.0488653298838989,182.8966746220983,178.9160076904297,144.25339897155763,51.84205537455748,5.770401307199605,31964634700.0,3.2332654575843094,0.3953113268816062,2.837954130702703,170.26236390003928,181.68427810668945,193.1061923133396,12.573365539029131,0.5543874979349315,73.81925497023714,77.41209326524381,0.0281720886825838,1
2025-10-13,NVDA,188.0801239013672,189.8678370807686,185.72312947730663,187.73056363822363,153482800,5.1534271240234375,0.0281720886825838,183.39033645821917,179.20783142089843,144.49649108886717,57.52598008794121,5.854025521215694,32118117500.0,3.2451582239505115,0.3257632745982466,2.919394949352265,170.6334682709656,182.21210479736328,193.79074132376093,12.708965235075013,0.7533985366336374,66.60829478977173,73.87999931415992,-0.0440208635083233,0
2025-10-14,NVDA,179.80067443847656,184.56460262310264,179.47109296765566,184.5346420566055,205641400,-8.279449462890625,-0.0440208635083233,183.04846388491032,179.2086331176758,144.69543998718262,47.77084474981381,6.050811622108253,31912476100.0,2.557025155272328,-0.2898958352639496,2.8469209905362773,171.35405498110055,182.4692756652832,193.58449634946584,12.18311482155726,0.3799573439597045,47.60636665622971,62.67797213874621,-0.0011108832013667,0
2025-10-15,NVDA,179.60093688964844,184.63451030281777,177.06416377208902,184.56460739230215,214450500,-0.199737548828125,-0.0011108832013667,182.72012798059967,179.24019409179687,144.89483810424804,47.561305214518406,6.159349829866861,31698025600.0,1.9728161926661016,-0.6992838382961408,2.6721000309622425,173.2734073600695,182.9456687927246,192.6179302253797,10.57391683168368,0.3270966967567781,40.6348130397115,51.61649149523766,0.0110103143268662,1
2025-10-16,NVDA,181.57839965820312,183.04652832403656,179.5410050089342,181.99786281424812,179723300,1.9774627685546875,0.0110103143268662,182.61139194989525,179.2881350708008,145.11870178222657,49.90412201962268,5.969790793097968,31877748900.0,1.650366699880237,-0.8173866648656043,2.4677533647458416,174.05802472678204,183.22381286621092,192.38960100563983,10.005018448253471,0.4102415862674334,26.340754540080667,38.19397807867397,0.0077553449510006,1
2025-10-17,NVDA,182.98660278320312,183.8654866543178,179.52102189247293,179.950466813544,173135200,1.408203125,0.0077553449510006,182.6471263149722,179.33727600097657,145.34721000671388,51.56370526644033,5.853696076579891,32050884100.0,1.491263025191813,-0.7811922716432229,2.272455296835036,174.92509794053203,183.550895690918,192.17669344130388,9.39880758186103,0.467290393071783,26.897753010714464,31.291106863502225,-0.0031655549727698,0
2025-10-20,NVDA,182.4073486328125,184.96408521149223,181.4985041529273,182.89672994644727,128544700,-0.579254150390625,-0.0031655549727698,182.6242903452427,179.33628326416016,145.5887979888916,50.81793917567557,5.683116432435966,31922339400.0,1.3034063902886146,-0.7752391252371371,2.078645515525752,174.8624084719019,183.50245666503903,192.14250485817624,9.416820188852853,0.4366260460736543,28.7324680771016,27.32365854263226,-0.0081033118938138,0
2025-10-21,NVDA,180.9292449951172,182.55715836486127,179.5709767314294,182.55715836486127,124240200,-1.4781036376953125,-0.0081033118938138,182.46285745475456,179.31851135253908,145.8029256439209,48.87540228519494,5.490478232507102,31798099200.0,1.0234602307017155,-0.8441482278592292,1.8676084585609447,175.25529233753812,183.63878326416017,192.0222741907822,9.130414368475298,0.3384003577531912,27.550466720922284,27.726895936246127,-0.0048575659089584,0
2025-10-22,NVDA,180.0503692626953,183.2063479075077,176.5348485540517,180.9092744574391,162249600,-0.878875732421875,-0.0048575659089584,182.2330966745584,179.26119110107422,145.98190475463866,47.707658411479855,5.57483688400345,31635849600.0,0.7223560844993813,-0.9162018992492508,1.6385579837486322,175.85153042468718,183.80407333374023,191.75661624279329,8.653282557686639,0.2639934726556606,22.98799245266706,26.423642416897,0.0104281596412678,1
2025-10-23,NVDA,181.92796325683597,182.7968501503985,179.5609718650331,180.1901742303588,111363700,1.877593994140625,0.0104281596412678,182.20403634906103,179.2727813720703,146.14550880432128,50.4323329259798,5.407768412672161,31747213300.0,0.6279958773549481,-0.8084496851149472,1.4364455624698953,176.56354904904708,184.02728881835935,191.49102858767168,8.11155760348047,0.3593650350622505,22.802952806152074,24.447137326580485,0.0225075739142825,1
2025-10-24,NVDA,186.0227203369141,187.23118563906056,183.26624175096785,183.60580497197225,131296700,4.094757080078125,0.0225075739142825,182.5677205383804,179.35767791748046,146.3759674835205,55.83674830450435,5.400300839068765,31878510000.0,0.8735575803978577,-0.4503103856576302,1.323867966055488,177.4661423104998,184.4302734375,191.3944045645002,7.552047716678374,0.6143320588292831,32.55563487483746,26.11552671121888,0.0280791407890208,1
2025-10-27,NVDA,191.2460784912109,191.75542334831323,188.18996363054163,189.74798924630224,153452700,5.223358154296875,0.0280791407890208,183.39423081960237,179.57840026855467,146.63269256591798,61.58985622826215,5.424043851378079,32031962700.0,1.4726722993024453,0.1190434665975657,1.3536288327048795,177.4764817588163,184.91165924072263,192.346836722629,8.041869844699246,0.9259763311570716,52.368277457421335,35.908955046136974,0.0498198308964381,1
2025-10-28,NVDA,200.77392578125,202.8912204382634,191.66554775855596,192.8040950113927,297986200,9.527847290039062,0.0498198308964381,185.0494398635688,179.95852111816407,146.95802558898924,69.41625264441797,5.868408001069106,32329948900.0,2.685337776859825,1.0653671553239563,1.619970621535869,175.47882661457058,185.63323898315429,195.787651351738,10.940295417142607,1.2455225496326516,73.4798332510947,52.80124852778452,0.0298960625995599,1
2025-10-29,NVDA,206.7762756347656,211.9197249544373,204.51915980095316,207.715080745974,308829600,6.002349853515625,0.0298960625995599,187.11866231796853,180.58591918945316,147.32675033569336,73.13061925784,6.245364513363263,32638778500.0,4.0836496034104925,1.9709431854996988,2.1127064179107937,172.90217972979897,186.62197723388672,200.34177473797448,14.70330312371861,1.2344969338969478,85.17757969217489,70.34189680023032,-0.0200444385737446,0
2025-10-30,NVDA,202.63156127929688,205.89740027142088,201.1534507471854,204.8886770404504,178864400,-4.14471435546875,-0.0200444385737446,188.5960812666665,181.1352163696289,147.68209060668946,67.07302799335976,6.200897397235904,32459914100.0,4.8020232556460485,2.151453470188204,2.6505697854578445,171.9354718341406,187.321085357666,202.70669888119144,16.42699591895758,0.9975581863609247,83.72732545357282,80.7949127989475,-0.0019715110218919,0
2025-10-31,NVDA,202.2320709228516,207.7050861560208,201.81260775338424,206.18701808603035,179802200,-0.3994903564453125,-0.0019715110218919,189.89474694820788,181.6849130249024,148.01306671142578,66.50125069753526,6.1788674690502345,32280111900.0,5.278259527331812,2.102151793499174,3.1761077338326382,171.36099348999497,188.06363830566409,204.76628312133315,17.762758357914894,0.9241373978058796,77.27911895326461,82.06134136633746,0.0216800401343617,1
2025-11-03,NVDA,206.6164703369141,211.07078042213968,205.2981445069072,207.81493866642376,180267300,4.3843994140625,0.0216800401343617,191.48729203284657,182.26217742919923,148.37929504394532,69.56748496612586,6.3688561854957975,32460379200.0,5.940980667497115,2.2118983469315814,3.7290823205655337,170.6426898969893,189.12927932739257,207.61586875779585,19.549156530546508,0.9729696376758892,77.12857884111487,79.37834108265078,-0.0395881577898881,0
2025-11-04,NVDA,198.43690490722656,203.7101778590782,197.67786326579136,202.7414122562426,188919300,-8.1795654296875,-0.0395881577898881,192.14915992564465,182.6394989013672,148.68395637512208,58.76128861262111,6.552409820183434,32271459900.0,5.740002202665835,1.6087359056802413,4.1312662969855936,171.009823897528,189.81090927124023,208.6119946449525,19.810331709486128,0.7294015335956944,73.17712010244632,75.86160596560862,-0.0175145856198356,0
2025-11-05,NVDA,194.96136474609372,202.6615358672701,194.4020652255917,198.51682788141107,171350300,-3.4755401611328125,-0.0175145856198356,192.4169889561636,182.9081616210937,148.95566329956054,54.86175211716719,6.674342736004498,32100109600.0,5.239876244970731,0.8868879583881091,4.3529882865826215,171.18835378522618,190.11552200317385,209.04269022112143,19.91122872926879,0.6280128830451475,66.32795466192628,72.21121786849585,-0.0365248053766662,0
2025-11-06,NVDA,187.84043884277344,197.3682807609907,186.14260723026615,196.16981228388872,223029800,-7.1209259033203125,-0.0365248053766662,191.98112704060264,183.0378012084961,149.16061203002928,47.85456253911089,6.999437792770213,31877079800.0,4.220274909816851,-0.1061707014126165,4.326445611229468,170.96789158945825,189.89130859375,208.81472559804175,19.930787927504547,0.4458113259748109,48.64051923359356,62.71519799932207,0.0003720458402716,1
2025-11-07,NVDA,187.9103240966797,188.0801209573904,178.68210397488247,184.66446402160463,264942300,0.06988525390625,0.0003720458402716,191.59343152213376,183.19740081787108,149.36516136169433,47.92485980040832,7.170764877751477,32142022100.0,3.3789225460071464,-0.7580184521778577,4.136940998185004,171.46079397528976,190.1404899597168,208.82018594414384,19.64830950881059,0.4403050813863253,38.72424813947138,51.23090734499709,0.0579326280679219,1
2025-11-10,NVDA,198.7964630126953,199.6853287651845,193.5431531870904,194.8614791513322,198897100,10.886138916015623,0.0579326280679219,192.2794345212349,183.69436401367187,149.64710723876954,57.52952474680213,7.49963914851957,32340919200.0,3.5496470457699445,-0.469835161932048,4.0194822077019925,171.6521434626888,190.6763069152832,209.7004703678776,19.954407299326142,0.7134169031307589,42.33699521933192,43.2339208641323,-0.0295906035503412,0
2025-11-11,NVDA,192.91395568847656,195.17107140540628,191.05632435423007,194.91140808059745,176483300,-5.88250732421875,-0.0295906035503412,192.3398651085912,184.1415863037109,150.02046001434326,51.95332401884753,7.516817684944261,32164435900.0,3.1736938952672915,-0.6766306499477608,3.850324545215052,172.95957996104474,191.3319709777832,209.7043619945217,19.204726656865738,0.5430533159579516,45.959714340611946,42.34031923313843,0.0033133459502552,1
2025-11-12,NVDA,193.5531463623047,195.6404805249176,190.88654915774768,195.4706988945922,154935300,0.639190673828125,0.0033133459502552,192.4554157041829,184.60478820800785,150.34423755645753,52.49217097483911,7.319468662246096,32319371200.0,2.893965823751273,-0.7650869771710234,3.659052800922297,174.4494391868435,192.029581451416,209.6097237159885,18.30982719609823,0.5433319846893092,50.15763132497585,46.15144696163992,-0.035810152058003,0
2025-11-13,NVDA,186.6219787597656,191.1961465947379,183.61581837719612,190.8066439854392,207423100,-6.931167602539063,-0.035810152058003,191.8998502809051,184.90859405517577,150.65976978302,46.4135195079672,7.506458613879127,32111948100.0,2.0889123313495475,-1.2561123756581996,3.345024707007747,175.17006796126057,192.28176040649413,209.3934528517277,17.79856020566746,0.3346223886140196,37.14943869246365,44.42226145268384,0.0177137274826502,1
2025-11-14,NVDA,189.92774963378903,190.7666759402113,180.34996953708983,182.62706393415107,186591900,3.305770874023437,0.0177137274826502,191.71203117165595,185.37119201660155,150.98708793640137,49.42185741543523,7.714333455967862,32298540000.0,1.6980753647877125,-1.317559473776028,3.01563483856374,176.01086043052348,192.62881774902343,209.24677506752337,17.253864206498456,0.4187304413091915,34.15463344198721,40.48723448647559,-0.0187725579562476,0
2025-11-17,NVDA,186.36231994628903,188.75925679396332,184.08522536919267,185.73311754704963,173628900,-3.5654296875,-0.0187725579562476,191.2025348644781,185.7367156982422,151.31944480895996,46.39647564921258,7.580632799441328,32124911100.0,1.088091038537982,-1.5420350400206069,2.6301260785585887,176.61058036804,192.8265663146973,209.04255226135453,16.819244626482035,0.3006829066800984,26.943100040886435,32.74905739177911,-0.0280815210062421,0
2025-11-18,NVDA,181.1289825439453,184.5646030780414,179.42115405263684,183.14641371605563,213598900,-5.23333740234375,-0.0280815210062421,190.2431489291893,185.94863800048827,151.64265956878663,42.30307201541645,7.534956591884964,31911312200.0,0.1803089840124698,-1.9598536756368952,2.140162659649365,176.64966826730563,192.83655319213867,209.0234381169717,16.788191509215306,0.1383624550813901,21.49860617228691,27.532113218386865,0.0284516980752824,1
2025-11-19,NVDA,186.28240966796875,187.62069907956396,182.5971076589588,184.5546024199349,247246400,5.1534271240234375,0.0284516980752824,189.8659356662159,186.1324035644531,151.98170635223389,47.23947674408725,7.460439445008797,32158558600.0,-0.1218714759815497,-1.809627308504732,1.687755832523182,177.736441489872,193.14815521240237,208.5598689349327,15.958437403227904,0.2772556099846127,18.042555374082657,22.161420529085348,-0.0315247844809932,0
2025-11-20,NVDA,180.40989685058597,195.7503316108911,179.62090987236718,195.70039225393623,343504800,-5.8725128173828125,-0.0315247844809932,188.9653605409178,186.20171508789065,152.2605366897583,42.75083270968191,8.079652465974162,31815053800.0,-0.8256962608281526,-2.010761674681068,1.1850654138529153,177.42706163042735,193.07225189208984,208.7174421537523,16.206565271126305,0.0953275470055423,12.11840930170699,17.219856949358867,-0.0097430988849769,0
2025-11-21,NVDA,178.6521453857422,184.32490281868388,172.70971237567008,181.00913979899244,346926200,-1.75775146484375,-0.0097430988849769,187.98314957375823,186.2228881835937,152.51135692596435,41.48034455307835,8.332190892905565,31468127600.0,-1.5079357816404697,-2.154400956394708,0.6464651747542385,176.0941644546109,192.70372314453124,209.3132818344516,17.23844087585466,0.077003278018567,15.989781381512064,15.383582019100585,0.0205165685056738,1
2025-11-24,NVDA,182.3174743652344,183.26626122561635,176.25519889972114,179.2613745727385,256618300,3.665328979492188,0.0205165685056738,187.4435614586607,186.31876586914063,152.77471256256104,45.1414366024832,8.23782456669054,31724745900.0,-1.7328785556320554,-1.903474984309035,0.1705964286769797,175.04595576439428,192.2572929382324,209.4686301120705,17.904483008993285,0.2112421169661667,18.8602650685358,15.656151917251634,-0.0259107569425021,0
2025-11-25,NVDA,177.59349060058594,177.93305383278917,169.3340211059625,174.68719385821646,320600300,-4.7239837646484375,-0.0259107569425021,186.5054594721774,186.3774905395508,152.9958259963989,41.53480959140171,8.576798044732062,31404145600.0,-2.266209877670008,-1.94944504507759,-0.3167648325924178,173.22774756172083,191.09827117919923,208.96879479667763,18.702967334247216,0.1221492758778248,26.153043930302672,20.33436346011686,0.0137217284270747,1
2025-11-26,NVDA,180.03038024902344,182.67701383620675,178.01296428701193,181.3986455127995,183852000,2.4368896484375,0.0137217284270747,185.8887852604485,186.5766366577149,153.2329681777954,44.01951366513989,8.32727841550983,31587997600.0,-2.4638405440332747,-1.7176605691526854,-0.7461799748805893,172.8039170436864,189.7609764099121,206.7180357761378,17.87201951321743,0.213081261593339,31.510706806264007,25.50800526836751,-0.0180849705016862,0
2025-11-28,NVDA,176.7745361328125,179.0616124091028,176.27517303639212,178.7819702942556,121332800,-3.255844116210937,-0.0180849705016862,185.0207615340069,186.5918170166016,153.4621187210083,41.48287518049708,8.000701901018509,31466664800.0,-2.8503268868471423,-1.6833175295732423,-1.1670093572739,171.6915003402613,188.4681251525879,205.2447499649145,17.803142890866948,0.1514916095881347,28.98979286264131,28.884514533069343,0.0164971442619032,1
2025-12-01,NVDA,179.69081115722656,180.07033197943204,173.45875435362808,174.5373804488289,188131000,2.9162750244140625,0.0164971442619032,184.5131472124088,186.65673431396485,153.68513164520263,44.56430574618932,7.901478738503184,31654795800.0,-2.888009895516205,-1.3768004305938444,-1.511209464922361,171.40703995594257,187.34106216430663,203.2750843726707,17.010709797715577,0.259939740668106,32.98750884600671,31.16266950497069,0.0085594550440095,1
2025-12-02,NVDA,181.22886657714844,185.4235136530611,179.7707195907086,181.5284722516508,182632200,1.538055419921875,0.0085594550440095,184.20035858047925,186.6137890625,153.89806125640868,46.17416666841237,7.746566149741137,31837428000.0,-2.761927946923919,-1.000574785601246,-1.7613531613226727,172.63251256652887,186.0716819763184,199.51085138610784,14.445152821803276,0.319824601822406,36.2497000978828,32.74233393551029,-0.0103053671313878,0
2025-12-03,NVDA,179.36123657226562,182.21759414523956,178.88185225801445,180.8493441127912,165138000,-1.8676300048828125,-0.0103053671313878,183.73948981779225,186.6369595336914,154.09890689849854,44.484836987285846,7.431507273847133,31672290000.0,-2.7806555608445365,-0.8154419196174909,-1.9652136412270456,172.65199582135233,185.1178985595703,197.58380129778828,13.468068550061348,0.2691036859426192,40.73096049595403,36.65605647994786,0.0211605345235379,1
2025-12-04,NVDA,183.1566162109375,184.2952268834804,179.74078419330877,181.3987504426599,167364900,3.795379638671875,0.0211605345235379,183.68397804571083,186.76520050048828,154.3195781326294,48.60035520322834,7.25311320508768,31839654900.0,-2.4608744830724163,-0.3965286734762965,-2.06434580959612,172.89169230438685,184.5276611328125,196.16362996123817,12.611625549245709,0.4410859146285409,45.10427504728563,40.69497854704084,-0.0052896057701214,0
2025-12-05,NVDA,182.1877899169922,184.43504894381925,180.6896172324408,183.66598269849337,143971100,-0.9688262939453124,-0.0052896057701214,183.54148393821384,186.85968322753905,154.53101177215575,47.62969749185641,7.002564526965592,31695683800.0,-2.2595748873768287,-0.1561832622245669,-2.1033916251522617,172.67021350840875,184.24502868652343,195.8198438646381,12.564588863679138,0.4111329754352792,46.31428926642352,44.04984160322108,0.0172140223766461,1
2025-12-08,NVDA,185.323974609375,187.7709870845105,182.17780264974235,182.41751577930148,204378100,3.1361846923828125,0.0172140223766461,183.71124495451488,187.00690216064453,154.7864841079712,51.03864630066924,6.90189452038006,31900061900.0,-1.8259314122984165,0.2219681702830764,-2.047899582581493,172.65031103846368,184.1157112121582,195.58111138585272,12.454559253210972,0.5526917237476351,53.83835037757792,48.418971563762376,-0.0031258768757731,0
2025-12-09,NVDA,184.7446746826172,185.4937610485011,183.09669077375295,185.33395229946427,144719700,-0.5792999267578125,-0.0031258768757731,183.80966683338173,187.06942840576173,155.05977886199952,50.386216675165386,6.580121359977779,31755342200.0,-1.5115858756985858,0.4290509655063257,-1.9406368412049115,174.11499844124234,183.4131217956543,192.71124515006625,10.138994705919956,0.5716033137122812,55.84223666515948,51.998292103053664,-0.0064334891302668,0
2025-12-10,NVDA,183.55612182617188,185.2540478736652,181.8182359713298,184.74467463147755,162785400,-1.1885528564453125,-0.0064334891302668,183.785519689838,187.0137042236328,155.34535369873046,49.00217368094874,6.355527827289037,31592556800.0,-1.3428910435411296,0.4781966381310256,-1.8210876816721555,174.72754622946013,182.94523010253903,191.162913975618,8.983764013385855,0.5371693370703937,57.56886172246311,55.74981625506685,-0.0155077495104963,0
2025-12-11,NVDA,180.70957946777344,181.09911899111663,176.40483245042134,180.060377409269,182136600,-2.846542358398437,-0.0155077495104963,183.4925730020223,186.88786560058597,155.59348052978515,45.760199340892186,6.412367937893429,31410420200.0,-1.4224937302012108,0.3188751611767557,-1.7413688913779666,175.6416100662998,182.3030517578125,188.96449344932523,7.308096740324862,0.3803958389315858,57.95856911477765,57.1232225008001,-0.0326644900191108,0
2025-12-12,NVDA,174.80679321289062,182.59729422559732,174.40727135263347,180.88937065842447,204274900,-5.9027862548828125,-0.0326644900191108,182.66535587924787,186.61101348876957,155.86766033172609,39.869591587798325,6.539343290398462,31206145300.0,-1.9395272887408908,-0.1585267178903391,-1.7810005708505516,174.6068740086843,181.7122924804688,188.81771095225324,7.820514919262489,0.0140680809300828,48.40725112168239,54.64489398630773,0.0072562847968487,1
2025-12-15,NVDA,176.0752410888672,178.20265125135413,174.8167814768023,177.7232402429772,164775600,1.2684478759765625,0.0072562847968487,182.0377258992116,186.38489807128903,156.12436798095703,41.609065323697074,6.314808629545966,31370920900.0,-2.221320960866592,-0.3522563120128323,-1.86906464885376,174.5834745327951,181.01966705322263,187.45585957365023,7.111042269827206,0.1158889010340691,42.64901010844354,49.67161011496788,0.0081116937496983,1
2025-12-16,NVDA,177.50350952148438,178.27257580423,174.68693742218818,176.0452813318811,148588100,1.4282684326171875,0.0081116937496983,181.6058957679995,186.2288952636719,156.44243602752687,43.58793685612216,6.1198678975813845,31519509000.0,-2.30284933658686,-0.34702775018648,-1.95582158640038,174.4608722409595,180.5767265319824,186.69258082300533,6.773690506500258,0.2487499812569907,31.502708486159325,40.85298990542844,-0.0381499148533422,0
2025-12-17,NVDA,170.7317657470703,175.91544580087532,170.10252832729947,175.88548356566727,222775500,-6.771743774414063,-0.0381499148533422,180.5702643374348,185.94744445800785,156.7170097351074,37.15808634244228,6.211375990195922,31296733500.0,-2.880677631915404,-0.7398848364120192,-2.1407927955033847,172.59722054182805,180.05686569213867,187.5165108424493,8.285876932974194,-0.1250364298280368,22.795264640075345,32.31566107822609,0.0187199533974071,1
2025-12-18,NVDA,173.9278564453125,175.93540231223645,171.6106906687844,174.3173807251694,176096000,3.1960906982421875,0.0187199533974071,179.93765406199458,185.6486193847656,157.00102367401124,41.54124683373957,6.139394602693795,31472829500.0,-3.045605071051881,-0.7238498204387969,-2.321755250613084,172.09874109175416,179.43913803100585,186.77953497025757,8.181489300269956,0.1245924007036602,17.824263429019197,24.04074551841797,0.0393361919460535,1
2025-12-19,NVDA,180.7695159912109,181.2289470656948,176.12517166919682,176.45477147838753,324925900,6.8416595458984375,0.0393361919460535,180.01687900763423,185.41751556396488,157.3528457260132,49.63891693865718,6.222372889671544,31797755400.0,-2.5943405644797224,-0.2180682510933103,-2.376272313386412,172.105544970675,179.4571189880371,186.8086930053992,8.193126089193685,0.5892595925766617,28.52833856739917,23.04928887883126,0.0149179815734243,1
2025-12-22,NVDA,183.4662322998047,183.935660967629,182.1278683380167,183.6959478478248,129064400,2.69671630859375,0.0149179815734243,180.34538884498377,185.42830627441407,157.7075671005249,52.43564736775587,6.004070895867724,31926819800.0,-1.9960979485085204,0.3041394919023137,-2.300237440410834,172.1546882021234,179.69782333374025,187.2409584653571,8.395355037336776,0.7497906308392419,52.55319689021328,32.96859962887724,0.0300506260872848,1
2025-12-23,NVDA,188.97950744628903,189.099356383118,182.6771816078249,182.7471036477755,174873600,5.513275146484375,0.0300506260872848,181.16768585463188,185.4462939453125,158.11836227416993,57.61767168296452,6.033935458683819,32101693400.0,-1.064836366492358,0.988320859134781,-2.053157225627139,171.52725057882313,180.03092498779296,188.5345993967628,9.446904091112591,1.026159753309521,78.4593656729045,53.180300376839,-0.0031711040511148,0
2025-12-24,NVDA,188.38023376464844,188.67987134928,186.3626902843432,187.71105179508496,65528500,-0.599273681640625,-0.0031711040511148,181.85459517939535,185.61788513183595,158.5172744369507,56.89211696246864,5.789855580345393,32036164900.0,-0.3708858894710545,1.3458170689248676,-1.716702958395922,171.4104087462543,180.57026214599608,189.73011554573787,10.145472782595617,0.9263153173866576,90.40651929901335,73.8063606207104,0.0101797494137021,1
2025-12-26,NVDA,190.2978973388672,192.45526970950263,187.7709805748158,189.68863982420257,139740300,1.91766357421875,0.0101797494137021,182.65871919458317,185.8318243408203,158.8908737564087,58.68500855933311,5.71088654851264,32175905200.0,0.330010135648223,1.6373704752353162,-1.3073603395870932,170.99821396233105,181.0836380004883,191.16906203864556,11.138967771489158,0.9568107054060206,95.3107113227946,88.05886543157084,-0.0121240958185564,0
2025-12-29,NVDA,187.9907073974609,188.53004285167208,185.68352392965696,187.4813341773615,120006100,-2.30718994140625,-0.0121240958185564,183.1665275948572,185.96007049560544,159.25373603820802,55.68428756008349,5.632564181419609,32055899100.0,0.6913350587417995,1.5989563186631144,-0.9076212599213148,171.33495565481647,181.6444465637207,191.9539374726249,11.351286652507332,0.8077873044273715,88.86326757454852,91.52683273211883,-0.0036127780493742,0
2025-12-30,NVDA,187.31153869628903,188.75978454971104,186.70228116711607,188.0106981731968,97687300,-0.679168701171875,-0.0036127780493742,183.56129055689837,186.0465692138672,159.58279510498048,54.796054906619744,5.377202695789278,31958211800.0,0.9123672239353482,1.4559907870853306,-0.5436235631499823,171.4725356601254,182.02548294067384,192.57843022122228,11.595021872830715,0.7504540018577874,82.45455222588733,88.87617704107682,-0.00554545018353,0
2025-12-31,NVDA,186.27281188964844,190.32786369396135,186.26282955778905,189.33907943283364,120100500,-1.038726806640625,-0.00554545018353,183.8195306838269,186.1238784790039,159.9173455810547,53.393276729945455,5.283476370102355,31838111300.0,0.9922818277716772,1.2287243127373275,-0.2364424849656504,171.5729465068128,182.27768020629884,192.98241390578488,11.745523299803468,0.6866058416540252,76.45217816895034,82.58999932312874,0.0126005369616815,1
2026-01-02,NVDA,188.6199493408203,192.6949656802433,188.0306564952844,189.6087335707417,148240500,2.347137451171875,0.0126005369616815,184.2767134130644,186.277692565918,160.28410301208496,56.1264333363911,5.364810471566109,31986351800.0,1.2308209655970757,1.1738107604501808,0.0570102051468948,171.7826127047175,182.74061584472656,193.6986189847356,11.992958532349476,0.7682666458922411,77.09755781586783,78.6680960702352,-0.0038655016095672,0
2026-01-05,NVDA,187.89083862304688,193.39413642527967,185.9232371396652,191.5264039837752,183529700,-0.7291107177734375,-0.0038655016095672,184.62091581401512,186.434501953125,160.63677951812744,55.04652840673818,5.515245386855278,31802822100.0,1.3455214754031886,1.030809016205035,0.3147124591981535,171.7914406852779,182.97732696533205,194.16321324538612,12.226527150189996,0.719629966490732,76.8921645014126,76.81396682874362,-0.004677830570294,0
2026-01-06,NVDA,187.0119171142578,191.935904267691,186.5924305704924,190.2879203285983,176862600,-0.8789215087890625,-0.004677830570294,184.84863022356205,186.53618103027344,160.98001850128173,53.70507769114284,5.502975980451229,31625959500.0,1.3499395724088004,0.8281816905685174,0.5217578818402829,171.90384200718003,183.21853332519527,194.53322464321064,12.35103361288544,0.667630900501132,76.97791212733354,76.989211481538,0.0099870977617273,1
2026-01-07,NVDA,188.87962341308597,191.1368647540468,186.3327268208183,188.3402879564672,153543200,1.867706298828125,0.0099870977617273,185.23253433685,186.59331909179687,161.3367402267456,56.1504932629085,5.453058977078175,31779502700.0,1.4870079335315722,0.7722000413530314,0.7148078921785408,171.84560908421912,183.39631576538085,194.94702244654255,12.596443535908936,0.7373581028011006,76.52941486269962,76.7998304971486,-0.0215218184234411,0
2026-01-08,NVDA,184.8145904541016,189.31910643994627,183.48622397884648,188.87963997886857,172457000,-4.065032958984375,-0.0215218184234411,185.19273015754064,186.4646893310547,161.65461269378662,49.96435312689111,5.480189225936862,31607045700.0,1.253175582315265,0.4306941521093793,0.8224814302058857,171.84743248223663,183.3998115539551,194.95219062567355,12.598027199520676,0.5612332269986713,71.27681158190292,74.92804619064538,-0.0009728361331303,0
2026-01-09,NVDA,184.63479614257807,186.1129888751533,183.44624341374129,184.8545293482555,131327500,-0.1797943115234375,-0.0009728361331303,185.13959358468705,186.14190673828125,161.97518115997315,49.70352768541595,5.27922895704223,31475718200.0,1.0413498283653837,0.1750947185275982,0.8662551098377854,171.88888566663033,183.4537452697754,195.0186048729205,12.607929684006743,0.5510620497494644,63.50292798920707,70.43638481126989,0.0004328018336186,1
2026-01-12,NVDA,184.71470642089844,186.89204340473577,182.7970472156232,182.9968005253017,137968500,0.0799102783203125,0.0004328018336186,185.0991281405167,185.70067535400392,162.3307506942749,49.82888647834914,5.194640902190114,31613686700.0,0.8698968544146908,0.0029133956615242,0.8669834587531665,172.14759111560687,183.65400161743165,195.1604121192564,12.530530672338628,0.5460919069113073,44.28409029320213,59.68794328810406,0.0047042397304424,1
2026-01-13,NVDA,185.58364868164065,187.88084992986475,183.17658082293008,184.7746378408776,160128900,0.8689422607421875,0.0047042397304424,185.14527295395703,185.3597171020508,162.70229862213134,51.25170549737533,5.159614345386155,31773815600.0,0.794971578194378,-0.0576095044470308,0.8525810826414089,173.4073835872518,184.19284439086917,194.97830519448647,11.711052988279912,0.5644758863851707,33.11938816174612,46.96880214805179,-0.0143696027349842,0
2026-01-14,NVDA,182.91688537597656,184.23528457453645,180.57973978602013,184.0954557419801,159586100,-2.6667633056640625,-0.0143696027349842,184.933045565578,184.97341339111327,163.06930042266845,46.85960027625365,5.14849252754575,31614229500.0,0.5144766783882346,-0.2704835234025394,0.7849602017907741,174.38580834851604,184.5349266052246,194.6840448619332,10.999671924893178,0.4202866107024365,22.77320666762008,33.39222837418946,0.0213499052899566,1
2026-01-15,NVDA,186.8221435546875,189.46890929684608,186.103019420931,186.27281050248445,206188600,3.9052581787109375,0.0213499052899566,185.11295965977888,184.5775268554688,163.4622695159912,53.18642990574587,5.248744769926019,31820418100.0,0.6003833018744444,-0.1476615199330637,0.7480448218075082,175.34195883438343,185.0008583068848,194.6597577793861,10.442005038137577,0.594280163748877,31.357565128527444,29.08338665263123,-0.0043839316225913,0
2026-01-16,NVDA,186.0031280517578,190.20800608356456,185.85331687968656,188.8496622427164,187967200,-0.8190155029296875,-0.0043839316225913,185.1977376018721,184.32885131835937,163.84230587005615,51.79370495306425,5.1848836580654485,31632450900.0,0.595512516031647,-0.122025844620689,0.717538360652336,178.6621942106476,185.76442642211916,192.86665863359065,7.646493301503121,0.5168046905910182,36.42501481877712,30.1852622049749,-0.0438167627448328,0
2026-01-20,NVDA,177.8530731201172,182.1578200140757,177.39362681050815,181.6783938022576,223345300,-8.150054931640625,-0.0438167627448328,184.4982457464669,183.98668548583984,164.18024391174316,40.44426235351187,5.429499199721464,31409105600.0,-0.0652369262954835,-0.6262202295582556,0.5609833032627721,180.0628356489712,185.96068725585937,191.85853886274757,6.343116595147273,-0.1873362264890835,31.30268532132243,33.02842175620901,0.0294828856998747,1
2026-01-21,NVDA,183.09669494628903,185.15418310637224,178.18267486272933,178.8318922054109,200381000,5.243621826171875,0.0294828856998747,184.36476471787853,183.89181060791012,164.58743968963623,48.29460988889909,5.563185684473863,31609486600.0,-0.1638800539364524,-0.5798906857593797,0.4160106318229272,180.51095830203852,186.0770462036133,191.64313410518804,5.982562616008103,0.2322759440718646,26.945702517838253,31.55780088597928,0.0082913972961204,1
2026-01-22,NVDA,184.6148223876953,185.94320399708803,183.70592730123704,184.5249356842524,139636600,1.51812744140625,0.0082913972961204,184.38857973405155,183.82590057373048,165.0396237182617,50.33574047870172,5.369137353497085,31749123200.0,-0.1181927933271822,-0.4273627401200876,0.3091699467929054,180.65428485497537,186.1344757080078,191.61466656104025,5.888421080712962,0.3613503287507216,27.881841151320568,28.710076330160437,0.0153105439106657,1
2026-01-23,NVDA,187.44137573242188,189.3690325020707,186.5924203594268,187.27158465782284,142748100,2.8265533447265625,0.0153105439106657,184.6793222100868,183.598798828125,165.48931388854982,53.97849128642568,5.325213979274107,31891871300.0,0.1444290342888337,-0.1317927300032573,0.276221764292091,180.69738351821772,186.05756912231445,191.41775472641115,5.7618570740037,0.6290819677074062,47.85683537161477,34.22812634692455,-0.0063941704429395,0
2026-01-26,NVDA,186.2428436279297,188.88960930416172,185.76343263076708,186.93200550896395,124799600,-1.1985321044921875,-0.0063941704429395,184.8282290117861,183.4653765869141,165.93970191955566,52.22914579330025,5.168139885997005,31767071700.0,0.2529315628684685,-0.018632161138898,0.2715637240073665,180.69581460581972,185.95069961547853,191.2055846251373,5.651912061127155,0.5277973744348529,56.25970755397034,43.999461358968574,0.0109937142843565,1
2026-01-27,NVDA,188.29034423828125,189.76853699604695,185.47377232125424,187.01190478720807,143711600,2.0475006103515625,0.0109937142843565,185.1579542714523,183.3601205444336,166.31030361175536,54.91712265909639,5.105755942339557,31910783300.0,0.4983916375060175,0.1814623307989207,0.3169293067070968,180.8614668259344,185.8503219604492,190.839177094964,5.368680647834967,0.7445473171741384,67.64531147891948,57.25395146816822,0.0159134721514033,1
2026-01-28,NVDA,191.2866973876953,192.1156881225865,189.60873601436583,191.03700193406064,148552700,2.9963531494140625,0.0159134721514033,185.74164409204687,183.4534149169922,166.7296398162842,58.58933950352196,5.014297938194249,32059336000.0,0.9240493074743767,0.4856960006138239,0.4383533068605528,180.5585084402924,186.0151214599609,191.47173447962948,5.866848863513554,0.9830446935427536,78.16952059697091,67.35817987662027,0.0051691246884513,1
2026-01-29,NVDA,192.2754821777344,193.244301759811,185.8333425036608,191.1069092802216,171764400,0.9887847900390624,0.0051691246884513,186.36391438592187,183.5003695678711,167.1371434020996,59.75434807720056,5.185488032333963,32231100400.0,1.325888726655279,0.7100283358357808,0.6158603908194982,180.178049368771,186.2633186340332,192.34858789929535,6.534050085533385,0.9939932221259024,89.18157951712249,78.33213719767097,-0.0071684186752031,0
2026-01-30,NVDA,190.8971710205078,194.25307849059112,189.23918956869625,190.97707539362892,179489500,-1.3783111572265625,-0.0071684186752031,186.7956531130253,183.59106658935548,167.53885391235352,57.33302897382252,5.173230953016888,32051610900.0,1.5156595898056082,0.7198393591888881,0.7958202306167201,180.08273851042892,186.49453659057616,192.9063346707234,6.87612430622939,0.8433229162006419,89.45056417047205,85.60055476152183,-0.0288808635403616,0
2026-02-02,NVDA,185.38389587402344,190.0681850900544,184.6547894061738,186.9719553243457,165794100,-5.513275146484375,-0.0288808635403616,186.66120004264417,183.67616485595704,167.90555850982665,48.812598747979465,5.249598857396683,31885816800.0,1.207262566744561,0.3291538689022724,0.8781086978422883,179.98059546718244,186.33273391723637,192.68487236729024,6.818059625396081,0.4253134947645189,73.79201484979244,84.14138617912901,-0.0283929494319805,0
2026-02-03,NVDA,180.12030029296875,186.04308409913696,176.01530661894333,186.01312186532803,204019600,-5.263595581054688,-0.0283929494319805,186.0382572093417,183.55292266845703,168.28444114685058,42.342761628083295,5.5908973304536085,31681797200.0,0.5319950229317101,-0.2768909399284626,0.8088859628601727,179.09007113385664,185.94420700073243,192.79834286760823,7.372249964043027,0.0751538325998856,49.99880264872602,71.08046055633018,-0.0341022184676785,0
2026-02-04,NVDA,173.97779846191406,179.36123157735668,171.70057725198066,179.24138264216026,207014100,-6.142501831054688,-0.0341022184676785,184.8896420905391,183.4242807006836,168.64759033203126,36.29665877955463,5.7929563097775,31474783100.0,-0.4931235124237787,-1.0416075802271612,0.5484840678033824,176.7081384431188,185.29250106811523,193.8768636931117,9.265742084015304,-0.1590298604845966,26.666343089060003,50.15238686252618,-0.0132614043964427,0
2026-02-05,NVDA,171.6706085205078,176.604592702014,170.82163795446576,174.71688060291817,206312900,-2.30718994140625,-0.0132614043964427,183.6306865124409,183.2846499633789,169.0220714187622,34.314679817553696,5.7922419124754105,31268470200.0,-1.4747087589549324,-1.618554261406652,0.1438455024517195,174.17205608791969,184.43205032348632,194.69204455905296,11.12604259137284,-0.1219029713847457,12.076276795700776,29.58047417782895,0.078717722291379,1
2026-02-06,NVDA,185.1841278076172,186.7721871314613,174.3872995354016,176.47474973392875,231346200,13.513519287109377,0.078717722291379,183.7786333024577,183.34198303222652,169.45423408508302,51.14266050909144,6.457194533795271,31499816400.0,-1.148949692633579,-1.0342361560682387,-0.1147135365653402,174.18651370454657,184.4505271911621,194.71454067777765,11.129286148342697,0.5357365380224659,25.00547901520818,21.24936629998967,0.0249716818909204,1
2026-02-09,NVDA,189.80848693847656,193.42408742490235,183.7259094221984,184.03552934237337,196387400,4.624359130859375,0.0249716818909204,184.35290507731665,183.5862829589844,169.89044521331786,55.357490444734765,6.688693353003033,31696203800.0,-0.5117371636507357,-0.3176189016683164,-0.1941182619824193,174.1822436199392,184.70921173095704,195.2361798419749,11.398422430984304,0.7422005630558749,48.65017347166391,28.577309760857645,-0.0078930556239991,0
2026-02-10,NVDA,188.3103179931641,192.2455208098368,187.89083145679504,191.1468699498802,136764800,-1.4981689453125,-0.0078930556239991,184.7298015454926,183.7518817138672,170.300591545105,53.73999963852238,6.521978781577229,31559439000.0,-0.1261768683341131,0.0543531149186449,-0.1805299832527581,174.2456206347382,184.8889923095703,195.5323639844024,11.513256188893386,0.6607256510492817,72.32165801256245,48.65910349981153,0.0080089262671374,1
2026-02-11,NVDA,189.8184814453125,193.0245624433192,188.54004197866425,192.2155516352278,144192700,1.5081634521484375,0.0080089262671374,185.2144377264278,184.0127606201172,170.69541069030765,55.16036413823189,6.392854900761367,31703631700.0,0.2976475343597826,0.3825420140900326,-0.0848944797302499,174.244146746608,185.1007339477539,195.95732114889975,11.730463698982676,0.7172758073117425,78.91444322146485,66.62875823523042,-0.016364060802846,0
2026-02-12,NVDA,186.7122802734375,193.3741533411549,186.28279615580217,192.79485804306623,189932500,-3.106201171875,-0.016364060802846,185.3570893975716,184.15319000244145,171.0860828781128,51.64334757503047,6.442747921089322,31513699200.0,0.378523567952044,0.3707344381458352,0.0077891298062088,174.46059082008352,185.2905036926269,196.1204165651704,11.689657760884334,0.5656411827843566,74.50981053678136,75.24863725693623,-0.0220926522689397,0
2026-02-13,NVDA,182.5873107910156,187.27160018883805,181.36879569323744,187.25162028422807,161888000,-4.124969482421875,-0.0220926522689397,185.093300958852,184.18035888671875,171.45468227386473,47.32776774870792,6.404180533554413,31351811200.0,0.1085169282319782,0.0805822387406155,0.0279346894913627,174.21138238035573,185.07876205444336,195.946141728531,11.743518871053228,0.3853701932689259,66.36831763777813,73.26419046534147,0.0118155192836528,1
2026-02-17,NVDA,184.7446746826172,186.92201173748992,178.9617194034806,181.5285959992061,162276900,2.1573638916015625,0.0118155192836528,185.06009845635344,184.28802764892575,171.8345678329468,49.695429002261406,6.51533137644405,31514088100.0,0.0678340089410767,0.0319194555597712,0.0359145533813055,174.15602648212126,185.01583938598637,195.87565228985144,11.739333172668491,0.4875152221419651,59.15037080138569,66.67616632531508,0.01627282163254,1
2026-02-18,NVDA,187.75099182128903,190.13807962880853,186.53247684939709,188.52005804720127,164749100,3.006317138671875,0.01627282163254,185.31637401491872,184.3799151611328,172.21605377197267,52.87442907689517,6.435193774283142,31678837200.0,0.2750070603429435,0.1912740055693104,0.0837330547736331,175.1092442734221,185.51073532104493,195.91222636866777,11.21389662934818,0.6076892000381098,60.62803147736239,62.04890663884209,-0.0004255371370144,0
2026-02-19,NVDA,187.6710968017578,188.20044994409497,185.43383529156333,186.8321237354349,126554500,-0.07989501953125,-0.0004255371370144,185.540633327951,184.4895812988281,172.58271041870117,52.77897079719106,6.17315240844375,31552282700.0,0.4278147536399785,0.2752653590930763,0.1525493945469022,175.3592011467156,185.73945541381835,196.1197096809211,11.177220525360156,0.5930440304367712,67.86017469237908,62.54619232370908,0.0102182960812207,1
2026-02-20,NVDA,189.5887756347656,190.09814888521723,185.71349722992971,186.342734664171,178422300,1.9176788330078125,0.0102182960812207,185.9261706905048,184.57487731933597,172.96235069274903,54.88437618484905,6.045402354646874,31730705000.0,0.6956377279030619,0.4344706666849277,0.2611670612181341,175.48992608850136,185.98815307617187,196.4863800638424,11.289135156227864,0.6714871741115169,75.73054599200809,68.07291738724987,0.009113883503194,1
2026-02-23,NVDA,191.3166656494141,193.7137359837344,189.3490641935772,191.16683922839312,171584800,1.7278900146484375,0.009113883503194,186.43955116278184,184.70631713867184,173.352028465271,56.75530813702491,5.92535017146904,31902289800.0,1.0353804271078957,0.6193706927118092,0.4160097343960864,175.4432570784516,186.1819175720215,196.92057806559137,11.535664293946056,0.7390776801476855,81.4899598045401,75.02689349630911,0.0067867382765003,1
2026-02-24,NVDA,192.61508178710935,193.5339592408144,187.171708627792,191.2567378902843,175123600,1.2984161376953125,0.0067867382765003,187.0276969365273,184.88749633789064,173.73062297821045,58.15944973583618,5.956557345865707,32077413400.0,1.393338753114648,0.7818632149748492,0.6114755381397987,175.40146857504868,186.5005294799805,197.59959038491223,11.90244439077926,0.7754535883487209,89.25366368557985,82.1580564940427,0.0140522760353893,1
2026-02-25,NVDA,195.3217620849609,197.38924768090467,193.5539140704845,194.2131137016724,250637100,2.7066802978515625,0.0140522760353893,187.81760790304483,185.1797399902344,174.12120304107663,61.00212214388573,5.872100813574964,32328050500.0,1.8738294453631847,1.009883125778709,0.8639463195844761,175.12107798880214,186.85210037231445,198.5831227558268,12.556479012157228,0.8609941842984804,92.3158599657406,87.68649448528686,-0.0545612407286623,0
2026-02-26,NVDA,184.66476440429688,194.0533071271398,184.09546670933037,194.03334246429927,360807900,-10.656997680664062,-0.0545612407286623,187.51733709364024,185.3768994140625,174.4620930480957,47.358981079048206,6.254543282293223,31967242600.0,1.3787972160990876,0.4118807172116892,0.9669164988873984,174.9364388289531,186.52100372314453,198.105568617336,12.421726950801258,0.4198830799515661,77.3665314923188,86.3120183812131,-0.0416463466529611,0
2026-02-27,NVDA,176.97415161132812,182.3675672971408,176.1651407824763,181.0292033274304,311636500,-7.69061279296875,-0.0416463466529611,186.5132241905629,185.3948776245117,174.7328244781494,40.34630262659848,6.414906163688034,31655606100.0,0.3617424864262943,-0.4841392099688832,0.8458816963951776,173.77818660429935,185.7559371948242,197.73368778534908,12.89622369158772,0.1334125712033518,46.90354050492033,72.19531065432659,0.0298549479064729,1
2026-03-02,NVDA,182.25770568847656,183.2365228635074,174.42725972943845,174.79680413295333,209095300,5.2835540771484375,0.0298549479064729,186.10793671417372,185.48996154785155,174.99537223815918,46.23636744735361,6.585931661572385,31864701400.0,-0.0177375889171855,-0.6908954282498906,0.673157839332705,173.49682677331847,185.32396392822267,197.1511010831269,12.763742911828642,0.3703719167374895,27.531458951374187,50.60051031620446,-0.013316571281988,0
2026-03-03,NVDA,179.83065795898438,180.67961330625167,176.70446619030554,178.27256086028186,178099400,-2.4270477294921875,-0.013316571281988,185.51010064225096,185.67193939208985,175.21877250671386,44.08312976374391,6.512167935615144,31686602000.0,-0.5084595455826388,-0.9452939079322752,0.4368343623496363,172.97951486710588,185.0463020324707,197.1130891978355,13.04191116799234,0.2838843097996817,20.481819496330743,31.638939650875116,0.0166065045664196,1
2026-03-04,NVDA,182.8170166015625,184.47499807111,179.84065106191534,180.22019302825055,177731200,2.986358642578125,0.0166065045664196,185.25361644789967,185.84972259521484,175.4596509552002,47.333205492896205,6.378751662508749,31864333200.0,-0.6489058644102386,-0.8685921814078998,0.2196863169976613,173.2783871664529,185.1811378479004,197.08388852934792,12.855251695476577,0.4006901299704281,31.39043115722817,26.46790320164439,0.0016389986358509,1
2026-03-05,NVDA,183.1166534423828,183.83577756501344,177.6633132926684,180.94929874286032,198779700,0.2996368408203125,0.0016389986358509,185.05009616165995,185.89666534423827,175.69918159484862,47.66191057633418,6.364016848925625,32063112900.0,-0.7276445614956231,-0.7578647027946275,0.0302201412990044,174.84040753400117,185.63808059692383,196.43575365984648,11.633036743541489,0.3832421050420965,32.63734374412581,28.169864799228264,-0.0301079942366854,0
2026-03-06,NVDA,177.60337829589844,182.5373473445644,176.60459654479843,179.6209064601764,189021900,-5.513275146484375,-0.0301079942366854,184.3408849363493,185.77940826416017,175.91029708862305,42.41624183911291,6.374591138115536,31874091000.0,-1.2208476029601911,-1.0008541954073564,-0.2199934075528346,176.44098436358234,185.93471908569336,195.4284538078044,10.21190100352969,0.0612190021282596,29.404058560233125,31.143944487195725,0.0271622757672957,1
2026-03-09,NVDA,182.427490234375,182.6871832569013,175.34613090826778,176.61458806542095,177213600,4.8241119384765625,0.0271622757672957,184.15865686949465,185.64836791992187,176.1514749145508,47.82710716600965,6.443624081723965,32051304600.0,-1.2085180067025476,-0.7908196793197704,-0.4176983273827772,176.18426728026452,185.7968872070313,195.409507133798,10.34744991831377,0.3247409656094882,28.83859304971081,30.293331784689936,0.0116069767659721,1
2026-03-10,NVDA,184.544921875,186.2128856921408,181.7882742872215,182.17779858894656,179118500,2.117431640625,0.0116069767659721,184.19544401287607,185.5716616821289,176.41612167358397,50.04588928180122,6.299408890523629,32230423100.0,-1.0161738558901163,-0.4787804228058713,-0.537393433084245,176.0880587569597,185.53370895385743,194.9793591507552,10.182139138119512,0.4476591310155557,30.9119739718912,29.718208527278403,0.0068737134473524,1
2026-03-11,NVDA,185.8134307861328,187.401576119786,184.2352683241476,185.6935753620157,145280400,1.2685089111328125,0.0068737134473524,184.34953799128152,185.4819723510742,176.6819683074951,51.37988527629655,6.075615955174684,32375703500.0,-0.7527049487428314,-0.1722492125268691,-0.5804557362159624,176.04768408599688,185.40886459350585,194.77004510101483,10.097878036233723,0.5216087165663796,42.83029815704395,34.19362172621534,-0.0155350836861091,0
2026-03-12,NVDA,182.9268035888672,184.72471123223085,181.53842231669145,183.83574790315467,155762700,-2.886627197265625,-0.0155350836861091,184.21403947676583,185.38069427490237,176.9410710144043,48.22395105013886,5.947001134765161,32219940800.0,-0.7679778611729375,-0.1500176999655801,-0.6179601612073574,175.87189638171617,185.0642807006836,194.256665019651,9.934260986683702,0.383736523754454,43.55513864203383,39.099136923656346,-0.015780314308353,0
2026-03-13,NVDA,180.0401611328125,185.87335881208497,179.73052445930352,184.70472270189356,160988400,-2.8866424560546875,-0.015780314308353,183.81652725353223,185.2352667236328,177.16472007751466,45.23191535338286,5.960989221766324,32058952400.0,-1.001465406025119,-0.3068041958542091,-0.6946612101709098,175.3200460347177,184.73067474365237,194.14130345258695,10.188485179295329,0.2507863844215542,37.015692156667065,41.13370965191497,0.0164771721804148,1
2026-03-16,NVDA,183.0067138671875,188.66012868968363,181.19882333613756,182.7570048934839,217307400,2.966552734375,0.0164771721804148,183.73940216911845,185.1699447631836,177.40664695739747,48.75102596619232,6.150916245702382,32276259800.0,-0.9363364506056088,-0.1933401923477591,-0.7429962582578495,175.35836112009932,184.75164489746092,194.14492867482255,10.168552255732283,0.4071181563534343,32.94125265999725,37.837361152899405,-0.0070407973366969,0
2026-03-17,NVDA,181.71820068359372,185.1841623368753,181.4684917186082,184.8445618023411,182497800,-1.28851318359375,-0.0070407973366969,183.54690678954464,185.03190979003907,177.62026191711425,47.3285337716056,5.976970129457005,32093762000.0,-0.9774263668387276,-0.1875440868647024,-0.7898822799740253,175.1144089210691,184.60032119750977,194.08623347395044,10.277243522552046,0.3480841678731264,32.985784159460955,34.314242992041784,-0.008409798772097,0
2026-03-18,NVDA,180.1899871826172,183.16652908726184,180.12007659614625,182.2675676480169,156683100,-1.5282135009765625,-0.008409798772097,183.2272001603135,184.87789276123047,177.84650726318358,45.62802962199002,5.767647441004047,31937078900.0,-1.1203893284458388,-0.2644056387774508,-0.855983689668388,174.66634568575412,184.22227096557617,193.77819624539825,10.374343155945214,0.2890165700922018,38.333967250712064,34.75366802339011,-0.0101995684452724,0
2026-03-19,NVDA,178.3521270751953,179.77047215436778,175.5853475010711,177.80276430906588,170968500,-1.837860107421875,-0.0101995684452724,182.76290748554032,184.7046969604492,178.05232917785645,43.599196913928445,5.68457545818562,31766110400.0,-1.3662393003432385,-0.4082044885398803,-0.958034811803358,174.01157446223968,183.75632247924804,193.5010704962564,10.606163516478576,0.222712409052532,35.07141880000286,35.46372340339198,-0.0328181111581183,0
2026-03-20,NVDA,172.4989471435547,178.05247199547227,171.52009228430225,177.79278016290235,241323500,-5.853179931640625,-0.0328181111581183,181.78538745297027,184.37708343505855,178.20971214294434,37.83000450765307,5.766536839093294,31524786900.0,-2.010207457483858,-0.8417381165444,-1.1684693409394582,172.38604818017586,182.9018310546875,193.41761392919915,11.498827336908873,0.0053680721980515,24.59195798873209,32.66578134648236,0.0170237820072745,1
2026-03-23,NVDA,175.43553161621094,178.16234927411983,174.55655117338722,177.0536408486584,182836300,2.93658447265625,0.0170237820072745,181.1806392780408,184.1895022583008,178.37828277587892,41.9782340750608,5.759170074198426,31707623200.0,-2.257575116029045,-0.8712846200716695,-1.3862904959573756,171.85853913805911,182.1077743530273,192.3570095679956,11.256230275045192,0.1745004579916313,18.71027601272146,26.124550933818828,-0.0025051875028865,0
2026-03-24,NVDA,174.99603271484375,176.01484951930743,173.777451794472,174.6264683383626,147667800,-0.4394989013671875,-0.0025051875028865,180.5916291291649,183.9967269897461,178.55429244995116,41.53159111249478,5.507614906386784,31559955400.0,-2.460714075784267,-0.8595388638615131,-1.601175211922754,171.7411914241938,181.2268218994141,190.71245237463432,10.46824126340973,0.1715669453471077,16.278134662294065,19.860122887915896,0.0198630340043284,1
2026-03-25,NVDA,178.47198486328125,181.00903649280792,176.64412864426953,176.89383761026875,162602100,3.4759521484375,0.0198630340043284,180.38975824669976,183.8718725585937,178.73904403686524,46.38988464709265,5.543714111499455,31722557500.0,-2.314542273713897,-0.5706936494329145,-1.7438486242809828,173.38987857493368,180.38433303833008,187.3787875017265,7.755057599054512,0.3632954017317153,27.89428602949349,20.96089890150303,-0.0416385809578039,0
2026-03-26,NVDA,171.04066467285156,176.30451888215924,170.9407749866337,175.86504388946904,186152200,-7.431320190429687,-0.0416385809578039,179.49936838252376,183.581012878418,178.88209533691406,38.94020529061616,5.685678094724319,31536405300.0,-2.7664555234797774,-0.8180855193590357,-1.9483700041207417,171.90167681018357,179.7031280517578,187.50457929333209,8.682599269309652,-0.0551828185981355,20.467589545332604,21.546670079040076,-0.0217239741818437,0
2026-03-27,NVDA,167.32498168945312,170.77096223786808,166.81556566439232,169.80209026823204,196212700,-3.7156829833984375,-0.0217239741818437,178.3399029831837,183.2691748046875,178.9999275970459,35.84099064325357,5.581351017133956,31340192600.0,-3.385399811590503,-1.1496238459758086,-2.2357759656146943,169.7821412983725,179.22066955566407,188.65919781295565,10.532856819129416,-0.1301664593217237,14.485038771442794,20.94897144875632,-0.0140281474875089,0
2026-03-30,NVDA,164.97772216796875,169.25273855906806,164.07877596313077,168.58352034150624,185627000,-2.347259521484375,-0.0140281474875089,177.0673143341156,182.83228637695316,179.11161613464355,34.00004868032148,5.552251844191338,31154565600.0,-4.018993391606585,-1.4265739407935127,-2.5924194508130727,167.1840507350642,178.35667037963867,189.52929002421317,12.528401231973149,-0.0987381937846093,2.184253600395396,12.378960639056956,0.0558818088823693,1
2026-03-31,NVDA,174.1969757080078,174.41672082635512,166.7656493784466,166.77563225072552,226181300,9.219253540039062,0.0558818088823693,176.79394875067675,182.59616333007813,179.2585652923584,45.77989844337892,5.82987661663384,31380746900.0,-3.734159094788652,-0.9133917151804632,-2.8207673796081885,166.78179672468391,178.07498626708986,189.3681758094958,12.683633764786697,0.3283031315236449,15.717041208280454,10.79544452670624,0.0077408602690236,1
2026-04-01,NVDA,175.54541015625,177.16351944386196,174.54657425208924,175.79511913229018,168132000,1.3484344482421875,0.0077408602690236,176.67504031311228,182.5500100708008,179.42738655090332,47.26253316023744,5.62535283943529,31548878900.0,-3.3608763809571087,-0.4320872010791361,-2.9287891798779726,166.58532181071635,177.7114059448242,188.8374900789321,12.5215194544826,0.4026613603462613,30.488937953561315,16.130077587412412,0.0093313563753592,1
2026-04-02,NVDA,177.18348693847656,177.28337661769746,171.170490985778,171.97954556798163,143143200,1.6380767822265625,0.0093313563753592,176.7234638012422,182.4317459106445,179.5908162689209,49.08398358605909,5.660176610327016,31692022100.0,-2.8994450369974345,0.0234753143044303,-2.922920351301865,166.56808347321524,177.4147476196289,188.26141176604256,12.227466196517716,0.4893395481767169,47.04046098036787,31.082146714069903,0.0014093304479019,1
2026-04-06,NVDA,177.43319702148438,177.58301630024127,175.55538077559635,176.953760088437,107564300,0.2497100830078125,0.0014093304479019,176.79105744126525,182.28811340332032,179.75834075927733,49.37105074562105,5.400709389921153,31799586400.0,-2.4849627519230357,0.3503660795030638,-2.835328831426099,166.55991266839615,177.4062385559082,188.25256444342023,12.227671333095673,0.5012427464311768,54.41141011594059,43.98026968328995,0.0025895529357697,1
2026-04-07,NVDA,177.89266967773438,178.0225079733855,173.4578360976707,175.52541836668527,132534900,0.45947265625,0.0025895529357697,176.89597289235755,182.09713928222652,179.92137168884278,49.93043621067845,5.3409924246207,31932121300.0,-2.095254165660492,0.5920597326124857,-2.687313898272978,166.57563650263552,177.17949752807618,187.78335855351685,11.969625349863472,0.5336279468368719,62.98566366991463,54.81251158874105,0.0223470271240227,1
2026-04-08,NVDA,181.8680419921875,185.0443328296099,180.09011531444295,184.2852230345028,147732700,3.975372314453125,0.0223470271240227,177.36950328281756,182.00964324951173,180.11241859436035,54.60384874321584,5.470326047996045,32079854000.0,-1.4489256679695472,0.9907105842427444,-2.439636252212292,166.7540644212607,177.04565353393554,187.3372426466104,11.62591558419954,0.734287844445365,73.49845139136976,63.63184172574168,0.0100505046437155,1
2026-04-09,NVDA,183.69590759277344,183.8657078609029,180.40972906189933,181.6283100364998,116428500,1.8278656005859373,0.0100505046437155,177.97201797900382,181.9177545166016,180.31100692749024,56.6092823054062,5.326444101639441,32196282500.0,-0.7802183279316353,1.327534339424525,-2.10775266735616,166.97271363212306,176.93977737426758,186.9068411164121,11.266052088515888,0.8389227957847999,83.59626348675364,73.36012618267937,0.0256647419010116,1
2026-04-10,NVDA,188.4104156494141,189.77881591864653,184.08545448929232,184.0954373612556,160459500,4.714508056640625,0.0256647419010116,178.96615109047147,181.86022888183595,180.5145426940918,61.35166735454423,5.380477260513273,32356742000.0,0.1286751689574998,1.7891422690509282,-1.6604671000934283,166.34253343693882,177.2139579772949,188.085382517651,12.269264412850552,1.014948966925011,91.03127648061536,82.70866378624628,0.0036048920990325,1
2026-04-13,NVDA,189.0896148681641,189.43921351677636,185.52377876103736,185.81343445538195,133648200,0.67919921875,0.0036048920990325,179.93029049787077,181.79651153564453,180.6894669342041,61.996094297923,5.275831367315109,32490390200.0,0.8934859640962145,2.0431624513517144,-1.1496764872555,165.6673596220921,177.6664306640625,189.66550170603287,13.507414987875364,0.9760028573939404,95.18738675201844,89.9383089064625,0.0380328654117836,1
2026-04-14,NVDA,196.2812347412109,196.2812347412109,190.54792650193752,190.61783708872017,161307000,7.191619873046875,0.0380328654117836,181.4875232829508,181.9041928100586,180.8968041229248,68.06750967522022,5.412673403438807,32651697200.0,2.056204999002404,2.5647051890063226,-0.5085001900039192,163.9839363674053,178.33015670776368,192.67637704812205,16.089505673309155,1.1256378895473886,97.33126054372362,94.51664125878584,0.0120095740758319,1
2026-04-15,NVDA,198.63848876953125,200.166706463506,195.5121427945441,196.3111993145372,185338400,2.3572540283203125,0.0120095740758319,183.120948567387,182.16928466796875,181.1022957611084,69.7721520848536,5.358522708119027,32837035600.0,3.13177772662678,2.912222333304559,0.2195553933222205,162.34937764465352,179.17617111206056,196.0029645794676,18.782400988894008,1.0783133219994818,97.69452739913064,96.73772489829094,-0.0026147697967087,0
2026-04-16,NVDA,198.1190948486328,199.6173486077875,195.58204328149,197.20015246424893,134012900,-0.5193939208984375,-0.0026147697967087,184.5493434513152,182.529260559082,181.30399192810057,68.8993995956027,5.264007180846064,32703022700.0,3.897340004134009,2.9422276886494303,0.9551123154845782,161.32461975569134,180.07262649536133,198.82063323503127,20.822717038730968,0.9812903207220934,96.6971142805296,97.24096740779464,0.0167884415300048,1
2026-04-17,NVDA,201.44520568847656,201.46518667284232,199.03802288778024,199.66727910556,160324400,3.32611083984375,0.0167884415300048,186.15847318818768,183.07860870361327,181.54573745727535,71.3692269199706,5.127013226800596,32863347100.0,4.718056157449041,3.0103550735715703,1.7077010838774709,160.32464282847428,181.2272804260254,202.1299180235765,23.067870961163933,0.9836213891212424,96.67929944354609,97.02364704106878,0.0018841966312004,1
2026-04-20,NVDA,201.82476806640625,201.9346406188145,197.6096795882359,199.7471876833392,119381400,0.3795623779296875,0.0018841966312004,187.65050127182752,183.68169189453124,181.76965713500977,71.64594915461707,5.069723784213311,32982728500.0,5.337578847232152,2.9039022106837447,2.433676636548407,160.37911965618744,182.693571472168,205.0080232881485,24.428283530906807,0.928672789096648,97.98673033514548,97.1210480197404,-0.0107887871189891,0
2026-04-21,NVDA,199.64732360839844,202.51397775047528,198.76834314349975,201.89470437258373,107945300,-2.1774444580078125,-0.0107887871189891,188.7930557800724,183.97095581054688,181.9722534942627,67.6089050494253,4.975145985839181,32874783200.0,5.588433489617387,2.523805482455184,3.064628007162203,160.68729726715887,183.9041610717773,207.1210248763958,25.248872749058663,0.839045847645653,96.82940328118754,97.16514435329304,0.0131078309094092,1
2026-04-22,NVDA,202.26426696777344,202.26426696777344,198.7683413658613,200.7560302662893,107501000,2.616943359375,0.0131078309094092,190.0760282741392,184.2200714111328,182.1934272003174,69.81060524186273,4.869487386987248,32982284200.0,5.930045189788217,2.29233374610081,3.6377114436874063,161.11938555500237,185.26757278442383,209.4157600138453,26.068444538343623,0.8519248468191706,96.58165440411408,97.13259600681572,-0.0141234743890332,0
2026-04-23,NVDA,199.4075927734375,203.59271751351983,196.9904117933692,202.22431724671495,113561800,-2.856674194335937,-0.0141234743890332,190.9647487026438,184.44201690673827,182.3915293121338,64.64502919919238,4.993260125070352,32868722400.0,5.902227979948947,1.8116132290092324,4.090614750939714,161.6262187890818,186.31435317993163,211.00248757078143,26.50159149789974,0.7651727219687897,92.05646718318604,95.15584162282926,0.0432277889769929,1
2026-04-24,NVDA,208.0275421142578,210.70441481695212,199.57738430538976,199.72721882416832,214134400,8.619949340820312,0.0432277889769929,192.58977664660705,184.8061981201172,182.6183502960205,71.4982861692987,5.443514547816373,33082856800.0,6.500803298801884,1.928150838289735,4.572652460512149,162.79720160447724,188.163697052002,213.5301924995267,26.96215672305195,0.8915370395439108,92.70947950444643,93.78253369724888,0.0400441771478101,1
2026-04-27,NVDA,216.3578338623047,216.5775789683675,207.13858324348888,209.4059296471886,187172400,8.330291748046875,0.0400441771478101,194.8534011433401,185.39910919189447,182.8807307434082,76.28291291338343,5.728906060463677,33270029200.0,7.560214035082964,2.390049259656652,5.170164775426312,164.31803288085067,190.6153396606445,216.9126464404384,27.592015235092177,0.9894511521126562,92.77429380664417,92.51341349809223,-0.0158810490868084,0
2026-04-28,NVDA,212.92184448242188,214.4800260296235,207.95762889823203,209.2461357291284,180275400,-3.4359893798828125,-0.0158810490868084,196.5742052708717,186.00579986572265,183.1218367767334,70.98936709053696,5.919713125007175,33089753800.0,8.029984387505323,2.287855689663208,5.742128697842115,167.78120612588083,193.0125457763672,218.24388542685352,26.14476644406368,0.8945351095472043,94.03438843207353,93.17272058105472,-0.0183890751112616,0
2026-04-29,NVDA,209.00640869140625,212.47237042757808,207.33835459433345,212.4523894424142,123711800,-3.915435791015625,-0.0183890751112616,197.758224644256,186.49103454589843,183.3476099395752,65.41837978274393,5.895697179512978,32966042000.0,7.994185832569968,1.8016457077822832,6.192540124787685,170.159133447981,194.7530174255371,219.34690140309323,25.2564856788003,0.7897751180512297,88.66283525553526,91.823839164751,-0.0462604556003295,0
2026-04-30,NVDA,199.33767700195312,210.0551813566716,198.4686794524716,209.68560172993963,225239200,-9.668731689453123,-0.0462604556003295,197.90864867832235,186.7227682495117,183.49193359375,54.12312966847031,6.302183231276341,32740802800.0,7.103741863219,0.7289613907450514,6.374780472473948,172.92924781856834,195.9426307678223,218.9560137170762,23.4899193290133,0.573762432963836,70.35817164084865,84.35179844281916,-0.005612075634383,0
