Date,Close,ticker,High,Low,Open,Volume,Daily_Change_USD,Daily_Return_Pct,EMA_20,SMA_50,SMA_200,RSI_14,ATR_14,OBV,MACD_12_26_9,MACDh_12_26_9,MACDs_12_26_9,BBL_20_2.0,BBM_20_2.0,BBU_20_2.0,BBB_20_2.0,BBP_20_2.0,STOCHk_14_3_3,STOCHd_14_3_3,Target_Forward_Return,Target_Direction
2023-05-01,52.5964469909668,NDAQ,52.94040254558058,52.46268730743433,52.77798111405631,1237700,-0.3057365417480469,-0.0057792801985002695,52.765193713639285,52.34593467712402,56.58766082763672,49.098427902363824,0.9850958777709902,-13381200.0,0.13839370992801037,-0.0675278032138091,0.20592151314181947,51.14422910600209,52.850591850280765,54.556954594559436,6.457307986682863,0.42553023670784546,29.710115076489405,24.266810771205453,-0.01416900381009556,0
2023-05-02,51.8512077331543,NDAQ,52.36714101878036,51.02953701412265,52.25248674774499,1745700,-0.7452392578125,-0.01416900381009556,52.67814742978357,52.26826988220215,56.599293632507326,44.84671852519833,1.0266540277047869,-15126900.0,0.04655736324444604,-0.12749131991789875,0.17404868316234479,51.124472773267875,52.84438152313233,54.56429027299678,6.50933439011514,0.21127137121190193,28.159229521758743,26.72402540840183,-0.013082672238766135,0
2023-05-03,51.172855377197266,NDAQ,52.40535786758556,51.125080939736236,52.03274058132785,1609100,-0.6783523559570312,-0.013082672238766135,52.53478628191821,52.21092056274414,56.61114486694336,41.337693081644176,1.0447699491436822,-16736000.0,-0.08003833692010431,-0.20326961606595928,0.12323127914585498,50.93595325775846,52.78992195129395,54.64389064482943,7.023949363842702,0.06389053932378827,17.01265201861111,24.960665538953098,0.004294258138691109,1
2023-05-04,51.39260482788086,NDAQ,51.57413530146514,51.00087848880471,51.144190869630854,1615800,0.21974945068359375,0.004294258138691109,52.42600709581941,52.151875,56.616937522888186,42.89644197964238,1.0110904393948785,-15120200.0,-0.1607810137817225,-0.227209834342062,0.0664288205603395,50.820591141045135,52.75313758850098,54.68568403595682,7.32675452417865,0.14799480953970573,10.315388108751614,18.49575654970717,0.021007606517182698,1
2023-05-05,52.47224044799805,NDAQ,52.548676636187054,51.81299472591907,51.87032186706083,1978600,1.0796356201171875,0.021007606517182698,52.43041027221737,52.11251853942871,56.612804565429684,49.935023262653466,1.0214462514599725,-13141600.0,-0.13608390471772935,-0.16201018022245509,0.02592627550472573,50.82212161258529,52.75409278869629,54.68606396480729,7.324440906791464,0.4270557593758712,15.191495898688757,14.173178675350508,0.0,0
2023-05-08,52.47224044799805,NDAQ,52.68243632083977,52.204721078692614,52.548676636187054,1906100,0.0,0.0,52.434394098482194,52.076017456054686,56.60085210800171,49.935023262653466,0.9826083222233427,-13141600.0,-0.11518350411525091,-0.11288782369598131,-0.0022956804192695995,50.877668079223,52.77988948822021,54.68211089721743,7.208129563900527,0.4191342714452077,25.23496473117237,16.913949579537597,-0.006554863320514692,0
2023-05-09,52.128292083740234,NDAQ,52.61556006024206,52.11873573722705,52.233386382637185,1040300,-0.3439483642578125,-0.006554863320514692,52.40524152564963,52.04596183776855,56.589387035369874,47.75996271685342,0.9479094651370333,-14181900.0,-0.12493339020378613,-0.09811016782761323,-0.02682322237617291,50.90373674109721,52.78992195129395,54.676107161490684,7.146004920927916,0.3246116383542464,32.05485890743865,24.160439845766604,0.011730011279082131,1
2023-05-10,52.7397575378418,NDAQ,52.80663737265569,52.04229380001287,52.68243040313947,1778300,0.6114654541015625,0.011730011279082131,52.437100193477455,52.03365547180176,56.58192518234253,51.78108165365809,0.9347976156731611,-12403600.0,-0.0823705765248377,-0.04443788331893183,-0.03793269320590587,50.92501599545915,52.80473117828369,54.68444636110823,7.119495321273736,0.4827171581536466,36.75948293535672,31.34976885798926,0.00036237620711609964,1
2023-05-11,52.75886917114258,NDAQ,52.79708361814132,52.07095809967565,52.615553149694364,1387700,0.01911163330078125,0.00036237620711609964,52.467744858016985,52.031439514160155,56.57296663284302,51.905690162531634,0.9198924658726262,-11015900.0,-0.0465603719657679,-0.006902143007889619,-0.03965822895787828,50.91308803541179,52.78848876953125,54.66388950365071,7.105339735362584,0.49210312818753976,41.6381989389535,36.81751359391631,-0.001448690535161612,0
2023-05-12,52.682437896728516,NDAQ,53.17926220078442,52.5391255066043,52.93085187109555,2225000,-0.0764312744140625,-0.001448690535161612,52.48819181408475,52.019129028320314,56.56208093643188,51.334348010754084,0.8999099107517331,-13240900.0,-0.02407042308254148,0.012470244700269445,-0.036540667782810926,50.91193699317103,52.787533378601076,54.66312976403112,7.10620961194739,0.4719834494540084,51.08876758058218,43.162149818297486,0.0005439384926633206,1
2023-05-15,52.71109390258789,NDAQ,53.05504943289479,52.548672482541726,52.83530087623822,1224100,0.028656005859375,0.0005439384926633206,52.50942058441838,52.003203811645506,56.54277803421021,51.549679325229356,0.8718004135803997,-12016800.0,-0.0038898367598037,0.026120664818405782,-0.030010501578209482,50.897049283714786,52.75886993408203,54.62069058444927,7.057848861029199,0.48716953980376304,61.41842982862418,51.38179878271996,-0.01141917615972965,0
2023-05-16,52.10917663574219,NDAQ,52.558226460399,52.10917663574219,52.42446678306813,1213900,-0.6019172668457031,-0.01141917615972965,52.47130211311588,51.97809555053711,56.518132286071776,46.859513000965656,0.8525230459564929,-13230700.0,-0.03605069968256913,-0.004832158483487718,-0.031218541199081414,50.83356750885841,52.7077543258667,54.581941142874996,7.111617032367184,0.3403100254754738,62.36354338277108,58.29024693065916,0.00715074873492938,1
2023-05-17,52.48179626464844,NDAQ,52.558228807388666,51.5359184910767,52.242938645983436,1858800,0.37261962890625,0.00715074873492938,52.472301556118985,51.98061683654785,56.49856575012207,49.89848530726098,0.864650708124741,-11371900.0,-0.031112480012055244,8.484894962093592e-05,-0.03119732896167618,50.98217876310564,52.59166946411133,54.20116016511702,6.120705873784859,0.4658670909393155,65.78931760155132,63.190430270982205,0.005279409742321883,1
2023-05-18,52.75886917114258,NDAQ,52.83530170981789,52.042296353257136,52.529564265760996,1620200,0.2770729064941406,0.005279409742321883,52.49959370993075,51.986395263671874,56.480652561187746,52.09239471224297,0.8595331830130277,-9751700.0,-0.004786264310425281,0.021128851721000718,-0.025915116031426,51.04772004867585,52.53099956512451,54.01427908157317,5.647254111773708,0.5768127664041516,66.52036830812112,64.89107643081452,0.0018108631689519594,1
2023-05-19,52.854408264160156,NDAQ,53.188807438872374,52.49134369970285,52.88307000922759,1677900,0.09553909301757812,0.0018108631689519594,52.53338557223831,52.009503021240235,56.4608837890625,52.85894190441867,0.847956794167063,-8073800.0,0.023515584634537845,0.03954456053277108,-0.01602897589823323,51.23797702287422,52.45217628479004,53.666375546705865,4.62973835565299,0.6656367253655933,77.80006562854116,70.03658384607122,0.002530842340488615,1
2023-05-22,52.98817443847656,NDAQ,53.22703206249928,52.57733903358324,52.85441475217234,1439000,0.13376617431640625,0.002530842340488615,52.57669879759433,52.06802619934082,56.437653427124026,53.96947183600443,0.8337950966491329,-6634800.0,0.05609221996839864,0.0576969566933055,-0.0016047367249068575,51.39648044021902,52.398672103881836,53.40086376754465,3.8252559594485156,0.7941065845829387,84.89605809938173,76.40549734534801,-0.019112946861934432,0
2023-05-23,51.97541427612305,NDAQ,52.91173561379641,51.79388017081853,52.85440847875115,1939900,-1.0127601623535156,-0.019112946861934432,52.51943360507326,52.1182861328125,56.410494346618655,45.273468514747634,0.8595450374354826,-8574700.0,0.00018601282037167266,0.001432599636222824,-0.0012465868158511514,51.35710036767075,52.35711097717285,53.35712158667495,3.819960997993538,0.309153674259591,72.58774371592223,78.42795581461506,-0.009926427388155745,0
2023-05-24,51.4594841003418,NDAQ,51.765221549679225,51.268397283336434,51.602796479587404,1664100,-0.51593017578125,-0.009926427388155745,52.41848603319407,52.14319000244141,56.37952596664429,41.59644234901258,0.8486501771034205,-10238800.0,-0.08477408956956367,-0.06682200220297002,-0.017952087366593657,51.30562210421878,52.34421253204346,53.38280295986814,3.9683104495607338,0.07407250827705128,47.60105882546008,68.36162021358803,-0.012625247455576583,0
2023-05-25,50.80979537963867,NDAQ,51.39260858038251,50.714253785445145,51.287510639962704,2287800,-0.649688720703125,-0.012625247455576583,52.26527739952213,52.17127983093262,56.34480463027954,37.46948691537115,0.8412630440886514,-12526600.0,-0.20219920631781463,-0.14739769516097678,-0.05480151115683785,51.031041769384046,52.26586742401123,53.50069307863842,4.725170423785605,-0.0895860840420311,19.11167236869532,46.43349163669256,0.019556314610709835,1
2023-05-26,51.80344772338867,NDAQ,52.02319632158851,50.62826853579209,50.676039336326234,3542700,0.99365234375,0.019556314610709835,52.22129362084275,52.19249069213867,56.309644107818606,46.25253732648675,0.8808105256392063,-8983900.0,-0.2126289631710918,-0.12626196161140316,-0.08636700155968866,50.99663703173186,52.21093063354492,53.42522423535798,4.651491889067733,0.3322140092199141,19.593019104638646,28.768583432931365,0.01346343874427336,1
2023-05-30,52.50090026855469,NDAQ,52.56778010378253,51.851207316617575,51.994519687243965,3824300,0.6974525451660156,0.01346343874427336,52.247922825386745,52.234529647827145,56.278018150329586,51.41138590265181,0.8724906581216816,-5159600.0,-0.16274006293554066,-0.0610984491006816,-0.10164161383485906,50.99722419895738,52.206153297424315,53.41508239589125,4.631366312624212,0.6219041594350517,40.36050014619009,26.3550638731747,0.007279262149929355,1
2023-05-31,52.8830680847168,NDAQ,53.141034714968775,51.93719408513708,52.4722327452056,7539700,0.3821678161621094,0.007279262149929355,52.30841285008485,52.2809635925293,56.242233467102054,54.01589956160818,0.8961585132438254,2380100.0,-0.0913124086077417,0.008263364181693905,-0.09957577278943561,51.025955885424075,52.25774631500244,53.48953674458081,4.71428837421846,0.7538263631129188,68.01453094634645,42.65601673239174,-0.005781297079076597,0
2023-06-01,52.577335357666016,NDAQ,53.0168361250957,52.45313202602605,52.73976042587821,2643500,-0.30573272705078125,-0.005781297079076597,52.33402451747353,52.30045440673828,56.20250804901123,51.63149821831934,0.8724117693742417,-263400.0,-0.0586989094135717,0.03270149070069113,-0.09140040011426283,51.19544579592605,52.327970314025876,53.460494832125704,4.328562760234821,0.610092558551637,77.94088792758247,62.10530634003968,0.02362359030251615,1
2023-06-02,53.819400787353516,NDAQ,53.95316047165234,52.78753411760021,52.78753411760021,2584200,1.2420654296875,0.02362359030251615,52.47548892412877,52.365232696533205,56.169560470581054,59.460756379131794,0.9083698654179618,2320800.0,0.06660405339926712,0.12640356281082396,-0.059799509411556845,51.22717687432535,52.44931011199951,53.671443349673666,4.660245235121039,1.0605324497848645,85.91370644032982,77.28970843808627,-0.005503304300342959,0
2023-06-05,53.523216247558594,NDAQ,53.8480627584915,53.246140531976216,53.742964821913496,2420700,-0.2961845397949219,-0.005503304300342959,52.575272478741134,52.43268608093262,56.131679458618166,57.087725900848795,0.886480748353485,-99900.0,0.1403896130735447,0.16015129798808123,-0.01976168491453654,51.19299914369487,52.50185890197754,53.810718660260214,4.985955871491524,0.8901706577491364,86.01524130218063,83.28994522336431,0.0198142798801777,1
2023-06-06,54.583740234375,NDAQ,54.66972911688971,53.40856126979244,53.523211898252804,2745100,1.0605239868164062,0.0198142798801777,52.76655512213483,52.51026695251465,56.10171802520752,62.810835945990775,0.9132441125494697,2645200.0,0.281199134694603,0.24076865568731165,0.04043047900729137,51.0152027274113,52.60743389129639,54.19966505518148,6.053255390388903,1.1206091137722645,93.63942650352696,88.52279141534582,-0.0014003969585150156,0
2023-06-07,54.507301330566406,NDAQ,55.44362264637446,54.478639586051926,54.84170414350487,3605800,-0.07643890380859375,-0.0014003969585150156,52.93234047531879,52.58287948608398,56.079272766113284,62.167273013838496,0.916939751676117,-960600.0,0.38221774609166914,0.2734298136675022,0.10878793242416693,50.950268616335634,52.7263843536377,54.50250009093976,6.737104237565745,1.0013516122642823,88.49892078540664,89.38452953037142,0.01086777146963458,1
2023-06-08,55.099674224853516,NDAQ,55.18566311414136,54.03914944987412,54.258898023681276,2844100,0.5923728942871094,0.01086777146963458,53.13875321336972,52.673263244628906,56.06180732727051,65.14754078857892,0.9333378882897692,1883500.0,0.5042624417893009,0.31637960749210714,0.18788283429719374,50.78881208190479,52.84438018798828,54.89994829407177,7.779703721648454,1.0485816865397584,90.4283639603034,90.85557041641233,0.002774360568840395,1
2023-06-09,55.252540588378906,NDAQ,55.30986407854737,54.88947602370878,55.24298424356572,1573900,0.15286636352539062,0.002774360568840395,53.340066296703924,52.74472930908203,56.04748670578003,65.89419140970243,0.8966986144718277,3457400.0,0.6063293925824738,0.33475724662822404,0.2715721459542497,50.66221284399284,52.9690637588501,55.275914673707355,8.710181948314416,0.9949337676791534,89.81485915306443,89.58071463292485,-0.11810484612046213,0
2023-06-12,48.72694778442383,NDAQ,51.06775286770911,47.80017917987425,49.77791971013843,16708800,-6.525592803955078,-0.11810484612046213,52.900721676486775,52.6868302154541,55.997542743682864,33.19832331675908,1.36496024261703,-13251400.0,0.15882653043730954,-0.09019649241355215,0.2490230228508617,49.8136244929516,52.77128925323486,55.72895401351813,11.20937086107655,-0.18370518578036785,67.00469573186795,82.41597294841193,0.0011765786245985232,1
2023-06-13,48.784278869628906,NDAQ,49.49129534393606,48.57408300958622,49.17600519854985,6385600,0.057331085205078125,0.0011765786245985232,52.50867950440508,52.61784812927246,55.94635627746582,33.51046653281402,1.3329782491693736,-6865800.0,-0.18901769413797354,-0.35043257359106816,0.16141487945309466,49.14389797223892,52.57494850158692,56.005999030934916,13.05203572094583,-0.052406558797947776,40.34397142844531,65.72117543779258,0.0019583210110705185,1
2023-06-14,48.87981414794922,NDAQ,49.6250486178744,48.37343725373619,48.77471623148749,7437300,0.0955352783203125,0.0019583210110705185,52.163073279980715,52.555936126708986,55.90371919631958,34.063372859504874,1.3271663288100046,571500.0,-0.4517701248749688,-0.49054800346245075,0.038777878587481954,48.62465010833489,52.41348037719727,56.202310646059644,14.457464917787544,0.033673194826294404,13.041692859533896,40.13012000661573,0.026109470053185868,1
2023-06-15,50.15604019165039,NDAQ,50.39592941946941,48.77427955716374,48.841448248119534,4262800,1.2762260437011719,0.026109470053185868,51.971927271568305,52.51381599426269,55.87214548110962,41.10865311902539,1.3482008669168382,4834300.0,-0.5506747081500123,-0.4715620693899954,-0.0791126387600169,48.3831898628552,52.29719257354736,56.21119528423953,14.9683090739059,0.226475357816203,19.274016521375618,24.21989360311829,-0.020088065922807874,0
2023-06-16,49.148502349853516,NDAQ,50.511071301042584,49.03335289394152,50.511071301042584,7422400,-1.007537841796875,-0.020088065922807874,51.70302965997642,52.45422019958496,55.836007041931154,37.685225779207116,1.35745211978714,-2588100.0,-0.7022619478604142,-0.49851944728031783,-0.20374250058009635,47.97791950403298,52.11667423248291,56.25542896093283,15.882650953465298,0.14141727676853033,20.862408288432498,17.726039223114018,0.0078094626778904,1
2023-06-20,49.532325744628906,NDAQ,49.570708898812974,48.419239896224404,48.7934664984714,4598700,0.3838233947753906,0.0078094626778904,51.49629595375285,52.395803985595705,55.8021188545227,39.74388175122557,1.342739039987242,2010600.0,-0.7824055036302298,-0.46293040244010675,-0.319475101190123,47.6790540406772,51.95057010650635,56.222086172335494,16.444539711775665,0.21693371573354547,23.708034955433764,21.281486588413973,-0.020534784200547662,0
2023-06-21,48.51519012451172,NDAQ,49.503532396037066,48.18894068627736,49.503532396037066,4011000,-1.0171356201171875,-0.020534784200547662,51.21238111287274,52.326981658935544,55.76096933364868,36.31962578964105,1.3427851841561207,-2000400.0,-0.9174187605688644,-0.4783549275029931,-0.4390638330658713,47.233501681775856,51.7269208908081,56.22034009984035,17.37361950662998,0.1426183918205911,16.55222848186282,20.374223908576376,-0.019976228903269555,0
2023-06-22,47.54603958129883,NDAQ,48.371259030124435,47.478870896898485,48.294496388132096,4616300,-0.9691505432128906,-0.019976228903269555,50.863205728913314,52.23934959411621,55.71644021987915,33.369486475223106,1.3208947586887716,-6616700.0,-1.0900546176224566,-0.5207926276452681,-0.5692619899771885,46.66001858428405,51.505452156066895,56.350885727849736,18.815225840948536,0.09142845360366483,10.953250473535656,17.07117130361076,0.0018162841208162472,1
2023-06-23,47.63239669799805,NDAQ,47.72835456967959,46.97030385527876,47.35412436074935,5617400,0.08635711669921875,0.0018162841208162472,50.55550963073091,52.14312606811524,55.667897109985354,33.88482650159659,1.2806916126682044,-999300.0,-1.2059994693366036,-0.5093899834875321,-0.6966094858490716,46.18267989003298,51.314097785949706,56.44551568186643,20.000031637784183,0.14125889153548235,6.003915000912136,11.169797985436885,-0.0006044104907465542,0
2023-06-26,47.603607177734375,NDAQ,47.737944526413145,47.334932480376835,47.66117823550058,3202400,-0.028789520263671875,-0.0006044104907465542,50.27437606377886,52.033523864746094,55.61069686889648,33.79099629136436,1.2180002150516405,-4201700.0,-1.2853924690842646,-0.4710263865881543,-0.8143660824961103,45.775002534978995,51.15378837585449,56.532574216729984,21.029863130975368,0.1699830311944286,5.37708916091358,7.4447515451204715,0.004233111627534258,1
2023-06-27,47.805118560791016,NDAQ,48.131368012912944,47.325340170048094,47.52684621565965,4141600,0.20151138305664062,0.004233111627534258,50.039208682541926,51.93559532165527,55.55133544921875,35.14472783426062,1.1885736170382983,-60100.0,-1.31687163241385,-0.40200443993419177,-0.9148671924796583,45.392417322605304,50.95387191772461,56.51532651284392,21.829369921482737,0.21691278755589233,8.380072882130207,6.5870256813186545,-0.004817414861761904,0
2023-06-28,47.57482147216797,NDAQ,48.01621666202131,47.40210097867437,47.83389855199017,4809000,-0.23029708862304688,-0.004817414861761904,49.80450513869679,51.82140449523926,55.49001846313477,34.28203607311186,1.1475409074889156,-4869100.0,-1.3448989881614963,-0.34402543654547024,-1.000873551616026,45.007388004469306,50.70756797790527,56.407747951341236,22.482561088000498,0.22520635134885583,8.191719523563782,7.3162938555358705,0.0054458766395641955,1
2023-06-29,47.83390808105469,NDAQ,47.83390808105469,47.334941734249114,47.488470685670585,2877300,0.25908660888671875,0.0054458766395641955,49.61682922844516,51.715452880859374,55.425976810455325,36.180023403138954,1.1012141531543913,-1991800.0,-1.33086338083708,-0.2639918633768432,-1.0668715174602368,44.71558598528684,50.45510997772217,56.19463397015749,22.75101172099135,0.27165337228991326,9.152194377799,8.574662261164343,0.0,0
2023-06-30,47.83390808105469,NDAQ,48.39045281771934,47.79552858851352,48.102586491356455,3749100,0.0,0.0,49.447027214407974,51.57606117248535,55.372623977661135,36.180023403138954,1.065050587158065,-1991800.0,-1.304700288137468,-0.19026301654178512,-1.114437271595683,44.45681837556826,50.217938613891604,55.97905885221495,22.94447122817449,0.293093145584934,12.893646372271315,10.079186757878047,-0.003009002364711688,0
2023-07-03,47.68997573852539,NDAQ,48.06420232091697,47.325343113961274,47.67078416245161,2000600,-0.14393234252929688,-0.003009002364711688,49.279688978609634,51.45041534423828,55.31770011901855,35.51909577854813,1.041751202857896,-3992400.0,-1.2808155415445341,-0.1331026159590809,-1.1477129255854532,44.29908629913828,49.91146736145019,55.523848423762104,22.489345070414462,0.3020900934683058,17.25248401593853,13.09944158866963,0.004426458894476237,1
2023-07-05,47.90107345581055,NDAQ,47.977839756421794,47.344532418053774,47.68037583218125,3627200,0.21109771728515625,0.004426458894476237,49.148392262152576,51.3198193359375,55.26724803924561,37.327404465667705,1.0125766411086192,-365200.0,-1.2306665285438996,-0.06636288236675703,-1.1643036461771425,44.20983192465828,49.630360221862794,55.05088851906731,21.843598446487604,0.34048724854512064,22.56305564922171,17.569728679143868,-0.0186297994127409,0
2023-07-06,47.00868606567383,NDAQ,47.555633111876915,46.92232581309342,47.421292094204155,3618000,-0.8923873901367188,-0.0186297994127409,48.944610719630795,51.178827896118165,55.212808513641356,33.10129272621383,1.0101602840806554,-3983200.0,-1.2485388995823072,-0.06738820272413171,-1.1811506968581755,44.22410784353396,49.251607513427736,54.279107183321514,20.41557595261476,0.27693469964948836,16.339651504287865,18.71839705648272,-0.00040817833579276375,0
2023-07-07,46.989498138427734,NDAQ,47.27736444923,46.682440252182815,46.90313787914518,3137900,-0.01918792724609375,-0.00040817833579276375,48.75840952142098,51.06248512268066,55.15960163116455,33.01474007266476,0.9805005635782647,-7121100.0,-1.249843766819133,-0.0549544559687658,-1.194889310850367,44.38021476262865,48.875717353820804,53.37121994501296,18.395648532985575,0.29021041839808337,12.237896817232345,17.04686799024732,0.0026546484965312978,1
2023-07-10,47.11423873901367,NDAQ,47.42129663080375,46.864755574591285,47.018284520486326,5553700,0.1247406005859375,0.0026546484965312978,48.60182182785838,50.970420837402344,55.11427797317505,34.21894586513361,0.9502177416235648,-1567400.0,-1.2266720477491688,-0.025426189519041298,-1.2012458582301275,44.94871184467583,48.47644557952881,52.00417931438179,14.55442408237419,0.3069289035256645,8.458847742699705,12.345465354739986,0.012423572238530411,1
2023-07-11,47.69956588745117,NDAQ,47.73794903653376,46.99908988857739,47.07585618674258,3791400,0.5853271484375,0.012423572238530411,48.51589269067674,50.8768782043457,55.07487026214599,39.697110824665586,0.9351206992187656,2224000.0,-1.1478456343831027,0.042720179077619935,-1.1905658134607227,46.42188100488548,48.09879684448242,49.775712684079366,6.972797448630189,0.38096273301133365,19.674815295453744,13.457186618461947,0.005833820837953363,1
2023-07-12,47.97783660888672,NDAQ,48.24651132256258,47.814713721417355,48.045005287305685,2991500,0.2782707214355469,0.005833820837953363,48.464649254315795,50.77839126586914,55.04240535736084,42.16310897313295,0.9073938946396689,5215500.0,-1.0508079522936526,0.11180628893365618,-1.1626142412273088,46.40893497592362,48.061341285705566,49.71374759548751,6.876238846348654,0.4747324019750726,42.28224072419346,23.471967920782316,0.02340006465718414,1
2023-07-13,49.100521087646484,NDAQ,49.20607292429866,48.0642016177553,48.13137030282145,3141600,1.1226844787597656,0.02340006465718414,48.52520847653776,50.70847274780274,55.01778398513794,50.888974516288684,0.9303112104091169,8357100.0,-0.8732473830940961,0.2314934865065701,-1.1047408696006662,46.39165711856095,48.07715339660645,49.762649674651946,7.011630926403683,0.8035805253235959,69.23803534505429,43.73169712156718,-0.0109439473089461,0
2023-07-14,48.563167572021484,NDAQ,49.52272431943019,48.495998892536356,49.29242908946796,3225700,-0.537353515625,-0.0109439473089461,48.52882362848859,50.64271194458008,54.992183933258055,47.21708340737935,0.9371979401580253,5131400.0,-0.7670472474110355,0.27015489775170454,-1.03720214516274,46.40051278502832,48.061321067810056,49.72212935059179,6.91120529308169,0.651085019690193,79.29198472122533,63.60408693015771,0.005730156207790937,1
2023-07-17,48.8414421081543,NDAQ,48.90861079066617,48.09298532236411,48.50559503517627,3629200,0.2782745361328125,0.005730156207790937,48.55859681702818,50.59608367919922,54.96612480163574,49.258932991883064,0.9285141921683134,8760600.0,-0.6529021952338141,0.3074399599431408,-0.9603421551769549,46.586637439446214,47.995591163635254,49.404544887824294,5.871179789766021,0.8001698813798497,79.34907435053194,75.9596981389372,0.00943024054923769,1
2023-07-18,49.30202865600586,NDAQ,49.41717444533018,48.783867113418424,48.975779202571395,5421500,0.4605865478515625,0.00943024054923769,48.62939984931177,50.554272155761716,54.93591562271118,52.53199199502641,0.9074279878642738,14182100.0,-0.519289883354844,0.3528418174576887,-0.8721317008125328,46.567847736403344,48.003267478942874,49.438687221482404,5.980508485882514,0.9523976989355151,78.15318728649783,78.93141545275171,-0.018489688090533196,0
2023-07-19,48.39044952392578,NDAQ,50.424708906899006,48.28489769067957,49.56110998659295,5672500,-0.9115791320800781,-0.018489688090533196,48.60664267546548,50.47263633728027,54.90688980102539,46.18249349292789,0.995455361318214,8509600.0,-0.4814086024377815,0.31257847869980115,-0.7939870811375827,46.67740687473529,47.946173667907715,49.21494046108014,5.292463177397036,0.6750817638075154,71.29480123915117,76.26568762539365,-0.01626028181040906,0
2023-07-20,47.603607177734375,NDAQ,48.61114095324337,47.162211986241786,48.61114095324337,4725700,-0.7868423461914062,-0.01626028181040906,48.51111548520537,50.375263671875,54.87597003936767,41.5177535640677,1.0278463331527405,3783900.0,-0.5090114486811217,0.22798050596516872,-0.7369919546462904,46.65152536506576,47.900594520568845,49.14966367607193,5.215255334531297,0.3811165332495732,54.16200502534712,67.86999785033207,0.022172930523279177,1
2023-07-21,48.65911865234375,NDAQ,48.84143676529068,47.60360776226281,48.02581138621153,11488400,1.055511474609375,0.022172930523279177,48.52521102493284,50.30588020324707,54.84249885559082,48.96473617625655,1.0428451370387095,15272300.0,-0.44063656444503607,0.23708431216100345,-0.6777208766060395,46.67651637881754,47.9562484741211,49.235980569424655,5.337081761072896,0.7746161406758848,41.025511727589226,55.49410599736253,0.006704769383027109,1
2023-07-24,48.98536682128906,NDAQ,49.17727888560922,48.54397163564542,48.84143551836257,3487100,0.3262481689453125,0.006704769383027109,48.569035386490576,50.230792388916015,54.80320951461792,51.03997338591245,1.0135924308190731,18759400.0,-0.35601950417958506,0.2573610979411636,-0.6133806021207486,46.67844171379746,48.02389698028564,49.36935224677382,5.603273999361214,0.8573027899742021,46.32459055074762,47.17070243456134,0.00039194095265093765,1
2023-07-25,49.00456619262695,NDAQ,49.28283854715611,48.84144329126633,48.96618304157077,2821900,0.019199371337890625,0.00039194095265093765,48.610514510884514,50.155706329345705,54.764870204925536,51.16582096967273,0.9727212040384094,21581300.0,-0.2841353104839186,0.26339623330946405,-0.5475315437933826,46.698367369700264,48.09394493103027,49.48952249236028,5.803547882509339,0.8262524731082823,58.80328680118936,48.71779635984208,-0.002937198885931913,0
2023-07-26,48.86063003540039,NDAQ,49.254051833669486,48.668721605556215,48.87982161046854,2496800,-0.1439361572265625,-0.002937198885931913,48.634335037028876,50.07927017211914,54.72680768966675,50.125588748750424,0.9450504200437568,19084500.0,-0.2360598628887658,0.24917734472369352,-0.4852372076124593,46.71935483318917,48.146720504760744,49.574086176332315,5.929233213009529,0.7500794102234544,60.59819965262852,55.24202566818852,-0.012765095985711405,0
2023-07-27,48.23691940307617,NDAQ,49.46515090080324,48.1025820405646,48.82224962009254,2079500,-0.6237106323242188,-0.012765095985711405,48.596485929033385,49.98978668212891,54.69440456390381,45.78205167091634,0.9748731657719627,17005000.0,-0.24545846734704924,0.19182299221232807,-0.4372814595593773,46.776542646037214,48.179825401306154,49.58310815657509,5.825188213450424,0.5203430141059049,52.93359463496943,57.44502702959579,0.004376426796986133,1
2023-07-28,48.44802474975586,NDAQ,48.611147649789125,47.987434261667154,48.27530423182728,1827400,0.2111053466796875,0.004376426796986133,48.582346769102195,49.91656364440918,54.66286716461182,47.44210773543294,0.949790324511249,18832400.0,-0.23318448629180466,0.16327757861405817,-0.39646206490586283,46.81200146458285,48.21053123474121,49.60906100489957,5.8017604632846735,0.5849082801389905,46.34883925255149,53.293544513383175,0.0,0
2023-07-31,48.44802474975586,NDAQ,48.65912475800957,48.246515038560034,48.63993318263764,2751700,0.0,0.0,48.56955419583112,49.83588821411133,54.629431858062745,47.44210773543295,0.9114202812925551,18832400.0,-0.22091074630502305,0.14044105488067182,-0.3613518011856949,46.8501850349483,48.24123706817627,49.63228910140424,5.767066177271062,0.5743278024977021,40.084459542733725,46.45563114341824,-0.004951671051188433,0
2023-08-01,48.208126068115234,NDAQ,48.419226034856166,48.05459715575,48.27529473849889,2065400,-0.239898681640625,-0.004951671051188433,48.535132469381985,49.74487335205078,54.59726432800293,45.60192542531039,0.8744208036292196,16767000.0,-0.2279142836393575,0.1067500140370699,-0.3346642976764274,46.89901359002898,48.26714458465576,49.63527557928254,5.668994950497709,0.47843097014382535,37.92254834056031,41.45194904528186,-0.011345703582623434,0
2023-08-02,47.661170959472656,NDAQ,48.04499503460387,47.49804810681337,47.81470351785927,2191100,-0.5469551086425781,-0.011345703582623434,48.45189803986681,49.64100860595703,54.557759532928465,41.636584954567994,0.8626820291772656,14575900.0,-0.27443581832418573,0.048182783481793334,-0.32261860180597907,46.87028626118361,48.25514945983887,49.64001265849413,5.739753017687098,0.28554614602258854,28.921466057641084,35.64282464697839,-0.005838200301102381,0
2023-08-03,47.38291549682617,NDAQ,47.6323986525987,47.11423710551113,47.55563601252204,2663400,-0.2782554626464844,-0.005838200301102381,48.350090178624846,49.52890342712402,54.53489387512207,39.743208687715665,0.840128588090427,11912500.0,-0.3299538574100396,-0.005868204483248374,-0.3240856529267912,46.94801409975787,48.273860931396484,49.5997077630351,5.493021714268172,0.16400891365815126,18.48949686763251,28.44450375527798,0.0014175824503164236,1
2023-08-04,47.4500846862793,NDAQ,48.27530412332361,47.382916002837895,47.52684732717574,2013600,0.067169189453125,0.0014175824503164236,48.264375369830034,49.43839683532715,54.50287435531616,40.44721250492412,0.843861447976642,13926100.0,-0.3643325127213828,-0.03219748783567322,-0.33213502488570956,47.047269386325375,48.29689025878906,49.54651113125275,5.174746720825494,0.16117500468752255,11.184932569386127,19.531965164886593,0.011122254598631365,1
2023-08-07,47.97783660888672,NDAQ,48.073790817937116,47.622801642898125,47.651587173529556,1725900,0.5277519226074219,0.011122254598631365,48.237085964025916,49.36876388549805,54.471310997009276,45.80485572012707,0.8281360682395832,15652000.0,-0.34501555068925427,-0.01030442064283571,-0.33471113004641856,47.20221232507133,48.34007015228271,49.4779279794941,4.707721042302428,0.34082653617467223,14.782640899738242,14.819023445585644,0.0008000253158477744,1
2023-08-08,48.01622009277344,NDAQ,48.24651166027374,47.40210436554801,47.661181463881235,2250700,0.03838348388671875,0.0008000253158477744,48.21605111914473,49.31289237976074,54.44568077087402,46.184067495680864,0.8292982987028792,17902700.0,-0.3228874472407739,0.009458946244515765,-0.33234639348528966,47.245657679877866,48.35590286254883,49.466148045219796,4.591973748590017,0.3470235335954335,24.86641442430088,16.94466263114177,0.00839331242526109,1
2023-08-09,48.41923522949219,NDAQ,48.62074127890843,47.805119463412936,47.86269418913988,2647000,0.40301513671875,0.00839331242526109,48.23540198679687,49.24520812988281,54.41808000564575,50.129771027880835,0.8283214070452091,20549700.0,-0.269721629390574,0.050099811275772566,-0.31982144066634655,47.281199609401874,48.377972793579104,49.474745977756335,4.534184137301422,0.5188108336839202,39.98816222900237,26.545739184347184,0.02080839139506674,1
2023-08-10,49.426761627197266,NDAQ,49.70503393530268,48.495994162085374,48.58235440734504,3537300,1.0075263977050781,0.02080839139506674,48.34886480969215,49.183725357055664,54.391246509552005,58.351018561091266,0.8609983569570151,24087000.0,-0.14462127166376604,0.14016013520206438,-0.2847814068658304,47.246494123309844,48.39428482055664,49.54207551780344,4.743496888125293,0.9497670215995053,61.04559518127504,41.966723944859446,-0.010677375788661014,0
2023-08-11,48.89901351928711,NDAQ,49.79140163374428,48.851036411498605,49.321220852830784,2663500,-0.5277481079101562,-0.010677375788661014,48.401259924891676,49.10404426574707,54.356887092590334,53.38644134969674,0.8666674187633479,21423500.0,-0.08705962938444145,0.15817742198511117,-0.24523705136955262,47.244226015679665,48.41107711791992,49.57792822016018,4.820595498827829,0.70908254722063,70.47870627917052,57.170821229816,0.002354862468027852,1
2023-08-14,49.014163970947266,NDAQ,49.25405317520503,48.85103740863423,48.89901451740202,2683200,0.11515045166015625,0.002354862468027852,48.45963173880173,49.0327808380127,54.314657573699954,54.30007680002177,0.8335494436067376,24106700.0,-0.03178355305727365,0.1707627986498232,-0.20254635170709684,47.23778973135565,48.41971321105957,49.6016366907635,4.881992896372472,0.7514759923529921,75.63124907531422,69.0518501785866,-0.009984458433333177,0
2023-08-15,48.524784088134766,NDAQ,49.04294560665345,48.4000406869169,48.86062748323846,1946700,-0.4893798828125,-0.009984458433333177,48.465836724452494,48.92688850402832,54.27244846343994,49.82998360978159,0.8199319776160094,22160000.0,-0.02715273116710648,0.1403148964319923,-0.16746762759909878,47.26845991399623,48.38085098266602,49.493242051335805,4.598476653783276,0.5646953708648814,63.440880679311704,69.85027867793217,0.005536897543418462,1
2023-08-16,48.793460845947266,NDAQ,49.07173319091643,48.15055955972742,48.265705348521394,2463900,0.2686767578125,0.005536897543418462,48.49703902173771,48.832293395996096,54.228640956878664,52.15855261923035,0.8271635242997954,24623900.0,-0.0017822577676298579,0.13254829586517516,-0.13433055363280502,47.274138353052514,48.40100154876709,49.52786474448167,4.656363131573593,0.6741379515599959,62.12664600768189,67.06625858743595,0.016125901255054975,1
2023-08-17,49.580299377441406,NDAQ,50.16562962620131,48.84144384355826,48.889420952711625,5205400,0.7868385314941406,0.016125901255054975,48.60020667466187,48.73222457885742,54.181033515930174,58.26741523307581,0.8660924711536703,29829300.0,0.08088295048810323,0.1721708032967266,-0.09128785280862337,47.32436661066347,48.499836158752444,49.67530570684142,4.847313480570789,0.959587924011102,65.40988732613113,63.65913800437492,0.0025160077056727292,1
2023-08-18,49.70504379272461,NDAQ,49.80100167338676,49.11971353215154,49.244456946802906,3380500,0.12474441528320312,0.0025160077056727292,48.70542925733451,48.63617942810058,54.13423963546753,59.15781530968095,0.8528921618737806,33209800.0,0.1546785177140393,0.19677309641813012,-0.042094578704090835,47.265190315234044,48.55213241577148,49.83907451630892,5.301279414534603,0.9479266691452796,76.14909463082427,67.89520932154578,-0.00019301790906889327,0
2023-08-21,49.69544982910156,NDAQ,49.84897877772431,49.19647983097289,49.705043786957226,2299000,-0.009593963623046875,-0.00019301790906889327,48.799716930836134,48.52809494018555,54.0868758392334,59.05345943851446,0.8385783607936121,30910800.0,0.2099675089813715,0.20164967014836988,0.008317838833001634,47.21830303379836,48.58763656616211,49.956970098525865,5.636551308681678,0.9045081920352654,83.43820764829657,74.99906320175067,0.003282321734465965,1
2023-08-22,49.85856628417969,NDAQ,49.992903639289786,49.54191447005136,49.84897232756542,2593700,0.163116455078125,0.003282321734465965,48.900559726392665,48.420215454101566,54.04806169509888,60.334612025347056,0.8108934185396703,33504500.0,0.26390444147361336,0.20446928211248938,0.05943515936112398,47.161981174987304,48.63033657073974,50.09869196649218,6.038845294095416,0.9182331188324315,86.47798817310586,82.02176348407558,0.013279522061152571,1
2023-08-23,50.52066421508789,NDAQ,50.58783289457282,49.58029538146183,49.89695086510666,2318500,0.6620979309082031,0.013279522061152571,49.054855391982684,48.45608978271484,54.0085249710083,65.10695504526083,0.8249394252947646,35823000.0,0.3559721928550985,0.23722962679517962,0.1187425660599189,47.03031387761871,48.71333827972412,50.39636268182953,6.9099119934711295,1.0369280246628818,90.81081563432274,86.90900381857507,-0.00607783828206776,0
2023-08-24,50.21360778808594,NDAQ,51.27871273348536,50.18481859575396,50.56864276988574,2141400,-0.3070564270019531,-0.00607783828206776,49.16521276304014,48.484676361083984,53.96588712692261,61.41645403835034,0.8441504761830955,33681600.0,0.39955385354578965,0.2246490299886966,0.17490482355709305,47.023803358288326,48.81217269897461,50.60054203966089,7.327554754487905,0.8918192560194348,86.78865586040729,88.02581988927864,0.007643660399799579,1
2023-08-25,50.5974235534668,NDAQ,50.80852719547004,50.079262065141506,50.271174134197345,1866400,0.3838157653808594,0.007643660399799579,49.30161379069982,48.51902854919434,53.922748489379885,64.15181366700055,0.8359443800506269,35548000.0,0.45976349088602575,0.22788693386314612,0.23187655702287963,46.979805243025694,48.91964263916016,50.859480035294624,7.930709594275021,0.932454008168409,84.28488730397777,87.29478626623593,0.008344509734042438,1
2023-08-28,51.01963424682617,NDAQ,51.32669579611587,50.61662214034011,50.68379082475445,1633300,0.422210693359375,0.008344509734042438,49.46523478652138,48.53630043029785,53.87147203445434,66.9292696385095,0.8283249416648018,37181300.0,0.5353774388036427,0.24280070542461046,0.2925767333790323,46.91882281507507,49.04822311401367,51.17762341295228,8.682884572551254,0.9629028966031289,82.0770093906559,84.38351751834699,0.0031972057852518443,1
2023-08-29,51.18275451660156,NDAQ,51.959996761233484,50.80852798932564,51.19234847301604,1684300,0.16312026977539062,0.0031972057852518443,49.62880809414806,48.57698547363281,53.82556625366211,67.9620502969329,0.8514066438250191,38865600.0,0.6015304116692874,0.24716294263220412,0.3543674690370833,46.913108275965165,49.196954536437985,51.480800796910806,9.284502595709569,0.9347490491221726,84.43437690347639,83.59875786603669,-0.012748288546715836,0
2023-08-30,50.5302619934082,NDAQ,51.31709829295329,50.3575414729794,51.12518619687476,2146800,-0.6524925231933594,-0.012748288546715836,49.71466084645856,48.5969441986084,53.76406141281128,59.903305722399864,0.8591316564070813,36718800.0,0.5944539308771439,0.19206916947204844,0.4023847614050955,47.10044202949913,49.34040908813476,51.5803761467704,9.079645264531443,0.7655960722025484,77.78203386342676,81.4311400525197,-0.0034181110740774123,0
2023-08-31,50.3575439453125,NDAQ,50.914088685222254,50.232800527674286,50.626218696761924,2856300,-0.17271804809570312,-0.0034181110740774123,49.775887808254176,48.633791275024414,53.70079149246216,57.944636816626925,0.8464285493457161,33862500.0,0.5683571978628237,0.13277794916618252,0.43557924869664116,47.3987996983369,49.48914051055908,51.57948132278126,8.44767474503293,0.7077181456908559,66.66673118300234,76.29438064996852,-0.01028988265067421,0
2023-09-01,49.83937072753906,NDAQ,50.587827398281554,49.7146309994304,50.520658726094396,2937000,-0.5181732177734375,-0.01028988265067421,49.78193380056702,48.67965789794922,53.63663875579834,52.408187781031934,0.8483405385961047,30925500.0,0.5000982791504427,0.05161522436304122,0.44848305478740147,47.736328031950094,49.60860481262207,51.48088159329404,7.548193656095748,0.5616270834791237,54.911855786260524,66.45354027756322,-0.02368111912262083,0
2023-09-05,48.65911865234375,NDAQ,49.76261030504331,48.60154759387063,49.70503558615192,3210300,-1.1802520751953125,-0.02368111912262083,49.674999024545755,48.700192337036135,53.572515869140624,42.45742809859865,0.876160723958414,27715200.0,0.34676878095108066,-0.08137141906905665,0.4281402000201373,47.868069608454135,49.642668914794925,51.417268221135714,7.149491939632232,0.22288103040025187,38.53897932107301,53.37252209677863,0.01715657068026699,1
2023-09-06,49.49394226074219,NDAQ,49.9257398990354,48.630339663318246,48.80306018280303,2494000,0.8348236083984375,0.01715657068026699,49.65775552323113,48.73799903869629,53.50986255645752,49.72828254483192,0.9061064033697526,30209200.0,0.2892826667246666,-0.11108602663637657,0.4003686933610432,48.103259377813295,49.71655502319336,51.32985066857342,6.489973589792944,0.43100682968783227,28.084636711979414,40.511823939771,0.0015508834995305865,1
2023-09-07,49.570701599121094,NDAQ,49.60908474765292,49.138900329184274,49.42676662233598,2109100,0.07675933837890625,0.0015508834995305865,49.64946467331589,48.77331069946289,53.449965476989746,50.34949624455492,0.8749691187339594,32318300.0,0.24707027183989538,-0.12263873721691826,0.36970900905681364,48.27175987613935,49.7741283416748,51.27649680721026,6.036744451745842,0.43229798574039996,22.926265851450765,29.84996062816774,-0.004452289717116198,0
2023-09-08,49.349998474121094,NDAQ,49.66665026309771,49.1964695575589,49.570696062903124,3023900,-0.220703125,-0.004452289717116198,49.62094408291638,48.808814239501956,53.385833225250245,48.49397047946717,0.8460556606485916,29294400.0,0.19357631975821477,-0.14090615143887908,0.33448247119709384,48.26400449316966,49.77029018402099,51.27657587487233,6.052951209574969,0.3604873854765375,25.90480925676709,25.63857060673244,-0.0011665166811652972,0
2023-09-11,49.29243087768555,NDAQ,49.685849011978696,49.014162192760125,49.59948875516221,1660100,-0.057567596435546875,-0.0011665166811652972,49.589657110989634,48.83798469543457,53.31932540893555,47.99710230931638,0.8336007434035901,27634300.0,0.14486681889869146,-0.15169252183872195,0.2965593407374134,48.319861018503424,49.78996105194092,51.26006108537842,5.90520660140259,0.33078356474422627,23.904765258137086,24.245280122118327,0.0019465682380395144,1
2023-09-12,49.38838195800781,NDAQ,49.50352773111679,49.13889517911721,49.167684367708056,1527100,0.09595108032226562,0.0019465682380395144,49.57048804880088,48.86907417297363,53.250640296936034,48.936226001263016,0.8001030154461607,29161400.0,0.11270741786467653,-0.14708153829818948,0.259788956162866,48.369340631251305,49.808671951293945,51.248003271336586,5.779440662261019,0.3539981769889918,22.095203443266808,23.96825931939034,-0.007188456698562162,0
2023-09-13,49.033355712890625,NDAQ,49.48434862342663,48.86063517951169,49.388394398402355,1981100,-0.3550262451171875,-0.007188456698562162,49.519332588238,48.89594177246094,53.17728569030762,45.65117238619438,0.7875037603367876,27180300.0,0.05790570897836744,-0.16150659774759887,0.21941230672596632,48.47041521591594,49.834100532531735,51.19778584914753,5.472900291339978,0.20640410588702063,18.95245565054968,21.65080811731787,0.011595792683875672,1
2023-09-14,49.60193634033203,NDAQ,49.630846336556644,49.03334979835854,49.23572712442223,1830000,0.5685806274414062,0.011595792683875672,49.52719961224695,48.929959030151366,53.10667903900146,51.29067011692352,0.7739318158983101,29010300.0,0.05966686222255646,-0.1277963556027279,0.18746321782528436,48.591054335856114,49.87452430725098,51.157994278645845,5.146795841051334,0.39380820237550956,22.024364213329523,21.024007769048684,-0.013600018457492036,0
2023-09-15,48.92734909057617,NDAQ,49.80432131443391,48.9177099728573,49.601943957292804,2698500,-0.6745872497558594,-0.013600018457492036,49.47007099113545,48.968332290649414,53.03687492370605,45.28653945178461,0.7819803534467602,26311800.0,0.006553490997774247,-0.1447277814620081,0.15128127245978235,48.498319483726796,49.84187679290771,51.18543410208863,5.391278963123229,0.159661818635384,17.44851343164611,19.47511109850845,0.004924134245635647,1
2023-09-18,49.16827392578125,NDAQ,49.293556718223115,48.69605643195953,48.8213392244014,1493800,0.24092483520507812,0.004924134245635647,49.44132841348267,49.011907806396486,52.969082050323486,47.64380216916122,0.768803205790819,27805600.0,-0.015915157620639775,-0.1337571440643377,0.11784198644369794,48.4405316481815,49.81503829956055,51.1895449509396,5.518440608691355,0.26472853982539996,18.78760583379558,19.420161159590418,-0.0017641169701566595,0
2023-09-19,49.08153533935547,NDAQ,49.51520367268758,48.91770344620966,49.148994449402046,2446600,-0.08673858642578125,-0.0017641169701566595,49.40706240642294,49.05125373840332,52.88965761184692,46.861019877171,0.756567278697041,25359000.0,-0.04025674781865263,-0.12647898740988045,0.08622223959122784,48.37358226135917,49.78434257507324,51.19510288878731,5.667485963429923,0.2509118916637552,14.750371937663362,16.9954970677017,-0.007068549706484184,0
2023-09-20,48.73460006713867,NDAQ,49.467018504609094,48.69605095437797,49.28391205711863,1623700,-0.3469352722167969,-0.007068549706484184,49.34301837411015,49.07195442199707,52.807404098510744,43.76381088385813,0.7575958695209043,23735300.0,-0.08654477612421374,-0.13821361257235326,0.05166883644813953,48.24594937252362,49.72814426422119,51.21033915591877,5.961191247444139,0.16484023030716163,13.434561127294108,15.657512966251028,-0.03421005687221379,0
2023-09-21,47.067386627197266,NDAQ,48.53221973521454,47.05775118772642,48.5033097405565,2294200,-1.6672134399414062,-0.03421005687221379,49.12629154107083,49.05374542236328,52.71448263168335,32.6097372927119,0.8232567987988578,21441100.0,-0.25482114363957464,-0.24519198407017134,-0.009629159569403307,47.720280367914064,49.55548038482666,51.39068040173925,7.406648074688071,-0.17788081263621042,7.9006641274333615,12.028532397463623,-0.003480425755847616,0
2023-09-22,46.90357208251953,NDAQ,47.395064230842394,46.855387514864525,47.10595314866552,1644200,-0.16381454467773438,-0.003480425755847616,48.91460397358975,49.00980644226074,52.62607194900513,31.753381396163828,0.8030010785973586,19796900.0,-0.3968254847881383,-0.30975706017498794,-0.08706842461315031,47.250284011215776,49.38997859954834,51.52967318788091,8.664488825480618,-0.08101902266491964,2.531940239525407,7.955721831417641,-0.0006164862075443978,0
2023-09-25,46.874656677246094,NDAQ,46.913205797428006,46.44098826581567,46.72046387276488,1662600,-0.0289154052734375,-0.0006164862075443978,48.72032327869988,48.97603622436523,52.54156158447265,31.595658077793622,0.7793736823841427,18134300.0,-0.5058668614957114,-0.33503874950604884,-0.17082811198966252,46.877150072148815,49.203840255737305,51.530530439325794,9.457351993240776,-0.000535824434277685,4.762348749549097,5.064984372169302,-0.013569109799795087,0
2023-09-26,46.238609313964844,NDAQ,46.74937227200142,46.142240193060466,46.41207667258978,1882500,-0.63604736328125,-0.013569109799795087,48.48396956777273,48.92397956848144,52.46419752120972,28.2693216668441,0.7760195967985345,16251800.0,-0.6362720960269712,-0.37235518722984695,-0.26391690879712426,46.45799772134915,48.96478900909424,51.47158029683933,10.239158948604889,-0.043758810008800636,5.548544426814856,4.280944471963134,0.0072947554420059735,1
2023-09-27,46.57590866088867,NDAQ,46.787921462451976,46.15187570526943,46.47953586359052,2015500,0.3372993469238281,0.0072947554420059735,48.30224948140282,48.8694571685791,52.39161308288574,32.33747834401023,0.7660214653973922,18267300.0,-0.7042834048535269,-0.3522931968451221,-0.3519902080084048,46.23860057961631,48.7344467163086,51.23029285300088,10.242636594280123,0.06757389334091557,8.972805060866042,6.427899412410013,0.0122074483224055,1
2023-09-28,47.14448165893555,NDAQ,47.51069085878599,46.63371880805545,46.63371880805545,2035000,0.568572998046875,0.0122074483224055,48.19198587926308,48.844537811279295,52.32658269882202,38.653425188347505,0.7780758034331015,20302300.0,-0.7041863460574547,-0.2817569104392399,-0.4224294356182148,46.12073136030832,48.56515769958496,51.0095840388616,10.066584584765094,0.20940502116545237,13.947252066269423,9.489533851316788,-0.0067454816843564025,0
2023-09-29,46.82646942138672,NDAQ,47.48178972179531,46.58554294847904,47.46251516281315,1708200,-0.3180122375488281,-0.0067454816843564025,48.06193669279866,48.828995056152344,52.25291934967041,36.59581098971798,0.7865165869961851,18594100.0,-0.7214538847988123,-0.23921955934447803,-0.4822343254543343,45.97766785847639,48.38860397338867,50.79954008830095,9.96489221403526,0.17603153349030443,19.298126682261916,14.072727936465808,-0.0034987394990158016,0
2023-10-02,46.662635803222656,NDAQ,46.77828315289016,46.32534022397435,46.76864403562815,3121700,-0.1638336181640625,-0.0034987394990158016,47.92866994141047,48.78906539916992,52.17696157455444,35.54600126979492,0.7661317734544839,15472400.0,-0.7398302350075596,-0.20607672764258023,-0.5337535073649794,45.80354693785651,48.22976722717285,50.65598751648919,10.061090603602988,0.1770426348236129,20.087542494924723,17.777640414485365,-0.02416358943880681,0
2023-10-03,45.535099029541016,NDAQ,46.25787837921627,45.17852891305007,46.180780150652886,3525400,-1.1275367736816406,-0.02416358943880681,47.70071080694672,48.72006004333496,52.102028388977054,29.313536810614217,0.8174157103629196,11947000.0,-0.8357425000516159,-0.24159119414930919,-0.5941513059023067,45.38947818561813,48.07356624603271,50.75765430644729,11.166586005614203,0.02712668896198438,13.534282061647195,17.63998374627796,0.03238083254298729,1
2023-10-04,47.00956344604492,NDAQ,47.09629710715829,45.660377655248155,45.660377655248155,3324200,1.4744644165039062,0.03238083254298729,47.634887248765594,48.68015998840332,52.043271160125734,43.31117538197556,0.8705430223096594,15271200.0,-0.7837422129427765,-0.15167272563237577,-0.6320694873104007,45.310117470259804,47.94934730529785,50.58857714033589,11.008407760939177,0.3219586928776554,20.500612212806573,18.04081225645951,0.004920201813235492,1
2023-10-05,47.24085998535156,NDAQ,47.40468821101286,46.81683074577586,47.0095689697901,2085200,0.23129653930664062,0.004920201813235492,47.59736084272616,48.64776458740234,51.991000213623046,45.14621173085257,0.8503511968044695,17356400.0,-0.7156187060844061,-0.06683937501920434,-0.6487793310652018,45.286115071003685,47.832855224609375,50.379595378215065,10.648497321127614,0.38377392204311417,31.615681007306506,21.883525093920102,0.012035861377523105,1
2023-10-06,47.809444427490234,NDAQ,48.0021863191163,47.086665091076846,47.12521420465122,1960000,0.5685844421386719,0.012035861377523105,47.617559279370354,48.639215087890626,51.942333641052244,49.47589721422703,0.8550061990355396,19316400.0,-0.6087332257702442,0.03203688423596607,-0.6407701100062103,45.30594645833653,47.75582752227783,50.20570858621914,10.260029785049579,0.5109427567732907,49.26846484493249,33.7949193550152,0.0024188222430154838,1
2023-10-09,47.925086975097656,NDAQ,48.10818974594011,47.5685168734589,47.616701426181045,1577200,0.11564254760742188,0.0024188222430154838,47.646847631344386,48.62875633239746,51.89586320877075,50.33453809998878,0.8324823899959448,20893600.0,-0.5088288630281212,0.10555299758247128,-0.6143818606105925,45.338690284746995,47.687460327148436,50.03623036954988,9.850682029566114,0.5505853369336797,57.422373873091026,46.10217324177669,0.0028152693318637123,1
2023-10-10,48.06000900268555,NDAQ,48.2816609037732,47.44323785596408,48.04073444481975,2302400,0.13492202758789062,0.0028152693318637123,47.68619633337688,48.62099601745606,51.84345273971557,51.372882377282096,0.832906722696886,23196000.0,-0.4139945838866481,0.1603098213791555,-0.5743044052658036,45.396585208857005,47.62104167938232,49.84549814990764,9.342325963811932,0.5986684453302786,70.21040207045048,58.96708026282468,-0.004210929700920962,0
2023-10-11,47.85763168334961,NDAQ,48.22384093049052,47.61670522427591,48.06000902667247,2146400,-0.2023773193359375,-0.004210929700920962,47.702523509564756,48.61398612976074,51.79217184066773,49.69461972588492,0.8167802215195804,21049600.0,-0.35112039540219087,0.17854720789089018,-0.529667603293081,45.429967481533275,47.562255477905275,49.694543474277275,8.966303111350722,0.5692627370099407,78.76666494727068,68.79981363027075,-0.006846628429063251,0
2023-10-12,47.52996826171875,NDAQ,48.13710392590466,47.34686548894651,47.915452040050134,2161200,-0.3276634216308594,-0.006846628429063251,47.686089676436566,48.611362075805665,51.738205699920655,47.01651685655248,0.8148843797651925,18888400.0,-0.32399701190028196,0.1645364731142393,-0.48853348501452126,45.54244454112758,47.45865707397461,49.37486960682163,8.075291847639912,0.5186073273506338,82.67714586749587,77.21807096173903,0.0010138289088272856,1
2023-10-13,47.578155517578125,NDAQ,47.78053653463332,47.27940906483479,47.73234830242029,1542600,0.048187255859375,0.0010138289088272856,47.67581023273576,48.6152668762207,51.68590810775757,47.46490725346185,0.7924731719104311,20431000.0,-0.2952102265023058,0.1546586068097724,-0.44986883331207816,45.59533772214734,47.39119739532471,49.18705706850208,7.578874440317625,0.5520525420348225,79.81365005537303,80.41915362337988,0.018837381441540124,1
2023-10-16,48.474403381347656,NDAQ,48.55150161372564,47.85763222730802,47.94436590061022,2296000,0.8962478637695312,0.018837381441540124,47.75186672307975,48.63575325012207,51.63942415237427,55.07941484668233,0.8053926664987944,22727000.0,-0.1977967020692617,0.20165770499425317,-0.39945440706351487,45.6762169149216,47.356503868103026,49.03679082128445,7.096330243724684,0.8326513697937192,83.60658048651122,82.03245880312672,-0.007355944319765162,0
2023-10-17,48.117828369140625,NDAQ,48.86951767739115,48.06000470071916,48.4743984671254,3687200,-0.35657501220703125,-0.007355944319765162,47.786720213180786,48.638553085327146,51.58558963775635,51.858915560531955,0.8056869743683083,19039800.0,-0.14766620154057364,0.201430564418353,-0.34909676595892664,45.78029587002159,47.308318519592284,48.83634116916298,6.459847643656488,0.7648880400351975,84.89263022914916,82.77095359034449,0.039855951418287905,1
2023-10-18,50.03561019897461,NDAQ,51.365525413796064,49.023719706147006,49.428478109025875,6685800,1.9177818298339844,0.039855951418287905,48.00090021182782,48.67894088745117,51.54381858825683,64.03791750077318,0.9801162651031032,25725600.0,0.04627808246769405,0.31629987874129656,-0.2700217962736025,45.5298140055023,47.37336902618408,49.216924046865856,7.783085976692145,1.2220400646914216,85.28445988995274,84.59455686853772,-0.012134073518654143,0
2023-10-19,49.42847442626953,NDAQ,50.15125382104391,49.418835308974714,50.13197926270039,2924100,-0.6071357727050781,-0.012134073518654143,48.13685966082227,48.69912567138672,51.497060794830325,58.953117098957385,0.9624235684578241,22801500.0,0.14926886348381885,0.3354325278059371,-0.18616366432211823,45.44963146940907,47.49142341613769,49.533215362866315,8.598571278176586,0.974350732266184,75.61024084372723,81.92911032094305,-0.013453030389327214,0
2023-10-20,48.763511657714844,NDAQ,49.66939745597702,48.56113432347384,49.4381064480974,2797400,-0.6649627685546875,-0.013453030389327214,48.19654080338346,48.68586067199707,51.44750162124634,53.90465424719243,0.9728406801753497,20004100.0,0.17521311364327374,0.2891014223723136,-0.11388830872903985,45.48946252842938,47.584420394897464,49.67937826136555,8.805225950352147,0.7814116889150673,68.38002651894413,76.42490908420804,-0.015414929537226674,0
2023-10-23,48.01182556152344,NDAQ,48.705694955827624,47.96364100386256,48.474403932310864,2021700,-0.7516860961914062,-0.015414929537226674,48.178948875587274,48.668116912841796,51.40089384078979,48.81562319520365,0.9604856782951305,17982400.0,0.13357951149488656,0.19797425617914113,-0.06439474468425457,45.564815726056906,47.64127883911133,49.71774195216575,8.717075459148846,0.5892254526657695,55.95055231468092,66.64693989245076,-0.007225958468814464,0
2023-10-24,47.664894104003906,NDAQ,48.551505465457886,47.33723394289536,48.252755305661566,2033700,-0.34693145751953125,-0.007225958468814464,48.129991278293616,48.64113151550293,51.345841579437256,46.627639347800304,0.9786132385999445,15948700.0,0.07176287489280497,0.10892609566164764,-0.03716322076884267,45.73826500211612,47.71259307861328,49.68692115511044,8.275920251260176,0.48792020050335244,39.26806101017872,54.53287994793461,0.0006066394527248775,1
2023-10-25,47.693809509277344,NDAQ,48.0600151266526,47.1444937307215,47.60707582595237,1972200,0.0289154052734375,0.0006066394527248775,48.08845015743492,48.62451202392578,51.28636552810669,46.84149872025056,0.9741066784093129,17920900.0,0.02481986857517171,0.0495864714752115,-0.02476660290003979,45.86398435312557,47.76848812103272,49.67299188893986,7.973891755090239,0.4803942074009551,24.68324948747956,39.96728760411308,0.004243181803275986,1
2023-10-26,47.896183013916016,NDAQ,48.696056983380544,47.81908477884917,47.81908477884917,1916600,0.20237350463867188,0.004243181803275986,48.07013900090931,48.606566467285155,51.228234405517576,48.39987274663285,0.9761167352445905,19837500.0,0.0039020677724153074,0.022934936537964083,-0.019032868765548775,45.9227600345539,47.80607318878174,49.68938634300957,7.878970300659527,0.5239232187520144,16.880562687393745,26.943957728350693,-0.04245483146017304,0
2023-10-27,45.86275863647461,NDAQ,47.616702878007494,45.833848639209,47.52996920996484,2966500,-2.0334243774414062,-0.04245483146017304,47.85991229953458,48.53221565246582,51.15765197753906,36.744006838118345,1.0537037094919066,16871000.0,-0.17474148225665687,-0.12456689079288646,-0.050174591463770395,45.73280724773949,47.75788764953613,49.78296805133277,8.480611272665083,0.03208548870944337,10.840070164695085,17.467960779856146,0.027736986705173994,1
2023-10-30,47.13485336303711,NDAQ,47.2697715949443,45.98804471557989,46.04586471425662,2393100,1.2720947265625,0.027736986705173994,47.790859067487204,48.48081184387207,51.093572769165036,45.57439331319115,1.0789400844188914,19264100.0,-0.21123537965044648,-0.12884863054934087,-0.08238674910110562,45.79745221693757,47.78149852752686,49.76554483811614,8.30466340207509,0.3370387926334022,13.949996528846093,13.89020979364499,0.01410758507586407,1
2023-10-31,47.79981231689453,NDAQ,47.848000554048255,47.105946552086344,47.27941391234997,1748700,0.6649589538574219,0.01410758507586407,47.791711757906945,48.44289909362793,51.03110523223877,49.539794370638276,1.0548767928148215,21012800.0,-0.18437506499711276,-0.08159065271680571,-0.10278441228030705,46.19886997625408,47.89473419189453,49.590598407534976,7.0816311824419635,0.47201371603794656,19.860634988175462,14.883567227238894,-0.017943592376768458,0
2023-11-01,46.94211196899414,NDAQ,48.0503751881887,46.71082461926844,47.982916071498195,2389100,-0.8577003479003906,-0.017943592376768458,47.71079749229621,48.38457000732422,50.96425403594971,44.98682609253638,1.0752106339652099,18623700.0,-0.22965005916108794,-0.10149251750462471,-0.12815754165646323,46.188216788345066,47.89136161804199,49.594506447738915,7.112534587261779,0.22132444860347855,26.364710675064,20.058447397361864,0.023609101975012425,1
2023-11-02,48.05037307739258,NDAQ,48.06000851810532,47.048118135952734,47.24086003642132,2644500,1.1082611083984375,0.023609101975012425,47.74313802421015,48.33516418457031,50.90565664291382,51.22463597894736,1.0782596279042078,21268200.0,-0.174096532446832,-0.03675119263229501,-0.13734533981453698,46.254167564246146,47.931837272644046,49.609506981041946,7.000231177682773,0.5353275153491711,31.881541295401007,26.035628986213506,0.0072203203574561226,1
2023-11-03,48.39731216430664,NDAQ,48.67678408534338,48.02146744614835,48.32985304444471,2019400,0.3469390869140625,0.0072203203574561226,47.80544032326696,48.29883827209473,50.857359676361085,53.02048484414252,1.0480494144249808,23287600.0,-0.10091163099440337,0.029146967056106893,-0.13005859805051026,46.27260484570589,47.96123065948486,49.64985647326383,7.0416283759183536,0.6291231903668089,35.48201586974748,31.242755946737507,0.010155225026434511,1
2023-11-06,48.888797760009766,NDAQ,49.36101524821778,48.233477482137395,48.28166203981264,2650600,0.491485595703125,0.010155225026434511,47.90861722200437,48.26466575622558,50.80647584915161,55.519022146568076,1.0537271538289383,25938200.0,-0.0032162147463097313,0.10147390664336044,-0.10469012138967017,46.273333071054225,48.00941619873047,49.745499326406716,7.232260940186785,0.7532659719054903,47.212550572225915,38.192035912458145,0.009067482944044913,1
2023-11-07,49.332096099853516,NDAQ,49.707944431015505,48.76350955937239,49.07189510577785,2258600,0.44329833984375,0.009067482944044913,48.044186638942385,48.230914993286135,50.756571216583254,57.70399789199073,1.045920562244237,28196800.0,0.10872526058940934,0.17073230558326363,-0.062007044993854274,46.243488627609196,48.07302055358887,49.90255247956854,7.611470654065609,0.8440977247747237,60.86486815813902,47.85314486670415,0.010744415858413792,1
2023-11-08,49.86214065551758,NDAQ,50.189800780783685,49.34173863134566,49.447746859556155,2525100,0.5300445556640625,0.010744415858413792,48.21732511671145,48.204502716064454,50.71122034072876,60.22014727683679,1.0324765707218035,30721900.0,0.23747241794998075,0.23958357035506803,-0.0021111524050872674,46.188827150058344,48.17324600219727,50.15766485433619,8.238676098548186,0.9255388552421586,76.24365089377982,61.4403565413816,-0.006184807797928515,0
2023-11-09,49.55375289916992,NDAQ,50.14161405417012,49.438109226853086,50.11270405515243,2089300,-0.30838775634765625,-0.006184807797928515,48.344603953136065,48.184972534179686,50.68155414581299,58.05615933059055,1.0089785890500342,28632600.0,0.3110357268520403,0.25051750340570206,0.06051822344633824,46.22617749970745,48.27443523406983,50.32269296843221,8.485889993040525,0.8122941130986,86.30089487285665,74.46980464159184,0.013418942359632258,1
2023-11-10,50.218711853027344,NDAQ,50.353630082273305,49.55375247139221,49.707948934811625,1846200,0.6649589538574219,0.013418942359632258,48.52309041979238,48.182195892333986,50.64659942626953,61.286565426385636,0.9940428048951102,30478800.0,0.4181713899536561,0.2861225332058543,0.1320488567478018,46.219063774474584,48.406463050842284,50.59386232720998,9.0376331527062,0.9142473716994187,91.63033479911518,84.72496018858389,-0.00038391028501272295,0
2023-11-13,50.199432373046875,NDAQ,50.29580147698899,49.84286227696623,49.99705504902102,1645400,-0.01927947998046875,-0.00038391028501272295,48.68274203438805,48.18939712524414,50.60969244003296,61.13953871455217,0.9553925474042283,28833400.0,0.49580613740001667,0.29100582452177187,0.2048003128782448,46.16957374610274,48.49271450042725,50.81585525475175,9.58140115791636,0.8673298463389676,93.00050325917,90.31057764371396,0.019581472824154122,1
2023-11-14,51.182411193847656,NDAQ,51.49079672904207,50.42108279547901,50.53672645211552,2436600,0.9829788208007812,0.019581472824154122,48.920805763860386,48.23986297607422,50.58174524307251,65.66259470587352,0.9793905337321543,31270000.0,0.6293951344956596,0.33967585729393185,0.2897192772017278,46.05329017007376,48.6459436416626,51.23859711325144,10.659279181371963,0.989164398555479,96.05062441106959,93.56048748978493,0.003954114886590698,1
2023-11-15,51.38479232788086,NDAQ,51.79918611086747,51.249874105744915,51.461890555527596,2503700,0.20238113403320312,0.003954114886590698,49.15547115090995,48.277679977416994,50.5522402381897,66.52644095346763,0.9534894182527013,33773700.0,0.7430306485020708,0.36264909704027437,0.3803815514617964,45.917392573471616,48.71340274810791,51.509412922744204,11.479428727630383,0.9777145669937423,94.73007981004837,94.59373582676267,0.004126066287731822,1
2023-11-16,51.59680938720703,NDAQ,51.88592039180605,51.4329774896452,51.47152660392396,1879800,0.21201705932617188,0.004126066287731822,49.387979554366815,48.31820213317871,50.52707887649536,67.4502911375889,0.9211778929435936,35653500.0,0.8405067779006146,0.3681001811510545,0.4724065967495601,45.7671186270123,48.82181949615479,51.876520365297274,12.513670734385782,0.9542163062649137,94.23330221565413,95.00466881225738,-0.0011207475139721756,0
2023-11-17,51.53898239135742,NDAQ,51.82809337730785,51.423338732226384,51.664265166559346,1816500,-0.057826995849609375,-0.0011207475139721756,49.59283696741353,48.361981811523435,50.49653648376465,66.90788887354768,0.884290518096299,33837000.0,0.9026855602060451,0.34422317076518794,0.5584623894408571,45.68491296588665,48.96059303283691,52.23627309978717,13.380883947844845,0.8935655048450836,93.81578730383757,94.25972310984672,0.012341166791938418,1
2023-11-20,52.17503356933594,NDAQ,52.41596002924329,51.42334419082374,51.55826242017249,2414700,0.6360511779785156,0.012341166791938418,49.838760453310904,48.419633865356445,50.46926954269409,69.78590588350498,0.892028040976531,36251700.0,0.9918532407660763,0.3467126810601753,0.645140559705901,45.641254242375005,49.168753433227536,52.69625262408007,14.348540259996494,0.9261205989648773,94.72369377196121,94.25759443048433,0.00886573824269754,1
2023-11-21,52.637603759765625,NDAQ,52.77252196816972,51.96300904149969,52.097930926149246,1759100,0.4625701904296875,0.00886573824269754,50.105316958687546,48.4846183013916,50.45026390075684,71.71268060765449,0.8861341042403524,38010800.0,1.087310974449764,0.35373633179509034,0.7335746426546736,45.655708697094,49.417388916015625,53.17906913493725,15.22411564607173,0.9280287871829188,95.57204581479785,94.70384229686556,0.009337519835299624,1
2023-11-22,53.12910842895508,NDAQ,53.22547755051097,52.81108371057722,52.81108371057722,1938000,0.4915046691894531,0.009337519835299624,50.39329709871302,48.56653335571289,50.430622577667236,73.63647861597201,0.8648297961335665,39948800.0,1.1889171385595105,0.3642739967238695,0.824643141835641,45.68714930425043,49.689153861999515,53.6911584197486,16.108161426389962,0.929778941692455,97.18943502226807,95.8283915363424,0.003083473051149088,1
2023-11-24,53.292930603027344,NDAQ,53.38930338985677,53.01345503559089,53.15801237771207,879700,0.16382217407226562,0.003083473051149088,50.66945267055248,48.640353240966796,50.41327558517456,74.26471965235471,0.8299025502858749,40828500.0,1.2680426298699459,0.35471959042744383,0.913323039442502,45.75431716344882,49.95899124145508,54.163665319461344,16.832501912157504,0.8964563364151547,97.97402621794065,96.9118356850022,-0.0028932554793262844,0
2023-11-27,53.13874053955078,NDAQ,53.29293333012227,52.97491230792625,53.254384213417865,1789800,-0.1541900634765625,-0.0028932554793262844,50.904622943790415,48.72458106994629,50.39829843521118,72.51322628892373,0.7933395839937419,39038700.0,1.3032848458629545,0.31196944513636193,0.9913154007265925,46.34582896080375,50.32279033660889,54.29975171241403,15.805806272677904,0.8540328830037732,96.95410952715417,97.37252358912099,0.007979611201778702,1
2023-11-28,53.562767028808594,NDAQ,53.8422389006881,53.04236504462634,53.071275040554575,2414600,0.4240264892578125,0.007979611201778702,51.15777952331595,48.81247093200684,50.38239580154419,74.30775066690282,0.7938063177128865,41453300.0,1.34986949462035,0.28684327511500585,1.0630262195053441,46.711001253400205,50.64418601989746,54.57737078639472,15.53262111845161,0.8710200743391862,95.50145238257439,96.80986270922308,0.002159152400393216,1
2023-11-29,53.67841720581055,NDAQ,54.11208557861368,53.55313441450162,53.67841720581055,2905900,0.11565017700195312,0.002159152400393216,51.3978402549821,48.904408569335935,50.36721418380737,74.79116155436246,0.7770309495985417,44359200.0,1.380209965805122,0.2537469970398223,1.1264629687652996,47.02051727025865,50.938116264343265,54.85571525842788,15.381797684681706,0.8497423990567954,93.0317328110193,95.16243157358264,0.002513453635812901,1
2023-11-30,53.81333541870117,NDAQ,53.9000690932304,53.14837969814119,53.78442541927347,4484700,0.134918212890625,0.002513453635812901,51.62788741343153,49.00598327636719,50.35732313156128,75.37330418885088,0.7752208385621607,48843900.0,1.3990148081798495,0.21804147153163989,1.1809733366482096,47.629936518729096,51.281677436828616,54.933418354928136,14.241893403732437,0.8466371298857244,92.65263650122448,93.72860723160606,0.0010745139787831093,1
2023-12-01,53.871158599853516,NDAQ,54.208454177571085,53.591683020461204,53.72660125154823,2166100,0.05782318115234375,0.0010745139787831093,51.841532288328864,49.14205871582031,50.34515142440796,75.63301761734641,0.7639030041727122,51010000.0,1.4024174335148842,0.1771552774933398,1.2252621560215444,48.072829106469484,51.57271671295166,55.072604319433836,13.572632312399534,0.8283593854049611,92.14715911185478,92.61050947469954,0.0059033418847653785,1
2023-12-04,54.189178466796875,NDAQ,54.555387712134014,53.68805099324238,53.68805099324238,4004900,0.3180198669433594,0.0059033418847653785,52.06511763865915,49.28777084350586,50.33799617767334,77.0655782369658,0.7712911266526353,55014900.0,1.41447044920573,0.15136663454734856,1.2631038146583815,48.50578031456191,51.86231002807617,55.218839741590436,12.944003889133255,0.8466181796860197,92.28733960067484,92.36237840458472,-0.009069810792652455,0
2023-12-05,53.69769287109375,NDAQ,54.14099669409904,53.31220904815669,54.06389845901315,2673300,-0.491485595703125,-0.009069810792652455,52.220600994129114,49.42423156738281,50.32781240463257,70.19693967009215,0.7788395760803175,52341600.0,1.3685875456116392,0.0843869847626062,1.284200560849033,48.94991352688584,52.102754783630374,55.25559604037491,12.102397540542697,0.752936630420497,85.8228510194839,90.08578324400453,0.0021535850317635497,1
2023-12-06,53.81333541870117,NDAQ,54.27591379077501,53.69769174474425,53.871159093802696,2434900,0.11564254760742188,0.0021535850317635497,52.372289986945496,49.57572608947754,50.32667747497558,70.8551483595768,0.7645097525053491,54776500.0,1.3262680090366672,0.03365395855010722,1.29261405048656,49.362107616230865,52.32681674957276,55.29152588291465,11.33150960636679,0.7507022784142025,80.50084982326759,86.20368014780881,-0.026788984608391853,0
2023-12-07,52.37173080444336,NDAQ,53.397297139130515,52.28465406934851,53.26184526026896,2877800,-1.4416046142578125,-0.026788984608391853,52.3722367314691,49.69164253234863,50.31681171417236,54.651349707346164,0.8190934379944428,51898700.0,1.1629977133287497,-0.10369306972624814,1.2666907830549978,49.711493888567695,52.45229625701904,55.19309862547039,10.450647784879694,0.48530257899966606,60.21353746946833,75.51241277073997,-0.002955655336703056,0
2023-12-08,52.21693801879883,NDAQ,52.623293732339434,51.878304566727394,52.30401477038433,2065500,-0.15479278564453125,-0.002955655336703056,52.35744637788146,49.7930916595459,50.30569608688354,53.243357990505196,0.8138002756814141,49833200.0,1.0094777128414592,-0.2057704561708309,1.21524816901229,50.18299010145181,52.58545551300049,54.98792092454917,9.137376060019983,0.42330430805992186,43.97530175153107,61.56322968142234,0.0046319656917188645,1
2023-12-11,52.458805084228516,NDAQ,52.594256956750314,52.168546853639846,52.400752699953436,2780100,0.2418670654296875,0.0046319656917188645,52.36709958800975,49.90573837280274,50.29650363922119,55.186132242058726,0.7860795490692037,52613300.0,0.8969887294986023,-0.2546075516109503,1.1515962811095526,50.5516333333033,52.69746017456055,54.84328701581779,8.14394786446704,0.4443908786712253,25.76740141657054,43.31874687919,-0.0009221364449251146,0
2023-12-12,52.410430908203125,NDAQ,52.68133836810148,52.120176342614286,52.623285978668896,2717800,-0.048374176025390625,-0.0009221364449251146,52.37122638040912,50.02069427490235,50.290400428771974,54.69662280775284,0.7700140116704887,49895500.0,0.794775332729408,-0.2854567587041157,1.0802320914335237,50.984788702815834,52.80801010131836,54.631231499820885,6.9050941135803505,0.3909679336141568,22.29968486376022,30.68079601062063,0.04098192892100494,1
2023-12-13,54.558311462402344,NDAQ,54.60668659944717,52.27496956233742,52.46847380130309,4220700,2.1478805541992188,0.04098192892100494,52.57952019774181,50.20115852355957,50.29641660690308,68.18902586885507,0.8815642277732935,54116200.0,0.8769772417753643,-0.16260387972652768,1.039581121501892,51.16176631321767,52.97680511474609,54.791843916274516,6.8522018177468675,0.9356673659881218,46.596042666776704,31.55437631570251,-0.004965273014502558,0
2023-12-14,54.28741455078125,NDAQ,55.84511851817421,54.1326118783514,55.08077870833259,4171500,-0.27089691162109375,-0.004965273014502558,52.74217680279318,50.3467155456543,50.30350534439087,65.53790285559131,0.940917257205402,49944700.0,0.9097763941831829,-0.10384378185496734,1.0136201760381502,51.37644140509634,53.12193622589111,54.86743104668589,6.571653613574568,0.8338532750155803,59.61189019894181,42.83587257649293,-0.02441634952133076,0
2023-12-15,52.9619140625,NDAQ,53.83267767182592,52.76840980794312,53.51339878897575,5718400,-1.32550048828125,-0.02441634952133076,52.7631041608605,50.46113662719726,50.30182510375977,54.3942216046294,0.9822092204648825,44226300.0,0.8193679829682097,-0.1554017544559525,0.9747697374241622,51.58768214442022,53.190191459655765,54.79270077489131,6.025582052852851,0.4287750170980406,62.091816148688956,56.09991633813584,0.011691595753507977,1
2023-12-18,53.58112335205078,NDAQ,53.75527680761262,52.84580794172602,53.2134656468884,2616300,0.6192092895507812,0.011691595753507977,52.841010750497674,50.576570205688476,50.30219394683838,57.98800349636475,0.9770134808521477,46842600.0,0.7885932681289773,-0.14894117543614793,0.9375344435651253,51.87398966267978,53.29229850769043,54.71060735270108,5.322753511207546,0.601820151998763,43.6583643594282,55.12069023568634,0.0068616834579597885,1
2023-12-19,53.94878005981445,NDAQ,53.96813085481926,53.38762176782233,53.72625145343941,2066600,0.3676567077636719,0.0068616834579597885,52.94651258948022,50.69704406738281,50.30511489868164,60.00332989413525,0.9486917384339176,48909200.0,0.7848239466591167,-0.1221683975248069,0.9069923441839236,52.03314473220621,53.38098583221436,54.7288269322225,5.049892125426996,0.7106309963380195,40.81280202559531,48.85432751123751,-0.010939766795459493,0
2023-12-20,53.35859298706055,NDAQ,54.35513485688954,53.32956495157195,53.93910202582208,2051800,-0.5901870727539062,-0.010939766795459493,52.98575834163073,50.80301574707031,50.310129203796386,55.40839340768892,0.9541830360684656,46857400.0,0.7258464616791827,-0.1449167060037928,0.8707631676829755,52.11279057613241,53.417035293579104,54.7212800110258,4.883253854425227,0.47759534474750664,44.146114598488275,42.87242699450394,0.017044553993580847,1
2023-12-21,54.26806640625,NDAQ,54.29709075537748,53.33925032630036,53.513403802639296,1828000,0.9094734191894531,0.017044553993580847,53.107882919213516,50.93122444152832,50.31911979675293,60.43628830089343,0.9544442784262268,48685400.0,0.7439178620242117,-0.10147624452701098,0.8453941065512227,52.12626198784718,53.473983192443846,54.82170439704051,5.040661361419236,0.7946021814815177,49.91853097266408,44.9591491989159,0.01693717046364518,1
2023-12-22,55.18721389770508,NDAQ,55.29364144179541,54.345470789420105,54.529301525862444,2330400,0.9191474914550781,0.01693717046364518,53.30591444097462,51.08436935424805,50.33656076431274,64.76081697211096,0.9595250467918827,51015800.0,0.8229209771453796,-0.01797850352467445,0.840899480670054,52.032160590556884,53.56869735717773,55.10523412379858,5.736696400794469,1.026676801911739,60.32515160951825,51.46326572689022,0.010343542616342516,1
2023-12-26,55.7580451965332,NDAQ,55.82577113919177,55.10013287574679,55.187209614991666,1344100,0.570831298828125,0.010343542616342516,53.53945070340877,51.24796714782715,50.365040912628174,67.161487101388,0.94281884798139,52359900.0,0.9209763877349104,0.06406152565188505,0.8569148620830254,51.90689548701262,53.699662590026854,55.49242969304109,6.677014403986922,1.0740797572215395,80.4878669006106,63.57718316093099,0.006246785768846852,1
2023-12-27,56.106353759765625,NDAQ,56.13537811008249,55.55486526823493,55.719345198533915,1353100,0.3483085632324219,0.006246785768846852,53.78391766115704,51.40060615539551,50.39826059341431,68.56854571952348,0.9169398475432596,53713000.0,1.0150902684519707,0.12654032509515623,0.8885499433568145,51.75223354197907,53.82684192657471,55.90145031117034,7.7084529217805935,1.0493836451536418,93.51264988568737,78.10855613193876,0.004310935641310465,1
2023-12-28,56.34822463989258,NDAQ,56.473999266043954,56.10634524851231,56.10634524851231,1192300,0.24187088012695312,0.004310935641310465,54.028137373417565,51.56521408081055,50.428930263519284,69.54443268879702,0.8777051453995727,54905300.0,1.0965527777594914,0.1664022675221416,0.9301505102373498,51.61516931674841,53.96033229827881,56.30549527980921,8.692173979088727,1.0091101045897217,98.12879071432455,90.7097691668742,-0.0017170401972087523,0
2023-12-29,56.25147247314453,NDAQ,56.45465028263213,55.912842790665195,56.309524857621014,1524000,-0.09675216674804688,-0.0017170401972087523,54.239883573391566,51.689531326293945,50.46316110610962,68.62654618532186,0.85371245586867,53381300.0,1.1401622315474853,0.16800937704810837,0.9721528544993769,51.53549862031598,54.08223915100098,56.628979681685976,9.418029174325943,0.9258842422317938,97.15678323724984,96.26607461242061,-0.021327837962140994,0
2024-01-02,55.05175018310547,NDAQ,56.116018013952,54.78084275882049,56.116018013952,1947900,-1.1997222900390625,-0.021327837962140994,54.31720420288813,51.801996841430665,50.48470533370972,58.343459355625775,0.8977779743297678,51433400.0,1.0656315385116315,0.07478294720980361,0.9908485913018279,51.562309890974944,54.141268730163574,56.720227569352204,9.526776522515519,0.6765211292066109,86.49515606185714,93.9269100044772,-0.0159928783494645,0
2024-01-03,54.17131423950195,NDAQ,54.93565036942603,54.0358586697611,54.67442016396328,2493500,-0.8804359436035156,-0.0159928783494645,54.30330992066087,51.9101528930664,50.503567142486574,52.1658636520581,0.9062146556879538,48939900.0,0.92486038990819,-0.05279056111491043,0.9776509510231004,51.56147129784055,54.14037551879883,56.719279739757106,9.526731930637688,0.505998423759148,69.12791924392833,84.25995284767846,0.0007144021573606274,1
2024-01-04,54.21001434326172,NDAQ,54.6937731824935,54.190663546798,54.190663546798,2143000,0.038700103759765625,0.0007144021573606274,54.29442462757524,52.034116668701174,50.521810359954834,52.404421093449976,0.8788035333524963,51082900.0,0.8071170721865215,-0.1364271030692632,0.9435441752557847,51.59501929076205,54.165991592407224,56.736963894052394,9.492939115714663,0.5085614984701167,50.46611300034084,68.69639610204213,-0.006425170099142674,0
2024-01-05,53.8617057800293,NDAQ,54.37449264403694,53.63917716352244,54.19066192851485,1979300,-0.3483085632324219,-0.006425170099142674,54.25321330876134,52.15805290222168,50.5331049156189,49.9880802482486,0.8685543867212109,49103600.0,0.6778848202414665,-0.21252748401145471,0.8904123042529212,51.59867863137695,54.16841011047363,56.73814158957031,9.48793392257904,0.4403236616472966,37.85632695352903,52.48345306593276,0.01868150928328105,1
2024-01-08,54.867923736572266,NDAQ,54.906625327437716,53.94878125284546,53.95845849595524,3022400,1.0062179565429688,0.01868150928328105,54.31175715902905,52.30153518676758,50.55454210281372,56.26228835212779,0.8811518981988686,52126000.0,0.6491773963592706,-0.19298792631492045,0.8421653226741911,51.8450648110049,54.29321975708008,56.74137470315526,9.018271368059462,0.6173749195110252,41.380307558488944,43.23424917078629,-0.00599521792534774,0
2024-01-09,54.538978576660156,NDAQ,54.82923318501717,54.43255102574548,54.722809324890086,2457500,-0.3289451599121094,-0.00599521792534774,54.33339729404154,52.43439109802246,50.576484260559084,53.88244270601215,0.8493105276722912,49668500.0,0.59304715239751,-0.19929453622134485,0.7923416886188549,52.1533443416894,54.409321784973145,56.66529922825689,8.29261372600607,0.5287362783863402,41.23314980087651,40.15659477096485,0.009224549988088526,1
2024-01-10,55.042076110839844,NDAQ,55.09045125306689,54.36481304730095,54.64539403931927,2956500,0.5030975341796875,0.009224549988088526,54.400890514688996,52.617977447509766,50.598171157836916,56.8861756481668,0.8404767903932661,52625000.0,0.5824452300555052,-0.1679171668506798,0.750362396906185,52.4547689784374,54.53848533630371,56.622201694170016,7.64126962829045,0.620839569319263,49.552380430726295,44.055279263363936,-0.006152145513013796,0
2024-01-11,54.70344924926758,NDAQ,55.24525677544741,54.451892591438124,55.11948213731964,2185200,-0.3386268615722656,-0.006152145513013796,54.42970563226791,52.769349365234376,50.617305030822756,54.32156638693447,0.8371116042229817,50439800.0,0.5404883591486751,-0.16789923020600805,0.7083875893546832,52.81220876493176,54.653136253356934,56.49406374178211,6.736767968414982,0.5136651215832746,45.48076821833973,45.422099483314206,0.00689775115111857,1
2024-01-12,55.080780029296875,NDAQ,55.158179521974596,54.55831961327126,55.10013082516304,1835000,0.3773307800292969,0.00689775115111857,54.491712717699244,52.914968719482424,50.6398064994812,56.66595298325939,0.820165054543007,52274800.0,0.5315572164274442,-0.14146429834179108,0.6730215147692353,52.82964843194413,54.67925968170166,56.52887093145919,6.765311968466536,0.6085418213280906,49.61121456091459,48.21478773666022,-0.008255780001739765,0
2024-01-16,54.62604522705078,NDAQ,55.477461786140594,54.500270590852544,54.66474681855189,3534500,-0.45473480224609375,-0.008255780001739765,54.50450629001844,53.068647384643555,50.65454053878784,53.127159134096864,0.8313812074533673,48740300.0,0.4822271093706334,-0.1526355243188815,0.6348626336895149,52.855057623895,54.696191215515135,56.53732480713527,6.732218645227636,0.4809503262599679,43.06144268744985,46.05114182223474,-0.006199069964922921,0
2024-01-17,54.28741455078125,NDAQ,54.61637069104304,54.016510796725726,54.16163622606111,2943000,-0.33863067626953125,-0.006199069964922921,54.48383088628156,53.19338821411133,50.66786809921265,50.593320029443404,0.8155350090870593,45797300.0,0.4110694261408554,-0.17903456603892764,0.590103992179783,53.08792761380562,54.762466239929196,56.437004866052774,6.115643582547837,0.3581544546847352,36.177559005965115,42.95007208477654,0.012832018843211168,1
2024-01-18,54.984031677246094,NDAQ,55.042080376102085,54.08423993710768,54.41319609684417,1863700,0.6966171264648438,0.012832018843211168,54.53146905684961,53.325122604370115,50.68162134170532,55.31480519268456,0.8256996826518697,47661000.0,0.4062051496401793,-0.147119074031683,0.5533242236718623,53.24670430153507,54.832611656188966,56.418519010842864,5.784540647444781,0.5477392391846788,35.039940858607345,38.09298085067412,0.0179481597204445,1
2024-01-19,55.97089385986328,NDAQ,56.0966721861739,55.05175505675607,55.177529692279805,2179400,0.9868621826171875,0.0179481597204445,54.6685571333271,53.466764526367186,50.701598739624025,61.00067705637589,0.8461954559572935,49840400.0,0.47648903703913703,-0.061468149306180275,0.5379571863453173,53.32837678661154,54.93371734619141,56.53905790577127,5.8446456461813225,0.8230394035341989,51.041804021939214,40.75310129550391,0.005358756427188638,1
2024-01-22,56.27082824707031,NDAQ,56.55140926068698,55.81609375540102,56.24180389765723,2020900,0.29993438720703125,0.005358756427188638,54.821154382255024,53.60553916931153,50.72164264678955,62.55995732886289,0.8382754594807698,51861300.0,0.5500510761512629,0.009675111844756445,0.5403759643065065,53.54515932294263,55.079329109191896,56.61349889544116,5.570764245177546,0.8883204937803497,73.54129725133326,53.207680710626626,0.0037826434168120038,1
2024-01-23,56.483680725097656,NDAQ,56.90938715702312,56.15472458063216,56.37725319441957,1796000,0.21285247802734375,0.0037826434168120038,54.979490224430506,53.737969970703126,50.743419589996336,63.67007434570486,0.8323031106886403,53657300.0,0.6183964489033826,0.062416387677500906,0.5559800612258817,53.587799392501516,55.19010982513428,56.79242025776704,5.806512933964303,0.903658015830898,86.72188550348959,70.43499559225404,-0.003083165922169284,0
2024-01-24,56.309532165527344,NDAQ,56.948093714494895,56.27083057085362,56.822315377198905,1919300,-0.1741485595703125,-0.003083165922169284,55.10616088548734,53.873085556030276,50.76270156860352,62.04903587358223,0.8212288273281144,51738000.0,0.6510039476021063,0.07601910910097964,0.5749848385011267,53.57128623587582,55.24622573852539,56.92116524117496,6.063543636725106,0.8174163679702818,86.01650501941201,82.09322925807831,0.0029208318073739026,1
2024-01-25,56.474002838134766,NDAQ,56.68685789706461,55.57421115002367,56.5610795721709,1664900,0.16447067260742188,0.0029208318073739026,55.236431547644244,53.998191375732425,50.78529005050659,63.0069603027035,0.8420443930218877,53402900.0,0.6822524524019542,0.08581409112066196,0.5964383612812922,53.5357728156418,55.28202362060547,57.028274425569144,6.317608114160228,0.8412966837699155,84.45213571041661,85.73017541110609,0.004283073840401164,1
2024-01-26,56.715885162353516,NDAQ,56.80296190086899,56.2127755276849,56.503033783261166,1675700,0.24188232421875,0.004283073840401164,55.37733189190227,54.12852043151855,50.80923126220703,64.42897839426116,0.8240545344620455,55078600.0,0.7182553985229703,0.09745362979334238,0.6208017687296279,53.490148869764035,55.312500190734866,57.1348515117057,6.5892928892629765,0.8850478652137768,86.21068569465596,85.55977547482821,-0.006311858388056479,0
2024-01-29,56.35790252685547,NDAQ,56.59978193684197,55.680639440735874,56.42562846638874,2378100,-0.3579826354980469,-0.006311858388056479,55.470719571421625,54.23203025817871,50.82880290985108,60.70948200136664,0.8391396192588737,52700500.0,0.7097205688797814,0.07113504012012273,0.6385855287596587,53.48952814034899,55.31298408508301,57.13644002981703,6.593229329045646,0.7865214388069234,85.93269864701347,85.53184001736203,0.0034333553135579287,1
2024-01-30,56.55139923095703,NDAQ,56.70620188501673,56.193418785466434,56.22244312973187,2504000,0.1934967041015625,0.0034333553135579287,55.57364144375833,54.335362396240235,50.8461413192749,61.98689842961276,0.8158284392796897,55204500.0,0.7103813873625455,0.05743668688230952,0.652944700480236,53.469304995260096,55.32798042297363,57.18665585068717,6.718753923437135,0.8291103948924526,86.1980075172832,86.11379728631756,-0.011633763046717593,0
2024-01-31,55.89349365234375,NDAQ,58.74767138492514,55.64193700294372,56.69653136207423,4305700,-0.6579055786132812,-0.011633763046717593,55.60410355886171,54.42129608154297,50.86210105895996,55.39256504916428,0.9793931494726705,50898800.0,0.6503211119555274,-0.002098870819766896,0.6524199827752943,53.500230855342615,55.37006759643555,57.23990433752848,6.7539622841757305,0.6399657104828994,68.6696201126963,80.26677542566433,-0.011770768837652712,0
2024-02-01,55.2355842590332,NDAQ,55.864472224617785,54.451893612952155,55.67096795130045,2879000,-0.6579093933105469,-0.011770768837652712,55.56900648268756,54.495228118896485,50.87185716629028,49.69874642350912,1.0124079273240223,48019800.0,0.5433714732163679,-0.0872388076471412,0.6306102808635091,53.63409749502465,55.42328109741211,57.21246469979957,6.456433350608696,0.44754679225529315,50.63597630913844,68.50120131303933,-0.007707147058598096,0
2024-02-02,54.80987548828125,NDAQ,55.54518726679036,54.49059289721637,55.0711020017874,2556700,-0.4257087707519531,-0.007707147058598096,55.4967082927441,54.54792495727539,50.880249099731444,46.37686065834553,1.0154212446275914,45463100.0,0.41942707969160864,-0.16894656093752047,0.5883736406291291,53.727461397137965,55.453274154663085,57.179086912188204,6.224385426590705,0.3135954600009759,27.402867555599496,48.90282132581143,-0.01182704996074635,0
2024-02-05,54.16163635253906,NDAQ,54.55831843224106,53.91975694562841,54.41319300256678,2244100,-0.6482391357421875,-0.01182704996074635,55.36955858415315,54.57840560913086,50.87703981399536,41.795674595729544,1.006471051629395,43219000.0,0.26582846903959734,-0.25803613727162544,0.5238646063112228,53.79358332300264,55.46827068328857,57.1429580435745,6.038361534103055,0.10988708646895722,15.848614259949493,31.295819374895828,0.006073679468618032,1
2024-02-06,54.490596771240234,NDAQ,54.62604865921767,53.94878552854334,54.0165151633192,4260500,0.3289604187011719,0.006073679468618032,55.285847935304304,54.60563537597656,50.879631462097166,44.77687157200376,0.9829562001326051,47479500.0,0.1687001497181484,-0.28413156527445954,0.45283171499260794,53.73994829209854,55.449404335021974,57.15886037794541,6.165822927853306,0.21955770148320689,11.200892390722315,18.15079140209045,0.010475916250635375,1
2024-02-07,55.06143569946289,NDAQ,55.206564840108605,54.49060007213036,54.896959451465946,1881400,0.5708389282226562,0.010475916250635375,55.26447534141465,54.641005477905274,50.88278427124023,49.60092994967676,0.9638856193280169,49360900.0,0.13621696333057542,-0.25329180132962603,0.38950876466020146,53.80704306826085,55.47552719116211,57.14401131406336,6.015207812813949,0.3759078716975827,13.49373531042149,13.51441398703112,-0.0026358552101718447,0
2024-02-08,54.91630172729492,NDAQ,55.322661070879114,54.829224988725954,54.85825302877363,1358300,-0.14513397216796875,-0.0026358552101718447,55.23131594959373,54.676556701660154,50.88707448959351,48.442269421183354,0.9302820809583843,48002600.0,0.09763720455391223,-0.23349724808503142,0.33113445263894364,53.79333521329152,55.469238471984866,57.14514173067821,6.042640226761983,0.33503321512691214,18.70416577851535,14.466264493219738,0.008632827263779674,1
2024-02-09,55.390384674072266,NDAQ,55.48713496138035,54.809875568650014,55.03240418208811,1296600,0.47408294677734375,0.008632827263779674,55.24646535192502,54.71310905456543,50.89999322891235,52.357279474141386,0.9122090317992378,49299200.0,0.10411680577319515,-0.18161411749259876,0.2857309232657939,53.864106701955485,55.503585243225096,57.14306378449471,5.907649151258133,0.4654766542216624,24.9165646251631,19.03815523803333,-0.007336164917742138,0
2024-02-12,54.984031677246094,NDAQ,55.51616566455265,54.88727769450768,55.45811327490961,2152700,-0.4063529968261719,-0.007336164917742138,55.221471668622264,54.73922134399414,50.916326122283934,48.92779715003465,0.8919718131025045,47146500.0,0.07559127643153829,-0.16811171746740453,0.24370299389894282,53.85374611843603,55.49874782562256,57.14374953280909,5.92806782724229,0.3435514850447204,24.38214461703448,22.66762500690433,-0.0198840217253905,0
2024-02-13,53.89072799682617,NDAQ,54.41318835693597,53.387618430511544,54.393837563140806,3184500,-1.0933036804199219,-0.0198840217253905,55.09473417607026,54.74076919555664,50.92389627456665,41.12304995378951,0.9422890583619363,43962000.0,-0.03483433247569678,-0.22282986109971167,0.1879955286240149,53.71114008341347,55.46198196411133,57.21282384480919,6.313665032132489,0.05128615993042217,20.63046790447717,23.309725715558272,0.0019749940734605786,1
2024-02-14,53.997161865234375,NDAQ,54.36481591820443,53.561778180625666,54.23904127992955,2661200,0.10643386840820312,0.0019749940734605786,54.99020347980018,54.74328926086426,50.929371166229245,42.09148242994623,0.9323425354488525,46623200.0,-0.11246269943911358,-0.2403665824505028,0.12790388301138922,53.65364027228297,55.447469329833986,57.241298387385,6.47037305482878,0.09575092774458385,14.267479497427766,19.760030672979823,-0.005733791347133699,0
2024-02-15,53.68755340576172,NDAQ,54.48091754483089,53.23281895137326,54.11325982232986,4038800,-0.30960845947265625,-0.005733791347133699,54.86614156798699,54.73325675964355,50.934826698303226,40.02888176649793,0.9548965395923363,42584400.0,-0.1966991295884455,-0.25968241007986775,0.06298328049142228,53.43906108595057,55.38264541625976,57.326229746568956,7.018748619539856,0.06392630253702902,9.66795958157116,14.855302327825385,-0.0012614867126099494,0
2024-02-16,53.61982727050781,NDAQ,53.99716226045516,53.40697589375327,53.648855310218835,2042700,-0.06772613525390625,-0.0012614867126099494,54.74744496822707,54.73169944763183,50.94366979598999,39.57206940018371,0.9288458129573047,40541700.0,-0.2658574018386588,-0.26307254586406487,-0.002784855974593936,53.197595236814784,55.265092086791995,57.332588936769206,7.4821076810304605,0.10211189286641047,8.87838777855349,10.937942285850824,0.0021653207756680004,1
2024-02-20,53.735931396484375,NDAQ,53.79398009362887,53.11672068836346,53.213470977462244,2745300,0.1161041259765625,0.0021653207756680004,54.65111034234681,54.7301513671875,50.956485176086424,40.818945039483786,0.9108753552650266,43287000.0,-0.30774965179338665,-0.24397183665503416,-0.06377781513835248,53.022773647629215,55.1383472442627,57.25392084089618,7.67369245676334,0.1685495011825658,8.753251256912433,9.099866205679048,0.009002486910920426,1
2024-02-21,54.219688415527344,NDAQ,54.23903921085921,53.31989673192291,53.59080048499544,2207000,0.48375701904296875,0.009002486910920426,54.610022539792574,54.76711051940918,50.97062059402466,45.8340084145817,0.9114658640986891,45494000.0,-0.29847379309587296,-0.1877567823660164,-0.11071701072985658,52.968160170196654,55.02514762878418,57.08213508737171,7.476535901237631,0.3042138735717126,19.384952934808823,12.338863990091602,0.009279153157668585,1
2024-02-22,54.722801208496094,NDAQ,54.96468062804972,54.41319584673041,54.43254295240211,2040200,0.50311279296875,0.009279153157668585,54.62076336538338,54.81722778320312,50.98187339782715,50.52931950285469,0.8995748889860954,47534200.0,-0.2476706178328314,-0.10956288568237985,-0.13810773215045155,52.972394197095454,54.945811080932614,56.919227964769775,7.1831386051628545,0.44349651250502764,39.0909590166369,22.40972106945274,0.0015911882773216313,1
2024-02-23,54.80987548828125,NDAQ,55.022726858204294,54.5292944883976,55.003376062613675,1346000,0.08707427978515625,0.0015911882773216313,54.63877404375461,54.86424919128418,50.993561573028565,51.31588370816056,0.8705647090447094,48880200.0,-0.19809900671416614,-0.04799301965097166,-0.15010598706319447,53.017800472670196,54.86260471343994,56.70740895420969,6.725179201408996,0.4857087207429956,58.946918449261716,39.1409434669025,-0.00811994365287494,0
2024-02-26,54.36482238769531,NDAQ,54.7905325703226,54.00684184476661,54.63572987412743,1905300,-0.4450531005859375,-0.00811994365287494,54.6126834098442,54.90333702087403,51.00474422454834,47.18627754209502,0.8657410615068473,46974900.0,-0.19250612275951795,-0.03392010855705879,-0.15858601420245916,53.09864473271509,54.745051574707034,56.39145841669898,6.014815201133575,0.3845275732237326,62.90542824965046,53.64776857184972,0.0032034720489451107,1
2024-02-27,54.538978576660156,NDAQ,54.64540612757484,54.26807476763196,54.451901825074295,1767200,0.17415618896484375,0.0032034720489451107,54.605663901921915,54.90295036315918,51.01374032974243,48.9186102013614,0.8308546542522781,48742100.0,-0.17203763025358398,-0.010761292840899828,-0.16127633741268416,53.182437539902615,54.65410537719727,56.12577321449192,5.385388077026913,0.46088560284474644,60.61838509665807,60.8235772651901,-0.0008871050885544962,0
2024-02-28,54.490596771240234,NDAQ,54.800202141127855,54.37449568022917,54.48092321815062,1920200,-0.048381805419921875,-0.0008871050885544962,54.59470512757128,54.90701400756836,51.02239896774292,48.443225276284124,0.8019154975841646,46821900.0,-0.1579000364974945,0.002701040732151716,-0.16060107722964623,53.364161983136114,54.55106525421142,55.73796852528673,4.351531049097811,0.47452678560890416,56.18293272872345,59.90224869167735,-0.0021307185616628033,0
2024-02-29,54.37449264526367,NDAQ,54.83890067417371,54.258391560732896,54.8292234308371,4017200,-0.1161041259765625,-0.0021307185616628033,54.57373251020865,54.93526557922363,51.030859241485594,47.25641223907926,0.7861007558596395,42804700.0,-0.15428601113688956,0.005052052874205348,-0.1593380640110949,53.45949789861008,54.47511520385742,55.49073250910476,3.728738531150174,0.4504623650690732,56.317272929121486,57.706196918167684,0.005871847285527254,1
2024-03-01,54.69377136230469,NDAQ,54.8389004855592,53.71658016352335,54.46156919404178,3524700,0.3192787170410156,0.005871847285527254,54.585164781836845,54.95751853942871,51.04077262878418,50.824266487083094,0.8101164391579401,46329400.0,-0.12422673735950696,0.02808906132127037,-0.15231579868077733,53.48758592750067,54.44802455902099,55.40846319054132,3.52790992620576,0.6279346723562595,58.4676700304041,56.989291896083024,0.007783496368022558,1
2024-03-04,55.11948013305664,NDAQ,55.27428280502006,54.471241406793894,54.68409646478865,3621800,0.4257087707519531,0.007783496368022558,54.63605195814349,54.980932540893555,51.05582414627075,55.17794642109935,0.8096110790913846,49951200.0,-0.0653006609513227,0.0696121101835637,-0.1349127711348864,53.47079782889102,54.463504791259766,55.45621175362851,3.6454024256186,0.8303972706263802,70.32334783394309,61.702763597822916,-0.0007021130037211387,0
2024-03-05,55.080780029296875,NDAQ,56.56108085058252,55.0517556808911,55.14850596943498,3504600,-0.038700103759765625,-0.0007021130037211387,54.678407012539054,55.015376281738284,51.068819065094,54.703805536049394,0.8595906569913874,46446600.0,-0.021476527758210295,0.09074899470134089,-0.11222552245955118,53.492112627434935,54.50946197509766,55.52681132276038,3.7327440440615365,0.7807875463388136,71.85774302517021,66.88292029650582,0.016862759275234396,1
2024-03-06,56.00959396362305,NDAQ,56.04829555388874,54.90662447655816,55.274282202508715,3833000,0.9288139343261719,0.016862759275234396,54.8051867221661,55.05020683288574,51.085072689056396,62.93568693257154,0.8797392584441872,50279600.0,0.08719678534797737,0.15953784624602285,-0.07234106089804548,53.37630712961421,54.585411834716794,55.79451653981938,4.430138619320928,1.0889407769633246,77.94542773937823,73.3755061994972,0.02142001074879274,1
2024-03-07,57.209320068359375,NDAQ,57.2867195616784,56.26115320778281,56.406278641801094,3979700,1.1997261047363281,0.02142001074879274,55.034151802755936,55.09064895629883,51.10684724807739,70.41479819425864,0.9081239969878421,54259300.0,0.26705064544891144,0.2715133650775655,-0.004462719628654098,53.03525989843964,54.69280605316162,56.350352207883596,6.0612949831494705,1.2591082782306762,79.71835602117555,76.50717559524135,0.014882430446460315,1
2024-03-08,58.060733795166016,NDAQ,58.583194223136545,56.9190663392561,57.373797134753104,4228700,0.8514137268066406,0.014882430446460315,55.322397706794995,55.13670272827149,51.13221004486084,74.36776949092406,0.9621242746230281,58488000.0,0.4728375209376523,0.3818401924530451,0.09099732848460718,52.63481161369607,54.85002765655518,57.06524369941428,8.077356156426157,1.2246936814494374,90.85835150988761,82.84071175681382,0.0003333054538510183,1
2024-03-11,58.08008575439453,NDAQ,58.44774351004496,57.57697611265896,58.138138144482625,2324600,0.019351959228515625,0.0003333054538510183,55.58503466370923,55.17617736816406,51.1627334022522,74.45132718482733,0.9555987833918116,60812600.0,0.630221838698489,0.43137960817110543,0.19884223052738356,52.364761745434905,54.98451271057129,57.60426367570767,9.529050403433732,1.0908143722474188,93.00918285248065,87.86196346118129,-0.004830891856250741,0
2024-03-12,57.79950714111328,NDAQ,58.56384329424308,57.789829897587396,57.99300772218695,3482100,-0.28057861328125,-0.004830891856250741,55.79593680441438,55.20520301818848,51.194433517456055,70.84532844226766,0.9426283986249453,57330500.0,0.7239642855861206,0.42009764404698957,0.303866641539131,52.232422024275664,55.12528648376465,58.01815094325363,10.495598822297211,0.962209808789491,88.26010624162633,90.70921353466487,0.0003360658150446394,1
2024-03-13,57.818931579589844,NDAQ,58.10054969909043,57.43049253859392,57.98401576413411,2169800,0.0194244384765625,0.0003360658150446394,55.988602973478706,55.236552200317384,51.22947919845581,70.95022819010174,0.9231590244729143,59500300.0,0.790708445213177,0.38947344293923675,0.4012350022739402,52.26217467474579,55.32169666290283,58.38121865105987,11.060839318793583,0.9081086729158092,86.21122088486855,89.16016999299187,-0.014276151446939722,0
2024-03-14,56.993499755859375,NDAQ,57.82864110401073,56.55651046364789,57.72182018211752,2097800,-0.8254318237304688,-0.014276151446939722,56.08430742894353,55.27538719177246,51.25542945861817,60.91934971791844,0.9480855684650518,57402500.0,0.7681435422278042,0.29352683196309115,0.4746167102647131,52.392714925054015,55.47151355743408,58.55031218981414,11.100467374816942,0.7471720921300925,78.50905404036003,84.32679372228499,0.016868172586413488,1
2024-03-15,57.95487594604492,NDAQ,58.12967311935874,56.28459349190341,56.28459349190341,3527300,0.9613761901855469,0.016868172586413488,56.262456811524615,55.35105842590332,51.28269933700562,66.80569333816216,1.0121565726786432,60929800.0,0.8184016927557423,0.2750279859928233,0.543373706762919,52.539436061014555,55.68487968444824,58.830323307881926,11.297298804480132,0.8608388089815241,79.57323544060027,81.43117012194297,0.01022127792730676,1
2024-03-18,58.54724884033203,NDAQ,58.955106477358406,58.013147966137424,58.20736377171435,3320600,0.5923728942871094,0.01022127792730676,56.480056052363416,55.43780311584473,51.31102024078369,69.82190711596871,1.0113047125811319,64250400.0,0.8957060393773943,0.28186586609158026,0.6138401732858141,52.70065269178008,55.931250762939456,59.16184883409883,11.552032279242361,0.904878294942732,82.21272355581324,80.09833767892452,0.035992626961110386,1
2024-03-19,60.654518127441406,NDAQ,60.75162973052861,58.47927008029222,58.73175283946121,5250100,2.107269287109375,0.035992626961110386,56.87762386903751,55.57365936279297,51.35140615463257,77.61440512949787,1.1013800652707937,69500500.0,1.1141659003531998,0.40026058165390854,0.7139053186992913,52.60892970331636,56.2771800994873,59.94543049565824,13.036368878775285,1.0966520214273452,92.64102723966614,84.80899541202658,-0.025296194052182197,0
2024-03-20,59.12018966674805,NDAQ,59.741689085913386,57.88690013615426,58.197649845736926,18274300,-1.5343284606933594,-0.025296194052182197,57.091201564057556,55.658704681396486,51.37791009902954,64.54563362732156,1.2203970599862475,51226200.0,1.1502302914287483,0.3490599781835656,0.8011703132451827,52.78244606313963,56.52220516204834,60.26196426095704,13.232884627154485,0.8473465049470464,89.21456641720151,88.02277240422698,0.01576880582614426,1
2024-03-21,60.05244445800781,NDAQ,61.227467139690226,59.19788082386193,59.392100336771776,15426500,0.9322547912597656,0.01576880582614426,57.37322469681472,55.76897399902344,51.41055624008179,68.06423977304648,1.283745660911671,66652700.0,1.2397457345493592,0.3508603370433412,0.888885397506018,52.845757687067135,56.78868732452393,60.73161696198072,13.886320755838485,0.9138746355602003,86.01257635196147,89.28939000294308,-0.0033959904939453445,0
2024-03-22,59.848506927490234,NDAQ,60.479715622059494,59.693132080657804,60.05243571937745,5194900,-0.20393753051757812,-0.0033959904939453445,57.60896586164096,55.86510261535645,51.436880073547364,66.50924070212172,1.2482340809466725,61457800.0,1.2794822390094112,0.31247747320271446,0.9670047658066967,52.993128809773616,57.040618896484375,61.088108983195134,14.19160649030132,0.8468678083023697,79.20068133729784,84.80927470215363,-0.009248688581443454,0
2024-03-25,59.294986724853516,NDAQ,60.033016357554025,59.24642907297835,59.731975956300154,2203000,-0.5535202026367188,-0.009248688581443454,57.76953927718501,55.95693336486816,51.4608185005188,62.34591720093817,1.2152593097773157,59254800.0,1.251878376036899,0.22789888818416193,1.023979487852737,53.321831630287384,57.28712711334229,61.25242259639719,13.843582957859224,0.7531790657331234,76.73969007281795,80.65098258735911,0.019161499823885153,1
2024-03-26,60.43116760253906,NDAQ,61.0332447299974,60.15926252002799,60.36319133191129,4480800,1.1361808776855469,0.019161499823885153,58.02302768912349,56.063941116333005,51.48747596740723,66.92294625854284,1.2526163594463564,63735600.0,1.3066205092380656,0.22611281710826292,1.0805076921298027,53.601419567665154,57.58173656463623,61.56205356160731,13.82492864730858,0.8579402143185052,77.1922524728092,77.71087462764167,0.01237338138887889,1
2024-03-27,61.17890548706055,NDAQ,61.256594764217475,60.343764279766695,60.78075720270286,3036900,0.7477378845214844,0.01237338138887889,58.32358747940321,56.194998321533205,51.517107791900635,69.54653024067996,1.2283459398038152,66772500.0,1.3942679888960967,0.25100823741303513,1.1432597514830616,53.90710168041086,57.916152000427246,61.92520232044363,13.844325569097927,0.9069234888800255,83.94343465854028,79.29179240138916,0.0015873240542290112,1
2024-03-28,61.27601623535156,NDAQ,61.68387755057992,61.00411116148519,61.674164538268236,2791700,0.09711074829101562,0.0015873240542290112,58.60477117044591,56.334770355224606,51.57985313415527,69.88066079441799,1.1891616861817378,69564200.0,1.4547952991596915,0.2492284381413039,1.2055668610183876,54.34392789432686,58.26122817993164,62.178528465536424,13.447365968691042,0.8848043085308783,91.61648682905273,84.25072465346743,-0.012836718101193134,0
2024-04-01,60.48943328857422,NDAQ,61.21775363372807,60.4117440069653,61.149777364534685,2310500,-0.7865829467773438,-0.012836718101193134,58.78426280074384,56.44487838745117,51.63837890625,63.7768074098711,1.1659552963392037,67253700.0,1.4228907596043712,0.1738591188687868,1.2490316407355844,54.882636359736075,58.55101127624512,62.219386192754165,12.530526242156812,0.7642071838957194,89.5870682074724,88.38232989835517,-0.015411798819721989,0
2024-04-02,59.55718231201172,NDAQ,60.02330687410452,59.11047636529764,59.965039914682144,3215900,-0.9322509765625,-0.015411798819721989,58.85787418276935,56.51660415649414,51.69176574707031,57.37976991302209,1.1811696982633018,64037800.0,1.3073114468981615,0.04662384493006155,1.2606876019681,55.44011416082081,58.77289638519287,62.10567860956493,11.341221649276129,0.6176623424542262,76.97842420539779,86.06065974730767,0.004076333935796983,1
2024-04-03,59.799957275390625,NDAQ,60.19810558050803,59.5280484955925,59.625160097102125,2250900,0.24277496337890625,0.004076333935796983,58.947596382066614,56.58718673706055,51.73998533248901,58.54588000800362,1.1446616544527464,66288700.0,1.2212263819204097,-0.03156897603815212,1.2527953579585618,56.11587111452522,59.00885524749756,61.901839380469895,9.80525421426481,0.636727681786534,67.86574096863328,78.14374446050117,-0.008444329620698854,0
2024-04-04,59.294986724853516,NDAQ,60.59625252033312,59.081344910774725,60.20781353190417,2094500,-0.5049705505371094,-0.008444329620698854,58.98068117661774,56.643412857055665,51.79071775436401,55.16496722959358,1.1711077941031498,64194200.0,1.0995811573859342,-0.12257136045810224,1.2221525178440364,56.62779981155551,59.17312488555908,61.718449959562655,8.602976702434539,0.5239383646000773,60.49163636056486,68.44526717819866,0.016049781826545262,1
2024-04-05,60.24665832519531,NDAQ,60.26608064510914,59.15903063659353,59.28527386381902,1929400,0.9516716003417969,0.016049781826545262,59.101250428863224,56.72215538024902,51.84428941726684,59.86854448315308,1.1665322379897545,66123600.0,1.067661053206578,-0.12359317170996675,1.1912542249165448,56.90722124835297,59.32499179840088,61.74276234844879,8.15093429178724,0.6906025629223104,61.003903333319045,63.120426887505744,0.0016118860529465984,1
2024-04-08,60.34376907348633,NDAQ,60.68365413140548,60.07186399069415,60.51856625654671,2451400,0.09711074829101562,0.0016118860529465984,59.21958553787495,56.799550704956054,51.90343231201172,60.32593001176473,1.1269078024698675,68575000.0,1.0382320734060073,-0.12241772120842986,1.1606497946144372,57.05557403336334,59.43914356231689,61.822713091270444,8.020201456821399,0.6897627696991472,60.86988748998848,60.78847572795748,0.02285166906603342,1
2024-04-09,61.72272491455078,NDAQ,62.39277832090066,60.800185038959064,61.88780908684594,4486900,1.3789558410644531,0.02285166906603342,59.45797976422503,56.8996875,51.97431573867798,66.21433557149531,1.1927721913944722,73061900.0,1.113345651215191,-0.03784331471939706,1.151188965934588,57.126830365136094,59.62127552032471,62.11572067551332,8.367634316505912,0.921225816461612,70.66119892554586,64.17832991628448,-0.008653331637437756,0
2024-04-10,61.18861770629883,NDAQ,61.76156318709598,60.42145643222438,61.00411122091388,2676600,-0.5341072082519531,-0.008653331637437756,59.622802425374914,56.996301803588864,52.042096843719484,62.354058738185564,1.2032960887856956,70385300.0,1.1169007778864355,-0.02743055043852216,1.1443313283249577,57.35455777311663,59.790731048583986,62.22690432405134,8.14899979559641,0.7869021411144642,71.1571786398174,67.5627550184506,0.0007936295672585914,1
2024-04-11,61.237178802490234,NDAQ,61.518793200349364,60.5768346958148,61.49937458347274,3722200,0.04856109619140625,0.0007936295672585914,59.776552556528756,57.09001739501953,52.11026470184326,62.56773547962319,1.1846291184820432,74107500.0,1.110831739186736,-0.026799671310577367,1.1376314104973133,57.62520601936229,59.96164340972901,62.298080800095725,7.793106584492388,0.7729658834472394,71.28945408492758,71.0359438834303,-0.02442116746202372,0
2024-04-12,59.741695404052734,NDAQ,61.00411669579658,59.24643545523309,60.87787345529346,4148500,-1.4954833984375,-0.02442116746202372,59.773232827721515,57.16698143005371,52.16994758605957,52.65571090191375,1.2422087062516933,69959000.0,0.9741199222197494,-0.1308091906220512,1.1049291128418006,58.19350498730757,60.09905319213867,62.00460139696977,6.341358486094609,0.4062322886453535,49.56018105293743,64.00227125922748,-0.021619026766423244,0
2024-04-15,58.450138092041016,NDAQ,60.51856905080639,58.26563159225999,60.43117045524084,3248400,-1.2915573120117188,-0.021619026766423244,59.64722380527576,57.231272506713864,52.22432416915893,45.89361981309912,1.3144036171298865,66710600.0,0.7528782296524383,-0.28164070655148987,1.0345189362039282,58.32022374458157,60.123816299438474,61.92740885429538,5.999594389931466,0.03601543683178336,29.838276242277658,50.229303793380915,-0.0026583384418829015,0
2024-04-16,58.29475784301758,NDAQ,58.75117310045484,58.0034304528267,58.605507553145024,2825700,-0.1553802490234375,-0.0026583384418829015,59.51841752315593,57.30097015380859,52.27662841796875,45.142536168792454,1.2739278335940478,63884900.0,0.5585659067257254,-0.3807624235825623,0.9393283303082877,58.26070895752191,60.111191749572754,61.961674541623594,6.1568660949530845,0.00920000057334475,10.34974454853295,29.916067281249365,-0.0003331452860924067,0
2024-04-17,58.27533721923828,NDAQ,58.96481663155343,58.17822932115782,58.925971990549705,2818300,-0.019420623779296875,-0.0003331452860924067,59.40002892278282,57.38324417114258,52.328835563659666,45.0433117986035,1.2391177962227309,61066600.0,0.3984122602939024,-0.43273285601150824,0.8311451163054107,57.99655908193148,59.992232704162596,61.98790632639371,6.6531066849013785,0.06984562360330594,5.76746655735294,15.3184957827212,0.000999899846365615,1
2024-04-18,58.3336067199707,NDAQ,58.75117736786522,58.15880953227397,58.68320109536416,2349200,0.058269500732421875,0.000999899846365615,59.298464903467384,57.460104370117186,52.382053718566894,45.43087469600868,1.1929213704633392,63415800.0,0.2730437252813047,-0.4464811128192847,0.7195248381005894,57.861338999270195,59.95290355682373,62.04446811437726,6.97735867144828,0.11289819360223605,6.784686097637341,7.633965734507762,0.0046611894410111265,1
2024-04-19,58.60551071166992,NDAQ,58.81915253805748,58.217075405290394,58.78030789609084,3084800,0.27190399169921875,0.0046611894410111265,59.23246926615334,57.53098587036133,52.43557590484619,47.298557469549166,1.1507182106278926,66500600.0,0.1933992516003613,-0.42090046920018254,0.6142997208005438,57.70919371623564,59.88055686950683,62.05192002277803,7.252314496684063,0.20639499986079407,9.144587674457085,7.232246776482474,0.014084542796520827,1
2024-04-22,59.43094253540039,NDAQ,59.5474727565809,58.78030774958223,59.052216538242014,2116500,0.8254318237304688,0.014084542796520827,59.251371482272106,57.62127868652344,52.49768718719483,52.60209422081177,1.1358070559338276,68617100.0,0.19464216839750037,-0.3357260419224348,0.5303682103199352,57.67947234927422,59.85967864990234,62.039884950530464,7.284390260025823,0.4016753335731504,17.92041915630002,11.2832309761315,-0.0017974301428194117,0
2024-04-23,59.324119567871094,NDAQ,59.731977180091825,59.188167030464186,59.30469724760885,2279900,-0.10682296752929688,-0.0017974301428194117,59.25829987137677,57.699953384399414,52.55936029434204,51.87453985610126,1.0935215626262427,66337200.0,0.18487632895249106,-0.2763935050939553,0.4612698340464464,57.682401637358524,59.86113529205322,62.039868946747916,7.279292796787069,0.3767596665556218,25.442514903179354,17.502507244645503,0.006711459025524391,1
2024-04-24,59.72227096557617,NDAQ,59.79024723780056,58.85799804349843,58.964818958259315,2893600,0.3981513977050781,0.006711459025524391,59.30248759463386,57.794718170166014,52.62240045547485,54.40581946000038,1.082002107745949,69230800.0,0.20687954254950824,-0.20351223319755052,0.41039177574705876,57.66219230053072,59.82569046020508,61.98918861987944,7.232672596109792,0.4760990102611238,33.92335144558113,25.76209516835352,-0.01967477301593945,0
2024-04-25,58.54724884033203,NDAQ,58.63464743461326,56.42055094763181,57.49846570895728,7780900,-1.1750221252441406,-0.01967477301593945,59.23056009422416,57.88784858703613,52.67663887023926,46.613612645689294,1.2405533870458356,61449900.0,0.12802696722798146,-0.22589184681526187,0.3539188140432433,57.555857751648645,59.694107627868654,61.83235750408866,7.164023255192277,0.2318230202440054,34.95255271302632,31.439473020595624,-0.0028197508309003583,0
2024-04-26,58.38216018676758,NDAQ,58.877420115942485,57.69268445458892,57.916035591586414,4792100,-0.16508865356445312,-0.0028197508309003583,59.14976010303781,57.975548553466794,52.72866048812866,45.624893725033495,1.2365664066392448,56657800.0,0.05161942197973701,-0.24183951365080503,0.29345893563054204,57.46803961803157,59.549414825439456,61.630790032847344,6.990413637175578,0.21959533424885017,35.87155857317475,34.915820910594086,-0.0006652277465767353,0
2024-04-29,58.34332275390625,NDAQ,59.110484112489225,58.013150682763616,58.265633464494236,3650900,-0.038837432861328125,-0.0006652277465767353,59.07295654597766,58.06866394042969,52.77487449645996,45.38102709519732,1.2266211940025564,53006900.0,-0.011930437710589104,-0.24431149867290491,0.2323810609623158,57.34442735795853,59.44210929870606,61.539791239453585,7.057898737093403,0.23809505543813633,34.8184849132505,35.21419873315054,-0.0038282759544177036,0
2024-04-30,58.11996841430664,NDAQ,58.401586534277975,57.93546190696124,58.21708002693257,3704100,-0.22335433959960938,-0.0038282759544177036,58.9821957715328,58.15866676330566,52.82265850067139,43.92687646407844,1.1723000106678552,49302800.0,-0.07940169461311086,-0.24942620446034136,0.1700245098472305,57.19617946264277,59.3702486038208,61.54431774499883,7.323766338543232,0.2124562034773451,34.05968665053308,34.91657671231946,0.0005011879585457013,1
2024-05-01,58.14909744262695,NDAQ,58.76088386587562,57.82863471236721,58.158806750621714,2785700,0.0291290283203125,0.0005011879585457013,58.90285307354177,58.24693008422852,52.86919677734375,44.17809749608406,1.155153520870752,52088500.0,-0.12903524468939054,-0.23924780362929685,0.11021255893990631,57.06045722640235,59.28770561218262,61.51495399796289,7.513356648844948,0.24439129088047837,35.68178920724797,34.85332025701053,0.003173037681724944,1
2024-05-02,58.3336067199707,NDAQ,58.46955926497282,57.66355330341925,58.421005313819066,3401700,0.18450927734375,0.003173037681724944,58.84863913510643,58.32920845031738,52.914354667663574,45.83351962654988,1.1302144094909536,55490200.0,-0.15173275331216018,-0.20955624980165322,0.05782349648949302,56.9739263054062,59.23963661193848,61.50534691847076,7.649305215608537,0.30005610396095245,39.24256392238846,36.328013260056515,0.013317656090958474,1
2024-05-03,59.1104736328125,NDAQ,59.39209170035926,57.974295759813494,58.790014631875046,2889100,0.7768669128417969,0.013317656090958474,58.87357575393558,58.41696189880371,52.967954788208004,52.25382661137506,1.1507559474234403,58379300.0,-0.10581426413394013,-0.13091020849874652,0.025095944364806392,56.96448292583852,59.182827377319335,61.40117182880015,7.49658152469733,0.48369194999033266,54.74038348750427,43.221578872380256,0.011992806149105917,1
2024-05-06,59.819374084472656,NDAQ,59.89706336333382,58.90654728442625,59.27556395015936,2915900,0.7089004516601562,0.011992806149105917,58.9636517854153,58.51715187072754,53.0290336227417,57.23505450652518,1.1393102425294497,61295200.0,-0.01208191590878016,-0.029742288218869244,0.017660372310089083,56.98180110266499,59.15660762786865,61.331414153072316,7.352708724896908,0.6523736592021532,74.75821032288269,56.24705257759183,-0.011363542157564854,0
2024-05-07,59.13961410522461,NDAQ,60.42145762928012,59.05221551474679,60.26608276892276,2584400,-0.6797599792480469,-0.011363542157564854,58.98041010158762,58.612647705078125,53.0814361000061,51.66858966596943,1.1557339476725839,58710800.0,0.007266927414896429,-0.008314755916154125,0.015581683331050554,57.19821044735135,59.027452087402345,60.85669372745334,6.197935283882573,0.5306580648959909,81.85111414130655,70.44990265056452,-0.01625610886084361,0
2024-05-08,58.1782341003418,NDAQ,58.731757314614335,57.644133208166615,58.51811547597259,2585400,-0.9613800048828125,-0.01625610886084361,58.90401238718326,58.685432815551756,53.127400436401366,45.00240593975666,1.180001586914399,56125400.0,-0.054347818831168127,-0.055943601729774944,0.0015957828986068179,57.30670752372932,58.87693290710449,60.447158290479656,5.333923850458225,0.27751639536585065,69.88620158531698,75.49850868316877,0.004506698708123924,1
2024-05-09,58.440425872802734,NDAQ,58.595800734466586,58.081122199785504,58.16852079099822,1916600,0.2621917724609375,0.004506698708123924,58.859861290575594,58.76442939758301,53.17457973480224,47.0103445241336,1.1324785117548763,58042000.0,-0.08108654906888546,-0.06614586557399382,-0.01494068349489164,57.591955519819685,58.737095260620116,59.88223500142055,3.8992045341002153,0.37046585790044495,54.12624147815419,68.62118573492593,0.007976144869187962,1
2024-05-10,58.90655517578125,NDAQ,58.955109129359606,58.33360963292661,58.52782915166922,1761800,0.4661293029785156,0.007976144869187962,58.864308327261845,58.85507064819336,53.22480936050415,50.47234057414096,1.0959800106604562,59803800.0,-0.06392752951245484,-0.03918947681405056,-0.024738052698404282,57.642594464193294,58.69533824920654,59.74808203421979,3.587146156458106,0.6003173467189117,52.18452386272489,58.73232230873203,-0.0006594353063075209,0
2024-05-13,58.86771011352539,NDAQ,59.96504723787155,58.79002452923699,59.13961891960774,1866700,-0.038845062255859375,-0.0006594353063075209,58.86463230690599,58.93854942321777,53.27796331405639,50.17812611615094,1.1016259176586067,57937100.0,-0.05285408577199746,-0.02249282645887454,-0.03036125931312292,57.667196544729094,58.71621685028076,59.76523715583242,3.5731876535115985,0.5722070213716995,57.928855235962025,54.746540192280385,-0.003464141649683894,0
2024-05-14,58.66378402709961,NDAQ,59.2367295926483,58.45014217757758,59.06193238929925,1591800,-0.20392608642578125,-0.003464141649683894,58.845503899305385,59.009435501098636,53.32904211044311,48.57722354975507,1.0791231674737576,56345300.0,-0.059843593031843056,-0.02358586697497611,-0.036257726056866946,57.70311297460961,58.73466815948486,59.766223344360114,3.5125938979487352,0.46564210358080615,59.789751378340554,56.63437682567584,0.01556017777969676,1
2024-05-15,59.576602935791016,NDAQ,59.80966707690866,58.72204306202698,58.72204306202698,2955400,0.9128189086914062,0.01556017777969676,58.91513237897068,59.099351959228514,53.38468500137329,55.43168315629399,1.083891730497707,59300700.0,0.008179738361405953,0.03554997153461832,-0.027370233173212365,57.72886869697851,58.7997314453125,59.8705941936465,3.642406936262845,0.8627315880056239,62.27116636906311,59.996590994455254,0.014343964318829228,1
2024-05-16,60.43116760253906,NDAQ,60.90700520136235,59.57660400895279,59.57660400895279,3794700,0.8545646667480469,0.014343964318829228,59.059516685977194,59.18778343200684,53.44580020904541,60.71159944121022,1.101499625860109,63095400.0,0.12955155559399856,0.12553743101376874,0.0040141245802298164,57.643018531834265,58.904609489440915,60.166200447047565,4.283505038201804,1.1050131002817916,70.35499553115774,64.13863775952048,0.008516779924942153,1
2024-05-17,60.94584655761719,NDAQ,60.974981891250074,60.042732712434386,60.450590339005394,2359600,0.514678955078125,0.008516779924942153,59.23916714994291,59.262513961791996,53.51222358703613,63.51503692858953,1.0894103082140791,65455000.0,0.2642240748497713,0.20816796021563316,0.056056114634138114,57.48791256545249,59.02162628173828,60.55533999802407,5.197124555547297,1.1273075136013044,84.70738552505861,72.4445158084265,-0.004939415099143862,0
2024-05-20,60.64480972290039,NDAQ,61.08180268223144,60.49914416831373,60.90700549849902,1639000,-0.3010368347167969,-0.004939415099143862,59.373037871176955,59.31419548034668,53.57853305816651,60.78306017024542,1.0532137514786246,63816000.0,0.34271129742489137,0.2293241462326026,0.11338715119228876,57.39976801763647,59.08231964111328,60.76487126459009,5.695618024807489,0.9643215875178894,90.60999818655792,81.89079308092477,-0.00016021212664263373,0
2024-05-21,60.635093688964844,NDAQ,61.04295499882761,60.392320246369714,60.644806701148745,1665000,-0.009716033935546875,-0.00016021212664263373,59.49323366334723,59.36529563903809,53.64445810317993,60.692322365330284,1.02445810869143,62151000.0,0.3995235255395997,0.22890909947784874,0.17061442606175095,57.33559865365574,59.14786834716797,60.96013804068021,6.127929016393732,0.9103211975350598,91.13962072834862,88.8190014799884,0.00016023779868112875,1
2024-05-22,60.64480972290039,NDAQ,60.897292485831144,60.3923232555407,60.60596508108676,1383300,0.009716033935546875,0.00016023779868112875,59.60290757378087,59.42220169067383,53.70779296875,60.75541376258189,0.9873517602342166,63534300.0,0.44025662405692856,0.21571375839614207,0.2245428656607865,57.281408113869325,59.19399528503418,61.10658245619903,6.462098602925032,0.8792806047586847,87.19389282096921,89.64783724529194,-0.014891864991813608,0
2024-05-23,59.741695404052734,NDAQ,60.78076554993976,59.683428438183036,60.63509998748006,1586600,-0.9031143188476562,-0.014891864991813608,59.616125462378186,59.46065696716309,53.76642034530639,52.3451836927131,0.9952078567715384,61947700.0,0.39510954333984927,0.13645334214325022,0.25865620119659904,57.35107167855551,59.25371761322022,61.15636354788492,6.422030587462081,0.6282366261483409,78.43685237383762,85.59012197438517,0.011540887713734849,1
2024-05-24,60.43116760253906,NDAQ,60.69336337685856,59.858222104084355,59.858222104084355,1002400,0.6894721984863281,0.011540887713734849,59.69374852334589,59.52941032409668,53.82648000717163,57.21460300495058,0.9920978650597015,62950100.0,0.4102358572630962,0.1212637248531977,0.2889721324098985,57.43173755794873,59.35616798400879,61.280598410068855,6.484348607472524,0.7793033211211344,76.4594847806248,80.69674332514388,-0.03262087047904294,0
2024-05-28,58.4598503112793,NDAQ,60.256372445873595,58.323897765452145,60.256372445873595,1959500,-1.9713172912597656,-0.03262087047904294,59.576234407910974,59.539509811401366,53.87164545059204,43.5215765088372,1.0717530059187883,60990600.0,0.2601558251963354,-0.02305304577085049,0.2832088709671859,57.449194670302134,59.36199436187744,61.27479405345275,6.444526374618295,0.26418229923093134,55.27304410130884,70.05646041859043,-0.005813937175050854,0
2024-05-29,58.11996841430664,NDAQ,58.31418793512926,57.68297912299231,57.98401586105958,2031100,-0.33988189697265625,-0.005813937175050854,59.43754240852008,59.53096420288086,53.91775022506714,41.66987515322005,1.0506900189450883,58959500.0,0.11249392994169227,-0.13657195282039492,0.2490658827620872,57.449194670302134,59.36199436187744,61.27479405345275,6.444526374618295,0.17533820895069335,39.219741433219916,56.9840901050512,-0.013366806247994467,0
2024-05-30,57.34309005737305,NDAQ,58.41129549557802,57.139161241649646,58.26562993895903,2698000,-0.7768783569335938,-0.013366806247994467,59.238070756029884,59.46473564147949,53.95939485549927,37.71947048605804,1.066507464301037,56261500.0,-0.06645077350255946,-0.2524133250117173,0.18596255150915786,57.27883391129651,59.32169399261475,61.364554073932986,6.88739630925767,0.015727006138147738,13.919415917909328,36.13740048414604,-0.00033867417608413053,0
2024-05-31,57.32366943359375,NDAQ,57.974304246814334,56.83812250305834,57.52760195978474,6568600,-0.019420623779296875,-0.00033867417608413053,59.055746820559776,59.42880523681641,54.003389282226564,37.62344802858481,1.07148419854782,49692900.0,-0.20744156500962418,-0.3147232932150256,0.10728172820540144,57.08802633455634,59.271197128295896,61.45436792203545,7.366717392307628,0.05396808616924042,9.823704369704734,20.98762057361134,-0.004912738729395794,0
2024-06-03,57.04205322265625,NDAQ,57.61499873071931,56.61476956648307,57.585863396798146,2599100,-0.2816162109375,-0.004912738729395794,58.8639664779023,59.368597412109374,54.044632244110105,36.184933771890144,1.06639455323985,47093800.0,-0.33800554025366125,-0.35622981476725013,0.018224274513588892,56.77777585952118,59.167776107788086,61.557776356054994,8.078722593571737,0.055288145540300884,8.726435151084166,10.823185146232758,0.011746624408689676,1
2024-06-04,57.71210479736328,NDAQ,57.77037175892436,57.04205140934071,57.04205140934071,2495400,0.6700515747070312,0.011746624408689676,58.75426536547001,59.32586936950683,54.08529127120972,41.879016772417756,1.0422463958358361,49589200.0,-0.3829959303941024,-0.320976163926153,-0.06201976646794938,56.6115811199723,59.062412643432616,61.51324416689293,8.299124311958948,0.22452046720803515,15.19070205139888,11.246947190729275,0.004711451910326181,1
2024-06-05,57.984012603759766,NDAQ,58.149100483735275,57.139161995735186,57.89661400952074,1627900,0.2719078063964844,0.004711451910326181,58.680907959592844,59.29964988708496,54.126686115264896,44.06033272474799,1.0399386881332826,51217100.0,-0.39218953434836124,-0.2641358143043295,-0.12805372004403176,56.50971406787531,59.004632568359376,61.499551068843445,8.456686846049246,0.2954602596434336,21.594212902577905,15.17045003502033,-0.0075364991199764475,0
2024-06-06,57.54701614379883,NDAQ,58.06169836952804,57.459617554858305,57.848056551133695,1779200,-0.4369964599609375,-0.0075364991199764475,58.57291826285056,59.24196685791016,54.16594394683838,41.37287146374337,1.0086631257430292,49437900.0,-0.4297832204706751,-0.24138360034131465,-0.18839962012936043,56.421802142314476,58.97307167053223,61.52434119874998,8.652320308058753,0.2205204093568264,25.362283775408084,20.71573290979497,-0.008099840874794206,0
2024-06-07,57.080894470214844,NDAQ,57.624708351736366,56.906097283455395,57.226560027324055,2821300,-0.4661216735839844,-0.008099840874794206,58.43082075879002,59.16000663757324,54.202055587768555,38.66388991191009,0.9879451216385965,46616600.0,-0.4915226440094429,-0.24249841910406597,-0.24902422490537693,56.231180825116766,58.90509510040283,61.5790093756889,9.078719831377642,0.15888947019574362,20.652145369649627,22.536214015878553,0.008846644221699673,1
2024-06-10,57.58586883544922,NDAQ,57.906331607844955,56.59535259044786,56.789572115739574,1909100,0.504974365234375,0.008846644221699673,58.350349147043275,59.08620368957519,54.23738161087036,43.01691396981448,1.0110189713356321,48525700.0,-0.4940097342389649,-0.19598840746687035,-0.29802132677209453,56.1040202738603,58.83906078338623,61.57410129291216,9.296683098307359,0.2709006605985829,17.858349052566577,21.290926065874775,-0.0047218462895946,0
2024-06-11,57.31395721435547,NDAQ,57.44990975529265,56.93523122047935,57.265403264653465,1620100,-0.27191162109375,-0.0047218462895946,58.251645153453964,59.02269416809082,54.27288335800171,41.316549569853294,0.9852774458809346,46905600.0,-0.5120195241728211,-0.17119855792058125,-0.3408209662522399,55.946887549468066,58.761373138427736,61.575858727387406,9.579373110731824,0.24286314882015766,16.46992227024124,18.326805564152494,0.008979993357520533,1
2024-06-12,57.828636169433594,NDAQ,58.06170031589747,57.42077854365799,57.9645887113588,2324800,0.514678955078125,0.008979993357520533,58.211358583547266,58.98812324523926,54.30903942108154,45.69234609693589,0.9683107069995821,49230400.0,-0.47923776745753344,-0.11073344096423482,-0.3685043264932986,55.87594745709099,58.71961574554443,61.563284033997874,9.685582074570089,0.3433397489206793,22.81374159151947,19.04733763810911,-0.00587739776495555,0
2024-06-13,57.48875427246094,NDAQ,57.97430117728843,57.28482546149633,57.83834863664536,2195300,-0.33988189697265625,-0.00587739776495555,58.14253912534857,58.94189918518067,54.34138502120972,43.391324518256226,0.9483939219133334,47035100.0,-0.4752057416703508,-0.0853611321416417,-0.3898446095287091,55.751837763996264,58.61522331237793,61.47860886075959,9.770108809862698,0.3032977011157908,22.657098577209194,20.646920812989986,-0.006105771259717452,0
2024-06-14,57.13774108886719,NDAQ,57.430258104968786,56.98173374938358,57.30350097929198,2475800,-0.35101318359375,-0.006105771259717452,58.046844074255105,58.898754272460934,54.37115995407105,41.08992177523009,0.9168672505679066,44559300.0,-0.4946323487429112,-0.0838301913713616,-0.41080215737154957,55.645633052422674,58.450551986694336,61.255470920966,9.597578941290998,0.265980598977981,22.027441943276685,22.499427370668467,0.000511873297372123,1
2024-06-17,57.166988372802734,NDAQ,57.60576012641101,56.82571980021499,56.99147967135942,1742000,0.029247283935546875,0.000511873297372123,57.963048293164405,58.83716087341308,54.404343585968014,41.36896026416625,0.9070938988270578,46301300.0,-0.501882672389037,-0.07286441201398997,-0.4290182603750471,55.6522067230682,58.26160907745361,60.87101143183903,8.957536174177575,0.29025451885347686,22.698274259379303,22.460938259955075,0.006140271212105253,1
2024-06-18,57.518009185791016,NDAQ,57.781268534056046,56.874478482181495,57.1182401686928,1795300,0.35102081298828125,0.006140271212105253,57.9206636162717,58.78064567565918,54.44014591217041,44.75138335281875,0.9070721954733074,48096600.0,-0.47384200443876523,-0.03585899525097447,-0.43798300918779076,55.72076261790227,58.105269050598146,60.489775483294025,8.207539425106,0.37685924081505096,32.367546433318324,25.69775421199145,0.004068510142690718,1
2024-06-20,57.75202178955078,NDAQ,57.82027476831144,56.89397956004885,57.62526466349168,2418600,0.23401260375976562,0.004068510142690718,57.90460248991733,58.70123161315918,54.47970916748047,46.948674656291274,0.9084452678153994,50515200.0,-0.42780523916995605,0.008142216014267789,-0.43594745518422384,55.876000572196276,57.96111545562744,60.04623033905861,7.194874933100424,0.4498603967248589,52.24374138162255,35.7698540247734,0.017220889198251932,1
2024-06-21,58.74656295776367,NDAQ,58.82456847817514,57.293741755917644,57.72276467916482,3093500,0.9945411682128906,0.017220889198251932,57.98478920114079,58.652390518188476,54.53014638900757,55.11832524407416,0.9529010859898348,53608700.0,-0.3075246576441302,0.10273823803207494,-0.4102628956762051,56.135708031860005,57.8662031173706,59.5966982028812,5.981021709686452,0.7543664664997624,73.91775244567246,52.843013420204464,-0.0024896008515291612,0
2024-06-24,58.60030746459961,NDAQ,59.575354202576364,58.58080980300723,58.77581617499608,2084300,-0.1462554931640625,-0.0024896008515291612,58.043409988136865,58.59965309143067,54.575678215026855,53.8060867996102,0.9558756083883563,51524400.0,-0.22145028516098364,0.1510500884121772,-0.37250037357316085,56.26450653180638,57.80913372039795,59.35376090898952,5.343886300259668,0.7561050815514486,79.40830239416125,68.52326540715211,-0.0031613649488055895,0
2024-06-25,58.4150505065918,NDAQ,58.66856102441309,58.19079020095922,58.580810387846924,1328800,-0.1852569580078125,-0.0031613649488055895,58.078804323227814,58.573120193481444,54.61989995956421,52.1136394272017,0.9217252666073213,50195600.0,-0.16626778160174638,0.16498607357713158,-0.33125385517887795,56.68674058845306,57.70832786560059,58.72991514274811,3.540519418711086,0.8458944021721374,74.94824937778456,76.09143473920611,-0.0025037296363812356,0
2024-06-26,58.268795013427734,NDAQ,58.610063624441715,57.9567803356202,58.01528448252475,1420400,-0.1462554931640625,-0.0025037296363812356,58.09689867467542,58.56949333190918,54.66449394226074,50.756276872310444,0.9025508396226207,48775200.0,-0.13280594172539395,0.15875833076278723,-0.2915642724881812,56.70220948267363,57.698775100708005,58.69534071874238,3.4543735678788985,0.7859921626857028,61.49991318683076,71.95215498625888,0.007028104759370324,1
2024-06-27,58.678314208984375,NDAQ,59.058581849580165,57.986031903309566,58.23954242387069,1973100,0.4095191955566406,0.007028104759370324,58.15227158270485,58.57716445922851,54.71142335891724,54.34224001503981,0.9146936329546191,50748300.0,-0.07240774455021892,0.1753252223503698,-0.2477329669005887,56.65597107178404,57.7266923904419,58.79741370909976,3.709622964073184,0.9443835206976767,62.37247137681384,66.27354464714307,0.0013293314700502101,1
2024-06-28,58.756317138671875,NDAQ,59.058582978530055,58.21029332410003,58.91232447419358,4045700,0.0780029296875,0.0013293314700502101,58.209799730892186,58.58678405761719,54.75826303482056,55.014212670823134,0.9099504916314339,54794000.0,-0.01803960428633644,0.18375469009140183,-0.20179429437773827,56.653208950854555,57.797353744506836,58.94149853815912,3.959159786830283,0.9190743162427393,66.18976944684546,63.35405133683005,-0.012943970037297525,0
2024-07-01,57.99577713012695,NDAQ,59.05857817935028,57.976275749832915,58.873320645818865,2074000,-0.7605400085449219,-0.012943970037297525,58.1894166260574,58.580027465820315,54.80307514190674,47.650449154485045,0.9222613443375717,52720000.0,-0.035907761692442364,0.13270922614823674,-0.1686169878406791,56.70510433230353,57.83095912933349,58.95681392636346,3.893605826291408,0.5731968284135104,61.65558306694311,63.40594129686749,0.008070053465559557,1
2024-07-02,58.46380615234375,NDAQ,58.83432498361781,58.06403710685357,58.200543065873376,1842100,0.4680290222167969,0.008070053465559557,58.21554896189419,58.57719337463379,54.847384490966796,51.915871884447796,0.9162818092770922,54562100.0,-0.012162176558078386,0.1251638490260806,-0.137326025584159,56.805251546500585,57.90204677581787,58.99884200513516,3.7884506347894806,0.7560912746108274,58.214480899653246,62.01994447114729,0.0030019047450022818,1
2024-07-03,58.63930892944336,NDAQ,59.08782952630749,58.580808506944244,58.64906147953191,1162100,0.17550277709960938,0.0030019047450022818,58.25590705404173,58.56136070251465,54.89594429016113,53.447618448976606,0.8954062067547098,55724200.0,0.02058073619681977,0.12632540942478301,-0.10574467322796324,56.810049303295685,57.94840698242187,59.08676466154806,3.9288661704591736,0.8034643503050066,56.02845245292693,58.63283880650778,0.003990712169567701,1
2024-07-05,58.873321533203125,NDAQ,58.94157450550704,58.45405114933165,58.619807305067425,825800,0.23401260375976562,0.003990712169567701,58.31470843300948,58.55234474182129,54.94446952819824,55.48391968933479,0.8662717174276159,56550000.0,0.0646671492113029,0.13632945795141294,-0.07166230874011002,56.78506891213278,57.992872428894046,59.20067594565531,4.165351589515327,0.8644835820109257,66.66676861503852,60.303233989206255,0.000993631428377384,1
2024-07-08,58.931819915771484,NDAQ,59.34134145492905,58.766063765772685,58.892820875453346,1097700,0.058498382568359375,0.000993631428377384,58.37348095517729,58.53653572082519,54.99372095108032,56.00202978674604,0.8454864296939552,57647700.0,0.1031373762598804,0.13983974799999233,-0.03670237174011194,56.80665276888616,58.06211261749267,59.317572466099186,4.324540709971598,0.8463700170276793,72.34041699808425,65.01187935534993,0.006121904845499904,1
2024-07-09,59.29259490966797,NDAQ,59.507102667946235,58.95132631141599,59.185339170774725,1502500,0.3607749938964844,0.006121904845499904,58.46101561750974,58.55144264221192,55.04651092529297,59.15905583804609,0.826186167014012,59150200.0,0.16088228441492447,0.15806772492402912,0.0028145594908953395,56.89304035453071,58.17269763946533,59.452354924399955,4.399511581414031,0.9375770307359487,80.19820529121655,73.0684636347798,0.013484483695054283,1
2024-07-10,60.092124938964844,NDAQ,60.12137514766648,59.25358424077932,59.477844519676516,1631700,0.799530029296875,0.013484483695054283,58.61635936241022,58.58564193725586,55.11163461685181,65.13044017534187,0.8291579341478083,60781900.0,0.26807077850407524,0.2122049752105439,0.05586580329353132,56.800453703515636,58.298010444641115,59.79556718576659,5.137591247809512,1.0990138620642094,88.4067203026597,80.3151141973202,0.009248901305736856,1
2024-07-11,60.647911071777344,NDAQ,61.14518329801067,60.452900969908235,60.65765990309205,2502900,0.5557861328125,0.009248901305736856,58.80984047758805,58.63173370361328,55.18035631179809,68.57055953026126,0.8451508216405239,63284800.0,0.3933316459663274,0.2699726741382369,0.12335897182809055,56.72050111163136,58.464708137512204,60.20891516339305,5.966700532493471,1.1258439800638327,91.90439726894611,86.83644095427412,0.008038501276159238,1
2024-07-12,61.13542938232422,NDAQ,61.54494721463402,60.589401886403145,60.85266494410573,2121700,0.487518310546875,0.008038501276159238,59.031325135181966,58.692042922973634,55.25166017532349,71.24993617417186,0.8530361435398348,65406500.0,0.5258784398796195,0.3220155744412231,0.20386286543839635,56.56158406403257,58.63004779815674,60.698511532280904,7.05598515370542,1.1056140948558415,91.58978432550855,90.6336339657048,0.004784639435487348,1
2024-07-15,61.427940368652344,NDAQ,61.63269927719929,61.03792021184187,61.23293029024711,2339700,0.292510986328125,0.004784639435487348,59.25957420503629,58.75761978149414,55.32760683059692,72.7509490987601,0.8345892093839482,67746200.0,0.6470669361298249,0.3545632565531428,0.2925036795766821,56.49709278410596,58.827007102966306,61.15692142182665,7.921240374449927,1.0581607110252573,90.03512828262244,91.17643662569238,0.004761855673047988,1
2024-07-16,61.72045135498047,NDAQ,62.02271715135955,61.56444404189946,61.62294817912024,1829300,0.292510986328125,0.004761855673047988,59.49394345741192,58.82535667419434,55.40332954406738,74.20147402043688,0.8174597503356096,69575500.0,0.7579754157351672,0.37237738892678807,0.3855980268083792,56.54175036484743,59.05614261627197,61.57053486769651,8.515260699508467,1.0298116746102413,91.86087084360558,91.16192781724554,0.0030017344013584246,1
2024-07-17,61.90571975708008,NDAQ,62.01297177512911,61.30118809439555,61.379193619712844,2728900,0.18526840209960938,0.0030017344013584246,59.7236364383327,58.881261596679686,55.477135734558104,75.10537982673826,0.809911459649749,72304400.0,0.8510108729639896,0.3723302769244883,0.4786805960395013,56.64584480450253,59.29307918548584,61.94031356646914,8.929319972410251,0.9934660471249592,94.70141902994739,92.1991393853918,-0.015908036208299725,0
2024-07-18,60.920921325683594,NDAQ,61.92521830165712,60.852668349812085,61.85696532578561,1895100,-0.9847984313964844,-0.015908036208299725,59.83766357046136,58.90329254150391,55.54760799407959,62.55827024953772,0.8286713519494122,70409300.0,0.8356443520721726,0.28557100482613706,0.5500733472460355,56.857106786046536,59.46322479248047,62.0693427989144,8.765478211210276,0.7796681749645248,87.48192500507685,91.34807162620996,0.0004800860410365537,1
2024-07-19,60.95016860961914,NDAQ,61.447444517940596,60.657655338581364,61.40844175660008,1506200,0.029247283935546875,0.0004800860410365537,59.94361643133353,58.9395036315918,55.619045658111574,62.75726293429215,0.8258940539072566,71915500.0,0.816415159185155,0.21307344955129548,0.6033417096338595,57.06459214508224,59.623132133483885,62.18167212188553,8.582373642074373,0.7593347147496161,81.12463492134623,87.76932631879016,0.008318645694213922,1
2024-07-22,61.457191467285156,NDAQ,61.67170292858364,60.998922053840126,61.525444437787776,1833200,0.5070228576660156,0.008318645694213922,60.0877664347575,59.005082778930664,55.69865612030029,66.11900257317494,0.8184397871256313,73748700.0,0.832491943612439,0.18332018718286358,0.6491717564295754,57.114475247379225,59.75866355895996,62.402851870540694,8.849556379291805,0.8211813434175934,77.32651883241691,81.97769291961335,0.0015867159541951281,1
2024-07-23,61.55470657348633,NDAQ,61.86672125723799,61.27194210399,61.79846827763659,2275100,0.09751510620117188,0.0015867159541951281,60.227475019398334,59.06736839294434,55.7713818359375,66.74082024619109,0.8024640275629427,76023800.0,0.843379610041751,0.15536628288974041,0.6880133271520106,57.208005590559736,59.9063835144043,62.60476143824886,9.008649047211286,0.8054285029010233,82.03129207927883,80.16081527768067,-0.006336127403501535,0
2024-07-24,61.16468811035156,NDAQ,61.80821887895392,60.87217480089749,61.77896866386108,2988900,-0.3900184631347656,-0.006336127403501535,60.316733409012926,59.11253105163574,55.8410009765625,61.85143136516399,0.8120054597410492,73034900.0,0.811186085426705,0.09853820661975554,0.7126478788069495,57.38351022778283,60.04386539459229,62.70422056140175,8.861372096304308,0.7106528349565195,82.85214499635951,80.73665196935177,0.07221411858682902,1
2024-07-25,65.5816421508789,NDAQ,66.07891060440177,63.10502267698076,63.378034558683325,7139200,4.416954040527344,0.07221411858682902,60.81815328919064,59.24680969238281,55.92986196517944,79.85268200799045,1.1050209621917033,80174100.0,1.1290685627028338,0.3331365471167075,0.7959320155861264,56.938782814237946,60.409507751464844,63.88023268869174,11.490657899435497,1.2451086578394466,85.34740617403384,83.41028108322406,-0.0044602571197465135,0
2024-07-26,65.28913116455078,NDAQ,65.9716683704945,64.6066013976236,65.91316050546035,3629900,-0.292510986328125,-0.0044602571197465135,61.2439607058916,59.379316635131836,56.01668218612671,77.25286366373395,1.1235956772402167,76544200.0,1.3419206976969562,0.43679094568866383,0.9051297520082924,56.76869602158267,60.74004859924317,64.71140117690366,13.076553836376023,1.0727371816464928,86.02535142716403,84.74163419918581,0.014336651601265071,1
2024-07-29,66.22515869140625,NDAQ,66.69318430009758,65.13311133615095,65.27936236479071,16151800,0.9360275268554688,0.014336651601265071,61.71836051403586,59.51228775024414,56.107507934570314,79.54758148916798,1.1547726262906752,92696000.0,1.568061509903643,0.5303454063162805,1.0377161035873625,56.59198055328291,61.113490676879884,65.63500080047686,14.7970933210252,1.0652611489079122,91.9428201720297,87.77185925774252,0.018109817858074306,1
2024-07-30,67.42448425292969,NDAQ,68.26302505308365,66.55669324051719,66.62494621545919,14987600,1.1993255615234375,0.018109817858074306,62.261800870120986,59.65215408325195,56.20534219741821,82.0466653888807,1.2178507502468698,107683600.0,1.8230404074531634,0.6282594430926407,1.1947809643605227,56.52757998502398,61.58492603302002,66.64227208101605,16.423973766841684,1.077334254418243,90.63060097349349,89.53292419089576,-0.021258252652175513,0
2024-07-31,65.99115753173828,NDAQ,67.71698682808228,65.95215477307876,67.40497219782173,6389400,-1.4333267211914062,-0.021258252652175513,62.61697769503692,59.753060302734376,56.29764814376831,70.89711134653115,1.2569208434437737,101294200.0,1.8876953561795062,0.5543315134551867,1.3333638427243195,56.77045203212448,61.961293601989745,67.15213517185501,16.755110386199462,0.8881705765345809,84.4554055821403,89.00960890922117,-0.005319094204779384,0
2024-08-01,65.64014434814453,NDAQ,66.81994997687234,65.34762735896545,66.13742025414255,3931200,-0.35101318359375,-0.005319094204779384,62.90489832866622,59.85296699523926,56.38795808792114,68.44412215760075,1.2723066844768531,97363000.0,1.8888376933145494,0.44437908047218366,1.4444586128423658,57.119573497856386,62.3113353729248,67.50309724799322,16.663940337649436,0.8205856754722459,75.05666671070895,83.38089108878093,-0.006833081790904583,0
2024-08-02,65.19161987304688,NDAQ,65.64014044114641,64.5870882696002,64.9673558694893,3770300,-0.44852447509765625,-0.006833081790904583,63.12268133289295,59.9440975189209,56.47154417037964,65.33347840469526,1.2566459269102443,93592700.0,1.832427740710969,0.3103753022948825,1.5220524384160865,57.54292119393921,62.627250289916994,67.71157938589478,16.236794917360005,0.752183674062184,65.17396498668326,74.89534575984419,-0.036793096055189656,0
2024-08-05,62.79301834106445,NDAQ,64.63585628402792,62.72476535943681,64.08983243100677,3940700,-2.398601531982422,-0.036793096055189656,63.091284857480716,59.98706169128418,56.544920120239254,51.7804442156881,1.3430893973888032,89652000.0,1.5760081087328004,0.04316453625337102,1.5328435724794294,58.02702652431976,62.82031021118164,67.61359389804353,15.260299322777655,0.49715311340824686,51.0683766159477,63.76633610444666,0.027794921186456545,1
2024-08-06,64.53834533691406,NDAQ,65.25987783304615,63.34878713795651,63.66080179350143,3715500,1.7453269958496094,0.027794921186456545,63.22910014123627,60.08299468994141,56.61743379592895,58.522825381624855,1.423358689859724,93367500.0,1.4963776946440817,-0.029172702268278394,1.52555039691236,58.52170270895152,63.082597732543945,67.64349275613637,14.460073578230224,0.6595901239603063,46.2393367288203,54.16055944381711,0.00921591598230087,1
2024-08-07,65.13312530517578,NDAQ,65.91315823493451,64.79185299445155,64.94786404381306,2834900,0.5947799682617188,0.00921591598230087,63.41043587113528,60.17703384399414,56.695957050323486,60.547382917608815,1.419891133299776,96202400.0,1.4643832913915418,-0.0489336844166548,1.5133169758081966,58.90745973488928,63.334647750854494,67.76183576681971,13.980303587953522,0.7031173679359967,45.98296274540718,47.76355869672508,0.018562797867995195,1
2024-08-08,66.34217834472656,NDAQ,66.40067876622739,65.09411975926928,65.35737909503894,3027900,1.2090530395507812,0.018562797867995195,63.68964944004874,60.33468040466309,56.78385038375855,64.35610922632748,1.4117959814182284,99230300.0,1.5190769980793135,0.004608017816893462,1.51446898026242,59.187534833043735,63.619361114501956,68.05118739596018,13.9323193563099,0.8071890748083093,61.29410715311038,51.17213554244597,0.0007347392394454477,1
2024-08-09,66.39092254638672,NDAQ,66.46892806341985,65.7668932881528,66.3519272268857,1651700,0.04874420166015625,0.0007347392394454477,63.94691354541426,60.50009948730469,56.87574586868286,64.50488589060355,1.36109875240743,100882000.0,1.5485052003394344,0.027228976061611565,1.5212762242778228,59.44736302890331,63.88213577270508,68.31690851650684,13.884234426916613,0.7828540399491759,69.17555360989842,58.81754116947201,-0.001615377446379851,0
2024-08-12,66.28367614746094,NDAQ,66.70294651468832,65.92290620016712,66.39092443766724,1661900,-0.10724639892578125,-0.001615377446379851,64.16946236465681,60.678911209106445,56.96883977890015,63.873183219160225,1.3195945782726994,99220100.0,1.5453594329612343,0.019266566946729125,1.5260928660145052,59.72261727830896,64.1249225616455,68.52722784498205,13.730403429663271,0.7451844484736977,73.96646789062224,68.14537621787703,0.013827568211268737,1
2024-08-13,67.2002182006836,NDAQ,67.24897351232171,66.26417424155755,66.59569399486126,2004900,0.9165420532226562,0.013827568211268737,64.45810577761173,60.876442184448244,57.066371822357176,66.86011598766603,1.295680627736375,101225000.0,1.598398332475142,0.05784437316850921,1.5405539593066329,59.94748353087141,64.39891090393067,68.85033827698993,13.824542404761575,0.8146527014803023,76.23288629609449,73.12496926553841,0.0055138091024966585,1
2024-08-14,67.57074737548828,NDAQ,67.76575376322896,67.11247418137914,67.27823035486041,2103600,0.3705291748046875,0.0055138091024966585,64.75454783455235,61.087016067504884,57.16474464416504,68.01156174673822,1.2497948387444782,103328600.0,1.651295543104652,0.0885932670384153,1.5627022760662368,60.18069705895387,64.68216228485107,69.18362751074828,13.918722154257589,0.8208494285392898,80.50958237863924,76.90297885511866,0.006926108375496565,1
2024-08-15,68.03874969482422,NDAQ,68.22401092695942,67.37571771767283,67.89249121887617,2533600,0.4680023193359375,0.006926108375496565,65.06732896410206,61.2935489654541,57.27562459945679,69.45514186589894,1.221116150926058,105862200.0,1.711254562170467,0.11884182888338413,1.5924127332870828,60.658498535187654,65.03805370330811,69.41760887142856,13.46766982941769,0.8425799968634606,88.08675168888963,81.6097401212078,0.0007168667774914983,1
2024-08-16,68.0875244140625,NDAQ,68.09726952662665,67.55124566234528,68.03876909517285,1802700,0.04877471923828125,0.0007168667774914983,65.35496662600305,61.495619201660155,57.380387954711914,69.60907186778006,1.17289527330858,107664900.0,1.742620385911465,0.12016612209950561,1.6224542638119595,61.24898632675219,65.39492149353028,69.54085666030836,12.679685431500237,0.8247280543734014,93.42721519464139,87.3411830873901,0.0020047357975376823,1
2024-08-19,68.2240219116211,NDAQ,68.3312776486511,67.89250215016028,67.89250215016028,1848700,0.13649749755859375,0.0020047357975376823,65.6282099865381,61.7091593170166,57.482509002685546,70.06374287052469,1.1204581465358823,109513600.0,1.7582245167284896,0.108616202333224,1.6496083143952656,61.83063611227382,65.73326301574707,69.63588991922032,11.874131069800487,0.8191131201470099,96.956167630868,92.82337817146636,0.0017148910582884813,1
2024-08-20,68.34101867675781,NDAQ,68.43852929660723,67.86324788336226,68.32152101619744,2020700,0.11699676513671875,0.0017148910582884813,65.88657271893997,61.93436180114746,57.58950353622436,70.47152497288509,1.081516951300817,111534300.0,1.7597463039979715,0.08811039168216483,1.6716359123158067,62.51758670005371,66.07257862091065,69.62757054176758,10.760869319944632,0.8190499593737972,97.73715832952432,96.04018038501125,0.0021400835983411692,1
2024-08-21,68.48727416992188,NDAQ,68.72129072049887,68.1655144311557,68.24351250899916,1530600,0.1462554931640625,0.0021400835983411692,66.13425857141443,62.15238990783691,57.69168804168701,71.00326911473452,1.043964046875271,113064900.0,1.7525516034045552,0.06473255287099877,1.6878190505335564,63.5317442231327,66.43870792388915,69.34567162464562,8.750813468818867,0.8523549753131819,97.49260539562597,97.39531045200611,0.0055523348948463,1
2024-08-22,68.86753845214844,NDAQ,68.87729100104043,68.32151473843949,68.32151473843949,1750100,0.3802642822265625,0.0055523348948463,66.39457094100815,62.383461532592776,57.79403917312622,72.39515929822213,1.0090934908556761,114815000.0,1.7572771043320046,0.05556644303875835,1.7017106612932462,63.541075566135426,66.60300273895264,69.66492991176986,9.194561947359334,0.8697892839025693,98.07745318718787,97.76907230411274,-0.00396416992167381,0
2024-08-23,68.59453582763672,NDAQ,69.2088200272528,67.97050651683219,69.07230664143665,1343200,-0.27300262451171875,-0.00396416992167381,66.60409140640135,62.59877952575684,57.89256786346436,69.80452862279684,1.0254663493960285,113471800.0,1.719175482826003,0.013971857226205309,1.7052036255997978,63.65152304347464,66.76827297210693,69.88502290073922,9.336020807170913,0.7929755189456607,95.15211485025567,96.90739114435651,0.0034113673464597483,1
2024-08-26,68.82853698730469,NDAQ,69.03330332280358,68.49702470890708,68.80903932816996,1301300,0.23400115966796875,0.0034113673464597483,66.81594336648737,62.82557518005371,57.99005006790161,70.77004575007892,0.9905243682889193,114773100.0,1.6883988008466702,-0.013443859802502178,1.7018426606491723,63.667916036487185,66.89844188690185,70.12896773731651,9.658000274135457,0.7987276978692329,93.58309461916122,95.60422088553493,0.006516658992401947,1
2024-08-27,69.27706909179688,NDAQ,69.38432482094743,68.73103789638978,68.77004065599141,1516000,0.4485321044921875,0.006516658992401947,67.05033629270733,63.0683617401123,58.08712471008301,72.57991488811388,0.9664359794509714,116289100.0,1.6808253426645479,-0.016813854387699667,1.6976391970522475,63.60312102204797,66.99107112884522,70.37902123564247,10.114631844835376,0.8373718459379396,92.80259424834942,93.84593457258877,-0.0014075550940917392,0
2024-08-28,69.17955780029297,NDAQ,69.55008029339608,68.9553012335349,69.21856055951518,1457900,-0.09751129150390625,-0.0014075550940917392,67.25311929342976,63.30861312866211,58.18525373458862,71.54279020416558,0.9398890566231293,114831200.0,1.6479583382974567,-0.03974468700383271,1.6877030253012895,63.66703362059893,67.15049114227295,70.63394866394698,10.375076823469726,0.7912432038276896,93.03215485355854,93.13928124035641,0.0033828497216930042,1
2024-08-29,69.41358184814453,NDAQ,69.95960565816198,69.19907036877582,69.43307951035237,1776000,0.2340240478515625,0.0033828497216930042,67.45887763197402,63.54652458190918,58.28122808456421,72.55634386583861,0.9284718281406921,116607200.0,1.622096269310859,-0.052485404792344426,1.6745816741032034,63.79512938022365,67.33916301727295,70.88319665432226,10.525921256669728,0.7926635358628673,91.39318985238931,92.40931298476578,0.012501515413472442,1
2024-08-30,70.28135681152344,NDAQ,70.33985722379077,69.36481067792286,69.73532568730734,3073700,0.8677749633789062,0.012501515413472442,67.72768517288348,63.79711128234863,58.38163770675659,75.97357874813295,0.9317985936926364,119680900.0,1.6525727505816548,-0.017607138817238965,1.6701798893988937,63.97287194324792,67.59364986419678,71.21442778514563,10.713367093575819,0.8711504828529122,91.74807707786914,92.05780726127234,-0.009572599321878483,0
2024-09-03,69.60858154296875,NDAQ,70.11560997988926,69.25756414479787,69.8718483111048,2267400,-0.6727752685546875,-0.009572599321878483,67.90681816051065,64.01435165405273,58.4737685585022,68.81892931038169,0.9383695989092745,117413500.0,1.6039489153326798,-0.0529847792529714,1.6569336945856512,64.95982030812425,67.93442802429199,70.90903574045973,8.757290824923349,0.7814074456906227,87.45989472471183,90.20038721832344,0.029275945731003228,1
2024-09-04,71.64643859863281,NDAQ,72.31921579887376,71.09066224764263,71.31491883471749,3295800,2.0378570556640625,0.029275945731003228,68.26297248795086,64.2752742767334,58.575076789855956,76.14658069790904,1.0649599315518268,120709300.0,1.7101387934061734,0.04256407905641746,1.667574714349756,65.32467330821908,68.28983268737792,71.25499206653677,8.684043473156441,1.0660076714336828,87.43228032931502,88.88008404396534,-0.0010888267527022766,0
2024-09-05,71.56842803955078,NDAQ,71.89994034113373,70.84689557685815,71.66593122007424,2167600,-0.07801055908203125,-0.0010888267527022766,68.57777777857942,64.53834182739257,58.67493488311768,75.41594429677569,1.0641088481749523,118541700.0,1.7676241656064349,0.08003956100534304,1.6875846046010918,65.69013994689374,68.61159782409668,71.53305570129962,8.515930162981606,1.0060538846935267,82.66190238760193,85.8513591472096,-0.019754777324348716,0
2024-09-06,70.15460968017578,NDAQ,71.81219359479928,69.46232739029199,71.44167107414582,3970500,-1.413818359375,-0.019754777324348716,68.72795224539811,64.77605812072754,58.76801301956177,63.520291232113856,1.1559486593415482,114571200.0,1.6797354665470152,-0.0062793104432614655,1.6860147769902767,66.00298843142203,68.80221939086914,71.60145035031626,8.137036811398575,0.7415646134418568,74.02216424215051,81.3721156530225,-0.004169410367573456,0
2024-09-09,69.86210632324219,NDAQ,70.729897400187,69.64759483203932,70.50563335783393,2977400,-0.29250335693359375,-0.004169410367573456,68.8359669194785,64.9997339630127,58.8564483833313,61.36374442029616,1.150688224256272,111593800.0,1.5684009135508035,-0.09409109075157862,1.662492004302382,66.37251056361349,68.97577857971191,71.57904659581034,7.54835413155926,0.6702336713026252,60.17794511444996,72.28733724806749,0.0013956587804300202,1
2024-09-10,69.95960998535156,NDAQ,70.40813063403904,69.33558060987187,69.94985743413618,2672000,0.097503662109375,0.0013956587804300202,68.94298054479974,65.2237998199463,58.94305841445923,61.82896096063521,1.1451069242499075,114265800.0,1.4710775426416944,-0.1531315693285502,1.6242091119702446,66.83880358666332,69.15957527160644,71.48034695654957,6.711353202586601,0.6723639423334153,47.3401366357533,60.51341533078462,0.004599036876266727,1
2024-09-11,70.28135681152344,NDAQ,70.38861252669008,68.37026647430407,69.67682527504,2115900,0.321746826171875,0.004599036876266727,69.07044495115437,65.46951141357422,59.02881965637207,63.39526272970995,1.2074811476882004,116381700.0,1.403729035411601,-0.1763840612469152,1.5801130966585162,67.12847550281855,69.31363220214844,71.49878890147833,6.30512824073924,0.7214313988721637,47.91228623950866,51.81012266323733,0.006798149961821265,1
2024-09-12,70.75914001464844,NDAQ,70.86639574872994,69.94984945349384,70.44712536250663,2852600,0.477783203125,0.006798149961821265,69.23127305243952,65.71541809082031,59.11615070343018,65.64938399278408,1.1867000867987647,119234300.0,1.3730799586525677,-0.16562651040475895,1.5387064690573267,67.3555957217369,69.47305183410644,71.59050794647598,6.095762476149103,0.8036870925043161,54.33479837569204,49.862407083651355,0.00926309892175814,1
2024-09-13,71.41458892822266,NDAQ,71.45372110547112,70.66131504136376,70.84718355366941,1900400,0.6554489135742188,0.00926309892175814,69.4392078977522,65.9709236907959,59.20752994537354,68.51390152499238,1.1585362280350924,121134700.0,1.3857060373897099,-0.12240034533409361,1.5081063827238035,67.47110055560965,69.64184379577637,71.81258703594308,6.23402001398006,0.9083267656082027,64.78542242319006,55.67750234613027,0.004109630164266687,1
2024-09-16,71.70807647705078,NDAQ,72.0896058753397,71.4439361467279,71.6982915668204,2260800,0.293487548828125,0.004109630164266687,69.65529061959016,66.22761878967285,59.29825649261475,69.73106688832236,1.123999136540946,123395500.0,1.4032188546841269,-0.0839100224317415,1.4871288771158684,67.597624447938,69.82287139892578,72.04811834991357,6.373977198027454,0.9235945761633692,75.24716891429436,64.78912990439217,-0.008185620455794851,0
2024-09-17,71.12110137939453,NDAQ,71.95264708501922,70.4656542033583,71.63959713051686,2578800,-0.58697509765625,-0.008185620455794851,69.79489164433343,66.47140441894531,59.385469913482666,64.37139349475,1.1499272611923732,120816700.0,1.3541244005612043,-0.10640358124373117,1.4605279818049355,67.80125137563662,69.96772537231445,72.13419936899227,6.192780986231905,0.7661873645492,77.09196051155511,72.37485061634654,0.002751130794567791,1
2024-09-18,71.31676483154297,NDAQ,72.03090656733502,70.73957452559193,71.07219431254845,2330200,0.1956634521484375,0.002751130794567791,69.9398319478772,66.71188781738282,59.47298706054688,65.3280692339518,1.1600276026602816,123146900.0,1.3158369480657797,-0.11575282699132461,1.4315897750571043,68.00942808651189,70.11651268005372,72.22359727359554,6.010237854117457,0.7848134705099171,76.26622106679493,76.20178349754815,0.019067076995230137,1
2024-09-19,72.67656707763672,NDAQ,72.74504651569852,71.65915295236204,72.17764119250128,3060800,1.35980224609375,0.019067076995230137,70.20047338880667,66.96357666015625,59.567014102935794,71.12989868016417,1.179188608481372,126207700.0,1.379318616618832,-0.04181692675061788,1.42113554336945,68.08004860599786,70.32597732543945,72.57190604488105,6.387195186917537,1.0233001679549505,80.90311276254016,78.08709811363008,0.0,0
2024-09-20,72.67656707763672,NDAQ,73.05809644165235,71.90372344025405,72.5493931108645,4654400,0.0,0.0,70.43629183536191,67.20414978027344,59.65945104598999,71.12989868016419,1.1774160651182954,126207700.0,1.4133362359510642,-0.006239445934708598,1.4195756818857728,68.1544900468155,70.51642875671386,72.87836746661223,6.698974271789077,0.9572807736014037,88.30356633011796,81.82430005315103,-0.0037687923918284794,0
2024-09-23,72.40266418457031,NDAQ,73.2537648803384,72.28526763935726,73.0874587057286,2546000,-0.27390289306640625,-0.0037687923918284794,70.62356539242938,67.42949447631835,59.752975902557374,68.45396247485166,1.1624932919656412,123661700.0,1.402032017622588,-0.014034931410547902,1.416066949033136,68.38163015452892,70.70683517456055,73.03204019459218,6.5770303939956625,0.8646622545969495,90.9559542500311,86.72087778089643,-0.0045940120729671685,0
2024-09-24,72.0700454711914,NDAQ,72.26570638286496,71.55155711673258,72.26570638286496,2408200,-0.33261871337890625,-0.0045940120729671685,70.76132539993053,67.64233657836914,59.84425945281983,65.24400752132534,1.1402514188136477,121253500.0,1.3506641769233454,-0.052322217687832406,1.4029863946111778,68.64010547959629,70.86891059875488,73.09771571791347,6.289937577219516,0.7694571324589321,83.39800573669591,87.55250877228168,-0.008551860953922463,0
2024-09-25,71.4537124633789,NDAQ,72.33416768573204,71.10153037443764,72.07002738717672,3428900,-0.6163330078125,-0.008551860953922463,70.82726702502084,67.83700180053711,59.939669361114504,59.661281038723864,1.1468504111337012,117824600.0,1.2458603674682536,-0.12570082171433938,1.371561189182593,68.86071625284822,70.97774276733398,73.09476928181974,5.965324993288108,0.6124146752031928,73.82428058038626,82.72608018903777,-0.00657172256585048,0
2024-09-26,70.98413848876953,NDAQ,71.88416358795853,70.73956799236258,71.10153501397659,3145200,-0.469573974609375,-0.00657172256585048,70.84220716442547,68.0185701751709,60.03350536346436,55.74743374499505,1.1466893528810045,114679400.0,1.1120923892372616,-0.20757503995626503,1.3196674291935266,69.11795885453525,71.0679718017578,73.01798474898037,5.48774053285795,0.4785044214430266,64.14183862410364,73.78804164706196,0.0005514812769902289,1
2024-09-27,71.02328491210938,NDAQ,71.51242600305187,70.75915200702875,71.25807054592556,2766100,0.03914642333984375,0.0005514812769902289,70.8594526642049,68.22061744689941,60.12632776260376,56.00653660615365,1.1185882559625846,117445500.0,0.997737791753039,-0.2575437099523903,1.2552815017054293,69.35133781180161,71.14845695495606,72.94557609811051,5.051744535492032,0.4651742503207179,56.99695687438233,64.98769202629076,0.005647231051037371,1
2024-09-30,71.42436981201172,NDAQ,71.53198142745363,70.58304670784729,70.72000558864622,3368200,0.40108489990234375,0.005647231051037371,70.91325429732936,68.43010147094726,60.221397457122805,58.676236949349345,1.1064701462228532,120813700.0,0.928768879280355,-0.26121009794005956,1.1899789772204146,69.45020865411804,71.20560760498047,72.9610065558429,4.930507610020442,0.5623112503638472,56.7966725090393,59.31182266917511,0.0005480821663932378,1
2024-10-01,71.46351623535156,NDAQ,71.80591350561559,70.8471936851756,71.61025259139278,3837100,0.03914642333984375,0.0005480821663932378,70.96566019618861,68.6302279663086,60.30592348098755,58.93814772105083,1.0959165515240776,124650800.0,0.8672719374182805,-0.2581656318417074,1.1254375692599878,69.70141270843901,71.29835433959961,72.89529597076022,4.47960305943177,0.551711938786365,54.22658981161911,56.00673973168026,-0.0008215127663830923,0
2024-10-02,71.4048080444336,NDAQ,71.54176694067637,70.98414644491648,71.54176694067637,1817000,-0.05870819091796875,-0.0008215127663830923,71.00748380078338,68.82722999572754,60.39151044845581,58.34094980211713,1.0574668332552073,122833800.0,0.8045238573400866,-0.256730969535921,1.0612548268760076,69.69640719868082,71.28627281188965,72.87613842509847,4.460509858340243,0.5372783811282981,47.345940466087576,52.78973426224868,-0.0009589524542291672,0
2024-10-03,71.33633422851562,NDAQ,71.50264040655505,70.80806095971337,71.25806986342626,2602500,-0.06847381591796875,-0.0009589524542291672,71.03880288913882,69.03066291809083,60.48338254928589,57.60776518103625,1.0315463056542407,120231300.0,0.7407315943868866,-0.25641858599129685,0.9971501803781835,69.6898296730157,71.2746681213379,72.8595065696601,4.447129646746794,0.5194550136144829,36.908962200689935,46.16049749279889,-0.010971106915833584,0
2024-10-04,70.55369567871094,NDAQ,71.80589535847194,70.25042320423529,71.80589535847194,2519000,-0.7826385498046875,-0.010971106915833584,70.99260220243141,69.13010398864746,60.56824541091919,49.89025880997523,1.0689695805529844,117712300.0,0.6198778106712126,-0.3018178957655767,0.9216957064367893,69.75736047832198,71.29462242126465,72.83188436420731,4.3124204623998486,0.2590109005315609,25.0034630703924,36.41945524572332,-0.017332038296581143,0
2024-10-07,69.33085632324219,NDAQ,70.58305623889179,69.07650088296954,70.54392405856521,4187600,-1.22283935546875,-0.017332038296581143,70.83434069012768,69.2109384918213,60.64515579223633,40.71284566623068,1.1002257073650745,113524700.0,0.4205792245811182,-0.400893185484537,0.8214724100656552,69.61845178630513,71.26805992126465,72.91766805622417,4.629305573301621,-0.08717084287111598,15.805064991221895,25.90583008743476,0.018625484658096658,1
2024-10-08,70.62217712402344,NDAQ,71.0134839373038,70.26021011167016,70.38738407961638,3136000,1.29132080078125,0.018625484658096658,70.81413463621298,69.29887886047364,60.731473712921144,50.969784210535124,1.1418258435576847,116660700.0,0.36265202899357973,-0.3670563048576604,0.7297083338512401,69.73343775040743,71.30118827819824,72.86893880598905,4.397543899756234,0.28344413153168274,17.729666207032732,19.51273142288236,0.0038786421349545908,1
2024-10-09,70.8960952758789,NDAQ,71.18957538748292,70.44608646712682,70.75913639772389,2144500,0.27391815185546875,0.0038786421349545908,70.82194041141926,69.36831108093261,60.814613857269286,52.83384045785664,1.113373206186143,118805200.0,0.33498570805171823,-0.31577810063961753,0.6507638086913358,69.8223320417818,71.33192520141601,72.84151836105022,4.2325877378793635,0.3556465618714404,28.88354735313045,20.80609285046171,-0.008693253790990174,0
2024-10-10,70.27977752685547,NDAQ,71.10153831404722,70.0156446625043,70.82762053954983,2919100,-0.6163177490234375,-0.008693253790990174,70.77030585098461,69.45408348083497,60.89007667541504,48.377229281313596,1.1114103808544842,115886100.0,0.2603273659893972,-0.31234915416155085,0.572676520150948,69.74835456502278,71.30795707702637,72.86755958902997,4.374273435765159,0.17037128298478424,36.45565838251061,27.689623980891284,-0.0030624061045770867,0
2024-10-11,70.0645523071289,NDAQ,70.83739590313515,69.82975927745963,70.70042957064545,2297000,-0.2152252197265625,-0.0030624061045770867,70.70309122776027,69.54257164001464,60.96160921096802,46.88977415111103,1.1039979697702722,113589100.0,0.1816987059225994,-0.31278225138267896,0.49448095730527836,69.59088832684174,71.24045524597167,72.89002216510161,4.630983655100138,0.1435722233496911,34.231629430685224,33.19027838877545,0.013264657999166207,1
2024-10-14,70.99393463134766,NDAQ,71.26785243647171,70.43631410985928,70.49500864990003,2933100,0.92938232421875,0.013264657999166207,70.7307905995305,69.65861793518066,61.03604711532593,53.53372850631936,1.1110909811683105,116522200.0,0.19216317525614102,-0.24185422563930992,0.43401740089545093,69.5663368517035,71.20474815368652,72.84315945566955,4.601972043905615,0.43566526241496495,39.33150738560265,36.67293173293285,0.0063386341378806055,1
2024-10-15,71.44393920898438,NDAQ,72.00155969682294,71.15045906279038,71.20915359928918,1911300,0.45000457763671875,0.0063386341378806055,70.79870951471658,69.83163635253906,61.11152568817138,56.379169772599695,1.1037005586188084,118433500.0,0.234069740895805,-0.15995812799971676,0.39402786889552177,69.57973421239431,71.22089004516602,72.86204587793772,4.608636122718862,0.5679549008583962,56.70852671457535,43.423887843621095,0.009995942035176064,1
2024-10-16,72.15808868408203,NDAQ,72.38308938397452,71.03306279351959,71.53198874673772,3082100,0.7141494750976562,0.009995942035176064,70.92817419751329,69.98403121948242,61.191058769226075,60.511881515195846,1.1212952751785314,121515600.0,0.32120424770508293,-0.05825889695235109,0.379463144657434,69.57176019001592,71.26295623779296,72.95415228557,4.746353890045742,0.7646447901370327,77.66364313322786,57.90122574446864,0.005151775155280092,1
2024-10-17,72.52983093261719,NDAQ,72.91136033682399,72.41243439913058,72.61788019865709,2503300,0.37174224853515625,0.005151775155280092,71.08071293418985,70.13196533203126,61.27844917297363,62.50333999206885,1.0950078735759192,124018900.0,0.4154662287327682,0.028802467260267306,0.38666376147250087,69.58790724487368,71.255619430542,72.92333161621032,4.680928182215751,0.8820238027356502,88.06094580144251,74.14437188308193,0.01038590962307362,1
2024-10-18,73.28311920166016,NDAQ,73.30268156056857,72.24613505070336,72.71571376521027,2145700,0.7532882690429688,0.01038590962307362,71.29046591204416,70.27078414916993,61.37400819778443,66.22089126422966,1.092260633310869,126164600.0,0.5446749221825797,0.12640892856806307,0.41826599361451666,69.49823411217864,71.28594703674317,73.0736599613077,5.015611067474725,1.0585830189719865,94.2611724436728,86.66192045944774,-0.008143261604322216,0
2024-10-21,72.68635559082031,NDAQ,73.24397603231331,72.44178509080234,73.07766241988959,1902500,-0.5967636108398438,-0.008143261604322216,71.42340778621332,70.3966928100586,61.466389904022215,61.05646752812682,1.074337310278508,124262100.0,0.5920946085257555,0.13906289192899102,0.45303171659676444,69.47313131189107,71.30013160705566,73.12713190222026,5.124816052888744,0.8793715817762815,91.6682044288935,91.33010755800296,-0.00013466782182203207,0
2024-10-22,72.67656707763672,NDAQ,72.84287321811554,71.93307070460926,72.12873157314226,2365000,-0.00978851318359375,-0.00013466782182203207,71.5427562901584,70.52455062866211,61.560464210510254,60.97247131142601,1.0625848247947776,121897100.0,0.6217184174748525,0.13494936070247038,0.4867690567723821,69.43451126323043,71.33045768737793,73.22640411152543,5.315951938670899,0.8549966847992715,90.04615192879466,91.991842933787,-0.005114812169774052,0
2024-10-23,72.30484008789062,NDAQ,72.8722380844414,72.07004698893778,72.37331954249335,2513600,-0.37172698974609375,-0.005114812169774052,71.61533569946621,70.62664306640625,61.64764879226684,57.72472589508956,1.0439852727025527,119383500.0,0.6081894091506683,0.09713628190262902,0.5110531272480393,69.43028029234131,71.37301406860351,73.31574784486571,5.443888846826203,0.7398233949172228,82.33012976127019,88.01482870631946,0.017994774794927615,1
2024-10-24,73.60594940185547,NDAQ,73.93856922539314,71.2189459492649,71.64938503471853,4038400,1.3011093139648438,0.017994774794927615,71.80491795683662,70.74734710693359,61.74298364639282,64.79351767689212,1.1636737015186727,123421900.0,0.6944510213024131,0.146718315243499,0.5477327060589141,69.34252398935182,71.50410461425781,73.6656852391638,6.046032284627695,0.9861823712194552,84.91093100548359,85.76240423184952,-0.007309944702762139,0
2024-10-25,73.0678939819336,NDAQ,74.03639119157019,72.42222419970902,73.95812683062778,2230600,-0.538055419921875,-0.007309944702762139,71.92520138779824,70.84792999267579,61.833112735748294,60.30300795681478,1.1958517936859938,121191300.0,0.7111991338343415,0.13077314222034198,0.5804259916139995,69.35389717613442,71.60633506774903,73.85877295936363,6.291169320377874,0.8244393374009709,82.17494245244069,83.1386677397315,0.008702688846531137,1
2024-10-28,73.70378112792969,NDAQ,74.24183935087738,73.3320365598848,73.74291331357145,2543600,0.6358871459960938,0.008702688846531137,72.09458993447743,70.96025512695313,61.9281143951416,63.52072601272325,1.1942870490615507,123734900.0,0.7669420811244692,0.1492128716083756,0.6177292095160936,69.29239438715962,71.72030563354492,74.14821687993023,6.770498884348667,0.9084736411468451,85.98022142629111,84.35536496140514,0.007300034718692672,1
2024-10-29,74.2418212890625,NDAQ,74.77987938110951,73.23419201095578,73.39071325174254,3381900,0.5380401611328125,0.007300034718692672,72.29908815872362,71.08061111450195,62.02391960144043,66.0297696272684,1.2193870719967064,127116800.0,0.8447958323837383,0.1816532982941158,0.6631425340896225,69.19914883611442,71.85922088623047,74.51929293634653,7.403564963020005,0.9478450880170849,84.63739512706066,84.26418633526417,-0.004480104046603928,0
2024-10-30,73.90921020507812,NDAQ,75.04401347649882,73.87007802831195,74.36899648875662,2293700,-0.332611083984375,-0.004480104046603928,72.45243311551928,71.19197494506835,62.12033542633057,63.138662979732096,1.2161405274388608,124823100.0,0.8696319802902934,0.16519155696053667,0.7044404233297568,69.18936388525368,71.9844409942627,74.77951810327171,7.765781244954829,0.8443141523021968,85.05726889939315,85.22496181758166,-0.02157497325399471,0
2024-10-31,72.31462097167969,NDAQ,73.79182923538075,72.22657915316495,73.69400250468622,2901000,-1.5945892333984375,-0.02157497325399471,72.43930814943931,71.26852188110351,62.21047145843506,51.49726169200552,1.249461279187026,121922100.0,0.7519764652418104,0.038028833529642925,0.7139476317121675,69.25114741623489,72.03335533142089,74.8155632466069,7.7247766743205135,0.5505472000714926,69.37714951415585,79.69060451353657,0.0054112382841784434,1
2024-11-01,72.7059326171875,NDAQ,73.28312299481738,72.28527097372873,72.32440315727149,2969100,0.3913116455078125,0.0054112382841784434,72.46470095589153,71.3452897644043,62.29908096313476,53.75083853154637,1.2314891893228561,124891200.0,0.6824424298427232,-0.025204161495555488,0.7076465913382787,69.43044081831343,72.14096717834472,74.85149353837602,7.5145273650973206,0.6042169239107221,53.5695364229147,69.33465161215459,0.006592749077831472,1
2024-11-04,73.18526458740234,NDAQ,73.33200836120562,72.46133809065746,72.85265233290008,2199000,0.47933197021484375,0.006592749077831472,72.53332606365447,71.43710433959961,62.38515281677246,56.421835257902146,1.2057164094103778,127090200.0,0.6584243834378753,-0.03937776632032275,0.6978021497581981,69.91766703496053,72.33368759155273,74.74970814814493,6.680208453451912,0.6762354615580677,45.37674590920656,56.10781061542573,0.01777860897933281,1
2024-11-05,74.48639678955078,NDAQ,74.6037933257919,72.52004772378677,72.960279136916,2146200,1.3011322021484375,0.01777860897933281,72.71933279945412,71.55026153564454,62.47623065948486,62.71629261991192,1.2684327803100026,129236400.0,0.7358974357600232,0.03047622880146006,0.7054212069585631,70.0715348225964,72.5268985748291,74.9822623270618,6.770905141350821,0.8990240168976746,60.26258461566882,53.06962231593005,0.019043783412224125,1
2024-11-06,75.90489959716797,NDAQ,77.54841371633678,73.39071506298053,77.16688431936005,3894600,1.4185028076171875,0.019043783412224125,73.0227201135221,71.68281814575195,62.57333675384521,68.12222722645984,1.4748089140990202,133131000.0,0.9013663196883073,0.15675609018379522,0.7446102295045121,70.03358146745919,72.77733879089355,75.52109611432792,7.540141942584154,1.0699412224911429,71.03803948018576,58.89245666835374,0.0076041759745471005,1
2024-11-07,76.48209381103516,NDAQ,76.58970543763198,75.43533227716615,76.00273767854935,2288100,0.5771942138671875,0.0076041759745471005,73.35218427519001,71.8288688659668,62.67419956207275,70.02665028189145,1.4519206459823633,135419100.0,1.0667791851863342,0.25773516454545775,0.8090440206408764,70.14789741475262,73.08745460510254,76.02701179545245,8.043944631079528,1.077406559239035,80.86968643043708,70.72343684209724,0.0065234126121571645,1
2024-11-08,76.98101806640625,NDAQ,77.99843230942783,76.52122430176478,76.91253862041921,2247000,0.49892425537109375,0.0065234126121571645,73.69778749340108,71.98021759033203,62.77673463821411,71.60572808671235,1.4565219211545282,137666100.0,1.2240193573276485,0.3319802693494176,0.892039087978231,70.37272220591312,73.4332778930664,76.49383358021969,8.33560961723666,1.0795908547313036,80.7265897559728,77.54477188886523,0.012326988076181156,1
2024-11-11,77.92996215820312,NDAQ,78.66367379430305,77.06906906174409,77.14733342754958,1911600,0.948944091796875,0.012326988076181156,74.10085174719175,72.13318969726562,62.882805023193356,74.37130322763493,1.4726743359218335,139577700.0,1.4089635296349599,0.41353955332538317,0.9954239763095767,70.3537297393699,73.78007926940919,77.20642879944847,9.288007180170997,1.1055837054000668,86.09679596584358,82.5643573840845,-0.006653426581751498,0
2024-11-12,77.41146087646484,NDAQ,78.203874462919,77.30384924699206,78.203874462919,2400700,-0.5185012817382812,-0.006653426581751498,74.41614785474157,72.28924728393555,62.988072814941404,70.3399515818858,1.43177082735077,137177000.0,1.4964443198836648,0.4008162748592703,1.0956280450243945,70.48267527715149,74.07845535278321,77.67423542841493,9.708032000687837,0.9634607030431467,86.105723440202,84.30970305400615,0.009351819227859881,1
2024-11-13,78.1353988647461,NDAQ,78.60497012222604,77.67560505500909,77.77343177834236,1861600,0.72393798828125,0.009351819227859881,74.77036223664676,72.41902648925782,63.09599281311035,72.57519609334257,1.4147521429515146,139038600.0,1.6056799429911734,0.4080415183734232,1.1976384246177503,70.48803448951733,74.3773208618164,78.26660723411547,10.45825885426787,0.9831320765804378,88.37256258589701,86.85836066398089,-0.022661924980102777,0
2024-11-14,76.36470031738281,NDAQ,79.01584398147011,76.30600577824518,78.73214873317136,3188400,-1.7706985473632812,-0.022661924980102777,74.92220395862162,72.51495193481445,63.19834884643555,60.55454770571919,1.5072582901139016,135850200.0,1.5317127556875647,0.2672594648558515,1.2644532908317132,70.68489416663705,74.56906433105469,78.45323449547233,10.417644902110046,0.7311479557175046,78.6413622959089,84.37321610733599,0.008967383648404548,1
2024-11-15,77.04949188232422,NDAQ,77.21579802989778,76.4625241790827,76.53100362006589,4685200,0.6847915649414062,0.008967383648404548,75.12480280849806,72.65284957885743,63.307418384552,63.099997448267224,1.4603896774282639,140535400.0,1.5109330869898656,0.19718383692652175,1.3137492500633439,70.77684337519403,74.75738296508788,78.73792255498174,10.649221339791376,0.7879143474738631,74.59385035318418,80.53592507833004,0.01295084647230027,1
2024-11-18,78.04734802246094,NDAQ,78.15495965507755,76.65818917339247,76.65818917339247,1865600,0.9978561401367188,0.01295084647230027,75.40314044792309,72.8165544128418,63.4236057472229,66.49309337017831,1.4629883063037505,142401000.0,1.5570351687106694,0.19462873491786037,1.362406433792809,70.91882374640461,75.02543258666992,79.13204142693523,10.947244684051173,0.8679331966269989,72.57439077962324,75.26986780957212,0.00476303497753916,1
2024-11-19,78.4190902709961,NDAQ,78.59517386936649,77.215800102902,77.52885005061518,1865300,0.37174224853515625,0.00476303497753916,75.69037376440625,72.98574401855468,63.54489301681519,67.68523912975473,1.4570158391723753,144266300.0,1.6050656950849316,0.19412740903369796,1.4109382860512336,71.10133337829421,75.31255874633788,79.52378411438156,11.183328353582048,0.8688393820278195,82.6608532836257,76.60969813881105,-0.0009980009820453883,0
2024-11-20,78.34082794189453,NDAQ,79.31910998673227,78.04734034296334,79.02562238780108,1647400,-0.0782623291015625,-0.0009980009820453883,75.94279797178608,73.1469334411621,63.66414417266846,67.14361837886909,1.4437839680721296,142618900.0,1.6181619536539813,0.16577893408219802,1.4523830195717833,71.44363923635538,75.61435813903809,79.7850770417208,11.031552750903943,0.8268584944795381,87.67900082580236,80.97141496301712,0.009990077217343574,1
2024-11-21,79.12345886230469,NDAQ,79.36802940369081,78.27235815504939,78.95715268545027,2264400,0.7826309204101562,0.009990077217343574,76.24571805659737,73.31421981811523,63.784454288482664,69.75042890303719,1.4189187738270792,144883300.0,1.6724140592475862,0.17602483174064232,1.496389227506944,71.56051266206606,75.89023361206054,80.21995456205502,11.41048259813605,0.8733757079943302,91.25368127649544,87.19784512864119,0.0023489832579137726,1
2024-11-22,79.30931854248047,NDAQ,79.58323629827613,78.76148303088914,79.00605352194941,1683900,0.18585968017578125,0.0023489832579137726,76.53748953144338,73.4721144104004,63.906419372558595,70.35201498590467,1.3762640947956446,146567200.0,1.7106868337381087,0.17143808498493174,1.539248748753177,71.83173990473927,76.20230484008789,80.57286977543652,11.47095207820904,0.8554476078439437,92.89086885231103,90.60785031820296,0.005550814599502463,1
2024-11-25,79.74954986572266,NDAQ,80.60065794078365,79.36802046124353,80.37565724773174,3258100,0.4402313232421875,0.005550814599502463,76.84340003946998,73.63294387817383,64.02821519851685,71.7834226258146,1.3701980450461828,149825300.0,1.7562957873014113,0.1736376308385874,1.582658156462824,72.03196653599804,76.50459327697754,80.97722001795705,11.692439759235869,0.8627573657123985,93.5920620578259,92.57887072887748,0.013861755356128214,1
2024-11-26,80.85501861572266,NDAQ,81.23654804497828,79.3386783460245,80.0234803074399,1965000,1.10546875,0.013861755356128214,77.22545895149406,73.82762222290039,64.15757013320923,75.04200069384662,1.4078888774681542,151790300.0,1.8602000724316383,0.22203353277505156,1.6381665396565868,72.10997443332401,76.83525314331055,81.56053185329709,12.29976740279129,0.9253469180470366,92.58017925852624,93.02103672288774,0.004839670464582779,1
2024-11-27,81.24633026123047,NDAQ,81.68655421463171,80.90392556002949,80.93328029212958,2629800,0.3913116455078125,0.004839670464582779,77.60839907623087,74.02621353149414,64.29434814453126,76.09440900116225,1.3667207861425044,154420100.0,1.951623446207435,0.2507655252406784,1.7008579209667567,72.30628435425321,77.20210914611816,82.09793393798311,12.683137406515073,0.9130275578726086,91.14562461761786,92.43928864465668,-0.0007225949864960723,0
2024-11-29,81.1876220703125,NDAQ,81.95068084533273,81.17784462405798,81.76481233840435,2741600,-0.05870819091796875,-0.0007225949864960723,77.94927745661958,74.19643463134766,64.43030044555664,75.57948982730692,1.3243004600805215,151678500.0,1.9963274480815443,0.23637562169183002,1.7599518263897143,73.00020719613102,77.6457592010498,82.29131120596858,11.966016052183761,0.8812101194338714,90.57443738709314,91.43341375441243,-0.01614642927487897,0
2024-12-02,79.8767318725586,NDAQ,81.63763510632491,79.81802987350984,81.19741116380828,3497100,-1.3108901977539062,-0.01614642927487897,78.13284454385186,74.3404379272461,64.56124633789062,65.00236195950754,1.359679372418703,148181400.0,1.9040293431981894,0.11526201344678011,1.7887673297514093,73.85917910677853,78.00429916381836,82.14941922085819,10.627927182153345,0.7258598886129007,80.51944597735839,87.41316932735647,-0.008083305546542685,0
2024-12-03,79.23106384277344,NDAQ,79.90608086868676,79.01584059023875,79.74955215277065,2807000,-0.6456680297851562,-0.008083305546542685,78.23743685803487,74.47700592041015,64.68930252075195,60.51054054458961,1.3261480085636532,145374400.0,1.758511391489634,-0.02420475060942051,1.7827161420990545,74.77489337713749,78.30658912658691,81.83828487603634,9.020175157266129,0.6308825535623567,67.18662760736096,79.42683699060419,-0.001975450299634862,0
2024-12-04,79.07454681396484,NDAQ,79.52455570070892,78.83975372755025,79.43650642737835,2133700,-0.15651702880859375,-0.001975450299634862,78.31716161574249,74.61709594726562,64.81599559783936,59.43828910208541,1.2803375774632975,143240700.0,1.6119758954997536,-0.1365921972794406,1.7485680927791942,75.46003473536739,78.53599662780762,81.61195852024785,7.83325360221153,0.5875417519769692,54.70834656529602,67.47147338333848,0.005443410022655248,1
2024-12-05,79.5049819946289,NDAQ,79.78868469574616,79.06475804058147,79.23106420422606,2236900,0.4304351806640625,0.005443410022655248,78.43028736611262,74.77812133789062,64.94242206573486,61.46083663798856,1.2405939401562542,145477600.0,1.5131354968655018,-0.18834607673095416,1.701481573596456,75.86377567900988,78.71600074768067,81.56822581635146,7.246874946844477,0.6383097806015576,52.1011725570855,57.99871557658084,0.001357467322568029,1
2024-12-06,79.61290740966797,NDAQ,79.83858199799934,79.17137961025307,79.2498682843717,4918000,0.1079254150390625,0.001357467322568029,78.54291784645123,74.9506967163086,65.06687259674072,61.972844888331394,1.1996374006983985,150395600.0,1.4270621635584178,-0.21953552803043075,1.6465976915888485,76.18926205784756,78.8725414276123,81.55582079737705,6.804090045018796,0.6379591686199589,53.43741036286384,53.41564316174847,-0.017747061985392887,0
2024-12-09,78.20001220703125,NDAQ,79.68159551954442,78.04302736147972,79.68159551954442,2632600,-1.4128952026367188,-0.017747061985392887,78.51026016650647,75.09423126220703,65.18382328033448,52.196301837767386,1.2309895976531344,147763000.0,1.230653385816197,-0.33275544461812134,1.5634088304343183,76.37223837586208,78.93349113464356,81.49474389342504,6.489647732449923,0.35681246704420055,44.017232577984466,49.85193849931128,0.00915936963649755,1
2024-12-10,78.91627502441406,NDAQ,79.42648511940718,77.66036634214832,78.34718906344796,1787600,0.7162628173828125,0.00915936963649755,78.54892824821196,75.24406936645508,65.30658054351807,55.986942063335846,1.2692131104821145,149550600.0,1.1198850993898475,-0.35481898483557694,1.4747040842254244,76.46309791357227,78.9828067779541,81.50251564233592,6.380398385855121,0.4867977299916441,35.29600788034457,44.25021694039764,0.010941137777011223,1
2024-12-11,79.77970886230469,NDAQ,79.91707340396519,78.26869141823309,78.90645963926032,2806800,0.863433837890625,0.010941137777011223,78.66614544955414,75.41039321899414,65.4327841949463,60.0948556463372,1.2962966015713993,152357400.0,1.0892165190369383,-0.30839005215078896,1.3976065711877272,76.66687495877513,79.1012191772461,81.53556339571706,6.155010614984861,0.6393577949885737,33.152611589774715,37.488617349367935,-0.005411362426634425,0
2024-12-12,79.34799194335938,NDAQ,79.92688427766853,79.23024770389384,79.77970584978806,1465400,-0.4317169189453125,-0.005411362426634425,78.73108321086892,75.56925689697266,65.55707117080688,57.21920412558279,1.2534637424430635,150892000.0,1.0183367486561252,-0.3034158580252817,1.321752606681407,76.76665665962317,79.16184883117675,81.55704100273034,6.0513800698658695,0.5388576571001988,39.33570837192574,35.928109280681696,-0.00927415555320521,0
2024-12-13,78.61210632324219,NDAQ,79.73065038409217,78.44530011459875,79.49516190805639,1890500,-0.7358856201171875,-0.00927415555320521,78.71975207871398,75.71477233886719,65.67825923919678,52.598890327769844,1.2557413515180889,149001500.0,0.892496061440653,-0.3434052361926032,1.2359012976332562,77.2292074922652,79.27421913146972,81.31923077067424,5.159335939501429,0.3381151491917458,36.97248844988886,36.48693613719646,0.004243658144735374,1
2024-12-16,78.94570922851562,NDAQ,79.71102811404431,78.76909660217775,79.06345347467628,2051700,0.3336029052734375,0.004243658144735374,78.74127180726651,75.88261260986329,65.79951892852783,54.396645872723,1.2445399543240914,151053200.0,0.8103442327159769,-0.3404456519338235,1.1507898846498004,77.58638654399321,79.3690299987793,81.15167345356538,4.492037901467361,0.3812660015868203,30.492779847562684,35.60032555645911,-0.010564314024584687,0
2024-12-17,78.11170196533203,NDAQ,78.55322975376207,77.82715900703943,78.21963231109149,3077100,-0.8340072631835938,-0.010564314024584687,78.68131277470133,76.05822952270508,65.9144800376892,49.356836221666526,1.235540687692099,147976100.0,0.67021507830205,-0.3844598450782004,1.0546749233802504,77.5989506593197,79.37224769592285,81.145544732526,4.468304950608683,0.14457569584465563,20.887501282632837,29.450923193361476,-0.026881040395840827,0
2024-12-18,76.01197814941406,NDAQ,78.57285727988943,75.96291617939046,78.4158649644584,2664200,-2.0997238159179688,-0.026881040395840827,78.42709042943588,76.1660255432129,66.0191360282898,39.44761018983205,1.3337121457497325,145311900.0,0.38529016484693557,-0.5355078068266519,0.9207979716735875,76.97961988738491,79.25189208984375,81.52416429230259,5.734303983261067,-0.21292381628480986,13.76613978945183,21.71547363988247,-0.0011617937573684678,0
2024-12-19,75.92366790771484,NDAQ,77.15014229713402,75.8549856413396,76.52218800861586,3238300,-0.08831024169921875,-0.0011617937573684678,78.18866923689102,76.2665769958496,66.11870639801026,39.092130052903414,1.3309581821814966,142073600.0,0.15062293229104284,-0.6161400315060358,0.7667629637970786,76.45630008253261,79.13103408813477,81.80576809373693,6.760265517630136,-0.09956731654478147,4.175657707697661,12.943099593260792,0.004135370192153598,1
2024-12-20,76.23764038085938,NDAQ,77.10108308902254,75.63912031662996,75.92366325583781,7181700,0.31397247314453125,0.004135370192153598,78.002856964888,76.3857342529297,66.21384799957275,41.12355781366388,1.34031565291086,149255300.0,-0.009903425070760363,-0.6213331110942713,0.6114296860235109,76.02950518413985,78.9867431640625,81.94398114398516,7.4879349659479075,0.03519080948719732,5.3219642377202945,7.754587244956614,0.0030890797408487103,1
2024-12-23,76.47314453125,NDAQ,76.73805974373914,75.75688009098329,76.1002914722865,1775300,0.235504150390625,0.0030890797408487103,77.85717006644629,76.5139060974121,66.30591005325317,42.66815612468362,1.3146630814712168,151030600.0,-0.11677242325673376,-0.5825616874241957,0.46578926416746197,75.69729371492431,78.84493446350098,81.99257521207764,7.984382941008782,0.12324322854768602,11.532594876212153,7.0100722738767205,0.012573666971018582,1
2024-12-24,77.4346923828125,NDAQ,77.47394046518397,76.22784566456664,76.53200894568764,846400,0.9615478515625,0.012573666971018582,77.81693409657639,76.6427212524414,66.40268308639526,48.59760552544316,1.3097653471245105,151877000.0,-0.1224662835540471,-0.47060443817720726,0.34813815462316017,75.55300718499856,78.72919158935547,81.90537599371237,8.068632079759185,0.2962178762720376,25.09556942627731,13.98337618006994,0.002534307041121231,1
2024-12-26,77.63093566894531,NDAQ,77.9056647699111,76.90485734689966,77.02260159837353,1842400,0.1962432861328125,0.002534307041121231,77.79921996061152,76.76646118164062,66.50184022903443,49.7400860039476,1.2876969239735767,153719400.0,-0.10987692297236151,-0.36641206207641736,0.25653513910405584,75.5148570212616,78.5679874420166,81.6211178627716,7.771945088979695,0.3465424590608269,35.927130279800096,24.18509819409654,-0.008847553699459887,0
2024-12-27,76.944091796875,NDAQ,77.68979028579814,76.59086659084852,77.15013858608957,1347000,-0.6868438720703125,-0.008847553699459887,77.7177791831128,76.86218124389649,66.59746603012086,45.89522336103629,1.274213121900437,152372400.0,-0.15355226931458787,-0.328069926734915,0.17451765742032713,75.48421447749178,78.35287551879883,81.22153656010587,7.322414199383878,0.25445273916329614,39.588302473545944,33.53700072654113,-0.013006662425475102,0
2024-12-30,75.94330596923828,NDAQ,76.41426800647078,75.4330883621287,76.26709704846476,1654100,-1.0007858276367188,-0.013006662425475102,77.54878173417237,76.9304507446289,66.69221506118774,40.93056019897267,1.2911267156751416,150718300.0,-0.2658557289746426,-0.3522987091159758,0.0864429801413332,75.35054381531981,78.09065971374511,80.83077561217041,7.017781405534728,0.10816370107905321,29.414025366572776,34.97648603997296,-0.0011629447779047952,0
2024-12-31,75.85498809814453,NDAQ,76.54181826994781,75.60969321231605,76.47313600134807,2288000,-0.08831787109375,-0.0011629447779047952,77.38746805455067,76.98188812255859,66.78171562194824,40.51405527001404,1.2654837401006147,148430300.0,-0.3578583753599389,-0.3554410844010177,-0.0024172909589212366,75.11322138185189,77.88957252502442,80.66592366819695,7.128941790714142,0.13358661747754083,17.059031580131215,28.68711980675,0.001552331338355195,1
2025-01-02,75.97274017333984,NDAQ,76.61050843942846,75.45271615948204,76.14935280878274,2810700,0.1177520751953125,0.001552331338355195,77.25273206586392,77.04761581420898,66.86884307861328,41.3706826574163,1.2577914929467435,151241000.0,-0.4164687347589222,-0.3312411550400008,-0.08522757971892143,74.90231776400556,77.72665634155274,80.55099491909992,7.267361573193743,0.18949966159225523,10.917044906638809,19.130033951114285,0.010202754617213872,1
2025-01-03,76.74787139892578,NDAQ,76.91467013843814,75.94330440655311,76.41426643409463,2687000,0.7751312255859375,0.010202754617213872,77.2046500975841,77.12904190063476,66.9493098449707,46.80153550296499,1.237332510013764,153928000.0,-0.39580861960017444,-0.2484648319050024,-0.14734378769517203,74.82626142502639,77.61032257080078,80.39438371657516,7.174460957135182,0.3451091540888009,17.330335924663032,15.102137470477706,-0.017898409831028306,0
2025-01-06,75.37420654296875,NDAQ,76.93428579199751,75.29571038882027,76.93428579199751,3515400,-1.3736648559570312,-0.017898409831028306,77.0303221400017,77.19042922973632,67.0305799293518,39.77070365893683,1.265992716668298,150412600.0,-0.4846913826193884,-0.2698780759393731,-0.2148133066800153,74.59977603848965,77.40378379821777,80.2077915579459,7.245143899005839,0.13809350237928517,14.7934429005161,14.346941243939332,-0.005987885153097672,0
2025-01-07,74.9228744506836,NDAQ,75.89424015341768,74.5402150076124,75.82555788122045,2242200,-0.45133209228515625,-0.005987885153097672,76.82961283625713,77.21676773071289,67.10493207931519,37.763379227834456,1.2722807473209399,148170400.0,-0.5848090261629437,-0.29599657558634274,-0.288812450576601,74.35904510740988,77.16928215026856,79.97951919312723,7.283304870936639,0.1003170434868659,13.953519961522431,15.359099595567207,0.021739070665013793,1
2025-01-08,76.55162811279297,NDAQ,76.86560528131888,74.98174227016342,75.25647135689782,3600400,1.628753662109375,0.021739070665013793,76.80313810068911,77.28644241333008,67.1884476852417,47.96941089851278,1.3201700389862503,151770800.0,-0.5266552179884911,-0.1902742139295121,-0.336381004058979,74.30584173962296,77.08686294555665,79.86788415149033,7.215292203284513,0.4037700914287022,20.381718954335984,16.376227272124858,-0.027428859028630792,0
2025-01-10,74.451904296875,NDAQ,76.35539508932855,74.18698910238805,76.35539508932855,3434600,-2.0997238159179688,-0.027428859028630792,76.57921107175443,77.30140487670899,67.26423227310181,39.07359592925715,1.394774965516155,148336200.0,-0.6425906844436753,-0.24496774430775703,-0.39762294013591826,73.99066257959525,76.86364440917968,79.73662623876412,7.475528519803876,0.08027229976363355,22.163751599856912,18.8329968385718,0.003953554622813105,1
2025-01-13,74.74625396728516,NDAQ,74.8345565283399,73.91225289661118,74.22623003448157,1708500,0.29434967041015625,0.003953554622813105,76.40464372847165,77.31149353027344,67.33580770492554,40.73288185460012,1.361027013102767,150044700.0,-0.7026194587055556,-0.2439972148557099,-0.45862224384984573,73.92931440174125,76.61197166442871,79.29462892711616,7.003232535087011,0.15226312673380862,25.962209612118045,22.835893388770334,0.000918941556521391,1
2025-01-14,74.81494140625,NDAQ,75.33496537501695,74.6088945970672,74.8640033785437,2353900,0.06868743896484375,0.000918941556521391,76.25324350730769,77.32960815429688,67.40398788452148,41.13575259998541,1.3156729963061224,152398600.0,-0.7361641504325718,-0.2220335252661808,-0.514130625166391,73.90744370209472,76.38531913757325,78.86319457305177,6.487831597628762,0.1831201220129173,16.870926460643574,21.665629224206196,0.009573793735845548,1
2025-01-15,75.53120422363281,NDAQ,76.33577114636869,75.09948283091403,76.09047626156134,2180500,0.7162628173828125,0.009573793735845548,76.18447786124342,77.39393981933594,67.47526382446289,45.31054856623099,1.3303270494355912,154579100.0,-0.6969184944111362,-0.14623029539579613,-0.55068819901534,73.95111322259157,76.23127403259278,78.51143484259399,5.982218817506108,0.3464867464853068,28.00980726756781,23.614314446776493,0.018316416542744518,1
2025-01-16,76.91466522216797,NDAQ,77.08146395101879,75.9236717690911,76.05122990299371,3148000,1.3834609985351562,0.018316416542744518,76.25401951466482,77.47811447143555,67.55738998413086,52.34134661418907,1.3460365264320475,157727100.0,-0.5478668210706132,0.0022571023557814707,-0.5501239234263947,74.1861028009493,76.1297218322754,78.07334086360149,5.106071543537655,0.7019283041690078,46.109712174955234,30.33014863438889,0.005613032925422035,1
2025-01-17,77.34638977050781,NDAQ,77.8762276535301,77.27770749784601,77.51318850614271,2714700,0.43172454833984375,0.005613032925422035,76.35805477712606,77.56133697509766,67.64633602142334,54.31512332383908,1.3185740910699104,160441800.0,-0.3904053828756133,0.12777483244062515,-0.5181802153162385,74.2797705334049,76.09145622253418,77.90314191166345,4.761863628502232,0.8463441687218867,67.45278838916319,47.19076927722876,0.01319290909618176,1
2025-01-21,78.36681365966797,NDAQ,78.38643395699006,77.66036318317803,77.66036318317803,1983900,1.0204238891601562,0.01319290909618176,76.54936514689194,77.6389453125,67.73917030334472,58.67185417566442,1.2986790978850775,162425700.0,-0.18118775913883667,0.26959396494192145,-0.4507817240807581,74.14499367823865,76.20919799804688,78.2734023178551,5.4172052036583,1.022626476680745,87.12642925493681,66.8963099396851,0.012019729947199576,1
2025-01-22,79.30876159667969,NDAQ,79.44612616386745,78.10190720117869,78.36682992776042,1803500,0.9419479370117188,0.012019729947199576,76.81216480877649,77.70702255249023,67.83923917770386,62.25058824671844,1.3019319453710545,164229200.0,0.0599351462756772,0.4085734962851483,-0.3486383500094711,73.91847213481164,76.37845268249512,78.83843323017861,6.441556384782011,1.0955959523631147,94.57096633458998,83.05006132623002,0.002474132668305762,1
2025-01-23,79.5049819946289,NDAQ,79.52460977873086,78.62191885519785,79.27931487810037,1857400,0.19622039794921875,0.002474132668305762,77.06862358838147,77.7674803161621,67.93553079605103,62.969937647760936,1.2734147295254803,166086600.0,0.2638189911373985,0.4899658729174956,-0.22614688178009715,73.73186948429282,76.5418197631836,79.35177004207438,7.34226149204349,1.0272623956561624,98.90983431300829,93.53574330084506,0.0014809694040145427,1
2025-01-24,79.62272644042969,NDAQ,80.03482007792333,79.14195053002044,79.14195053002044,2270300,0.11774444580078125,0.0014809694040145427,77.31187147905273,77.82031448364258,68.03192558288575,63.42039089215207,1.2462329308381523,168356900.0,0.4299432813221671,0.5248721304818114,-0.09492884915964431,73.585767769815,76.69929885864258,79.81282994747015,8.118799350606409,0.9694713973271989,96.81243092935024,96.76441052564952,0.0038199325240435567,1
2025-01-27,79.9268798828125,NDAQ,79.93669377367978,78.2490638631654,78.99476236716592,2419500,0.3041534423828125,0.0038199325240435567,77.56091989845842,77.86025283813477,68.12294635772705,64.6177321067517,1.277761286529311,170776400.0,0.5794609538641424,0.5395118424190294,0.03994911144511304,73.41696517832418,76.82390823364258,80.23085128896099,8.869486423307075,0.9553894207779644,97.05218453402249,97.59148325879369,-0.003314377307139571,0
2025-01-28,79.66197204589844,NDAQ,80.75108197241397,79.47554553129302,79.96613531852321,3359600,-0.2649078369140625,-0.003314377307139571,77.76102010297652,77.90526306152344,68.21531312942506,62.69293813810179,1.2776023690001423,167416800.0,0.6688686367701138,0.5031356202600006,0.16573301651011318,73.31344226754534,76.92546005249024,80.53747783743513,9.39095530265332,0.8788065502908297,91.86029735810018,95.24163760715766,0.006651085184113281,1
2025-01-29,80.19181060791016,NDAQ,80.58427645244353,74.90324576889095,77.75848194845001,7183400,0.5298385620117188,0.006651085184113281,77.99252396058924,77.94639129638672,68.31008628845215,64.94225167470327,1.5921329628967449,174600200.0,0.7735612806116876,0.4862626112812595,0.2872986693304281,73.20520057196613,77.087845993042,80.97049141411786,10.07330110488835,0.899722905163983,91.37791432807859,93.43013207340044,0.006729489698361624,1
2025-01-30,80.73146057128906,NDAQ,80.78052254821323,79.32837336945408,80.49597955082777,2948800,0.5396499633789062,0.006729489698361624,78.25337506637017,78.03372650146484,68.41503511428833,67.11688093136728,1.5821341211726305,177549000.0,0.889818918527908,0.4820161993579839,0.40780271916992406,73.17528283131314,77.32725372314454,81.47922461497593,10.738699984605002,0.9099507121836975,91.7274680268655,91.65522657101478,0.0007290934462484966,1
2025-01-31,80.79032135009766,NDAQ,81.32015921061654,80.24086319213998,80.94731367283183,2688700,0.05886077880859375,0.0007290934462484966,78.49498899815374,78.10854309082032,68.52673603057862,67.35474008754093,1.5462171138371967,180237700.0,0.9754590226860103,0.4541250428128689,0.5213339798731413,73.21967297112359,77.57402038574219,81.92836780036079,11.226303324144624,0.8693206648552623,94.65182022180586,92.58573419225,-0.0051006912700677365,0
2025-02-03,80.37823486328125,NDAQ,80.74127402746062,79.23025647320426,80.025009591595,2558300,-0.41208648681640625,-0.0051006912700677365,78.67434574721351,78.15516082763672,68.63715341567993,63.87136593187951,1.5472062397697823,177679400.0,0.9985666321500446,0.3817861218215226,0.616780510328522,73.34163729866276,77.79429512023925,82.24695294181575,11.44726053419327,0.7901570080818756,92.6994556699495,93.02624797287365,-0.00244149783167813,0
2025-02-04,80.18199157714844,NDAQ,81.01599267203952,79.68158792589152,80.23104606166811,2669000,-0.1962432861328125,-0.00244149783167813,78.81793106435018,78.19041885375977,68.74668668746948,62.22107472127803,1.5320061330825119,175010400.0,0.9896364727833458,0.298284769963859,0.6913517028194868,73.42403589202853,77.96600112915038,82.50796636627224,11.651143245369502,0.743946214062426,87.0252332653984,91.45883638571793,0.013950084180065936,1
2025-02-05,81.300537109375,NDAQ,81.62432815347586,80.58427275295243,80.78051315201618,3646800,1.1185455322265625,0.013950084180065936,79.05436973530492,78.24961303710937,68.8615213394165,67.39255318582998,1.5256011647428627,178657200.0,1.0605907040806812,0.29539120100895555,0.7651995030717257,73.66247195563564,78.2623176574707,82.86216335930577,11.754943731585175,0.8302523224520584,87.80349534519307,89.17606142684701,0.010861727381106023,1
2025-02-06,82.18360137939453,NDAQ,82.56626080584661,81.33978636572947,81.62432933413336,3659300,0.8830642700195312,0.010861727381106023,79.35239179664678,78.31081588745117,68.97941179275513,70.79187393157378,1.5070384884377732,182316500.0,1.174538995678958,0.32747159408578586,0.8470674015931722,73.99109937725365,78.62535400390625,83.25960863055886,11.78819398745694,0.8839071935132808,90.81729107583523,88.54867322880892,-0.01122255364826985,0
2025-02-07,81.26129150390625,NDAQ,82.49757985533168,81.24167120630536,82.41908369331603,1865700,-0.9223098754882812,-0.01122255364826985,79.53419176876673,78.34985534667969,69.08856353759765,63.36212231898087,1.489100642765527,180450800.0,1.1768550859727895,0.2638301475036938,0.9130249384690957,74.19349615971953,78.86083717346192,83.5281781872043,11.836904554984946,0.7571543758401735,91.05313955165688,89.89130865756174,-0.019439718789080573,0
2025-02-10,79.68159484863281,NDAQ,82.35040457279513,79.54423030275443,81.44772113250679,2884900,-1.5796966552734375,-0.019439718789080573,79.5482301573254,78.34849624633789,69.19035091400147,53.085541121541056,1.5831773304280394,177565900.0,1.0392425450589826,0.10097408527190943,0.9382684597870732,74.90834895361645,79.1223217010498,83.33629444848314,10.651792457140282,0.5663593693058002,80.11098476010685,87.327138462533,-0.01132858152593641,0
2025-02-11,78.77891540527344,NDAQ,79.59329631558968,78.15096102488197,79.31855972408755,2498000,-0.902679443359375,-0.01132858152593641,79.4749620857014,78.30697418212891,69.28563413619995,48.26802669441032,1.57942422280824,175067900.0,0.8475746152994645,-0.072555075590087,0.9201296908895515,75.61066316736893,79.32395477294922,83.03724637852952,9.362346131654517,0.42660967336140465,65.30094825053607,78.82169085409996,-0.004608399809795216,0
2025-02-12,78.4158706665039,NDAQ,78.90646045919095,77.75848214089675,78.0724593087842,2682400,-0.36304473876953125,-0.004608399809795216,79.37409623625402,78.25036499023437,69.38497724533082,46.44255882407382,1.5486066582000948,172385500.0,0.6587876300270494,-0.20907364869000178,0.8678612787170512,76.38029339537233,79.50400123596191,82.62770907655148,7.857989011945811,0.3258270899539974,52.923658007813856,66.11186367281894,0.022147230161143172,1
2025-02-13,80.1525650024414,NDAQ,80.28011565727455,78.63173360757014,78.63173360757014,1883200,1.7366943359375,0.022147230161143172,79.44823611874806,78.22966384887695,69.49382926940918,55.17579438836272,1.5711522533837055,174268700.0,0.6419097665975215,-0.18076120969562381,0.8226709762931453,77.1911579772181,79.73506927490234,82.27898057258659,6.3809094814067615,0.5820578390290404,54.972330110275244,57.73231212287507,-0.009548288619278034,0
2025-02-14,79.38724517822266,NDAQ,80.66277416913347,79.34799709585222,80.29973502156167,2012000,-0.76531982421875,-0.009548288619278034,79.44242745774564,78.21987411499023,69.59904888153076,51.21267568433991,1.5528397405192442,172256700.0,0.5603200042395713,-0.20988077764285928,0.7702007818824306,77.65787826861461,79.85869827270508,82.05951827679556,5.511785320053714,0.39289149189707057,57.61850253725291,55.17149688511402,0.004078537727122633,1
2025-02-18,79.71102905273438,NDAQ,79.95632395410304,79.22043924999706,79.67178097021863,1854200,0.32378387451171875,0.004078537727122633,79.46800856203028,78.22947341918945,69.7070041847229,52.7586687768292,1.4944858093468687,174110900.0,0.5158399011653074,-0.2034887045736986,0.719328605739006,78.0981764108144,79.9769302368164,81.8556840628184,4.698239405885913,0.42923469259198654,63.25230933516226,58.61438066089682,0.016617431816815742,1
2025-02-19,81.0356216430664,NDAQ,81.15336589296764,79.62272807328398,79.98575974365146,2233200,1.3245925903320312,0.016617431816815742,79.61730504593848,78.26869491577149,69.8214368057251,58.54600516869368,1.4970680957994968,176344100.0,0.5807778059493813,-0.11084063983169978,0.6916184457810811,78.33156176527355,80.11037063598633,81.88917950669911,4.440895371201097,0.7600760043178006,63.139398833043664,61.33673690181963,-0.0006053758315326396,0
2025-02-20,80.98656463623047,NDAQ,81.13374307258107,79.99557114966301,80.79032422582758,1790400,-0.0490570068359375,-0.0006053758315326396,79.74771072120438,78.29832656860351,69.9347015953064,58.261335990625156,1.4714326548793943,174553700.0,0.6211231518195319,-0.05639623516923942,0.6775193869887713,78.4163298154668,80.19426078796387,81.97219176046094,4.434060380450365,0.7228162567959039,66.01542898737915,64.13571238519505,-0.017809584128075984,0
2025-02-21,79.54422760009766,NDAQ,81.30053993221895,79.43629724831658,81.25147795929809,2156100,-1.4423370361328125,-0.017809584128075984,79.72833137633708,78.29695297241211,70.03687036514282,50.48839861358389,1.4994905140953216,172397600.0,0.5305962016636556,-0.11753854826009258,0.6481347499237482,78.42125526039793,80.1962230682373,81.97119087607668,4.426562099636764,0.31633597373991135,57.48300850555585,62.21261210865958,-0.013938586925923091,0
2025-02-24,78.43549346923828,NDAQ,80.2310463072341,78.21963277643516,80.04462728819969,2342200,-1.108734130859375,-0.013938586925923091,79.60520395661338,78.30166259765625,70.12995096206664,45.46677430256296,1.5360564438598654,170055400.0,0.36517782057083537,-0.2263655434823303,0.5915433640531657,78.21574987546063,80.13686141967773,82.05797296389483,4.794576453790006,0.05719178421448754,39.45577697772761,54.31807149022089,-0.004878560276603827,0
2025-02-25,78.05284118652344,NDAQ,78.85740816952493,77.2875148005213,78.50418291007975,2387000,-0.38265228271484375,-0.004878560276603827,79.45735988327148,78.28439392089844,70.22451709747314,43.845922137654725,1.5384733670844204,167668400.0,0.20088998581634598,-0.3125227025894557,0.5134126884058017,77.91822208055068,80.04315948486328,82.16809688917589,5.3094790810061525,0.031676016832201254,21.90756077036758,39.61544875121703,0.006159595454473532,1
2025-02-26,78.53361511230469,NDAQ,78.91627455271384,77.57205582242644,77.85659880120872,3334900,0.48077392578125,0.006159595454473532,79.36938419079844,78.25947204589843,70.32629400253296,46.42992390321586,1.524598035884634,171003300.0,0.1082374371585928,-0.32414020099776714,0.43237763815635993,77.76653643407055,79.98674163818359,82.20694684229663,5.551433046631755,0.1727495000942008,17.39527834094274,26.252872029679327,0.009495259073684759,1
2025-02-27,79.27931213378906,NDAQ,80.9080663249758,78.97514137718805,79.10269951201643,2270900,0.745697021484375,0.009495259073684759,79.3608058996547,78.25809844970703,70.4304884338379,50.25358571922482,1.5853018342265257,173274200.0,0.09389873622424716,-0.27078312154569023,0.3646818577699374,77.70221849035335,79.94111671447754,82.18001493860174,5.6013683974938235,0.35220306721459754,25.444683361447044,21.58250749091914,0.02450492710342833,1
2025-02-28,81.2220458984375,NDAQ,81.26129398064155,79.42648543808482,79.80914488231655,3347300,1.9427337646484375,0.02450492710342833,79.53806685191972,78.31029724121093,70.54206588745117,58.55361191814274,1.6136361208426662,176621500.0,0.23657055305704944,-0.10248904377031037,0.3390595968273598,77.6823400988256,79.96564598083496,82.24895186284432,5.710717031052532,0.7751273772607455,46.516312782848985,29.785424828412943,-0.009784860626627867,0
2025-03-03,80.42729949951172,NDAQ,81.77151086906186,79.92689576710774,81.43791337133045,2570200,-0.7947463989257812,-0.009784860626627867,79.62275567549992,78.33992904663086,70.64986383438111,54.54432431652834,1.6301346194934843,174051300.0,0.2822559326777707,-0.04544293131967131,0.327698863997442,77.68502393744109,79.94749488830567,82.20996583917025,5.659892042960124,0.6060355296545789,61.98832297698427,44.64977304042679,-0.039160702375607426,0
2025-03-04,77.2777099609375,NDAQ,80.3782337073877,76.28671643596854,80.2899311336393,4134000,-3.1495895385742188,-0.039160702375607426,79.39941798839874,78.32324920654297,70.7429334640503,42.20948166301596,1.8094523654970338,169917300.0,0.06358342152367413,-0.2112923539790143,0.27487577550268844,77.26045656121146,79.79246864318847,82.32448072516549,6.346493911097115,0.0034070531986902797,55.267728993777474,54.5907882512036,0.0005078515588594623,1
2025-03-05,77.31695556640625,NDAQ,77.59168465700445,76.35539626350628,76.89504803847151,3848600,0.03924560546875,0.0005078515588594623,79.20108823392327,78.34934875488281,70.83163522720336,42.384323945613275,1.7685120817828293,173765900.0,-0.10533508930353719,-0.3041686918449805,0.1988336025414433,76.90617323284548,79.64921684265137,82.39226045245726,6.887810623988513,0.07487710587106612,35.62452931552445,50.96019376209542,-0.03337577096232047,0
2025-03-06,74.73644256591797,NDAQ,76.2867080108344,73.89262757619412,76.07084731776936,4182900,-2.5805130004882812,-0.03337577096232047,78.77588388458943,78.32560424804687,70.90316160202026,34.906207195026006,1.8867846466706368,169583000.0,-0.44233114096716974,-0.5129317948068904,0.07060065383972071,75.94831091796475,79.32101211547851,82.69371331299227,8.503928801623605,-0.17965842229666318,15.853798686159964,35.582018998487314,-0.019823894902486816,0
2025-03-07,73.25487518310547,NDAQ,74.6187142776509,71.8517880048414,74.6187142776509,4114400,-1.4815673828125,-0.019823894902486816,78.25007353206715,78.2659489440918,70.96470674514771,31.472820740873768,1.9580610691282037,165468600.0,-0.8195062872987506,-0.712085552910777,-0.10742073438797359,74.83742187615996,78.87457580566407,82.91172973516817,10.236895446388411,-0.19599781438713768,14.545933127652944,22.00808704311247,-0.02424340450190765,0
2025-03-10,71.47892761230469,NDAQ,72.43067295878011,70.47812778057323,72.41105266183884,5235600,-1.7759475708007812,-0.02424340450190765,77.60520249208976,78.16606460571289,71.01887733459472,27.926848208439804,2.0165386643713488,160233000.0,-1.2473458088782792,-0.9119400595922444,-0.3354057492860347,73.37132702916112,78.38545761108398,83.39958819300684,12.793522509751453,-0.18870663477323354,11.238691263029544,13.879474358947503,-0.007686933110297223,0
2025-03-11,70.92947387695312,NDAQ,72.01858382712912,70.59586892176999,71.48874594711327,4845500,-0.5494537353515625,-0.007686933110297223,76.9694188144577,78.03596023559571,71.07034923553466,26.916426264351724,1.974122681584762,155387500.0,-1.612164013404481,-1.0214066112947568,-0.590757402109724,72.01844572223594,77.9478515625,83.87725740276407,15.213776188583623,-0.09182807473626362,9.000932498844325,11.595185629842291,0.009544827354760699,1
2025-03-12,71.60648345947266,NDAQ,72.46991872766614,70.85097104972351,72.35217449235567,2431300,0.6770095825195312,0.009544827354760699,76.4586630663639,77.91547119140625,71.12515760421753,30.26441260480261,1.9487530384674667,157818800.0,-1.825611540129671,-0.9878833104159576,-0.8377282297137135,71.06635695710598,77.58922996520997,84.11210297331395,16.81386195230642,0.041402500224642175,7.616559144386881,9.285394302086937,-0.01109891157788978,0
2025-03-13,70.81172943115234,NDAQ,71.87140518819984,70.44869777265353,71.55742801786793,3123100,-0.7947540283203125,-0.01109891157788978,75.92085986301042,77.7928239440918,71.18050777435303,28.607619682936562,1.9111783511159557,154695700.0,-2.0354370001920046,-0.9581670163826328,-1.0772699838093718,70.06620284630789,77.20902290344239,84.35184296057689,18.502552651306857,0.052187131894761735,5.731349748857688,7.449613797362983,0.018490244234862452,1
2025-03-14,72.12105560302734,NDAQ,72.32778990832635,71.21535279928197,71.51069181301376,3746800,1.309326171875,0.018490244234862452,75.55897374301203,77.71637893676758,71.23895721435547,34.927823831166684,1.8829556458343881,158442500.0,-2.0721866318269804,-0.7959333184140869,-1.2762533134128935,69.47127532749047,76.80744743347168,84.14361953945289,19.10276243025933,0.180596926929815,9.32243480754376,7.556781233596129,0.017608600651789486,1
2025-03-17,73.39100646972656,NDAQ,73.82416087312181,71.92416544608756,72.03245592463227,2313000,1.2699508666992188,0.017608600651789486,75.3525006693658,77.66709930419921,71.31361299514771,40.4357565623206,1.88417277306295,160755500.0,-1.976057793948712,-0.5598435844286547,-1.4162142095200574,69.12771579163605,76.50763549804688,83.88755520445771,19.291982188102594,0.28884397443965776,14.653891347679926,9.90255863469381,0.010060287919150923,1
2025-03-18,74.12934112548828,NDAQ,74.22778495948197,72.91846018609505,73.16457352647079,2634500,0.7383346557617188,0.010060287919150923,75.2360092842346,77.63023132324219,71.39365985870361,43.4335600593484,1.8431122016575192,163390000.0,-1.8193255091804872,-0.32248903972834375,-1.4968364694521434,68.93262256289218,76.22855110168457,83.52447964047697,19.142246398098372,0.35613825813706856,24.420638845520685,16.13232166691481,0.016998582070650192,1
2025-03-19,75.38943481445312,NDAQ,75.70445956708785,73.80446441535203,74.08011013505961,2248700,1.2600936889648438,0.016998582070650192,75.25062123949351,77.60306259155273,71.48389158248901,48.2230398724846,1.8471752695202552,165638700.0,-1.5752762110636809,-0.06275179328922986,-1.512524417774451,68.98700209080263,75.94624176025391,82.90548142970519,18.326751944935246,0.4599951307723326,34.04245038533592,24.372326859512196,0.004309188009363751,1
2025-03-20,75.71430206298828,NDAQ,76.03916592300446,74.19824317671156,74.24746133209237,2367200,0.32486724853515625,0.004309188009363751,75.29478131792159,77.60986450195313,71.57584474563599,49.412260813627775,1.8467286607183016,168005900.0,-1.340202294296276,0.13785769878254017,-1.478059993078816,69.11887684497864,75.6826286315918,82.24638041820495,17.345464620591365,0.5024127535917098,40.8820215928323,33.115036941229654,-0.017682845418063753,0
2025-03-21,74.37545776367188,NDAQ,75.52726644511363,74.19825585031289,75.52726644511363,3046300,-1.3388442993164062,-0.017682845418063753,75.20722669370733,77.5989161682129,71.66251176834106,44.84124725028044,1.8231084858580937,164959600.0,-1.247557006810922,0.18440238901431516,-1.4319593958252372,69.08581294076109,75.4241901397705,81.76256733877992,16.807279434525196,0.41727122391339166,43.228628174682264,39.38436671761684,0.024619378901866273,1
2025-03-24,76.20653533935547,NDAQ,76.44280203385861,74.96612204934408,75.20238874384722,2076000,1.8310775756835938,0.024619378901866273,75.30239894567381,77.59201431274414,71.75498392105102,51.45547834381597,1.8405538990244255,167035600.0,-1.0146856273099019,0.3338190148122684,-1.3485046421221702,69.11321271666587,75.31274223327637,81.51227174988686,16.463427921420926,0.5720855593706222,55.55296767186301,46.554539146459206,0.003358748117718413,1
2025-03-25,76.46249389648438,NDAQ,77.00394627165508,76.06871103370418,76.6396958091963,1677500,0.25595855712890625,0.003358748117718413,75.41288417908434,77.63222610473633,71.84737632751465,52.31624019624915,1.775888280376317,168713100.0,-0.8002548253964221,0.4385998533805986,-1.2388546787770207,69.1363706385186,75.23322486877441,81.33007909903023,16.20787688123234,0.6008117449823286,70.63156360452227,56.471053150355864,-0.001802517877504961,0
2025-03-26,76.32466888427734,NDAQ,77.0728555515345,75.91120026978648,76.4624917557743,2141700,-0.13782501220703125,-0.001802517877504961,75.49972081767415,77.66379440307617,71.94126459121703,51.78378915475423,1.7320144947600107,166571400.0,-0.6341283596243557,0.483781055322132,-1.1179094149464877,69.19128770013798,75.12277755737304,81.0542674146081,15.791455135441566,0.6013144552070901,87.01787078168441,71.06746735268992,-0.015090922885354074,0
2025-03-27,75.17285919189453,NDAQ,76.37389349316224,75.12363351956726,75.80290874161152,2534200,-1.1518096923828125,-0.015090922885354074,75.46859113902846,77.67095275878906,72.03172441482543,47.438566039882645,1.697603457533937,164037200.0,-0.5886280173477303,0.42342511807900585,-1.0120531354267361,69.29970731307556,74.91745491027832,80.53520250748109,14.997166158222058,0.5227319114286464,83.92083794886547,80.52342411169073,-0.018989030511038396,0
2025-03-28,73.74539947509766,NDAQ,75.31067659923957,73.5780367077935,74.95627281438054,2989200,-1.427459716796875,-0.018989030511038396,75.30447764722554,77.63523666381836,72.11252206802368,42.66089707739593,1.7001060599562323,161048000.0,-0.6601430198401772,0.28152809246924715,-0.9416711123094244,69.7139999401342,74.54362258911132,79.37324523808844,12.957842619477391,0.4173617514214362,69.93006858227616,80.2895924376087,0.012681827572789794,1
2025-03-31,74.68062591552734,NDAQ,74.84798116940533,72.80031655829524,72.9972117194303,4035400,0.9352264404296875,0.012681827572789794,75.24506319658762,77.59055587768555,72.19935541152954,46.46506255676832,1.7249316707529367,165083400.0,-0.634045336860197,0.24610062035938196,-0.880145957219579,70.24689549646436,74.25628890991212,78.26568232335987,10.798798249430316,0.5529178558771479,61.657102550823275,71.83600302732165,0.0023727749360757944,1
2025-04-01,74.85782623291016,NDAQ,75.4189642864902,74.05057486616725,74.53295485694743,2530500,0.1772003173828125,0.0023727749360757944,75.2081834857612,77.5407846069336,72.28450136184692,47.180115755123694,1.6994643671507943,167613900.0,-0.5922372085022118,0.23032699897389386,-0.8225642074761057,70.35862296548059,74.13529472351074,77.91196648154089,10.188593090822206,0.5956571759066874,60.0718295269391,63.8863335533462,0.02972136002034298,1
2025-04-02,77.08270263671875,NDAQ,77.18114647253452,74.1982539336955,74.49358544114281,3091700,2.2248764038085938,0.02972136002034298,75.38670911918572,77.51510238647461,72.38247110366821,55.260283232056295,1.791137807985668,170705600.0,-0.375249392436416,0.35785185203175185,-0.7331012444681678,70.3851933384015,74.12358207702637,77.86197081565123,10.08690792827598,0.8957748600511873,76.26582948357179,65.99825385377808,-0.05759901830911307,0
2025-04-03,72.64281463623047,NDAQ,75.14332708226951,72.49514512946291,73.77493750707089,3600900,-4.439888000488281,-0.05759901830911307,75.12538583509475,77.38178344726562,72.45999647140503,41.58798307842898,1.9908820722192515,167104700.0,-0.5551474466410724,0.1423630382616763,-0.6975104849027487,70.23801025248501,74.01890068054199,77.79979110859897,10.216013459521411,0.31802090400452315,59.5271947743409,65.28828459495061,-0.07507804230011872,0
2025-04-04,67.18893432617188,NDAQ,71.39254639978306,67.1101762635681,70.6935854934347,5615000,-5.453880310058594,-0.07507804230011872,74.36953331043541,77.13546249389648,72.51010620117188,31.332754856931466,2.243864665108045,161489700.0,-1.12483412413782,-0.3418589113880569,-0.782975212749763,68.90518607449005,73.71560363769531,78.52602120090057,13.051287178893565,-0.17838906142428557,37.60075688378231,57.79792704723169,-0.007472474016043451,0
2025-04-07,66.6868667602539,NDAQ,69.413806702213,63.831950588721895,65.35785626114951,6744500,-0.5020675659179688,-0.007472474016043451,73.63785078184671,76.87674530029297,72.55595048904419,30.585053846517596,2.4822926257068345,154745200.0,-1.598402191547379,-0.6523415830380928,-0.9460606085092862,67.83768851165453,73.47600059509277,79.11431267853101,15.347357062912325,-0.10205374714721872,11.946278938333288,36.35807686548552,-0.019781527531693155,0
2025-04-08,65.3676986694336,NDAQ,68.73452705226882,64.80656060562772,68.49826037034593,6888700,-1.3191680908203125,-0.019781527531693155,72.85021724733117,76.58556167602539,72.5940288734436,28.65048571066756,2.585555041487853,147856500.0,-2.0564486767736128,-0.8883104546114611,-1.1681382221621517,66.61511743765823,73.19791183471679,79.78070623177535,17.986290133310693,-0.09474842240113307,11.224294156952622,20.25710999302276,0.08418691916023513,1
2025-04-09,70.87080383300781,NDAQ,71.3728772101956,64.67859055030503,65.09206671958063,8492800,5.503105163574219,0.08418691916023513,72.66170168406228,76.40973831176758,72.65465007781982,44.43888471989138,2.879035871373761,156349300.0,-1.9528875489959603,-0.6277994614670468,-1.3250880875289135,66.53509379790947,73.16112785339355,79.78716190887764,18.11353720178259,0.3271723325591621,28.539840142204543,17.236804412496838,-0.023475381782973703,0
2025-04-10,69.20708465576172,NDAQ,70.01433623234581,66.9428385817705,69.53194860538902,5698100,-1.6637191772460938,-0.023475381782973703,72.33269053850985,76.19004379272461,72.70768396377564,41.45244265924715,2.9539593985068717,150651200.0,-1.9822131234348461,-0.525700028724746,-1.4565130947101002,66.30582842762546,73.08089561462403,79.8559628016226,18.541281219993227,0.21411272745042334,34.83289808477784,24.86567746131169,0.017496203056053483,1
2025-04-11,70.4179458618164,NDAQ,70.56561536424604,68.36044199652103,68.89204769879797,4136500,1.2108612060546875,0.017496203056053483,72.15033390263429,75.98377349853516,72.76769844055175,44.3820213610068,2.900474682022453,154787700.0,-1.8860067607779314,-0.3435949328542649,-1.5424118279236665,66.13232033360785,72.99574012756348,79.85915992151911,18.804987200517402,0.31220773731360235,47.44351332667116,36.938750517884536,0.01747531181807327,1
2025-04-14,71.64852142333984,NDAQ,72.28841767276636,71.12676229267608,71.39256142141248,2737900,1.2305755615234375,0.01747531181807327,72.10254223793957,75.8009375,72.83459707260131,47.26974018733332,2.8269030483744175,157525600.0,-1.6909728790217429,-0.11884884087846115,-1.5721240381432817,66.02327483228586,72.90861587524414,79.79395691820241,18.887592255872647,0.4084944054301414,49.385496941517204,43.88730278432209,0.0053584691487644776,1
2025-04-15,72.0324478149414,NDAQ,72.67234397681361,71.58944682406677,71.81586688223548,1607800,0.3839263916015625,0.0053584691487644776,72.09586657860642,75.6340217590332,72.9013677406311,48.173833288821726,2.7023311986867333,159133400.0,-1.488271602771377,0.06708194829752401,-1.555353551068901,65.93213008630605,72.8037712097168,79.67541233312755,18.877157073680895,0.4438763331114893,56.4405115500644,51.08984060608427,-0.020226793866230275,0
2025-04-16,70.5754623413086,NDAQ,71.91431948444333,70.37856716685765,71.31380234623806,2421500,-1.4569854736328125,-0.020226793866230275,71.95106617505424,75.44189117431641,72.96046346664428,45.01924022817639,2.6274418736436638,156711900.0,-1.4287264628334242,0.10130167058838135,-1.5300281334218055,65.73345698586203,72.56307258605958,79.39268818625712,18.823942693710052,0.3544859358780389,56.83383481553338,54.21994776903835,0.006834898173248893,1
2025-04-17,71.0578384399414,NDAQ,72.06197748629575,70.57545843311901,70.59514419408252,2613200,0.4823760986328125,0.006834898173248893,71.86599686694825,75.23703720092773,73.02577377319336,46.273636703331626,2.5459473864674544,159325100.0,-1.327312359995858,0.16217261874075817,-1.4894849787366162,65.62995693103646,72.33024940490722,79.03054187877798,18.52694420106944,0.40504810275612174,55.358882095435575,56.2110761536778,-0.021058349249862496,0
2025-04-21,69.56147766113281,NDAQ,70.68375388483557,68.79359773526716,70.39826151062584,2306900,-1.4963607788085938,-0.021058349249862496,71.64651884734678,74.9845947265625,73.0812621307373,42.99651504973341,2.5258254806250826,157018200.0,-1.3520986109540445,0.10990909422605744,-1.462007705180102,65.35465477038815,72.08955039978028,78.8244460291724,18.68480408614854,0.31231537370716145,49.18879720713924,53.79383803936941,0.02872917124117169,1
2025-04-22,71.55992126464844,NDAQ,71.74696230649198,70.45733073404273,70.64437928666979,2402300,1.998443603515625,0.02872917124117169,71.63827145851837,74.79056732177735,73.14586519241332,48.26607802089817,2.5015154209632318,159420500.0,-1.196689504604322,0.21225456046062408,-1.408944065064946,65.39122423356345,71.85721969604492,78.3232151585264,17.996787211730563,0.4770106217115725,51.64701998926605,52.064899763946975,0.011143235536385632,1
2025-04-23,72.35733032226562,NDAQ,74.08997053912441,71.91432926338166,72.88893609939674,3496000,0.7974090576171875,0.011143235536385632,71.70675325506573,74.64408203125,73.21328523635864,50.2426138887758,2.503553553356999,162916500.0,-0.9976817670605413,0.32900983840352405,-1.3266916054640654,65.53241205053783,71.65196151733399,77.77151098413015,17.081317349046255,0.5576324130361943,58.72708565856143,53.187634284988924,0.016870694072766534,1
2025-04-24,73.57804870605469,NDAQ,73.74541150065043,70.8609625934411,70.97909220046895,4057000,1.2207183837890625,0.016870694072766534,71.88497186944564,74.54006469726562,73.28651638031006,53.190957251336066,2.5307603643464516,166973500.0,-0.7330151868927999,0.4749411348570125,-1.2079563217498124,65.70527856549288,71.51463050842285,77.32398245135283,16.24661108259733,0.6775945249919854,76.0901371010306,62.154747582952716,0.008295397915931702,1
2025-04-25,74.18840789794922,NDAQ,74.35576317127027,73.14488971043767,73.6469555304008,2810600,0.6103591918945312,0.008295397915931702,72.10434672930313,74.45551544189453,73.36099544525146,54.63827778827414,2.4364827283811765,169784100.0,-0.46861225906731363,0.591475250145999,-1.0600875092133126,65.765217750499,71.46540794372558,77.16559813695216,15.952305758095186,0.7388516752878989,89.59641675865252,74.80454650608154,-0.003450218083605905,0
2025-04-28,73.93244171142578,NDAQ,74.75938639332317,73.35161786658796,74.41482172790937,2842300,-0.2559661865234375,-0.003450218083605905,72.27845101331481,74.33111297607422,73.43019702911377,53.88580443086476,2.363003142549322,166941800.0,-0.276537612441615,0.6268399174173582,-0.9033775298589732,65.75904511893576,71.47476005554199,77.19047499214822,15.993659669971983,0.7149933720577626,95.07204115419871,86.91953167129397,0.011185109333672338,1
2025-04-29,74.75938415527344,NDAQ,74.95627180608773,73.3220832741383,74.01119756277075,1791800,0.8269424438476562,0.011185109333672338,72.514730360168,74.23855575561524,73.50075439453126,55.99433583728577,2.3109449560779014,168733600.0,-0.056933433810357315,0.6771552768388928,-0.7340887106492501,65.75405202906256,71.4786979675293,77.20334390599604,16.017767814033984,0.7865405322012651,96.09696549565358,93.58847446950163,0.003555412863248897,1
2025-04-30,75.02518463134766,NDAQ,75.22207979660907,72.95783421618955,73.66664178956549,2912800,0.26580047607421875,0.003555412863248897,72.75382124313748,74.1448388671875,73.57020317077637,56.67998071064016,2.3076092863880167,171646400.0,0.13697339293867117,0.696849682870337,-0.5598762899316658,65.74223316603816,71.48706588745117,77.23189860886417,16.07236959608228,0.8079392312598312,95.8343236273373,95.66777675906322,-0.0009183724418710959,0
2025-05-01,74.95628356933594,NDAQ,75.99980180182439,74.36561301341388,74.7495492503024,3005500,-0.06890106201171875,-0.0009183724418710959,72.96357955991829,74.02325210571288,73.63784488677979,56.434515303131036,2.2595078222467664,168640900.0,0.28183736458512954,0.6733709236134363,-0.3915335590283068,65.9860484129211,71.38074493408203,76.77544145524297,15.115271005206735,0.8313938625860321,94.01545975960887,95.3155829608666,0.026792757415770696,1
2025-05-02,76.96456909179688,NDAQ,77.13192437151288,75.66509087080838,75.89151095259274,2353100,2.0082855224609375,0.026792757415770696,73.34462618200196,73.94281219482421,73.71406547546387,61.64805011338844,2.253517320813208,170994000.0,0.5523280693524697,0.7550893027046212,-0.2027612333521515,65.69486439212668,71.59683265686036,77.49880092159404,16.48667418856317,0.9547412146394123,93.98500005534679,94.61159448076432,0.0001278759702216803,1
2025-05-05,76.97441101074219,NDAQ,77.35834722221927,76.12778051600218,76.39357961980049,1734600,0.0098419189453125,0.0001278759702216803,73.69031997521532,73.89141586303711,73.78940893173218,61.67225716973811,2.1804494197706283,172728600.0,0.7587417595635344,0.7692023943325488,-0.010460634769014321,66.10501711621983,72.08610649108887,78.06719586595791,16.59429164927478,0.9086466706376836,93.28347671992981,93.76131217829517,-0.0014067531684902601,0
2025-05-06,76.86612701416016,NDAQ,77.25006325797615,76.09825452652815,76.25576317258366,1282500,-0.10828399658203125,-0.0014067531684902601,73.99277778844817,73.86002853393555,73.86913496017456,61.21445515864306,2.1069750848904407,171446100.0,0.9031772178697679,0.7309102821110258,0.17226693575874213,66.80917130013464,72.59506950378417,78.38096770743371,15.940196057937337,0.8690920026627803,95.92104768124973,94.39650815217546,0.006275436111792487,1
2025-05-07,77.34849548339844,NDAQ,77.85056876943594,76.8858012306563,77.03347072781823,2117400,0.48236846923828125,0.006275436111792487,74.312369949872,73.84594161987305,73.95112659454345,62.548161787579836,2.026794132775108,173563500.0,1.0445258198680847,0.6978071072874741,0.34671871258061066,68.0839961389546,73.19410934448243,78.30422255001025,13.963181603802216,0.9064867031147212,94.7422342361822,94.64891954578725,0.005472853129473876,1
2025-05-08,77.77181243896484,NDAQ,79.04175812565454,77.07285148163011,78.58891049882286,10938700,0.42331695556640625,0.005472853129473876,74.64184066311894,73.83070556640625,74.03269969940186,63.726976654151585,2.0226593121500596,184502200.0,1.1771344723636048,0.6643326078263954,0.5128018645372094,68.17739316294121,73.53915977478027,78.90092638661933,14.582071996090004,0.8947069101104339,92.1058378458037,94.25637325441191,0.0026582086379371983,1
2025-05-09,77.97854614257812,NDAQ,78.50030519755346,77.61429571232047,77.87025567711727,3913900,0.20673370361328125,0.0026582086379371983,74.95962213735315,73.80469024658203,74.11481889724732,64.31766183417861,1.9414700387988402,188416100.0,1.284107079907713,0.6170441722964028,0.6670629076113102,68.670434936733,73.9777328491211,79.28503076150919,14.348365941985334,0.8769162160765915,89.89306794466584,92.2470466755506,0.019442012585311197,1
2025-05-12,79.4946060180664,NDAQ,80.27232504634824,78.42155549866392,80.25263177380384,6424400,1.5160598754882812,0.019442012585311197,75.39152536408774,73.77014144897461,74.2064684867859,68.38371380755437,1.9666349577253601,194840500.0,1.4742230778241634,0.6457281361702825,0.8284949416538809,68.8731205015876,74.43156585693359,79.99001121227958,14.9357205947541,0.955436712736889,88.9863623483136,90.32842271292775,0.010154789324687608,1
2025-05-13,80.3018569946289,NDAQ,80.92205988221319,79.50445220905158,79.75056553899844,4066400,0.8072509765625,0.010154789324687608,75.85917599556785,73.76763259887696,74.28006956100464,70.3228936270362,1.9281220224697475,198906900.0,1.6707701845463276,0.6738201943139572,0.9969499902323704,68.90684151625268,74.86423263549804,80.8216237547434,15.915186490325604,0.9563763105602228,91.06221960807403,89.98054996701785,-0.006252253493360116,0
2025-05-14,79.79978942871094,NDAQ,80.13450748708084,79.19927225965658,79.95730557636344,11221700,-0.5020675659179688,-0.006252253493360116,76.23447251301005,73.81807418823242,74.35262285232544,67.54792847093427,1.8691550733627889,187685200.0,1.7656689929927722,0.6149752022083215,1.1506937907844508,69.07559914082371,75.25259971618652,81.42960029154933,16.41671011675139,0.8680742503619834,90.49354047439674,90.18070747692813,0.0027139873940653647,1
2025-05-15,80.01636505126953,NDAQ,80.17388118843937,79.25833929579244,79.4453803202031,4587200,0.21657562255859375,0.0027139873940653647,76.59465275474905,73.8720623779297,74.42157888412476,68.13210785793171,1.8010398461687989,192272400.0,1.8371750151649735,0.5491849795044181,1.2879900356605554,69.60683487612185,75.72464485168457,81.8424548272473,16.158042041782185,0.8507562523785485,89.457400168212,90.33772008356094,0.007628024853390647,1
2025-05-16,80.6267318725586,NDAQ,80.6267318725586,79.69149667192656,80.18372335306455,5145000,0.6103668212890625,0.007628024853390647,76.97866028977853,73.9898681640625,74.4875901222229,69.78300893217096,1.7391966572018873,197417400.0,1.9209520152583792,0.5063695836782591,1.41458243158012,70.12343190985118,76.20308952331543,82.28274713677968,15.95645964355314,0.8638068646700099,90.2761281446692,90.07568959575933,0.0007325007686005414,1
2025-05-19,80.685791015625,NDAQ,80.9909691330902,79.74071675537374,79.97698344274092,3293100,0.05905914306640625,0.0007325007686005414,77.33172035890676,74.13848648071288,74.56106328964233,69.94525034995732,1.7042720658100716,200710500.0,1.969409345658704,0.4438615312628671,1.525547814395837,71.19859892932126,76.75930519104004,82.32001145275882,14.488683158033245,0.853056396056722,93.70692910819389,91.14681914035839,-0.0015860966628238327,0
2025-05-20,80.55781555175781,NDAQ,80.7054850492996,80.11480705913246,80.21325839801541,2071700,-0.1279754638671875,-0.0015860966628238327,77.63896752013068,74.32006423950196,74.6356516456604,69.07971401882199,1.6247296318355764,198638800.0,1.9747222103002287,0.35933951672351316,1.6153826935767155,71.95650053627199,77.20919990539551,82.46189927451903,13.606407981327758,0.8187518846068155,95.31833675610476,93.10046466965598,-0.014542270321627138,0
2025-05-21,79.38632202148438,NDAQ,80.67595357928461,79.26818490893814,80.06559727475427,3337000,-1.1714935302734375,-0.014542270321627138,77.80538223454532,74.48920120239258,74.7066251564026,61.568910404005955,1.6092324203006403,195301800.0,1.8629282789257644,0.19803646827923904,1.6648918106465254,72.7298495699865,77.56064949035644,82.39144941072638,12.4568320459219,0.6889617207524635,86.51131460787269,91.84552682405713,0.007068400753306614,1
2025-05-22,79.94745635986328,NDAQ,80.29201353325654,79.12051914371946,79.30756017454262,2655600,0.5611343383789062,0.007068400753306614,78.0093892940994,74.65602066040039,74.79239734649659,63.6098553612346,1.5779654181032428,197957400.0,1.7988733422617287,0.10718522529216257,1.6916881169695661,73.30767787548385,77.87911987304688,82.4505618706099,11.739839908347898,0.7262236388342024,80.6683485705899,87.49933331152245,0.007018789138870218,1
2025-05-23,80.50859069824219,NDAQ,81.03034975216605,78.75626500363651,78.94331353647063,3860000,0.5611343383789062,0.007018789138870218,78.24740847544633,74.84995788574219,74.87224857330322,65.57848173984247,1.6276882274194064,201817400.0,1.7729507226690089,0.06501008455955404,1.7079406381094548,73.81823659739985,78.19512901306152,82.57202142872319,11.194795560553565,0.7642813057161852,79.3213365180078,82.16699989882348,0.01565166745605895,1
2025-05-27,81.76868438720703,NDAQ,82.01479769924248,80.59719012925021,80.99096541988115,3853600,1.2600936889648438,0.01565166745605895,78.58276808609021,75.04291046142578,74.95542636871338,69.56077941366185,1.6190109969608983,205671000.0,1.832956705610144,0.10001285400055115,1.7329438516095927,74.4080562212214,78.58694114685059,82.76582607247978,10.635061919054376,0.8806928519187905,87.76492973742008,82.5848716086726,-0.006139909317257608,0
2025-05-28,81.26663208007812,NDAQ,81.84745598737572,81.13864832975031,81.80807694964282,2035900,-0.5020523071289062,-0.006139909317257608,78.83837418075574,75.20042297363281,75.03004863739014,66.27106309323229,1.5539964727226494,203635100.0,1.8190317879086138,0.06887034903921663,1.7501614388693971,74.96949405481062,78.91230354309081,82.855113031371,9.992889096507446,0.798559763537325,89.82786340958933,85.63804322167242,0.010054282007326387,1
2025-05-29,82.08370971679688,NDAQ,82.22153257166583,81.23707931644061,81.54226493289238,3610300,0.81707763671875,0.010054282007326387,79.1474537556168,75.35951034545899,75.1085125732422,68.85280043089391,1.5133148143299757,207245400.0,1.8525722275341678,0.08192863093181635,1.7706435966023515,75.51861217156117,79.26522979736328,83.01184742316538,9.453369744540202,0.8761365851726328,92.3569998094162,89.98326431880855,0.0019190666385595634,1
2025-05-30,82.2412338256836,NDAQ,82.46765389032514,81.4536681407442,81.98527385146085,4803900,0.15752410888671875,0.0019190666385595634,79.44209947657555,75.4965463256836,75.1883003616333,69.34004753943135,1.4776484525621876,212049300.0,1.8703044413111627,0.079728675767049,1.7905757655441137,76.22883691347508,79.62947731018066,83.03011770688624,8.541159659906018,0.8840095115662784,92.09115290067217,91.42533870655926,0.005506458866500807,1
2025-06-02,82.694091796875,NDAQ,82.72362419936273,81.43399255217186,81.98528409403349,1941600,0.45285797119140625,0.005506458866500807,79.75181303088978,75.63614212036133,75.26576972961426,70.75636711194508,1.4642186807499509,213990900.0,1.899008612868954,0.08674627785987221,1.8122623350090818,76.49628883741299,79.91595344543457,83.33561805345614,8.55815256050589,0.9062004128889858,96.88938765616416,93.7791801220842,-0.0022620418345806748,0
2025-06-03,82.50703430175781,NDAQ,82.93034955008605,81.87698474761112,82.69408284497682,3433500,-0.1870574951171875,-0.0022620418345806748,80.01421505668674,75.79877365112304,75.34045116424561,69.33168067764443,1.434871975158878,210557400.0,1.8849345469533745,0.05813776955543393,1.8267967773979406,76.87592779199313,80.19258460998535,83.50924142797756,8.271729447610872,0.8489130499147564,94.50603154718584,94.49552403467408,0.0007158998376417536,1
2025-06-04,82.56610107421875,NDAQ,83.13707828071091,82.49718964356715,82.59563347152907,2784400,0.0590667724609375,0.0007158998376417536,80.25725182026122,75.92596496582031,75.41308792114258,69.54024164176879,1.3780874510149408,213341800.0,1.8571390008403057,0.024273778753892028,1.8328652220864137,77.38097751642432,80.47758331298829,83.57418910955225,7.695573522681071,0.8372269346566346,92.02683842879064,94.47408587738023,0.0015501606711596505,1
2025-06-05,82.694091796875,NDAQ,82.84176132009763,82.03450977203569,82.7630032396077,3385700,0.12799072265625,0.0015501606711596505,80.48933181803396,76.05059692382812,75.48612075805664,70.01607131259883,1.3373134579468695,216727500.0,1.8244079724924944,-0.006765799675135575,1.83117377216763,77.85911239399739,80.7448631286621,83.63061386332681,7.147824946006634,0.8377333746809862,88.90431019976154,91.81239339191269,0.019166648214575588,1
2025-06-06,84.27906036376953,NDAQ,84.38735084401455,83.20600219882816,83.41274403259318,2971600,1.5849685668945312,0.019166648214575588,80.85025834619925,76.20968475341797,75.56639595031739,75.18564669948623,1.3627381428892038,219699100.0,1.9044092693227697,0.05858839772411151,1.8458208715986582,78.13178742181161,81.07022552490234,84.00866362799307,7.249117870501377,1.0460102827233364,91.6437860865691,90.85831157170712,0.00046711099543972345,1
2025-06-09,84.31842803955078,NDAQ,84.56454136861498,83.53086238223226,84.27904900560658,3923100,0.03936767578125,0.00046711099543972345,81.18056022175654,76.39259613037109,75.64628299713135,75.29956010339211,1.3392339174244554,223622200.0,1.9485261196729482,0.0821641984594319,1.8663619212135163,78.48361064200694,81.38721961975098,84.29082859749502,7.135294684619985,1.004752609987658,94.57588688144028,91.707994389257,0.004903823228555426,1
2025-06-10,84.7319107055664,NDAQ,84.7712897460523,83.95419155523389,84.17077252251434,3361600,0.413482666015625,0.004903823228555426,81.51878407735748,76.61232635498047,75.72750617980957,76.51881389443342,1.3019385083811665,226983800.0,1.993869549918088,0.10200610296365742,1.8918634469544306,78.53819335254815,81.64908485412597,84.7599763557038,7.6201503228988665,0.9954891306683056,97.72831725767935,94.6493300752296,0.008365132265218067,1
2025-06-11,85.44070434570312,NDAQ,86.13966529998622,84.36764632378768,84.66298532341503,3624500,0.7087936401367188,0.008365132265218067,81.89230029339039,76.82752792358399,75.81037200927734,78.4798347661169,1.3355156846538359,230608300.0,2.0632148121447784,0.13708109215227804,1.9261337199925004,78.45264634110582,81.9060272216797,85.35940810225357,8.432543971952773,1.0117705295565382,95.21379376685059,95.83933263532343,0.0012674477206835455,1
2025-06-12,85.54899597167969,NDAQ,85.8147950663227,84.60392167515151,85.25365696804712,2918800,0.1082916259765625,0.0012674477206835455,82.24055702465604,77.04135131835938,75.89514430999756,78.77153748197618,1.3266126636907898,233527100.0,2.102671374512596,0.14123012361607645,1.9614412508965196,78.53803922035112,82.19348754882813,85.84893587730514,8.894739565115641,0.9589735815318697,93.95956820997213,95.63389307816738,-0.012005089057616436,0
2025-06-13,84.52197265625,NDAQ,85.28236853014639,84.08746826250133,84.90711302322887,3149200,-1.0270233154296875,-0.012005089057616436,82.45783470385547,77.19013671875,75.97361148834229,69.1924586817367,1.3362494526541875,230377900.0,2.027694782834729,0.053002825550567456,1.9746919572841615,78.77244188928219,82.41876792907715,86.0650939688721,8.848290580933428,0.7884005303172397,84.4487315508457,91.20736450922281,0.012735249218664313,1
2025-06-16,85.59838104248047,NDAQ,85.76625792285279,84.37385624712847,84.65036111696351,3833500,1.0764083862304688,0.012735249218664313,82.75693435515308,77.449248046875,76.0552180480957,72.91067054143402,1.3402603257306251,234211400.0,2.0317121417284625,0.045616147555440856,1.9860959941730216,78.86889940086672,82.66735038757324,86.46580137427975,9.189724767754273,0.8858192017173576,83.99645495468428,87.46825157183405,-0.008421905653800188,0
2025-06-17,84.87747955322266,NDAQ,85.75637318532779,84.63059915017757,85.22311814483936,4647300,-0.7209014892578125,-0.008421905653800188,82.95889104068351,77.80301895141602,76.13370765686035,67.07214949367811,1.324939876403453,229564100.0,1.954198419305797,-0.025518059893779643,1.9797164791995767,79.07638932106549,82.87693481445312,86.67748030784075,9.171539709803177,0.7631917894747184,78.08134089889583,82.17550913480862,0.004886624891315305,1
2025-06-18,85.29224395751953,NDAQ,85.84525364681335,84.46272188938686,84.89723380765597,3162100,0.414764404296875,0.004886624891315305,83.18111512800124,78.17512649536133,76.21310096740723,68.62867027495055,1.329053582190813,232726200.0,1.9042848465902864,-0.06034530608743238,1.9646301526777188,79.33065759022502,83.11365623474121,86.89665487925741,9.10319390553996,0.7879445550339252,81.80756832501145,81.29512139286386,-0.0031261894059846362,0
2025-06-20,85.02560424804688,NDAQ,85.99337868550448,84.74909941854229,85.6872418806745,4502800,-0.26663970947265625,-0.0031261894059846362,83.35678075848178,78.56828460693359,76.28682220458984,66.45386770348611,1.3229982739601975,228223400.0,1.8222071151134855,-0.1139384300513866,1.9361455451648721,79.93938414497474,83.39562034606934,86.85185654716393,8.288771488843537,0.735803314232592,77.52377894519536,79.13756272303424,0.00731707798554182,1
2025-06-23,85.64774322509766,NDAQ,86.0625004479332,84.79847413022993,85.12435050006292,3940500,0.6221389770507812,0.00731707798554182,83.57496766006423,78.8638233947754,76.36701801300049,68.928041211973,1.318785991370417,232163900.0,1.7867646271956659,-0.11950473437536524,1.906269361571031,80.47796697450455,83.68063468933106,86.88330240415756,7.654501490617473,0.8071046875484492,82.25881249382782,80.53005325467824,0.016026782775482085,1
2025-06-24,87.02040100097656,NDAQ,87.3364075930766,86.07238122467645,86.2402580786252,3628300,1.3726577758789062,0.016026782775482085,83.90310416872255,79.22008972167968,76.44388782501221,73.56130710885841,1.3452058754138831,235792200.0,1.848134071749584,-0.04650823185715791,1.894642303606742,80.83581845699767,84.00622520446777,87.17663195193786,7.548028112805817,0.9753610556301695,86.27489628056628,82.01916257319651,-0.0007943230973199711,0
2025-06-25,86.95127868652344,NDAQ,87.67216522536783,86.65501919695967,87.56353724814058,2885800,-0.069122314453125,-0.0007943230973199711,84.19340650375122,79.55075637817383,76.52080207824707,72.97122707253833,1.321773029199189,232906400.0,1.8696401576773383,-0.020001716743522913,1.8896418744208612,81.02248021813183,84.26535491943359,87.50822962073535,7.696816098151566,0.9141269729002572,89.90418297633342,86.14596391690918,0.0038614083611319128,1
2025-06-26,87.28703308105469,NDAQ,87.60303968973128,86.12175729889877,87.25740863870872,3230900,0.33575439453125,0.0038614083611319128,84.48803760635155,79.86352661132813,76.60646419525146,74.05971675227956,1.33316655503014,236137300.0,1.8919670410001146,0.00186013326340273,1.8901069077367119,81.37554058091781,84.56637496948242,87.75720935804704,7.546343070082147,0.9263239297725108,90.87647339273747,89.01851754987906,0.007806301015498285,1
2025-06-27,87.96842193603516,NDAQ,88.36343206491132,87.198156328532,87.63266068952338,5368200,0.6813888549804688,0.007806301015498285,84.81950278060714,80.18224609375,76.69699577331544,76.1581534738772,1.3211743536979392,241505500.0,1.9422545415391994,0.04171810704198986,1.9005364344972095,81.55649419669487,84.86061058044433,88.16472696419379,7.787161466667258,0.9702938690168248,90.13858655211872,90.30641430706322,0.003816847188300443,1
2025-06-30,88.30418395996094,NDAQ,88.52143992800156,87.62279914606076,88.1856861840786,3731500,0.33576202392578125,0.003816847188300443,85.15137717864084,80.53682052612305,76.78871864318847,77.13951241654549,1.290993384286715,245237000.0,1.9863040604908093,0.06861410079487973,1.9176899596959296,81.76537552461448,85.1637580871582,88.56214064970192,7.9808186930072935,0.9620471378672717,92.81530913262759,91.27678969249462,-0.005367884414706259,0
2025-07-01,87.8301773071289,NDAQ,88.3140608024475,87.06978142315032,88.12642927940485,3058400,-0.47400665283203125,-0.005367884414706259,85.4065010004016,80.8722673034668,76.8764627456665,72.59652655930397,1.2876566696446055,242178600.0,1.9603673516316462,0.03414191354857321,1.926225438083073,82.03126770567094,85.42056236267089,88.80985701967084,7.935547515152126,0.8554743963440014,90.49303865392567,91.14897811289067,0.006521151656647239,1
2025-07-02,88.4029312133789,NDAQ,88.51155919321576,87.41540960336523,87.92892505971984,3767600,0.57275390625,0.006521151656647239,85.69187530639944,81.24909637451172,76.96468170166015,74.54713239788539,1.273977592516457,245946200.0,1.9633959699570056,0.029736425499145902,1.9336595444578597,82.36559932027963,85.71535720825196,89.06511509622429,7.816004032588559,0.9011594412206586,92.32676223409459,91.87837000688262,0.006143875426129375,1
2025-07-03,88.9460678100586,NDAQ,89.22257264512528,88.38318081461809,88.57081232449549,1433300,0.5431365966796875,0.006143875426129375,86.00179840198602,81.59681930541993,77.05233909606933,76.27198135719324,1.2429357523729385,247379500.0,1.986721072141279,0.04244922214673541,1.9442718499945435,82.73015011688052,86.03435554504395,89.33856097320738,7.681130188587246,0.940607027667928,92.11750354787334,91.64576814529788,0.005329318353154866,1
2025-07-07,89.42008972167969,NDAQ,89.68671725601284,88.8473253481434,89.07445111179898,2426500,0.47402191162109375,0.005329318353154866,86.32734995624257,81.93807449340821,77.14089916229248,77.6927840090274,1.2141111920512602,249806000.0,2.0201687426184805,0.06071751409914938,1.959451228519331,83.12619095046888,86.37065544128419,89.61511993209949,7.5128861167921315,0.9699441601269009,95.64137521450694,93.36188033215831,-0.021645633664861608,0
2025-07-08,87.48453521728516,NDAQ,89.67683438201547,87.39566188940297,89.46945574943177,3246900,-1.9355545043945312,-0.021645633664861608,86.43755807634187,82.21620422363281,77.22271633148193,61.49948206946602,1.2903298563770629,246559100.0,1.8689491081105416,-0.07240169632703153,1.9413508044375731,83.4009146825213,86.53092918395996,89.6609436853986,7.234440981869995,0.6523325263967458,82.48057989883685,90.07981955373907,0.01399705043432875,1
2025-07-09,88.70906066894531,NDAQ,88.71893045960759,87.85979155212522,88.264671460828,2233700,1.2245254516601562,0.01399705043432875,86.65389165658982,82.50661727905273,77.30967781066894,66.2868919959592,1.2863345268017323,248792800.0,1.826856563165677,-0.09159539301751707,1.918451956183194,83.65626733073489,86.75046081542969,89.84465430012449,7.13354939123149,0.8164960212093544,78.03720352292149,85.38638621208844,0.01001894339120235,1
2025-07-10,89.59783172607422,NDAQ,89.70645216291105,88.61031019613891,88.70906084229416,3097000,0.8887710571289062,0.01001894339120235,86.93426690130262,82.81992507934571,77.39428413391113,69.27334759264114,1.2727493439424755,251889800.0,1.8439583109922069,-0.05959491615278978,1.9035532271449966,83.80881467572371,86.99375686645507,90.17869905718644,7.322231630071103,0.9088103807970795,78.97968105813028,79.83248815996289,-0.014548653766717323,0
2025-07-11,88.29430389404297,NDAQ,89.24232366174994,88.2153003631862,89.14356548108329,2433100,-1.30352783203125,-0.014548653766717323,87.06379423394456,83.09062347412109,77.47237281799316,60.770486718053526,1.2805909167243,249456700.0,1.7323582201416485,-0.13695600560267862,1.8693142257443272,83.98710095479505,87.13643684387208,90.2857727329491,7.228516572739574,0.6838271767369707,83.4405557638625,80.15248011497145,0.002796098578827788,1
2025-07-14,88.54118347167969,NDAQ,88.70906032257923,88.06716982504362,88.28442576582718,2104700,0.24687957763671875,0.002796098578827788,87.20449797087171,83.36094345092773,77.55306541442872,61.72861275739295,1.2349694582108222,251561400.0,1.6448743748691612,-0.17955188070013284,1.824426255569294,84.16844239622189,87.28604621887207,90.40365004152225,7.143418582238695,0.7012983887960241,78.99043023516366,80.4702223523855,-0.013718422751043291,0
2025-07-15,87.3265380859375,NDAQ,88.7485716447901,87.28703631661469,88.5609401240548,2601500,-1.2146453857421875,-0.013718422751043291,87.21612083897323,83.60834854125977,77.62934787750244,54.65575904337497,1.2511527346368645,248959900.0,1.460693104925582,-0.29098652051496976,1.7516796254405518,84.57792319375494,87.42627449035645,90.27462578695796,6.516007489065989,0.4824922570930861,57.59046918532348,73.34048506144991,0.006898091780720428,1
2025-07-16,87.92892456054688,NDAQ,88.00792809710553,86.50689103925866,87.61291794850415,2140600,0.602386474609375,0.006898091780720428,87.28400690769453,83.82763565063476,77.71172393798828,57.27060037033158,1.269001614866151,251100500.0,1.3477990867913263,-0.32310443091938046,1.6709035177107068,84.81496675461091,87.54280166625976,90.27063657790862,6.232002768310308,0.5707746082136836,50.65244433674155,62.411114585742915,0.010220112416290839,1
2025-07-17,88.82756805419922,NDAQ,89.03495422763746,87.57341889279905,87.82029930154802,2265900,0.8986434936523438,0.010220112416290839,87.43101273117117,84.0646987915039,77.80094108581542,60.89359738851608,1.2827540234355974,253366400.0,1.3156764841935598,-0.2841816268137176,1.5998581110072774,85.251453372761,87.7403060913086,90.22915880985619,5.673225520680358,0.7184263365180386,52.18451436212241,53.47580929472917,-0.006447929610101766,0
2025-07-18,88.25481414794922,NDAQ,89.55834244784643,85.2823718188243,89.50896335078822,7142300,-0.57275390625,-0.006447929610101766,87.50947000895954,84.2924725341797,77.88709873199463,57.5446272440693,1.496555209548921,246224100.0,1.2298259684495036,-0.296025714046219,1.5258516824957227,85.66111295832293,87.88843460083008,90.11575624333723,5.068520454649475,0.5822466634649875,63.37744184786368,55.40480018224256,-0.0014546495057157216,0
2025-07-21,88.12643432617188,NDAQ,88.80782670955486,87.60304903107182,88.12643432617188,2527800,-0.12837982177734375,-0.0014546495057157216,87.56822851536072,84.50803131103515,77.97060905456543,56.790698593625066,1.4757139573299296,243696300.0,1.1383079322296368,-0.3100350002128689,1.4483429324425057,86.24431533495061,88.04347610473633,89.84263687452204,4.086982589477583,0.523054699398939,68.00162189728879,61.18785936909163,-0.003473839459200989,0
2025-07-22,87.82029724121094,NDAQ,88.27455627854867,87.1290351266083,88.0474305269758,2455800,-0.3061370849609375,-0.003473839459200989,87.5922350606798,84.70900100708008,78.05239295959473,54.94213310643459,1.4521287569449612,241240500.0,1.0292124049695417,-0.3353044219783712,1.3645168269479129,86.71968133960705,88.152103805542,89.58452627147695,3.2498883273274615,0.38417992169841847,62.94664358906973,64.77523577807408,-0.007309060322747807,0
2025-07-23,87.17841339111328,NDAQ,87.99805820017093,86.83278230723131,87.74130045177608,4750800,-0.6418838500976562,-0.007309060322747807,87.55282347310204,84.89299835205078,78.13126098632813,51.18041197649657,1.4316392666588653,236489700.0,0.8808053752853908,-0.3869691613300177,1.2677745366154085,86.75108682674202,88.16000442504883,89.56892202335563,3.19627388291393,0.15165065894726773,54.836477760860475,61.928247749073016,0.05912993389400523,1
2025-07-24,92.33326721191406,NDAQ,94.29843303551374,88.48193156468572,88.63006130769291,8381800,5.154853820800781,0.05912993389400523,88.00810382917938,85.14977157592773,78.23624565124511,69.33715944536824,1.8379521507832646,244871500.0,1.1657078035422046,-0.08165338645856313,1.2473611900007677,86.21858091106274,88.42910385131836,90.63962679157397,4.999537129704066,1.383085918154788,59.475731651330214,59.0862843337535,0.014331483603207573,1
2025-07-25,93.65653991699219,NDAQ,93.95279939481915,92.14563315529594,93.09365293647414,5276400,1.323272705078125,0.014331483603207573,88.54605012325678,85.416865234375,78.35175987243652,72.19587448829391,1.8357531571218324,250147900.0,1.4811977531109903,0.1870692504881779,1.2941285026228124,85.63549662169314,88.74757919311523,91.85966176453732,7.013335123542206,1.2886938426626913,71.31386168361372,61.87535703193482,0.0031632283159888086,1
2025-07-28,93.95279693603516,NDAQ,94.35768437618984,93.37016285486578,93.79479741040278,5123800,0.29625701904296875,0.0031632283159888086,89.06097839114044,85.69992538452148,78.47486957550049,72.80712272935959,1.775165183136277,255271700.0,1.7351297806100519,0.3528010223897915,1.3823287582202604,85.22261546395286,89.04679794311524,92.87098042227761,8.589152148076865,1.1414441543587768,88.87428829803697,73.22129387766033,0.007252621912186896,1
2025-07-29,94.63420104980469,NDAQ,94.69344993756395,93.98243314768382,94.24906821098499,3517100,0.6814041137695312,0.007252621912186896,89.59176150148942,85.99228210449219,78.5949296951294,74.2114124729855,1.7012714558786,258788800.0,1.9686628393717314,0.4690672649211769,1.4995955744505545,84.8514034020903,89.36329879760743,93.87519419312456,10.09787117580742,1.0841117523950417,95.92985938594525,85.37266978919867,0.0016695563506106126,1
2025-07-30,94.79219818115234,NDAQ,95.40446429777704,94.436689795266,94.83169995004994,3244700,0.15799713134765625,0.0016695563506106126,90.08704118526684,86.27559143066406,78.71441020965577,74.53972972566879,1.6488788163523453,262033500.0,2.1417991911657737,0.5137628933721752,1.6280362977935985,84.6817875186735,89.71139984130859,94.74101216394368,11.212872235929929,1.005088465464655,96.28673632067601,93.6969613348861,0.0023960524131032557,1
2025-07-31,95.01932525634766,NDAQ,95.85871707151357,94.56506624501307,94.90081995740282,3449300,0.2271270751953125,0.0023960524131032557,90.55678252536977,86.56226211547852,78.83810794830322,75.03183404974065,1.6235053885057849,265482800.0,2.2711577612061404,0.5144971707300334,1.756660590476107,84.55116956854762,90.04221954345704,95.53326951836645,12.19661177334544,0.9532016404542671,95.12837441511361,95.78165670724498,-0.010912472269780316,0
2025-08-01,93.98242950439453,NDAQ,94.33793788555309,92.52090174557996,94.33793788555309,2846000,-1.036895751953125,-0.010912472269780316,90.88303461861022,86.83075439453125,78.95769733428955,68.5205603980628,1.6859995400959211,262636800.0,2.2639095978488513,0.4057992058981954,1.8581103919506559,84.57016467199121,90.29403762817383,96.01791058435644,12.678296610797782,0.8221937230661893,89.42475778162493,93.61328950580487,0.018283122126011575,1
2025-08-04,95.70072174072266,NDAQ,95.73034618321118,93.95280429198043,94.30831267022658,2328200,1.718292236328125,0.018283122126011575,91.34186196357331,87.15704238891601,79.08123126983642,72.7420034412896,1.692538279462695,264965000.0,2.3695030431552198,0.4091141209636511,1.9603889221915687,84.43863263711395,90.60806922912597,96.77750582113799,13.617852459500048,0.9127323812834448,90.94307581551648,91.83206933741836,-0.005881844131130576,0
2025-08-05,95.13782501220703,NDAQ,96.0068488209403,94.28856338833215,95.82909463589866,4212800,-0.562896728515625,-0.005881844131130576,91.70338225391937,87.46084976196289,79.19970069885254,69.45605724427307,1.694377361830228,260752200.0,2.380326624033273,0.33595016147336354,2.0443764625599097,84.69560354053164,90.99073371887206,97.2858638972125,13.83685991101043,0.8293888431095364,90.88751595051191,90.4184498492178,0.002283577942253867,1
2025-08-06,95.3550796508789,NDAQ,95.49333206687447,94.49594071350529,95.414336067871,2352600,0.217254638671875,0.002283577942253867,92.05116295839171,87.75777954101562,79.31568565368653,70.01897720845717,1.6445926469401533,263104800.0,2.3790112625749913,0.26770784001206493,2.1113034225629264,84.84574627075634,91.32303466796876,97.80032306518117,14.185442743470954,0.8112448246588334,94.77518831063571,92.20192669222139,-0.001139187547571141,0
2025-08-07,95.24645233154297,NDAQ,96.13522325062284,95.13782435620033,96.1055988090188,2792000,-0.1086273193359375,-0.001139187547571141,92.35547623202517,88.02733489990234,79.42926876068115,69.33095348236111,1.5983645217603222,260312800.0,2.342204042082855,0.18472049561594295,2.157483546466912,84.96320915188369,91.60546569824218,98.24772224460068,14.501878235603915,0.7740775373466185,92.08841722796295,92.58370716303688,0.004147261049476825,1
2025-08-08,95.64146423339844,NDAQ,96.25373032989899,95.31558030134853,95.73034509404468,2570100,0.39501190185546875,0.004147261049476825,92.6684274702512,88.31483154296875,79.54106048583985,70.46739026263569,1.5561440558028719,262882900.0,2.3181856131606082,0.12856165335495673,2.1896239598056515,85.29114258591626,91.97282371520996,98.65450484450365,14.529685747136007,0.7745297513603651,92.62314896310959,93.16225150056944,0.0009293296270764806,1
2025-08-11,95.7303466796875,NDAQ,96.41173146303319,95.55259248964256,95.71059202846477,2126500,0.0888824462890625,0.0009293296270764806,92.96003882353085,88.58776428222656,79.65628044128418,70.73020828315569,1.5063579784877117,265009400.0,2.280040023672953,0.07233285109384102,2.207707172579112,85.65421427706377,92.33228187561035,99.01034947415692,14.465293097690882,0.7544197669410168,92.27782958918863,92.32979859342042,-0.00835572279823471,0
2025-08-12,94.93045043945312,NDAQ,96.22410888246662,94.40706518730985,95.97722847793172,3514800,-0.799896240234375,-0.00835572279823471,93.14769707266632,88.84154861450196,79.76754985809326,65.11415687168785,1.5285498153926445,261494600.0,2.1603611292844676,-0.03787683463571545,2.198237963920183,86.35976202510903,92.71247749328613,99.06519296146323,13.704121904491517,0.674568887688861,89.23590941658664,91.37896265629497,-0.005825492874389937,0
2025-08-13,94.37743377685547,NDAQ,95.49333041066345,93.78492235655204,95.30570644031877,3514900,-0.5530166625976562,-0.005825492874389937,93.26481485401767,89.07521545410157,79.87791282653808,61.479639926714434,1.5413968324439844,257979700.0,1.9978608243650626,-0.16030171164409657,2.158162536009159,87.04164830727868,93.03490295410157,99.02815760092446,12.883884341298536,0.61200348574089,75.50717005407064,85.67363635328199,-0.001778704518158425,0
2025-08-14,94.20956420898438,NDAQ,95.10820496687488,93.9528064777905,94.495946383356,2459300,-0.16786956787109375,-0.001778704518158425,93.35479098306212,89.30926605224609,79.98093090057372,60.37792832486445,1.5138255222040125,255520400.0,1.834386821371666,-0.2590205717099945,2.0934073930816606,87.6149716618801,93.30400276184082,98.99303386180154,12.194613160342136,0.5795883720120468,59.01198511066735,74.58502152710822,-0.007547150864301577,0
2025-08-15,93.49855041503906,NDAQ,94.32806498721446,93.37017531244781,94.32806498721446,2898900,-0.7110137939453125,-0.007547150864301577,93.36848235753611,89.5279150390625,80.08308418273926,55.815634895770884,1.4741158188156291,252621500.0,1.6286851565877782,-0.37177778919510596,2.000462945782884,88.37015110516116,93.56618957519531,98.76222804522946,11.106658278219848,0.49349127604170695,40.280960607951755,58.26670525756327,-0.003591093363857878,0
2025-08-18,93.16278839111328,NDAQ,93.74543007955722,92.6887822205682,93.49854966825893,2801600,-0.33576202392578125,-0.003591093363857878,93.34889245597203,89.73728897094726,80.18037921905517,53.75014590221446,1.4442966788280145,249819900.0,1.4221779340469283,-0.4626280093887649,1.8848059434356932,89.25078424594129,93.81800727844238,98.38523031094347,9.736346283599977,0.4282694448391883,28.341836391666728,42.544927370095294,-0.005406012742738442,0
2025-08-19,92.65914916992188,NDAQ,93.38991300991309,92.23451460056383,93.03440464793,2594100,-0.5036392211914062,-0.005406012742738442,93.28320261920535,89.90489074707031,80.27246585845947,50.71831822546996,1.4236610881509608,247225800.0,1.20400102200054,-0.5446439371481229,1.7486449591486628,90.35867082112854,94.05994987487793,97.76122892862732,7.870042581721484,0.3107680230787994,17.263303490673213,28.62870016343059,0.00714053990853869,1
2025-08-20,93.32078552246094,NDAQ,93.3997890538605,92.11600803828763,92.6788950146745,2364700,0.6616363525390625,0.00714053990853869,93.28678194332494,90.08493789672852,80.36952373504639,54.36041165785141,1.4136696543953828,249590500.0,1.0721239934259899,-0.5412167725781385,1.6133407660041283,92.37700737880942,94.36706848144532,96.3571295840812,4.217702498678726,0.2371229060257128,18.236295870232926,21.280478584190973,-0.005714231055560237,0
2025-08-21,92.78752899169922,NDAQ,93.39979509838248,92.74802722344302,93.0146622756244,1770200,-0.5332565307617188,-0.005714231055560237,93.23923404317011,90.24605026245118,80.47188827514648,51.08362066279159,1.3592480987199602,247820300.0,0.9140446153831476,-0.5594369204967848,1.4734815358799325,92.48452590944764,94.38978157043456,96.29503723142149,4.036995592717214,0.07951769635331314,17.94792596556998,17.815841775492057,0.0084078512087844,1
2025-08-22,93.56767272949219,NDAQ,94.25893484415992,93.12329101780463,93.12329101780463,2038400,0.7801437377929688,0.0084078512087844,93.27051391805793,90.40858963012695,80.576196975708,55.326307550761655,1.3672593668442992,249858700.0,0.8420104764512217,-0.5051768475429685,1.3471873239941903,92.47286230670022,94.38533821105958,96.29781411541893,4.05248514357765,0.2862285533366518,25.823846957640708,20.669356264481223,-0.004538204264772139,0
2025-08-25,93.1430435180664,NDAQ,93.91330921441028,93.04429285800558,93.43930303244132,1685100,-0.42462921142578125,-0.004538204264772139,93.2583738799635,90.56047058105469,80.67598587036133,52.649595581122476,1.3316705803843278,248173600.0,0.7421043567019154,-0.48406637383382,1.2261707305357354,92.36438395152504,94.34485054016113,96.32531712879722,4.198356512935567,0.19658487828305451,24.444630259077616,22.738801060762786,0.006149267986217843,1
2025-08-26,93.71580505371094,NDAQ,93.96268546347613,92.87641316734766,92.98504115037973,3019700,0.5727615356445312,0.006149267986217843,93.30193875365373,90.7443472290039,80.77213291168214,55.758774831759226,1.3141421315089095,251193300.0,0.7010636804631218,-0.420085640058091,1.1211493205212129,92.30488753672068,94.29893074035644,96.2929739439922,4.229195788287721,0.35378308614821274,31.64773258688248,27.305403267866954,-0.0006323921208891692,0
2025-08-27,93.65653991699219,NDAQ,94.10092913373265,93.32078620736702,93.41953685524551,1967800,-0.05926513671875,-0.0006323921208891692,93.3357102930193,90.90551040649414,80.86089111328126,55.35375222667753,1.275999331141532,249225500.0,0.6561922715866331,-0.371965639147664,1.028157910734297,92.24285251594625,94.24214782714844,96.24144313835063,4.2428899538010105,0.35354642036245115,32.337311335427906,29.47655806046269,0.004217746369875597,1
2025-08-28,94.05155944824219,NDAQ,94.13056298812226,93.19242043817121,93.74543014894722,2018500,0.39501953125,0.004217746369875597,93.40388640304053,91.08899200439453,80.94873844146728,57.56624309176184,1.2518667039136409,251244000.0,0.6450701643148875,-0.3064701971355277,0.9515403614504152,92.22544049005761,94.19375953674316,96.16207858342871,4.179298196326366,0.4638777847675606,39.387081850154765,34.4573752574884,-0.005249877388212365,0
2025-08-29,93.55780029296875,NDAQ,94.55519928270483,93.23192386999106,94.1898135548906,1742300,-0.4937591552734375,-0.005249877388212365,93.41854486874797,91.25430313110351,81.0316223526001,53.966262665622004,1.256967325970793,249501700.0,0.5896168409398399,-0.28953881640846035,0.8791556573483003,92.18646827714589,94.17252807617187,96.15858787519785,4.217917559608354,0.3452393569658371,38.67198198069634,36.79879172209302,-0.012138492260500233,0
2025-09-02,92.42214965820312,NDAQ,93.20229268311982,91.74076482783197,92.10614302455771,3109100,-1.135650634765625,-0.012138492260500233,93.32365008679132,91.40223403930663,81.10408329010009,46.72815331120295,1.296972193054078,246392600.0,0.44885801169385786,-0.34423811652355396,0.7930961282174118,92.01294596448307,94.0085994720459,96.00425297960874,4.245682881716063,0.1025237327445167,32.77059863781235,36.94322082288784,0.0019232363069503489,1
2025-09-03,92.59989929199219,NDAQ,92.72828192489052,91.71113585846994,92.42214509844933,1831700,0.1777496337890625,0.0019232363069503489,93.2547214396676,91.54127716064453,81.18002548217774,47.90586842908964,1.2769846125802569,248224300.0,0.3476411446188479,-0.3563639868788512,0.704005131497699,91.86673930844806,93.88170318603515,95.89666706362225,4.2925592723733565,0.1819288156227598,26.472271381847325,32.63828400011869,0.0056521021970867835,1
2025-09-04,93.12328338623047,NDAQ,93.22203403249141,92.49127020913085,92.88627279417459,3693400,0.5233840942382812,0.0056521021970867835,93.24220352981645,91.6633348083496,81.25496490478515,51.31859938403779,1.2379688419217074,251917700.0,0.3061298956575058,-0.3183001886721546,0.6244300843296604,91.84887867620061,93.77011337280274,95.69134806940487,4.097754876255414,0.33166294370067145,31.3243186158786,30.189062878512775,-0.008695580932265745,0
2025-09-05,92.31352233886719,NDAQ,93.61705054746363,90.97049236222941,93.3405381711743,3771400,-0.8097610473632812,-0.008695580932265745,93.153757702107,91.77057968139648,81.33470901489258,46.26829252668981,1.3385823664440304,248146300.0,0.20552185470832285,-0.33512658369707005,0.5406484384053929,91.72780389684168,93.62346687316895,95.51912984949622,4.0495466353437095,0.1544890756795551,37.760220423955225,31.852270140560403,0.01615310373349188,1
2025-09-08,93.80467224121094,NDAQ,93.86392865892437,92.3332672049517,92.65915113270458,3879300,1.49114990234375,0.01615310373349188,93.21574956297404,91.9009324645996,81.418484916687,55.04226894650032,1.3537126488449696,252025600.0,0.2433078905651911,-0.23787243827216148,0.48118032883735257,91.87274075559182,93.53162727355956,95.19051379152731,3.547220477872931,0.5822976631294444,55.393697452654756,41.49274549749621,-0.0011579347525686456,0
2025-09-09,93.69605255126953,NDAQ,94.17994359012869,93.51829835079302,93.93306317469978,2653900,-0.10861968994140625,-0.0011579347525686456,93.26149270471646,92.0154850769043,81.49672843933105,54.346113460267745,1.304279262451448,249371700.0,0.2614747765481553,-0.1757644418313578,0.43723921837951313,92.10739425630163,93.42991256713867,94.75243087797571,2.8310383141730533,0.600618638679723,64.18720970122287,52.447042525944305,-0.0023187170937963852,0
2025-09-10,93.47879791259766,NDAQ,94.66382081435957,93.05416332486446,93.72567831164737,2465800,-0.217254638671875,-0.0023187170937963852,93.28218843880038,92.11897735595703,81.57202697753907,52.90482668859738,1.3260919929545665,246905900.0,0.2553974678766764,-0.14547340040226941,0.4008708682789458,92.22678276970477,93.35732994079589,94.48787711188702,2.421978374505952,0.5537208773361183,74.33686142883583,64.63925619423783,0.012888194714968604,1
2025-09-11,94.6835708618164,NDAQ,94.96008324603167,93.51829504086729,93.53804969255015,2879000,1.20477294921875,0.012888194714968604,93.41565343146857,92.25604522705078,81.65374069213867,59.34396513394348,1.3371772315602415,249784900.0,0.3438327750617418,-0.04563047457376318,0.389463249635505,92.18063833205692,93.37263679504395,94.56463525803098,2.553207243367254,1.0498891598766789,79.00555123410163,72.5098741213868,-0.017362261303354054,0
2025-09-12,93.0396499633789,NDAQ,95.20843194513495,92.98023376293672,94.81230631276166,2948500,-1.6439208984375,-0.017362261303354054,93.3798435773648,92.34877960205078,81.72332164764404,49.41563640516777,1.4008215851772405,246836400.0,0.278062385373417,-0.08912069140967044,0.3671830767830874,92.17868527599963,93.31414108276367,94.44959688952771,2.43362001426336,0.3791273435084011,69.93608912701764,74.42616726331839,-0.0116018238126403,0
2025-09-15,91.96022033691406,NDAQ,93.39616733208715,91.83148271049865,93.24762682294183,4971200,-1.0794296264648438,-0.0116018238126403,93.24464136398853,92.40906265258789,81.7865761566162,44.188035953984816,1.4125260877780446,241865200.0,0.1372557293996408,-0.18394187790675726,0.32119760730639807,91.96230724362981,93.23722457885742,94.51214191408503,2.7347818234321717,-0.00081844785465001,55.08258571286996,68.00807535799642,-0.003446078744521297,0
2025-09-16,91.64331817626953,NDAQ,92.26721095964935,91.5343834363268,92.09886001808992,5223800,-0.31690216064453125,-0.003446078744521297,93.09213439372958,92.45352722167969,81.84604499816895,42.757923624061334,1.3639761903169372,236641400.0,9.301199668243498e-05,-0.25688367624777253,0.25697668824445496,91.70889928939258,93.16125106811523,94.61360284683789,3.117931032636659,-0.022577558028235956,29.35161703678502,51.45676395889089,0.006051346030714777,1
2025-09-17,92.19788360595703,NDAQ,93.13868288532998,91.65321749676312,91.90079506152426,3168500,0.5545654296875,0.006051346030714777,93.00696765203695,92.54779418945313,81.90275932312012,46.04856624980537,1.3733610845129025,239809900.0,-0.06313287775415688,-0.25608765279888945,0.1929547750447326,91.64072589051888,93.138187789917,94.63564968931512,3.2155701864756083,0.18603402051901705,22.730739595797072,35.721647448484035,-0.045434914847134245,0
2025-09-18,88.00888061523438,NDAQ,92.98023508349449,87.77120069915394,92.34643708488288,9834700,-4.189002990722656,-0.045434914847134245,92.53095936281767,92.5337905883789,81.93657207489014,31.37601385543002,1.6473377487863061,229975200.0,-0.4461148490097173,-0.51125569924356,0.06514085023384261,90.18642076397667,92.87259254455566,95.55876432513465,5.7846383028239385,-0.4053240683425205,16.011346965027386,22.697901199203177,0.007876728360279195,1
2025-09-19,88.70210266113281,NDAQ,89.05861501132009,87.81082178566464,88.35549553052542,13438500,0.6932220458984375,0.007876728360279195,92.16630634360958,92.51587600708008,81.97414447784423,35.063455125723195,1.6187988542769587,243413700.0,-0.6857882547478624,-0.600743283985364,-0.0850449707624984,89.42397818764218,92.66832122802734,95.9126642684125,7.00205420232414,-0.11125141785618106,14.891524572463021,17.877870377762513,0.004019142015361243,1
2025-09-22,89.05860900878906,NDAQ,89.55376417784593,88.38519767665298,88.6624833624499,4242800,0.35650634765625,0.004019142015361243,91.87033516886476,92.531162109375,82.02005386352539,36.940099732248726,1.5866394004852444,247656500.0,-0.8373120605160267,-0.6018136718028226,-0.23549838871320405,88.86981849799923,92.44286804199218,96.01591758598514,7.7302870836285456,0.026418680802680963,11.00763669733331,13.970169411607925,-0.016568363646643713,0
2025-09-23,87.58305358886719,NDAQ,89.0487087396823,86.67196228500329,88.84074446377484,4622300,-1.475555419921875,-0.016568363646643713,91.46202263743642,92.51199951171876,82.06181381225586,32.72467669498971,1.6437827807209966,243034200.0,-1.0641933998379471,-0.6629560088997944,-0.4012373909381527,88.03170289097619,92.16486854553223,96.29803420008827,8.969069711229782,-0.05427429476658559,13.500008922629235,13.13305673080854,-0.014586287464657177,0
2025-09-24,86.3055419921875,NDAQ,88.26635210596278,86.20651247576403,87.57313793553067,4254600,-1.2775115966796875,-0.014586287464657177,90.97092924265081,92.49157958984375,82.09796878814697,29.57764771766251,1.673501127112265,238779600.0,-1.3317316318071875,-0.7443953926952278,-0.5873362391119596,87.00695536082534,91.79435539245605,96.58175542408677,10.430706792727593,-0.07325618958135456,9.694446304019408,11.400697307994003,-0.00481920468448338,0
2025-09-25,85.88961791992188,NDAQ,86.82050448887692,85.63213511956623,85.8797127011283,2799100,-0.415924072265625,-0.00481920468448338,90.48699483096235,92.45079345703125,82.12989196777343,28.61288413361088,1.638848858697867,235980500.0,-1.5593440571284134,-0.777606254413163,-0.7817378027152504,86.05852512030269,91.40600929260253,96.75349346490238,11.70050900085103,-0.015793146359905114,4.820591031056298,9.338348752568333,0.008993380900082393,1
2025-09-26,86.66205596923828,NDAQ,86.75118026910017,86.05796608528124,86.22631702199898,2432400,0.7724380493164062,0.008993380900082393,90.12271493936957,92.40748321533204,82.16513771057129,32.98473458372783,1.5833283937321836,238412900.0,-1.6582835880513755,-0.7012366282689,-0.9570469597824756,85.45524655591325,91.03653411865234,96.61782168139143,12.261643343022547,0.10811209776949521,4.847913826028386,6.454317053701383,0.013712776221151746,1
2025-09-29,87.85043334960938,NDAQ,88.41490996685935,86.35506255267852,86.94925482807315,3887500,1.1883773803710938,0.013712776221151746,89.90630716891621,92.39939559936523,82.21338981628418,39.15812124521936,1.617365466621373,242300400.0,-1.6221031607044267,-0.532044960737561,-1.0900581999668657,85.13120834446829,90.75116577148438,96.37112319850047,12.385422003652055,0.24192576549328537,12.202705436582448,7.290403431222397,-0.002931027834603528,0
2025-09-30,87.59294128417969,NDAQ,88.17722827849222,87.10769136228706,87.79100787355166,4222400,-0.2574920654296875,-0.002931027834603528,89.68598660846511,92.3887257385254,82.256773147583,38.33411716795674,1.5782348558773582,238078000.0,-1.5958118435215312,-0.40460291484373245,-1.1912089286777987,84.78369907451355,90.5097053527832,96.23571163105285,12.652800616135416,0.24530554745698485,18.131661745002692,11.72742700253786,-0.017410792909526407,0
2025-10-01,86.06787872314453,NDAQ,87.61276049766902,85.85990689460291,87.36518290275323,5350600,-1.5250625610351562,-0.017410792909526407,89.34140490510126,92.35367736816406,82.28821399688721,33.79779055166149,1.590707623533697,232727400.0,-1.678684755514709,-0.38998066146952826,-1.2887040940451808,84.23057061233908,90.18310432434082,96.13563803634256,13.200995367366444,0.1543299206437922,16.063439700105004,15.465935627230067,0.004947571994157629,1
2025-10-02,86.49370574951172,NDAQ,86.58283761336632,85.61233010773027,85.98865289105404,3067900,0.4258270263671875,0.004947571994157629,89.07019546171179,92.33998321533203,82.32394256591797,36.072555055201256,1.5464076151124364,235795300.0,-1.6905142570468428,-0.32144813040132947,-1.3690661266455133,83.8527466821281,89.85162544250488,95.85050420288167,13.35285528966953,0.2201210570238082,12.116333973591617,15.437145139566455,0.003091320442628831,1
2025-10-03,86.7610855102539,NDAQ,87.30575919444541,86.2164118260624,86.26593036297724,3625900,0.2673797607421875,0.003091320442628831,88.85028022823961,92.22853958129883,82.36468746185302,37.52418487761263,1.5137604546317636,239421200.0,-1.6591878256860753,-0.23209735923244956,-1.4270904664536257,83.54272256109223,89.57400360107422,95.60528464105622,13.466588066874484,0.26680591799874764,10.378830135776546,12.852867936491075,0.006391956207330907,1
2025-10-06,87.31565856933594,NDAQ,87.50381994673984,86.65215247228903,87.00866478975533,3519900,0.5545730590820312,0.006391956207330907,88.7041257845345,92.1017219543457,82.40653720855713,40.54002409742705,1.4664680989045524,242941100.0,-1.5714967556540103,-0.11552503136030756,-1.4559717242937027,83.4706610663678,89.24955291748047,95.02844476859315,12.949962576184106,0.3326760218075218,16.40592844319795,12.967030850855389,0.003062394808817981,1
2025-10-07,87.58305358886719,NDAQ,87.88014217353413,86.69177272392898,87.751404542392,2504500,0.26739501953125,0.003062394808817981,88.59735700399476,91.97432708740234,82.4538939666748,41.993971234455586,1.4466039096688807,245445600.0,-1.4635534740918814,-0.006065399838542707,-1.4574880742533387,83.50119448299901,88.94390296936035,94.38661145572169,12.238519571681625,0.3749841752591324,21.547346886299792,16.110701821758116,0.016169083370398907,1
2025-10-08,88.99919128417969,NDAQ,89.18734510748504,86.79079594354815,88.27626142531422,3688700,1.4161376953125,0.016169083370398907,88.63562693544094,91.86162689208984,82.51883003234863,49.0935639285622,1.5144571421165962,249134300.0,-1.2493356057309057,0.1665219748179465,-1.4158575805488522,83.68902174025051,88.71992263793945,93.75082353562838,11.341084951617315,0.5277553316910425,45.10286637528594,27.68538056826125,0.017024677115088815,1
2025-10-09,90.51437377929688,NDAQ,90.58369520638637,88.90016296133321,89.55377146429322,3239400,1.5151824951171875,0.017024677115088815,88.81455520628437,91.77607040405273,82.59178356170655,55.38545141468007,1.5265339351834935,252373700.0,-0.9463943918121771,0.37557055098934033,-1.3219649428015174,84.19091504639034,88.51146278381347,92.8320105212366,9.762685197003085,0.7317890134779516,70.4275530403544,45.692588767313396,-0.02735238833773046,0
2025-10-10,88.03858947753906,NDAQ,91.0689366568345,87.9890709390602,90.51436529211851,3339800,-2.4757843017578125,-0.02735238833773046,88.74065370830863,91.63645568847656,82.65078830718994,45.49147600919071,1.6374862053685508,249033900.0,-0.895760628434175,0.3409634514938742,-1.2367240799280492,84.47183818774151,88.26140975952148,92.05098133130146,8.587153960275739,0.47060086110502425,76.33329095113534,63.95457012225858,0.005511727912228315,1
2025-10-13,88.52383422851562,NDAQ,88.99918648143488,87.89003626160178,88.49412612935836,1975200,0.4852447509765625,0.005511727912228315,88.72000423404263,91.52728378295899,82.71104175567626,47.47208178243246,1.5997479206874472,251009100.0,-0.8071732196876269,0.34364068819233795,-1.1508139078799648,84.69543391886602,88.08959045410157,91.48374698933712,7.706146703006986,0.5639693204933344,65.47587308374516,70.74557235841165,0.0016781010697581866,1
2025-10-14,88.6723861694336,NDAQ,89.29627894550651,88.05839105653543,88.06829627517826,2493000,0.14855194091796875,0.0016781010697581866,88.71546918027035,91.3867170715332,82.76723022460938,48.0938869039678,1.5739007755648502,253502100.0,-0.7167182777225349,0.347276504125944,-1.063994781848479,84.9453522407444,87.94104385375977,90.93673546677513,6.812954410677698,0.6220656880194825,51.300623545208566,64.36992919336303,0.0008934419861119647,1
2025-10-15,88.7516098022461,NDAQ,89.77162817934253,88.14751992844704,89.18734118669046,1895200,0.0792236328125,0.0008934419861119647,88.71891114426803,91.25899276733398,82.82283359527588,48.44439744137782,1.5774870238027532,255397300.0,-0.6313614575799704,0.3461066594148069,-0.9774681169947773,85.45298693402978,87.76873016357422,90.08447339311866,5.2769208925060145,0.712216887030526,55.65632409701082,57.47760690865487,-0.01874587751532275,0
2025-10-16,87.08788299560547,NDAQ,89.1279196270984,86.62243598423362,88.9001449525346,2219400,-1.663726806640625,-0.01874587751532275,88.5635751301097,91.09364883422852,82.87355255126953,42.02617994419531,1.6437724965928977,253177900.0,-0.6900104012164547,0.22996617262265817,-0.9199765738391129,85.39129432905206,87.72268028259278,90.0540662361335,5.315355039381635,0.36385838732037706,46.88438119325448,51.28044294515797,0.007391467713402822,1
2025-10-17,87.7315902709961,NDAQ,87.96927019490926,86.5828341939559,86.84031700046098,2468900,0.643707275390625,0.007391467713402822,88.48433847686078,90.94335159301758,82.93249397277832,45.059078590289204,1.6253913183329303,255646800.0,-0.676747193764129,0.19458350405998726,-0.8713306978241162,85.38633828937179,87.67415466308594,89.9619710368001,5.218907173968809,0.5125524951587148,41.1372445802256,47.89264995683032,0.003047789163638459,1
2025-10-20,87.99897766113281,NDAQ,88.93976946455724,87.90984580144186,88.41490619177509,3107400,0.26738739013671875,0.003047789163638459,88.43811363726765,90.79050186157227,82.99321392059326,46.315434280984555,1.5955904522778033,258754200.0,-0.6373135249656343,0.18721373828678556,-0.8245272632524199,85.41648835568927,87.62117309570313,89.82585783571699,5.032310484147071,0.5856822199048989,36.53956325368248,41.520396342387535,0.01654297367082691,1
2025-10-21,89.45474243164062,NDAQ,92.01964280370335,89.23687292944076,89.62309339044272,4339000,1.4557647705078125,0.01654297367082691,88.53493542720793,90.66498977661132,83.06062393188476,52.662293323665104,1.7688100730129985,263093200.0,-0.48302598481272696,0.2732010227517544,-0.7562270075644814,85.37003851540304,87.71475753784179,90.05947656028054,5.346236114093337,0.8710433696206951,47.51542540327168,41.73074441239327,-0.03221523355370548,0
2025-10-22,86.57293701171875,NDAQ,89.43493358417828,86.48381269857894,89.20716641361939,4663700,-2.881805419921875,-0.03221523355370548,88.34807843525658,90.49783950805664,83.10974925994873,42.061228424224616,1.8546757630164759,258429500.0,-0.5865284756290094,0.1357588255483776,-0.722287301177387,85.41283779824188,87.72812728881836,90.04341677939483,5.2783287689570395,0.2505300564354093,36.61713752809572,40.22404206168331,0.016014575465080227,1
2025-10-23,87.95936584472656,NDAQ,88.21684865377502,86.71157267599622,86.89973406208568,3079400,1.3864288330078125,0.016014575465080227,88.31105818853945,90.36947814941406,83.17267505645752,47.53329220191862,1.8396211829478895,261508900.0,-0.5503377740556203,0.13755962169741343,-0.6878973957530338,85.67467292077863,87.8316146850586,89.98855644933856,4.911538452331083,0.5296139566175566,30.922443596937047,38.35166884276817,-0.004278251124771315,0
2025-10-24,87.58305358886719,NDAQ,88.82094158031785,87.31566555165138,88.48423211779955,2756500,-0.376312255859375,-0.004278251124771315,88.2417244171421,90.23694793701172,83.23597595214844,46.256300063507716,1.8157393862135025,258752400.0,-0.5457307915347229,0.11373328337464872,-0.6594640749093716,85.7841750355911,87.87766456604004,89.97115409648897,4.764554317156842,0.4296363863091127,17.5516662908316,28.363749138621472,0.0038442689111879425,1
2025-10-27,87.91974639892578,NDAQ,88.276258708013,87.28594841731915,88.08809733503143,3348800,0.33669281005859375,0.0038442689111879425,88.21105984397863,90.12537185668945,83.29281654357911,47.61239177799154,1.7567801651049564,262101200.0,-0.5090434922725251,0.12033646610947724,-0.6293799583820023,85.78760299407973,87.88113021850586,89.97465744293198,4.7644522077056175,0.5092227557323759,24.150113356200773,24.208074414656494,-0.009236262602920542,0
2025-10-28,87.10769653320312,NDAQ,88.4446139800882,87.01857222929598,87.91975070916408,2663200,-0.8120498657226562,-0.009236262602920542,88.10597762390478,90.00427001953125,83.35609550476075,44.68388669219797,1.733155992654047,259438000.0,-0.5392777229678103,0.0720817883313537,-0.611359511299164,85.73943298184409,87.85686798095703,89.97430298006998,4.820192314553936,0.32309458187199164,19.02188931180639,20.24122298627961,-0.02887676507219694,0
2025-10-29,84.5923080444336,NDAQ,86.61254205937594,84.32492757509591,86.35505925357303,4356300,-2.5153884887695312,-0.02887676507219694,87.7713424258599,89.84293319702148,83.40532577514648,37.07655413457617,1.808128347329273,255081700.0,-0.757477666656925,-0.11689452428620872,-0.6405831423707162,85.34318541405075,87.78308944702148,90.22299347999221,5.558938625515686,-0.1538743654402913,13.561229044445952,18.911077237484392,0.0028096943247746253,1
2025-10-30,84.82998657226562,NDAQ,85.4934926806621,84.59230665291041,84.75075993248056,2306000,0.23767852783203125,0.0028096943247746253,87.49121329694616,89.67311721801758,83.45540100097656,38.14808375875608,1.7433467530737317,257387700.0,-0.9008397038893463,-0.20820524921490402,-0.6926344546744423,84.99119284857493,87.69990348815918,90.40861412774343,6.17722604438207,-0.029757013162181743,7.10283166561173,13.22865000728804,-0.0019846501918006076,0
2025-10-31,84.66162872314453,NDAQ,85.55290953889146,84.45366445871495,84.70124204334087,2817000,-0.16835784912109375,-0.0019846501918006076,87.2217290518222,89.51059921264648,83.50105312347412,37.6588828886704,1.6973394907239296,254570700.0,-1.016324664569538,-0.25895216791607667,-0.7573724966534614,84.60110650376699,87.59493064880371,90.58875479384044,6.835610515042088,0.010107844757328533,4.804772200156465,8.489610970071402,0.01052756888063544,1
2025-11-03,85.55290985107422,NDAQ,85.80048743660353,84.20608718135725,84.57250472790923,2919100,0.8912811279296875,0.01052756888063544,87.0627938898462,89.35030395507812,83.54424434661865,41.90616005290261,1.6899866881898122,257489800.0,-1.0241229379220869,-0.21340035301490035,-0.8107225849071865,84.38424915559288,87.50679321289063,90.62933727018837,7.136689490382931,0.18713277923974223,9.392153057990404,7.0999189745862195,-0.006019213648865929,0
2025-11-04,85.03794860839844,NDAQ,85.71135991800196,84.70123917586267,85.4439719045959,1756900,-0.5149612426757812,-0.006019213648865929,86.86995148208926,89.18820205688476,83.58270214080811,40.201932926701645,1.6414248349004894,255732900.0,-1.059641308905512,-0.1991349791986603,-0.8605063297068516,84.07751110095609,87.3795379638672,90.6815648267783,7.557894994309871,0.14543151029904358,10.75304474984687,8.316656669331264,-0.0036102333247862717,0
2025-11-05,84.73094177246094,NDAQ,85.38455015791587,84.54278796445493,84.8299788409002,2563600,-0.3070068359375,-0.0036102333247862717,86.66623627164847,89.00850479125977,83.61452278137207,39.1789679087564,1.5843060747976643,253169300.0,-1.099883981814557,-0.19150212168616432,-0.9083818601283926,83.76031297936797,87.16612548828125,90.57193799719454,7.81453228495551,0.14249592286022156,11.533539993537888,10.559579267125073,0.007363413925664863,1
2025-11-06,85.35485076904297,NDAQ,85.75096886134911,84.19618192709575,84.47347516936567,2770300,0.6239089965820312,0.007363413925664863,86.54134241425747,88.84247100830078,83.64475322723389,42.38737450594673,1.5821975647587854,255939600.0,-1.0691083328642037,-0.12858117818864878,-0.9405271546755549,83.78607599350046,86.90814933776855,90.03022268203664,7.184765451935121,0.2512392571466443,10.724600490711177,11.00372841136533,0.012182293105662767,1
2025-11-07,86.39466857910156,NDAQ,86.83040752946982,85.24591255831432,85.24591255831432,3431200,1.0398178100585938,0.012182293105662767,86.52737347757595,88.68933319091796,83.67920166015625,47.37032938031158,1.5823616652156942,259370800.0,-0.9498643571535581,-0.007469761982402456,-0.9423945951711556,83.74091346753332,86.82595329284668,89.91099311816004,7.10626191435672,0.430100624600315,16.5428723728881,12.933670952379074,0.0066483149566025634,1
2025-11-10,86.96904754638672,NDAQ,87.44439980004931,85.98864249532558,86.35505245946166,2084800,0.5743789672851562,0.0066483149566025634,86.56943767460554,88.55755813598633,83.71593326568603,49.94568253056233,1.5733184966091256,261455600.0,-0.799795520022414,0.11407926011899328,-0.9138747801414073,83.76143770896225,86.74821395874024,89.73499020851823,6.886081253957758,0.5369685522413834,31.947092820224707,19.738188561274683,0.00011395529531132986,1
2025-11-11,86.97895812988281,NDAQ,87.37508377312524,86.8502129514348,87.0383743319553,1493100,0.00991058349609375,0.00011395529531132986,86.60843962272718,88.44869430541992,83.75119365692139,49.99115393332589,1.4984293769720767,262948700.0,-0.6723151535579035,0.19324770126680313,-0.8655628548247066,83.80656579518256,86.66354255676269,89.52051931834282,6.593260966014335,0.555200934316608,47.0674522936602,31.85247249559102,0.010702419699616827,1
2025-11-12,87.90984344482422,NDAQ,88.32577951978472,86.87992736478633,86.97895688531288,1713100,0.9308853149414062,0.010702419699616827,86.73238284387926,88.35489318847657,83.79243301391601,54.19983031823001,1.4946738611168133,264661800.0,-0.4905170048105276,0.3000366800113433,-0.7905536848218709,83.86575492173299,86.6214542388916,89.37715355605022,6.362625382757318,0.7337681034194012,64.46690352947805,47.82714954778768,-0.01509513674917784,0
2025-11-13,86.58283233642578,NDAQ,87.74149360763843,86.49370047800346,87.43449982350556,1677900,-1.3270111083984375,-0.01509513674917784,86.7181399384075,88.22408416748047,83.82438812255859,47.99844230389103,1.489064511524238,262983900.0,-0.44835105640706274,0.27376210273184665,-0.7221131591389094,83.84881838026487,86.59620170593261,89.34358503160036,6.3452744382425275,0.49756689039677715,65.5493412378932,59.02789902034383,-0.00400323035867467,0
2025-11-14,86.23622131347656,NDAQ,86.76108455493574,85.30532722909669,86.39466703001713,2542400,-0.34661102294921875,-0.00400323035867467,86.67224292650931,88.10253814697266,83.85191192626954,46.50181595582042,1.4866854268324385,260441500.0,-0.43785552536999717,0.22740610701512987,-0.665261632385127,83.82072046458504,86.52143325805665,89.22214605152826,6.242875763318741,0.4471969131131748,61.49846829373046,63.83823768703392,-0.01584752362039832,0
2025-11-17,84.86959075927734,NDAQ,86.38477188399936,84.46356745999472,86.23622382603037,1924500,-1.3666305541992188,-0.01584752362039832,86.50056176772532,87.92383651733398,83.87230827331543,41.06492396087824,1.5177224980590245,258517000.0,-0.5336616859993768,0.10527995710860028,-0.6389416431079771,83.66218604481627,86.36496391296387,89.06774178111148,6.25896832625644,0.22336366016060952,40.16757842066561,55.73846265076312,-0.0018669498015422281,0
2025-11-18,84.71114349365234,NDAQ,85.0775610225662,83.93870267285855,84.69133305670135,2248900,-0.158447265625,-0.0018669498015422281,86.33014097971837,87.74413833618163,83.89397281646728,40.47407559692001,1.4906607731767834,256268100.0,-0.6152815460181102,0.01892807767189353,-0.6342096236900038,83.73661918030109,86.12778396606446,88.51894875182782,5.552597955395015,0.20377606745328133,27.310905526440234,42.99231741361212,0.00561141553124167,1
2025-11-19,85.18649291992188,NDAQ,85.6717504310021,84.43386249441281,84.78046960556414,2370700,0.47534942626953125,0.00561141553124167,86.2212221168806,87.57829223632812,83.91899532318115,43.118254511593285,1.472605570563391,258638800.0,-0.6342973619313312,-7.01905930619029e-05,-0.6342271713382693,83.64267611693232,86.0584617614746,88.47424740601689,5.614289623809534,0.3195268600252941,20.785493756042822,29.421325901049574,0.011276546352696482,1
2025-11-20,86.14710235595703,NDAQ,88.68230219935488,85.89952474798056,87.08790179954896,3037500,0.9606094360351562,0.011276546352696482,86.21416309203073,87.40756286621094,83.94322814941407,48.132425990662945,1.6171201211969348,261676300.0,-0.565337520676124,0.05511172052971636,-0.6204492412058403,83.71350578810281,85.96784858703613,88.22219138596945,5.24461839160943,0.5397574337420462,30.86831685641609,26.321572046299735,0.0077020066381063845,1
2025-11-21,86.81060791015625,NDAQ,87.35527406311692,85.94903519558726,86.51351178638258,2416400,0.6635055541992188,0.0077020066381063845,86.27096736042364,87.28298202514648,83.96636318206787,51.32412847253305,1.6020571745064156,264092700.0,-0.45193734419332543,0.13480951761001192,-0.5867468618033373,83.76211625799672,85.92922630310059,88.09633634820446,5.043941714219001,0.7033541418551761,45.18016865110558,32.277993087854846,0.008898056324065484,1
2025-11-24,87.58305358886719,NDAQ,88.22674930004658,86.70167794339181,86.70167794339181,4586600,0.7724456787109375,0.008898056324065484,86.39592795360875,87.19543869018554,83.99797199249268,54.81048811014412,1.5965581875170118,268679300.0,-0.29632117065072805,0.23234055292208744,-0.5286617235728155,83.80293030600468,85.91239166259766,88.02185301919063,4.910726650184357,0.8959925411878238,61.30826592528516,45.78558381093563,0.007914937743070727,1
2025-11-25,88.2762680053711,NDAQ,88.78132842234953,87.40479757774469,87.82072613032987,3447600,0.6932144165039062,0.007914937743070727,86.57500795853849,87.12809768676757,84.04094535827636,57.73607245504196,1.5808419487375713,272126900.0,-0.11572363199282165,0.33035047326399514,-0.4460741052568168,83.67560714192709,85.97082023620605,88.26603333048502,5.339516566139146,1.0022295696446637,75.64665550815569,60.71169669484883,0.009423322855868443,1
2025-11-26,89.10812377929688,NDAQ,89.6131765904379,88.33567540164339,88.43471247564088,1785400,0.8318557739257812,0.009423322855868443,86.816257084325,87.06630249023438,84.09259140014649,60.99905836553397,1.5634181370468025,273912300.0,0.0934478190864354,0.43161753947460174,-0.33816972038816634,83.6173567194029,86.19661102294921,88.77586532649552,5.9845840177164265,1.064409789361313,85.8322633756639,74.26239493636827,0.010446694144823798,1
2025-11-28,90.03900909423828,NDAQ,90.37571851921628,89.1972468649951,89.36559779975016,1126100,0.9308853149414062,0.010446694144823798,87.12318584717389,87.10690505981445,84.15070709228516,64.31889328620544,1.5422878943948455,275038400.0,0.330522310792432,0.5349536249444786,-0.20443131415204668,83.46365510759394,86.45706214904786,89.45046919050178,6.924609666457159,1.098306026475211,91.81308678334,84.43066855571988,-0.017157853181345994,0
2025-12-01,88.49413299560547,NDAQ,89.88056898910328,88.40500113575024,89.69240760588428,3715400,-1.5448760986328125,-0.017157853181345994,87.2537522422626,87.1027456665039,84.19241493225098,55.82592534227615,1.5488393275443595,271323000.0,0.3892598185253746,0.474952906141937,-0.08569308761656243,83.64888401657463,86.6486873626709,89.64849070876717,6.9240595268119804,0.8075944353712553,85.54600781815566,87.7304526590532,-0.009512028645663362,0
2025-12-02,87.65237426757812,NDAQ,89.05861320057575,87.29586192463948,88.77142228234914,3498600,-0.8417587280273438,-0.009512028645663362,87.29171624467361,87.07462097167969,84.23374057769776,51.81147975827558,1.5641187524294957,267824400.0,0.36369437968689056,0.3595099738427624,0.004184405844128172,83.76768094248698,86.7536605834961,89.73964022450522,6.883812443015626,0.6504889168933352,74.41029964724464,83.92313141624679,-0.002146704626047047,0
2025-12-03,87.4642105102539,NDAQ,88.02868711205588,86.93934722942538,87.58305047317427,2219900,-0.18816375732421875,-0.002146704626047047,87.30814426996697,87.07224411010742,84.27250648498536,50.92983237361362,1.5302059760152815,265604500.0,0.324509597907948,0.2562601536510558,0.06824944425689214,83.98197356249115,86.87497367858887,89.7679737946866,6.660146170060321,0.601838369861498,61.07700646998622,73.67777131179552,0.022305178710355866,1
2025-12-04,89.41511535644531,NDAQ,89.51414487254169,87.2562386614861,87.46420291192882,4624300,1.9509048461914062,0.022305178710355866,87.50880818296491,87.13443557739258,84.31440395355224,58.764566850796164,1.582184564232447,270228800.0,0.4457388922456147,0.301991558390978,0.14374733385463667,84.19008588183696,87.10918235778809,90.02827883373921,6.7021556096379475,0.8949737560328304,65.84620585689864,67.11117065804319,0.0022217921814144947,1
2025-12-05,89.61377716064453,NDAQ,89.93162665028598,89.26613046543194,89.41511649328763,3468100,0.19866180419921875,0.0022217921814144947,87.70928141893441,87.20891876220703,84.35754001617431,59.4741476736718,1.5167068228482747,273696900.0,0.5514871284036076,0.3261918356391767,0.2252952927644309,84.32566361725738,87.32212867736817,90.31859373747896,6.863014233612943,0.8823919914473537,76.00310122519903,67.64210451736132,-0.00465525844559489,0
2025-12-08,89.19660186767578,NDAQ,89.53431363779475,88.57083023296292,89.39525495855405,4853200,-0.41717529296875,-0.00465525844559489,87.85093098548121,87.25960968017579,84.40580188751221,57.246388256235214,1.4828668303363703,268843700.0,0.5947746162289889,0.2955834587716464,0.2991911574573425,84.39123396173903,87.46222534179688,90.53321672185473,7.022440529169264,0.782380559115446,84.97408715393554,75.60779807867776,0.010244990731044457,1
2025-12-09,90.11042022705078,NDAQ,90.58719068707876,88.848949579545,89.19660386355562,3888900,0.913818359375,0.010244990731044457,88.06612043705927,87.30480941772461,84.46417652130127,60.71747480076334,1.5011078501361834,272732600.0,0.6948084474243217,0.3164938319735834,0.3783146154507383,84.35031122951874,87.61929397583008,90.88827672214141,7.461787462503616,0.881024686354134,87.36573418443366,82.7809741878561,0.01322746775810546,1
2025-12-10,91.30235290527344,NDAQ,91.58047026677971,89.71310542657345,90.26934014958601,4813600,1.1919326782226562,0.01322746775810546,88.37433305307967,87.37899765014649,84.53042407989501,64.7387755358032,1.5272690637126178,277546200.0,0.8603474353994187,0.3856262559589443,0.47472117944047443,84.21188683694515,87.83546371459961,91.45904059225407,8.250828821097606,0.9783794173173365,89.67948585994368,87.33976906610432,0.02099650527584518,1
2025-12-11,93.2193832397461,NDAQ,93.7458207477605,91.30235136946196,91.59040365421372,5554500,1.9170303344726562,0.02099650527584518,88.83576640419075,87.52202774047852,84.60385292053223,70.04928608746091,1.5927119433258985,283100700.0,1.1331641912876904,0.5267544094777727,0.6064097818099177,83.78300037570168,88.1009407043457,92.41888103298973,9.802257034086447,1.0926949130637647,93.53474300870262,90.19332101769335,-0.0029834387354010783,0
2025-12-12,92.94126892089844,NDAQ,93.71602660542382,92.38503418906069,93.21938628681731,4842500,-0.27811431884765625,-0.0029834387354010783,89.2267666438772,87.65097900390624,84.67216270446778,68.43893280389005,1.5740176913999866,278258200.0,1.3118102031862264,0.564320337101047,0.7474898660851794,83.67912241736207,88.41886253356934,93.15860264977661,10.721106289752981,0.9770732441495037,92.31027645752813,91.8415017753915,-0.0068397647085478575,0
2025-12-15,92.30557250976562,NDAQ,92.99093859367807,91.56061201094953,92.95120645769893,2543000,-0.6356964111328125,-0.0068397647085478575,89.51998625015229,87.76186874389649,84.72758033752442,64.77349484284458,1.5637540407805977,275715200.0,1.3861147984786442,0.5108999459147717,0.8752148525638724,83.80651027585297,88.72233009338379,93.6381499109146,11.081358689197456,0.8644603086959435,86.88882324789097,90.91128090470727,0.0,0
2025-12-16,92.30557250976562,NDAQ,93.06046793710902,91.75926511271513,92.39496413212112,2319900,0.0,0.0,89.78528017963926,87.86166702270508,84.78697170257568,64.77349484284458,1.545000382467262,275715200.0,1.4285344694515913,0.4426556935101751,0.9858787759414163,84.27629238416112,89.0941291809082,93.91196597765527,10.815161090949813,0.8332868530359666,82.08615800390125,87.0950859031068,0.008393315103239374,1
2025-12-17,93.080322265625,NDAQ,93.96434137579499,92.3055646255326,92.45455822819562,3178800,0.774749755859375,0.008393315103239374,90.0990937116379,87.97161239624023,84.86598476409912,67.25252345595374,1.5531272658811999,278894000.0,1.507293058636236,0.41713142615585586,1.0901616324803802,84.83851556746951,89.51258811950683,94.18666067154415,10.443386009120944,0.8816515582928939,81.69871112814423,83.55789745997885,0.010671197512439168,1
2025-12-18,94.07360076904297,NDAQ,95.21587492673599,93.37830740947118,93.46769902221787,5749300,0.9932785034179688,0.010671197512439168,90.47761819329554,88.0731005859375,84.9497679901123,70.15262007092338,1.594729079826185,284643300.0,1.6310572691403422,0.43271650932796946,1.1983407598123728,85.32286380773242,89.95694351196289,94.59102321619336,10.302883853794368,0.9441720384440045,84.15158037576056,82.6454831692687,0.0068631104468097615,1
2025-12-19,94.71923828125,NDAQ,95.26554564053507,93.51736966895243,93.6365584905204,10575000,0.6456375122070312,0.0068631104468097615,90.88158201119596,88.15719787597656,85.04968196868896,71.8949159797665,1.6056895720945032,295218300.0,1.7609398308322426,0.4500792568158958,1.3108605740163468,85.65556173223071,90.38555030822754,95.11553888422436,10.466249438913403,0.9581076574914512,89.01780406325666,84.95603185572051,0.02202175748124846,1
2025-12-22,96.80512237548828,NDAQ,97.06337744271707,94.4212475181461,94.71923471711234,4363000,2.0858840942382812,0.02202175748124846,91.44572871255713,88.33252853393554,85.16743320465088,76.63937101862821,1.6797210258428221,299581300.0,2.0090272945946737,0.5585333764626614,1.4504939181320122,85.68335069460892,90.88527603149414,96.08720136837937,11.447234500520459,1.069005316360306,92.36213764632589,88.51050736178108,0.005643404102994243,1
2025-12-23,97.35143280029297,NDAQ,97.62955015314228,96.69586397303715,96.8249952998097,3506000,0.5463104248046875,0.005643404102994243,92.00817672091291,88.50908050537109,85.29679573059082,77.70111216743517,1.6264328225758438,303087300.0,2.2240832354802222,0.618871453878568,1.6052117816016542,85.6915196211388,91.37369499206542,97.05587036299205,12.437223582607773,1.0260078594910311,96.06889892473079,92.48294687810449,0.006427876010174582,1
2025-12-24,97.9771957397461,NDAQ,98.13612426994246,97.05344449783567,97.33156184754988,1445400,0.625762939453125,0.006427876010174582,92.57665472270655,88.69517669677734,85.43203433990479,78.88492173839855,1.587593318970911,304532700.0,2.4171470904839083,0.6495482471058032,1.7675988433781051,85.68229656042526,91.85874137878417,98.03518619714309,13.44770182053776,0.995305514814556,97.70216352842374,95.3777333664935,0.007197906692123723,1
2025-12-26,98.68242645263672,NDAQ,98.75195579176396,97.84807438310983,98.07652467818666,1701500,0.705230712890625,0.007197906692123723,93.1581567922237,88.89379302978516,85.56741405487061,80.16306428599547,1.5387567539482838,306234200.0,2.5971198304412013,0.6636167896504768,1.9335030407907245,85.62693089673914,92.33745651245117,99.0479821281632,14.53478549045187,0.9727625154525477,98.32482611724845,97.36529619013436,-0.004831341412963486,0
2025-12-29,98.20565795898438,NDAQ,98.87115415787937,98.13612861847488,98.68242841444089,2322200,-0.47676849365234375,-0.004831341412963486,93.63887118905805,89.11614852905274,85.70438369750977,76.77936226241388,1.48134738148087,303912000.0,2.67049449239056,0.5895931612798684,2.0809013311106916,85.66096023236089,92.74578895568848,99.83061767901607,15.277952353637394,0.885321171231611,97.00511540365541,97.6773683497759,-0.006978940044493398,0
2025-12-30,97.5202865600586,NDAQ,98.92080822161383,97.40109016366118,97.83813603898902,2386400,-0.6853713989257812,-0.006978940044493398,94.00852979582001,89.31192245483399,85.83137985229492,72.0698642560625,1.4840881440859968,301525600.0,2.6428752755717255,0.4495791555688271,2.1932961200028984,86.10316025476013,93.19709663391113,100.29103301306213,15.223513683085638,0.8047102268109754,92.48884396822676,95.93959516304358,-0.010694655426121025,0
2025-12-31,96.47734069824219,NDAQ,97.50042606859823,96.42768121576418,97.44082408024335,2211700,-1.0429458618164062,-0.010694655426121025,94.24365464366974,89.48148971557617,85.9468115234375,65.4871269265463,1.4561250869580264,299313900.0,2.507920090790165,0.25169917662981334,2.2562209141603518,86.88939362751259,93.63834495544434,100.38729628337609,14.414930830191592,0.7103286573610447,82.0254858911348,90.50648175433902,-0.004838804828097398,0
2026-01-02,96.01050567626953,NDAQ,96.59653758814531,95.1562837607564,96.59653758814531,3998500,-0.46683502197265625,-0.004838804828097398,94.41192617058401,89.61260498046875,86.0562173461914,62.72538858284273,1.4549914255602328,295315400.0,2.336365285111185,0.06411549676066652,2.2722497883505186,87.87539360607471,94.06565971374512,100.25592582141553,13.161585485092544,0.6570890434027171,71.0585251062628,81.85761832187482,0.018518487615788226,1
2026-01-05,97.7884750366211,NDAQ,98.19572373260819,95.59332575270058,95.59332575270058,3416200,1.7779693603515625,0.018518487615788226,94.73350225306373,89.8369157409668,86.16821254730225,68.2220393187634,1.5369490365850453,298731600.0,2.3171633175547157,0.03593082336335751,2.281232494191358,88.47894501367436,94.48432769775391,100.48971038183346,12.711912822812646,0.7750988165688905,71.00045007981339,74.69482035907036,0.022752708812778577,1
2026-01-06,100.013427734375,NDAQ,100.17234869244156,97.5401535421961,97.7785463464905,3745700,2.2249526977539062,0.022752708812778577,95.2363522989029,90.07799697875977,86.28970817565919,73.49033812475238,1.6151809018465038,302477300.0,2.4532017255002074,0.1375753850470791,2.3156263404531283,88.97497935164421,95.00431022644042,101.03364110123664,12.69275227708186,0.9153958052686798,81.06179146821552,74.37358888476393,-0.0028801674579829184,0
2026-01-07,99.72537231445312,NDAQ,100.53986209155741,99.09960069549348,100.02335194326915,3067900,-0.288055419921875,-0.0028801674579829184,95.66387801466959,90.32084335327148,86.41645774841308,71.83002371252927,1.6026866514334628,299409400.0,2.508849028990781,0.15457815083012205,2.354270878160659,89.79001091307885,95.5307487487793,101.27148658447976,12.018617902382584,0.8653383664019918,90.94501477890178,81.00241877564359,-0.006573686708584714,0
2026-01-08,99.06980895996094,NDAQ,100.15248879871564,98.96054748325734,99.69558061346875,4105800,-0.6555633544921875,-0.006573686708584714,95.98825239041162,90.5438446044922,86.53077411651611,68.06138770738124,1.573347698863808,295303600.0,2.4715608193559433,0.09383195295622748,2.377728866399716,90.61379865084184,95.97871818542481,101.34363772000778,11.17939400736376,0.7880836100719271,89.2308615843084,87.07922261047526,-0.015039108134612178,0
2026-01-09,97.57988739013672,NDAQ,99.13933768283665,97.56996004004736,98.9704817937596,3502200,-1.4899215698242188,-0.015039108134612178,96.13983667609972,90.75328842163086,86.63636108398437,60.31598457592469,1.5730641234299139,291801400.0,2.2953263325124027,-0.06592202710985084,2.3612483596222535,91.34008470390303,96.29259490966797,101.2451051154329,10.286378117467672,0.6299636373258035,75.81054736128739,85.32880790816589,0.012011345434097542,1
2026-01-12,98.751953125,NDAQ,99.09959981124811,97.20243785022016,97.3712937295222,3021100,1.1720657348632812,0.012011345434097542,96.38860967123308,91.03648132324219,86.74849750518798,63.805455529831804,1.5962139689726307,294822500.0,2.22459143611394,-0.10932553880665097,2.333916974920591,91.71721076838558,96.56922340393066,101.42123603947574,10.048776337881554,0.7249303418007408,69.36741948501447,78.13627614353679,-0.005330890533217336,0
2026-01-13,98.22551727294922,NDAQ,99.03007212858435,97.24217160738078,98.84135396897052,3094800,-0.5264358520507812,-0.005330890533217336,96.56355325234891,91.30439193725586,86.86376079559327,61.202358775849234,1.6099058655605547,291727700.0,2.1018260055969904,-0.1856727754588805,2.287498781055871,92.23136618506021,96.8334358215332,101.43550545800619,9.505125161426134,0.651245152874621,61.88010022480757,69.01935569036984,0.011932395648335925,1
2026-01-14,99.3975830078125,NDAQ,99.86442607257798,97.43088421070306,97.43088421070306,2995400,1.1720657348632812,0.011932395648335925,96.83346084810734,91.59911102294922,86.99202171325683,64.65934961849123,1.6687370081544386,294723100.0,2.075187951926395,-0.16984866330358095,2.245036615229976,92.95829170467842,97.18803634643555,101.41778098819269,8.704249619119434,0.7611914960023508,68.85745880871151,66.70165950617788,0.0025982788158647185,1
2026-01-15,99.65584564208984,NDAQ,100.29154462765584,99.0698061402567,99.86443366127904,2432500,0.25826263427734375,0.0025982788158647185,97.10225939991518,91.88116973876953,87.11689781188964,65.39111985877608,1.6368085423862027,297155600.0,2.0512709638712465,-0.1550125210869835,2.20628348495823,93.84060713620426,97.55555000305176,101.27049286989927,7.616056424737078,0.7826820915311123,73.1241930855629,67.95391737302735,0.006478671753243903,1
2026-01-16,100.30148315429688,NDAQ,101.10603805405401,99.33799971338132,99.66577656779316,3768000,0.6456375122070312,0.006478671753243903,97.40694737652296,92.1864404296875,87.24411609649658,67.21854778360738,1.6461820994066658,300923600.0,2.0606601227633945,-0.11649868975586841,2.177158812519263,94.63303591153418,97.91660804748535,101.20018018343653,6.706874760936946,0.8631525375520154,82.94635291106657,74.97600160178035,-0.035353543805160204,0
2026-01-20,96.7554702758789,NDAQ,99.52671657828849,96.47734533249863,98.34471777597415,3209000,-3.5460128784179688,-0.035353543805160204,97.34490193836638,92.42693099975585,87.34247993469238,51.221460784323405,1.8017503652917788,297714600.0,1.7616601729303198,-0.33239891167115454,2.0940590846014744,95.21771212503972,98.05070152282715,100.88369092061458,5.7786213740202195,0.2714020306677063,65.64503128002141,73.90519242555031,0.014064180909960644,1
2026-01-21,98.11625671386719,NDAQ,99.11947224438522,96.75546713828676,97.00378728894067,3189600,1.3607864379882812,0.014064180909960644,97.41836429793788,92.68215911865235,87.46984714508056,55.58936504674065,1.841911418206542,300904200.0,1.6158778178529758,-0.38254501339879887,1.9984228312517747,95.83485304673853,98.22055244445801,100.60625184217749,4.857841537937895,0.4781414769416218,54.36840124476915,67.6532618119524,0.0,0
2026-01-22,98.11625671386719,NDAQ,99.20886386111842,97.73881281299991,98.33477965894335,3361700,0.0,0.0,97.4848302423121,92.91659088134766,87.62448375701905,55.58936504674065,1.8153499632002537,300904200.0,1.4832463109650007,-0.41214121622941935,1.89538752719442,95.98918557805916,98.28610916137696,100.58303274469475,4.67395362969644,0.46302609961790175,42.125730748323384,54.04638775770468,-0.00739011098813136,0
2026-01-23,97.39116668701172,NDAQ,98.26525089429626,97.10311440119384,97.96726368051785,2404700,-0.7250900268554688,-0.00739011098813136,97.47590990371206,93.12503326416015,87.77800525665283,52.6745151612969,1.7686918581932658,298499500.0,1.3045877058652593,-0.4726398570633288,1.777227562928588,95.99434290775301,98.2880958557129,100.58184880367278,4.6674074372691505,0.30448435619474074,44.037212171419235,46.84378138817062,0.008567004732768835,1
2026-01-26,98.22551727294922,NDAQ,98.71222264182842,97.39116521201346,97.58981829943734,2723900,0.8343505859375,0.008567004732768835,97.54730108173466,93.34996444702148,87.9422943496704,55.562003739885576,1.736717970451958,301223400.0,1.2163038003962043,-0.4487390100259072,1.6650428104221116,96.01094048998067,98.30051193237304,100.59008337476541,4.658310312702153,0.4836225552880192,40.04343154770796,42.06879148915022,-0.00394372957948641,0
2026-01-27,97.83814239501953,NDAQ,98.6129000766113,97.25211045878518,98.2255212358154,2830000,-0.3873748779296875,-0.00394372957948641,97.57500025442846,93.5485304260254,88.07713104248047,53.917177914179945,1.7098659452643976,298393400.0,1.1023727867563196,-0.45013601893263355,1.552508805688953,95.96731658339428,98.25829772949218,100.54927887559009,4.663181021932703,0.4083023151045395,33.25998725268463,39.11354365727064,0.0021319665457486536,1
2026-01-28,98.0467300415039,NDAQ,98.67249411004472,97.222305300159,97.76861267770798,3929300,0.208587646484375,0.0021319665457486536,97.6199269008166,93.77780838012696,88.22132926940918,54.69491143122119,1.6913175784516359,302322700.0,1.01718741411689,-0.4282571132576507,1.4454445273745407,95.9575931651279,98.25035133361817,100.54310950210844,4.667175511067627,0.45559468614861726,33.69096483902188,35.66479454647152,-0.006281056970561694,0
2026-01-29,97.43089294433594,NDAQ,100.82791844385001,95.89131252126937,99.07974242061742,6005900,-0.6158370971679688,-0.006281056970561694,97.60192366686606,94.00170181274414,88.35639400482178,51.909431905854156,1.9231238887465647,296316800.0,0.8897282521425041,-0.4445730201856293,1.3343012723281333,95.94710728316718,98.24588165283203,100.54465602249687,4.679635076792202,0.3227340796794005,30.94281566224282,32.63125591798314,-0.012233699924090402,0
2026-01-30,96.23895263671875,NDAQ,99.04000350652342,94.96755473526545,97.38122679378762,4547500,-1.1919403076171875,-0.012233699924090402,97.47211690209012,94.22908905029297,88.47934616088867,46.927956055196766,2.0766470946402364,291769300.0,0.6846441747498773,-0.519725678062605,1.2043698528124822,95.8964848258049,98.23396224975586,100.57143967370682,4.759000594942951,0.07325585423943559,28.047067754279,30.893616085181264,-0.0008256547049396712,0
2026-02-02,96.15949249267578,NDAQ,97.25210721553937,95.80191087030761,96.5270090429235,4857400,-0.07946014404296875,-0.0008256547049396712,97.34710505357448,94.45805603027344,88.59998138427734,46.60685548212064,2.031900612539631,286911900.0,0.5098248527693414,-0.5556360000345126,1.065460852803854,95.93153889613221,98.24141159057618,100.55128428502015,4.702441988660396,0.04934332465418495,23.217698499177335,27.40252730523308,-0.0939985085470536,0
2026-02-03,87.12064361572266,NDAQ,95.74231983354233,85.62078773449277,95.63305835740526,14429900,-9.038848876953125,-0.0939985085470536,96.37315634520763,94.49673904418945,88.68270729064942,25.35434343104378,2.639529480085587,272482000.0,-0.3539995959782942,-1.1355683590257186,0.7815687630474244,92.33300826531018,97.70802001953125,103.08303177375231,11.002191535856793,-0.4848700698648885,16.605030763673454,22.623265672376622,0.008892925408945151,1
2026-02-04,87.89540100097656,NDAQ,88.32251197584802,84.16067128103016,86.11742776037818,11493500,0.7747573852539062,0.008892925408945151,95.56575107432847,94.53170501708985,88.76689510345459,28.36940583256685,2.7482659954236057,283975500.0,-0.964946941375942,-1.3972125635386932,0.4322656221627511,90.34809742932437,97.10211868286133,103.85613993639829,13.911171754337955,-0.18157304635837299,17.047666021504714,18.956798428118528,-0.03367612141909648,0
2026-02-05,84.9354248046875,NDAQ,88.86881500540356,83.99180370362119,88.7198214022742,7479600,-2.9599761962890625,-0.03367612141909648,94.55333904864838,94.49420135498048,88.84376483917237,24.326620192829985,2.900319231592089,276495900.0,-1.668736302387174,-1.68080153963994,0.012065237252766092,87.89747076637738,96.36262130737305,104.82777184836871,17.569365436819986,-0.1749553033549175,12.413065650838016,15.355254145338757,-0.007952280210580476,0
2026-02-06,84.25999450683594,NDAQ,86.6140646617931,83.55476619531628,86.35581716391572,10110300,-0.6754302978515625,-0.007952280210580476,93.57302052085673,94.42774017333984,88.9072652053833,23.503542554040305,2.9116748912267125,266385600.0,-2.255001765089105,-1.8136536018734968,-0.44134816321560816,85.75833771697518,95.6221305847168,105.48592345245842,20.63077408425397,-0.07595167651175012,10.545430283646759,13.335387318663193,0.01732875919742316,1
2026-02-09,85.7201156616211,NDAQ,86.05782741571029,83.93220761606271,84.1010634931073,7114200,1.4601211547851562,0.01732875919742316,92.82512481997715,94.37661712646485,88.97407913208008,29.089082614673618,2.8555280989710603,273499800.0,-2.5721516307549166,-1.7046427740314467,-0.8675088567234699,84.31787291153972,95.02914199829101,105.7404110850423,22.543124901504246,0.06545642438466033,7.377462666237908,10.111986200240922,-0.043916576261311624,0
2026-02-10,81.95558166503906,NDAQ,83.94214279806931,81.4788036587349,81.7668559323998,8384100,-3.7645339965820312,-0.043916576261311624,91.78993023379257,94.23356628417969,89.015966796875,24.1857587650786,2.954512663536427,265115700.0,-3.0916233072203596,-1.7792915603975117,-1.312331746822848,82.21761360893883,94.18932342529297,106.1610332416471,25.42052407001223,-0.010943797833364556,6.360935789619648,8.0946095798348,-0.025330285134669395,0
2026-02-11,79.87962341308594,NDAQ,82.21383128933789,79.38298311694172,82.015178202132,6680700,-2.075958251953125,-0.025330285134669395,90.65561529848719,94.03037857055664,89.04442287445069,21.984969330668758,2.9456794855978377,258435000.0,-3.628988118769655,-1.8533250975574456,-1.7756630212122095,79.94343359085612,93.2720287322998,106.60062387374349,28.580047679027345,-0.0023937323136092935,5.7719644209097964,6.503454292255813,-0.017532885920911845,0
2026-02-12,78.4791030883789,NDAQ,80.5451209970212,76.57199855851961,80.39613496808111,8079800,-1.4005203247070312,-0.017532885920911845,89.49594746895306,93.83007797241211,89.06715618133545,20.621649769822714,3.019068267948106,250355200.0,-4.120366864618035,-1.8757630747246603,-2.2446037898933744,77.75070259310658,92.22610473632812,106.70150687954967,31.39111683098038,0.02515993987819593,4.214132383713474,5.449010864747668,0.00582204894942473,1
2026-02-13,78.9360122680664,NDAQ,79.57171126009918,78.07185539852354,78.49896636924522,5122700,0.4569091796875,0.00582204894942473,88.49023935458291,93.65575073242188,89.08803932189942,22.314188668814293,2.9105530960643584,255477900.0,-4.421945869229361,-1.7418736634687892,-2.680072205760572,76.03989017041684,91.19011306762695,106.34033596483707,33.22777522158493,0.09558018113987228,6.641482109176664,5.542526304600006,0.009689066652903255,1
2026-02-17,79.7008285522461,NDAQ,80.57492027903373,79.03533240799034,79.57170480993844,5039700,0.7648162841796875,0.009689066652903255,87.65315261150322,93.50048309326172,89.11141754150391,25.189667032006685,2.8197213042717135,260517600.0,-4.546822184996216,-1.4933999833885148,-3.0534222016077015,74.82767338692985,90.16008033752442,105.492487288119,34.01152016102022,0.15891683481331262,10.16926763736542,7.008294043418548,0.023554385961217505,1
2026-02-18,81.57813262939453,NDAQ,81.80659050087405,80.018682396646,80.44579335609329,4812900,1.8773040771484375,0.023554385961217505,87.07457927987382,93.34374343872071,89.14452678680419,31.856995579644547,2.768724207440017,265330500.0,-4.443087666294645,-1.1117323717495542,-3.3313552945450904,73.94775692523537,89.40121345520019,104.85466998516502,34.57102187479524,0.2468824916083849,14.428062405359176,10.412937383967117,-0.008766522744823035,0
2026-02-19,80.86297607421875,NDAQ,81.76685746607407,80.38619805897183,81.0417593045407,4680200,-0.7151565551757812,-0.008766522744823035,86.48299802219238,93.16872741699218,89.16401882171631,30.733295069116867,2.6695767217016044,260650300.0,-4.368230231071877,-0.8294999492214288,-3.538730281850448,73.20158539802952,88.53854942321777,103.87551344840602,34.64471492948672,0.24976881551025185,17.545408370089007,14.047579470937897,0.005650412609945699,1
2026-02-20,81.31988525390625,NDAQ,81.85625768598756,80.46566333371707,81.21062378191952,3450000,0.4569091796875,0.005650412609945699,85.99127299664131,93.0111930847168,89.18574619293213,32.374525391340306,2.57822083817081,264100300.0,-4.223352246337413,-0.5476975715895716,-3.6756546747478414,72.71618728590806,87.69873085021973,102.6812744145314,34.16821068916102,0.287124076464965,20.89856495119121,17.624011908879826,-0.023818249027091287,0
2026-02-23,79.38298797607422,NDAQ,81.26028780416091,79.15453766961667,81.0814969834798,4512100,-1.9368972778320312,-0.023818249027091287,85.36191251849208,92.79664443969726,89.1983304977417,29.214406249709562,2.548729891465008,259588200.0,-4.216224807568096,-0.432456106256204,-3.7837687013118924,72.09201986176502,86.79832191467285,101.50462396758068,33.88614371454064,0.24788584132431765,18.90670572304651,19.116893014775602,0.01488983013462808,1
2026-02-24,80.56498718261719,NDAQ,81.03183026037361,78.3698380447264,79.31345154962987,3296000,1.1819992065429688,0.01488983013462808,84.905062486504,92.58189712524414,89.2144129562378,33.481551597845524,2.556820057478023,262884200.0,-4.068301950944047,-0.22762659970572363,-3.8406753512383234,71.95782033528066,85.91529541015625,99.87277048503184,32.491246193691474,0.30833538305327224,23.36455833488968,21.05660966970916,0.03550734889838014,1
2026-02-25,83.4256362915039,NDAQ,83.79315284524019,81.56820640126375,82.10457883990738,5675800,2.8606491088867188,0.03550734889838014,84.76416475364684,92.38602218627929,89.24268207550048,42.51366292949469,2.6047733149883787,268560000.0,-3.677845630647141,0.13026377647294574,-3.808109407120087,72.32832907093122,85.19467010498047,98.06101113902973,30.20456800453551,0.43125342283423745,34.29000670396665,25.52042358730098,0.05476843809629206,1
2026-02-26,87.9947280883789,NDAQ,88.43177399412758,84.92549455427076,84.9652266891688,8283000,4.569091796875,0.05476843809629206,85.07183745219275,92.28709136962891,89.29276298522949,53.39799434206737,2.776299342676614,276843000.0,-2.9655338331635477,0.6740604591652315,-3.639594292328779,73.1566775046183,84.69207000732422,96.22746251003014,27.24078535737367,0.6431532598600336,61.50722438129998,39.72059647338546,-0.01140081908191204,0
2026-02-27,86.99151611328125,NDAQ,88.01459391109528,86.29621515162651,86.91205184712707,5031500,-1.0032119750976562,-0.01140081908191204,85.25466399134405,92.18081024169922,89.33024753570557,51.10982066859798,2.7007335867331963,271811500.0,-2.453687837898869,0.9487251635439282,-3.402413001442797,74.14127058489072,84.17010116577148,94.19893174665225,23.829912146901584,0.6406652014287981,79.96862985193448,58.588620312400394,0.005823198989103107,1
2026-03-02,87.49808502197266,NDAQ,88.20332092160682,84.4487138619966,85.38240005745905,4714000,0.5065689086914062,0.005823198989103107,85.46832313711819,92.08466049194335,89.36622867584228,52.2231209602892,2.7760102633672696,276525500.0,-1.9842965857827721,1.13449313252802,-3.118789718310792,75.19507937692761,83.73305778503418,92.27103619314074,20.393327638949746,0.7204870437107039,92.0993648544413,77.85840636255863,-0.00760584447082191,0
2026-03-03,86.83258819580078,NDAQ,88.12385600649573,85.27313795759851,85.90883693507398,3945400,-0.665496826171875,-0.00760584447082191,85.59825314270701,91.95970581054688,89.40139266967773,50.59316931923919,2.781346533762266,272580100.0,-1.647014906175258,1.1774198497084276,-2.8244347558836855,76.70429489798602,83.26671257019044,89.82913024239485,15.762403653615047,0.7716891703429563,88.83303012242241,86.9670082762661,0.01956073464582886,1
2026-03-04,88.53109741210938,NDAQ,88.74962035725738,86.81272621277199,86.94184996302782,2987500,1.6985092163085938,0.01956073464582886,85.87757164455485,91.84885574340821,89.44396633148193,54.496731424373834,2.7210285059567756,275567600.0,-1.228499864655575,1.2767479129824886,-2.5052477776380635,76.58315319378009,83.33723526000976,90.09131732623943,16.209038001217895,0.8844980044045408,92.28289469045622,91.07176322244,-0.009648785051432518,0
2026-03-05,87.6768798828125,NDAQ,89.28599726837497,87.05111579971431,87.72654694670139,2878800,-0.854217529296875,-0.009648785051432518,86.04893433391271,91.70800857543945,89.4792170715332,52.2604201700185,2.6863037175784816,272688800.0,-0.9547461750367177,1.240401282081077,-2.1951474571177947,76.60111216991783,83.32630920410156,90.0515062382853,16.141833469932934,0.823453027219669,90.1241399775521,90.41335493014361,0.0018126548035570789,1
2026-03-06,87.83580780029297,NDAQ,89.8124341633127,86.38561896698096,86.38561896698096,6022100,0.15892791748046875,0.0018126548035570789,86.21911275928225,91.52862228393555,89.51496715545655,52.64973469544096,2.7391973946322863,278710900.0,-0.7167084797809196,1.1827511818695002,-1.8994596616504198,76.49326144047504,83.47132835388183,90.44939526728862,16.719673811402277,0.8127284031932804,88.86075096902232,90.42259521234358,-0.0042972114118050575,0
2026-03-09,87.45835876464844,NDAQ,88.2033192053077,85.03475170603556,86.39554883909975,4703300,-0.37744903564453125,-0.0042972114118050575,86.33713618836474,91.33076080322266,89.549469871521,51.57402313257513,2.7698666878208464,274007600.0,-0.5521539865717386,1.077844540062945,-1.6299985266346837,76.44473100303516,83.63124656677246,90.81776213050976,17.18619740529511,0.7662703617583005,82.60126755345907,87.19538616667786,-0.005110813234046385,0
2026-03-10,87.0113754272461,NDAQ,87.97485878169411,85.70024539287594,87.94506157743353,3865700,-0.44698333740234375,-0.005110813234046385,86.40134944921058,91.11144439697266,89.5875951385498,50.264307384585585,2.734491452177798,270141900.0,-0.4525939634049365,0.941923650583798,-1.3945176139887345,76.41283544871406,83.69580955505371,90.97878366139336,17.403437866382145,0.7276244446143411,79.22452671916987,83.56218174721711,-0.023972544785047956,0
2026-03-11,84.92549133300781,NDAQ,87.41862776185309,83.06805388215923,87.0709810673439,3207000,-2.0858840942382812,-0.023972544785047956,86.26079153338176,90.83630569458008,89.61248531341553,44.575447090718455,2.8499259112860877,266934900.0,-0.5358286426476155,0.6869511770728953,-1.2227798197205109,76.58825562899906,83.84430503845215,91.10035444790523,17.30838941565646,0.5745024071326684,70.74650757874682,77.52410061712528,-0.01684215594976135,0
2026-03-12,83.49516296386719,NDAQ,84.87582236107303,83.11771907234389,83.78321524087028,3878600,-1.430328369140625,-0.01684215594976135,85.99739833628513,90.54209579467773,89.62741817474365,41.137247684350505,2.775486364813076,263056300.0,-0.7090349576250503,0.41099588967636835,-1.1200308473014187,76.99655644304653,84.02508201599122,91.0536075889359,16.72958931859669,0.46230226050795936,59.20135424784086,69.72412951525254,0.017487585296546593,1
2026-03-13,84.95529174804688,NDAQ,85.73998436137234,84.14080192808485,84.36925980918159,3369700,1.4601287841796875,0.017487585296546593,85.89815008978624,90.2907958984375,89.64335121154785,45.73841398319044,2.7375817242910814,266426000.0,-0.7201802306485945,0.31988049332225943,-1.040060723970854,77.79128189136905,84.34889144897461,90.90650100658017,15.54877472591912,0.5462363833760853,53.211793668257855,61.05321849828187,0.006920000071843901,1
2026-03-16,85.54318237304688,NDAQ,86.07128700951407,85.00511134661008,85.14461039767205,2301800,0.587890625,0.006920000071843901,85.86434364057297,90.0721127319336,89.6647339630127,47.51724243162158,2.621754119803661,268727800.0,-0.673807842212355,0.29300230540679917,-0.9668101476191542,78.59721821319494,84.67924995422364,90.76128169525234,14.364869184166269,0.5710233401936435,50.18632741972855,54.19982511194246,0.007221879939880438,1
2026-03-17,86.16096496582031,NDAQ,87.13745827396346,85.95171639978963,86.36024714238445,2239200,0.6177825927734375,0.007221879939880438,85.89259329059654,89.87512191772461,89.68512023925781,49.39466361842706,2.548362818454584,270967000.0,-0.5805156747295399,0.3090355783116915,-0.8895512530412314,79.34046055655915,85.00225677490235,90.66405299324555,13.321519764672631,0.6023269070656374,50.54214689780334,51.31342266192994,-0.011911586437610255,0
2026-03-18,85.13465118408203,NDAQ,85.90189596108597,84.87557826106476,85.59300629272606,2143300,-1.0263137817382812,-0.011911586437610255,85.82040832807135,89.62204544067383,89.69958732604981,46.42359286207604,2.4581502389046532,268823700.0,-0.5826791423420161,0.24549768855937226,-0.8281768309013884,79.74059480404797,85.18008270263672,90.61957060122548,12.77173659851442,0.495823915835305,41.57203786527895,47.433504060936976,0.009714333184959845,1
2026-03-19,85.96167755126953,NDAQ,86.04139346493865,84.24783102015108,84.76596925474449,2950400,0.8270263671875,0.009714333184959845,85.83386253980451,89.34101043701172,89.71592525482178,49.08145718461359,2.4106796821820042,271774100.0,-0.5117603353414921,0.2531331964479171,-0.7648935317894092,80.3632570166911,85.43501777648926,90.50677853628743,11.8727914894725,0.5519208022344916,39.80169029118897,43.97195835142379,0.0008113839421419744,1
2026-03-20,86.03142547607422,NDAQ,86.33035634571303,85.11471529230266,85.64281990682045,6282900,0.0697479248046875,0.0008113839421419744,85.85267805754448,89.06713150024414,89.73354721069336,49.309848417721305,2.3253197801268874,278057000.0,-0.44480120382854693,0.2560738623686899,-0.7008750661972368,80.96049411084793,85.67059478759765,90.38069546434737,10.99583979410305,0.5383039252491696,39.16145607966286,40.178394745376956,0.0006949967946077162,1
2026-03-23,86.09121704101562,NDAQ,87.1972506263601,85.31400589501743,85.85207690427646,2552100,0.05979156494140625,0.0006949967946077162,85.8753960559703,88.80755966186524,89.75117279052735,49.51888663870359,2.293742990928015,280609100.0,-0.38250168872959023,0.25469870197411726,-0.6372003907037075,82.282616690181,86.00600624084473,89.72939579150845,8.658440761072027,0.5114426383556495,43.889174155340505,40.95077350873081,-0.02453707625954571,0
2026-03-24,83.97879028320312,NDAQ,85.4435378629077,83.79943328156322,85.28410603828209,2140600,-2.1124267578125,-0.02453707625954571,85.69476693475438,88.53553771972656,89.75759628295899,42.80300820758148,2.293603045822614,278468500.0,-0.4978452095604098,0.1114841449146382,-0.609329354475048,83.23593587191421,86.17669639587402,89.11745691983383,6.824955346282241,0.12630311193932997,34.08897910204853,39.046536445684,-0.006407221119718365,0
2026-03-25,83.44071960449219,NDAQ,85.36382228432198,82.97239812048333,84.58661114155319,2610000,-0.5380706787109375,-0.006407221119718365,85.48009576044369,88.2293130493164,89.75340457916259,41.26773750040058,2.3005902685380457,275858500.0,-0.6254636323357374,-0.012907422288551462,-0.612556210047186,83.23950610234085,86.17745056152344,89.11539502070603,6.818360116339584,0.03424392546333496,21.725108072185577,33.234420443191574,0.00047765596006565936,1
2026-03-26,83.48057556152344,NDAQ,84.62646707114142,83.21154386551878,83.21154386551878,1695800,0.03985595703125,0.00047765596006565936,85.28966526530843,87.93441421508788,89.74921531677246,41.435303217402414,2.2373283354726596,277554300.0,-0.7151423928400078,-0.08206894623425742,-0.6330734466057504,82.91498984247016,85.95174293518066,88.98849602789116,7.066181531654626,0.09312342850838304,10.021759253988836,21.945282142741018,-0.027452744780965377,0
2026-03-27,81.18880462646484,NDAQ,82.8030100958608,80.7105167378965,82.56386995264067,2937100,-2.2917709350585938,-0.027452744780965377,84.89910710922808,87.57023864746094,89.73149978637696,35.213938181070716,2.275380513197965,274617200.0,-0.960073092979485,-0.26159971709898766,-0.6984733758804973,82.02759506666119,85.66160736083984,89.29561965501848,8.484576477466224,-0.11540831074512509,7.715231281795003,13.154032869323173,0.025036698031372984,1
2026-03-30,83.22150421142578,NDAQ,83.79943317174452,81.95604641416159,82.12543702600846,2633400,2.0326995849609375,0.025036698031372984,84.73933540467549,87.24155181884765,89.72040378570557,43.33997194802165,2.299326801203802,277250600.0,-0.978876687815756,-0.2243226495482069,-0.7545540382675491,81.76817989712305,85.4477783203125,89.12737674350194,8.61250812021344,0.19748409298466374,17.91034474870882,11.882445094830919,0.01640326846081619,1
2026-03-31,84.58660888671875,NDAQ,85.2542125323645,83.27132677198829,84.29764441275395,3217100,1.3651046752929688,0.01640326846081619,84.72479002201294,86.9272543334961,89.71559185028076,48.0523526036414,2.2802826240420107,280467700.0,-0.8735563200679195,-0.0952018254402962,-0.7783544946276233,81.69490478402602,85.33547935485839,88.97605392569076,8.532382072158835,0.39714941232910617,34.59010028451819,20.071892105007375,0.003062884100710983,1
2026-04-01,84.84568786621094,NDAQ,85.57307469571819,83.87915328809225,85.29407659113303,2826600,0.2590789794921875,0.003062884100710983,84.73630410241275,86.68905868530274,89.71721042633057,48.92063299443134,2.238399680012291,283294300.0,-0.7604180356328385,0.014349167195827794,-0.7747672028286663,81.81601098875899,85.15120887756348,88.48640676636796,7.833589053562525,0.45419746870521466,53.64479154986095,35.38174552769602,0.01761593986958232,1
2026-04-02,86.34032440185547,NDAQ,86.65918045463195,83.89907585835708,84.24783108037681,2511400,1.4946365356445312,0.01761593986958232,84.88906794045491,86.4535400390625,89.72092014312744,53.7259267160046,2.27566431688819,285805700.0,-0.5438809320424554,0.18470901662896877,-0.7285899486714241,81.90433747289978,85.08438110351562,88.26442473413147,7.4750349931955835,0.6974726519863219,70.09727430191926,52.7773887120995,0.014425810690814611,1
2026-04-06,87.58585357666016,NDAQ,87.73531900844445,86.10118085242553,86.3403209820038,2234700,1.2455291748046875,0.014425810690814611,85.14590466771254,86.24293197631836,89.73446201324462,57.32851921283083,2.229841019683242,288040400.0,-0.2686728291648137,0.3679336956052883,-0.636606524770102,81.93349911778866,85.07188339233399,88.21026766687932,7.378193944694393,0.900519815995187,82.80333322580303,68.84846635919445,-0.017064816686821915,0
2026-04-07,86.09121704101562,NDAQ,87.24706737036149,85.89192725862642,86.81860384088456,2699700,-1.4946365356445312,-0.017064816686821915,85.23593441755092,86.01693298339843,89.7384568786621,52.087921633937746,2.1915613981368485,285340700.0,-0.16922241147260308,0.3739072906379992,-0.5431297021106023,82.02031991592006,85.00352630615234,87.98673269638462,7.019017962826246,0.6823022936704348,87.08587691167315,79.99549481313186,0.019560094390821625,1
2026-04-08,87.7751693725586,NDAQ,88.67195436124865,87.43638815579105,87.94456758307003,3340300,1.6839523315429688,0.019560094390821625,85.47776631802785,85.80792602539063,89.75220470428467,56.87150427444463,2.2193596782865757,288681000.0,0.04495542269961561,0.47046809984817434,-0.4255126771485587,81.93949164117241,85.04171600341797,88.14394036566354,7.295770847617612,0.9405634554365359,87.7346547086267,85.87462161536767,-0.0440457938366432,0
2026-04-09,83.90904235839844,NDAQ,87.75524777626732,83.79943487741295,87.75524777626732,3998300,-3.8661270141601562,-0.0440457938366432,85.32836403615838,85.5293440246582,89.74351119995117,45.61201821603939,2.344815022347938,284682700.0,-0.0961627359611299,0.2634799529499431,-0.359642688911073,81.84965930825632,84.9908935546875,88.13212780111868,7.3919313353493585,0.32779838887880175,68.50229086739712,81.10760749589903,-0.012468760587030947,0
2026-04-10,82.86280059814453,NDAQ,83.90904347309399,81.88629964606363,83.90904347309399,3384300,-1.0462417602539062,-0.012468760587030947,85.09354847063325,85.22566543579102,89.72272319793701,43.12383777600955,2.3218099369681107,281298400.0,-0.2890904054054886,0.05644182680446752,-0.3455322322099561,81.74654020056094,84.95927543640137,88.1720106722418,7.563000553707426,0.17372430587041243,51.98165918759676,69.40620158787357,0.03595472347694173,1
2026-04-13,85.84210968017578,NDAQ,85.91185920280202,82.47418461075182,82.47418461075182,3344400,2.97930908203125,0.03595472347694173,85.1648400143992,84.9938897705078,89.71717735290527,51.27504963646089,2.40151455518826,284642800.0,-0.19928440306560447,0.11699826331548135,-0.3162826663810858,81.76792794850525,85.00361633300781,88.23930471751038,7.613060535745969,0.6295695455693384,43.88823107476096,54.79072704325165,0.006500290583555168,1
2026-04-14,86.40010833740234,NDAQ,87.1573943205679,86.07128589182845,86.14103541645369,3379700,0.5579986572265625,0.006500290583555168,85.28248461658997,84.79711288452148,89.71274272918701,52.64394327640506,2.3239267041313934,288022500.0,-0.08213981429616979,0.18731428166793285,-0.26945409596410264,81.76101779347897,85.04646263122558,88.33190746897219,7.726235133359513,0.7060064577290528,54.31794698309229,50.062612415150035,0.0212201982668756,1
2026-04-15,88.23353576660156,NDAQ,88.76164039266253,86.73889658999371,86.94814516246345,3194800,1.8334274291992188,0.0212201982668756,85.56353710706726,84.63859375,89.71406829833984,56.92596719370347,2.326612800640593,291217300.0,0.15683251956811262,0.3410292924257722,-0.1841967728576596,81.6097160177086,85.15009117126465,88.69046632482069,8.315610952042766,0.9354686243122886,76.45353037908241,58.21990281231192,0.003613765252340917,1
2026-04-16,88.5523910522461,NDAQ,88.90113867000458,87.31681720343332,88.64206575304347,2654700,0.31885528564453125,0.003613765252340917,85.84818986375096,84.66722869873047,89.71530933380127,57.64328304352867,2.2735919910642126,293872000.0,0.36771004017337816,0.4415254504248302,-0.07381541025145204,81.48268062706103,85.32097816467285,89.15927570228467,8.997312548864025,0.9209435115319144,86.88236494973613,72.55128077063698,-0.0029256279476949087,0
2026-04-17,88.29331970214844,NDAQ,89.40931970090817,87.7353235038326,89.11038882202294,2818500,-0.25907135009765625,-0.0029256279476949087,86.08105937216978,84.6751870727539,89.71762504577637,56.81539544418881,2.2307637200650237,291053500.0,0.5080703826321127,0.46550863430685174,0.04256174832526091,81.39243652400799,85.4375602722168,89.48268402042561,9.469193023116395,0.8529878945231497,91.44941746383763,84.9284375975521,-0.009366892074870181,0
2026-04-20,87.4662857055664,NDAQ,88.79153430162121,87.10757168554964,88.24349688155999,2358800,-0.8270339965820312,-0.009366892074870181,86.21298568963613,84.72580429077148,89.71294181823731,54.14210313624421,2.1917064983512056,288694700.0,0.5462751140889139,0.40297069261092244,0.14330442147799152,81.37468744902738,85.50930328369141,89.64391911835544,9.670563730233546,0.7366583136295196,85.02659907817116,87.78612716391501,-0.00205061223977121,0
2026-04-21,87.28692626953125,NDAQ,89.08049631976512,86.96807021639279,88.01432067938386,2254900,-0.17935943603515625,-0.00205061223977121,86.31526574486423,84.78634292602538,89.70464611053467,53.553592152780965,2.1860436129955714,286439800.0,0.5556743633347025,0.3298959534853688,0.22577840984933373,81.36849177963389,85.56908874511718,89.76968571060048,9.818024305472104,0.7044754041544211,77.04189989434813,84.50597214545235,-0.014041062604318921,0
2026-04-22,86.06132507324219,NDAQ,88.24349306481045,84.57664470933906,87.28692492018241,3850200,-1.2256011962890625,-0.014041062604318921,86.29108091899548,84.79316711425781,89.68785228729249,49.58717449131463,2.2918153803152723,282589600.0,0.4589372197254704,0.18652704790090935,0.27241017182456106,81.53264851428014,85.67321548461913,89.81378245495813,9.665954398740523,0.546866720355362,67.15227838315316,76.40692578522419,0.0077572886368451055,1
2026-04-23,86.72892761230469,NDAQ,90.11677783195091,85.78231826742227,87.2171742668319,5543000,0.6676025390625,0.0077572886368451055,86.33278060407255,84.88863403320312,89.68407424926758,51.68627783691263,2.437718536330513,288132600.0,0.4311719995611156,0.12700946218924364,0.304162537371872,81.80497542096165,85.83762588500977,89.87027634905789,9.39599720395426,0.6105106598304327,62.040809349542165,68.7449958756812,0.03285843950958034,1
2026-04-24,89.57870483398438,NDAQ,89.75806182990975,86.92820784999022,86.98799858338371,4173200,2.8497772216796875,0.03285843950958034,86.64191624501655,85.08261566162109,89.68842247009277,59.44836875039583,2.4799625135644097,292305800.0,0.6318376367793235,0.2621400795259612,0.3696975572533623,81.94987268513115,86.14253234863281,90.33519201213447,9.734238242575186,0.9097843327547499,69.26561609134978,66.15290127468175,0.005895449040392631,1
2026-04-27,90.1068115234375,NDAQ,91.1630207449921,88.92106204496397,88.92106204496397,3848000,0.528106689453125,0.005895449040392631,86.97190627153283,85.31516983032226,89.69096736907959,60.70818093473895,2.462962241168961,296153800.0,0.8239820441655752,0.3634275895297703,0.4605544546358049,82.71308692956667,86.58843269348145,90.46377845739623,8.951185841723921,0.9539438600185534,80.30486433337668,70.53709659142292,0.009731272564705185,1
2026-04-28,90.9836654663086,NDAQ,91.18295524913607,89.31963569087063,90.38581132208196,5002300,0.8768539428710938,0.009731272564705185,87.3539785757972,85.55612289428711,89.70441417694092,62.77599212197977,2.420130620961567,301156100.0,1.0350808881967737,0.459621146848775,0.5754597413479987,82.97502028754928,86.97654075622559,90.9780612249019,9.201378748533141,1.0007002639934708,93.31105793365852,80.96051278612838,-0.0004380561810406469,0
2026-04-29,90.94380950927734,NDAQ,91.11320772893714,89.9673161594007,90.67477779920506,2484700,-0.03985595703125,-0.0004380561810406469,87.69586723612865,85.78098251342773,89.71642730712891,62.61469164284047,2.329113545859773,298671400.0,1.1854965342335646,0.4880294343084527,0.6974670999251119,83.09755489224464,87.29440078735351,91.49124668246237,9.615383935866065,0.9347799291578669,94.6327852774316,89.41623584815564,0.007012222207587904,1
2026-04-30,91.58152770996094,NDAQ,91.84059302585156,89.51891835766781,90.30609589932304,2477500,0.6377182006835938,0.007012222207587904,88.06593013839839,85.98105041503906,89.73770225524902,64.19976093566535,2.3285821974543426,301148900.0,1.3407057255222554,0.5145909004777148,0.8261148250445406,83.19988907302748,87.63119277954101,92.06249648605454,10.113530504284304,0.9457305560678867,97.50601515015666,95.14995278708228,-0.006419397766069257,0
