Date,Close,ticker,High,Low,Open,Volume,Daily_Change_USD,Daily_Return_Pct,EMA_20,SMA_50,SMA_200,RSI_14,ATR_14,OBV,MACD_12_26_9,MACDh_12_26_9,MACDs_12_26_9,BBL_20_2.0,BBM_20_2.0,BBU_20_2.0,BBB_20_2.0,BBP_20_2.0,STOCHk_14_3_3,STOCHd_14_3_3,Target_Forward_Return,Target_Direction
2023-05-01,399.8477478027344,SPY,401.8781992260224,399.61677440898023,399.8092473425676,62122300,-0.404144287109375,-0.0010097248635083655,394.32151434871525,386.82456481933593,378.31036392211917,60.65739588453651,4.38411958889421,-1722267800.0,2.8940773509447695,-0.14908049288053693,3.0431578438253064,389.7372852918407,395.65257415771487,401.56786302358904,2.9901429952614054,0.8546042923805325,85.65016502829968,57.23594285034312,-0.011239171770321854,0
2023-05-02,395.3537902832031,SPY,399.1837787040956,392.4476367591756,399.13564578414,103998500,-4.49395751953125,-0.011239171770321854,394.419826342476,386.9232666015625,378.4570695495606,53.284565506442966,4.599547549941677,-1826266300.0,2.627637033541532,-0.33241664822701944,2.9600536817685517,389.73112155944943,395.64728088378905,401.56344020812867,2.990623017109693,0.47519585050908963,78.56128852091778,74.40976750630274,-0.006864092829977797,0
2023-05-03,392.6400451660156,SPY,398.2695405891648,392.39946868953274,395.8541433677578,91531800,-2.7137451171875,-0.006864092829977797,394.2503233732893,387.1243359375,378.6053170776367,49.3812193570515,4.690299289205278,-1917798100.0,2.1724618235663797,-0.6300734865617379,2.8025353101281176,389.6434593822054,395.61600189208986,401.58854440197433,3.019363464227909,0.25086349564284705,55.46729428629515,73.22624927850421,-0.007082915793210187,0
2023-05-04,389.8590087890625,SPY,391.91832822239473,388.5213894409254,391.59114772802405,94901900,-2.781036376953125,-0.007082915793210187,393.8321029366963,387.28032958984375,378.69062118530275,45.687567401406824,4.649467606054201,-2012700000.0,1.5692366139022056,-0.9866389569807295,2.555875570882935,389.1758912499167,395.4971557617188,401.81842027352087,3.1966169261710533,0.05403329807433412,30.55398536508801,54.86085605743366,0.01851247367885467,1
2023-05-05,397.0762634277344,SPY,398.1251732691853,393.2366725239446,393.4964845285171,87891800,7.217254638671875,0.01851247367885467,394.14107060250944,387.5400231933594,378.8001316833496,55.07831630829646,4.907803097059103,-1924808200.0,1.6544766445846335,-0.721119141038641,2.3755957856232746,389.35805372501557,395.6626678466797,401.96728196834385,3.1868632721787127,0.6121080175388701,34.899664796215475,40.306981482532876,0.0002667661691924117,1
2023-05-08,397.18218994140625,SPY,397.6633429667236,395.77723133030975,397.40353090526224,50046800,0.105926513671875,0.0002667661691924117,394.43070101573767,387.8838934326172,378.8910696411133,55.20074665606208,4.691967992727299,-1874761400.0,1.7108556880095875,-0.5317920780909495,2.242647766100537,389.5145648747928,395.81327056884766,402.1119762629025,3.1826652426294717,0.6086667197239171,46.301709599667895,37.251786586990455,-0.004385523446803097,0
2023-05-09,395.4403381347656,SPY,396.5566164511649,395.2093941269741,395.6328110527547,49220100,-1.741851806640625,-0.004385523446803097,394.5268569318356,388.16704528808594,378.990880279541,52.65919756607996,4.497741408563361,-1923981500.0,1.5965792310405504,-0.5168548280479897,2.11343405908854,389.60927433789345,395.8714874267578,402.1337005156222,3.163760608054893,0.46557532569764515,60.230508056543336,47.143960817475566,0.004672633579694718,1
2023-05-10,397.2880859375,SPY,398.9143856232208,393.45809702290114,398.27926006247316,96142900,1.847747802734375,0.004672633579694718,394.7898311228513,388.5153350830078,379.09764846801755,55.02480553644763,4.566209065117385,-1827838600.0,1.6362504443907824,-0.38174689175820653,2.017997336148989,389.9908225693613,396.1024475097656,402.21407245016997,3.0858809274354018,0.5969986246943955,60.7591335621187,55.76378373944331,-0.001744078505885871,0
2023-05-11,396.5951843261719,SPY,396.8838643849846,394.5165998009732,396.4219762908843,70157100,-0.692901611328125,-0.001744078505885871,394.9617695231675,388.87890991210935,379.2231907653809,53.936370683788205,4.438014570218058,-1897995700.0,1.5934109480276675,-0.33966911049705706,1.9330800585247245,389.9759080880572,396.03797607421876,402.1000440603803,3.0613569164516115,0.5459585947588436,59.29419888415557,60.094613500939204,-0.0013102865109050343,0
2023-05-12,396.0755310058594,SPY,398.04827596600416,393.6505304091499,397.8365674670435,70481500,-0.5196533203125,-0.0013102865109050343,395.06784204532863,389.173232421875,379.2979037475586,53.08822790106841,4.435138212120644,-1968477200.0,1.5002348846068116,-0.3462761391343303,1.846511023741142,389.94724019685844,395.9961166381836,402.04499307950874,3.055018060619987,0.5065643899694522,60.879389962248865,60.31090746950772,0.0034499090541562083,1
2023-05-15,397.44195556640625,SPY,397.8461075849292,394.766746430572,396.6817257085728,54289400,1.366424560546875,0.0034499090541562083,395.29394809495506,389.37255920410155,379.35554748535156,55.088113640828354,4.338296993708967,-1914187800.0,1.5191395305218407,-0.2618971945754409,1.7810367250972816,389.9594474672128,395.9513687133789,401.943289959545,3.026594536413147,0.6243830477562694,61.263387916306066,60.478992254236836,-0.006682598017196506,0
2023-05-16,394.7860107421875,SPY,397.2591440489676,394.7763782852964,396.3353092048242,57705500,-2.65594482421875,-0.006682598017196506,395.24557310897717,389.5133984375,379.3717808532715,50.57499008335293,4.218817014237602,-1971893300.0,1.3047684890016171,-0.3810145888765317,1.6857830778781489,389.8761147056183,395.7608306884766,401.64554667133484,2.973874889347211,0.41717357735456984,56.74840364213458,59.630393840229836,0.012138897314760033,1
2023-05-17,399.5782775878906,SPY,400.1845056184392,395.16129716185526,396.80683197926186,87287000,4.792266845703125,0.012138897314760033,395.65821163077845,389.86895629882815,379.41777252197267,57.3625971430012,4.3030797186671785,-1884606300.0,1.5042339058267657,-0.14523933764110675,1.6494732434678725,389.8132365262887,395.81327362060546,401.81331071492224,3.0317513303345813,0.8137483908933971,65.48987868592208,61.16722341478757,0.009633111569884,1
2023-05-18,403.4274597167969,SPY,403.8508766062225,399.03934774205976,399.26065927477663,97177200,3.84918212890625,0.009633111569884,396.39814001992306,390.289033203125,379.4958879089356,61.88973805774404,4.3393975147740065,-1787429100.0,1.950425226661423,0.24076158655484026,1.7096636401065828,389.30858428372034,396.1669189453125,403.02525360690464,3.462345962580933,1.0293224324663433,75.64029210111993,65.95952480972552,-0.0014548193197161385,0
2023-05-19,402.8405456542969,SPY,404.86139419112027,401.6184275681808,404.3321376214222,103793300,-0.5869140625,-0.0014548193197161385,397.01170246129203,390.838486328125,379.54070419311523,60.82917634696255,4.261081022500113,-1891222400.0,2.2309588978092734,0.4170362061621524,1.813922691647121,389.0250901192167,396.47582244873047,403.9265547782442,3.7584800422362363,0.9271206456011403,89.21710270371999,76.78242449692067,0.0004060520235973364,1
2023-05-22,403.0041198730469,SPY,404.54381527738377,401.6183969458684,402.85977985297563,60745400,0.16357421875,0.0004060520235973364,397.5824088814592,391.4995373535156,379.5876689147949,61.02961295338758,4.16567654457263,-1830477000.0,2.4383748582065436,0.49956173324753816,1.9388131249590055,388.79639901158333,396.77221527099607,404.7480315304088,4.020350192094597,0.8906750355925113,91.16799252132871,85.34179577538953,-0.011223008595040329,0
2023-05-23,398.481201171875,SPY,402.93668167961783,398.0866522737922,401.35848608728674,86383500,-4.522918701171875,-0.011223008595040329,397.6680081472131,392.08067443847654,379.6153454589844,52.96002871639765,4.219375905621348,-1916860500.0,2.2122898611797837,0.21878138897662236,1.9935084722031613,389.6472238647708,397.1576156616211,404.6680074584714,3.782071147918841,0.5881169415694792,79.07320911474496,86.48610144659789,-0.007244609813016778,0
2023-05-24,395.5943603515625,SPY,397.25916026310097,394.42997834283796,396.8742437459542,89213700,-2.8868408203125,-0.007244609813016778,397.47051788096064,392.481943359375,379.6308686828613,48.54769922490272,4.207364971579612,-2006074200.0,1.7796571643254993,-0.17108104630212972,1.950738210627629,390.88232253429646,397.48143310546874,404.080543676641,3.3204623016548553,0.35702067471412163,56.62292968810826,75.62137710806064,0.008659833388311,1
2023-05-25,399.0201416015625,SPY,400.4732329300767,396.86458575045214,399.10674560980397,90961600,3.42578125,0.008659833388311,397.6181010924465,392.9987017822266,379.67131378173826,53.49883701078195,4.255329800646368,-1915112600.0,1.693700625031397,-0.20563006847698562,1.8993306935083827,390.9635572493806,397.5892074584961,404.2148576676116,3.3329125060856506,0.6079844315579569,43.33699039934436,59.677709734065864,0.01295080753542699,1
2023-05-26,404.1877746582031,SPY,404.90950419232723,399.5975853933837,399.6745569554337,93830000,5.167633056640625,0.01295080753542699,398.24378428918527,393.4878631591797,379.6965414428711,59.78524249155714,4.372046428511965,-1821282600.0,2.0192871628659645,0.09596517548606531,1.9233219873798992,390.6421532608197,397.78600158691404,404.92984991300835,3.591804788300688,0.9480619393825417,54.251629535659326,51.40384987437064,0.00038083948529288314,1
2023-05-30,404.3417053222656,SPY,406.6512337191027,402.955982410714,406.1219771957275,72216000,0.1539306640625,0.00038083948529288314,398.82453867328815,394.06890380859375,379.72253875732423,59.95888772521871,4.323703919931733,-1749066600.0,2.263643880378254,0.2722575143986836,1.9913863659795703,390.3570791975641,398.0106994628906,405.66431972821715,3.8459369437329105,0.9135955038203677,74.9892293987607,57.525949777921454,-0.005545278833438583,0
2023-05-31,402.0995178222656,SPY,403.41787217907637,400.5309545391423,402.51330230251745,110811800,-2.2421875,-0.005545278833438583,399.1364414493812,394.5329278564453,379.70353958129886,56.15524918721396,4.287064410159705,-1859878400.0,2.2504309795074846,0.20723569082233118,2.0431952886851534,390.59848852692886,398.3479858398438,406.0974831527587,3.89081787200531,0.7420500215007328,80.39354186180026,69.87813359874009,0.009500988805628996,1
2023-06-01,405.91986083984375,SPY,406.9784031486699,401.07946358730794,402.33044944585635,88865000,3.820343017578125,0.009500988805628996,399.78248139133007,394.97385498046873,379.69527923583985,60.72673893996455,4.402198349531294,-1771013400.0,2.5191897625122692,0.3807955790616928,2.1383941834505764,391.0595106905365,399.01197662353513,406.96444255653375,3.986078814121268,0.9343234082678977,79.84694856044335,78.40990660700142,0.014461271186275049,1
2023-06-02,411.78997802734375,SPY,412.5790465929496,407.9696222034908,408.49887873292437,91426200,5.8701171875,0.014461271186275049,400.92605249952186,395.6630584716797,379.7123776245117,66.50559080778754,4.563411735500907,-1679587200.0,3.1693185019033763,0.8247394547622395,2.3445790471411367,391.48691617309606,400.10852508544923,408.7301339978024,4.309635197356464,1.1774520313231307,84.23288882590974,81.4911264160511,-0.001916251146660275,0
2023-06-05,411.0008850097656,SPY,413.4258854781173,410.29839108056865,412.1363990044285,65460200,-0.789093017578125,-0.001916251146660275,401.8855603576403,396.3160791015625,379.7400238037109,65.1184680871683,4.460846211361462,-1745047400.0,3.5796134444468635,0.9880275178445812,2.5915859266022823,391.0948144465207,400.8047561645508,410.5146978825809,4.845222801719291,1.025035532720137,91.64802041035627,85.24261926556977,0.002177361396475508,1
2023-06-06,411.8957824707031,SPY,412.4250389550156,409.9326702630217,410.58706057707866,64022200,0.8948974609375,0.002177361396475508,402.83891484459866,396.93734375,379.7662519836426,65.98494630412483,4.320240674263782,-1681025200.0,3.931664112047713,1.0720625483563446,2.8596015636913683,390.85887945249925,401.5404357910156,412.221992129532,5.320289259274331,0.9847302374068561,91.61049080607215,89.16380001411271,-0.0034576570009885454,0
2023-06-07,410.4715881347656,SPY,413.4258744271593,410.0481711705742,412.2903604628489,85373300,-1.4241943359375,-0.0034576570009885454,403.56583611032886,397.51588256835936,379.81268188476565,63.29043005033739,4.252916573001015,-1766398500.0,4.049071051466001,0.9515755902197061,3.097495461246295,391.32171483061353,402.2919982910156,413.2622817514177,5.453890958311448,0.8728066769320395,87.87563241928505,90.37804787857114,0.006048400437371981,1
2023-06-08,412.95428466796875,SPY,413.4065695599131,409.769054880937,410.5388877591547,61952800,2.482696533203125,0.006048400437371981,404.4599740681993,398.1612030029297,379.91329376220705,65.9042476894087,4.20895929485638,-1704445700.0,4.292963151362926,0.9563741520933045,3.3365889992696216,391.4296281802664,403.07530822753904,414.7209882748117,5.778414013243693,0.9241476839621443,91.30338774975701,90.26317032503806,0.0017944548816755113,1
2023-06-09,413.6953125,SPY,415.7065283650919,412.70413856902655,413.75304850629004,85742800,0.74102783203125,0.0017944548816755113,405.33953010932316,398.71067993164064,380.0223626708984,66.66714153482879,4.12277575922845,-1618702900.0,4.494237379747801,0.9261187043825436,3.5681186753652576,391.8118899481023,403.9303146362305,416.0487393243587,6.000255117787699,0.9028988137928434,90.83744574422468,90.00548863775556,0.009071797749891308,1
2023-06-12,417.4482727050781,SPY,417.52527361997466,413.9551270818145,414.67685648093624,76104300,3.752960205078125,0.009071797749891308,406.49274368987125,399.28998779296876,380.1439241027832,70.29252312067688,4.101860427853179,-1542598600.0,4.900095923990079,1.0655817988998573,3.834514125090222,392.09562699697193,404.9989517211914,417.9022764454109,6.372028702485318,0.9824074899285214,95.91040519984017,92.68374623127393,0.006592979210019445,1
2023-06-13,420.20050048828125,SPY,420.8452289997208,418.2470206735575,418.9110140981565,95899700,2.752227783203125,0.006592979210019445,407.7982443373389,399.8148291015625,380.2514961242676,72.64244560350029,4.051510132623857,-1446698900.0,5.381785650201891,1.237817220089335,4.143968430112556,392.1328776078165,406.13687896728516,420.1408803267538,6.896197850871201,1.0021286830812515,95.92437214342658,94.22407436249712,0.0011909249168247094,1
2023-06-14,420.700927734375,SPY,422.5100677032549,417.2462527373111,420.53735216092747,100612100,0.50042724609375,0.0011909249168247094,409.0270713275328,400.3196545410156,380.4290458679199,73.05972888629998,4.1381033350038505,-1346086800.0,5.737767117432838,1.2750389498562251,4.462728167576613,393.0781799911896,407.43262481689453,421.7870696425995,7.046291313640393,0.9621670527347916,96.72381048738295,96.18619594354989,0.01239763903130875,1
2023-06-15,425.9166259765625,SPY,427.1676119841462,419.7867416783568,419.8829487810575,110303100,5.2156982421875,0.01239763903130875,410.6356003417261,400.97267456054686,380.6454090881348,76.99776693384844,4.3697295472028195,-1235783700.0,6.367349413159388,1.52369699646622,4.8436524166931685,392.7774883298593,408.7495422363281,424.72159614279695,7.8150810000096405,1.0374100238066923,95.32245032778455,95.99021098619801,-0.003406242109375235,0
2023-06-16,424.4658508300781,SPY,428.4742491472454,423.99257880127806,427.9043831698667,114165800,-1.450775146484375,-0.003406242109375235,411.95276705490244,401.6172729492188,380.87552108764646,73.76766437195772,4.377725318543145,-1349949500.0,6.6723181583748215,1.4629325933453217,5.2093855650295,392.6429092400242,409.8014617919922,426.9600143439602,8.374080696021222,0.92732010738295,91.35444510020132,94.4669019717896,-0.005188118080103665,0
2023-06-20,422.263671875,SPY,423.41307214231983,420.1870344889163,422.52447850076925,76160400,-2.202178955078125,-0.005188118080103665,412.9347579901498,402.1872259521484,381.109020690918,69.03358235880026,4.370660391587336,-1426109900.0,6.6595435759206225,1.1601264087128982,5.499417167207724,393.1087053798453,410.77261810302736,428.43653082620943,8.600336022763685,0.825269207113207,86.29737027443254,90.99142190080613,-0.005123824000111021,0
2023-06-21,420.1000671386719,SPY,422.0801103736596,419.51086470582334,421.2784425280354,76982300,-2.163604736328125,-0.005123824000111021,413.61716838524717,402.70582458496096,381.3258096313477,64.64414421224478,4.255099447129431,-1503092200.0,6.401047515818618,0.7213042788887147,5.6797432369299035,393.8954825001661,411.6274154663086,429.3593484324511,8.615525739972895,0.7389094208888851,77.62035700115756,85.09072412526379,0.0036096601158854824,1
2023-06-22,421.6164855957031,SPY,421.722718296799,418.80576994281824,419.1438339963334,70637200,1.51641845703125,0.0036096601158854824,414.37900811957627,403.25263427734376,381.57004348754884,66.26325840292131,4.159517226190238,-1432455000.0,6.246543556290305,0.4534402554883208,5.7931033008019845,395.6243210861882,412.7841796875,429.9440382888118,8.314203618124477,0.7573536913505785,71.25362457629704,78.3904506172957,-0.0075598987197667,0
2023-06-23,418.4291076660156,SPY,420.2159925909701,417.71436548656794,418.1586622892244,92074500,-3.1873779296875,-0.0075598987197667,414.7647318859038,403.76783874511716,381.8053730773926,60.03950455383493,4.141131717829163,-1524529500.0,5.800043997524767,0.00555255737822602,5.794491440146541,398.5466597569825,413.92591705322263,429.3051743494628,7.430922618098682,0.646404684116115,60.761366918699785,69.87844949871813,-0.004085818153705567,0
2023-06-26,416.719482421875,SPY,419.78130707914215,416.47801229853,417.8592143297431,72823600,-1.709625244140625,-0.004085818153705567,414.95089860361537,404.1445361328125,381.9987969970703,56.94975333967941,4.081286222313661,-1597353100.0,5.247744677050264,-0.43739741047702285,5.685142087527287,401.00822994875074,414.8108840942383,428.61353823972587,6.654914166790197,0.569138815894357,50.003455576044296,60.67281569034703,0.010963331991706626,1
2023-06-27,421.2881164550781,SPY,421.9062646558956,417.1444807996532,417.59844581995696,72813700,4.568634033203125,0.010963331991706626,415.55444316089756,404.6320440673828,382.2027088928223,62.50306796656209,4.160250223149871,-1524539400.0,5.119677614631485,-0.452371578316642,5.572049192948127,402.497383364771,415.66590118408203,428.83441900339307,6.336106850140309,0.713471832902537,48.345825788478386,53.036882761074146,0.000504608226331138,1
2023-06-28,421.5007019042969,SPY,422.51486487061453,419.5882474656043,420.2063957992277,75636000,0.21258544921875,0.000504608226331138,416.1207535174118,405.09531982421873,382.37812774658204,62.74389538354898,4.072133593282754,-1448903400.0,4.97795465153871,-0.4752756331275334,5.453230284666243,404.21015752073146,416.5238510131836,428.8375445056358,5.912599464592203,0.7020860310581827,53.81951791654104,50.72293309368789,0.003941213757721274,1
2023-06-29,423.16192626953125,SPY,423.3261389375307,420.67963558379535,421.08528892018165,67882300,1.661224365234375,0.003941213757721274,416.79134139856603,405.5866229248047,382.5410873413086,64.65430359182484,3.97030286188651,-1381021100.0,4.9427086366381445,-0.40841731842247864,5.351125955060623,406.8815832728233,417.57697143554685,428.2723595982704,5.12259482411346,0.7610917317358127,63.53826384484635,55.23453584995525,0.011800735170562682,1
2023-06-30,428.1555480957031,SPY,429.14073568910436,426.05957423925753,426.3783313417032,104964000,4.993621826171875,0.011800735170562682,417.8736467982934,406.1791455078125,382.81392974853514,69.6862940127247,4.113767616006982,-1276057100.0,5.257118672218155,-0.07520582627397498,5.33232449849213,408.4588642340664,418.68875579833986,428.9186473626133,4.886633052644301,0.9627024752845287,74.18166583690571,63.846482532764355,0.0011504083343734095,1
2023-07-03,428.6481018066406,SPY,428.9281859198321,427.52767692487674,427.8077905144009,32793400,0.4925537109375,0.0011504083343734095,418.89978537051695,406.8250164794922,383.0821073913574,70.13788621882293,3.9199634287890097,-1243263700.0,5.48283317079904,0.12040693784552747,5.362426232953513,408.94262021389073,419.5316619873047,430.12070376071864,5.048029854649867,0.9304657595281521,85.31197080972275,74.3439668304916,-0.0014871200156685305,0
2023-07-05,428.0106506347656,SPY,428.7447292814146,426.8226069528998,426.8322751907773,58418400,-0.637451171875,-0.0014871200156685305,419.76748682425495,407.45197998046876,383.3683856201172,68.71124993723261,3.77726049305514,-1301682100.0,5.5463417793860685,0.14713243714604385,5.399209342240025,409.93905192842675,420.3821502685547,430.82524860868267,4.968383330955677,0.8652412396088497,93.56581058574477,84.35314907745773,-0.007830701245834848,0
2023-07-06,424.6590270996094,SPY,425.08401688065084,422.1477318870011,424.42722521043544,80658300,-3.35162353515625,-0.007830701245834848,420.2333478028601,408.0036352539062,383.65204833984376,61.61483689361795,3.9262360826772387,-1382340400.0,5.265527082119661,-0.10694580809629084,5.372472890215952,411.1875129895589,421.0203125,430.85311201044107,4.670938298465624,0.6850294311271969,83.93071448637092,87.60283196061282,-0.0025246444057290818,0
2023-07-07,423.5869140625,SPY,427.5373915505045,423.3454439189286,423.664201015191,86134200,-1.072113037109375,-0.0025246444057290818,420.55273506568295,408.65990966796875,383.91608413696287,59.49801865291708,3.945215479027142,-1468474600.0,4.899984873812571,-0.3779904131227054,5.277975286935276,413.0722308177198,421.6760787963867,430.27992677505364,4.080785423363524,0.6110453875319021,70.60765175062487,82.70139227424683,0.002531034367485585,1
2023-07-10,424.6590270996094,SPY,424.8328785164898,422.6596473764828,423.2295133382579,62443500,1.072113037109375,0.002531034367485585,420.94381049748546,409.37072998046875,384.20676086425783,60.943062856254365,3.8186451690971346,-1406031100.0,4.643275809024431,-0.507759582328676,5.151035391353107,414.56574266847406,422.2613159179688,429.9568891674635,3.644934053580085,0.6557850925399245,61.78484317625697,72.10773647108424,0.006368563013740225,1
2023-07-11,427.3634948730469,SPY,427.8561033801802,424.4465462578362,425.4220950342892,64463800,2.7044677734375,0.006368563013740225,421.5552090094437,409.9807067871094,384.5429273986816,64.39412255812516,3.7894245943290525,-1341567300.0,4.604976668293375,-0.43684697844778597,5.041823646741161,416.0248392968774,422.9447250366211,429.86461077636477,3.2722411843034624,0.8192805490303846,68.90407993131026,67.09885828606402,0.008045860541035621,1
2023-07-12,430.802001953125,SPY,432.21220867974904,429.72988876678727,431.15940249157063,91924500,3.438507080078125,0.008045860541035621,422.43585595646095,410.591708984375,384.9114114379883,68.23693737134556,3.8650881094985605,-1249642800.0,4.796788713501314,-0.19602794659187772,4.992816660093192,416.3731601382302,423.61241149902344,430.85166285981666,3.417865560253967,0.9965700247016831,80.53638909827745,70.40843740194822,0.007936941965867028,1
2023-07-13,434.22125244140625,SPY,435.0132815571351,432.18325865422753,432.617887210663,72425200,3.41925048828125,0.007936941965867028,423.55827466931294,411.27917907714846,385.3269082641602,71.52769616880906,3.8898160733922413,-1177217600.0,5.165165269769204,0.13787888774080947,5.027286382028395,415.9097463835569,424.3134490966797,432.71715180980243,3.9610824172617605,1.0894903522262336,90.9096677956366,80.11671227507476,-0.0006229020191921286,0
2023-07-14,433.9507751464844,SPY,435.9597935487755,433.1877213239847,435.109843497716,69815800,-0.270477294921875,-0.0006229020191921286,424.54803661951973,412.0511187744141,385.7584201049805,70.90192394776048,3.809977227063567,-1247033400.0,5.373340562181738,0.27684334412267475,5.0964972180590635,415.7655026457342,424.97594146728517,434.1863802888361,4.334569523983266,0.9872098850599569,92.1506426868102,87.86556652690808,0.003472366046566755,1
2023-07-17,435.4576110839844,SPY,436.5104174127122,433.7576517763609,433.80596349270843,52680200,1.5068359375,0.003472366046566755,425.58704371137355,412.90747009277345,386.20190368652345,72.35306260233705,3.7344621134412614,-1194353200.0,5.5954096488333676,0.3991299446194425,5.196279704213925,415.17106573562876,425.45299072265624,435.7349157096837,4.833401203532754,0.986514946080174,93.32607752432536,92.12879600225737,0.007430474645343077,1
2023-07-18,438.6932678222656,SPY,439.3403912522435,434.69450839296843,435.1291664096603,80668200,3.23565673828125,0.007430474645343077,426.83525553145853,413.8841552734375,386.62745025634763,75.21177946634474,3.799563595286532,-1113685000.0,5.9637451158012595,0.6139723292698669,5.349772786531393,414.3932152390682,426.16436157226565,437.9355079054631,5.524228393838326,1.0321871759705106,93.6583686357805,93.04502961563867,0.0022239148093636807,1
2023-07-19,439.66888427734375,SPY,440.8568986136269,438.61604842821305,439.4853645954834,65891700,0.975616455078125,0.0022239148093636807,428.0575058882095,414.7360076904297,387.09480514526365,76.01702536295335,3.688226923152771,-1047793300.0,6.262191080744799,0.729934635370725,5.532256445374074,414.0360906412665,427.0346221923828,440.0331537434991,6.087811561686601,0.9859880531611255,95.13317088377357,94.03920568129313,-0.006634589822913317,0
2023-07-20,436.7518615722656,SPY,439.5722457578469,436.0371193951603,438.6739839174844,70591600,-2.917022705078125,-0.006634589822913317,428.8855397628815,415.5274011230469,387.57434234619143,68.81864692603544,3.6841939202263916,-1118384900.0,6.191955298107473,0.5277590821867193,5.664196215920754,414.621218656425,427.8672119140625,441.11320517170003,6.191637446759055,0.835371213218771,89.63152690557256,92.80768880837553,0.0,0
2023-07-21,436.7518615722656,SPY,438.6739839174844,436.74222281063936,438.47112777830426,71275600,0.0,0.0,429.6347132685371,416.3536315917969,388.00888565063474,68.81864692603546,3.55902014784201,-1118384900.0,6.066363670136809,0.32173396337284466,5.7446297067639644,415.1652056820695,428.6239807128906,442.08275574371174,6.279991618031448,0.8019547039296608,83.4098284337846,89.39150874104355,0.004467251302013642,1
2023-07-24,438.70294189453125,SPY,439.5142779903244,436.867745334165,437.9012445599851,54023400,1.951080322265625,0.004467251302013642,430.4983540900604,417.1819287109375,388.39898193359375,70.95237530982669,3.502119881428921,-1064361500.0,6.054475056606805,0.24787627987427108,5.8065987767325336,416.35014646201535,429.6376724243164,442.92519838661747,6.18545663713498,0.8411195393308932,81.53484340367267,84.85873291434326,0.0027300771358440556,1
2023-07-25,439.900634765625,SPY,441.15626767500714,438.3841952460214,438.4325069587421,55191200,1.19769287109375,0.0027300771358440556,431.3938093924951,418.04803771972655,388.79926559448245,72.20954758150023,3.4499736348258354,-1009170300.0,6.071706200320307,0.21208593887021898,5.859620261450088,418.19218956693794,430.7967300415039,443.40127051606987,5.8517345168110335,0.8611359233004718,86.64673922183847,83.8638036864319,0.00015373233812465692,1
2023-07-26,439.96826171875,SPY,441.39774607749916,437.91093141721467,438.9637376866275,71052900,0.067626953125,0.00015373233812465692,432.2104238997575,418.9258923339844,389.21844787597655,72.2824928918662,3.452605136644311,-938117400.0,6.021407893788762,0.12943010587093884,5.891977787917823,419.3160035379728,431.7307373046875,444.14547107140226,5.7511465800282915,0.8317640381523197,91.41759098715978,86.53305787089029,-0.006630005937484418,0
2023-07-27,437.05126953125,SPY,443.7641509737044,436.14333947921443,443.35846818342566,92194400,-2.9169921875,-0.006630005937484418,432.67145681704244,419.71807861328125,389.6727146911621,64.4270587344446,3.7503341622047133,-1030311800.0,5.680685822217981,-0.16903357255987395,5.849719394777855,420.82758502353386,432.50826568603514,444.18894634853643,5.401367598824336,0.6944665716185251,84.65259986363826,87.57231002421217,0.009790384892540471,1
2023-07-28,441.3301696777344,SPY,442.1608128318353,437.0512962860115,440.3256456163928,80011800,4.278900146484375,0.009790384892540471,433.49609613710834,420.6489617919922,390.16159255981444,69.63936053794802,3.8474205292318984,-950300000.0,5.690337933701585,-0.12750516886101693,5.817843102562602,421.96103139000843,433.4166778564453,444.87232432288215,5.28620473171139,0.8453969989591726,82.65453908937724,86.2415766467251,0.001903950950616684,1
2023-07-31,442.1704406738281,SPY,442.52781174126136,440.4897885662861,441.8034013690048,62040400,0.84027099609375,0.001903950950616684,434.3222241882245,421.50080505371096,390.6655506896973,70.55187413495382,3.7181778610707092,-888259600.0,5.700083138299306,-0.09420797141063719,5.794291109709943,422.32516064781805,434.11742248535154,445.909684322885,5.432752166463162,0.8414535014328084,81.4121740943689,82.90643768246146,-0.0028616110617672996,0
2023-08-01,440.9051208496094,SPY,441.64883818871544,439.94887915495036,440.7022647310359,55291500,-1.26531982421875,-0.0028616110617672996,434.949166727404,422.2503582763672,391.1688121032715,67.27292727592042,3.611276693771213,-943551100.0,5.541822863749587,-0.20197459676828444,5.743797460517872,422.8649049153568,434.7302734375,446.59564195964316,5.45872659307635,0.7602046198812061,83.78562007584354,82.61744441986322,-0.01391077356282322,0
2023-08-02,434.77178955078125,SPY,438.0461090832154,434.01840394785836,437.78533196247287,93933400,-6.133331298828125,-0.01391077356282322,434.9322736629638,422.88898315429685,391.59650894165037,54.13845869265633,3.8452367086269135,-1037484500.0,4.865406501004941,-0.7027127676103451,5.568119268615286,423.609730173538,435.0683303833008,446.5269305930636,5.267494510422123,0.4870603377772575,59.644670995040066,74.94748838841748,-0.0028658061760973297,0
2023-08-03,433.52581787109375,SPY,435.4092967139093,432.10597229878186,432.7531252299224,64276100,-1.2459716796875,-0.0028658061760973297,434.79832549230946,423.4994171142578,392.0577685546875,51.92072517508905,3.806528687662667,-1101760600.0,4.180610681090286,-1.1100068700199994,5.2906175511102855,425.0561226391637,435.511669921875,445.96721720458635,4.801500398180798,0.4050335674888608,34.15627747131465,59.19552284739942,-0.004522808824073965,0
2023-08-04,431.5650634765625,SPY,437.44727217935485,431.0434797536367,435.3416597654818,100128900,-1.96075439453125,-0.004522808824073965,434.49039577652405,424.16109436035157,392.4653758239746,48.55022445560168,3.9920475260952024,-1201889500.0,3.440033996623754,-1.4804668435892259,4.92050084021298,426.7805642312526,435.91057739257815,445.0405905539037,4.188938573565805,0.26202039146980083,10.418864660416048,34.73993770892358,0.00872847933504195,1
2023-08-07,435.33197021484375,SPY,435.4865146243049,432.7047742066685,433.4002093110776,58357500,3.76690673828125,0.00872847933504195,434.5705457230307,424.9558465576172,392.87125305175783,54.642124063075094,3.9870049276414314,-1143532000.0,3.1211014167294024,-1.439519538786862,4.5606209555162645,428.896675036561,436.44422454833983,443.99177406011864,3.458654777521455,0.42631685742768016,16.664006293845222,20.413049475191965,-0.004348417990435061,0
2023-08-08,433.43896484375,SPY,435.32244400240916,430.0776893906939,432.7918118040874,71361300,-1.89300537109375,-0.004348417990435061,434.46277611548015,425.64422302246095,393.28021408081054,51.35153005137867,4.077524634534892,-1214893300.0,2.684648381035686,-1.500778059584463,4.185426440620149,430.27414469895615,436.747998046875,443.2218513947939,2.9645715043319054,0.24443094203016197,20.790726684622125,15.95786587962779,-0.006685382056432321,0
2023-08-09,430.541259765625,SPY,433.87355948928627,429.77820586959297,433.7093468244431,78789600,-2.897705078125,-0.006685382056432321,434.0892983678749,426.1712927246094,393.6894300842285,46.71405761718881,4.078798133474778,-1293682900.0,2.0809477527524223,-1.6835829502941815,3.7645307030466038,430.2123967626922,436.7349609375,443.25752511230775,2.9869668142922943,0.025209641033733795,21.24258589397433,19.56577295748055,0.0003589458898993758,1
2023-08-10,430.69580078125,SPY,436.28825743462227,429.527093565885,432.8980072622996,93005500,0.154541015625,0.0003589458898993758,433.76610812152967,426.69837463378906,394.0570491027832,46.98901670380671,4.270395685993526,-1200677400.0,1.5965764839450003,-1.734363375281283,3.3309398592262833,429.5980777262279,436.5586883544922,443.5192989827564,3.1888544720072685,0.07885249683157533,12.741299639389842,18.25820407266209,-0.0005831486341709713,0
2023-08-11,430.44464111328125,SPY,431.4588333292262,428.22312774254544,428.82196893936987,68690900,-0.25115966796875,-0.0005831486341709713,433.44977793026794,427.26527709960936,394.401559753418,46.56844698314025,4.1964892503283275,-1269368300.0,1.178853191748658,-1.7216693339821005,2.9005225257307585,429.0048151908986,436.38338165283204,443.76194811476546,3.381689941531041,0.09756813398719083,9.319761247878484,14.434548927080876,0.005519960921132494,1
2023-08-14,432.8206787109375,SPY,432.8206787109375,429.2179634605814,429.5270522820505,47867400,2.37603759765625,0.005519960921132494,433.38986371890314,427.80329345703126,394.72908432006835,51.033520535466614,4.154076821758881,-1221500900.0,1.0276843444932524,-1.498270544990005,2.5259548894832573,428.7188815089619,436.2515350341797,443.78418855939753,3.4533533616690435,0.27226774656790026,17.36224788995785,13.141102925742048,-0.011648654540880488,0
2023-08-15,427.7789001464844,SPY,431.400952625637,427.20900461725313,431.0435520209029,75707500,-5.041778564453125,-0.011648654540880488,432.85548623581565,428.1230718994141,395.0452365112305,42.850686444996505,4.258190912610702,-1297208400.0,0.4953425491146959,-1.6244898722948493,2.119832421409545,427.4164058450492,435.7058166503906,443.995227455732,3.8050494111226407,0.02186490149586898,15.773413613705571,14.151807583847292,-0.007338277215578115,0
2023-08-16,424.6397399902344,SPY,429.0248164729432,424.53347780183003,427.36350074460506,80107200,-3.13916015625,-0.007338277215578115,432.073034212427,428.3958489990234,395.35542663574216,38.69089651672993,4.274844323932307,-1377315600.0,-0.17779661983280448,-1.83810323299388,1.6603066131610755,425.58387336293237,434.95435943603513,444.3248455091379,4.308721533566237,-0.050378036172960654,11.20542020208135,14.78036056858158,-0.007619912760666092,0
2023-08-17,421.4040222167969,SPY,426.3686327842003,420.8824384802807,426.1078556541094,95711300,-3.2357177734375,-0.007619912760666092,431.0569378318908,428.5860137939453,395.6063050842285,34.9271637478386,4.361369322502828,-1473026900.0,-0.9612786216490576,-2.0972681878481065,1.135989566199049,423.1630583393518,434.18696746826174,445.2108765971717,5.077954869622285,-0.07978277496599953,2.147538723755216,9.708790846514036,0.0004813678349100403,1
2023-08-18,421.60687255859375,SPY,422.6403718520157,418.23595877170976,418.5836616313642,98852000,0.202850341796875,0.0004813678349100403,430.1569316153863,428.80871948242185,395.87160568237306,35.351740894784626,4.364443876631619,-1374174900.0,-1.547981261086477,-2.1471766618284205,0.5991954007419438,421.1998820908569,433.4297180175781,445.6595539442994,5.643284444203828,0.016639244801626183,5.7992996826111165,6.384086202815884,0.006506160527082638,1
2023-08-21,424.34991455078125,SPY,425.0936318878785,420.46708574241853,422.62098028708044,68719000,2.7430419921875,0.006506160527082638,429.6038823711382,429.0366320800781,396.1586848449707,40.9613746846054,4.383165467262214,-1305455900.0,-1.7711895944759135,-1.896307996174286,0.1251184016983723,420.12493111274523,432.7120666503906,445.299202188036,5.817788089471127,0.16782942494740005,15.89003689038985,7.945625098918718,-0.0027084311092233637,0
2023-08-22,423.2005920410156,SPY,426.1272091701829,422.64039424533416,426.1272091701829,64994200,-1.149322509765625,-0.0027084311092233637,428.9940451968408,429.22673767089844,396.4860606384277,39.41801700132806,4.319140428518393,-1370450100.0,-2.017567268486289,-1.7141485361477289,-0.3034187323385599,419.09404474915544,431.87706451416017,444.6600842791649,5.919749306152655,0.16062508575252382,23.700890205837055,15.130075592946,0.01113767453928216,1
2023-08-23,427.9140625,SPY,428.5322402058597,424.1181589807745,424.2630351692306,68441000,4.713470458984375,0.01113767453928216,428.89118970190356,429.43605346679686,396.85542098999025,48.06109470073497,4.391462409684514,-1302009100.0,-1.8116026486211467,-1.2065471330260693,-0.6050555155950773,418.94552088265254,431.2743545532227,443.6031882237928,5.71739707701477,0.36372222454245806,35.69402890458247,25.094985333603116,-0.01385911797327155,0
2023-08-24,421.9835510253906,SPY,430.0293227205553,421.9545463127507,429.5174072282619,88517300,-5.930511474609375,-0.01385911797327155,428.23331935175946,429.4717144775391,397.1696499633789,40.275347878840584,4.654556266693088,-1390526400.0,-2.1026785467170157,-1.1980984248975506,-0.9045801218194651,417.859253302874,430.5209686279297,443.18268395298537,5.882043499720156,0.16286488902318227,32.326327976712825,30.57374902904411,0.0070498353396770685,1
2023-08-25,424.9584655761719,SPY,426.24307373449807,420.1580380770201,423.71247141677657,102325100,2.97491455078125,0.0070498353396770685,427.9214285159892,429.556865234375,397.48157684326173,45.08144709845388,4.756733366034868,-1288201300.0,-2.0694521944881217,-0.9318976581349252,-1.1375545363531965,417.8508337100924,429.70238342285154,441.5539331356107,5.5161666166959815,0.29986086369901255,36.12526963039682,34.7152088372307,0.006341238972472629,1
2023-08-28,427.6532287597656,SPY,428.2713769074764,424.9584141058072,427.1509520711484,61595400,2.69476318359375,0.006341238972472629,427.8958856820631,429.5915972900391,397.7971961975098,49.07876616024241,4.6536068971516045,-1226605900.0,-1.804869787703126,-0.5338522010799434,-1.2710175866231825,418.5793572124077,428.9765228271484,439.37368844188916,4.847428733963687,0.4363627494061137,36.721766790945004,35.05778813268488,0.014454797039478384,1
2023-08-29,433.8348693847656,SPY,434.1149829705276,427.3634585355922,427.5469781804364,83081900,6.181640625,0.014454797039478384,428.4615031775586,429.7789776611328,398.1812741088867,56.839518764492276,4.803458149850447,-1143524000.0,-1.0838852335244837,0.14970588247895922,-1.233591116003443,419.4653039711586,428.6230102539063,437.7807165366539,4.273081968848496,0.7845613830549498,58.605071110748725,43.81736917736351,0.004118908819075173,1
2023-08-30,435.6217956542969,SPY,436.25928035352985,433.4678714194492,434.17297483140425,69053900,1.78692626953125,0.004118908819075173,429.1434357943908,430.04614013671875,398.4761883544922,58.794521830292894,4.659740348724034,-1074470100.0,-0.3641125016723663,0.6955828914648614,-1.0596953931372277,419.38696211090735,428.665510559082,437.94405900725667,4.3290389451081435,0.8748584778141324,78.34638391120937,57.89107393763436,-0.0014634534208136651,0
2023-08-31,434.9842834472656,SPY,437.3796481914474,434.80076379653127,436.23991629050073,66084600,-0.63751220703125,-0.0014634534208136651,429.6997069994265,430.3438244628906,398.7496884155273,57.78881475247045,4.511107780594899,-1140554700.0,0.15310575892345923,0.9702409216485496,-0.8171351627250903,419.28692333343656,428.7384338378906,438.1899443423447,4.408986812704435,0.830415419124362,90.1199996019522,75.69048487463677,0.001865287736787291,1
2023-09-01,435.795654296875,SPY,438.19104870854676,434.337165211912,437.7081084262502,58944100,0.811370849609375,0.001865287736787291,430.2802734087073,430.6274078369141,399.04342025756836,58.7557853336865,4.464163188883459,-1081610600.0,0.6213136860380928,1.1507590790105464,-0.5294453929724537,419.07499619276257,428.94996337890626,438.82493056504995,4.604251324959687,0.8466184134553095,90.64883957109528,86.37174102808562,-0.004322012818911203,0
2023-09-05,433.9121398925781,SPY,435.670049450585,433.8445506606034,435.35132185994263,55166200,-1.883514404296875,-0.004322012818911203,430.6261654547902,430.9370684814453,399.3116552734375,55.57316332643769,4.284658935125472,-1136776800.0,0.8308108994057761,1.088205033902584,-0.2573941344968078,419.16952004274924,428.878971862793,438.5884236828367,4.5278283418148035,0.759189093425177,84.68027465663066,88.48303794322605,-0.006722470753282028,0
2023-09-06,430.99517822265625,SPY,433.2070527201014,428.66740278671307,433.1007905422567,70758500,-2.916961669921875,-0.006722470753282028,430.66130952792037,431.22258239746094,399.5798098754883,50.96864725461508,4.353235947321156,-1207535300.0,0.7527868632823242,0.8081447982233056,-0.0553579349409814,419.2199752887724,428.7567825317383,438.2935897747042,4.448586066278702,0.6173556114688673,76.83101778805379,84.05337733859324,-0.003070201836031683,0
2023-09-07,429.67193603515625,SPY,430.3480346831722,427.6435811384425,427.9912839614794,70355400,-1.3232421875,-0.003070201836031683,430.56708348099045,431.3902587890625,399.8471220397949,48.98583019335545,4.281690314242054,-1277890700.0,0.5775203714388226,0.5063026451038433,0.07121772633497941,419.20154655514347,428.7133163452148,438.2250861352862,4.437356819778441,0.5503912369148202,66.60185105899386,76.03771450122609,0.0015061625101477905,1
2023-09-08,430.319091796875,SPY,431.85483833340237,429.3628794853081,429.72025057240546,61659700,0.64715576171875,0.0015061625101477905,430.5434652253604,431.5666265869141,400.10912887573244,50.01010370706269,4.153852352374355,-1216231000.0,0.4852468517391344,0.331223300323324,0.15402355141581042,419.197007574363,428.6944808959961,438.1919542176292,4.4308820126551804,0.5855285845962005,59.19840309724481,67.54375731476414,0.006576625721170126,1
2023-09-11,433.1491394042969,SPY,433.4581987746905,431.23668532604137,432.94628326819304,60180100,2.830047607421875,0.006576625721170126,430.7916246709734,431.76637084960936,400.3921566772461,54.328659007439754,4.081370539905866,-1156050900.0,0.6331816884440968,0.3833265096226291,0.24985517882146774,419.16093956490045,428.8297058105469,438.49847205619335,4.509373354801137,0.7233704634081357,61.8987344468158,62.566329534351475,-0.005485565822668237,0
2023-09-12,430.7730712890625,SPY,433.2264162204621,430.1935665209915,431.7003378706483,67565400,-2.376068115234375,-0.005485565822668237,430.78985768222,431.81872131347654,400.6379684448242,50.39250547840224,4.0064761941604905,-1223616300.0,0.5523254095652419,0.24197618459501935,0.31034922497022255,419.1872586320509,428.7273254394531,438.26739224685537,4.450412297664257,0.6072186333130318,62.41736141410903,61.171499652723206,0.0011660880621771064,1
2023-09-13,431.275390625,SPY,432.4344297518796,429.8941588545351,430.99527697522666,60199300,0.5023193359375,0.0011660880621771064,430.8360989148657,431.87126708984374,400.87426818847655,51.19749613844678,3.9017472443879195,-1163417000.0,0.5227532245974658,0.16992319970179454,0.3528300248956712,419.31000498096097,428.9021499633789,438.49429494579687,4.472882676497172,0.6237075057753582,64.18504337556907,62.833713078831295,0.008622114639989409,1
2023-09-14,434.993896484375,SPY,435.68933157331315,432.44398747582267,433.7479319521232,83430800,3.718505859375,0.008622114639989409,431.23207963577136,432.01093200683596,401.1295901489258,56.78766059472174,3.9383325089540078,-1079986200.0,0.7902597781529153,0.3499438026057952,0.44031597554712004,419.68715995161455,429.41985778808595,439.15255562455735,4.532951916385005,0.7863563006857882,67.59500657726352,64.7324704556472,-0.012048158115544716,0
2023-09-15,429.7530212402344,SPY,433.7368084981918,429.3168595859164,433.4072542770486,111848900,-5.240875244140625,-0.012048158115544716,431.0912169314345,432.1128118896484,401.3893391418457,48.37681290777043,4.062525679632907,-1191835100.0,0.572763357295969,0.10595790539907912,0.4668054518968898,420.82621319280554,429.8373077392578,438.8484022857101,4.1927931262395095,0.4953231819625823,60.05125574758517,63.94376856680591,0.0005864162616679991,1
2023-09-18,430.0050354003906,SPY,431.3038771522312,428.96789063501143,429.4428320631367,55752200,0.25201416015625,0.0005864162616679991,430.9877710713351,432.2411743164063,401.6535926818848,48.769745549928025,3.9392014537462563,-1136082900.0,0.41593665450261597,-0.04069503791541912,0.4566316924180351,422.07478669467156,430.25721588134763,438.4396450680237,3.8035058493626983,0.48459012139282254,47.63349300990068,58.42658511158311,-0.002073893546707839,0
2023-09-19,429.1132507324219,SPY,429.675454034148,426.42833506959016,429.0841732913192,66514600,-0.89178466796875,-0.002073893546707839,430.8092453247719,432.3302587890625,401.8539848327637,47.39499002832534,3.9133085163929855,-1202597500.0,0.21718719413422605,-0.19155559862704724,0.4087427927612733,422.74891619727657,430.49538269042966,438.24184918358276,3.5988615927728067,0.4107895219562738,27.818523275461434,45.16775734431575,-0.009193252089813475,0
2023-09-20,425.1683044433594,SPY,430.7901603921495,424.96473276036625,430.3733738455972,82562600,-3.9449462890625,-0.009193252089813475,430.2720128598754,432.28635498046873,402.03608322143555,41.7838715691043,4.049888453206577,-1285160100.0,-0.25569983285038234,-0.5315541004893245,0.27585426763894216,423.17744964055385,430.59376831054686,438.0100869805399,3.4446939160737338,0.13422122830702227,16.253836584207004,30.568617623189695,-0.016528381058885322,0
2023-09-21,418.1409606933594,SPY,422.5802845540439,417.98587113932,422.31858757052555,104095800,-7.02734375,-0.016528381058885322,429.11667455830246,432.03313415527344,402.18528762817385,34.050407070021656,4.273641656837491,-1389255900.0,-1.183867234814386,-1.1677772019626624,-0.016090032851723446,420.9604444843022,430.10511322021483,439.2497819561275,4.2522948250701535,-0.15415997409890903,8.377454337183767,17.483271398950723,-0.0022485624534225312,0
2023-09-22,417.20074462890625,SPY,420.7677155797648,416.7839285170148,419.16839709834846,100829700,-0.940216064453125,-0.0022485624534225312,427.98182408883616,431.6927239990234,402.3647174072266,33.16594552758708,4.252937757259815,-1490085600.0,-1.9725755436620602,-1.5651884086482695,-0.4073871350137908,419.69204518438505,429.8659729003906,440.03990061639615,4.733534802654908,-0.12243553448681894,1.5038201786338081,8.711703700008185,0.004205229907699781,1
2023-09-25,418.9551696777344,SPY,418.9939198820318,415.5529609010411,415.98915213200996,70874500,1.754425048828125,0.004205229907699781,427.1221427163503,431.39281188964844,402.5804020690918,36.48144592672245,4.194939273240591,-1419211100.0,-2.4280757755460627,-1.6165509124258175,-0.8115248631202452,418.5140747880512,429.56580810546876,440.61754142288635,5.145536776383338,0.019955914471263613,6.622719445072249,5.501331320296599,-0.014691379274802907,0
2023-09-26,412.8001403808594,SPY,416.6191352673673,411.96653779928545,415.91154478605614,96168400,-6.155029296875,-0.014691379274802907,425.7581424939226,430.9396624755859,402.76850814819335,30.72311621332696,4.394488745041186,-1515379500.0,-3.248278285456024,-1.9494027378686232,-1.298875547587401,415.5785095661599,428.8231536865234,442.067797806887,6.177205687939878,-0.1048865171480441,7.538171969967684,5.221570531224571,0.00039921236878193156,1
2023-09-27,412.9649353027344,SPY,414.5352059296986,409.32043434886083,413.97300260416256,104705800,0.164794921875,0.00039921236878193156,424.53974180904754,430.4250958251953,402.9427424621582,31.036978511249938,4.453080376169512,-1410673700.0,-3.8407236395042332,-2.0334784735334654,-1.8072451659707676,413.07121669791906,427.7796569824219,442.48809726692474,6.876643171045992,-0.0036129390040309435,11.410327018213026,8.523739477750977,0.0057975759004467164,1
2023-09-28,415.359130859375,SPY,417.03600913362396,411.82123687227,412.412517717301,92258300,2.394195556640625,0.0057975759004467164,423.6653979090787,429.93890075683595,403.1430708312988,35.60181192369705,4.507486939396974,-1318415400.0,-4.070131338134786,-1.8103089377312145,-2.2598224004035714,411.5748639978768,426.76652374267576,441.95818348747474,7.1194242751612755,0.12455080369983293,13.411990905461222,10.786829964547302,-0.0024269519211949087,0
2023-09-29,414.35107421875,SPY,418.5868563011905,412.82928558629357,418.4123916323294,115111300,-1.008056640625,-0.0024269519211949087,422.77831946238075,429.49088500976563,403.31130554199217,34.56440826302342,4.59677863764697,-1433526700.0,-4.283898226192775,-1.619260660631363,-2.6646375655614123,410.11911497914093,425.73486328125,441.35061158335907,7.335902999230277,0.13550292812536874,18.59999075050751,14.47410289139391,-0.0003977917512676399,0
2023-10-02,414.1862487792969,SPY,415.436637965525,411.4237734247356,413.51743802249865,83798600,-0.164825439453125,-0.0003977917512676399,421.96002701637275,429.03957275390627,403.4643069458008,34.38796457127652,4.555070487871429,-1517325300.0,-4.415708521394606,-1.400856764666555,-3.014851756728051,408.98237567582737,424.6543930053711,440.32641033491484,7.3810692118969845,0.1660243539183544,20.14387212226994,17.385284592746213,-0.013386034760395571,0
2023-10-03,408.6419372558594,SPY,414.2444181473067,407.27523825202337,412.00536625897985,103760600,-5.5443115234375,-0.013386034760395571,420.6916375153715,428.4383526611328,403.6018489074707,29.021326216883626,4.727506874115137,-1621085900.0,-4.910938492195669,-1.516869388374094,-3.394069103821575,406.8571335073143,423.39088287353513,439.92463223975597,7.810158430435256,0.05397456163789155,14.113573068264929,17.619145313680782,0.007282019426037234,1
2023-10-04,411.61767578125,SPY,412.3640165843667,407.64359070503724,409.107224446792,87453000,2.975738525390625,0.007282019426037234,419.8274506835504,427.8726934814453,403.8008853149414,34.89415904927527,4.727001088773304,-1533632900.0,-5.005593219519312,-1.2892192925581893,-3.716373926961123,405.5173749074018,422.42200775146483,439.32664059552786,8.003670516148391,0.1804328118250331,13.224381146150334,15.827275445561725,-0.00037678248811079396,0
2023-10-05,411.46258544921875,SPY,412.3058609268304,408.23487076244464,411.3268709869175,70142700,-0.15509033203125,-0.00037678248811079396,419.0307968517093,427.3025799560547,404.02109466552736,34.73285883979529,4.680143165602765,-1603775600.0,-5.035080987134165,-1.0549656481384337,-3.9801153389957316,404.3080434113153,421.511540222168,438.7150370330207,8.162764322791814,0.20793859866297876,12.882257796735994,13.406737337050409,0.011872676948700533,1
2023-10-06,416.3477478027344,SPY,417.88891132912596,407.6823154616602,409.0102345616155,113273300,4.885162353515625,0.011872676948700533,418.7752683708545,426.88850952148437,404.2813076782227,43.579846434164416,5.074889787164407,-1490502300.0,-4.611104537695667,-0.504791358959948,-4.106313178735719,403.96581672019533,420.81297302246094,437.66012932472654,8.006956715836033,0.3674783702479783,24.13958818070698,16.748742374531094,0.006402312473104077,1
2023-10-09,419.0133361816406,SPY,419.5852123041229,413.8954989431742,414.44797038266114,80374400,2.66558837890625,0.006402312473104077,418.79794149569125,426.4421728515625,404.552356262207,47.74230431310786,5.118805756720429,-1410127900.0,-4.0137415281350854,0.07405732048050684,-4.087798848615592,404.2304150217189,420.10618286132814,435.9819507009374,7.55797866695508,0.4655812968944748,35.30868860494116,24.110178194128036,0.005204793015469722,1
2023-10-10,421.1942138671875,SPY,423.79189736248946,419.245936455557,419.64334789466267,78607300,2.180877685546875,0.005204793015469722,419.0261579120242,426.0226483154297,404.80703536987306,50.93191448237927,5.094502572729601,-1331520600.0,-3.3260082833003253,0.6094324522522139,-3.935440735552539,404.5076262402049,419.6272399902344,434.7468537402639,7.206211756120195,0.5518192429667741,57.59064120605516,39.01297266390109,0.004096164441287353,1
2023-10-11,422.91949462890625,SPY,423.1714892437585,419.8759179284279,422.26038628190105,62451700,1.72528076171875,0.004096164441287353,419.3969518850606,425.6629357910156,405.09675216674805,53.35731809351691,4.966007482915388,-1269068900.0,-2.6116534776282947,1.059029806339396,-3.6706832839676906,404.96386989666786,419.2094451904297,433.4550204841915,6.79639996531597,0.6302176065890865,76.30268084187861,56.40067021762496,-0.006096306987633193,0
2023-10-12,420.34124755859375,SPY,423.90821868639375,417.9858858829249,423.5302119190894,81154200,-2.5782470703125,-0.006096306987633193,419.48688480634945,425.3743249511719,405.36308013916016,49.42556710954451,5.034316434383493,-1350223100.0,-2.2278834847463145,1.1542398393771007,-3.382123324123415,406.1798281936605,418.4768127441406,430.7737972946207,5.877020745710251,0.5758086182347996,85.84840513094944,73.24724239296107,-0.004980854149874481,0
2023-10-13,418.2475891113281,SPY,423.0455744454242,416.6773479708049,421.8436377363804,95143100,-2.093658447265625,-0.004980854149874481,419.3688566449189,425.0687603759766,405.62617767333984,46.43338293612749,5.129595722971768,-1445366200.0,-2.0688354919882386,1.0506302657081417,-3.1194657576963802,406.74483855873814,417.9015411376953,429.05824371665244,5.339392885981775,0.5155085237409448,79.74676974271654,80.63261857184818,0.010521383332395828,1
2023-10-16,422.64813232421875,SPY,423.71435449669224,420.25399100160854,420.4963128780658,75433200,4.400543212890625,0.010521383332395828,419.681168614376,424.8904217529297,405.9339978027344,52.88908317356859,5.153679270285507,-1369933000.0,-1.569608284189485,1.2398859788055163,-2.8094942629950013,407.5768951366485,417.53369598388673,427.490496831125,4.769340028366233,0.7568313065009546,78.98214512942636,81.5257733343641,-4.5850580251749484e-05,0
2023-10-17,422.6287536621094,SPY,424.6836681484373,419.1684195342952,419.5173488593283,75324700,-0.019378662109375,-4.5850580251749484e-05,419.96189099987447,424.636357421875,406.20922286987303,52.85887188771052,5.179505651989548,-1445257700.0,-1.1621344587126714,1.317887843425864,-2.4800223021385355,408.42926036962996,417.20947113037107,425.9896818911122,4.209017948203502,0.8086077703265108,82.19582401195574,80.30824629469953,-0.013325150615231096,0
2023-10-18,416.9971618652344,SPY,421.8145218630585,415.91156461169203,420.85493671578564,93559800,-5.631591796875,-0.013325150615231096,419.67953584419445,424.30752136230467,406.461131439209,44.84238736852487,5.2893401804486775,-1538817500.0,-1.2788886765803227,0.9609069004465702,-2.239795577026893,408.8156253531604,416.80091400146483,424.7862026497693,3.8317040006665546,0.5122880882841482,78.82203443506363,80.00000119214856,-0.00878641450632578,0
2023-10-19,413.333251953125,SPY,419.5270131332278,412.65476846702256,417.714450283055,121323000,-3.663909912109375,-0.00878641450632578,419.0751278545688,423.9633612060547,406.70243743896486,40.53517376757236,5.402404786574146,-1660140500.0,-1.648066262752252,0.47338345141971283,-2.121449714171965,408.4624124160864,416.56052856445314,424.65864471281986,3.8880861690253647,0.30073905139166035,59.61374826191161,73.54386890297698,-0.012287929862322411,0
2023-10-20,408.2542419433594,SPY,413.4399364601398,408.1476049268172,412.89713777676974,123919900,-5.079010009765625,-0.012287929862322411,418.0445672915965,423.51453002929685,406.9042561340332,35.45166798060409,5.394542411341891,-1784060400.0,-2.3236897710704625,-0.16179204551879822,-2.1618977255516643,407.25340714504995,416.11320343017576,424.97299971530157,4.258358644758791,0.05648181775859053,32.089704251273766,56.841828982749654,-0.0017332608244706726,0
2023-10-23,407.546630859375,SPY,411.4141082592817,404.9683224528733,406.72273053416484,92035100,-0.707611083984375,-0.0017332608244706726,417.0447638218611,423.05656982421874,407.1235311889648,34.7969227199251,5.469631225275215,-1876095500.0,-2.882991241312027,-0.5768748126082901,-2.306116428703737,406.04244379371835,415.5427764892578,425.04310918479723,4.572493246449218,0.07916496789438182,17.833572496742004,36.51234166997578,0.007539412967386028,1
2023-10-24,410.6192932128906,SPY,411.7727477741345,407.8180379697815,409.6693807564813,78564200,3.072662353515625,0.007539412967386028,416.4328142400544,422.6125421142578,407.31646850585935,39.98053715133206,5.380808774524091,-1797531300.0,-3.0432231314907767,-0.5896853622296319,-2.453537769261145,405.76148065340385,415.43373413085936,425.1059876083149,4.656460312589254,0.251121032487908,15.788069856845325,21.903782201620356,-0.014352175181991389,0
2023-10-25,404.72601318359375,SPY,408.9618247136512,404.21229195450024,408.9327472697519,94223200,-5.893280029296875,-0.014352175181991389,415.3178808061058,422.151484375,407.48099380493164,34.341435043661455,5.4541082376573975,-1891754500.0,-3.6041995363156047,-0.920529413643568,-2.6836701226720368,404.31731452073365,415.0217880249023,425.726261529071,5.158511583264819,0.019090087088400154,14.749979092108779,16.123873815232027,-0.011974608473403259,0
2023-10-26,399.87957763671875,SPY,404.512771066671,398.9587721877273,403.65982284727204,115156800,-4.846435546875,-0.011974608473403259,413.8475662185451,421.6562811279297,407.6082495117187,30.52805166949145,5.4764748632437605,-2006911300.0,-4.38924770866339,-1.3644620687930828,-3.0247856398703075,401.67704529667327,414.24781036376953,426.8185754308658,6.069200489464174,-0.07149396438325611,11.583899193984891,14.040649380979657,-0.004532919838079907,0
2023-10-27,398.06695556640625,SPY,401.8665753160578,396.642101857825,401.46916391920945,107367700,-1.8126220703125,-0.004532919838079907,412.3446509183414,421.18953979492187,407.70276336669923,29.221104125740055,5.458474762885832,-2114279000.0,-5.098890656041533,-1.65928401293698,-3.439606643104553,399.0206141487989,413.43360443115233,427.84659471350574,6.972336127434242,-0.03308330067912043,3.723371461907256,10.019083249333633,0.011955971921804087,1
2023-10-30,402.82623291015625,SPY,403.88275285179935,399.55973840849714,400.85858025181,86562700,4.75927734375,0.011955971921804087,411.43813491756185,420.8139270019531,407.8141716003418,36.863946988282216,5.48399780020778,-2027716300.0,-5.217114252280339,-1.4220060873406286,-3.7951081649397107,397.73835138595865,412.8656036376953,427.99285588943195,7.327930502542599,0.16816938858190508,10.238032338582466,8.515100998158195,0.006280166153906697,1
2023-10-31,405.3560485839844,SPY,405.67590044700427,401.48857130380884,403.39806888205027,79665200,2.529815673828125,0.006280166153906697,410.8588886000783,420.4340496826172,407.93084701538083,40.539416800850454,5.391378610421183,-1948051100.0,-5.048476625754347,-1.0026947686517085,-4.0457818571026385,397.324814092277,412.70130920410156,428.07780431592613,7.451633793688848,0.26115296214451816,19.403256957792674,11.121553586094123,0.010664844146603514,1
2023-11-01,409.6791076660156,SPY,410.49330571448974,405.7922548569512,406.32538079437717,98068100,4.32305908203125,0.010664844146603514,410.7465285111199,420.1636199951172,408.07263687133786,46.293178342594025,5.3732270761414815,-1849983000.0,-4.5139612180774975,-0.37454348877988686,-4.139417729297611,397.1774268018787,412.60438079833983,428.03133479480096,7.4778430450068525,0.40518954250478567,33.20675611480052,20.94934847039188,0.019164332912581017,1
2023-11-02,417.53033447265625,SPY,417.6854240377106,413.4593147358308,413.4786898388463,94938900,7.851226806640625,0.019164332912581017,411.3926052693614,419.9559454345703,408.2837844848633,54.84005000568729,5.561304882966732,-1755044100.0,-3.4174314956575813,0.5775889869120236,-3.995020482569605,397.34451028649954,412.9077682495117,428.4710262125239,7.5383701444956195,0.648508950829273,50.68569126665358,34.43190144641559,0.009123325474135635,1
2023-11-03,421.339599609375,SPY,422.8904655764815,419.71120365505175,419.8372157670484,100167800,3.80926513671875,0.009123325474135635,412.3399380636484,419.94306640625,408.52763885498047,58.306864841687045,5.54693532731377,-1654876300.0,-2.215508921651235,1.4236092487346959,-3.639118170385931,397.22568557546606,413.15736083984376,429.08903610422146,7.712158501541718,0.7567915374168543,69.68552275459912,51.19265671201773,0.0023003006709325646,1
2023-11-06,422.3088073730469,SPY,422.7546712710186,420.36053033622545,422.0955629730948,67831700,0.969207763671875,0.0023003006709325646,413.28935418835306,419.8900732421875,408.74163650512696,59.1658023855001,5.3217357278480115,-1587044600.0,-1.1712680073459296,1.974280130432001,-3.1455481377779306,397.08634120304947,413.32213439941404,429.5579275957786,7.856241824530549,0.7767549717141348,86.78295725495383,69.05139042540216,0.0028462485949234395,1
2023-11-07,423.51080322265625,SPY,424.1505365569555,421.1651439105342,422.308896123232,64256100,1.201995849609375,0.0028462485949234395,414.26282552495337,419.80722473144533,408.9388758850098,60.25926440096251,5.154854079174675,-1522788500.0,-0.24389704651298416,2.3213208730119574,-2.5652179195249416,396.94811297940646,413.4379638671875,429.9278147549685,7.976940837043308,0.8054254227044815,94.51101093608217,83.65983031521169,0.0007324752504072052,1
2023-11-08,423.8210144042969,SPY,424.63521246037624,421.5141051219166,424.1117888599285,61746000,0.310211181640625,0.0007324752504072052,415.173129227748,419.60694763183596,409.13972747802734,60.552849812824284,5.009586454837887,-1461042500.0,0.5102012882478562,2.4603353662182386,-1.9501340779703824,396.88518705818984,413.48303985595703,430.0808926537242,8.028311295935765,0.8114250582379713,97.51662183430172,92.93686334177922,-0.007798805956349963,0
2023-11-09,420.5157165527344,SPY,425.0035227425126,420.08922765476564,424.9647429571584,83174400,-3.3052978515625,-0.007798805956349963,415.68194706822294,419.30482604980466,409.3233338928223,55.82096919015955,5.002779928617106,-1544216900.0,0.8315343283119887,2.225334725025897,-1.393800396713908,396.8793246277388,413.49176330566405,430.1042019835893,8.03519690216653,0.7114064461951579,92.98073827033049,95.00279034690477,0.01560474906888576,1
2023-11-10,427.0777587890625,SPY,427.38793789386506,420.5059906051338,422.58998243152627,89462200,6.562042236328125,0.01560474906888576,416.76726247020764,419.1466955566406,409.5186601257324,62.145518684060946,5.137006168625262,-1454754700.0,1.597282565695366,2.392866369927419,-0.7955838042320533,396.3951510607306,413.93327178955076,431.4713925183709,8.473887906134193,0.8747404640085406,93.41965180025124,94.63900396829446,-0.0009531612598220329,0
2023-11-13,426.6706848144531,SPY,427.7756572288507,424.9550565166978,425.7401770580696,52236100,-0.407073974609375,-0.0009531612598220329,417.710445550612,418.96419616699217,409.7074934387207,61.556799158129756,4.971548636020093,-1506990800.0,2.1465519780274462,2.3537086258075997,-0.20715664778015347,396.11545247760273,414.1343994140625,432.15334635052227,8.701980304922195,0.8478639857422673,93.20612821154396,93.20217276070855,0.019400700014197803,1
2023-11-14,434.9483947753906,SPY,436.23753414765645,432.3894615518305,432.61240832792026,97176900,8.2777099609375,0.019400700014197803,419.3521550005909,418.98492126464845,409.9621128845215,68.16174714145002,5.299784400104609,-1409813900.0,3.2127592697240175,2.735932734003337,0.47682653572068073,394.8662575793117,414.75038146972656,434.6345053601414,9.588477686242339,1.0078929656890872,97.39541207888082,94.673730696892,0.0021170485874333345,1
2023-11-15,435.86920166015625,SPY,437.51700226405256,435.01622391603615,436.28598819138983,77327600,0.920806884765625,0.0021170485874333345,420.9252070634067,419.08240173339846,410.193104095459,68.8038344900697,5.104700335001561,-1332486300.0,4.0849489019493035,2.886497892982898,1.1984510089664053,393.7848950976268,415.69398345947263,437.60307182131845,10.540969671735365,0.9604303444185817,96.38791969990082,95.66315333010851,0.0012231699046711952,1
2023-11-16,436.40234375,SPY,436.72219562577186,434.3571316402488,435.42335386000235,66665800,0.53314208984375,0.0012231699046711952,422.3992200811775,419.2170098876953,410.4060543823242,69.19125092991928,4.909012024324526,-1265820500.0,4.764266086478642,2.8526520620097893,1.9116140244688529,393.19709028402366,416.8474380493164,440.49778581460913,11.34724391061015,0.9134168743467853,96.59209373960702,96.79180850612954,0.0012437734405070788,1
2023-11-17,436.94512939453125,SPY,437.55578526494025,435.4911981146269,436.41200351038174,83133200,0.54278564453125,0.0012437734405070788,423.78454477768736,419.34953063964844,410.59305526733397,69.60510529446532,4.705838819038013,-1182687300.0,5.285500158975765,2.6991089076055292,2.5863912513702356,393.44003976816236,418.281982421875,443.12392507558764,11.878084018764786,0.8756378322100956,97.11298467621236,96.6976660385734,0.007697611465657728,1
2023-11-20,440.3085632324219,SPY,441.1518386514175,436.6834077524104,436.69311009341754,69936200,3.363433837890625,0.007697611465657728,425.3582608209954,419.49271911621094,410.818106842041,72.10561996868779,4.6888811104643775,-1112751100.0,5.901948924678834,2.6524461386468783,3.2495027860319556,393.83611518361323,419.92007904052736,446.0040428974415,12.423299174696863,0.8908241152253036,97.6618078562152,97.12229542401151,-0.002179299448413996,0
2023-11-21,439.3489990234375,SPY,440.1826017776666,438.07923457831345,439.2617666852585,49244600,-0.959564208984375,-0.002179299448413996,426.69071207837084,419.66423767089844,411.05043991088866,70.32802416809558,4.513198792153238,-1161995700.0,6.2411164945309,2.393290966799155,3.847825527731745,394.33222579211264,421.3565643310547,448.38090286999676,12.827301542979816,0.8328931560425745,96.47061156274084,97.08180136505614,0.003860775900512037,1
2023-11-22,441.04522705078125,SPY,442.3634735504526,439.9499569252717,441.00647684513626,59394900,1.69622802734375,0.003860775900512037,428.05780874241,419.85963439941406,411.2655619812012,71.65813316495765,4.406147058929087,-1102600800.0,6.571033874863701,2.1785666777055646,4.392467197158137,395.98176074400794,423.1725250244141,450.3632893048202,12.850911943698343,0.8286539106082862,95.09515007860335,96.4091898325198,0.0006152709247122523,1
2023-11-24,441.31658935546875,SPY,441.51045868866237,440.7641179584505,441.09367216063396,29737400,0.2713623046875,0.0006152709247122523,429.3205497531775,419.98608825683596,411.50380249023436,71.8753422460129,4.14473232116357,-1072863400.0,6.776279711397365,1.907050011391382,4.869229700005983,399.177221234787,425.24437561035154,451.3115299859161,12.25984674724996,0.8082847769563863,94.32344368453141,95.29640177529187,-0.0018009742299700537,0
2023-11-27,440.52178955078125,SPY,441.5007498020653,440.1340508901427,440.68655185927656,50506000,-0.7947998046875,-0.0018009742299700537,430.38733449580644,420.2014636230469,411.7551327514648,70.17886216936071,3.9463013633606425,-1123369400.0,6.7964594597446535,1.541783807790936,5.254675651953717,403.6937176541438,427.3671173095703,451.04051696499675,11.07871836488452,0.7778365683146742,93.73743762725421,94.38534379679633,0.0009901615640521833,1
2023-11-28,440.9579772949219,SPY,442.25681906014256,439.57190319998205,440.13407696271906,62115000,0.436187744140625,0.0009901615640521833,431.39406238143647,420.4205224609375,412.00409072875976,70.58913897678784,3.8562023988463476,-1061254400.0,6.769612877956774,1.2119497808024455,5.557663097154329,407.77066182424005,429.2737045288086,450.77674723337714,10.018336775680828,0.7716888239177155,93.57394713413925,93.87827614864163,-0.0007034245439108133,0
2023-11-29,440.6477966308594,SPY,444.2438747206066,440.2504147680835,443.10979527762873,63146000,-0.3101806640625,-0.0007034245439108133,432.275370405191,420.6512133789063,412.2285380554199,69.85316108683962,3.8660065098232583,-1124400400.0,6.646688889075847,0.8712206335372139,5.775468255538633,412.0280601650047,431.03829193115234,450.04852369729997,8.820669588763144,0.7527455955802471,90.17802986581093,92.49647154240147,0.003937490213237638,1
2023-11-30,442.3828430175781,SPY,442.73180192610516,439.41682540648986,441.4911150141487,79752700,1.73504638671875,0.003937490213237638,433.237986844466,420.9955041503906,412.4625712585449,71.63470001351617,3.8266472248084042,-1044647700.0,6.613043437023293,0.6700601451877279,5.942983291835565,415.7858978737784,432.6734786987305,449.56105952368256,7.806154828690505,0.7874705506812931,90.3207962371783,91.35759107904282,0.005915907428538425,1
2023-12-01,444.99993896484375,SPY,445.53303530779465,441.18094348970146,441.77219472169025,89183400,2.617095947265625,0.005915907428538425,434.3581727606924,421.5326837158203,412.7032669067383,74.11912416839372,3.864178981471603,-955464300.0,6.720091908421864,0.6216868932690387,6.098405015152825,417.8552957741203,434.04695892333984,450.2386220725594,7.4607886618458155,0.8382289991016719,91.56057805374788,90.68646805224569,-0.005249367051627152,0
2023-12-04,442.6639709472656,SPY,445.01933279334,440.3861390964009,441.60745097820734,72430900,-2.335968017578125,-0.005249367051627152,435.1492011594136,422.0419482421875,412.9596040344238,68.3634736633425,3.9191086040049985,-1027895200.0,6.541034522406903,0.35410360580326206,6.186930916603641,419.6155050680451,435.11317749023436,450.61084991242365,7.123513248475271,0.7436105645845299,89.24693819078273,90.37610416056964,-0.00019723943385041576,0
2023-12-05,442.57666015625,SPY,443.5362452759612,440.89978220152403,441.2778185094744,69793500,-0.087310791015625,-0.00019723943385041576,435.85657820673134,422.51437805175783,413.2203938293457,68.15045453340167,3.8274910661787267,-1097688700.0,6.319240729266653,0.10584785013040943,6.213392879136244,421.48347182942166,436.1265701293945,450.76966842936736,6.715068194826279,0.7202433492803723,83.04253917254405,87.9500184723582,-0.004029691183885187,0
2023-12-06,440.793212890625,SPY,444.7478930540511,440.35702166378525,444.718815610949,69124700,-1.783447265625,-0.004029691183885187,436.32673389091167,423.0742395019531,413.5114270019531,63.77878091078436,3.8677325178992343,-1166813400.0,5.931187226508541,-0.22576452210216225,6.1569517486107035,423.42759705024196,436.99069061279295,450.55378417534394,6.2074977128375135,0.640179018167772,69.76904816314574,80.68617517549085,0.007630412037957557,1
2023-12-07,444.1566467285156,SPY,444.80605282503006,442.27622650644105,442.87718005735604,66995400,3.363433837890625,0.007630412037957557,437.0724398754454,423.69807373046876,413.8219136047363,67.95383698038945,3.8780973333639364,-1099818000.0,5.827872939603708,-0.263263047205597,6.091135986809305,425.5413485857289,438.0074722290039,450.4735958722789,5.692196792824272,0.7466353886530305,72.47641677989667,75.09600137186214,0.004299056109522192,1
2023-12-08,446.06610107421875,SPY,446.5991973452758,443.1679114532356,443.4102333183171,83194400,1.909454345703125,0.004299056109522192,437.9289790372334,424.3122131347656,414.13178619384763,70.06349208617596,3.8461822304122406,-1016623600.0,5.8328353356790785,-0.20664052090418128,6.03947585658326,429.2514470343468,439.2849914550781,449.3185358758094,4.568125301752921,0.8379219413794352,79.50204453919648,73.91583649407961,0.003889730468463082,1
2023-12-11,447.8011779785156,SPY,447.97567223110514,445.3585838256798,445.57182828523526,65002200,1.735076904296875,0.003889730468463082,438.8691884602126,424.98121520996096,414.47084869384764,71.87532078443955,3.75838981434175,-951621400.0,5.908662888095876,-0.10465037478990791,6.0133132628857835,431.3167638604152,440.32116241455077,449.3255609686863,4.089923139173649,0.9153534252728865,93.05133988277883,81.676600400624,0.004567061451868248,1
2023-12-12,449.8463134765625,SPY,449.9432481380579,446.45380738636266,447.4521722811235,68327600,2.045135498046875,0.004567061451868248,439.91462893796023,425.69441650390627,414.8136665344238,73.88185412477675,3.7391791670098584,-883293800.0,6.0638814616216905,0.040454558988725076,6.023426902632965,433.9575314359659,441.4799438476563,449.00235625934664,3.407816149530981,1.0560961810538525,97.31323039672704,89.95553827290077,0.013790110066344896,1
2023-12-13,456.04974365234375,SPY,456.30176785417245,449.8656850098202,450.2243166322346,93278000,6.20343017578125,0.013790110066344896,441.4513065298063,426.64257263183595,415.19454727172854,78.81829751533735,3.9331988249098653,-790015800.0,6.611247919727134,0.47025681367533423,6.1409911060518,433.25828741610826,442.5350112915039,451.81173516689955,4.1925378280567,1.2284216142664615,98.60777668827842,96.32411565592808,0.003209416483235472,1
2023-12-14,457.5133972167969,SPY,459.1805728813377,454.83815428105993,457.9883386207796,119026000,1.463653564453125,0.003209416483235472,442.9810294523768,427.56048706054685,415.59003204345703,79.78892441684042,3.9624288088647153,-670989800.0,7.081513116606857,0.7524176084440448,6.329095508162812,432.7840913634511,443.6172210693359,454.4503507752207,4.883998722940297,1.1413740315465914,96.38366957207442,97.43489221902661,-0.0016464334934053193,0
2023-12-15,456.7601318359375,SPY,458.09346468799856,454.911024624647,456.9158501916579,141553700,-0.753265380859375,-0.0016464334934053193,444.29332491747783,428.46643798828126,415.9670356750488,77.81269963927743,3.9067153270423485,-812543500.0,7.3091639599442715,0.7840547614251676,6.525109198519104,432.91552713615187,444.63511047363284,456.3546938111138,5.271551014042536,1.0172974590114925,92.60833522824986,95.86659382953422,0.005625064975777638,1
2023-12-18,459.3294372558594,SPY,460.31239637628556,457.3051580447496,458.3659614924249,70375300,2.569305419921875,0.005625064975777638,445.7253356163713,429.32607177734377,416.32630477905275,79.66296404428233,3.8813974137070426,-742168200.0,7.609186403920944,0.8672617643214711,6.741924639599473,432.95996979313935,445.7543258666992,458.5486819402591,5.740541518552065,1.0305117080965784,91.53781748562938,93.50994076198454,0.006080933702302449,1
2023-12-19,462.1225891113281,SPY,462.2004631426164,459.7966147557437,459.8744590867912,55761800,2.79315185546875,0.006080933702302449,447.2869788063672,430.1882568359375,416.69819747924805,81.471901989185,3.8092280189248986,-686406400.0,7.980347880932413,0.9907385930663519,6.989609287866061,432.47179605967426,446.8450271606445,461.2182582616148,6.433206247052163,1.0314588572103423,94.23572613807558,92.79395961731825,-0.013857314546095845,0
2023-12-20,455.71881103515625,SPY,463.15417688283,455.2905929826461,461.26613266046417,102921000,-6.403778076171875,-0.013857314546095845,448.09001044720424,430.87874877929687,417.0677896118164,66.80131661009717,4.098824867586254,-789327400.0,7.669357078999667,0.5437982329068838,7.125558846092783,433.22673192391693,447.6635177612305,462.10030359854403,6.449837998643291,0.7789849958536452,87.44624273563086,91.07326211977859,0.009481822600343914,1
2023-12-21,460.03985595703125,SPY,460.31235562864003,456.2832215195996,458.7065232314146,86667500,4.321044921875,0.009481822600343914,449.22809097194965,431.62115600585935,417.4558708190918,70.6427409578218,4.134161990864649,-702659900.0,7.683001976335902,0.44595450419449456,7.237047472141407,433.55711354425034,448.61324920654295,463.66938486883555,6.712300935793678,0.8794667837347439,84.46062398993757,88.71419762121467,0.0020098727752788648,1
2023-12-22,460.9644775390625,SPY,462.64815455949093,459.0667211740831,461.1688449044697,67160400,0.92462158203125,0.0020098727752788648,450.34584207357943,432.4336206054688,417.8838537597656,71.40520324329187,4.094681376189161,-635499500.0,7.6798958314896595,0.35427868747860103,7.3256171440110585,434.0171602091596,449.5956436157227,465.17412702228575,6.9299974889784615,0.8648889826640711,81.37284236441712,84.42656969666184,0.004222475326523423,1
2023-12-26,462.910888671875,SPY,463.81597380070593,461.2953440901739,461.3732181207506,55387000,1.9464111328125,0.004222475326523423,451.542513178179,433.3268865966797,418.3486503601074,72.99520976880643,4.005882439435895,-580112500.0,7.745211325962828,0.3356753455614152,7.4095359804014125,434.69421806174523,450.71509857177733,466.73597908180943,7.109094219740562,0.8806217171540852,90.95856168519167,85.59734267984878,0.0018080036580676584,1
2023-12-27,463.7478332519531,SPY,463.8938099220547,462.1712258143802,462.7064835048319,68000300,0.836944580078125,0.0018080036580676584,452.7049246137765,434.14888061523436,418.82026779174805,73.67309854777271,3.842789701452938,-512112200.0,7.774884727439883,0.2922789976307758,7.482605729809107,435.5326739425059,451.8545913696289,468.17650879675193,7.224411453980898,0.8643334778351643,95.2871412144745,89.20618175469441,0.0003777287695538867,1
2023-12-28,463.9230041503906,SPY,464.75995685713684,463.5045277970175,464.1079178321579,77158100,0.1751708984375,0.0003777287695538867,453.7733131410731,434.974765625,419.2622282409668,73.82121966717206,3.657978227071968,-434954100.0,7.7235041908379,0.19271876882303385,7.5307854220148664,436.7395771174881,453.01835174560546,469.2971263737228,7.186805817199544,0.8349346819369999,97.19678601440113,94.48082963802243,-0.0028949148158422533,0
2023-12-29,462.5799865722656,SPY,464.2539217843669,460.62380998189565,463.72837604213146,122283100,-1.343017578125,-0.0028949148158422533,454.6120439440438,435.8864221191406,419.7092170715332,70.54417169400296,3.6559877681719186,-557237200.0,7.488096337514776,-0.034151267600073254,7.522247605114849,438.01004984539827,454.02820892333983,470.0463680012814,7.0560193235245166,0.7669400899102805,94.73745275151582,95.7404599934638,-0.005596384862969428,0
2024-01-02,459.9912109375,SPY,460.9839117212058,457.8890577311239,459.5143439023402,123623700,-2.588775634765625,-0.005596384862969428,455.1243455624682,436.8195812988281,420.11052459716797,64.59197159515945,3.729912130526905,-680860900.0,7.011813537550836,-0.4083472540512103,7.420160791602046,439.1207107028401,454.7777725219727,470.4348343411053,6.885587979511958,0.6664884023500697,86.27921978102394,92.73781951564695,-0.008166593599996608,0
2024-01-03,456.2346496582031,SPY,458.57036576687835,455.63125954765485,457.83071094737187,103585900,-3.756561279296875,-0.008166593599996608,455.23008880968104,437.779189453125,420.5152494812012,57.06734733297326,3.7749149347639226,-784446800.0,6.259082084671604,-0.9288629655443534,7.187945050215958,440.814666792471,455.45630645751953,470.0979461225681,6.429437668315253,0.5265797826776736,68.49167871849654,83.1694504170121,-0.0032212262064413855,0
2024-01-04,454.7650146484375,SPY,458.34644746704663,454.54116395968543,455.75768568069975,84232200,-1.469635009765625,-0.0032212262064413855,455.1857960324198,438.72355712890624,420.89458297729493,54.39748543836553,3.777084118520871,-868679000.0,5.480770807879821,-1.3657393938689095,6.846510201748731,442.65637776506776,456.0657241821289,469.4750705991901,5.88044472805247,0.4514998907017391,39.63392657774386,64.80160835908809,0.0013697729258461688,1
2024-01-05,455.387939453125,SPY,457.8404368275673,453.9378252017517,454.9694333616534,86118900,0.6229248046875,0.0013697729258461688,455.2050477867727,439.6189300537109,421.25215515136716,55.35099212556105,3.7860503690419236,-782560100.0,4.858215851133309,-1.5906354804923382,6.448851331625647,445.3445885305154,456.7954605102539,468.2463324899924,5.0135664513598925,0.43854087882479936,19.450423999128507,42.5253430984563,0.014275822951006045,1
2024-01-08,461.88897705078125,SPY,462.0349537185437,455.7576897026201,455.8842127147601,74879100,6.50103759765625,0.014275822951006045,455.84161247858304,440.7621893310547,421.6749510192871,63.846938600357895,3.9904049330688367,-707681000.0,4.833696125277413,-1.2921241650785884,6.1258202903560015,447.62131298492307,457.6820770263672,467.74284106781136,4.396398524849616,0.7090745795788573,29.687106957278402,29.590485844716913,-0.0015169296324100134,0
2024-01-09,461.1883239746094,SPY,462.21019049238487,458.7260848325078,459.23214725174796,65931400,-0.700653076171875,-0.0015169296324100134,456.3508230972522,441.9883642578125,422.08914337158205,62.46732364764619,3.954240699269424,-773612400.0,4.703508104638388,-1.1378497485740917,5.84135785321248,449.81237047615593,458.43818817138674,467.06400586661755,3.7631322685561495,0.6594130493125989,51.28923273008642,33.47558789549777,0.005655291258021,1
2024-01-10,463.7964782714844,SPY,464.6626560070687,461.17852110920177,461.4607624691406,67310600,2.608154296875,0.005655291258021,457.0599331138457,443.3029547119141,422.5039630126953,65.45933628701407,3.9206617134549586,-706301800.0,4.755965603835534,-0.8683137995015571,5.624279403337091,451.8244997406126,459.23795318603516,466.6514066314577,3.2285891851884365,0.8074494983349426,77.18843967044693,52.72159311927057,-0.0004406592768121387,0
2024-01-11,463.59210205078125,SPY,465.3146861106975,459.6116465550996,464.7988820904805,77940700,-0.204376220703125,-0.0004406592768121387,457.6820444411729,444.51827209472657,422.91420028686525,65.02191950326313,4.04797441646517,-784242500.0,4.726562229716478,-0.7181737388964908,5.444735968612969,453.6625779955172,459.9252426147461,466.18790723397495,2.723340247047392,0.7927555329065882,80.98432758680156,69.82066666244495,0.0006927792573832026,1
2024-01-12,463.91326904296875,SPY,465.7818595429952,462.502121615046,465.04220480544996,58026400,0.3211669921875,0.0006927792573832026,458.2754944032487,445.6894165039063,423.3303253173828,65.41304969348501,3.9931003815711734,-726216100.0,4.675281600028768,-0.6155634948673612,5.290845094896129,454.0910927860089,460.3184188842773,466.5457449825457,2.7056601877292845,0.7886351302279663,86.72646273480221,81.63307666401688,-0.003671214241216858,0
2024-01-16,462.21014404296875,SPY,463.8451421871986,460.39023221216354,462.53132242501596,85014900,-1.703125,-0.003671214241216858,458.65022294036487,446.7400372314453,423.7102687072754,61.486548072204634,3.959524413659319,-811231000.0,4.445963082751746,-0.6759056097155067,5.1218686924672525,454.4131347666177,460.5532562255859,466.69337768455415,2.6664110506085317,0.6349230490353561,79.64200052859304,82.45093028339892,-0.00555860665949981,0
2024-01-17,459.6408996582031,SPY,460.12750840636863,457.28570024897624,459.183486246918,68843900,-2.569244384765625,-0.00555860665949981,458.74457310396855,447.5822485351562,424.06605880737305,56.02326876625236,4.028447226540261,-880074900.0,4.010677363789853,-0.88895306294192,4.899630426731773,454.7890779929993,460.6972946166992,466.6055112403991,2.564901809816593,0.4105995069427122,67.40619074218505,77.92488466852676,0.008892732091390743,1
2024-01-18,463.7283630371094,SPY,464.28310409945385,459.7673906749951,461.314802822399,91856200,4.08746337890625,0.008892732091390743,459.2192197642677,448.4300238037109,424.41490844726565,61.83344604381239,4.072287027591009,-788218700.0,3.950001273874477,-0.7597033222858371,4.709704596160314,454.9025267318217,460.91724090576173,466.93195507970177,2.6098889953087228,0.7336870921919615,66.88579934926388,71.31133020668064,0.012466165038470978,1
2024-01-19,469.50927734375,SPY,469.79151871434675,463.7770421286305,464.8572992191645,110834500,5.780914306640625,0.012466165038470978,460.19922524802786,449.374033203125,424.7851565551758,68.22711847223414,4.214491931137178,-677384200.0,4.318604324483374,-0.3128802173415526,4.631484541824927,454.20807264133776,461.2865753173828,468.36507799342786,3.069026091285994,1.080822131648994,76.34445030504163,70.21214679883018,0.002114413632085421,1
2024-01-22,470.50201416015625,SPY,472.2245984500442,469.84994536440996,471.04701358634367,75844900,0.99273681640625,0.002114413632085421,461.1804432396591,450.313857421875,425.17133850097656,69.18188201239752,4.107408300791251,-601539300.0,4.637373704765082,0.004711330352124676,4.632662374412957,454.3638406700664,462.02573547363284,469.6876302771993,3.3166528248527376,1.053145070758339,90.48735401982914,77.90586789137821,0.002916313440454621,1
2024-01-23,471.8741455078125,SPY,472.1174498429628,469.9569358590548,471.0469345284904,49945300,1.37213134765625,0.002916313440454621,462.1988910747213,451.2749200439453,425.5695295715332,70.50131727578406,3.9683444210138763,-551594000.0,4.94373200246531,0.24885570244188226,4.694876300023428,453.90460768021484,462.61744995117186,471.3302922221289,3.7667590238442776,1.0312098663542013,95.62781544942113,87.48653992476396,0.001093234595571646,1
2024-01-24,472.3900146484375,SPY,475.6794645582401,471.8936642634199,474.745184157241,81765000,0.515869140625,0.001093234595571646,463.16947427221805,452.3124060058594,425.9626495361328,71.00394840650073,3.956699751686286,-469829000.0,5.168569437779297,0.37895451020469473,4.789614927574602,453.5366631905216,463.1887268066406,472.8407904227596,4.1676591235987805,0.9766487358429083,91.17800356172545,92.4310576769919,0.005438820265237121,1
2024-01-25,474.9592590332031,SPY,475.2317587014155,472.38998069009165,474.52129934846636,72525000,2.569244384765625,0.005438820265237121,464.2923109161214,453.27003601074216,426.3665951538086,73.43199110012675,3.877062484517542,-397304000.0,5.490777015368053,0.5609296702347599,4.929847345133293,452.8639157243255,463.79114532470703,474.71837492508854,4.71213377423633,1.0110221948711582,93.21376162926343,93.33986021346999,-0.0012702826780540688,0
2024-01-26,474.3559265136719,SPY,476.0201200569098,473.509232074134,474.53109852869903,76641600,-0.60333251953125,-0.0012702826780540688,465.25075049684045,454.22374084472654,426.76699478149413,71.90920829554436,3.779478591535988,-473945600.0,5.632516802344014,0.5621355657685765,5.070381236575438,452.4639964694667,464.321549987793,476.1791035061193,5.107474989536043,0.923121705095843,91.11483844648193,91.83553454582359,0.007919352509168531,1
2024-01-29,478.1125183105469,SPY,478.2585246858996,474.12235058965683,474.66734997690736,61322800,3.756591796875,0.007919352509168531,466.4756807648125,455.0870233154297,427.1942129516602,75.33842841929956,3.8049568418721864,-412622800.0,5.979049407818422,0.7269345369943876,5.252114870824035,451.7421376302816,465.0310256958008,478.31991376132,5.715269447080759,0.9921966589773888,95.92602314936971,93.41820774170499,-0.0007735470524883326,0
2024-01-30,477.74267578125,SPY,478.45310543351826,476.9835377414516,477.4214974259143,58618400,-0.369842529296875,-0.0007735470524883326,467.54872790923514,455.92449279785154,427.59350326538083,74.37577399634574,3.638143331171793,-471241200.0,6.152908889453329,0.7206352149034352,5.432273674549894,451.4569877598763,465.78916015625,480.12133255262364,6.153931272924388,0.9170168797308254,95.91146303284312,94.31744154289824,-0.016317301314265786,0
2024-01-31,469.94720458984375,SPY,475.98113441506774,469.92772123444905,475.5334627445424,126011100,-7.79547119140625,-0.016317301314265786,467.7771542597693,456.59539001464844,427.95867568969726,57.653667140789956,3.9364869894310184,-597252300.0,5.597144013477362,0.131896271141974,5.465247742335388,452.104062702632,466.2869598388672,480.46985697510235,6.08333423741307,0.6290372734081671,85.25454363885605,92.36400994035627,0.013088316753500084,1
2024-02-01,476.0980224609375,SPY,476.12721779851535,470.84262409498666,471.65041126837735,91891600,6.15081787109375,0.013088316753500084,468.5696178979758,457.3784478759766,428.34748123168947,64.44605493687081,4.096738862233917,-505360700.0,5.588594108757434,0.09867709313763662,5.489917015619797,453.27118000500326,467.2801284790039,481.28907695300455,5.9959530141372595,0.8147236210590257,81.7779374032206,87.64798135830658,0.010527230048754,1
2024-02-02,481.1100158691406,SPY,482.7644675885541,476.19525029914104,476.53588232086173,99228200,5.011993408203125,0.010527230048754,469.7639415142772,458.1944769287109,428.76004745483397,68.83301574586812,4.280289309761253,-406132500.0,5.918024921283632,0.342486324531067,5.575538596752565,454.5888958006279,468.5973785400391,482.60586127945027,5.978899319947538,0.9466092995888391,80.73220097217042,82.58822733808235,-0.003641164139858266,0
2024-02-05,479.35821533203125,SPY,481.13921979443177,477.10037355108614,480.47743909484853,75757100,-1.751800537109375,-0.003641164139858266,470.67768187787277,458.9946612548828,429.16419143676757,65.77798644442063,4.263043376445851,-481889600.0,5.9689393335928,0.31472058947218784,5.654218744120612,456.4260339615904,469.7958923339844,483.1657507063784,5.691773210690048,0.8576074903602227,89.67052515832222,84.0602211779044,0.0029033061044934083,1
2024-02-06,480.74993896484375,SPY,481.0808293147646,478.871606822303,480.3022375794468,55918600,1.3917236328125,0.0029033061044934083,471.6369444575843,459.78875549316405,429.5861683654785,67.02994869939938,4.116341884732691,-425971000.0,6.051828130656588,0.31808750922878026,5.733740621427808,457.0754811417292,470.7389404296875,484.4023997176458,5.805111119758383,0.8663420194027669,90.45921004053378,86.95397872367546,0.008340520226539194,1
2024-02-07,484.7596435546875,SPY,485.17811995237605,482.0930074037672,482.9981222525648,70556500,4.00970458984375,0.008340520226539194,472.8867253239751,460.6576165771484,430.02665420532225,70.39084942355035,4.138616106361234,-355414500.0,6.367665267937298,0.5071397172075915,5.860525550729706,457.6975480073561,471.9175064086914,486.1374648100267,6.026459374033263,0.9515532599866883,91.97189472487764,90.70054330791122,0.0004416225925429895,1
2024-02-08,484.9737243652344,SPY,485.3532637246949,483.9421162494583,484.759615339305,52343600,0.214080810546875,0.0004416225925429895,474.0378680898093,461.5466552734375,430.4661415100098,70.56338315002682,3.9437969184237596,-303070900.0,6.559627702056275,0.5592817210612555,6.00034598099502,458.19038868907063,472.9763687133789,487.7623487376872,6.252312378535981,0.905700387533721,95.61218365772083,92.68109614104408,0.005779335635972549,1
2024-02-09,487.77655029296875,SPY,488.21448028265473,485.1391098762786,485.4797418906366,63979400,2.802825927734375,0.005779335635972549,475.3463140139197,462.48302673339845,430.9511582946777,72.79823247443909,3.893579704066374,-239091500.0,6.858859281973878,0.6868106407830865,6.172048641190791,458.7268553197934,474.18559112548826,489.6443269311831,6.520120431750472,0.9395883123403178,97.73389719297204,95.1059918585235,-0.0004389537135321975,0
2024-02-12,487.56243896484375,SPY,490.0149359961155,486.84223792928447,487.747352637465,56502300,-0.214111328125,-0.0004389537135321975,476.5097544854363,463.42131958007815,431.4433804321289,72.34637100893676,3.8420881585495663,-295593800.0,6.998056234002206,0.6608060742491313,6.337250159753075,459.6180155974796,475.36804962158203,491.11808364568446,6.626458819283411,0.8871226349289317,94.31594881259565,95.88734322109616,-0.013772963023190532,0
2024-02-13,480.8472595214844,SPY,483.776653518952,477.5772631803255,481.28521924942925,113099200,-6.715179443359375,-0.013772963023190532,476.9228502031552,464.19060791015625,431.86329345703126,59.80787361599155,4.280880131833046,-408693000.0,6.49167991621789,0.12354380517185248,6.368136111046038,461.60404191597434,476.29990539550784,490.99576887504134,6.170844593105856,0.6547154453465598,79.91886742715721,90.6562378109083,0.009087670580652185,1
2024-02-14,485.217041015625,SPY,485.70364975049426,481.1587110987094,483.4847151074999,68387800,4.369781494140625,0.009087670580652185,477.7127731376761,464.99494995117186,432.28811920166015,64.16073305152008,4.321987995917106,-340305200.0,6.369553633540875,0.0011340179958683194,6.368419615545006,464.54699805413327,477.5787124633789,490.61042687262454,5.457410085146925,0.7930669101690455,72.75535926509674,82.33005850161652,0.006899736798277489,1
2024-02-15,488.5649108886719,SPY,488.74982458371477,485.4408614304675,485.9177581862181,61683000,3.347869873046875,0.006899736798277489,478.74631006634235,465.91296875,432.73170501708984,67.10052228222312,4.265616251072297,-278622200.0,6.468349685321471,0.07994405582117103,6.3884056295002996,466.59638693338854,478.820539855957,491.0446927785255,5.10594341932192,0.8985703997012596,74.41889157610882,75.69770608945424,-0.004979981941740763,0
2024-02-16,486.1318664550781,SPY,489.401862888149,485.3922116760664,488.2632150838705,75532900,-2.43304443359375,-0.004979981941740763,479.4496963890791,466.78407287597656,433.1855953979492,63.0526519818251,4.247333034001608,-354155100.0,6.277951598021559,-0.08836322518299244,6.366314823204552,467.81874966334465,479.65166931152345,491.48458895970225,4.933963709607596,0.7738207194938588,83.18832858084919,76.78752647401824,-0.005505422023659223,0
2024-02-20,483.45550537109375,SPY,485.06130820828355,481.20737545898015,484.3897857981468,71736700,-2.676361083984375,-0.005505422023659223,479.8312020064139,467.63731872558594,433.6396726989746,58.84726179386017,4.295701459865635,-425891800.0,5.843736809556901,-0.4180624109181208,6.261799220475022,469.1418058851053,480.2993438720703,491.4568818590353,4.646076714165511,0.6414362874099407,80.26518291260241,79.2908010231868,0.0009058274054767335,1
2024-02-21,483.8934326171875,SPY,484.0491509708409,480.3411949189208,482.15139479243277,59293400,0.43792724609375,0.0009058274054767335,480.21808111220184,468.4320544433594,434.1098448181152,59.3253072163554,4.253719645012384,-366598400.0,5.471879113900513,-0.6319360852596079,6.103815199160121,470.3441383449288,480.9003082275391,491.45647811014936,4.390169730403084,0.6417713253449597,72.02844042865685,78.49398397403614,0.0206955377763427,1
2024-02-22,493.9078674316406,SPY,494.87134322560775,489.5478424615369,490.51134795574427,76402500,10.014434814453125,0.0206955377763427,481.5218702854817,469.38888977050783,434.59400283813477,68.37299580090087,4.734018999541517,-290195900.0,5.917052310605811,-0.14941031084344836,6.06646262144926,470.7442445528742,481.97620086669923,493.20815718052427,4.660792916176155,1.0311481914444016,76.75249966512841,76.34870766879588,0.0006896158411573428,1
2024-02-23,494.24847412109375,SPY,496.4674086571224,493.51856105397593,495.6304262293698,61321800,0.340606689453125,0.0006896158411573428,482.73392779363525,470.31783569335937,435.0793342590332,68.62859456565815,4.606506756941871,-228874100.0,6.225574838116472,0.12728977333376967,6.0982850647827025,470.9945179723769,482.94066162109374,494.88680526981057,4.947251121335295,0.9732829619546145,83.81832598545641,77.53308869308053,-0.0036625528988423195,0
2024-02-26,492.4382629394531,SPY,495.12435246871587,492.3117399253592,494.6863927584272,50386700,-1.810211181640625,-0.0036625528988423195,483.658150188475,471.1696746826172,435.56432388305666,65.59450159478527,4.4783714559715015,-279260800.0,6.251943734489714,0.12292693576560954,6.129016798724105,471.89731051159487,483.8447784423828,495.7922463731707,4.938554041752732,0.85963622362716,87.35149993693199,82.64077519583891,0.0018577464594087267,1
2024-02-27,493.35308837890625,SPY,493.57693907250416,491.23148157958644,493.1292673855463,48854500,0.914825439453125,0.0018577464594087267,484.58147763518275,471.9157415771484,436.04464889526366,66.40288872375422,4.326020458610516,-230406300.0,6.274333432123342,0.11625330671938983,6.158080125403952,472.280855845658,484.60680694580077,496.93275804594356,5.0869904935203865,0.8547913407268085,83.57563032801373,84.91515208346736,-0.0013217087460413168,0
2024-02-28,492.7010192871094,SPY,493.28492593001334,491.435818926933,491.7959045901359,56506600,-0.652069091796875,-0.0013217087460413168,485.3547673163186,472.6194940185547,436.52517807006836,65.22648716340372,4.153966815279284,-286912900.0,6.16835593511604,0.008220647769669576,6.16013528734637,472.97039751545526,485.35472412109374,497.7390507267322,5.103206372644123,0.7965964722971264,80.74859476457499,83.89190834317355,0.003595083428270973,1
2024-02-29,494.4723205566406,SPY,496.0878651256629,491.81545586381117,494.4626085780751,83924800,1.77130126953125,0.003595083428270973,486.2231057201588,473.37373779296877,437.0171620178223,66.93987849954905,4.16242699003446,-202988100.0,6.156330864259587,-0.003043538469427176,6.159374402729014,475.7872542570682,486.5809799194336,497.37470558179905,4.4365588084238805,0.8655522145018846,84.3378694293042,82.88736484063095,0.009388213902118192,1
2024-03-01,499.1145324707031,SPY,499.54275051356746,494.9394511031337,495.3482154895911,76844800,4.6422119140625,0.009388213902118192,487.45086064878205,474.1694396972656,437.52552490234376,70.97614887212553,4.227284344812486,-126143300.0,6.447070794889726,0.23015711372856895,6.216913681161157,476.74788877603436,487.7318054199219,498.71572206380944,4.504080530254011,1.0181542895773714,89.18352850525908,84.75666423304607,-0.0010724558903599801,0
2024-03-04,498.5792541503906,SPY,500.42839094094944,498.28730081516426,498.31652584892447,49799300,-0.5352783203125,-0.0010724558903599801,488.5107076489353,474.89857299804686,438.04449111938476,69.91618057576797,4.078270472024822,-175942600.0,6.558687332710292,0.27341892123930833,6.285268411470984,477.1005512836135,488.6052673339844,500.10998338435525,4.709206723515264,0.9334738368481821,93.13228818640823,88.88456204032383,-0.00999409638410409,0
2024-03-05,493.5964050292969,SPY,497.0221493633574,491.38721217314117,496.5744479650044,72855600,-4.98284912109375,-0.00999409638410409,488.99505978039826,475.6561248779297,438.5145817565918,60.81178785621149,4.30068272239801,-248798200.0,6.173901073961474,-0.08909387000760827,6.262994943969082,478.44464593158614,489.31717681884766,500.1897077061092,4.443960442159867,0.6967908049570524,85.31558250754715,89.21046639973814,0.005067277962444772,1
2024-03-06,496.09759521484375,SPY,498.3554668272533,494.8032290742474,496.8761572948693,68382400,2.501190185546875,0.005067277962444772,489.6714917265359,476.3772796630859,438.97793243408205,63.388935535280154,4.333424084937896,-180415800.0,6.001597654427428,-0.2091178316333231,6.210715486060751,479.5787648396,490.08455963134764,500.5903544230953,4.287339637735301,0.7861770909621889,78.77875669041553,85.74220912812363,0.009926411741641328,1
2024-03-07,501.0220642089844,SPY,502.0731556685532,496.15597704493354,499.39680772832526,58652100,4.924468994140625,0.009926411741641328,490.75249862962625,477.17843139648437,439.46884002685545,67.86919201823785,4.450719539850152,-121763700.0,6.191042955984017,-0.015738024061388245,6.206780980045405,479.673514058768,490.8976806640625,502.121847269357,4.572914905652434,0.951008253037966,79.86391906499249,81.31941942098506,-0.0060021960724693235,0
2024-03-08,498.01483154296875,SPY,504.3407152276024,497.4406368151398,501.6546849790431,86532500,-3.007232666015625,-0.0060021960724693235,491.44414938327793,477.88051025390627,439.9438935852051,62.81398254127555,4.625673745036757,-208296200.0,6.029022361840589,-0.14220689456385305,6.171229256404442,480.2628707849952,491.5497360229492,502.83660126090325,4.592359393486513,0.7863990746642182,82.41500907634894,80.35256161058564,-0.0008599205218472461,0
2024-03-11,497.5865783691406,SPY,498.1705147342669,494.881035254285,496.80801634913047,62557200,-0.428253173828125,-0.0008599205218472461,492.0291426200268,478.55728515625,440.4394204711914,62.10455478900706,4.530231297532837,-270853400.0,5.799213696017318,-0.2976124483096996,6.096826144327018,480.6002956706495,492.0402374267578,503.48017918286615,4.6500025347261245,0.742411240399076,80.22073640821363,80.83322151651834,0.010757368467438466,1
2024-03-12,502.9393005371094,SPY,503.5232071984046,497.17781094345105,499.6984700657358,73114400,5.35272216796875,0.010757368467438466,493.06820527879654,479.33761108398437,440.9761451721191,67.10531840745762,4.659885937348601,-197739000.0,5.980074045925164,-0.09340167872148353,6.073475724646648,480.63305618753213,492.80908050537107,504.98510482321,4.941477257420882,0.9159904648390299,78.67508157048894,80.43694235168381,-0.0015673850894233343,0
2024-03-13,502.1510009765625,SPY,503.43565519442245,500.7106580961506,503.26048317387085,55104100,-0.788299560546875,-0.0015673850894233343,493.93323344048855,480.1290313720703,441.49179946899415,65.72965578806412,4.521679591700261,-252843100.0,5.99074046286438,-0.06618820942581483,6.056928672290195,482.36104311420263,493.874267578125,505.38749204204737,4.662411151883354,0.8594446292771117,81.89333931399143,80.26305243089799,-0.0019769079358550323,0
2024-03-14,501.1582946777344,SPY,503.27990140830235,498.1121195690471,503.1241533654222,110171800,-0.992706298828125,-0.0019769079358550323,494.62133451070247,480.952373046875,441.9766520690918,63.95169877379668,4.567829752239905,-363014900.0,5.851636549586942,-0.1642336981626027,6.015870247749545,483.4626283881258,494.6713302612305,505.8800321343352,4.531777439855069,0.7893717974634233,83.1822139925613,81.25021162568055,-0.006866600231214881,0
2024-03-15,497.717041015625,SPY,499.5426370968139,496.0476768950372,498.0880174407595,107646300,-3.441253662109375,-0.006866600231214881,494.91616370164746,481.78202087402343,442.4435287475586,58.08609562153468,4.606600325843994,-470661200.0,5.4014507236932445,-0.49153561924504086,5.892986342938285,484.2112913203808,495.1289367675781,506.04658221477547,4.4100211627591746,0.6185284986842682,69.49781267419637,78.19112199358302,0.005943212882649318,1
2024-03-18,500.6750793457031,SPY,503.23282668542583,500.26507469946,501.78800868482955,88893300,2.958038330078125,0.005943212882649318,495.4646318582242,482.7002221679688,442.9364065551758,61.366284576384835,4.671542136126625,-381767900.0,5.22315490667512,-0.5358651490105331,5.759020055685653,485.5099669104845,495.85609741210936,506.20222791373425,4.173037522628726,0.7328881282155164,65.63287553833298,72.77096740169686,0.00555707226589397,1
2024-03-19,503.4573669433594,SPY,503.7404554386333,498.9763936514032,499.9819506807113,60755300,2.78228759765625,0.00555707226589397,496.2258447234752,483.66161071777344,443.42409408569335,64.20393527175398,4.6781506826340165,-321012600.0,5.245890187095881,-0.4105038948718178,5.656394081967699,487.6996302852255,496.85619049072267,506.0127506962198,3.6857989819765082,0.8604615873477072,71.4518081316347,68.86083211472133,0.009249276138730833,1
2024-03-20,508.1139831542969,SPY,508.25067121798276,502.8423166074447,503.515925395574,69594600,4.6566162109375,0.009249276138730833,497.3580483835534,484.58611083984374,443.9057141113281,68.3888436129702,4.730308106055736,-251418000.0,5.575388464228581,-0.06480449419129464,5.640192958419876,489.71753509501673,498.0672180175781,506.4169009401395,3.352833762396586,1.1016255485326125,88.02388367738894,75.03618911578553,0.00330470870088595,1
2024-03-21,509.79315185546875,SPY,511.65774627628207,509.51000378121233,510.95488123336787,60256100,1.679168701171875,0.00330470870088595,498.5423439523073,485.55820739746093,444.3996754455566,69.7616742881654,4.64555489290784,-191161900.0,5.903955974164205,0.2110104125954635,5.692945561568742,489.3098725466902,498.86148223876955,508.4130919308489,3.8293634734892907,1.0722422695812337,94.39050621346497,84.62206600749619,-0.0018956112403413217,0
2024-03-22,508.8267822265625,SPY,510.1934843836466,508.59243424802077,509.70536370217854,79070800,-0.96636962890625,-0.0018956112403413217,499.52181426414114,486.4588134765625,444.88433044433594,67.93318593149615,4.428090267387696,-270232700.0,6.017009796746095,0.2592513881418821,5.757758408604213,489.3574386864278,499.590397644043,509.82335660165813,4.09653948749676,0.9513056595250974,92.00832956464689,91.47423981850024,-0.0027630509158510508,0
2024-03-25,507.4208679199219,SPY,508.5728252956552,507.2646359725173,507.45012416941677,48512100,-1.405914306640625,-0.0027630509158510508,500.27410508850124,487.3353887939453,445.3690768432617,65.25352678919054,4.223379980720376,-318744800.0,5.92486210853275,0.13368295994282953,5.7911791485899204,490.11693960584705,500.3395278930664,510.5621161802858,4.086260516040683,0.8463574893116254,83.89920225608653,90.09934601139945,-0.0018467968716499028,0
2024-03-26,506.4837646484375,SPY,509.1879722137105,506.08353191849,508.8462519954212,65463700,-0.937103271484375,-0.0018467968716499028,500.8655012370666,488.1867987060547,445.83672424316404,63.456771904040515,4.143455717470386,-384208500.0,5.710392153278121,-0.06462959624944009,5.7750217495275615,490.9678302402649,500.99606170654295,511.024293172821,4.003317484021283,0.7736126983281182,76.68529696308933,84.19760959460757,0.00840371982940935,1
2024-03-27,510.7401123046875,SPY,510.7792000886694,507.1475516955064,509.31483823022427,82999800,4.25634765625,0.00840371982940935,501.80594038636383,489.15739807128904,446.3219482421875,67.79438459167335,4.154311411953353,-301208700.0,5.816822147770665,0.03344031859448293,5.783381829176182,491.77185735037085,501.89801635742185,512.0241753644729,4.035146056381205,0.936596736290076,79.51736970031585,80.03395630649722,-0.00019108586244254155,0
2024-03-28,510.64251708984375,SPY,512.1459071621757,510.359428578344,510.7792051650659,96294900,-0.09759521484375,-0.00019108586244254155,502.6475191200286,490.17743041992185,446.7879194641113,67.59625806261079,3.985180495658949,-397503600.0,5.826133526342517,0.03420135773306665,5.79193216860945,492.49920475955673,502.706526184082,512.9138476086073,4.060946453990351,0.8887401295453391,84.9940837613301,80.39891680824508,-0.001739823270961005,0
2024-04-01,509.75408935546875,SPY,511.92137584867254,508.5923599199536,511.38445509453464,62477500,-0.888427734375,-0.001739823270961005,503.3243353329277,491.0979449462891,447.2356874084473,65.71355369997246,3.938311598020378,-459981100.0,5.696162353805164,-0.076615851843429,5.772778205648593,492.7308613564325,503.23850402832034,513.7461467002082,4.176009024657828,0.8100402978386477,90.321622951,84.9443588042153,-0.006358082097403739,0
2024-04-02,506.5130310058594,SPY,506.6496594947848,504.20905639561914,505.92725051103764,74230300,-3.241058349609375,-0.006358082097403739,503.6280206351117,491.83802001953126,447.6647479248047,59.232186005409815,4.0530774095796085,-534211400.0,5.270873591263694,-0.40152369150791944,5.672397282771613,493.2629274546824,503.63519287109375,514.0074582875051,4.118959740395315,0.6387275594689381,80.48130117800589,85.26566929677864,0.0010985442977609061,1
2024-04-03,507.0694580078125,SPY,508.57290771634445,505.3708077109344,505.4196078580209,59155800,0.556427001953125,0.0010985442977609061,503.9557765753689,492.5693688964844,448.0705120849609,59.962293701249116,3.992293309281783,-475055600.0,4.921990548502265,-0.600325387415479,5.522315935917744,494.92950431489226,504.30884552001953,513.6881867251468,3.719681416833266,0.6471645197364109,72.87249819807825,81.2251407756947,-0.01220614153450017,0
2024-04-04,500.8800964355469,SPY,511.42348983220387,500.57746403679687,511.08182923475704,96858100,-6.189361572265625,-0.01220614153450017,503.6628546572906,493.14948791503906,448.4525833129883,49.37070373135149,4.481845629719299,-571913700.0,4.098819827770512,-1.1387968865177855,5.237616714288298,495.7952763669888,504.5479705810547,513.3006647951206,3.469519143635048,0.2904717075792839,54.49782228098596,69.28387388569003,0.010446943395959751,1
2024-04-05,506.1127624511719,SPY,508.0750169684766,501.7977926534172,502.23711314886503,74546500,5.232666015625,0.010446943395959751,503.89617920908887,493.8239428710938,448.87182876586917,56.38495184241767,4.675636694234328,-497367200.0,3.824595955762504,-1.130416606820635,4.955012562583139,496.17963964186794,504.80250549316406,513.4253713444601,3.4163324299953843,0.5759757243475437,50.89089147270513,59.4204039839231,0.0005593240789196763,1
2024-04-08,506.3958435058594,SPY,507.8211772121714,505.58560615213537,506.8156796872345,48401800,0.2830810546875,0.0005593240789196763,504.13424247544793,494.4526745605469,449.3033076477051,56.734169942697,4.501346291791592,-448965400.0,3.5887450181727445,-1.0930140355283156,4.68175905370106,497.1627321356724,505.22155609130857,513.2803800469447,3.190213821430732,0.5728572444946841,46.84831721817661,50.74567699062255,0.0011567124849918287,1
2024-04-09,506.9815979003906,SPY,508.3776156958321,502.12964804913753,508.1335553906493,68049200,0.58575439453125,0.0011567124849918287,504.4054191825853,495.1051879882813,449.73013320922854,57.492597990259604,4.626104959998948,-380916200.0,3.409790987223971,-1.0175744531816715,4.427365440405643,498.4096209926305,505.6913070678711,512.9729931431117,2.8798937112293657,0.5885983561490529,55.29509104555814,51.01143324547994,-0.010013138685516232,0
2024-04-10,501.9051208496094,SPY,503.8966314464908,499.9233821983309,501.28031218136,82652800,-5.07647705078125,-0.010013138685516232,504.1672955318257,495.5810400390625,450.1475132751465,49.40896389233772,4.799827155860432,-463569000.0,2.8257656884158564,-1.281279801591829,4.107045490007685,498.26636337619885,505.6395980834961,513.0128327907933,2.916399243747386,0.24675448550480072,42.63684797330378,48.260085412346164,0.007546927974082074,1
2024-04-11,505.6929626464844,SPY,507.13778061540546,499.9136311857634,503.42807581801776,70099000,3.787841796875,0.007546927974082074,504.3125971617932,496.1400457763672,450.59238067626956,54.54460043940901,4.9729930325591205,-393470000.0,2.6381575698591746,-1.1751103361188089,3.8132679059779835,498.61908248434736,505.8166961669922,513.014309849637,2.84593756480849,0.49140454559223123,39.60634939837102,45.84609613907764,-0.013803044643004192,0
2024-04-12,498.7128601074219,SPY,503.5647804243456,496.98489398756476,502.1492186619509,92561100,-6.9801025390625,-0.013803044643004192,503.7792888709007,496.7153588867188,450.97950439453126,45.39883481819851,5.239784148727727,-486031100.0,1.9042893818925677,-1.527182819268333,3.4314722011609007,498.1116414607404,505.6944244384766,513.2772074162127,2.9989585058827175,0.03964366700502585,24.95261018200904,35.73193585122794,-0.012528222830463842,0
2024-04-15,492.4648742675781,SPY,503.05706721719804,491.6155194168172,502.8911229007107,92101400,-6.24798583984375,-0.012528222830463842,502.7017255753462,497.0426959228516,451.33432525634765,39.08189381736244,5.682767266702948,-578132500.0,0.8092053000293049,-2.097813520905277,2.907018820934582,496.5155828480812,505.4318161010742,514.3480493540673,3.528164618433916,-0.22715357851048237,20.92702291233266,28.495327497570894,-0.001823749004544739,0
2024-04-16,491.5667419433594,SPY,494.4661795680653,490.27809637848605,492.94324564322153,73484000,-0.89813232421875,-0.001823749004544739,501.6412509437284,497.25183044433595,451.6763493347168,38.25781778663352,5.576004118336969,-651616500.0,-0.12963415521471688,-2.429322380919439,2.299688225704722,494.3654452358048,504.97639923095704,515.5873532261093,4.202554420884596,-0.131878024055334,7.1424604820201125,17.67403119212059,-0.005918240509064643,0
2024-04-17,488.65753173828125,SPY,494.1928325755386,487.26151394107353,494.0268584590965,75910300,-2.909210205078125,-0.005918240509064643,500.4047062574953,497.43781677246096,451.9788592529297,35.63657584435427,5.672812298060405,-727526800.0,-1.0957885692130844,-2.7163814359342453,1.620592866721161,491.46136974485626,504.2364074707031,517.01144519655,5.067082636863783,-0.10973893254742384,5.213321056540294,11.094268150297674,-0.0020576643124392557,0
2024-04-18,487.65203857421875,SPY,492.15252641432477,486.7148552774961,490.0536135988177,74548100,-1.0054931640625,-0.0020576643124392557,499.19016647813567,497.57585876464844,452.2738789367676,34.75036912308617,5.656016500829566,-802074900.0,-1.9204698175505541,-2.832850147417372,0.912380329866818,488.68692676750425,503.2133102416992,517.7396937158942,5.773449620089652,-0.0356209856060835,5.07364018362891,5.809807240729758,-0.00872837259914061,0
2024-04-19,483.3956298828125,SPY,488.56969668668467,482.1264983587833,487.57394131853926,102212600,-4.25640869140625,-0.00872837259914061,497.6859248976287,497.54857849121095,452.5508038330078,31.21195305203405,5.712243774191839,-904287500.0,-2.884244482456552,-3.037299849858696,0.1530553674021441,485.3423993414192,501.89343414306643,518.4444689447137,6.595437866170333,-0.05881111005859719,4.5533281377926675,4.9467631259872755,0.00920908126486597,1
2024-04-22,487.8472595214844,SPY,490.44406471980994,483.6591763812229,486.0021493308909,67961000,4.451629638671875,0.00920908126486597,496.7489091475197,497.6060491943359,452.8667449951172,38.2892978157373,5.807685992963668,-836326500.0,-3.251353955494949,-2.7235274583176743,-0.5278264971772745,483.54185443359216,500.8444580078125,518.1470615820327,6.909372080523406,0.1244149491555992,9.192252712941182,6.273073678120905,0.011866609691026042,1
2024-04-23,493.6363525390625,SPY,494.0659010467374,487.6617612136965,489.85830389464087,64633600,5.789093017578125,0.011866609691026042,496.45247518480954,497.72324523925784,453.2169921875,46.06131752237988,5.850289838683472,-771692900.0,-3.040114880769579,-2.0098307068738435,-1.0302841738957356,482.8572125478605,500.15523223876954,517.4532519296786,6.917060374828234,0.3115715030913903,21.048517198763363,11.598032683165725,-0.0004746073624046776,0
2024-04-24,493.4020690917969,SPY,495.3154935043147,491.17624034467946,494.5247405147149,55928100,-0.234283447265625,-0.0004746073624046776,496.1619603188083,497.84003784179686,453.56070739746093,45.80986950197034,5.728072933037171,-827621000.0,-2.8586582752165555,-1.462699281056656,-1.3959589941598995,482.2204890346335,499.5011474609375,516.7818058872415,6.919166658232912,0.3235287620795509,33.92210892141137,21.387626277705294,-0.0037989091774335293,0
2024-04-25,491.5276794433594,SPY,492.28914639879576,485.6702321576898,487.3200821932215,69122400,-1.8743896484375,-0.0037989091774335293,495.7206002354322,498.0536462402344,453.8815283203125,43.752023084736884,5.871198933113594,-896743400.0,-2.8334380772915324,-1.1499832665053062,-1.6834548107862262,481.7362896800474,498.54052581787107,515.3447619556948,6.741372172404984,0.2913369487016759,39.35067947972214,31.44043519996561,0.009473886091963868,1
2024-04-26,496.1843566894531,SPY,497.765862650216,493.68518162682494,494.3197324417275,64306100,4.65667724609375,0.009473886091963868,495.76476751676756,498.27299255371094,454.2084400939941,49.786942996379054,5.8974120955238085,-832437300.0,-2.409915941595898,-0.5811689046477373,-1.8287470369481607,481.9396256011956,497.81761779785154,513.6956099945075,6.379039884885532,0.44856839932373754,44.10556409502836,39.12611749872061,0.0035415529730082884,1
2024-04-29,497.9416198730469,SPY,498.61522873285696,495.1983842873063,497.97090591945084,46415400,1.75726318359375,0.0035415529730082884,495.9720867887942,498.4605267333984,454.5270419311523,51.88487578769602,5.7202286919543,-786021900.0,-1.910452636116304,-0.0653644793345145,-1.8450881567817894,482.3198652742419,497.2269943237305,512.134123373219,5.996106092254093,0.5239692548090241,50.86530516585186,44.77384958020078,-0.015841276750215183,0
2024-04-30,490.0535888671875,SPY,497.45348436502843,490.0535888671875,496.4772431240589,77483600,-7.888031005859375,-0.015841276750215183,495.4084203200697,498.5389611816406,454.80755599975583,43.166455849944434,5.875071714376091,-863505500.0,-2.126608330169688,-0.22521613871031887,-1.9013921914593692,481.8246251833333,496.4040222167969,510.98341925026045,5.8740043919693505,0.2822120717669788,49.49249183285363,48.154453697911265,-0.0032471511531020347,0
2024-05-01,488.4623107910156,SPY,496.1160385437577,487.9937042701267,489.4678380773352,80242800,-1.591278076171875,-0.0032471511531020347,494.7468860792074,498.63909729003905,455.072579498291,41.646139704399836,6.035590468608585,-943748300.0,-2.3986657907873905,-0.3978188794624171,-2.0008469113249734,481.36833215745213,495.47366485595705,509.578997554462,5.69367605142267,0.2514644207688703,41.49324697703063,47.28368132524536,0.009353406639900363,1
2024-05-02,493.0310974121094,SPY,493.8706803453591,487.6812848525579,492.1720003799534,62550200,4.56878662109375,0.009353406639900363,494.5834776347219,498.8218505859375,455.3442686462402,47.37679504210805,6.046576541765202,-881198100.0,-2.2200193894087192,-0.1753379824669965,-2.0446814069417227,481.1638994546919,495.08121490478516,508.9985303548784,5.622235314571518,0.42634651775957116,37.78223492047829,42.92265791012084,0.012395297420226381,1
2024-05-03,499.1423645019531,SPY,500.37240813782097,496.4772153379588,499.0154483809272,72756700,6.11126708984375,0.012395297420226381,495.01765733636296,498.9265405273438,455.6416360473633,53.898548405551956,6.13905755490423,-808441400.0,-1.5672464080628288,0.3819479991031154,-1.9491944071659442,481.6115142747004,494.7326950073242,507.85387573994797,5.304351568044041,0.6680363065065087,58.303723302975015,45.859735066827966,0.010326917563738602,1
2024-05-06,504.2969665527344,SPY,504.3359947534281,501.1046384911043,501.54395898532556,47264700,5.15460205078125,0.010326917563738602,495.90140107125546,499.12751037597656,455.97936157226565,58.563225433331795,6.071527033230713,-761176700.0,-0.6267609011561603,1.057946804807827,-1.6847077059639874,481.85236144222193,494.627751159668,507.403140877114,5.165658290499796,0.8784313280033302,81.72723678305131,59.2710650021682,0.0011034322164082955,1
2024-05-07,504.8534240722656,SPY,506.2494419365131,504.17981521335923,505.2634287213709,52561300,0.55645751953125,0.0011034322164082955,496.75397469039933,499.3758135986328,456.31986938476564,59.04499078654581,5.785677011082367,-708615400.0,0.16161906622517108,1.4770614177513268,-1.3154423515261557,482.1296249666951,494.5213424682617,506.91305996982834,5.011600688341143,0.9168946557528316,95.76523352845557,78.59873120482729,9.671742860750676e-05,1
2024-05-08,504.9022521972656,SPY,505.439173007877,502.90096940223697,503.018113594187,42047200,0.048828125,9.671742860750676e-05,497.5300011196247,499.606796875,456.6508659362793,59.0899379692079,5.553714624979343,-666568200.0,0.7813489872079913,1.6774330709873175,-0.8960840837793262,481.86052163751856,494.6711990356445,507.4818764337705,5.179471706903584,0.8993174148276413,96.15083147047187,91.21443392732624,0.005761685795826255,1
2024-05-09,507.81134033203125,SPY,507.8504281122988,504.43358410061904,505.08764898476056,43643700,2.909088134765625,0.005761685795826255,498.50917628271105,499.90900329589846,456.9904194641113,61.781130670425284,5.401081009743659,-622924500.0,1.4900521213813818,1.9089089641285664,-0.41885684274718465,481.5746413265768,494.77711791992186,507.97959451326693,5.3367369327220375,0.9936279310913343,96.15554792786382,96.02387097559709,0.0012882240957041713,1
2024-05-10,508.46551513671875,SPY,510.22273745681827,507.2452135831723,509.4124405414531,52233200,0.6541748046875,0.0012882240957041713,499.45739903071177,500.1888671875,457.33290573120115,62.38043857277703,5.227969785736681,-570691300.0,2.0805080984280835,1.9994919529402146,0.08101614548786895,480.8518857321635,495.2647506713867,509.6776156106099,5.820266804647392,0.9579507447338751,95.69891386514068,96.00176442115878,0.00013420242407025107,1
2024-05-13,508.53375244140625,SPY,510.2519464031073,507.391566976992,510.1445741767588,36716400,0.0682373046875,0.00013420242407025107,500.3218136412541,500.37725158691404,457.690318145752,62.44658924947924,5.058856188620868,-533974900.0,2.5248499953665373,1.9550670799029346,0.5697829154636027,480.61523346196645,496.0681945800781,511.5211556981898,6.230176127777188,0.9033388088551477,95.23056662793779,95.69500947364742,0.004588314889777401,1
2024-05-14,510.8670654296875,SPY,511.3845019246286,508.19217377481715,508.7290945781237,57535900,2.33331298828125,0.004588314889777401,501.3261233353906,500.6230078125,458.0380026245117,64.73038420561466,4.925532757277336,-476439000.0,3.0303411217154803,1.968446565001502,1.0618945567139784,480.4555847793744,497.03321075439453,513.6108367294146,6.670631103245051,0.9172447459044641,94.61367458781757,95.181051693632,0.012383205540327902,1
2024-05-15,517.1932373046875,SPY,517.4860978302216,512.7024907679765,513.337071560843,59504900,6.326171875,0.012383205540327902,502.8372770467522,501.09494445800783,458.41311660766604,70.04872027278132,5.046497017509965,-416934100.0,3.8964992634792566,2.2676837654122224,1.6288154980670342,480.18625114143856,498.45999603271486,516.7337409239911,7.332080823624191,1.012572583874576,96.67180901611192,95.5053500772891,-0.002057780231384365,0
2024-05-16,516.1289672851562,SPY,518.8917465910545,515.9825072697596,517.2906967075278,50244800,-1.06427001953125,-0.002057780231384365,504.1031523075526,501.4955718994141,458.78923583984374,68.1859242393268,4.893835753494601,-467178900.0,4.445809609303353,2.253595288989055,2.192214320314298,480.7815777385927,499.8838424682617,518.9861071979307,7.642681401882599,0.9252146289142145,96.05101910316654,95.77883423569868,0.0014376336953807467,1
2024-05-17,516.8709716796875,SPY,516.9393157213522,514.7915729298934,516.246162943074,59187600,0.74200439453125,0.0014376336953807467,505.3191351048988,501.81255004882814,459.1997317504883,68.80870872580245,4.697686256206327,-407991300.0,4.884707699648914,2.153994703467692,2.7307129961812215,482.6623505327647,501.55760955810547,520.4528685834463,7.5346315817990845,0.9052170468011307,94.56354665487873,95.76212492471906,0.0011519276218663332,1
2024-05-20,517.4663696289062,SPY,518.9307313200704,516.5975007250751,516.988021010064,37764200,0.59539794921875,0.0011519276218663332,506.47601458337573,502.2015808105469,459.61943450927737,69.32757110599414,4.52879656611983,-370227100.0,5.220403672938289,1.991752541405654,3.228651131532635,484.03117474886756,503.03856506347654,522.0459553780855,7.557031064690045,0.8795314434707161,93.32906476402489,94.64787684069006,0.002452534267717521,1
2024-05-21,518.7354736328125,SPY,518.8917055815594,516.4999028909981,516.7049349793422,33437000,1.26910400390625,0.002452534267717521,507.6435821118935,502.6245587158203,460.0552865600586,70.45572095361572,4.376154146437082,-336790100.0,5.525160624710907,1.8372075945426172,3.6879530301682895,484.6318961743535,504.29352111816405,523.9551460619746,7.797690876620836,0.867262435223971,96.07148409619883,94.65469850503415,-0.002879410450358555,0
2024-05-22,517.2418212890625,SPY,518.7549830261315,515.0647631915122,518.0423461143242,48390000,-1.49365234375,-0.002879410450358555,508.5577001287667,502.91060913085937,460.4648358154297,67.31749947727583,4.327158838450102,-385180100.0,5.581813768909285,1.5150885909927965,4.066725177916489,485.7192974674593,505.48550872802736,525.2517199885955,7.820683647413188,0.797384066325547,95.72243912961527,95.04099599661299,-0.007304038355110509,0
2024-05-23,513.4638671875,SPY,520.4049281460258,512.2532779910508,520.2975559093766,57211200,-3.7779541015625,-0.007304038355110509,509.02495413436037,503.1368664550781,460.8649603271484,60.03375545382672,4.6003367896304495,-442391300.0,5.261214466160425,0.955591430595149,4.305623035565276,487.617672446424,506.5823181152344,525.5469637840448,7.487290807689195,0.6814309951380507,85.2966170428795,92.36351342289787,0.0066165101077051425,1
2024-05-24,516.8612060546875,SPY,517.6715030328614,514.3620306627067,515.3089561408403,41291100,3.3973388671875,0.0066165101077051425,509.77126384105816,503.4509246826172,461.29656005859374,63.824370403412914,4.572286722182663,-401100200.0,5.221088603370333,0.7323724542440457,4.4887161491262875,488.77763485989544,507.6161605834961,526.4546863070967,7.422350660367502,0.7453760343785648,78.75647534456219,86.59184383901898,0.000698609182010923,1
2024-05-28,517.2222900390625,SPY,517.9056707197677,514.5864271763583,517.6713823915322,36269600,0.361083984375,0.000698609182010923,510.48088538372525,503.8410296630859,461.7291925048828,64.21287590273413,4.482783637984578,-364830600.0,5.158955796765554,0.5361917181114126,4.622764078654141,489.8476340411779,508.5801940917969,527.3127541424159,7.366610130805773,0.7306704455747904,75.20294740125472,79.7520132628988,-0.007002455697726173,0
2024-05-29,513.6004638671875,SPY,514.7817371522767,512.8878268689698,513.1904592530791,45190300,-3.621826171875,-0.007002455697726173,510.77798809643593,504.09953735351564,462.14497161865233,57.538045468049134,4.472189318849444,-410020900.0,4.762564122076469,0.1118400347378623,4.650724087338607,492.9718935490917,509.7575378417969,526.5431821345021,6.585736569496152,0.6144706142456705,72.9893810417928,75.64960126253656,-0.0066334673427745905,0
2024-05-30,510.1935119628906,SPY,512.7220034469959,508.94395393500866,512.0581664345199,46377600,-3.406951904296875,-0.0066334673427745905,510.7223237027649,504.23426025390626,462.5318357849121,52.056349902259875,4.4853550769444,-456398500.0,4.125946970087568,-0.4198216938008308,4.545768663888399,497.19213544309207,510.84409790039064,524.4960603576892,5.344864514793928,0.47617243896124994,53.87245765080118,67.35492869794956,0.009107956019435592,1
2024-05-31,514.84033203125,SPY,514.9672481577884,506.0443890267406,511.15017117084983,90785800,4.646820068359375,0.009107956019435592,511.11451497214443,504.3687872314453,462.96714294433593,57.9418635392145,4.8023196522375,-365612700.0,3.9508400106481076,-0.4759429225922336,4.426782933240341,500.91852441193276,511.93455963134767,522.9505948507625,4.303688825910757,0.6318883038237374,47.01684958481771,57.95956275913722,0.000815398053666927,1
2024-06-03,515.2601318359375,SPY,516.7342656913833,510.18366530067414,516.4511771729021,46835700,0.4197998046875,0.000815398053666927,511.509335625839,504.4781268310547,463.4202449035645,58.438248003951884,4.927196847842616,-318777000.0,3.8021124341319705,-0.49973639928669655,4.301848833418667,503.3468841073315,512.7404479980469,522.1340118887623,3.664061974198369,0.6341175653460479,49.27627572390316,50.05519431984067,0.0011178601524610698,1
2024-06-04,515.8361206054688,SPY,516.5780734778808,512.4876203186922,513.9519821715993,34632700,0.57598876953125,0.0011178601524610698,511.92141038580377,504.6183135986328,463.8924053955078,59.1506252441893,4.86742944151019,-284144300.0,3.688206885039108,-0.4909135587036477,4.179120443742756,504.6822633277157,513.3174057006836,521.9525480736515,3.3644455758054264,0.645840959882138,64.53661468065745,53.60991332979277,0.011885166809659786,1
2024-06-05,521.9669189453125,SPY,521.9864628385163,516.1680432425981,518.1596136281009,47610400,6.13079833984375,0.011885166809659786,512.8781254867093,504.90923461914065,464.3942056274414,65.85851988743502,4.959066069477147,-236533900.0,4.046000332261087,-0.1064960891853346,4.152496421446422,505.671787271748,514.1730804443359,522.6743736169238,3.3067826752973235,0.9583913495718215,77.41215514369546,63.74168184941868,-1.8826212542566445e-05,0
2024-06-06,521.9570922851562,SPY,522.6990451286446,520.0241537818829,522.2694966184689,30808500,-0.00982666015625,-1.8826212542566445e-05,513.7427889913233,505.218701171875,464.88224151611325,65.83985766800471,4.795910732140328,-267342400.0,4.279430674633204,0.10154740254942496,4.177883272083779,507.0076040248955,515.0258224487304,523.0440408725653,3.113715108773257,0.9322200687263621,87.86915511185714,76.60597497873668,-0.0012156583247044939,0
2024-06-07,521.3225708007812,SPY,524.1341502130953,519.8874652579173,520.9808506310355,43224500,-0.634521484375,-0.0012156583247044939,514.4646729731764,505.4303503417969,465.37285140991213,64.56755411832438,4.756680319500163,-310566900.0,4.362932155805083,0.14803910697704303,4.21489304882804,507.95629838684965,515.701383972168,523.4464695574862,3.0037094435008496,0.8628873281445021,93.29336648951175,86.19155891502145,0.003089675881409404,1
2024-06-10,522.9332885742188,SPY,523.2554648254413,519.9167369014993,520.5122296802525,35686100,1.6107177734375,0.003089675881409404,515.2712077923234,505.67616577148436,465.8479475402832,66.34543881030278,4.655398005531721,-274880800.0,4.507123826332986,0.2337846220039559,4.27333920432903,508.8167692715815,516.424772644043,524.0327760165044,2.9464130210133903,0.9277413936049613,91.12144758732883,90.76132306289924,0.0024085701023339734,1
2024-06-11,524.1928100585938,SPY,524.2513821567796,519.4092035615838,521.3812301755825,36383400,1.259521484375,0.0024085701023339734,516.1208841986348,505.9649401855469,466.3589938354492,67.70984415373015,4.668739476222015,-238497400.0,4.669205922208562,0.3166933743036253,4.3525125479049365,509.78852775506977,517.2077255249023,524.626923294735,2.8689431358756416,0.9707439234261696,92.49918969634591,92.3046679243955,0.008212962289140924,1
2024-06-12,528.4979858398438,SPY,531.1924214122917,527.4631724257194,528.7615900630306,63251300,4.30517578125,0.008212962289140924,517.2996557835119,506.4046392822266,466.8766914367676,71.90290270241525,4.83523032461315,-175246100.0,5.086415821216974,0.5871226186496301,4.499293202567344,509.75925332754207,518.0892715454102,526.4192897632782,3.215669065302375,1.1247714003858151,94.10854975500145,92.57639567955873,0.002013301672693091,1
2024-06-13,529.56201171875,SPY,530.4211086780596,526.7699763935087,530.2453924252503,44760900,1.06402587890625,0.002013301672693091,518.4674992059155,506.8544903564453,467.3862353515625,72.84156946477437,4.750651893180128,-130485200.0,5.440204378344674,0.7527289406218642,4.68747543772281,509.0111379000739,518.7077102661133,528.4042826321527,3.7387423298815996,1.059697852132372,94.16024986680058,93.58932977271597,0.0006084359956222141,1
2024-06-14,529.8842163085938,SPY,529.9134725597781,527.0237772162169,528.0293342324846,40089900,0.32220458984375,0.0006084359956222141,519.5548055966468,507.43457275390625,467.86648208618163,73.13426288572133,4.617726425350207,-90395300.0,5.681095444476796,0.7948960054031886,4.886199439073607,508.6351603944934,519.3954727172852,530.1557850400769,4.143398580853148,0.9873810014367356,92.53347765831047,93.60075909337081,0.007958995685484194,1
2024-06-17,534.1015625,SPY,535.4976399183048,528.7420075865693,529.2008719569648,55839500,4.21734619140625,0.007958995685484194,520.9402110160138,507.9943487548828,468.3588809204102,76.67732570449823,4.770433990092011,-34555800.0,6.141512409627126,1.0042503764428146,5.137262033184311,507.8153551436482,520.2570022583008,532.6986493729532,4.7828850205365985,1.0563797186224062,94.52491846337183,93.73954866282763,0.0025408194982812216,1
2024-06-18,535.4586181640625,SPY,535.5855343086499,533.7404238235347,534.1602004613839,41376400,1.3570556640625,0.0025408194982812216,522.3229164586851,508.5756042480469,468.86125259399415,77.69660714985696,4.561482311165099,6820600.0,6.540504359403826,1.1225938609756119,5.417910498428214,507.14884284272597,521.1566146850586,535.1643865273912,5.375647721864838,1.0105024425006008,96.54279331042676,94.53372981070301,-0.00271664481541789,0
2024-06-20,534.0039672851562,SPY,537.0498352385172,532.2272010481894,536.385998334327,70328200,-1.45465087890625,-0.00271664481541789,523.4353974897775,509.11605163574217,469.35229415893554,73.96506616233998,4.580136016819577,-63507600.0,6.662528701687506,0.9956945626074329,5.666834139080073,506.8958950669177,521.9200393676758,536.944183668434,5.7572590310808565,0.9021502880823178,95.00224767632938,95.35665315004265,-0.0013407061120768171,0
2024-06-21,533.2880249023438,SPY,534.4045446160707,531.828742363983,533.1803062748603,64338600,-0.7159423828125,-0.0013407061120768171,524.373742957641,509.7437097167969,469.8491735839844,72.12895164525024,4.4369693193387265,-127846200.0,6.625093352976819,0.766607371117396,5.858485981859423,507.08204329778687,522.7223495483398,538.3626557988928,5.984173534599015,0.837770731107979,91.91489534858441,94.48664544511352,-0.003250741554315262,0
2024-06-24,531.554443359375,SPY,535.6776992949467,531.4369212698475,533.1117007115007,45528700,-1.73358154296875,-0.003250741554315262,525.0576191863776,510.2609393310547,470.35196990966796,67.74371524714303,4.422955655464475,-173374900.0,6.3819726193286215,0.4187893099753577,5.963183309353264,508.1412796522994,523.6268783569336,539.1124770615678,5.9147455353039975,0.7559657251117133,84.60031822056295,90.50582041515891,0.0038509640844608395,1
2024-06-25,533.6014404296875,SPY,533.9638101987721,531.260682360104,532.7787259572508,37936200,2.0469970703125,0.0038509640844608395,525.8713164476452,510.9587109375,470.87161743164063,70.05851959587983,4.300110811407586,-135438700.0,6.282057592941783,0.25509942687081555,6.026958166070967,508.72397501428514,524.4638900756836,540.2038051370821,6.002287425022571,0.7902668254040761,82.37024192222947,86.29515183045895,0.0012482662333517247,1
2024-06-26,534.2675170898438,SPY,534.9824532882294,531.8386468881042,532.4850185530828,38550600,0.66607666015625,0.0012482662333517247,526.670954604045,511.7947637939453,471.3913595581055,70.79299729573921,4.217517639173129,-96888100.0,6.185320509911094,0.12668987507210083,6.058630634838993,509.3921571178623,525.3161514282226,541.2401457385829,6.062632670656076,0.7810653372250109,81.78018208752137,82.91691407677125,0.0015761805160234843,1
2024-06-27,535.109619140625,SPY,535.6874858769653,533.3858821788883,534.1302285739343,35041500,0.84210205078125,0.0015761805160234843,527.4746369408622,512.6656213378906,471.9011619567871,71.73694858901652,4.080666643380546,-61846600.0,6.106217596944703,0.038069569684568094,6.0681480272601345,510.8778059137866,526.3916091918945,541.9054124700025,5.894396113921506,0.7809759087583875,85.5717796747295,83.24073456149343,-0.00393499159826427,0
2024-06-28,533.0039672851562,SPY,538.9391321933387,531.7601817698417,535.8833782760337,76144500,-2.10565185546875,-0.00393499159826427,528.0012398307949,513.5525500488282,472.4123164367676,65.99352987068656,4.301972627674578,-137991100.0,5.806683627125153,-0.20917152010798556,6.015855147233139,513.684969484259,527.5321319580078,541.3792944317565,5.249789210887734,0.6975796607255061,80.94637406970286,82.76611194398457,0.002058003120900098,1
2024-07-01,534.1008911132812,SPY,534.6297405125247,531.339002473828,534.3848928648134,40297800,1.096923828125,0.002058003120900098,528.5821590005555,514.4815270996094,472.926443939209,67.45531080992501,4.229741585604726,-97693300.0,5.593336877776551,-0.338014615565271,5.931351493341822,515.671448300228,528.4951599121093,541.3188715239907,4.8529154416528435,0.7185689826328496,77.94595522712756,81.4880363238533,0.006730083242397766,1
2024-07-02,537.6954345703125,SPY,537.6954345703125,532.4459134292877,532.4948710212904,40434800,3.59454345703125,0.006730083242397766,529.450090007199,515.5675231933594,473.4399516296387,71.74193243490501,4.302582982420449,-57258500.0,5.649187342776145,-0.2257313204525424,5.874918663228687,517.7295380971582,529.6169250488281,541.504312000498,4.4890510062811675,0.8397933269241136,78.2054493151546,79.03259287066166,0.004462290123889767,1
2024-07-03,540.0947875976562,SPY,540.457157354787,537.3427022712717,537.3818563773293,32789900,2.39935302734375,0.004462290123889767,530.4638707300998,516.6124737548828,473.9916604614258,74.18606281055045,4.217716703927223,-24468600.0,5.819968007361354,-0.04396052469386724,5.863928532055221,519.9028210234874,530.8298583984375,541.7568957733877,4.116964108958762,0.923945159209314,87.4529787660699,81.20146110278402,0.00576635796961722,1
2024-07-05,543.2091674804688,SPY,543.6106912880709,539.7616937523114,540.3983214954949,41488400,3.1143798828125,0.00576635796961722,531.6777085158492,517.6039300537109,474.5576811218262,76.97044914581224,4.191379620486673,17019800.0,6.135886661065683,0.2175665032083689,5.918320157857314,520.4978085442286,531.8919708251954,543.2861331061621,4.284389652767058,0.996622585153895,94.90389341849988,86.85410716657479,0.0011542775742621192,1
2024-07-08,543.836181640625,SPY,544.7861620751073,542.7686193086706,543.9928578751316,36110500,0.62701416015625,0.0011542775742621192,532.8356583372564,518.6126123046874,475.1312957763672,77.49672260123674,4.036105559483103,53130300.0,6.363494865079474,0.3561397657777281,6.007355099301746,521.417327251098,532.9859252929688,544.5545233348396,4.341051983881882,0.968952949544333,96.33690797332112,92.89792671929695,0.0009722552055999589,1
2024-07-09,544.3649291992188,SPY,545.6968861634513,544.0711239537649,544.795863484972,27289700,0.52874755859375,0.0009722552055999589,533.9336841336337,519.6693572998047,475.7272789001465,77.95423914112307,3.8807197711504715,80420000.0,6.5114812134672775,0.4033008913324245,6.108180322134853,522.8591897150229,534.1380432128906,545.4168967107582,4.223197969582654,0.9533654944743112,94.14391053788468,95.12823730990188,0.009895418424408886,1
2024-07-10,549.7516479492188,SPY,550.0944108163902,545.2954317896393,545.5892370725392,38701200,5.38671875,0.009895418424408886,535.4401568779751,520.740703125,476.3853323364258,81.97491419366169,4.0127741887234,119121200.0,6.982929777435288,0.6997995642403483,6.28313021319494,523.492805939004,535.4789611816407,547.4651164242773,4.47679782458187,1.0953821921481497,94.34417212287089,94.94166354469222,-0.00862272348431481,0
2024-07-11,545.0112915039062,SPY,550.7407626908513,544.3747234457534,549.8690906630567,53054200,-4.7403564453125,-0.00862272348431481,536.3516935090162,521.6820965576172,477.0243850708008,69.89434720741633,4.180864549893008,66067000.0,6.894572670633806,0.4891539659510924,6.405418704682714,525.0293914157893,536.5198852539063,548.0103790920233,4.283343135615249,0.8694970107303707,86.5138685330632,91.66731706460625,0.00630765672971445,1
2024-07-12,548.4490356445312,SPY,552.0531865568831,545.667599292853,546.1376877405125,53084400,3.437744140625,0.00630765672971445,537.5038213314461,522.8500054931641,477.67185440063474,73.00169638806537,4.385223871541856,119151400.0,7.021012388253666,0.4924749468567615,6.528537441396905,525.5323738508075,537.5174377441406,549.5025016374736,4.459413984272628,0.9560508812335825,83.81140485795129,88.22314850462845,0.002749897643935295,1
2024-07-15,549.9572143554688,SPY,553.1989947445371,548.0963483653211,550.4469096394806,40584300,1.5081787109375,0.002749897643935295,538.6898587623054,524.0799035644532,478.35763977050783,74.25704499976061,4.436468336375726,159735700.0,7.1603738603297415,0.505469135146269,6.6549047251834725,525.9763873368352,538.5371978759765,551.0980084151179,4.664788463520053,0.9545891542550443,79.49245230844893,83.27257523315446,0.005930082229630207,1
2024-07-16,553.218505859375,SPY,553.5123110551864,550.5153785034055,551.269528320365,36475300,3.26129150390625,0.005930082229630207,540.0735394382168,525.2836517333984,479.058907623291,76.77216180005203,4.373513219471578,196211000.0,7.448120502748566,0.6345726220520742,6.8135478806964915,526.2702824073175,539.7039123535156,553.1375422997138,4.978148069232037,1.0030134654589065,88.85475514698142,84.0528707711272,-0.014020956909208904,0
2024-07-17,545.4618530273438,SPY,548.9582849622979,545.1386373621594,547.2835053633577,57119000,-7.75665283203125,-0.014020956909208904,540.5867121609908,526.2100415039063,479.70942123413084,61.405587228294536,4.638252882167577,139092000.0,6.969919834250845,0.12509756284348228,6.844822271407363,526.8732193710533,540.2719268798828,553.6706343887123,4.959986570543536,0.6936726413365198,82.53039461620176,83.6258673572107,-0.007684701326989285,0
2024-07-18,541.2701416015625,SPY,547.9888085207633,539.0861190510939,546.9996141599916,56270400,-4.19171142578125,-0.007684701326989285,540.6518006791405,526.9495050048828,480.3440165710449,54.99895965752205,4.942855495560567,82821600.0,6.181450366741501,-0.5306975237326901,6.712147890474191,527.343073289931,540.5625030517579,553.7819328135847,4.890990287782178,0.5267650935991225,69.05223142238468,80.14579372852262,-0.006640603416488422,0
2024-07-19,537.67578125,SPY,542.6609070533489,536.6180223784818,541.0350847426649,65509100,-3.5943603515625,-0.006640603416488422,540.3683702573176,527.6059521484375,480.96146423339843,50.165666900765025,5.021429008368175,17312500.0,5.206530153420317,-1.2044941896430998,6.411024343063417,527.7968754214004,540.74609375,553.6953120785996,4.789389503971655,0.38144795994292124,45.68671434533143,65.75644679463927,0.010309923171927693,1
2024-07-22,543.2191772460938,SPY,543.8263948114603,539.6639835581032,541.6031583779978,43346700,5.54339599609375,0.010309923171927693,540.63987568482,528.372290649414,481.6343504333496,56.512945891238836,5.102085047874757,60659200.0,4.825578326108598,-1.2683568135638552,6.093935139672453,528.7208844127418,541.2426513671875,553.7644183216331,4.6270436828344765,0.5789236010419656,41.50222785761318,52.08039120844308,-0.0015687458897947204,0
2024-07-23,542.3670043945312,SPY,545.2659625762393,541.8773090500791,543.111291105197,34439600,-0.8521728515625,-0.0015687458897947204,540.804364133364,529.0634039306641,482.288097076416,55.345918603142266,4.979697082038001,26219600.0,4.404139848447926,-1.3518362329796227,5.755976081427549,530.0740483611197,541.7832794189453,553.4925104767709,4.322477825592397,0.5249258458007717,37.91570586576478,41.701549356236455,-0.02266259335745402,0
2024-07-24,530.0755615234375,SPY,537.8519253696913,529.1549319575545,537.5483166712224,74515300,-12.29144287109375,-0.02266259335745402,539.782573408609,529.4956048583985,482.8811619567871,41.904301354066114,5.5677238931050566,-48295700.0,3.043249417846482,-2.170181330864853,5.213430748711335,529.3184783405485,541.6069854736328,553.8954926067171,4.537794918704031,0.030804522253590642,29.649460980630206,36.35579823466937,-0.005210162447819466,0
2024-07-25,527.3137817382812,SPY,536.1773164246895,526.3736048145187,530.193193121847,61158300,-2.76177978515625,-0.005210162447819466,538.5950694400063,529.8712054443359,483.43599212646484,39.57838113539659,5.870294444324039,-109454000.0,1.7220308991252296,-2.7931198796688843,4.515150778794114,527.8201975984956,541.2592987060547,554.6983998136137,4.965864287112236,-0.018841135882574703,13.75771961107497,27.107628819156645,0.01119947904446894,1
2024-07-26,533.2194213867188,SPY,535.9127455404142,530.3302071573028,531.1039639898098,53763800,5.9056396484375,0.01119947904446894,538.0831029587408,530.3182525634766,484.00702255249024,46.4261857127759,6.065199398453249,-55690200.0,1.1383690584170836,-2.7014253763016245,3.839794434718708,527.5288831346797,541.1647888183594,554.800694502039,5.039465229603661,0.20866007671385609,10.823100270231592,18.076760287312247,0.000587894119994381,1
2024-07-29,533.5328979492188,SPY,535.7756811771844,531.5349026238763,534.7669398202207,39515800,0.3134765625,0.000587894119994381,537.6497501006911,530.6450457763672,484.5687159729004,46.771035398799064,5.934883623800027,-16174400.0,0.6931179510710308,-2.5173411869181423,3.210459137989173,527.616830165107,541.1912353515625,554.7656405380179,5.01649114019277,0.21791259737902954,18.35666802257389,14.31249596796014,-0.005066463587138137,0
2024-07-30,530.8297729492188,SPY,536.059745722708,527.4215123549488,535.0019870020752,46853600,-2.703125,-0.005066463587138137,537.0002284672175,530.9390618896484,485.10826736450196,44.13296655477931,6.1279800340828245,-63028000.0,0.12074180769650411,-2.4717738642341356,2.5925156719306397,527.0428713157801,541.0276794433594,555.0124875709387,5.169720019488718,0.13539340686307177,22.67521239207757,17.284993561627672,0.01625458557234216,1
2024-07-31,539.4581909179688,SPY,542.0927543010554,536.2947780748914,537.6658891932146,65663400,8.62841796875,0.01625458557234216,537.2343201291939,531.3908062744141,485.7038520812988,53.205939251292655,6.494765842493811,2635400.0,0.3592298318168332,-1.7866286720910454,2.1458585039078786,527.1940475121337,541.1158172607422,555.0375870093508,5.145578563599885,0.4404663928255544,30.33803104418305,23.78997048627816,-0.014160914265491042,0
2024-08-01,531.8189697265625,SPY,543.4345294348678,528.3127341764186,541.1819427118934,76428700,-7.63922119140625,-0.014160914265491042,536.7185724718004,531.6778582763671,486.271708984375,46.07193960859304,7.1109822293477665,-73793300.0,-0.06741092617039612,-1.77061554406262,1.7032046178922238,526.2034555473068,540.7020263671875,555.2005971870682,5.362869052772808,0.19365750766122397,28.2328849753702,27.08204280387693,-0.018618501646100127,0
2024-08-02,521.9172973632812,SPY,525.9229716163323,517.705869778205,524.7085367838448,82789100,-9.90167236328125,-0.018618501646100127,535.30892722337,531.7414947509766,486.7680548095703,38.80847680861053,7.611133494991315,-156582400.0,-1.1907824102549966,-2.315189622517776,1.1244072122627797,523.0545749675306,539.6374328613281,556.2202907551256,6.145925721227286,-0.0342907601190598,26.680110102047863,28.417008707200363,-0.0291236453632302,0
2024-08-05,506.7171630859375,SPY,512.7893973566776,499.75367969518885,501.0954700551791,146267400,-15.20013427734375,-0.0291236453632302,532.5859020674241,531.531001586914,487.1884968566894,30.78489253788234,8.65059665021282,-302849800.0,-3.269892918083656,-3.5154401042771486,0.24554718619349258,515.999932523696,537.7814819335938,559.5630313434916,8.100520431303153,-0.2130879044247482,15.32622802284767,23.413074366755236,0.009219585900067662,1
2024-08-06,511.3888854980469,SPY,518.8322310175004,507.19706454680966,508.51921810050686,84826300,4.671722412109375,0.009219585900067662,530.5671385846263,531.489501953125,487.6604554748535,35.21802103781329,8.898058884594967,-218023500.0,-4.488888902247481,-3.7875488707527794,-0.7013400314947023,511.7563146820188,536.1326797485351,560.5090448150514,9.093407653474761,-0.007536586832559115,16.678531879249054,19.561623334714852,-0.0066839961423128536,0
2024-08-07,507.97076416015625,SPY,520.63433876445,507.3733501679388,517.5785847252098,70698300,-3.418121337890625,-0.0066839961423128536,528.415102925153,531.3116931152343,488.13364303588867,33.52607219544865,9.209696721160418,-288721800.0,-5.665457954945396,-3.9712943387605546,-1.694163616184841,507.61875731328354,534.0436355590821,560.4685138048806,9.896149485288673,0.006660519749578789,18.77620000564985,16.926986635915515,0.023117434674506,1
2024-08-08,519.7137451171875,SPY,520.3405097902447,511.08531467340157,513.1126009988247,63276600,11.74298095703125,0.023117434674506,527.5864021815372,531.3615222167969,488.6909405517578,43.558310678055385,9.435414500369564,-225445200.0,-5.58594567823684,-3.1134256496415986,-2.472520028595241,506.15384906799636,532.7787582397461,559.4036674114959,9.994733746411407,0.2546468038955565,28.677646542308906,21.37745947573593,0.004409400363359239,1
2024-08-09,522.00537109375,SPY,523.4940638910218,517.6666780356554,518.8909162499233,45619600,2.2916259765625,0.004409400363359239,527.0548754112717,531.5296203613282,489.2632342529297,45.29345598363283,9.177698168583625,-179825600.0,-5.277184464129846,-2.2437315484276836,-3.033452915702162,505.4566755934381,531.456575012207,557.4564744309761,9.784392795656652,0.3182453753718297,36.93423554642493,28.129360698127886,0.0005255751042732015,1
2024-08-12,522.2797241210938,SPY,524.6889871074426,520.0075304089534,523.2003538167259,42542100,0.27435302734375,0.0005255751042732015,526.6000990979214,531.7713446044922,489.8215364074707,45.50943316793493,8.856538063576883,-137283500.0,-4.953252964125454,-1.5358400387386335,-3.4174129253868206,505.23880184636994,530.0727005004883,554.9065991546066,9.369997221388868,0.34309800712458455,48.10588852132088,37.905923536684895,0.01644577424108906,1
2024-08-13,530.8690185546875,SPY,531.1041225821112,525.2277772193205,525.4726249427702,52333100,8.58929443359375,0.01644577424108906,527.0066628557087,532.091918334961,490.4522514343262,51.91048584683675,8.854242377679784,-84950400.0,-3.9578272703979565,-0.4323314760089083,-3.525495794389048,506.4895035810695,528.955226135254,551.4209486894384,8.494375873106494,0.5425936093267799,57.2315311623345,47.42388507669343,0.0031544910768959156,1
2024-08-14,532.5436401367188,SPY,533.7287242856177,528.9884474672805,531.6621646835201,42446900,1.67462158203125,0.0031544910768959156,527.5339940253286,532.4375885009765,491.11557174682616,53.06804345222055,8.560387694869597,-42503500.0,-2.9992438540060675,0.42100155230638503,-3.4202454063124526,507.0696948637678,528.3093154907226,549.5489361176774,8.040600460442867,0.5996798558779921,65.95670203459177,57.098040572749035,0.01714024729533259,1
2024-08-15,541.6715698242188,SPY,541.9555715802455,537.567920792545,538.1751381862979,60846800,9.1279296875,0.01714024729533259,528.8804298156991,532.9542974853516,491.8335948181152,58.87839683116977,8.62121224834511,18343300.0,-1.4858836084966924,1.547489438252608,-3.0333730467493005,507.0401117049328,528.3293869018555,549.6186620987781,8.059091818368769,0.8133545599591822,80.75483120614172,67.98102146768932,0.002242092084427938,1
2024-08-16,542.8860473632812,SPY,543.5814362683599,539.8989177341498,540.0555939415091,44430700,1.2144775390625,0.002242092084427938,530.2142981535641,533.372680053711,492.53389389038085,59.59514942962915,8.26844841162118,62774000.0,-0.1863879588021291,2.2775880703577376,-2.4639760291598667,506.72966176014125,528.5899002075196,550.4501386548978,8.271152528187224,0.8269897350428088,89.8148296028996,78.84212094787767,0.009561483341943289,1
2024-08-19,548.0768432617188,SPY,548.0768432617188,542.4453464492109,543.2974116195307,39121800,5.1907958984375,0.009561483341943289,531.9154929257693,533.8950750732422,493.2474978637695,62.596013213072254,8.080094725970229,101895800.0,1.2479400772590452,2.9695328851351297,-1.7215928078760843,506.23236102618125,528.8327835083007,551.4332059904202,8.547284959221798,0.9257455755228274,98.1257861304203,89.56514897982053,-0.001626113860710765,0
2024-08-20,547.1856079101562,SPY,549.2815184001456,545.8438474042439,547.6263456901657,33732300,-0.8912353515625,-0.001626113860710765,533.369789590949,534.4123358154297,493.9350303649902,61.748045862887246,7.748493030965336,68163500.0,2.28638412217083,3.2063815440375314,-0.9199974218667015,505.8083507452087,529.073713684082,552.3390766229553,8.79475291897242,0.8892458990143606,98.06052563700898,95.3337137901096,0.003436329522216619,1
2024-08-21,549.06591796875,SPY,550.5252003042482,543.2972933603506,548.2334599233565,41514600,1.88031005859375,0.003436329522216619,534.8646589602633,534.9349884033203,494.5927082824707,62.890246184791025,7.7113083104604945,109678100.0,3.2239204683323806,3.3151343121592656,-0.09121384382688513,505.17554181672796,530.0232315063477,554.8709211959673,9.376075693513101,0.8831882702229176,97.63133432721982,97.93921536488303,-0.007848245466599457,0
2024-08-22,544.7567138671875,SPY,551.5732952522009,543.5422788578662,550.9660777475402,56121500,-4.3092041015625,-0.007848245466599457,535.8067594275894,535.3462664794922,495.2097938537598,58.573633376787996,7.734144602165791,53556600.0,3.577963483937424,2.9353418622114473,0.6426216217259767,505.2767910911519,530.895378112793,556.5139651344341,9.651086853575219,0.7705327921224783,93.24652025521156,96.31279340648011,0.010625308253151111,1
2024-08-23,550.544921875,SPY,551.4851585059275,545.8046443878154,547.9985298599797,50639400,5.7882080078125,0.010625308253151111,537.2103939463905,535.7872052001953,495.85097442626954,62.3152335490908,7.662308890492523,104196000.0,4.276310491271715,2.906951095636591,1.3693593956351244,504.75330350420535,531.7616531372071,558.7700027702087,10.158065920572467,0.8477307757235477,93.884648854891,94.92083447910746,-0.0023837799197528042,0
2024-08-26,549.2325439453125,SPY,552.2882384520825,547.5284135216066,551.5733022984582,35788600,-1.3123779296875,-0.0023837799197528042,538.3553606129544,536.1806158447266,496.4795831298828,60.97061051053344,7.454988607634195,68407400.0,4.670024459991396,2.640532051485017,2.029492408506379,504.48589587898556,532.5466354370117,560.6073749950377,10.538321976252554,0.7973176896103628,92.57495370634759,93.23537427215005,0.001372987387185498,1
2024-08-27,549.9866333007812,SPY,550.476328645617,546.8134170306081,547.9592873998898,32693900,0.75408935546875,0.001372987387185498,539.4631008689379,536.5826641845703,497.11041122436524,61.48487461615441,7.184125965303814,101101300.0,4.985425444353382,2.364746428677602,2.6206790156757798,504.45320596446754,533.5044784545898,562.5557509447121,10.890732379332801,0.7836735439350461,95.09775982663525,93.85245412929127,-0.005805250282960306,0
2024-08-28,546.7938232421875,SPY,550.0748179978751,543.6009999526875,549.6438836929623,41066000,-3.19281005859375,-0.005805250282960306,540.1612649044855,536.836509399414,497.7418017578125,58.00022520493531,7.133389685295514,60035300.0,4.921023413816329,1.8402755185124393,3.0807478953038894,504.3471967183964,533.8712600708008,563.3953234232051,11.060368130132705,0.7188479786325611,90.58025089165174,92.75098814154485,8.952221702562824e-05,1
2024-08-29,546.8427734375,SPY,552.0629426061665,545.6969030561269,548.7624007293272,38715200,0.0489501953125,8.952221702562824e-05,540.797599050487,537.0641925048828,498.3406268310547,58.03948948073353,7.078578961348668,98750500.0,4.818390802465387,1.390114325729198,3.4282764767361895,504.5854260573625,534.6224502563476,564.6594744553328,11.236723854219964,0.7034210030294089,87.22498406262964,90.9676649269722,0.009545986638498372,1
2024-08-30,552.0629272460938,SPY,552.5722295246512,545.657733766081,549.212926690368,62700100,5.22015380859375,0.009545986638498372,541.8704874500686,537.4253717041015,498.9675880432129,62.10779924695258,7.066858732578775,161450600.0,5.099492726423364,1.3369729997497393,3.7625197266736246,505.7704646605397,536.1297317504883,566.4889988404369,11.325343584592561,0.762410740160467,88.46614423034573,88.7571263948757,-0.020578996194471677,0
2024-09-03,540.7020263671875,SPY,549.2520879225416,538.18498513228,548.9190687874888,60600100,-11.36090087890625,-0.020578996194471677,541.7592054421751,537.5736517333985,499.49635620117186,50.6076478658101,7.553364688381277,100850500.0,4.355332708113906,0.47425038515222484,3.881082322961681,510.60221004173894,537.8289749145508,565.0557397873627,10.12469247389938,0.5527615283354079,76.97876570365618,84.22329799887717,-0.0020467640200287907,0
2024-09-04,539.5953369140625,SPY,543.0035975400444,538.1360542845994,538.8607938634791,47224900,-1.106689453125,-0.0020467640200287907,541.553122725212,537.7344696044922,500.0149868774414,49.643339163247134,7.361520300314405,53625600.0,3.634385014224904,-0.19735784698942194,3.831742861214326,514.8641251229526,539.2392974853516,563.6144698477506,9.040577152321186,0.50730332125282,53.77254116945408,73.072483701152,-0.00243215209603731,0
2024-09-05,538.282958984375,SPY,542.3866087950116,535.8246785314534,539.5366078915503,44264300,-1.3123779296875,-0.00243215209603731,541.241678559418,537.8280999755859,500.5243899536133,48.46400450886705,7.3044067262603924,9361300.0,2.9234313449723004,-0.7266492129936206,3.650080557965921,521.0166343145277,540.7549072265625,560.4931801385974,7.30026584992784,0.43738185065117013,25.952871399419525,52.23472609084325,-0.016830271311729317,0
2024-09-06,529.2235107421875,SPY,540.231851947678,528.3224880929642,538.60608979078,68493800,-9.0594482421875,-0.016830271311729317,540.0970911482532,537.7272198486328,500.98578186035155,41.18968947088711,7.633332235435634,-59132500.0,1.6104098771501185,-1.6317365446526422,3.2421464218027607,523.154345565391,541.2303955078125,559.306445450234,6.6796137439626,0.16787863488231247,10.635423459394934,30.1202786760895,0.011196201318494525,1
2024-09-09,535.1488037109375,SPY,536.4220593419303,531.495695817922,533.4251264283236,40445800,5.92529296875,0.011196201318494525,539.6258256780327,537.728003540039,501.45998306274413,46.81275410385592,7.602276261457575,-18686700.0,1.0360100479914536,-1.7649090990490457,2.8009191470404993,525.8098520546249,541.8875671386719,557.9652822227189,5.933967139693616,0.2904315572048887,15.514699850326371,17.367664903046933,0.004355671919705095,1
2024-09-10,537.479736328125,SPY,537.8323623685915,532.1812595780266,537.05860555086,36394600,2.3309326171875,0.004355671919705095,539.4214362161367,537.8175189208985,501.9506367492676,48.88330973290838,7.462906727822384,17707900.0,0.7601186521812906,-1.6326403958873668,2.3927590480686574,529.1133588122832,542.6475677490234,556.1817766857637,4.988213249672158,0.309082620009296,23.20930108323311,16.45314146431813,0.010259062273877406,1
2024-09-11,542.9937744140625,SPY,543.9144040618945,528.8318231688719,537.3916883108078,75248600,5.5140380859375,0.010259062273877406,539.7616589016535,537.9953765869141,502.460379486084,53.4954216501696,8.00716916819383,92956500.0,0.9751683899297632,-1.1340725265111153,2.1092409164408785,530.8448635208871,543.2538055419922,555.6627475630972,4.568377393592283,0.48952242957186015,42.13770039650234,26.95390044335393,0.008423285347685106,1
2024-09-12,547.5675659179688,SPY,547.8711746400817,541.3483991843773,543.5716351743016,51819600,4.57379150390625,0.008423285347685106,540.505078617493,538.1928192138672,502.9916343688965,56.96406494062871,7.901141045873156,144776100.0,1.4974024823243326,-0.4894707472932369,1.9868732296175695,532.4939273486725,544.0050018310546,555.5160763134368,4.231973766284226,0.6547450714686395,59.20834592897214,41.51844913623586,0.005222738569804486,1
2024-09-13,550.4273681640625,SPY,551.4263657909838,547.9201304028155,548.1747815451495,39310500,2.85980224609375,0.005222738569804486,541.4500585743092,538.3994708251953,503.5411622619629,59.02212337895881,7.612402390669008,184086600.0,2.1176282041757304,0.10460397964652879,2.0130242245292016,532.6572678916273,544.4427917480468,556.2283156044664,4.329389252663143,0.7538952230263349,77.00596777497792,59.45067136681746,0.0014769019367719682,1
2024-09-16,551.2402954101562,SPY,551.5046902542234,548.360884321784,550.1629297590999,36656100,0.81292724609375,0.0014769019367719682,542.3824620824851,538.5600933837891,504.0925738525391,59.613364314749326,7.29321692936689,220742700.0,2.6442764195121526,0.5050017559863607,2.139274663525792,532.7379153774707,544.8605041503906,556.9830929233106,4.449795380864636,0.7631365040616216,88.34151269109549,74.85194213168184,0.0004086797783009466,1
2024-09-17,551.465576171875,SPY,554.9032473896473,549.2325364902464,553.4537083801224,49321000,0.22528076171875,0.0004086797783009466,543.2475205671889,538.7126812744141,504.64666275024416,59.78652280171457,7.177323641512176,270063700.0,3.044729453322816,0.7243638318376191,2.320365621485197,532.6404794970385,545.0299407958985,557.4194020947584,4.546341538876859,0.75972216308423,90.90987178422328,85.41911741676556,-0.002965730079161344,0
2024-09-18,549.830078125,SPY,556.9698163045404,549.2718181357275,552.121819368038,59044900,-1.635498046875,-0.002965730079161344,543.8744308107899,538.8219842529297,505.18389892578125,57.847420547969,7.214514679176513,211018800.0,3.1933098555226707,0.698355387229979,2.4949544682926916,532.6279031563803,545.1621643066406,557.696425456901,4.598360624017973,0.6862061816967324,85.55054081890215,88.26730843140696,0.01706426523819493,1
2024-09-19,559.2125244140625,SPY,561.0733907935877,556.3723270388496,559.2419348303403,75315500,9.3824462890625,0.01706426523819493,545.3352016301492,539.0112017822265,505.75496185302734,64.88388662975713,7.502285964134454,286334300.0,4.021785260869251,1.2214646340612476,2.8003206268080034,531.7945952902398,545.6694946289062,559.5443939675727,5.085459046268408,0.9880406500469049,85.48743823310308,87.31595027874282,-0.0017286358271398905,0
2024-09-20,558.245849609375,SPY,559.2871857073619,555.2200568119598,557.8430941207945,77503100,-0.9666748046875,-0.0017286358271398905,546.5647871519802,539.275892944336,506.3328712463379,63.70398436477612,7.256917602082143,208831200.0,4.547929707865137,1.398087264845707,3.14984244301943,531.4389330999393,546.3439514160157,561.2489697320921,5.456276500342148,0.8992580868056388,86.9205899906457,85.98618968088363,0.002498824661338439,1
2024-09-23,559.6408081054688,SPY,560.2892222272916,558.0984411315784,559.3166610051752,44116900,1.39495849609375,0.002498824661338439,547.8101224808839,539.4997283935547,506.91819198608397,64.70152521328474,6.895050708770075,252948100.0,5.019601622346727,1.4958073434618369,3.52379427888489,530.8876216772428,546.7987457275391,562.7098697778354,5.81973685002728,0.9035561012953869,93.77015619202022,88.72606147192299,0.002861223307927485,1
2024-09-24,561.2420654296875,SPY,561.3010067117204,557.6071931426925,560.4364946014963,46805700,1.60125732421875,0.002861223307927485,549.0893551426748,539.725425415039,507.5204362487793,65.86137639421324,6.66639091307421,299753800.0,5.45967733480029,1.5487064447323196,3.9109708900679703,530.3036432935058,547.3992218017578,564.4948003100097,6.2461099056670415,0.9048661945323418,95.60454014111606,92.09842877459397,-0.002205561699938796,0
2024-09-25,560.0042114257812,SPY,561.8216774615664,558.8941007007465,561.0848814915315,38428600,-1.23785400390625,-0.002205561699938796,550.1288652648753,539.8611395263672,508.0996740722656,64.10769980981189,6.399332759341758,261325200.0,5.643501264931729,1.3860242998910062,4.2574769650407225,529.9642846170631,547.9001007080078,565.8359167989526,6.547111806611355,0.8374284910259657,96.67389765430812,95.34953132914812,0.003964639548151405,1
2024-09-26,562.2244262695312,SPY,564.5920308700313,559.8667151694891,564.2678238580548,48336000,2.22021484375,0.003964639548151405,551.2808234557949,540.1963909912109,508.6804656982422,65.86339564485414,6.279760112284645,309661200.0,5.900320613511326,1.3142749187764826,4.586045694734843,529.6951993101468,548.671630859375,567.6480624086032,6.917227165365102,0.857095468001924,95.92503030029435,96.06782269857281,-0.0014501462033537083,0
2024-09-27,561.4091186523438,SPY,564.1107043094071,560.3776161208616,563.295359810012,42100900,-0.8153076171875,-0.0014501462033537083,552.2454229983234,540.5991705322266,509.24850540161134,64.6134754910286,6.097854974874704,267560300.0,5.9692534486226805,1.106566203110269,4.8626872455124115,529.6575332380755,549.3999481201172,569.1423630021588,7.186900890542241,0.8041464431777922,93.01770255014084,95.20554350158109,0.00400722886300664,1
2024-09-30,563.6588134765625,SPY,564.2678934162012,558.078818569817,560.3775886747461,63557400,2.24969482421875,0.00400722886300664,553.3324125676795,541.1188311767578,509.8175679016113,66.50249896714399,6.104370679982525,331117700.0,6.13469781027311,1.0176084518085586,5.117089358464551,529.2997265640081,549.9797424316406,570.6597582992731,7.520282756670048,0.8307316380335038,93.95628583793511,94.29967289612341,-0.0089585409225309,0
2024-10-01,558.6092529296875,SPY,563.9534823374194,556.0353836889657,563.3051282373419,72668800,-5.049560546875,-0.0089585409225309,553.8349687926327,541.4266326904296,510.330365447998,58.901968378516656,6.233922677730464,258448900.0,5.791594428222538,0.5396040558063895,5.251990372416149,530.3291830973426,550.8751037597656,571.4210244221886,7.459375282054126,0.6882161743198767,87.58340295710586,91.51913044839392,0.00042219107992402805,1
2024-10-02,558.8450927734375,SPY,559.866821742494,555.3183290115846,557.715374727311,38097800,0.23583984375,0.00042219107992402805,554.3121234574713,541.7561944580078,510.83702392578124,59.13686991317943,6.113534824386103,296546700.0,5.475593595881151,0.17888257877200164,5.296711017109149,531.6959222620064,551.8375915527344,571.9792608434623,7.2998540146764,0.6739553241480587,79.06003820950708,86.86657566818268,-0.0018281765263400418,0
2024-10-03,557.8234252929688,SPY,559.7685478192003,555.5344286086627,557.3715020969081,40846500,-1.02166748046875,-0.0018281765263400418,554.6465331560901,542.3111517333984,511.3423403930664,57.60093972670301,5.979290851968356,255700200.0,5.084114129412455,-0.1700775101573555,5.254191639569811,533.5198235533564,552.8146148681641,572.1094061829717,6.980564838868844,0.6297969577147148,66.02947599596462,77.5576390541925,0.00908737891272482,1
2024-10-04,562.892578125,SPY,563.2658929623027,558.09848649286,562.273664576873,42939100,5.06915283203125,0.00908737891272482,555.4318707721767,543.0227276611328,511.86015609741213,62.76796321306789,5.940946338923042,298639300.0,5.123837689242464,-0.10428316026187723,5.228120849504341,538.0676713826214,554.4980682373047,570.928465091988,5.9262232984558185,0.7554566990054953,70.92111557094631,72.00354325880599,-0.009040457007435831,0
2024-10-07,557.8037719726562,SPY,561.8905680396737,556.6543868115797,561.2421538745174,49964700,-5.08880615234375,-0.009040457007435831,555.6577661246033,543.5144146728516,512.3385620117188,55.460997243089054,5.962178122815705,248674600.0,4.690624173375454,-0.42999734090311037,5.1206215142785645,541.7696409128166,555.6308166503907,569.4919923879647,4.989347358786138,0.5783827924630975,67.64166061588485,68.19741739426524,0.009457540312966639,1
2024-10-08,563.0792236328125,SPY,563.67853004462,559.5033520489247,560.377637870892,37398700,5.27545166015625,0.009457540312966639,556.3645716015756,544.1053411865234,512.875364074707,60.583743530163794,5.955933833469133,286073300.0,4.718591218752749,-0.32162423642065274,5.040215455173402,545.4747836149903,556.910791015625,568.3467984162597,4.106944086961983,0.7696934516169133,76.16150035919118,71.5747588486741,0.006926352963365634,1
2024-10-09,566.9793090820312,SPY,567.5392812736217,562.4700908869163,563.0693372819003,37912200,3.90008544921875,0.006926352963365634,557.3754989806665,544.8283319091797,513.410061340332,63.890365931252504,5.89259501584315,323985500.0,4.997847529812248,-0.03389434028892424,5.031741870101172,547.7869118591143,558.1100677490234,568.4332236389325,3.6993261675226896,0.9295799379372696,78.33449860281821,74.04588652596472,-0.0017500612795954273,0
2024-10-10,565.987060546875,SPY,567.411544847049,564.375918856187,565.6334128471475,44138100,-0.99224853515625,-0.0017500612795954273,558.1956477012578,545.3589093017578,513.9351742553711,62.45485514081262,5.688525799773064,279847400.0,5.080528830204685,0.03902956808281033,5.041499262121874,549.3689876348654,559.0310424804687,568.693097326072,3.4567149626367484,0.8599657721655146,88.87045231675494,81.12215042625476,0.00598826804147734,1
2024-10-11,569.3763427734375,SPY,570.1131388058892,565.7709110163313,565.9084606662699,42268000,3.3892822265625,0.00598826804147734,559.2604758033701,546.1100567626953,514.4675015258789,65.32106989528951,5.5923616561862675,322115400.0,5.357779954509056,0.25302455390974465,5.104755400599311,550.1619198780453,559.9784912109375,569.7950625438297,3.506052995594215,0.9786728096708693,92.59102649692215,86.59865913883175,0.008178343260802023,1
2024-10-14,574.0328979492188,SPY,574.9661849382893,570.5060744728205,570.9874382986001,36217200,4.65655517578125,0.008178343260802023,560.6673731505938,547.1523687744141,515.0189268493652,68.84060762774035,5.59218169251952,358332600.0,5.885405265869508,0.6245198922161572,5.260885373653351,550.3754912124896,561.1181213378907,571.8607514632918,3.829008444705767,1.1010993797874005,92.52284135144669,91.32810672170791,-0.007769734145458451,0
2024-10-15,569.5728149414062,SPY,574.6026708937048,568.3545951743074,574.2981309420833,54203600,-4.4600830078125,-0.007769734145458451,561.5155104640045,548.4094818115234,515.5471759033203,62.316979429819604,5.639031265867943,304129000.0,5.875926677099983,0.4920330427573054,5.3838936343426775,551.6414110264705,562.0234832763672,572.4055555262639,3.6945332566438327,0.8635753770213914,87.60655360915369,90.9068071525075,0.004346497774671665,1
2024-10-16,572.0484619140625,SPY,572.5691599226542,568.767296964022,569.57286786976,30725400,2.47564697265625,0.004346497774671665,562.5186486973433,549.6226733398438,516.0945182800293,64.33716307166883,5.507804958208249,334854400.0,5.99902581275353,0.4921057427286817,5.506920070024848,553.4796071847039,563.1344024658204,572.7891977469368,3.42894884022023,0.9616389674091237,84.31655843320158,88.1486511312673,8.589010206727643e-05,1
2024-10-17,572.0975952148438,SPY,575.801242846272,571.9109378019983,575.594918349773,34393700,0.04913330078125,8.589010206727643e-05,563.4309293180577,550.9052099609376,516.655050201416,64.37797955663173,5.392269250070063,369248100.0,6.031025503567093,0.4192843468337957,5.611741156733298,553.5538645270314,563.7786560058594,574.0034474846874,3.6272361040648398,0.9068023893792845,79.87270045175276,83.93193749803599,0.003846585926947199,1
2024-10-18,574.2982177734375,SPY,575.0841216421944,572.3235945792737,573.7873532764656,37416800,2.20062255859375,0.003846585926947199,564.465909170951,551.9968994140625,517.2453680419922,66.24159351559425,5.220430477018677,406664900.0,6.162915089322269,0.4409391460711767,5.721975943251092,553.7194411350551,564.5812744140625,575.4431076930698,3.84774833004514,0.9472975744414603,86.57677549814105,83.58867812769846,-0.0016423109811971592,0
2024-10-21,573.3550415039062,SPY,574.5535342943244,570.378356688641,573.5711395635755,36439000,-0.94317626953125,-0.0016423109811971592,565.312493202661,553.0238928222657,517.8383181762696,64.67974926940242,5.145769557637587,370225900.0,6.12077560265152,0.3190397275203427,5.801735875131177,554.0147517936766,565.2669860839844,576.5192203742922,3.9812104960384147,0.8593977520930461,87.54592224460362,84.66513273149913,-0.0005313051125263035,0
2024-10-22,573.0504150390625,SPY,574.209633451099,570.1621725681896,570.8203601494715,34183800,-0.30462646484375,-0.0005313051125263035,566.0494381394611,554.039306640625,518.4266305541992,64.15362588338552,5.067318938014144,336042100.0,5.993707220142369,0.1535770760089532,5.840130144133416,554.2774743192427,565.8574035644531,577.4373328096634,4.092878938144473,0.8105809768908812,89.048782129944,87.72382662422955,-0.00913732000207057,0
2024-10-23,567.8142700195312,SPY,571.4688092704015,564.3071139493308,571.0267196890029,49314600,-5.23614501953125,-0.00913732000207057,566.2175173661344,554.7782116699219,518.9562570190429,55.75796458976369,5.329889091708258,286727500.0,5.408149685619605,-0.34558436681104876,5.753734052430654,554.9608039078317,566.2479064941406,577.5350090804494,3.9866293391499292,0.5693873167809539,77.5900045349507,84.7282363031661,0.0021628346516617825,1
2024-10-24,569.0423583984375,SPY,569.8479293354313,566.4193810527883,569.7693209618997,34979900,1.22808837890625,0.0021628346516617825,566.4865498454013,555.5081860351562,519.4955271911621,57.17358893388589,5.194079033917888,321707400.0,4.98571536616987,-0.6144149490086273,5.600130315178498,555.3969329943777,566.5888031005859,577.7806732067941,3.9506146415044103,0.6096132851153541,69.80414191070095,78.81430952519854,-0.0003452680895702498,0
2024-10-25,568.8458862304688,SPY,574.1705094317597,567.9028255594263,571.2724326633536,47268200,-0.19647216796875,-0.0003452680895702498,566.7112485487411,556.0516723632812,520.020774230957,56.86013271432652,5.270765093804707,274439200.0,4.582258044185551,-0.8142978167943573,5.396555860979908,555.9898639314561,566.9606414794922,577.9314190275284,3.8700314432436604,0.5859212003306917,60.103022885254425,69.16572311030201,0.003091318631785356,1
2024-10-28,570.6043701171875,SPY,572.4512770786239,570.299830137409,572.3235609618828,30174700,1.75848388671875,0.003091318631785356,567.0820220314503,556.6060388183594,520.5558355712891,59.02543165234009,5.151809790544024,304613900.0,4.354217454743093,-0.8338707249894517,5.188088179732545,556.3374821970389,567.3079193115234,578.2783564260079,3.8675423843185857,0.6502424548476617,61.01347461316277,63.6402131363727,0.0016182856761448594,1
2024-10-29,571.5277709960938,SPY,572.6476553589258,568.2465463889694,569.6415300427301,42899700,0.92340087890625,0.0016182856761448594,567.5054266947498,557.0750573730469,521.0939080810547,60.15635885866261,5.098188303359198,347513600.0,4.199594072104219,-0.7907952861026608,4.99038935820688,557.6044645726993,567.9538452148438,578.3032258569883,3.6444442552297867,0.6726637518141081,60.387016308421174,60.50117126894611,-0.0030252316580112737,0
2024-10-30,569.7987670898438,SPY,573.0504911915006,569.0914117169528,571.0562011429839,41435800,-1.72900390625,-0.0030252316580112737,567.7238400657111,557.5273205566406,521.6318511962891,56.984821501873974,5.01682338701552,306077800.0,3.8926655368076126,-0.8781790571194135,4.770844593927026,559.014868664643,568.5015289306641,577.9881891966852,3.337426474073074,0.568371698933187,57.205122781841794,59.53520456780856,-0.019603060676553374,0
2024-10-31,558.6289672851562,SPY,565.4958970216722,558.4324763422399,565.4271221936206,60182500,-11.1697998046875,-0.019603060676553374,566.8576617056583,557.7185815429688,522.1267915344238,41.692322094777374,5.470356769914689,245895300.0,2.7167954402690384,-1.64323932292639,4.360034763195428,559.2316315285098,568.5418060302734,577.851980532037,3.2751063872576145,-0.032365894067793145,37.243193509109865,51.61177753312426,0.0042204506992948865,1
2024-11-01,560.9866333007812,SPY,565.4172428761593,560.5740443264921,561.2617325907157,45667500,2.357666015625,0.0042204506992948865,566.298516143289,558.0431799316407,522.6130828857422,45.04468160001783,5.56449382856386,291562800.0,1.9526449847941194,-1.925911822721047,3.8785568075151664,558.8717296894745,568.4465087890625,578.0212878886505,3.368752891097791,0.11044137881978792,21.2048821137661,38.5510661349059,-0.0021540157139352534,0
2024-11-04,559.7782592773438,SPY,562.4209031245102,557.8920784523416,561.1241350696315,38217000,-1.2083740234375,-0.0021540157139352534,565.6775392989133,558.2278466796874,523.0644277954102,43.6591887710174,5.490517460249915,253345800.0,1.2353047345062578,-2.114601658407127,3.3499063929133848,559.3794517181307,568.5452331542969,577.711014590463,3.2242927744954617,0.021755240510071217,8.789559874345956,22.412545165740624,0.012091928752044234,1
2024-11-05,566.5470581054688,SPY,566.586332309216,560.4758658123077,560.6919638738422,39478300,6.768798828125,0.012091928752044234,565.7603506138233,558.5741369628906,523.5446530151368,52.47697811155723,5.584628572508654,292824100.0,1.1991696331396042,-1.7205894078190247,2.919759040958629,559.8465124314132,568.7186248779296,577.5907373244461,3.1200358343884935,0.37761839215002624,24.52149663117253,18.171979539761512,0.02486569341005418,1
2024-11-06,580.6346435546875,SPY,581.5089893813079,575.0841485043231,578.8270705681771,68182000,14.08758544921875,0.02486569341005418,567.1769499415248,559.1870971679688,524.0884555053711,64.81832954221458,6.254435908460829,361006100.0,2.280988895731525,-0.5110161161816831,2.7920050119132083,559.1718777323003,569.4013916015625,579.6309054708247,3.593076525678834,1.0490608887524386,51.71894262145,28.34333304232281,0.007732060087975334,1
2024-11-07,585.1241455078125,SPY,586.145874462509,582.5601095007273,582.6387178727699,47233200,4.489501953125,0.007732060087975334,568.8862066621235,559.9537036132813,524.652126159668,67.69733999662012,6.201349836986593,408239300.0,3.460710822561623,0.5349646485187316,2.9257461740428914,558.1890165986459,570.3582458496094,582.5274751005728,4.267223044294232,1.1066900110799582,80.33621439670553,52.19221788310934,0.004331742166261199,1
2024-11-08,587.6587524414062,SPY,589.0832369047557,585.6742957423695,585.6742957423695,46444900,2.53460693359375,0.004331742166261199,570.6740681649123,560.7700231933594,525.215623626709,69.22833884572914,6.041188519840638,454684200.0,4.547746949993666,1.2976006207606199,3.250146329233046,556.9749415835576,571.2723663330078,585.569791082458,5.005466951333655,1.0730537630222043,96.03819813474065,76.03111838429872,0.0009528259744473466,1
2024-11-11,588.2186889648438,SPY,589.6038391769904,586.4896646144927,589.2501914582232,37586800,0.5599365234375,0.0009528259744473466,572.3449844315725,561.4931384277344,525.7849374389648,69.57144676564543,5.832116094316145,492271000.0,5.392254556546618,1.7136865818508573,3.6785679746957607,555.9094609189923,571.981655883789,588.0538508485857,5.6198288177487115,1.0051280524103603,95.81628607122559,90.73023286755723,-0.003106343791748234,0
2024-11-12,586.3914794921875,SPY,588.7393574916656,583.9059918696842,588.1401110548398,43006100,-1.82720947265625,-0.003106343791748234,573.6827458659168,562.4069274902344,526.326332244873,66.94811987271258,5.7607767748636665,449264900.0,5.846695321052266,1.7345018770852043,4.112193443967062,555.6221566585783,572.8225891113282,590.023021564078,6.005500753535033,0.8944345707043563,93.6450811253671,95.1665217771111,0.0004857694632012244,1
2024-11-13,586.6763305664062,SPY,588.6803942959151,584.4856094336134,586.8531544283672,47388600,0.28485107421875,0.0004857694632012244,574.9202301231062,563.3485473632812,526.8710005187988,67.15603741470717,5.648920209680671,496653500.0,6.158832811174648,1.6373114937660684,4.521521317408579,555.3336503014797,573.5539825439453,591.7743147864109,6.353484692635557,0.8601017766261451,92.09019163492381,93.85051961050549,-0.00643012118573405,0
2024-11-14,582.9039306640625,SPY,587.2854330583992,582.2163022724781,586.804069200042,38904100,-3.77239990234375,-0.00643012118573405,575.6805825555782,564.240966796875,527.4357841491699,61.626988223263375,5.607506679412136,457749400.0,6.032266660956225,1.2085962748381167,4.823670386118108,555.4429499998897,574.0942993164062,592.7456486329228,6.497660519787543,0.7361660595744396,86.50366455545009,90.74631243858032,-0.012808605553460195,0
2024-11-15,575.437744140625,SPY,579.8094129170865,573.5810036102117,579.3378226480269,75988800,-7.4661865234375,-0.012808605553460195,575.6574550874874,565.1652514648438,527.9324827575683,52.42701944584141,5.872893849014896,381760600.0,5.268768140699308,0.3560782036649597,4.912689937034348,555.4908228435006,574.1512756347656,592.8117284260306,6.50018682641941,0.5344704525728757,74.98981280533431,84.52788966523606,0.00409727563891793,1
2024-11-18,577.7954711914062,SPY,579.1118465214918,575.0349444617987,575.8993966406199,37001700,2.35772705078125,0.00409727563891793,575.8610756688131,566.0181848144531,528.4159100341797,54.72553834392381,5.744608721206197,418762300.0,4.7986233879598785,-0.09125323925957574,4.889876627219454,555.6504618982209,574.3732971191406,593.0961323400603,6.5193961191535275,0.5913903805669861,65.65483300387417,75.71610345488618,0.0036554831031749835,1
2024-11-19,579.9075927734375,SPY,580.6345552744816,573.7480186357969,574.4160398519082,49412000,2.11212158203125,0.0036554831031749835,576.2464582502058,566.8667419433593,528.9186569213867,56.74188579798754,5.826175001026089,468174300.0,4.5440795239761655,-0.2766376825946306,4.820717206570796,555.8521683011566,574.7161560058594,593.5801437105622,6.564627601841942,0.6376017851804444,62.50527815718075,67.71664132212973,0.0003390095952029437,1
2024-11-20,580.1041870117188,SPY,580.389059946187,574.3375337598663,579.9863044208611,50032600,0.19659423828125,0.0003390095952029437,576.6138609893976,567.6089501953124,529.4154281616211,56.934142606560165,5.842271514261414,518206900.0,4.308548919931923,-0.4097346293110995,4.718283549243022,556.6058399440824,575.3306518554688,594.0554637668552,6.509234942027848,0.6274655034945167,67.41033836666388,65.19014984257292,0.005368130030353191,1
2024-11-21,583.21826171875,SPY,584.6427460672937,577.1077952881657,582.953055915256,46750300,3.11407470703125,0.005368130030353191,577.2428515350501,568.3219641113282,529.9077212524414,59.969098874264574,5.963177176037603,564957200.0,4.323332338749424,-0.3159609683948794,4.639293307144303,557.2473377806875,576.0394470214844,594.8315562622813,6.52459109804541,0.6910060921123391,73.11042187241169,67.67534613208544,0.003099488375636561,1
2024-11-22,585.0259399414062,SPY,585.654687007179,582.7075025920674,583.2084735757152,38226400,1.80767822265625,0.003099488375636561,577.9840980499413,569.013935546875,530.4079823303223,61.658248308601536,5.747749121685743,603183600.0,4.429848296168757,-0.16755600878043708,4.597404304949194,557.9718139907202,576.8484497070312,595.7250854233423,6.544746969814373,0.7166034869049503,78.06364848234041,72.86146957380531,0.0033918392833016675,1
2024-11-25,587.01025390625,SPY,590.2815846399689,584.721257778098,588.9652094992367,42441400,1.98431396484375,0.0033918392833016675,578.8437319410183,569.7293347167969,530.9041508483887,63.47995301086506,5.734361817413252,645625000.0,4.621111219591171,0.018965531713581285,4.60214568787759,558.5247998757477,577.6687438964843,596.812687917221,6.628000639815519,0.7439808118861765,81.51968779033228,77.56458604836145,0.00522158597966893,1
2024-11-26,590.0753784179688,SPY,590.7433995936517,587.540783398016,588.2579123147351,45621300,3.06512451171875,0.00522158597966893,579.9134125578707,570.5015307617188,531.4167155456543,66.1549517540818,5.591417808126712,691246300.0,4.962810209308941,0.2885316171450807,4.67427859216386,558.9417847555109,578.5961242675781,598.2504637796454,6.793802684712736,0.7920284892642315,86.93433881205671,82.17255836157646,-0.003030060111948951,0
2024-11-27,588.2874145507812,SPY,590.2718110026187,586.7647148108081,589.8887226529953,34000200,-1.7879638671875,-0.003030060111948951,580.7109365571955,571.2706774902343,531.9539163208008,63.24482087197779,5.4425376926755655,657246100.0,5.031337255046424,0.2856469303060507,4.745690324740373,559.8690863746526,579.520556640625,599.1720269065975,6.781975217544796,0.7230585750455651,87.40308394741756,85.28570351660217,0.006212065548366841,1
2024-11-29,591.94189453125,SPY,592.7277982726248,588.827720226239,589.1027595534448,30177400,3.65447998046875,0.006212065548366841,581.7805516023435,571.9252648925781,532.4875405883789,66.48957390622539,5.370955266187564,687423500.0,5.319214827726682,0.4588196023890472,4.860395225337635,563.3354607708411,581.1862030029297,599.0369452350183,6.142865105832044,0.8012673475556056,92.56425136554479,88.96722470833969,0.0017924650477565418,1
2024-12-02,593.0029296875,SPY,593.6807844427898,591.8633182342458,592.354515594293,31746000,1.06103515625,0.0017924650477565418,582.8493495152155,572.6204064941406,533.0097306823731,67.38970689055702,5.117134619213026,719169500.0,5.568783082858317,0.566710286016546,5.002072796841771,566.8270350976376,582.7870178222656,598.7470005468937,5.477123627175722,0.8200477106240871,92.73755314206697,90.90162948500976,0.0004638854809093651,1
2024-12-03,593.2780151367188,SPY,593.5236138358292,591.73570807165,592.7672106157903,26906600,0.27508544921875,0.0004638854809093651,583.8425557648825,573.2931506347657,533.5454614257812,67.6324567523156,4.87933255813918,746076100.0,5.722795990003192,0.5765785545291369,5.146217435474055,571.8275161867408,584.4620056152344,597.0964950437279,4.323459628549801,0.8488866555067245,96.83969308201218,94.04716586320797,0.006209500212288388,1
2024-12-04,596.9619750976562,SPY,597.2075737883222,594.2997236656325,594.9677449089698,42787600,3.6839599609375,0.006209500212288388,585.0920242727657,574.007548828125,534.112993774414,70.77049162612944,4.811491564815198,788863700.0,6.072121472655908,0.7407232297454822,5.331398242910426,575.1457578817939,585.9827514648438,596.8197450478937,3.6987414922911968,1.0065622466541388,97.86140005898403,95.81288209435438,-0.0016458048437599793,0
2024-12-05,595.9794921875,SPY,597.7674575863759,595.625844515795,596.9618868048642,28762200,-0.98248291015625,-0.0016458048437599793,586.128925978931,574.7270544433594,534.6734240722657,68.853291186892,4.620785958084176,760101500.0,6.198236858281234,0.6934708922966459,5.504765965984588,575.3766786588375,586.7499938964844,598.1233091341313,3.876715928744747,0.9057523289456073,96.5214079876642,97.0741670428868,0.0018959441767181229,1
2024-12-06,597.1094360351562,SPY,598.3472631909667,596.333365657436,596.7459547224977,31241500,1.12994384765625,0.0018959441767181229,587.1746888414286,575.4247546386719,535.1894319152832,69.86443107390805,4.459856318468643,791343000.0,6.31654800172339,0.6494256285910414,5.667122373132349,575.148817476191,587.3492584228516,599.5496993695122,4.154407542599501,0.8999928221846837,95.51203365732418,96.63161390132414,-0.005149727983354002,0
2024-12-09,594.0344848632812,SPY,597.1584931551176,593.445071963169,596.9915028268559,34742700,-3.074951171875,-0.005149727983354002,587.8280027482717,576.0772619628906,535.6883619689942,63.79495172107974,4.406539523717216,756600300.0,6.091963214336488,0.3398726729633106,5.752090541373177,575.123582008157,587.6680450439453,600.2125080797337,4.269234354864497,0.7537549754490487,90.0144818152374,94.01597448674192,-0.0031091188730399955,0
2024-12-10,592.1875610351562,SPY,595.134745373381,591.529373321926,594.7123228135097,37234500,-1.846923828125,-0.0031091188730399955,588.243198775594,576.6478369140625,536.1871084594727,60.40078376112934,4.349313275698486,719365800.0,5.699249434917078,-0.042272885164878815,5.741522320081957,575.1688275787999,587.866488647461,600.5641497161221,4.319913216307106,0.6701522967233722,83.92694828923412,89.81782125393188,0.007730560713786305,1
2024-12-11,596.7655029296875,SPY,597.7183970026139,594.8399877419274,595.1150870375847,28677700,4.57794189453125,0.007730560713786305,589.0548467902696,577.4109619140625,536.7041705322266,65.32532114788833,4.433707753681281,748043500.0,5.691810933398074,-0.03976910934710709,5.731580042745181,575.1353689288785,588.3851898193359,601.6350107097933,4.503791434494044,0.8162425054510423,83.121849441983,85.68775984881817,-0.005152491366319456,0
2024-12-12,593.690673828125,SPY,596.4708079758578,593.690673828125,595.9010621562538,31543800,-3.0748291015625,-0.005152491366319456,589.4963541272083,578.1078735351563,537.2091188049317,59.934087701246874,4.336644992815653,716499700.0,5.375833592956383,-0.28459715983103884,5.660430752787422,575.3153505245284,588.7359069824219,602.1564634403153,4.5591092028616975,0.6845961775597222,79.04122030486295,82.03000601202667,-0.00019862181953211877,0
2024-12-13,593.57275390625,SPY,596.4413297893211,592.1973772710232,595.7242008087076,35904700,-0.117919921875,-0.00019862181953211877,589.8845826775932,578.8228601074219,537.7046209716797,59.73049902865166,4.33002410177867,680595000.0,5.057603220290389,-0.4822620259976267,5.539865246288016,575.970862297522,589.2693481445312,602.5678339915405,4.5135508537421885,0.6618005918578527,75.91300061928607,79.358690122044,0.004269983555946322,1
2024-12-16,596.1072998046875,SPY,597.0799209921157,594.5551592425911,595.3312295236393,43695200,2.5345458984375,0.004269983555946322,590.4772224039832,579.4871545410156,538.1895848083497,62.66599791567906,4.271248600642031,724290200.0,4.952826923401176,-0.46963065830947226,5.422457581710648,578.3167388586882,590.3028259277344,602.2889129967806,4.060995998184015,0.7421338107889704,71.94904889896358,75.63442327437086,-0.0041199505827091976,0
2024-12-17,593.6513671875,SPY,594.5158794594372,592.2760503625989,593.553151685944,55773500,-2.4559326171875,-0.0041199505827091976,590.7795219071753,580.2041064453125,538.6649453735351,58.236050640254774,4.239820089316788,668516700.0,4.618379907391613,-0.6432621394552278,5.261642046846841,580.507516550588,591.0956207275391,601.6837249044902,3.5825351451323337,0.6206895218090334,68.35944497491643,72.07383149772203,-0.029803676268590706,0
2024-12-18,575.9583740234375,SPY,595.7339235020439,575.5752257128447,593.3467116570313,108248700,-17.6929931640625,-0.029803676268590706,589.367984013486,580.461689453125,539.0767552185058,37.6092823520216,5.3768827821655325,560268000.0,2.892310797346113,-1.8954649996005832,4.787775796946696,579.3766650766595,590.898159790039,602.4196545034185,3.899654965069921,-0.1483440794037099,47.2668526067161,62.52511549353202,-0.0003069993520904424,0
2024-12-19,575.7815551757812,SPY,582.5601031255708,575.5359564813775,580.948961299734,85919500,-0.17681884765625,-0.0003069993520904424,588.074038409895,580.637734375,539.4751750183106,37.46646075855015,5.494544486596084,474348500.0,1.4929114349920383,-2.6358914895637264,4.128802924555765,578.2338007615556,590.6820281982422,603.1302556349287,4.214865813560442,-0.09849778204353986,20.73877836392266,45.455025315185054,0.012010996856451017,1
2024-12-20,582.697265625,SPY,587.231466902458,572.6036351958548,573.4513839180992,125716700,6.91571044921875,0.012010996856451017,587.5619648113336,580.9719384765625,539.8835510253906,46.089581380299144,6.146922145168018,600065200.0,0.9311832930856099,-2.558095705176124,3.489278998261734,578.1433696885599,590.6559783935547,603.1685870985496,4.2368516235207405,0.18197228267124857,13.989153001642125,27.33159465742695,0.005988219017835306,1
2024-12-23,586.1865844726562,SPY,586.7878476994515,579.2570769218985,582.440932357683,57635800,3.48931884765625,0.005988219017835306,587.43097620765,581.3081433105468,540.3244097900391,49.847380908954094,6.24576847605266,657701000.0,0.7588213430507267,-2.1843661241688057,2.9431874672195324,578.2959779475667,590.7140106201172,603.1320432926676,4.204414471061658,0.3177075923842348,31.01576480699954,21.914565390854765,0.011115170727943768,1
2024-12-24,592.7021484375,SPY,592.7416149913781,586.9554933157183,587.5370835235541,33160100,6.51556396484375,0.011115170727943768,587.9329926104929,581.6815283203125,540.7999876403809,56.01305722427425,6.267858621957605,690861100.0,1.134892480896383,-1.4466359890585196,2.5815284699549026,578.6725948623397,590.9986053466797,603.3246158310197,4.171248585979182,0.5691035876119288,56.68081302281043,33.89524361048402,6.652365111459169e-05,1
2024-12-26,592.7415771484375,SPY,593.8652307760627,589.5281816588665,590.9278604962976,41219100,0.0394287109375,6.652365111459169e-05,588.390953042678,582.1449035644531,541.2489990234375,56.04827065351625,6.129943657331792,732080200.0,1.4197471728912205,-0.9294250376509461,2.3491722105421666,578.7910656831423,591.1319152832032,603.4727648832641,4.175328477789449,0.5652168172127463,69.68637634815666,52.46098472598887,-0.010526513060112985,0
2024-12-27,586.5020751953125,SPY,589.2324867459512,582.3128451341881,588.9958679237085,64969300,-6.239501953125,-0.010526513060112985,588.2110599143574,582.4339758300781,541.6707543945313,49.31964299651384,6.43699996854019,667110900.0,1.1290064233741077,-0.976132629734447,2.1051390531085548,578.5954180432077,591.0426483154297,603.4898785876517,4.2119567201110355,0.317607089255422,70.54549319972573,65.6375608568976,-0.011411712672685148,0
2024-12-30,579.80908203125,SPY,583.2787692142718,576.0535631828352,579.4838439796579,56578800,-6.6929931640625,-0.011411712672685148,587.4108715445377,582.5882055664063,542.0640083312989,43.312928774491354,6.723536543107127,610532100.0,0.3544379321933775,-1.400560896732142,1.7549988289255194,577.0741828300675,590.4360076904297,603.797832550792,4.526087395187451,0.1023400332575678,54.08492263764462,64.77226406184232,-0.0036379457138790983,0
2024-12-31,577.6997680664062,SPY,582.194563069081,576.0634704063194,581.4749602926895,57052700,-2.10931396484375,-0.0036379457138790983,586.4860045466205,582.6562365722656,542.4639219665528,41.593637426775615,6.681219123082447,553479400.0,-0.42472126387235676,-1.743776074238301,1.3190548103659443,575.2722025101756,589.670849609375,604.0694967085743,4.883621806551126,0.08429839065802389,34.77373175584345,53.13471586440459,-0.002457043731384778,0
2025-01-02,576.2803344726562,SPY,582.6775253068124,572.1995172748154,580.9624149327,50204000,-1.41943359375,-0.002457043731384778,585.5140359681477,582.7147424316406,542.8419482421875,40.43058188993397,6.952418330862056,503275400.0,-1.1435646669708603,-1.970095581869444,0.8265309148985834,573.4037454212698,588.8209655761718,604.2381857310738,5.236641035638387,0.09329143070165567,21.794400993393662,36.88435179562723,0.01250336668616514,1
2025-01-03,583.4857788085938,SPY,584.1264484268344,578.044689478734,579.1289967873591,37888500,7.2054443359375,0.01250336668616514,585.3208686196188,582.9234497070313,543.2420903015137,48.32916831857899,7.016253732527489,541163900.0,-1.118935709073412,-1.5563732991775963,0.43743759010418437,573.0371512943564,588.1471557617188,603.2571602290811,5.138171397868338,0.34575196641425304,27.351722709474775,27.97328515290395,0.005760562085250331,1
2025-01-06,586.8469848632812,SPY,591.1249540533898,585.1121413237427,587.7440065436294,47679400,3.3612060546875,0.005760562085250331,585.4662130237771,583.3041040039062,543.6357553100586,51.55606097546614,7.060748126260961,588843300.0,-0.8187577153715893,-1.0049562443806188,0.18619852900902964,573.0090046505743,587.6905303955078,602.3720561404414,4.996345860823406,0.4712718709594033,40.21176218456979,29.7859619624794,-0.011304016546816231,0
2025-01-07,580.2132568359375,SPY,589.2028462645713,578.3897338233832,588.877548048508,60393100,-6.63372802734375,-0.011304016546816231,584.9659314820781,583.5275219726562,543.9878558349609,45.5146610232774,7.328774148755763,528450200.0,-1.1034312357023737,-1.0317038117691226,-0.07172742393325102,572.4884530055483,586.8457214355469,601.2029898655455,4.893029941456416,0.2690206660150164,46.09490652998745,37.88613047467732,0.0014610443232185855,1
2025-01-08,581.0609741210938,SPY,582.1354148697908,576.8323377526707,580.282291853868,47304700,0.84771728515625,0.0014610443232185855,584.594030781032,583.7718237304688,544.3490267944336,46.3793658141634,7.1840815036389305,575754900.0,-1.246267159246031,-0.939631788250224,-0.30663537099580707,572.0264766319724,586.1970458984375,600.3676151649026,4.834746051900189,0.31877680138445924,43.525289099662054,43.27731927140642,-0.015267376834053215,0
2025-01-10,572.189697265625,SPY,577.5716476388544,570.2774344732991,577.5026413332764,73105000,-8.87127685546875,-0.015267376834053215,583.4126656843265,583.8035302734374,544.6728709411622,39.342628240882526,7.4411856567929116,502649900.0,-2.051653376598324,-1.3960144044820135,-0.6556389721163105,570.0687094124562,585.197152709961,600.3255960074657,5.170374882190451,0.07009934239296876,26.603788349445935,38.7413279930318,0.001550440352794169,1
2025-01-13,573.0768432617188,SPY,573.4316812597856,567.1231694250464,567.5372072518853,47910100,0.88714599609375,0.001550440352794169,582.4283016440781,583.83451171875,545.0058363342285,40.31780862572636,7.360280383789075,550560000.0,-2.5885038278087222,-1.5462918845539293,-1.042211943254793,568.9836377352981,584.0127197265625,599.041801717827,5.146833787558983,0.1361761659427972,22.674510509127185,30.93452931941172,0.0013759292368293874,1
2025-01-14,573.8653564453125,SPY,576.6351742776535,570.0802375478183,576.0043111010004,48420600,0.78851318359375,0.0013759292368293874,581.6127830537195,583.9158435058594,545.3214625549316,41.22231655726349,7.302755837078081,598980600.0,-2.916713199976698,-1.499601005377524,-1.417112194599174,568.0613699472027,583.0214538574219,597.981537767641,5.131915407654162,0.19398241791094217,18.52741734098873,22.601905399853944,0.018189978739041157,1
2025-01-15,584.303955078125,SPY,585.4473419377294,580.7751281246863,581.8889752343268,56900200,10.4385986328125,0.018189978739041157,581.8690851512819,584.4293432617187,545.689769744873,51.665695085884366,7.608415098173714,655880800.0,-2.307909675269002,-0.7126379845358624,-1.5952716907331397,568.3802856207005,582.5580139160156,596.7357422113307,4.867404775710122,0.561573375005582,37.24051799629575,26.147481948803875,-0.0019231741492636845,0
2025-01-16,583.1802368164062,SPY,585.8514484014332,582.4803673486446,585.6740294157521,43319700,-1.12371826171875,-0.0019231741492636845,581.9939567384366,584.8732153320312,546.0569004821778,50.62295523494749,7.305748380646211,612561100.0,-1.8942672346205427,-0.23919643510992228,-1.6550707995106204,569.1563601943019,581.9116607666016,594.6669613389013,4.383930219063164,0.5497274071517999,49.834153944388085,35.20069642722418,0.01004005829515453,1
2025-01-17,589.035400390625,SPY,590.7899174222187,587.0935375428814,588.4242703969026,58070600,5.85516357421875,0.01004005829515453,582.6645704195975,585.4583581542969,546.4695123291016,55.646059381299104,7.3274578253009395,670631700.0,-1.0815227326406784,0.45883845349595376,-1.5403611861366322,569.6363610642518,581.6808624267578,593.7253637892638,4.1412747575213915,0.8053068675288428,71.86157198348828,52.97874797472402,0.00915347978956249,1
2025-01-21,594.4271240234375,SPY,594.4369906618805,590.1097477554644,592.0811502463223,42532900,5.3917236328125,0.00915347978956249,583.7848136199632,586.0159594726563,546.9063006591797,59.71059740712494,7.189895857154836,713164600.0,-0.0023230440544921294,1.230430513665712,-1.2327535577202042,569.6581372505531,582.6042999267578,595.5504626029625,4.444238629145803,0.9566149982963783,83.76743004025518,68.48771865604384,0.0056213647799272515,1
2025-01-22,597.7686157226562,SPY,599.1288881406504,596.7040416210903,597.2560318658977,48196000,3.34149169921875,0.0056213647799272515,585.1166042964101,586.3586389160156,547.3907432556152,62.032723871047075,7.012172161444695,761360600.0,1.1097879933117838,1.8740332408255904,-0.7642452475138066,569.580971011638,583.7036529541016,597.8263348965652,4.838990426388204,0.9979565080434408,95.6693195828954,83.76610720221294,0.0054580220365023635,1
2025-01-23,601.03125,SPY,601.03125,596.8617535693179,597.1377185948221,41152100,3.26263427734375,0.0054580220365023635,586.6322848396092,586.6767810058594,547.8653356933594,64.20224329877105,6.809123894961653,802512700.0,2.228720024844847,2.394372217886923,-0.16565219304207596,568.6223724190472,584.6203521728515,600.6183319266559,5.472946569288878,1.0129053192871416,98.5712616608431,92.66933709466456,-0.002919177000467954,0
2025-01-24,599.2767333984375,SPY,602.0466115435261,598.1234798327728,601.0904500891409,34604700,-1.7545166015625,-0.002919177000467954,587.8365180356881,586.909140625,548.3297401428223,62.145694958031456,6.602981596089628,767908000.0,2.940016217803418,2.4845347286763952,0.4554814891270228,568.0500774255485,585.2748596191407,602.4996418127329,5.886048891558741,0.9064455974516087,95.93954067590452,96.72670730654767,-0.014145367696859479,0
2025-01-27,590.7997436523438,SPY,591.1151752666312,586.1373960687419,586.3049484329972,70361100,-8.47698974609375,-0.014145367696859479,588.1187299991791,586.96076171875,548.7488308715821,53.267583834052544,7.069864148490058,697546900.0,2.7875679992898768,1.8656692081302833,0.9218987911595936,568.0996669252698,585.1797393798828,602.2598118344957,5.837547442333791,0.6645193334921458,86.62145425726908,93.71075219800555,0.008592137970092617,1
2025-01-28,595.8759765625,SPY,596.7137983317733,588.7099111753337,592.0317186698514,44433300,5.07623291015625,0.008592137970092617,588.857515386162,587.1504516601562,549.2186851501465,57.20978317259253,7.136580077629315,741980200.0,3.0413030118141933,1.6955233765236795,1.3457796352905138,567.9273740689368,585.336459350586,602.7455446322351,5.948402838587578,0.8027016365708682,80.73177614355218,87.76425702557525,-0.004482715671026649,0
2025-01-29,593.204833984375,SPY,595.4916679771449,590.6518414168764,595.0874967960807,37177400,-2.671142578125,-0.004482715671026649,589.271545728849,587.2810217285156,549.656244506836,54.599720258837614,6.999976868200332,704802800.0,2.9923569269407153,1.3172618333201611,1.6750950936205542,567.930754232114,585.671597290039,603.412440347964,6.0582903934606405,0.7123133796330731,74.93633804072213,80.76318948051446,0.005367078407106485,1
2025-01-30,596.3886108398438,SPY,597.9263022497843,592.130374590218,595.3240968992558,39281300,3.18377685546875,0.005367078407106485,589.9493614537057,587.5507153320312,550.1446232604981,57.111337258687655,6.913973353297898,744084100.0,3.173884422397009,1.1990314630211638,1.9748529593758453,568.3874358602872,586.5005737304688,604.6137116006504,6.176682063573108,0.7729520743518702,80.27073698927505,78.64628372451644,-0.005321847370101107,0
2025-01-31,593.2147216796875,SPY,601.2383441338676,592.4557124803268,598.8134974486875,66566900,-3.17388916015625,-0.005321847370101107,590.2603481418944,587.9062548828125,550.6483724975586,53.909536514494945,7.047448946172389,677517200.0,3.0267494568030315,0.8415171979417488,2.1852322588612827,569.4100474258424,587.2763214111328,605.1425953964232,6.084452355361621,0.6661902272808499,77.73065242966028,77.64590915321915,-0.006729648336339378,0
2025-02-03,589.2225952148438,SPY,591.7065212004032,582.0466619706364,584.1954832564219,65857200,-3.99212646484375,-0.006729648336339378,590.1615145297943,588.1347973632812,551.136651763916,50.10460509455655,7.341778286378013,611660000.0,2.558519672241232,0.29862993070395927,2.2598897415372727,570.7739745273045,587.9234344482422,605.07289436918,5.833909286855436,0.53787760001163,72.79745036735652,76.93294659543061,0.006708326846265988,1
2025-02-04,593.17529296875,SPY,593.6878166788046,588.7396375989994,589.281761222817,33457800,3.95269775390625,0.006708326846265988,590.4485410477902,588.4001513671875,551.6592405700684,53.59683508475477,7.170806914479955,645117800.0,2.4778309761327364,0.17435298767637075,2.3034779884563656,571.2398306246914,588.40791015625,605.5759896878085,5.835434648388598,0.6388443827900667,64.29609569418075,71.6080661637325,0.004054603016241831,1
2025-02-05,595.5803833007812,SPY,595.7282625539741,590.0210739471236,592.0516161255263,30653100,2.40509033203125,0.004054603016241831,590.9372879290274,588.7096752929688,552.1988822937012,55.631709171620386,7.066262749649281,675770900.0,2.578235004515932,0.21980561284765265,2.3584293916682793,571.4152424840856,588.844580078125,606.2739176721643,5.919843090591715,0.6932317618588055,61.94878412343547,66.3474433949909,0.003475511193955949,1
2025-02-06,597.6503295898438,SPY,597.778475552574,594.013089933138,597.3250313642651,35771500,2.0699462890625,0.003475511193955949,591.5766252300575,588.9983166503906,552.7701557922363,57.36460553992133,6.83048581177691,711542400.0,2.7926414543195506,0.34736965012101706,2.4452718041985335,572.3570100325541,589.7164337158204,607.0758573990867,5.887379998513546,0.7285184122117864,67.9940312911932,64.74630370293646,-0.009153481197679336,0
2025-02-07,592.1797485351562,SPY,599.4344951653416,591.4700123634921,598.2122352633725,50788500,-5.4705810546875,-0.009153481197679336,591.6340655448288,589.1413928222656,553.2918182373047,51.625749550370166,6.911485596782095,660753900.0,2.492399113429201,0.03770184738453386,2.454697266044667,573.3506849618335,590.2723724365235,607.1940599112135,5.733518377233451,0.5563589211030419,65.45095754825304,65.13125765429389,0.006791192125803924,1
2025-02-10,596.2013549804688,SPY,596.8420848342793,594.1215398587573,595.3931329282537,26048700,4.0216064453125,0.006791192125803924,592.0690454910803,589.32521484375,553.8046432495117,55.17587674502928,6.750832075520732,686802600.0,2.549575011634829,0.07590219647212937,2.4736728151626997,576.5661834227909,591.4729553222656,606.3797272217404,5.040559087389799,0.6585990478049012,66.48591295722274,66.64363393222298,0.000760531944440368,1
2025-02-11,596.65478515625,SPY,597.1969087784863,593.8159609148958,593.93424024475,30056700,0.45343017578125,0.000760531944440368,592.5057826020487,589.4568029785156,554.320906829834,55.57177551850968,6.510126060382863,716859300.0,2.6014870255432925,0.10225136830447434,2.499235657238818,580.2285058742934,592.6518524169921,605.0751989596909,4.192460208141759,0.6611052515318592,64.82666805102019,65.58784618549865,-0.0032214928773622864,0
2025-02-12,594.732666015625,SPY,595.9056528588447,589.9520392250456,590.6321754646003,45076100,-1.922119140625,-0.0032214928773622864,592.7178667366751,589.5857080078125,554.8369317626953,53.41793274524847,6.523884622584401,671783200.0,2.459180814105025,-0.03204387450703461,2.4912246886120597,584.7361686099744,593.6952178955078,602.6542671810412,3.018063482906555,0.5578994537842563,69.0815412465161,66.79804075158633,0.010557465543251876,1
2025-02-13,601.0115356445312,SPY,601.2185545419917,594.5749384975967,595.8366046698266,40921300,6.27886962890625,0.010557465543251876,593.5077399659947,589.7671008300781,555.3610676574707,59.00718049428814,6.5324368669994435,712704500.0,2.8205409799383006,0.2634530330609923,2.5570879468773082,586.131807175496,594.5305969238282,602.9293866721604,2.8253515603027126,0.8858257507868937,78.42972468223648,70.77931132659091,-4.9152160770615794e-05,0
2025-02-14,600.9819946289062,SPY,602.2535274358258,600.360998100256,601.2185532755497,26910400,-0.029541015625,-4.9152160770615794e-05,594.2195737434148,589.9266821289062,555.87626953125,58.9713292560745,6.20101490046876,685794100.0,3.069158453576051,0.4096564053589944,2.659502048217057,588.35466648864,595.4206848144531,602.4867031402663,2.3734540992693582,0.8935250064478941,85.31859859261034,77.6099548404543,0.002935868815777898,1
2025-02-18,602.7463989257812,SPY,602.7463989257812,599.6808827255115,602.145135650955,26749000,1.764404296875,0.002935868815777898,595.0316523322116,590.1160498046875,556.439733581543,60.51443271880263,5.9770507075973995,712543100.0,3.3697182591275805,0.5681729687284189,2.8015452903991616,588.990931080371,596.106234741211,603.221538402051,2.3872602721322016,0.9666114407116065,97.50853854095112,87.08562060526596,0.0023549433000009667,1
2025-02-19,604.1658325195312,SPY,604.4615308486234,600.8440242708047,601.3566081495158,31011100,1.41943359375,0.0023549433000009667,595.9015742548135,590.260126953125,557.0182511901855,61.760444338256775,5.808511841184639,743554200.0,3.6800294104527893,0.702787296042902,2.9772421144098873,588.712392129337,596.5931701660156,604.4739482026943,2.6419270051266692,0.9804514426285716,97.46273855650007,93.42995856335385,-0.004160364041450926,0
2025-02-20,601.6522827148438,SPY,602.9336821985821,598.3403412349714,602.7956695963146,36554000,-2.5135498046875,-0.004160364041450926,596.4492607748163,590.3735827636718,557.5613571166992,58.25476442904091,5.8097246585685784,707000200.0,3.680701930228679,0.5627678526550328,3.117934077573646,588.6143232773749,596.787353515625,604.9603837538751,2.739009193175254,0.7976208980881211,95.38260892836621,96.78462867527246,-0.017104082781476126,0
2025-02-21,591.361572265625,SPY,601.5734221193063,590.8982614234848,601.435409514207,76519800,-10.29071044921875,-0.017104082781476126,595.9647190120362,590.2586254882813,558.0224531555176,46.59384176078645,6.162888703767893,630480400.0,2.8183721371784713,-0.23964955231613994,3.0580216894946113,588.0486236870195,596.3038696289062,604.559115570793,2.7688050882595103,0.2006571701150521,75.90155425537715,89.58230058008114,-0.004550479994154144,0
2025-02-24,588.6705932617188,SPY,594.4073810554311,587.9608571639533,593.4118132885562,50737200,-2.69097900390625,-0.004550479994154144,595.2700403691488,590.15134765625,558.4443212890625,44.107485274065695,6.183148360032887,579743200.0,1.895974434195864,-0.9296378042389981,2.825612238434862,587.0037290263757,595.7735626220704,604.543396217765,2.9440156951904908,0.09503397169139849,44.441708065211095,71.90862374965148,-0.004973053296503771,0
2025-02-25,585.7431030273438,SPY,589.3409366661995,581.1300283822392,588.6115273648803,58266500,-2.927490234375,-0.004973053296503771,594.3627130032626,590.0224584960938,558.8487696838379,41.51222613600898,6.327988354599131,521476700.0,0.918159640408021,-1.5259620784214727,2.4441217188294937,585.9380099928045,595.5207305908203,605.1034511888362,3.2182660000798813,-0.010169709294305329,21.876654193619128,47.406638838069114,0.0005047507949251795,1
2025-02-26,586.0387573242188,SPY,591.0067297705009,583.3970853838995,587.4088964020577,43321600,0.295654296875,0.0005047507949251795,593.5699553195441,589.8079235839843,559.2544522094727,41.884135026824545,6.419535214027865,564798300.0,0.16518702918074268,-1.823147751719001,1.9883347808997436,584.5973237846008,595.0288696289062,605.4604154732117,3.5062318407546007,0.06909012149933759,15.037395732112635,27.118585996980944,-0.015961929079130965,0
2025-02-27,576.6844482421875,SPY,589.4690234968429,576.290203877955,588.3157098294636,74196700,-9.35430908203125,-0.015961929079130965,591.9618117883673,589.4677990722656,559.5988177490234,34.42543544650691,6.9023412429464335,490601600.0,-1.1728439409077964,-2.5289429774460324,1.3560990365382357,581.0603218465895,594.2028503417969,607.3453788370042,4.423583120696071,-0.16647761524724067,14.070128168626484,16.99472603145274,0.015605608485163236,1
2025-02-28,585.6839599609375,SPY,586.2162169760591,574.1118369424444,577.1872200213395,88744100,8.99951171875,0.015605608485163236,591.3639211381359,589.3100231933594,559.9849099731446,44.639636690241296,7.27391544227988,579345700.0,-1.4898832938584974,-2.276785864317387,0.7869025704588892,580.061040395132,593.6676177978516,607.2741952005712,4.583904189752439,0.20662505343488025,20.189267964034084,16.43226395492439,-0.01752008108508618,0
2025-03-03,575.4227294921875,SPY,588.7987001526899,571.6080711867788,587.6552532272791,74249200,-10.26123046875,-0.01752008108508618,589.8457124099502,588.8963317871094,560.3193548583985,37.47248400754965,7.982252122539251,505096500.0,-2.5398569178215666,-2.6614075906243646,0.12155067280279808,577.0138954525087,592.7780181884766,608.5421409244445,5.318727163379952,-0.050467951403687115,17.04662483220066,17.102006988287066,-0.011836788638108442,0
2025-03-04,568.611572265625,SPY,577.0196322682823,564.0675042327628,571.4208567458912,109648200,-6.8111572265625,-0.011836788638108442,587.8234133485859,588.3955358886719,560.6080773925781,33.61451287290292,8.337243259180699,395448300.0,-3.876881764722725,-3.1987459500204185,-0.6781358147023067,572.8124561308349,591.7474670410156,610.6824779511963,6.399693100458437,-0.11092900566936638,20.32992611501698,19.188606303750564,0.010747915551218012,1
2025-03-05,574.7229614257812,SPY,576.5169448984452,564.8856823224501,568.4440493526719,71230500,6.11138916015625,0.010747915551218012,586.5757512606997,588.3708276367188,560.8957260131835,39.621195905705854,8.572530353238875,466678800.0,-4.392709141801333,-2.9716586616792213,-1.421050480122112,570.5101076969111,590.8248504638672,611.1395932308233,6.876739443510758,0.10368956617365595,16.413093981087787,17.929881642768464,-0.01775110099433308,0
2025-03-06,564.52099609375,SPY,571.874289065213,561.9680033325571,567.2513477016495,80094900,-10.20196533203125,-0.01775110099433308,584.4752983876568,588.1456164550781,561.1376861572265,34.07795579054158,8.871275191809248,386583900.0,-5.560620029055599,-3.3116556391467893,-2.2489643899088096,566.1008334193235,589.2718811035156,612.4429287877077,7.8642977638098825,-0.03409076160702323,14.54536916916519,17.096129755089972,0.0056047542726263,1
2025-03-07,567.6849975585938,SPY,569.1340095542192,557.5421542389136,562.7368186254731,81158800,3.16400146484375,0.0056047542726263,582.8762221182222,587.84537109375,561.3917562866211,37.0208226264455,9.065602343487566,467742700.0,-6.159882060004634,-3.128734136076659,-3.031147923927975,563.134676457174,587.7736145019531,612.4125525467323,8.38381902040867,0.09234004105919512,18.00145047204991,16.319971207434282,-0.026635555869501948,0
2025-03-10,552.5643920898438,SPY,561.3962362827218,547.6457527585567,559.4741670846696,99326600,-15.12060546875,-0.026635555869501948,579.9893811631385,587.1729272460938,561.5672463989258,30.104327647107674,9.849433947526816,368416100.0,-7.76539340871102,-3.787396387826436,-3.977997020884584,556.8888924785589,585.7928466796875,614.6968008808161,9.868319275306325,-0.07480811031291833,12.094242859968347,14.880354167061137,-0.008312847977210325,0
2025-03-11,547.9710083007812,SPY,555.9552243228402,544.1268096197261,551.4012894751355,88102100,-4.5933837890625,-0.008312847977210325,576.9400123191045,586.2783044433594,561.7134240722656,28.37031449849682,9.990789715783047,280314000.0,-9.301201936782718,-4.2585639327185065,-5.042638004064211,550.56962735213,583.3813293457031,616.1930313392761,11.248800859079019,-0.039598967646631206,12.270586875489888,14.122093402502705,0.005306552481817439,1
2025-03-12,550.8788452148438,SPY,555.0582088315019,545.7729200294035,554.1316472627199,69588200,2.9078369140625,0.005306552481817439,574.4579964044129,585.4410498046875,561.8816091918945,31.076831047708808,9.940396793377003,349902200.0,-10.166509925041396,-4.0990975367817475,-6.0674123882596485,545.9969658188801,581.0925323486329,616.1880988783856,12.07916625185498,0.06955122653206042,8.98258127631267,11.11580367059029,-0.01333052797936185,0
2025-03-13,543.5353393554688,SPY,551.1153839968962,541.8202288918889,550.5042540653316,74079400,-7.343505859375,-0.01333052797936185,571.5129814473706,584.5817150878906,562.0319665527344,28.180885681110325,9.894308101350598,275822800.0,-11.314406851347712,-4.197595570470451,-7.116811280877261,540.4487451659106,578.532666015625,616.6165868653393,13.165694207727162,0.040523587391885885,7.1840117565196495,9.479059969440724,0.02065582868057092,1
2025-03-14,554.7625122070312,SPY,555.7679467233177,543.604366956188,548.1583018697701,62660300,11.2271728515625,0.02065582868057092,569.9176986625764,584.0807836914063,562.2214730834961,37.73421506213352,10.061329477529048,338483100.0,-11.189202257288116,-3.2579127811286828,-7.931289476159433,538.2605068357022,576.22021484375,614.1799228517978,13.175416977809794,0.21736212206677738,13.775906607095322,9.980833213309204,0.007711215109664327,1
2025-03-17,559.0404052734375,SPY,561.5637976935186,554.3089918436672,554.742702735982,49008700,4.27789306640625,0.007711215109664327,568.8817659588489,583.7075964355469,562.430563659668,40.956971826720796,9.860863504123504,387491800.0,-10.622338786476348,-2.1528394482535322,-8.469499338222816,537.2483677614091,574.1231353759765,610.9979029905439,12.845595428032771,0.29548711655364346,21.528033513564896,14.162650625726613,-0.01080822829822048,0
2025-03-18,552.9981689453125,SPY,556.9409741907108,551.0661727165913,556.7240886177484,66041400,-6.042236328125,-0.01080822829822048,567.3690424337502,583.241953125,562.6275521850586,37.96783138621598,9.726104150746556,321450400.0,-10.539164449064288,-1.655732088673176,-8.883432360391112,536.1336926553811,571.6357238769531,607.1377550985251,12.421208031153053,0.23751424509598346,28.260552401539524,21.188164174066568,0.010890672539011215,1
2025-03-19,559.0206909179688,SPY,562.7860764826731,553.5993346617712,554.7821880592443,66556000,6.02252197265625,0.010890672539011215,566.5739613370092,582.7526513671875,562.871688079834,42.474390560750024,9.730518678361848,388006400.0,-9.873465828497615,-0.7920267744852012,-9.081439054012414,536.8177604100829,569.378466796875,601.9391731836672,11.437280573663896,0.34094669575246384,31.694160890825035,27.160915601976473,-0.002891692811274549,0
2025-03-20,557.4041748046875,SPY,562.4115538615378,554.5554838320709,555.2750866351008,62958200,-1.61651611328125,-0.002891692811274549,565.7006483339309,582.1637951660156,563.0845072937012,41.60078386106931,9.596629489155067,325048200.0,-9.368341803432145,-0.22952219953578457,-9.13881960389636,537.823642536658,567.1660614013672,596.5084802660764,10.347029154815528,0.333655728219112,31.081681695288598,30.345464995884374,0.0003298107530131933,1
2025-03-21,557.5880126953125,SPY,558.4877328401925,551.7054963570508,552.9413292589383,83763000,0.183837890625,0.0003298107530131933,564.9280163683482,581.7112902832031,563.2961466979981,41.747521956632546,9.395601417296966,408811200.0,-8.85116250131182,0.23012568206763362,-9.081288183379453,538.0760282414344,565.4773834228515,592.8787386042686,9.69140622939007,0.35604050100249446,38.19387504216019,33.65657254275793,0.017908555198050014,1
2025-03-24,567.5736083984375,SPY,568.6314886589248,563.7375780431137,564.3307537296456,58766800,9.985595703125,0.017908555198050014,565.179977514071,581.44154296875,563.5548341369629,49.21231709131032,9.513306742033777,467578000.0,-7.548525356651339,1.2262102613824908,-8.77473561803383,539.1306921475486,564.4225341796875,589.7143762118264,8.962024193062101,0.5622942807950844,50.730794284978764,40.00211700747584,0.0024037742901859005,1
2025-03-25,568.9379272460938,SPY,569.8771119506348,567.1879685958952,568.7797068467552,38355700,1.36431884765625,0.0024037742901859005,565.5378774885493,581.3765075683593,563.7896891784668,50.152204919181706,9.025866500084193,505933700.0,-6.333083066216432,1.9533220414539194,-8.286405107670351,540.1298222618032,563.582275390625,587.0347285194468,8.322636872341912,0.6141810587159202,69.74986317386502,52.891510833667986,-0.0119382342651847,0
2025-03-26,562.1458129882812,SPY,569.7980806984394,560.7616559941828,568.6709866041082,51848300,-6.7921142578125,-0.0119382342651847,565.214823726619,581.1578869628906,563.9906327819824,45.62534007722722,9.026620657525084,454085400.0,-5.850462659049299,1.9487539588968419,-7.799216617946141,541.3195765660244,562.3876281738281,583.4556797816319,7.492359558554115,0.494261092813696,78.96606285013584,66.4822401029932,-0.0026557520973764515,0
2025-03-27,560.6528930664062,SPY,564.4296055114135,558.5371327368356,560.7517355574175,42164200,-1.492919921875,-0.0026557520973764515,564.7803541399321,580.8936376953125,564.1872843933105,44.67090054732073,8.802752951600283,411921200.0,-5.5247626453892735,1.8195631780454935,-7.344325823434767,541.5606980011432,561.586050415039,581.6114028289348,7.131712904583761,0.4767006010844218,76.59902789293663,75.10498463897916,-0.020138286127721727,0
2025-03-28,549.3623046875,SPY,559.8521002775326,548.7790253468997,559.1204968505267,71662700,-11.29058837890625,-0.020138286127721727,563.3119684777957,580.1948046875,564.319429473877,38.16800844928499,9.022118292165015,340258500.0,-6.107298030777542,0.9896222341257799,-7.096920264903322,542.4043621074036,559.7699676513672,577.1355731953308,6.204550635978089,0.2003368832282106,55.48290826264042,70.3493330019043,0.006712883545730408,1
2025-03-31,553.0501098632812,SPY,554.3551567474991,540.6719872727307,543.5984615291653,95328200,3.68780517578125,0.006712883545730408,562.3346486097468,579.5922021484375,564.4637159729004,41.179928676834926,9.35505051949383,435586700.0,-6.199917671623098,0.71760207462418,-6.917519746247278,542.63295903961,558.6513366699219,574.6697143002337,5.734660092570871,0.32516248099803446,45.46263951167922,59.18152522241875,0.002824358391568138,1
2025-04-01,554.6121215820312,SPY,556.559825628618,547.4047657676659,551.1320571376683,54609600,1.56201171875,0.002824358391568138,561.5991698452025,578.9037365722656,564.5942866516114,42.45846385991128,9.340765472455134,490196300.0,-6.077223661426615,0.6722368678565305,-6.749460529283145,542.5224831395806,557.9513641357422,573.3802451319038,5.5305469214366845,0.3917859773971395,38.99885859257602,46.64813545563188,0.006328434817011397,1
2025-04-02,558.1219482421875,SPY,560.9890444564371,548.52197624234,548.7592465118332,76014500,3.50982666015625,0.006328434817011397,561.2680058830106,578.1776330566406,564.7370863342285,45.333821786634616,9.56407281114385,566210800.0,-5.631853593238361,0.8940855488358279,-6.525939142074189,543.7406200318219,557.1213134765625,570.5020069213031,4.803511594716076,0.5373909905999055,49.954951801571916,44.80548330194238,-0.049280806450378245,0
2025-04-03,530.6172485351562,SPY,541.7594774009829,530.6172485351562,538.9319060881811,125986000,-27.50469970703125,-0.049280806450378245,558.3488861355959,576.8346057128906,564.7407514953613,31.88677356320849,10.845546160850093,440224800.0,-7.412843361535124,-0.7095233755687476,-6.703319985966377,538.189817120386,555.4261260986328,572.6624350768797,6.206517183235991,-0.219669089095199,35.8271543378668,41.593654910671574,-0.05854295896778716,0
2025-04-04,499.5533447265625,SPY,519.9099817661254,499.3358369172059,517.7349036725598,217965100,-31.06390380859375,-0.05854295896778716,552.749310763307,574.8050476074219,564.5680104064942,23.432775136459806,12.305250836357256,222259700.0,-11.201761080840129,-3.5987528758990006,-7.603008204941128,522.9511984788043,552.0195434570312,581.0878884352582,10.53163617946784,-0.40246277814866044,20.01933175872347,35.26714596605406,-0.0017811321197329644,0
2025-04-07,498.66357421875,SPY,517.2405945444942,476.3394695378794,483.6457288710085,256611400,-0.8897705078125,-0.0017811321197329644,547.598288235254,572.7927844238282,564.3840351867676,23.242691531150232,14.34781327708994,-34351700.0,-14.1136098064934,-5.208481281241816,-8.905128525251584,512.1058484130881,549.3245025634766,586.5431567138651,13.550698713312075,-0.1805851729622226,8.058260175828957,21.301582090806406,-0.01566283611567243,0
2025-04-08,490.85308837890625,SPY,519.0300496454024,483.61604333672847,515.9454154101668,165816600,-7.81048583984375,-0.01566283611567243,542.1939834870304,570.7938513183594,564.1682807922364,21.587288459969344,15.852541350774514,-200168300.0,-16.857192609468598,-6.36165126737361,-10.495541342094988,501.3463447112979,546.4686065673828,591.5908684234678,16.514127733528316,-0.11627582373706488,13.230373586236267,13.769321840262895,0.10501922561130206,1
2025-04-09,542.402099609375,SPY,542.402099609375,487.46190618546177,487.84750052411823,241867300,51.54901123046875,0.10501922561130206,542.2138040701109,569.7243737792969,564.2138511657715,47.94093332909005,18.64451649885585,41699000.0,-14.702446700429164,-3.3655242866673394,-11.336922413761824,500.93692941829175,546.0447692871094,591.152609155927,16.52166357264381,0.45962265441741396,36.66985502275926,19.319496261608155,-0.04381888652681143,0
2025-04-10,518.6346435546875,SPY,527.4535310578508,503.5475844453038,526.1385878330984,162331200,-23.7674560546875,-0.04381888652681143,539.9681697353086,568.2329699707032,564.149252166748,41.08475693388001,20.088087832085517,-120632200.0,-14.742685611379898,-2.724610558094458,-12.01807505328544,498.1358263673997,544.7997344970703,591.4636426267409,17.130664783729458,0.2196431675881632,43.78680060772877,31.229009738908093,0.01784282319934194,1
2025-04-11,527.8885498046875,SPY,530.3503195313269,514.1757514102393,517.0824330937988,97866300,9.25390625,0.01784282319934194,538.8177297419161,566.86296875,564.120687713623,44.417781061910254,19.808550709871383,-22765900.0,-13.868000662849681,-1.479940487651394,-12.388060175198287,496.4704591326256,543.4560363769531,590.4416136212806,17.291399524261518,0.3343376043747018,56.98486022325559,45.813838617914534,0.009701435762081934,1
2025-04-14,533.0098266601562,SPY,538.111379094838,527.8094317224818,537.8839447885014,68034000,5.12127685546875,0.009701435762081934,538.2645961150819,565.6588708496093,564.1143992614747,46.23071866892144,19.12950761433458,45268100.0,-12.6161313880624,-0.18245697029128927,-12.43367441777111,495.5270615859123,542.154507446289,588.7819533066657,17.200796164180588,0.40193886221522834,53.654881458569946,51.47551409651809,-0.002800809313541208,0
2025-04-15,531.5169677734375,SPY,537.0732685211545,530.726046664157,533.5536182929557,56892900,-1.49285888671875,-0.002800809313541208,537.621964844449,564.5047583007813,564.0964360046387,45.762144298520695,18.21648720309622,-11624800.0,-11.610637008317099,0.6584299275632084,-12.269066935880307,494.5120166803834,541.0804473876954,587.6488780950073,17.213126414802673,0.39731799559270714,59.46163763913438,56.7004597736533,-0.022228145001581212,0
2025-04-16,519.7023315429688,SPY,531.7937621429162,514.3931980244283,525.6541223320015,83484800,-11.81463623046875,-0.022228145001581212,535.9153331014509,563.0352990722656,564.0299278259278,42.123353373155965,18.158206982767055,-95109600.0,-11.633019663558912,0.5088378178571169,-12.141857481416029,492.4219849976856,539.1145294189453,585.8070738402049,17.321938799009782,0.2921274357974597,58.166904565422605,57.09447455437564,0.0014268092873082061,1
2025-04-17,520.44384765625,SPY,525.1499093262158,517.9721816819745,521.6599483491107,79868100,0.74151611328125,0.0014268092873082061,534.441858297146,561.532568359375,563.9616426086426,42.43274685920085,17.373887030015222,-15241500.0,-11.458833624713861,0.5464190853617339,-12.005252710075595,490.69023484469255,537.2665130615235,583.8427912783544,17.33823980632025,0.319407367340974,55.32205587085807,57.650199358471674,-0.023802760939665157,0
2025-04-21,508.05584716796875,SPY,515.7872249375157,502.6972625032136,515.2533065114334,69368100,-12.38800048828125,-0.023802760939665157,531.928904856272,559.7406787109375,563.8134446716308,38.70974369068892,17.400508324516736,-84609600.0,-12.179994646054752,-0.13979354878332373,-12.040201097271428,487.53659517377446,534.7899047851563,582.0432143965381,17.671728351104584,0.21711973365408302,46.932158398596904,53.473706278292525,0.026017820546812453,1
2025-04-22,521.2743530273438,SPY,523.3011070538847,513.305704354498,514.2449494916972,75948100,13.218505859375,0.026017820546812453,530.9141856344693,558.3225708007812,563.7193424987793,44.32322367639898,17.246562007473827,-8661500.0,-11.551735780590434,0.39077225334479593,-11.94250803393523,487.38593180243885,532.4749420166015,577.5639522307641,16.935636461464455,0.3757946899249123,47.55118945925195,49.93513457623564,0.01549547283731667,1
2025-04-23,529.3517456054688,SPY,539.2483058984949,527.8292210770832,534.3049739114415,90590700,8.077392578125,0.01549547283731667,530.7653818221835,556.9855786132813,563.6500553894043,47.48820472407493,17.29851849773649,81929200.0,-10.283516056053259,1.3271935823055774,-11.610709638358836,488.6221425484168,530.4956329345703,572.3691233207237,15.786554228361767,0.4863411514235777,56.93224915722436,50.47186567169107,0.021049017174072926,1
2025-04-24,540.4940795898438,SPY,541.2256831290485,529.3814780255258,530.6370434198044,64150400,11.142333984375,0.021049017174072926,531.6919244667225,555.8623645019532,563.6333448791504,51.577373524437334,16.911048428153872,146079600.0,-8.283858392137404,2.6614809969771454,-10.94533938911455,489.81066970534425,529.4130462646484,569.0154228239526,14.96086159520418,0.6399036407398632,76.8135655209985,60.4323347124916,0.007225263975707552,1
2025-04-25,544.3992919921875,SPY,544.804618673288,537.5280483044934,540.454522631326,61119600,3.90521240234375,0.007225263975707552,532.9021499453382,554.8556970214844,563.6335166931152,52.9599807876253,16.222871423913926,207199200.0,-6.311245177291312,3.707275369458591,-10.018520546749903,490.9780544767032,528.6003662109375,566.2226779451718,14.234689999901029,0.7099675040286512,92.25508817973406,75.33363428598562,0.00038130205064490497,1
2025-04-28,544.6068725585938,SPY,547.2762839575454,538.8429907853031,545.1407910444296,47613800,0.20758056640625,0.00038130205064490497,534.016885432315,553.7276037597657,563.6077928161621,53.036740870714155,15.666472977365954,254813000.0,-4.677268337829105,4.273001767136638,-8.950270104965742,491.2109831978362,528.3625946044922,565.5142060111482,14.062922616414957,0.7186214451951238,97.44218877143261,88.8369474907217,0.006299340378101537,1
2025-04-29,548.0375366210938,SPY,549.1547344204944,542.3329124899421,542.6888178923871,47775100,3.4306640625,0.006299340378101537,535.352185545532,552.6687145996094,563.6229240417481,54.3622073839726,15.034712188307832,302588100.0,-3.0701136428050404,4.704125169728562,-7.774238812533603,491.56724049606385,528.1119659423828,564.6566913887017,13.839764217842383,0.7726189680639405,97.80128705429347,95.83285466848672,0.00039692408336877705,1
2025-04-30,548.2550659179688,SPY,550.2126665027023,535.3826699025942,541.3640897959557,93101500,0.217529296875,0.00039692408336877705,536.581031295288,551.5788879394531,563.6219541931152,54.44999297279908,15.020089646293563,395689600.0,-1.7586070444707502,4.812505414450282,-6.571112458921032,492.07562940188893,527.7941131591797,563.5125969164704,13.535006498459472,0.7864196713643063,96.62531727671804,97.2895977008147,0.007086803603094882,1
2025-05-01,552.1404418945312,SPY,557.6770094036193,551.5373699314374,554.0189320097116,63186100,3.8853759765625,0.007086803603094882,538.0628799237874,550.5383801269531,563.6328703308105,56.07519882762073,14.620222063390493,458875700.0,-0.4010877565405053,4.936019761904421,-5.337107518444927,492.7093291936823,527.4950378417968,562.2807464899113,13.189018342404655,0.8542461115575164,94.66632440852369,96.36430957984506,0.014844241310975725,1
2025-05-02,560.3365478515625,SPY,561.9381825044319,556.006184429092,558.3295262045715,60717300,8.19610595703125,0.014844241310975725,540.1841816311945,549.7120654296875,563.6684605407714,59.368573889832604,14.275759102426932,519593000.0,1.3208869500233504,5.3263955747746214,-4.005508624751271,491.3648297612467,528.9810028076172,566.5971758539877,14.22212625660243,0.9167827626336746,94.36876063336524,95.22013410620231,-0.0057344033922135385,0
2025-05-05,557.1233520507812,SPY,560.2277786911415,555.3338684753841,556.1940033222468,38659200,-3.21319580078125,-0.0057344033922135385,541.7974359568694,549.0273010253907,563.7267680358887,57.546912204974106,13.613396264837753,480933800.0,2.3986362778953207,5.123315922117273,-2.7246796442219527,494.88607529137266,531.8595031738281,568.8329310562835,13.903456706825592,0.8416487234733961,93.03288951888636,94.02265818692509,-0.008358212160090583,0
2025-05-06,552.466796875,SPY,556.9652171268149,550.64768441023,551.6066618961361,48264700,-4.65655517578125,-0.008358212160090583,542.81356556812,548.3032250976562,563.7827513122559,54.91706410328129,13.103558505960146,432669100.0,2.844228799636994,4.455126755087157,-1.6108979554501635,499.87078496205527,534.5496643066406,569.2285436512259,12.974988727966732,0.7583291748030053,91.06031735292363,92.8206558350584,0.00420532643010918,1
2025-05-07,554.7901000976562,SPY,557.4298221355041,549.7379696101782,553.8014338302406,55588000,2.32330322265625,0.00420532643010918,543.9541879042663,547.6841650390625,563.8683229064941,55.9975311068778,12.717008078771986,488257100.0,3.3462616159183654,3.965727657094823,-0.6194660411764576,508.39004786124985,537.7465148925781,567.1029819239064,10.918329070786308,0.7902867226306511,87.9394746686258,90.67756051347858,0.006967901293785772,1
2025-05-08,558.6558227539062,SPY,563.8463212534109,555.333918196641,558.8337754612519,65130800,3.86572265625,0.006967901293785772,545.354343604232,547.1365063476562,563.9455061340332,57.809390927092835,12.455523298556463,553387900.0,4.009834870587156,3.703440729410891,0.30639414117626507,507.8628615508061,538.5592010498046,569.2555405488032,11.39942997507523,0.8273455733175815,87.81923118568795,88.93967440241245,-0.0012742246627532872,0
2025-05-09,557.9439697265625,SPY,561.068128702691,556.381860066797,560.0596697605964,37603400,-0.71185302734375,-0.0012742246627532872,546.5533556158825,546.7616967773438,564.0233909606934,57.34116186591572,11.900576536937713,515784500.0,4.427246325817805,3.2966817477132317,1.1305645781045732,510.1508417769551,540.5246673583985,570.8984929398418,11.238645492307873,0.7867485743844892,89.25572425475461,88.33814336968946,0.03304740194942668,1
2025-05-12,576.382568359375,SPY,576.3924646775216,570.4999916854949,574.8797762427796,78993600,18.4385986328125,0.03304740194942668,549.3942330200247,546.5756689453125,564.254925994873,65.20299903259166,12.3682849950821,594778100.0,6.17471050417646,4.035316740857509,2.139393763318951,509.4191416008112,542.9493682861328,576.4795949714543,12.351143087674135,0.9985531470903871,93.27097259408815,90.11530934484358,0.006603941016484205,1
2025-05-13,580.18896484375,SPY,582.403567726764,576.2342995973956,576.7977862928067,67947200,3.806396484375,0.006603941016484205,552.3270646222842,546.6709936523438,564.5193019104004,66.57258292014546,11.925498076102546,662725300.0,7.777083463134886,4.510151759852748,3.266931703282138,508.4353540161479,545.3083251953125,582.181296374477,13.523714740998242,0.9729838487784677,94.70814490107034,92.4116139166377,0.0012780596636838837,1
2025-05-14,580.9304809570312,SPY,582.3046813078995,578.9036666864055,581.1479585868793,66283500,0.74151611328125,0.0012780596636838837,555.0511995113077,546.9173718261719,564.757857208252,66.84634262277116,11.316606400773365,729008800.0,9.003028423342585,4.588877376048357,4.414151047294228,508.3969448004605,547.7790008544922,587.161056908524,14.378811890415225,0.9208957508091448,97.55667746694745,95.17859832070197,0.004884342398821628,1
2025-05-15,583.7679443359375,SPY,584.2721134769878,578.4686469334371,578.9234551699535,71268100,2.83746337890625,0.004884342398821628,557.7861275898439,547.098271484375,565.0090324401856,67.92871672826797,10.922810696686033,800276900.0,10.087278352040926,4.538501843797357,5.548776508243568,510.84148864853387,550.9822814941406,591.1230743397473,14.570629290202897,0.9083833491767367,97.21972241553176,96.49484826118317,0.006334078244299102,1
2025-05-16,587.465576171875,SPY,587.7621640177526,582.6013544692614,584.5489982766968,76052100,3.6976318359375,0.006334078244299102,560.6127417405135,547.5571630859375,565.2922114562988,69.3337441149081,10.511239186100688,876329000.0,11.11677495714116,4.4543987591180745,6.662376198023086,513.7618126231881,554.3333679199219,594.9049232166557,14.637962513053942,0.9083181925074045,98.42323117062551,97.73321035103488,0.001093917986384696,1
2025-05-19,588.1082153320312,SPY,588.7903975982244,581.4347167753893,581.4347167753893,68168500,0.64263916015625,0.001093917986384696,563.231358273039,547.9656274414062,565.5354615783691,69.58315238849501,10.285842160153146,944497500.0,11.84793838465771,4.148449749307698,7.699488635350011,521.1635024070586,558.335986328125,595.5084702491915,13.315453358301292,0.9004605808307796,99.04173922618048,98.22823093744591,-0.0033623352652387695,0
2025-05-20,586.1307983398438,SPY,587.317209981726,582.917632829089,586.3681289429425,60614500,-1.9774169921875,-0.0033623352652387695,565.4122573270204,548.6369555664063,565.8070207214355,67.75706955197111,9.921895041780937,883883000.0,12.12802531698594,3.5428293453087427,8.585195971677198,526.6570767030597,561.57880859375,596.5005404844402,12.436983503041285,0.8515288105261339,97.11537697953791,98.19344912544797,-0.01685069102724135,0
2025-05-21,576.2540893554688,SPY,585.8639582409971,575.2258980125081,581.7708648204313,95197700,-9.876708984375,-0.01685069102724135,566.4448127583012,549.2026171875,566.0787046813965,59.37555107105734,9.992109705034846,788685300.0,11.42136991402242,2.268939153876177,9.152430760146244,531.7853957111029,563.92392578125,596.0624558513971,11.39817929364248,0.6918283684304535,86.60371122278654,94.25360914283499,0.0003946470773714683,1
2025-05-22,576.4815063476562,SPY,579.971467292194,574.8204937262445,576.0563267018498,70860400,0.2274169921875,0.0003946470773714683,567.4006883382397,549.7146704101563,566.427526397705,59.49977944981628,9.646314266528748,859545700.0,10.755705983282155,1.2826201785087292,9.473085804773426,535.0364726883034,565.7232971191406,596.4101215499778,10.848704512296083,0.6752903636667061,76.52318505426975,86.74742441886474,-0.006825886893621624,0
2025-05-23,572.5465087890625,SPY,575.215919785119,569.0762805285291,569.4519785383726,76029000,-3.93499755859375,-0.006825886893621624,567.8907664764132,550.2948937988281,566.7333145141602,56.292127512715034,9.486236520285779,783516700.0,9.797699326509246,0.2596908173886554,9.53800850912059,537.9394411278454,567.1306579589843,596.3218747901233,10.29435331046769,0.5927650748752097,64.92826829694773,76.01838819133467,0.0207906699378142,1
2025-05-27,584.4501342773438,SPY,584.6082943415249,571.8742669840636,579.4276923460704,72588500,11.90362548828125,0.0207906699378142,569.4678491241208,550.8886462402344,567.1157113647461,62.82165052869855,9.718221580084029,856105200.0,9.885046579367668,0.27763045619766125,9.607416123170006,540.9309613106909,569.1228210449219,597.3146807791529,9.90712678942311,0.771839342578226,71.92403044211983,71.12516126444577,-0.005785310649501829,0
2025-05-28,581.0689086914062,SPY,586.051826179252,580.3373051792158,584.8555180607121,68445500,-3.3812255859375,-0.005785310649501829,570.5727119400527,551.3292163085938,567.4224871826171,60.07625926167818,9.432242967223464,787659700.0,9.571103536098008,-0.029050069657600375,9.600153605755608,543.8765421875191,570.7743896484375,597.6722371093558,9.425036563916539,0.6913632504966496,74.73725884750843,70.52985252885865,0.003947277340796251,1
2025-05-29,583.362548828125,SPY,586.4768718669775,579.4276761926377,586.3384441000501,69973300,2.29364013671875,0.003947277340796251,571.7907916436786,551.93650390625,567.7292730712891,61.31139253154738,9.262025303446059,857633000.0,9.399032803290424,-0.1608966419721476,9.559929445262572,547.2031531537697,572.5297637939453,597.856374434121,8.847264279273613,0.7138617201504964,83.01955015828999,76.56027981597275,-0.0011183521919033712,0
2025-05-30,582.7101440429688,SPY,584.4304140423015,576.6298211275496,582.2553357440712,90601200,-0.65240478515625,-0.0011183521919033712,572.8307299674206,552.41029296875,568.0314251708984,60.73581478193377,9.157637275682196,767031800.0,9.105064379587816,-0.3638920525398053,9.468956432127621,550.1903776405284,574.0582489013672,597.926120162206,8.315487603049737,0.6812456386882977,76.44348684550276,78.06676528376705,0.00563279639321701,1
2025-06-02,585.992431640625,SPY,586.0714814983527,578.4291102147669,581.0985213264464,61630500,3.28228759765625,0.00563279639321701,574.0842253648686,552.9820581054687,568.3070422363281,62.636268245774076,9.049403990532456,828662300.0,9.032820729154196,-0.3489085623787407,9.381729291532936,551.8055175520789,575.3410430908203,598.8765686295618,8.181417203370374,0.7262832102956779,79.40565383587307,79.62289694655527,0.005702694539053699,1
2025-06-03,589.3341674804688,SPY,590.3129375391912,585.1421713516531,585.6266685650614,63606200,3.34173583984375,0.005702694539053699,575.5366008044497,553.6169812011718,568.5909948730468,64.51919852550789,8.772358433175718,892268500.0,9.139858668555235,-0.19349649838216187,9.333355166937396,554.2286824465729,576.9515838623047,599.6744852780365,7.876883278009989,0.772469245709775,83.45209908881885,79.76707992339823,-0.0002684438366713504,0
2025-06-04,589.1759643554688,SPY,591.1730898063917,588.7409487228937,590.1943197189499,57314200,-0.158203125,-0.0002684438366713504,576.8355878093085,554.0490283203125,568.8285168457031,64.3538553824505,8.319485765341595,834954300.0,9.106942176136727,-0.18113039264053654,9.288072568777263,558.4685591260276,578.7870422363281,599.1055253466287,7.021056667679927,0.7556520106039283,90.72011844381701,84.5259571228363,-0.004832872149647116,0
2025-06-05,586.3285522460938,SPY,592.2111289512687,584.3512195951713,590.8566609128592,92278700,-2.847412109375,-0.004832872149647116,577.739679660431,554.3968408203125,569.0457293701172,61.30850074598329,8.286658878967012,742675600.0,8.750226098694611,-0.4302771760661219,9.180503274760733,563.0695077979649,580.36396484375,597.658421889535,5.959865909469832,0.672442169955184,86.97523902960495,87.0491521874136,0.010269083956155445,1
2025-06-06,592.349609375,SPY,594.0204580272924,590.0954209877331,591.8750084630755,66588700,6.02105712890625,0.010269083956155445,579.131101538009,555.0009167480468,569.2670932006836,65.07240909041245,8.244176514840703,809264300.0,8.851342263703259,-0.26332880884598,9.114671072549239,567.1413411940173,582.0486541748047,596.9559671555921,5.122359745654651,0.845500064749133,86.27874547073162,87.9913676480512,0.000901179756201298,1
2025-06-09,592.8834228515625,SPY,594.4356362447949,591.7069074945726,592.9229477814916,53016400,0.5338134765625,0.000901179756201298,580.4408464250141,555.64552734375,569.4955822753906,65.39383319797798,7.850215960225097,862280700.0,8.872277744234111,-0.19391466265210333,9.066192406886215,572.9655018804219,583.7956268310547,594.6257517816875,3.7102453163003735,0.919560995922617,87.25114575578918,86.8350434187086,0.005669767615193333,1
2025-06-10,596.2449340820312,SPY,596.6304681071312,592.3001649023746,593.4173023897237,66247000,3.36151123046875,0.005669767615193333,581.9459976304444,556.5831799316406,569.731477355957,67.42666636912682,7.598793620548773,928527700.0,9.055726349995325,-0.00837284551271189,9.064099195508037,573.2408953714449,584.7887451171875,596.3365948629302,3.9494090275039415,0.996031261970104,95.26053099655049,89.59680740769043,-0.0028521190306726174,0
2025-06-11,594.5443725585938,SPY,598.2024500657004,592.4780937113569,597.3423151819753,73658200,-1.7005615234375,-0.0028521190306726174,583.1458428616967,557.4130651855469,569.9804156494141,65.33572702050633,7.464905244391255,854869500.0,8.960597399932908,-0.08280143646010352,9.043398836393012,573.4195425946298,585.5065155029297,597.5934884112296,4.128723622457941,0.873867680693564,93.30684196999879,91.9395062407795,0.003974329163849877,1
2025-06-12,596.9072875976562,SPY,596.9072875976562,592.7252483956809,593.2096852350186,64129000,2.3629150390625,0.003974329163849877,584.4564566460738,558.2589685058593,570.2122274780273,66.8729367524639,7.230414812790122,918998500.0,8.972445748157497,-0.05676247058841177,9.029208218745909,573.4465132346417,586.3053558349609,599.1641984352801,4.386397795055746,0.912242846896351,93.86488849576176,94.14408715410367,-0.01118006439646746,0
2025-06-13,590.2338256835938,SPY,595.0288334634262,588.731033484191,591.7168252456129,89506000,-6.6734619140625,-0.01118006439646746,585.0066822686947,558.9012060546875,570.4172338867188,58.92525831202932,7.2979747628383445,829492500.0,8.347122611904979,-0.5456684854727456,8.892791097377724,573.7162279586876,586.6286499023438,599.541071846,4.402247297606675,0.63960106775403,84.24244398078208,90.47139148218088,0.009514299887150468,1
2025-06-16,595.8494873046875,SPY,597.599446226556,593.4173461203459,593.5953591830877,79984100,5.61566162109375,0.009514299887150468,586.0393303673607,560.2058508300781,570.6465481567383,62.91896501383862,7.302806604275765,909476600.0,8.210046180205723,-0.5461959337376019,8.756242113943324,573.5240730505124,587.0478454589844,600.5716178674564,4.607383371928894,0.8254137077975842,84.79319431106978,87.63350892920454,-0.008545236528975764,0
2025-06-17,590.7578125,SPY,594.9299553868199,589.9965201271316,593.4074309844862,82209400,-5.0916748046875,-0.008545236528975764,586.4887096180883,562.0299401855468,570.8663681030273,57.46343074553215,7.199246645224347,827267200.0,7.60291484695972,-0.9226618135868829,8.525576660546603,573.5659905653584,587.1803253173828,600.7946600694071,4.63719037066356,0.6313867790009091,74.77222319571574,81.26928716252253,-0.00015063576973428638,0
2025-06-18,590.6688232421875,SPY,594.4059506456396,589.7097855095001,591.6574895866379,76605000,-0.0889892578125,-0.00015063576973428638,586.8868156775262,563.8700451660156,571.0854983520508,57.36980383506152,7.020455108861142,750662200.0,7.033500387560252,-1.193661018389081,8.227161405949333,573.7193561576858,587.4072265625,601.0950969673142,4.6604365032808674,0.6191418600274131,73.22034447769406,77.59525399482652,-0.002348536060589046,0
2025-06-20,589.2816162109375,SPY,594.4180406328666,587.8735160730708,593.3471074282096,94051400,-1.38720703125,-0.002348536060589046,587.1148919188036,565.8386157226563,571.271591796875,55.842373571447595,6.986460069642184,656610800.0,6.396563707332007,-1.4644781588938613,7.861041866225868,575.3509357291804,588.0586029052735,600.7662700813665,4.321905032359531,0.5481210787438977,61.81757924204138,69.93671563848373,0.009877480504495662,1
2025-06-23,595.1022338867188,SPY,595.4889076465048,586.9116980815279,590.0351674928282,87426000,5.82061767578125,0.009877480504495662,587.8755911538431,566.8926184082031,571.5435928344726,60.584348090665806,7.100085033594663,744036800.0,6.288966707416876,-1.2576601270471945,7.54662683446407,577.1096475037282,588.9896392822266,600.8696310607249,4.034024025609671,0.757264260719245,65.86004614336578,66.96598995436706,0.011047311555559824,1
2025-06-24,601.676513671875,SPY,602.7374608387837,598.3348024442159,599.2471080685161,67735300,6.57427978515625,0.011047311555559824,589.1899647269889,568.5534558105469,571.8539987182617,65.13809048108914,7.138309456342541,811772100.0,6.657441898807292,-0.7113479485254235,7.368789847332716,579.921659440151,590.4461395263672,600.9706196125835,3.5649246837852466,1.0335358161880126,75.57732032602733,67.75164857047815,0.0005602631319470142,1
2025-06-25,602.0136108398438,SPY,603.4910690166892,600.4468830082857,602.7969444947229,62114800,0.33709716796875,0.0005602631319470142,590.4112643567846,570.03595703125,572.1726519775391,65.35908459634071,6.845872067204036,873886900.0,6.897155946500334,-0.37730712066590577,7.27446306716624,580.0437643109436,591.3243133544922,602.6048623980408,3.8153509973421444,0.9737933164460986,88.04271539265642,76.49336062068318,0.007823779874487347,1
2025-06-26,606.7236328125,SPY,607.1599344481853,603.2530708764845,603.8678512919777,78548400,4.71002197265625,0.007823779874487347,591.9648232573289,571.5102331542969,572.5601525878906,68.37559237566892,6.724475748713855,952435300.0,7.382094278591353,0.0861049691400897,7.295989309451263,580.480125753586,592.6070495605469,604.7339733675078,4.092736937892908,1.0820347961553989,94.78520879202631,86.13508150357,0.0049684323619594295,1
2025-06-27,609.7380981445312,SPY,611.2056913389495,605.692457719191,607.7252035075089,86258400,3.01446533203125,0.0049684323619594295,593.6575161037292,573.0746557617188,572.9330990600586,70.1661816340997,6.637958453788471,1038693700.0,7.918375456675562,0.4979089177794389,7.4204665388961235,580.4459163678564,593.9258270263672,607.405737684878,4.5392572759468,1.086512459864884,94.69499565397889,92.50763994622052,0.004781205589738269,1
2025-06-30,612.6533813476562,SPY,614.0118537505704,609.867018033134,612.1873634601734,92502500,2.915283203125,0.004781205589738269,595.4666461269603,574.9336767578125,573.3089672851562,71.82750446884008,6.469086821806374,1131196200.0,8.48085908013411,0.8483140329903884,7.632545047143721,580.6673809416345,595.4229888916016,610.1785968415686,4.956344724759474,1.083859116970276,95.59716013860839,95.02578819487117,-0.0003236793082248557,0
2025-07-01,612.455078125,SPY,613.625146088841,610.3429883405835,611.1758893553448,70030100,-0.19830322265625,-0.0003236793082248557,597.0845920315355,576.7739013671875,573.656273803711,71.53569344818372,6.2414490308386,1061166100.0,8.809084350493777,0.9412314426800439,7.867852907813733,580.9045120771733,596.7461212158203,612.5877303544672,5.309329570964284,0.995813170609556,94.40057251779207,94.89757610345977,0.0045332765158159205,1
2025-07-02,615.2315063476562,SPY,615.2711481262035,611.4237773441516,612.0484833566157,66510400,2.77642822265625,0.0045332765158159205,598.8128695854518,578.9174145507812,573.9945935058594,73.17867434097761,6.070443441639545,1127676500.0,9.187333929357806,1.0555848172352587,8.131749112122547,580.674228543261,598.0409881591797,615.4077477750984,5.807882723682543,0.9949258977684986,96.36763522725367,95.4551226278847,0.007881385954874975,1
2025-07-03,620.0803833007812,SPY,621.0124795190609,617.194824993195,617.214676143094,51065800,4.848876953125,0.007881385954874975,600.8383470821499,580.89353515625,574.3428585815429,75.80526377527687,6.0497669937656235,1178742300.0,9.765789351459489,1.307232191469554,8.458557159989935,580.2605068763298,599.5862091064453,618.9119113365607,6.4463464758191344,1.0302310350823811,97.1274442749338,95.96521733999316,-0.0074520170832973465,0
2025-07-07,615.4595336914062,SPY,618.7813935886118,612.6731706581298,618.1169852960921,74814500,-4.620849609375,-0.0074520170832973465,602.2308410449363,582.6156909179688,574.6639547729492,68.88240300892365,6.146727397257466,1103927800.0,9.739089336102325,1.0244257408899102,8.714663595212414,581.5431166569302,601.042758178711,620.5423997004917,6.488603766184243,0.8696677063676271,93.61431129310618,95.70313026509787,-0.0005477162177452977,0
2025-07-08,615.1224365234375,SPY,616.8775081543645,614.3093261623386,616.1238907210633,59024600,-0.33709716796875,-0.0005477162177452977,603.4586120428888,584.1082580566406,574.9822390747071,68.39171249149877,5.891117011169495,1044903200.0,9.58029280541632,0.6925033681631234,8.887789437253197,582.1918196468973,602.1813995361329,622.1709794253684,6.639055907284326,0.8236945713469808,87.90341988278992,92.88172515027662,0.005996626767211355,1
2025-07-09,618.8110961914062,SPY,619.4655183729625,615.6875662931247,617.5319680301938,66113300,3.68865966796875,0.005996626767211355,604.9207533903666,585.596494140625,575.327144165039,70.83959772987404,5.780543071052031,1111016500.0,9.640954496421614,0.6025320473347335,9.03842244908688,582.7201400376817,603.477783203125,624.2354263685683,6.8793396354266205,0.8693413762360006,86.66269845269589,89.393476542864,0.0028203102183428364,1
2025-07-10,620.5563354492188,SPY,621.5974919629854,617.7699723301522,618.9499658515675,57529000,1.7452392578125,0.0028203102183428364,606.4098564435906,587.1154833984375,575.6338632202148,71.94659546047296,5.641041396893542,1168545500.0,9.717834400294691,0.5435295609662489,9.174304839328443,582.9484256904985,604.6933532714844,626.4382808524703,7.192051132476467,0.8647513223176981,91.09011362626192,88.55207732058257,-0.0035154238705955576,0
2025-07-11,618.3748168945312,SPY,619.6043777491163,616.3024294765994,617.5022136064131,63670200,-2.1815185546875,-0.0035154238705955576,607.5493764865373,588.5222290039062,575.9345080566407,68.44869832032292,5.5419602951596705,1104875300.0,9.493299119476205,0.2551954241182095,9.238103695357996,583.884895892803,605.8848754882813,627.8848550837596,7.26209895163617,0.7838625679638594,93.7505822152455,90.5011314314011,0.0019082159291465839,1
2025-07-14,619.5548095703125,SPY,619.9018415613931,616.5701165685465,617.9186632768227,51898500,1.17999267578125,0.0019082159291465839,608.6927510659445,589.9482238769531,576.2340780639648,69.31764000503598,5.384086344994452,1156773800.0,9.303325889330495,0.05217775517799872,9.251148134152496,584.6537992062757,607.0172515869141,629.3807039675524,7.368308667397508,0.7803135618329904,92.97544336100184,92.60537973416974,-0.004273265144196681,0
2025-07-15,616.9072875976562,SPY,622.5791484786782,616.8279435196437,622.2420420602726,74317300,-2.64752197265625,-0.004273265144196681,609.4750878784885,591.2435607910156,576.5124041748047,64.99267397508721,5.410309103140174,1082456500.0,8.837267322145976,-0.3311046496052157,9.168371971751192,586.9912628846257,608.3509246826172,629.7105864806088,7.022151502156447,0.7002925653964143,85.43363203751103,90.71988587125277,0.0033431911185151097,1
2025-07-16,618.9697265625,SPY,619.4754466932056,612.8516386863737,618.4937831556223,88987500,2.06243896484375,0.0033431911185151097,610.3793391817277,592.4162243652344,576.8072317504883,66.73394528793627,5.4969875962610155,1171444000.0,8.535937167591328,-0.5059478433278919,9.04188501091922,588.4787579116951,609.5069366455078,630.5351153793206,6.900062155008038,0.7250026033347399,82.30517166181586,86.90474902010958,0.006119689977517551,1
2025-07-17,622.7576293945312,SPY,623.1146474859103,618.9301097920578,619.1482908768893,68885700,3.78790283203125,0.006119689977517551,611.5582239638995,593.7289099121094,577.1098977661132,69.71354770524728,5.403241174660405,1240329700.0,8.504745538314864,-0.42971157808348437,8.934457116398349,591.1882262657717,611.1069274902344,631.0256287146971,6.51889230130875,0.7924563648253413,84.54907946484082,84.09596105472257,-0.0007325109099923788,0
2025-07-18,622.3014526367188,SPY,624.1755098834977,621.190877778705,624.0069566966004,65621600,-0.4561767578125,-0.0007325109099923788,612.5813885994062,595.1256030273438,577.4143594360352,68.91301828015138,5.230483383955568,1174708100.0,8.346997306340427,-0.4699678480463376,8.816965154386764,594.5703724158959,612.6885589599609,630.8067455040259,5.91432181296828,0.765282997649308,88.7256115457244,85.19328755746035,0.001896273431369222,1
2025-07-21,623.4815063476562,SPY,626.2281670376054,623.0551302914085,623.4815063476562,63375000,1.1800537109375,0.001896273431369222,613.6194950516204,596.4994311523437,577.7134729003906,69.87666204092719,5.137357028022077,1238083100.0,8.222418249041198,-0.4756375242764541,8.698055773317652,599.2231487709279,614.3985534667969,629.5739581626659,4.939922013240587,0.7992655900416241,89.18751811313744,87.4874030412342,0.0001431211632245688,1
2025-07-22,623.5707397460938,SPY,624.4334174667899,620.9232136557434,623.8087114591411,60046300,0.0892333984375,0.0001431211632245688,614.5672326415703,597.7977294921875,578.0382803344727,69.95251219466458,5.021131798238107,1298129400.0,8.038229136228551,-0.5278613096712803,8.566090445899832,602.9944864176954,615.8219787597657,628.649471101836,4.165974188808333,0.8020372485787612,83.88716779938625,87.26676581941602,0.008507541122114937,1
2025-07-23,628.8757934570312,SPY,628.8757934570312,624.4334327911965,626.2381323551606,70511000,5.3050537109375,0.008507541122114937,615.9299527192333,599.2163659667968,578.3884338378906,74.12405435022171,5.041411934859492,1368640400.0,8.225512843743672,-0.27246208172492814,8.4979749254686,604.8852712198199,617.1819427490234,629.4786142782269,3.984780071313256,0.9754884555644171,88.25300701891551,87.1092309771464,0.00033095546843742163,1
2025-07-24,629.0839233398438,SPY,630.7994135925716,628.6575473006669,629.2624021105368,71307100,0.2081298828125,0.00033095546843742163,617.182711825958,600.2703930664062,578.744736328125,74.27494907251501,4.834301531791289,1439947500.0,8.29511000873083,-0.16229193339021641,8.457401942121047,607.3017643099992,618.5354583740234,629.7691524380476,3.6323524906898097,0.9695011679017361,90.86186981946396,87.66734821258855,0.004224350050175074,1
2025-07-25,631.7413940429688,SPY,632.2173979677802,629.5004535059064,629.748350781943,56865400,2.657470703125,0.004224350050175074,618.5692529894828,601.3014416503906,579.0889804077149,76.1846017954458,4.712813895801661,1496812900.0,8.467098498827681,0.007757245365306531,8.459341253462375,608.5208015613059,619.7863464355469,631.0518913097878,3.6352994669954355,1.0306022807098079,96.02596948222994,91.71361544020313,-0.0002510035553040524,0
2025-07-28,631.5828247070312,SPY,632.6735486135409,630.1945756243812,632.1182610848412,54917100,-0.1585693359375,-0.0002510035553040524,619.8086407721065,602.3144885253906,579.4578756713868,75.82291385473862,4.553253831041523,1441895800.0,8.49270675915568,0.02669240455464461,8.466014354601036,609.4865459964394,620.8785827636718,632.2706195309042,3.6696504223173116,0.969812473488001,94.19176361186165,93.69320097118516,-0.0026376486020820433,0
2025-07-29,629.9169311523438,SPY,633.2982235137306,629.0046860832861,632.9809077241022,60556300,-1.6658935546875,-0.0026376486020820433,620.7713350940338,603.2374682617187,579.7920642089844,71.95784107859261,4.53470265957031,1381339500.0,8.28309543443288,-0.14633513613452465,8.429430570567405,610.357307661024,621.7417602539062,633.1262128467885,3.6621161133628988,0.85904980198823,91.83407230977575,94.01726846795577,-0.001259331011043141,0
2025-07-30,629.1236572265625,SPY,632.3165451544952,626.2281734095909,630.5713386132512,80418900,-0.79327392578125,-0.001259331011043141,621.5667943447509,604.0706298828125,580.102785949707,70.12472901037535,4.645679022808452,1300920600.0,7.961194676716673,-0.374588715080586,8.335783391797259,611.5989725047988,622.5751892089844,633.55140591317,3.5260694272547215,0.7983026025297469,85.8477489852491,90.62452830229547,-0.0037512265266995692,0
2025-07-31,626.763671875,SPY,634.4682782312485,625.4646925404661,634.0816044685715,103385200,-2.3599853515625,-0.0037512265266995692,622.0617350619175,604.8437390136719,580.4066690063477,64.83322276553287,4.956958070520878,1197535400.0,7.430006423375971,-0.7246215747370304,8.154627998113002,612.5749280744676,623.1517974853516,633.7286668962356,3.3946365728432744,0.6707440192998713,75.80128249940738,84.49436793147741,-0.016390369519761472,0
2025-08-01,616.4907836914062,SPY,621.0719812920488,614.0812292944926,621.0322789916852,140103600,-10.27288818359375,-0.016390369519761472,621.5311682647259,605.4509387207031,580.6422412109375,47.89216497519044,5.508778392662775,1057431800.0,6.1096711968722275,-1.6359654409926199,7.745636637864847,612.0760604312209,622.9723175048828,633.8685745785447,3.4981512877822203,0.2025798047136992,53.59199032434109,71.74700726966584,0.01519971367995021,1
2025-08-04,625.8612670898438,SPY,625.9108344398344,620.3183179857707,620.4075271113948,73218000,9.3704833984375,0.01519971367995021,621.9435586290228,606.4430822753907,580.9013830566406,58.535416759405514,5.788154989503158,1130649800.0,5.753097587414118,-1.594031240360584,7.347128827774702,613.0987869289328,623.4924041748047,633.8860214206767,3.33399963697327,0.6139575789160343,47.12543552955517,58.839569451101205,-0.005069869050569054,0
2025-08-05,622.688232421875,SPY,627.2892207726588,621.7660617410078,626.476110377079,68051400,-3.17303466796875,-0.005069869050569054,622.0144799426278,607.367216796875,581.166960144043,54.47764915889976,5.7692267067994365,1062598400.0,5.15504885905591,-1.7536639749750345,6.908712834030944,614.1973835993014,623.8706939697265,633.5440043401517,3.1010625964407157,0.43888020219703,39.745439268943464,46.820955040946565,0.007659581475386812,1
2025-08-06,627.457763671875,SPY,628.1121858315174,622.8468502662965,623.7590952688204,64357500,4.76953125,0.007659581475386812,622.5328879168418,608.4654418945313,581.4440066528321,59.0705771917938,5.744564328431078,1126955900.0,5.008220594854379,-1.5203937913412524,6.528614386195631,614.8015120534748,624.30302734375,633.8045426340253,3.043879293906935,0.6660122744502553,56.004764910835604,47.62521323644474,-0.0008376240775045396,0
2025-08-07,626.9321899414062,SPY,631.6223868787783,623.8185857342208,630.8886206499576,74205800,-0.52557373046875,-0.0008376240775045396,622.9518690620384,609.3150830078125,581.7181796264648,58.371685580000246,5.891652672440108,1052750100.0,4.794184356996993,-1.3875440233589105,6.181728380355904,615.217180959454,624.6218200683594,634.0264591772648,3.011306620020452,0.6228313945007807,56.95527302609452,50.90182573529119,0.007797670813968871,1
2025-08-08,631.82080078125,SPY,632.2868791777582,628.4097315038053,628.727047311219,64051600,4.88861083984375,0.007797670813968871,623.7965292257729,610.3301208496093,582.0057925415039,62.78253200537439,5.853298141290956,1116801700.0,4.961832222173143,-0.9759169265462084,5.937749148719352,615.8495786771462,625.2941192626953,634.7386598482444,3.0208314118435977,0.8455266807017077,71.88725000112699,61.61576264601902,-0.001977539647394999,0
2025-08-11,630.5713500976562,SPY,633.5758942477272,629.3219380955197,632.0984361099556,58742300,-1.24945068359375,-0.001977539647394999,624.4417502611905,611.274296875,582.2918740844726,61.00341068646866,5.739059427784994,1058059400.0,4.93696388853823,-0.8006282081448983,5.737592096683128,616.5193040522911,625.8449462890625,635.1705885258339,2.9801765731488707,0.7534090247402677,76.97804144007779,68.60685482243308,0.010646017662282237,1
2025-08-12,637.284423828125,SPY,637.4430514601922,631.4340237207567,632.9214074238032,64730800,6.71307373046875,0.010646017662282237,625.6648620294699,612.3657824707032,582.613044128418,66.49679598068813,5.819962423124351,1122790200.0,5.396734307767247,-0.2726862311327052,5.669420538899952,617.2195661159805,626.863803100586,636.5080400851915,3.0769800192333077,1.0402511750889563,89.07339913570854,79.31289685897109,0.0034230516829947266,1
2025-08-13,639.4658813476562,SPY,640.7549350171026,637.2744477443421,639.4856719739724,60092800,2.18145751953125,0.0034230516829947266,626.9792448216781,613.4352514648438,582.9713021850586,68.07081955824957,5.652857055241224,1182883000.0,5.869471454786549,0.16004073270927766,5.709430722077271,617.4910356534511,627.8886108398438,638.2861860262364,3.311917116153815,1.0567293479620026,91.79119890911404,85.94754649496679,9.315635788809118e-05,1
2025-08-14,639.5254516601562,SPY,640.1897994624859,636.9374184340268,637.3835851461316,59327500,0.0595703125,9.315635788809118e-05,628.174121663438,614.4390771484375,583.3237176513671,68.11487310130207,5.481394481899645,1242210500.0,6.177713045559017,0.37462585878539656,5.80308718677362,617.4524381097472,628.727001953125,640.0015657965027,3.5864735595428976,0.9788854742870543,96.62632494369579,92.49697432950613,-0.002341289856780615,0
2025-08-15,638.0281372070312,SPY,640.6558727131268,637.11589211782,640.5566774831647,68592500,-1.497314453125,-0.002341289856780615,629.1125993342563,615.4161206054688,583.66962890625,65.6625448370439,5.342722061428729,1173618000.0,6.2293676911222065,0.341024403478869,5.8883432876433375,617.9510184909076,629.5133361816406,641.0756538723737,3.6734146923288793,0.868213417635768,93.44506172606539,93.95419519295841,-0.00021763143719111255,0
2025-08-18,637.8892822265625,SPY,638.5834067295413,636.7787072305159,637.4529805837014,43804900,-0.13885498046875,-0.00021763143719111255,629.9484738954283,616.4473352050782,584.0060534667969,65.42729531617579,5.090006164114201,1129813100.0,6.187771159248314,0.2395422972839807,5.948228861964333,618.4708150242205,630.2337249755859,641.9966349269513,3.7328722615791614,0.8254108584792818,91.47483289535923,93.84873985504014,-0.005425130066677664,0
2025-08-19,634.4286499023438,SPY,638.6924711313014,633.1098193903536,637.7108075589789,69750700,-3.46063232421875,-0.005425130066677664,630.3751573246583,617.288916015625,584.3205578613281,59.687780892393434,5.1251951338880355,1060062400.0,5.8086035353725265,-0.11170026127344546,5.920303796645972,619.2950041778055,630.7766204833985,642.2582367889914,3.6404698375770463,0.6590381232808789,85.10551197332954,90.00846886491804,-0.0026569874257286186,0
2025-08-20,632.7429809570312,SPY,634.2799321395609,627.626407225106,634.0221697813646,88890300,-1.6856689453125,-0.0026569874257286186,630.6006643372652,618.0861071777343,584.6352789306641,57.06196416739534,5.244984244127297,971172100.0,5.310870654529026,-0.48754651369355706,5.798417168222583,619.4926697369948,630.9699798583985,642.4472899798021,3.637989282462974,0.5772394001677439,78.50081006831199,85.02705164566692,-0.004011918361787603,0
2025-08-21,630.2044677734375,SPY,632.604096553562,628.4791123479844,630.9283690027011,54805800,-2.53851318359375,-0.004011918361787603,630.5629313311865,618.7652978515625,584.9931564331055,53.261928398735954,5.174904555907267,916366300.0,4.65788377706258,-0.9124267129280037,5.570310489990583,619.5751620747168,631.0260070800781,642.4768520854394,3.6292783108408995,0.46412756847831077,64.8734935335715,76.15993852507101,0.015356692851615561,1
2025-08-22,639.88232421875,SPY,641.0623176031913,631.8901189367884,632.3958390332336,84083200,9.6778564453125,0.015356692851615561,631.4504925585735,619.6720568847657,585.3876348876953,63.297117798641025,5.580829218324879,1000449500.0,4.865225811413666,-0.5640677428615337,5.429293554275199,619.34820278936,631.4330535888672,643.5179043883744,3.827753625129599,0.8495810899968803,70.74088252454574,71.37172870880973,-0.00440087174231707,0
2025-08-25,637.0662841796875,SPY,639.8625729858918,636.9472983174492,638.6230864860744,51274300,-2.8160400390625,-0.00440087174231707,631.9853298558224,620.4752368164062,585.774075012207,59.306833374252264,5.391843267108876,949175200.0,4.747587734795957,-0.5453646555833949,5.292952390379352,619.3749475083765,631.7072265625,644.0395056166234,3.90442867694606,0.7172776659394391,73.44065425184583,69.68501010332102,0.004186844335539952,1
2025-08-26,639.7335815429688,SPY,640.0806740325912,636.1738106528877,636.798516612414,51581600,2.66729736328125,0.004186844335539952,632.7232585879316,621.4652319335937,586.1400076293945,61.765462662400516,5.28577327515135,1000756800.0,4.8140934446614665,-0.3830871565743088,5.197180601235775,619.4166317852374,632.1980590820312,644.9794863788251,4.043488306608471,0.7947840755948969,88.08055224231673,77.42069633956943,0.002278608906543411,1
2025-08-27,641.1912841796875,SPY,641.9250504526357,638.9998504138363,639.148612992103,48341100,1.45770263671875,0.002278608906543411,633.5297372157178,622.3720678710938,586.4427908325196,63.07837158060608,5.117160901126212,1049097900.0,4.927621565067398,-0.2156472289347029,5.1432687940021005,619.527637744772,632.8014404296875,646.075243114603,4.195250464633032,0.8160301516133832,88.40835961105263,83.30985536840505,0.003541362732142783,1
2025-08-28,643.4619750976562,SPY,644.0172625669782,639.9121297324674,641.7961126896905,61519500,2.27069091796875,0.003541362732142783,634.4756646330453,623.4261511230469,586.7344799804688,65.08936335795438,5.0448731820822506,1110617400.0,5.141550603684209,-0.001374552254313599,5.1429251559385225,619.894304271228,633.6363555908204,647.3784069104128,4.337519840312487,0.857501921595477,94.5916248202995,90.36017889122293,-0.0059636816039791984,0
2025-08-29,639.6245727539062,SPY,642.3911452321481,637.7306640961879,642.0242015644989,74522200,-3.83740234375,-0.0059636816039791984,634.9660368350321,624.4052661132813,586.9943090820312,59.21912875394789,5.093904454895546,1036095200.0,4.944448089666707,-0.15878165301745195,5.103229742684159,623.309584140834,634.7930450439453,646.2765059470566,3.6180172397182964,0.7103689711109601,88.22695156711457,90.40897866615556,-0.007410295555874247,0
2025-09-02,634.884765625,SPY,635.1028861742022,629.5797276837342,632.13804448044,81983500,-4.73980712890625,-0.007410295555874247,634.958296719791,625.3173291015624,587.227639465332,52.87588891153247,5.447543070272441,954111700.0,4.355571783903656,-0.5981263670244035,4.9536981509280595,624.5156604166964,635.2442199707032,645.97277952471,3.3777747885692118,0.48324778159203463,71.36518314493331,84.72791984411579,0.0054195597134076845,1
2025-09-03,638.3255615234375,SPY,638.7916398746721,635.0731807265284,637.2645539172183,70820900,3.4407958984375,0.0054195597134076845,635.2789886058524,626.1817956542968,587.4873098754883,56.51713627255443,5.337495297372417,1024932600.0,4.119044758079667,-0.6677227142787139,4.786767472358381,626.9142755203014,636.0260864257813,645.1378973312611,2.8652318198722537,0.6261810150314535,60.919493628663325,73.5038761135704,0.008357360441814565,1
2025-09-04,643.6602783203125,SPY,643.6900550422279,638.09747828346,638.999797688006,65219200,5.334716796875,0.008357360441814565,636.0772066738963,627.0214709472656,587.7722296142579,61.48605768374095,5.355715401757809,1090151800.0,4.312352334087109,-0.37953211061701797,4.691884444704127,628.0400294985844,636.8362121582031,645.6323948178218,2.762463092294614,0.8878992982624802,69.1267235794124,67.13713345100301,-0.002896148488535144,0
2025-09-05,641.796142578125,SPY,646.7243720544352,637.9190556866993,646.0004708304714,85178900,-1.8641357421875,-0.002896148488535144,636.6218672362038,627.8171215820313,588.0666906738281,58.95101025288819,5.602115470756247,1004972900.0,4.265954537176526,-0.34074392602208015,4.606698463198606,629.8034398028643,637.5794097900391,645.3553797772139,2.4392161565366393,0.7711387000619031,79.09739913260206,69.71453878022591,0.002456541908713472,1
2025-09-08,643.3727416992188,SPY,644.3742563254497,641.7861629025881,643.1644862104067,63133100,1.57659912109375,0.002456541908713472,637.2648076612528,628.5501037597656,588.4063656616211,60.43670743226865,5.3868281816209125,1068106000.0,4.306756711226399,-0.23995340157776646,4.546710112804165,630.46210857602,638.1570068359375,645.851905095855,2.411600335807576,0.8389086305695439,84.82246043312863,77.68219438171435,0.0023119206976098816,1
2025-09-09,644.8601684570312,SPY,645.3856792185645,641.7762803015634,643.5115612591451,66133900,1.4874267578125,0.0023119206976098816,637.9881753560888,629.2525451660156,588.7416891479493,61.839959359432804,5.2598689484337875,1134239900.0,4.408299503926173,-0.11072848710239391,4.519027991028567,631.479033165769,638.8714477539063,646.2638623420436,2.3142103514335948,0.9050584982567902,82.2946868604691,82.07151547539992,0.0028908542790047065,1
2025-09-10,646.724365234375,SPY,649.0446498954948,645.1576374702139,648.122479271532,78034500,1.86419677734375,0.0028908542790047065,638.8201934397351,629.93396484375,589.0757730102539,63.58330919394822,5.183055554864484,1212274400.0,4.586329645642081,0.053841323690811294,4.53248832195127,631.2448892673196,639.3434448242188,647.4420003811179,2.5333975416376466,0.9556936331608232,87.1355554275777,84.75090090705847,0.008310264731785644,1
2025-09-11,652.0988159179688,SPY,652.7929404681626,648.092817304151,648.6778210448584,69934400,5.37445068359375,0.008310264731785644,640.0848241519478,630.7268395996093,589.4357461547852,68.10704733134985,5.246306960501846,1282208800.0,5.102277194160592,0.455831097767458,4.646446096393134,630.1502459072801,639.9750915527344,649.7999371981887,3.0703837618482375,1.1169931214565043,91.98870865964757,87.13965031589811,-0.0003347065098450175,0
2025-09-12,651.8805541992188,SPY,653.5662677492645,651.3748946038203,652.0689585463732,72780100,-0.21826171875,-0.0003347065098450175,641.2082270135927,631.4598205566406,589.7790576171875,67.7390334958008,5.0280974022834455,1209428700.0,5.430952803678906,0.6276053658286171,4.803347437850289,629.4884025545516,640.5928466796875,651.6972908048233,3.466927294830797,1.0082518040673742,92.89988216657605,90.67471541793377,0.005323952420932088,1
2025-09-15,655.3511352539062,SPY,655.4800466805781,653.7943936028013,654.0918582328915,63772400,3.4705810546875,0.005323952420932088,642.5551706555274,632.1652355957032,590.13068359375,70.4713153615524,4.926054193646009,1273201100.0,5.90342645306373,0.8800632121707528,5.023363240892977,628.7093422295752,641.4589965820312,654.2086509344872,3.975204781721551,1.0448045212770405,96.49477253027335,93.79445445216565,-0.0013767927852816886,0
2025-09-16,654.4488525390625,SPY,656.213910313041,653.6655188822047,655.9064595692537,61169000,-0.90228271484375,-0.0013767927852816886,643.6879022634831,632.9450219726563,590.467876586914,68.83898626919252,4.756221139159603,1212032100.0,6.134345631847054,0.8887859127632618,5.245559719083793,628.4663314129826,642.2869750976563,656.10761878233,4.303572770589751,0.9399895445858671,95.28249712991762,94.89238394225566,-0.0012425285544682696,0
2025-09-17,653.6356811523438,SPY,656.1542956225366,648.7967216101163,654.4587170331596,101952200,-0.81317138671875,-0.0012425285544682696,644.6353097767079,633.7152868652344,590.785678100586,67.32542985631707,4.9420320586782225,1110079900.0,6.180489770906661,0.7479440414582941,5.432545729448367,629.079438242597,643.2473266601562,657.4152150777154,4.405113812480545,0.8666161881721405,94.39836266063986,95.39187744027693,0.004672632334522309,1
2025-09-18,656.6898803710938,SPY,659.2977648370164,654.7166275252608,656.3229972048737,90459200,3.05419921875,0.004672632334522309,645.7833641190304,634.4728625488282,591.1276904296875,69.9939638014466,4.993464317677826,1200539100.0,6.389849478264978,0.7658429990532882,5.6240064792116895,629.9855320775847,644.4446716308594,658.903811184134,4.487317589788972,0.9234418201414036,91.63912766939713,93.77332915331819,0.004952781371340809,1
2025-09-19,659.9423217773438,SPY,660.7874850308027,656.6311583459587,658.5800832029405,97945600,3.25244140625,0.004952781371340809,647.131836276965,635.2605822753907,591.467692565918,72.56368188908742,4.933668772475408,1298484700.0,6.740512956855923,0.8932051821153868,5.847307774740536,631.5196918695779,645.9315643310547,660.3434367925315,4.46235274983107,0.9860838688289826,92.94541305327726,92.99430112777141,0.004731100453688075,1
2025-09-22,663.0645751953125,SPY,663.5119788762895,658.4209716621773,658.4508309420254,69452200,3.12225341796875,0.004731100453688075,648.6492399834743,636.1543774414063,591.818000793457,74.79521436900706,4.944907232592322,1367936900.0,7.187502986736945,1.0721561695971262,6.115346817139819,631.1621725147467,647.0906768798828,663.019181245019,4.923113540111451,1.001424928205841,95.6477248496516,93.41075519077532,-0.005443566388828813,0
2025-09-23,659.4551391601562,SPY,663.5617612775759,658.2320617574377,662.9452156846509,81708900,-3.60943603515625,-0.005443566388828813,649.6783732383965,636.9523840332031,592.1488864135742,67.91791957648708,4.972392395988456,1286228000.0,7.167867765329447,0.8420167585517024,6.325851006777745,632.1109600629129,648.2101196289062,664.3092791948995,4.967265730195612,0.8492424398042235,93.2346079691818,93.94258195737022,-0.003181633452613686,0
2025-09-24,657.3569946289062,SPY,660.8471316064555,655.9350982101993,660.7477220570149,68082200,-2.09814453125,-0.003181633452613686,650.4096705136832,637.7613781738281,592.4508615112304,64.2213088719338,4.968081038864725,1218145800.0,6.903425589194512,0.4620596659334133,6.441365923261099,633.0152268125647,649.0912902832031,665.1673537538414,4.9534060035297225,0.7570811057321283,86.07166751874854,91.65133344586063,-0.0046134974884720625,0
2025-09-25,654.3242797851562,SPY,655.6765652531099,650.7048739536411,654.2149171420698,89622100,-3.03271484375,-0.0046134974884720625,650.7824904442997,638.4684692382813,592.7425854492187,59.20527347162119,5.088369584321896,1128523700.0,6.375644060935429,-0.05257748986053734,6.428221550795966,633.945728904444,649.7479400634766,665.5501512225092,4.864105042792074,0.6448006128896663,72.46206997412163,83.922781820684,0.005729144366994232,1
2025-09-26,658.072998046875,SPY,658.619871988132,654.1553026157394,655.7760789419195,69179200,3.74871826171875,0.005729144366994232,651.4768245016878,639.1747766113281,593.0474032592773,63.047325367107796,5.043812426326945,1197702900.0,6.188526154420288,-0.19175631710054297,6.380282471520831,634.5557494692175,650.4784912109375,666.4012329526574,4.895701228207567,0.7384798723463177,69.40213136028963,75.97862295105325,0.0028103664411398555,1
2025-09-29,659.9224243164062,SPY,661.5134019828115,658.112721358766,660.5985670660314,73499000,1.84942626953125,0.0028103664411398555,652.2811673411848,639.9271960449219,593.376842956543,64.80824304661478,4.929283248441914,1271201900.0,6.118931871336372,-0.2090804801475672,6.328012351483939,635.8828187090048,651.4933837890625,667.1039488691201,4.79224055638667,0.7699787126255856,70.87627510773648,70.91349214738257,0.0037668667591119753,1
2025-09-30,662.4082641601562,SPY,662.8756347075731,657.8641309647478,659.1766647693167,86288000,2.48583984375,0.0037668667591119753,653.2456527525154,640.7057312011718,593.727946472168,67.07907996170631,4.935156140897871,1357489900.0,6.192975632850789,-0.1080293749065202,6.301005007757309,638.5597021252845,652.8695587158203,667.1794153063561,4.383680139316942,0.833291440902512,82.52465875166688,74.26768840656432,0.0034074772846366397,1
2025-10-01,664.6654052734375,SPY,665.5801794564833,659.3059076216911,659.4152702620313,72545400,2.25714111328125,0.0034074772846366397,654.3332482306985,641.5276245117187,594.0674459838867,69.03303213556079,5.030807261890325,1430035300.0,6.360468746973083,0.047570991372619,6.312897755600464,640.645614809766,654.1865509033203,667.7274869968745,4.1397781947233625,0.8869324209832646,89.10603929232285,80.83565771724206,0.001151803537192908,1
2025-10-02,665.4309692382812,SPY,666.7733621981591,663.004842335434,666.6540464714482,56896000,0.76556396484375,0.001151803537192908,655.3901740409444,642.2587280273438,594.4261474609375,69.69013509203509,4.9406438762356695,1486931300.0,6.480282201136447,0.1339075564287855,6.346374644707661,641.7938308229154,655.2750854492188,668.7563400755221,4.114685549828697,0.8766668633810728,93.20842057931505,88.27970620776824,-1.4767362221612679e-05,0
2025-10-03,665.421142578125,SPY,668.8714672806448,664.377038831869,666.1966948783695,70494400,-0.00982666015625,-1.4767362221612679e-05,656.3455043778188,642.9854724121094,594.7853894042969,69.66969947233245,4.908771345702822,1416436900.0,6.499519878076626,0.12251618669517139,6.3770036913814545,643.79083368587,656.4563354492187,669.1218372125675,3.8587491899767046,0.8539065129992919,89.9649099759543,90.7597899491974,0.003586228910336109,1
2025-10-06,667.8074951171875,SPY,668.7024238148077,665.669704301124,667.8174482099862,54623300,2.3863525390625,0.003586228910336109,657.4371225434729,643.7067944335937,595.1438903808594,71.83001169117695,4.792522052201386,1471060200.0,6.630887834600799,0.20310731457547426,6.427780520025324,645.5959357574667,657.6780731201172,669.7602104827678,3.6741797716719318,0.9191899865492055,90.01504271066723,91.06279108864551,-0.003707492250961897,0
2025-10-07,665.3316040039062,SPY,669.1796881705657,663.8898014056139,668.7322238208072,72020100,-2.47589111328125,-0.003707492250961897,658.1889779206571,644.3817700195312,595.5022915649414,66.53494728440647,4.82804810311213,1399040100.0,6.460738790537789,0.0263666164099714,6.434372174127818,647.7178924638029,658.7016448974609,669.685397331119,3.334970397824923,0.8018075628748143,85.56124881709506,88.5137338345722,0.005963052412792269,1
2025-10-08,669.2990112304688,SPY,669.398481470165,665.6299006256374,666.4552183740389,60702200,3.9674072265625,0.005963052412792269,659.2470763311154,645.1694116210938,595.9689947509765,70.31163837469248,4.773678771908321,1459742300.0,6.570292807814894,0.1087365069496613,6.461556300865233,649.3749259817973,659.8303771972656,670.285828412734,3.1691330307887626,0.9528084842094013,91.1130091677348,88.8964335651657,-0.0028970083792374535,0
2025-10-09,667.3600463867188,SPY,670.1243359074817,665.4211353124821,669.7166839203261,66501900,-1.93896484375,-0.0028970083792374535,660.0197401459347,645.9341394042968,596.4268872070312,66.36946170325245,4.768644616414845,1393240400.0,6.426575337430222,-0.027984770748009424,6.454560108178232,650.2797980336203,660.5934387207031,670.907079407786,3.1225380340004945,0.8280416620723624,88.13481518580308,88.26969105687765,-0.02702782789908964,0
2025-10-10,649.32275390625,SPY,670.1342452495495,649.14378031214,668.324542434099,159422600,-18.03729248046875,-0.02702782789908964,659.000979551679,646.3853210449219,596.7600146484375,42.49854759676584,5.92734606791446,1233817800.0,4.801866519314444,-1.3221548710910307,6.124021390405475,649.6707093511005,660.4655487060547,671.2603880610089,3.2688576644467893,-0.016116749560095837,62.028633025674395,80.42548579307075,0.015344074693208754,1
2025-10-13,659.2860107421875,SPY,661.3642043859337,656.0345659370097,656.9095884512618,79560500,9.9632568359375,0.015344074693208754,659.0281253793465,647.2412255859375,597.1255117797851,52.63282716232669,6.364067811612263,1313378300.0,4.269014098651041,-1.4840058334035469,5.753019932054588,650.1066995924343,660.6622924804688,671.2178853685032,3.195457954291067,0.4348079377027997,44.978760571056235,65.04740292751121,-0.0012216548034567065,0
2025-10-14,658.4805908203125,SPY,662.0602448848334,649.4718888267987,653.4492417720955,88779600,-0.805419921875,-0.0012216548034567065,658.9759792308671,647.8936120605468,597.4544039916992,51.83746748930467,6.808659829213868,1224598700.0,3.7386373753189446,-1.6115060453885146,5.350143420707459,650.6419133738516,660.8638793945313,671.085845415211,3.0935163320001204,0.3834231805605082,31.217371936809116,46.074921844513234,0.004439523175783,1
2025-10-15,661.4039306640625,SPY,666.4352795829697,655.1992699391986,663.0446129876665,81702600,2.92333984375,0.004439523175783,659.2072127006952,648.6679260253907,597.7977157592774,54.52364166800036,7.124899101682235,1306301300.0,3.51369540155099,-1.4691584153251753,4.982853816876165,651.583057493382,661.2522918701172,670.9215262468525,2.924522000336451,0.5078413030461915,50.40255402438527,42.19956217741686,-0.006810261153983976,0
2025-10-16,656.8995971679688,SPY,664.9239136533134,653.3895542222015,663.0445999065358,110563300,-4.50433349609375,-0.006810261153983976,658.9874397928165,649.2567626953125,598.1497033691406,49.90509188031498,7.439860553784359,1195738000.0,2.938096648607825,-1.6358057346146726,4.573902383222498,651.6129215391348,661.2627777099609,670.912633880787,2.9186146555064774,0.27392509977593493,46.61287526415662,42.744267075116994,0.0056763938002961645,1
2025-10-17,660.62841796875,SPY,661.9906565438909,654.4138037793879,655.7660892614911,96500900,3.72882080078125,0.0056763938002961645,659.1437234286198,649.9306872558594,598.5538000488282,53.42249883778932,7.449645711692832,1292238900.0,2.7511021721636553,-1.458240168847074,4.209342341010729,651.6613791969893,661.2970825195313,670.9327858420733,2.914182922395517,0.46530276366972695,50.02367338105082,49.013034223197565,0.010400475399621634,1
2025-10-20,667.499267578125,SPY,668.4041493887289,663.4921159142255,663.5418206897375,60493400,6.870849609375,0.010400475399621634,659.9394895380965,650.6442565917969,599.0027975463868,59.11860821527256,7.472937547998981,1352732300.0,3.1213468996613756,-0.8703963530794834,3.991743252740859,651.5328906727316,661.5188171386719,671.5047436046123,3.0190906765535055,0.7994439454291496,59.703206337622476,52.1132516609433,-1.4904481475785936e-05,0
2025-10-21,667.4893188476562,SPY,669.1797060532549,666.1867381348511,667.638493864759,56249000,-0.00994873046875,-1.4904481475785936e-05,660.6585209009118,651.3826159667968,599.4588424682618,59.10733661883928,7.152939717313611,1296483300.0,3.3750601418553288,-0.49334648870842424,3.868406630563753,651.6564688491297,661.9205261230469,672.1845833969641,3.1012959619291625,0.7712763859356411,76.51992400961389,62.08226790942905,-0.0051989069274410715,0
2025-10-22,664.0191040039062,SPY,668.1953369980629,659.5445816579371,668.1953369980629,80564000,-3.47021484375,-0.0051989069274410715,660.9785764345303,651.9173095703125,599.8615090942383,55.15699029560556,7.259926547514481,1215919300.0,3.2585498438808145,-0.4878854293463508,3.7464352732271653,652.1728242534033,662.2536315917969,672.3344389301905,3.044394732623298,0.5875660228811946,81.9044101644256,72.70918017055398,0.005929891190499692,1
2025-10-23,667.9566650390625,SPY,668.9012985038863,664.019063764971,664.3372592841532,65604500,3.93756103515625,0.005929891190499692,661.6431563016286,652.4871252441407,600.2670574951172,58.54270501595655,7.09009141832883,1281523800.0,3.4442398087408037,-0.24175637158908936,3.685996180329893,653.2556717622934,662.9352508544922,672.614829946691,2.920218552180547,0.7593818458809478,82.63076768326634,80.35170061910192,0.008172571104630766,1
2025-10-24,673.4155883789062,SPY,674.628651928334,671.8246714345047,672.6300829996666,74356500,5.45892333984375,0.008172571104630766,662.7643403089883,653.1649279785156,600.7330691528321,62.74254874031797,7.060226809110448,1355880300.0,3.985942471467638,0.23995703291019543,3.7459854385574425,653.2822318561608,663.7023803710938,674.1225288860268,3.1400063712614052,0.9660781942739389,85.24432536880902,83.25983440550031,0.011797712023148943,1
2025-10-27,681.3603515625,SPY,681.658640907831,678.2580209918731,678.8645527756448,63339800,7.94476318359375,0.011797712023148943,664.5353889997989,654.031572265625,601.2345660400391,67.84764161268946,7.1447143605257555,1419220100.0,4.998699826181678,1.0021715100993882,3.9965283160822898,651.9880801295838,664.7742767333984,677.5604733372131,3.846778388190394,1.1485929844123155,94.64951008786181,87.50820104664571,0.002655998956591077,1
2025-10-28,683.1700439453125,SPY,685.0095454543999,680.9526890414517,683.1600908523567,61738100,1.8096923828125,0.002655998956591077,666.3101180422289,654.9371875,601.7894677734375,68.89321406235325,6.924153078555935,1480958200.0,5.879568373077518,1.5064320455961822,4.373136327481336,650.7878006455378,665.8123657226563,680.8369307997748,4.513152909321894,1.0776432839673642,96.39793987542622,92.09725844403233,0.0004803870398957244,1
2025-10-29,683.4982299804688,SPY,685.795149064121,679.0038013689816,684.8206562449755,85657100,0.32818603515625,0.0004803870398957244,667.947081083966,655.9185791015625,602.3415747070312,69.08952612330296,6.914666979740468,1566615300.0,6.528884002389191,1.7245981399262833,4.8042858624629075,649.8873043120592,666.7540069580078,683.6207096039565,5.059347966396518,0.996369188867003,95.89560535722147,95.64768510683649,-0.010998143937076876,0
2025-10-30,675.9810180664062,SPY,682.0564104652303,675.9810180664062,680.0279821977349,76335800,-7.5172119140625,-0.010998143937076876,668.7122179394365,656.78333984375,602.8521530151368,59.78293833674281,6.957705903620613,1490279500.0,6.3635402088204955,1.2474034770860705,5.116136731734425,649.9595555869415,667.2815093994141,684.6034632118866,5.191797934896517,0.7511122232853482,87.19511650176402,93.16288724480388,0.0032800997320787673,1
2025-10-31,678.1983032226562,SPY,681.2012239761448,675.3942622450203,681.1614116072222,87164100,2.21728515625,0.0032800997320787673,669.6156546330765,657.7432165527343,603.3216247558594,61.43315809073794,6.875509891299461,1577443600.0,6.3383558222345755,0.9777752724001196,5.360580549834456,649.9882562878307,667.9203674316407,685.8524785754506,5.36953565670244,0.7865790789659325,81.93321723482346,88.34131303126964,0.0018767772528909266,1
2025-11-03,679.4711303710938,SPY,681.9171636388411,676.0903560257897,681.7878948104295,57315000,1.2728271484375,0.0018767772528909266,670.5542713700305,658.5349926757813,603.8030792236328,62.387269031317445,6.800602585710315,1634758600.0,6.347928558861781,0.7898784072218596,5.558050151639922,649.8787892478183,668.503549194336,687.1283091408536,5.572075112828872,0.7944355043568881,77.51712827443994,82.2151540036758,-0.011853539942447533,0
2025-11-04,671.4169921875,SPY,676.1103005794487,670.7607556049009,672.2820616639051,78427000,-8.05413818359375,-0.011853539942447533,670.6364352574085,659.2220068359375,604.2149871826172,53.38701500586171,6.9370148843162145,1556331600.0,5.640592146315953,0.06603359574082468,5.574558550575128,650.2014555432983,668.8078186035157,687.4141816637331,5.564038739579292,0.5701150884657048,71.73362653369425,77.06132401431921,0.003465389196996238,1
2025-11-05,673.7437133789062,SPY,677.0051112074705,670.3529860359731,671.1583975728993,74402400,2.32672119140625,0.003465389196996238,670.9323665070749,659.9022094726563,604.6115701293945,55.38922009228365,6.916665619114867,1630734000.0,5.207738332424242,-0.29345617452070893,5.501194506944951,650.299769410796,669.0300537109375,687.760338011079,5.599235548911284,0.6258299017899346,65.90408142399134,71.71827874404183,-0.010729333212666003,0
2025-11-06,666.514892578125,SPY,673.5448715272548,664.9338680034818,672.6399897028363,85035300,-7.22882080078125,-0.010729333212666003,670.5116547043178,660.408681640625,604.9553015136719,48.42911250916996,7.051892744565548,1545698700.0,4.232602336493187,-1.0148737363614106,5.247476072854598,650.2388272668206,668.9877960205079,687.7367647741951,5.605175121344806,0.4340522810915526,47.92681401599024,61.85484065789194,0.0009845075813768034,1
2025-11-07,667.1710815429688,SPY,667.2805048704689,657.4663915648358,664.1284090392404,100592400,0.65618896484375,0.0009845075813768034,670.1935048794273,660.8828637695312,605.2860006713868,49.05491763812416,7.249194213213231,1646291100.0,3.4727176720732587,-1.419806720625071,4.89252439269833,653.3982369333675,669.8802124023438,686.3621878713201,4.920872467591834,0.41781534730244063,40.80239575953544,51.544430399839,0.015604343307994428,1
2025-11-10,677.5818481445312,SPY,678.3176487268574,671.2081667723378,673.4056154266486,75842900,10.4107666015625,0.015604343307994428,670.897156618961,661.6420092773437,605.6775262451172,57.803695698803935,7.527577996832907,1722134000.0,3.6682798129278353,-0.9793956638163959,4.647675476744231,654.7412272852449,670.7950042724609,686.8487812596769,4.786492709386767,0.7113784151067646,43.93918925764535,44.222799677723664,0.0022892399865568347,1
2025-11-11,679.1329956054688,SPY,679.6997756663966,674.8871520395073,676.1002762110339,58953400,1.5511474609375,0.0022892399865568347,671.6815222367237,662.5269738769531,606.1191925048828,58.93523471966362,7.3336526846940755,1781087400.0,3.9034325148924154,-0.5953943694814523,4.498826884373868,656.4317159162206,671.8276245117188,687.223533107217,4.583291318718217,0.737250404821384,60.58243182716416,48.441338948114975,0.0005564884786124491,1
2025-11-12,679.5109252929688,SPY,681.0819968300743,677.0946904605516,680.9129156193362,62312500,0.3779296875,0.0005564884786124491,672.4271796706519,663.3506811523438,606.5373672485351,59.22215549150675,7.094627947896119,1843399900.0,4.073333638056738,-0.3403945970537041,4.413728235110442,657.7719812136515,672.7329742431641,687.6939672726767,4.447825096233445,0.726520760902509,75.1022400118464,59.87462036555197,-0.016594019980226582,0
2025-11-13,668.235107421875,SPY,677.0051787486752,666.7237544337754,676.6472315164618,103457800,-11.27581787109375,-0.016594019980226582,672.0279346945779,663.842177734375,606.9125186157227,48.36439754962049,7.50123815584592,1739942100.0,3.260531854373994,-0.922557104589159,4.183088958963153,660.0161745680831,673.2997497558594,686.5833249436356,3.9458131961560707,0.3093644872562278,64.10429828791435,66.59632337564163,-0.00016376876033719068,0
2025-11-14,668.1256713867188,SPY,671.8345335183507,659.5147291242073,661.612768198211,96846700,-0.10943603515625,-0.00016376876033719068,671.6562905700198,664.3687683105469,607.271203918457,48.27189636664472,7.845421458581453,1643095400.0,2.577834341796688,-1.284203693733172,3.86203803552986,661.4626113940288,673.6746124267578,685.8866134594867,3.625489459588814,0.2728078705051072,51.152413359642274,63.45298388646767,-0.009316433429244597,0
2025-11-17,661.901123046875,SPY,669.8956413839408,658.4209391867944,665.9083353081996,90456100,-6.22454833984375,-0.009316433429244597,670.727226996387,664.7393359375,607.614635925293,43.209742309706876,8.104655797050375,1552639300.0,1.517035177005937,-1.8760022868191384,3.3930374638250753,660.3979513502072,673.3947052001953,686.3914590501834,3.8600701043897363,0.05782873608355512,30.431652549079498,48.56278806554536,-0.00839755277010068,0
2025-11-18,656.3427734375,SPY,661.354216097308,652.146634691611,658.3512953245886,114467500,-5.558349609375,-0.00839755277010068,669.3572790383977,664.9689880371094,607.9502368164062,39.251354466461265,8.222500979779921,1438171800.0,0.22523546165552943,-2.5342416017356366,2.759477063391166,658.0437268027767,672.8373779296875,687.6310290565982,4.397392776373577,-0.057489302359665206,22.436969342396154,34.6736784170393,0.00386320014283692,1
2025-11-19,658.8783569335938,SPY,663.5617119214406,655.0203196831769,657.0388554539629,94703000,2.53558349609375,0.00386320014283692,668.3592864569878,665.2120678710937,608.2787521362304,41.86756057707064,8.245278926814478,1532874800.0,-0.5871563493910799,-2.677306730225797,2.090150380834717,657.0237887960315,672.5803405761719,688.1368923563124,4.625931161417477,0.05960730127642562,17.431959344384886,23.43352707862017,-0.015242245459799575,0
2025-11-20,648.8355712890625,SPY,671.7351497651099,648.1991802397498,669.1001291109939,165293500,-10.04278564453125,-0.015242245459799575,666.4998850124234,665.1468029785157,608.5450280761719,35.370239646713244,9.337471112424879,1367581300.0,-2.0180883171606183,-3.2865909583962685,1.2685026412356502,653.0007180341671,671.6242858886719,690.2478537431767,5.545829192243309,-0.11182461861348199,12.842916642549051,17.570615109776686,0.009961222976632822,1
2025-11-21,655.2987670898438,SPY,660.7874729698119,647.1650267848305,651.3412595795126,123956200,6.46319580078125,0.009961222976632822,665.4331118769396,665.2151672363282,608.8332702636719,41.646505530310876,9.643540760464631,1491537500.0,-2.60060813324651,-3.095288619585728,0.494680486339218,650.8132232132187,670.7184448242188,690.6236664352188,5.935492534789838,0.1126725430212293,16.160252446238896,15.478376144390936,0.014718507062180475,1
2025-11-24,664.9437866210938,SPY,666.2662734630499,657.8442577670318,658.9380055466532,80437900,9.64501953125,0.014718507062180475,665.386509471621,665.4070202636718,609.1970904541016,49.52409562260431,9.73810973280331,1571975400.0,-2.2579584751713355,-2.2021111692084427,-0.05584730596289267,650.4671736844712,669.8976165771485,689.3280594698258,5.8010186666904255,0.37252400824271314,26.095734000144148,18.36630102964402,0.009405991442055894,1
2025-11-25,671.1982421875,SPY,672.3815071629971,660.717877921785,664.8444060411854,81077100,6.25445556640625,0.009405991442055894,665.9400078255142,665.7420080566407,609.5720748901367,53.87275242548194,9.875646840546795,1653052500.0,-1.4648381169640743,-1.1271926488009454,-0.337645468163129,650.8270008726846,669.2990264892578,687.771052105831,5.5198124860472,0.5514078893583333,49.086259255391916,30.447415233924982,0.006903483450626968,1
2025-11-26,675.8318481445312,SPY,677.8404309302599,672.8885849296569,673.7934667684052,71879600,4.63360595703125,0.006903483450626968,666.8820878558968,666.1859313964844,609.9679602050782,56.839443541742966,9.64468554784773,1724932100.0,-0.45712182701618076,-0.09558108708244134,-0.3615407399337394,651.341861145893,668.9157073974609,686.4895536490288,5.254427742455686,0.6967736785694623,69.2660109915653,48.14933474903378,0.005458406338614941,1
2025-11-28,679.5208129882812,SPY,679.7991961322198,676.6471609574353,677.0051081523229,49212000,3.68896484375,0.005458406338614941,668.085775963743,666.6425500488281,610.3919009399414,59.095037340792835,9.239161436407787,1774144100.0,0.631885246114166,0.7947407888383243,-0.16285554272415834,651.1699545927728,669.0926971435547,687.0154396943366,5.357327206617693,0.7909185303303826,83.59219868634106,67.31482297776608,-0.004565505423429594,0
2025-12-01,676.41845703125,SPY,679.1230277654502,674.8970904760725,674.9667014318244,61201200,-3.10235595703125,-0.004565505423429594,668.8793646368389,666.9720727539062,610.768935546875,56.42441360672719,8.909487227536424,1712942900.0,1.230413557594261,1.1146152802547356,0.11579827733952552,651.2457781197016,669.0037048339843,686.761631548267,5.308767824743028,0.7087730261692653,88.72258507481313,80.52693158423982,0.001852299674079072,1
2025-12-02,677.67138671875,SPY,679.9483994968172,675.4838303983408,678.0591325179204,62953800,1.2529296875,0.001852299674079072,669.7167000732114,667.264208984375,611.1523825073242,57.26439811147824,8.591993075460701,1775896700.0,1.7852729954194047,1.3355797744639033,0.44969322095550135,651.351715692769,668.9137176513672,686.4757196099654,5.250902020745044,0.7493357274423703,90.53046922225208,87.61508432780208,0.0034627677932603795,1
2025-12-03,680.0180053710938,SPY,681.0321891246488,675.8417725523884,676.7167950740063,57238500,2.34661865234375,0.0034627677932603795,670.6977767682479,667.6754663085937,611.5387405395508,58.86378264030909,8.349023325232105,1833135200.0,2.3868415871170328,1.549718692929225,0.8371228941878077,651.1478373646511,669.3437683105469,687.5396992564428,5.436946396564853,0.7933138483621923,91.06659076586419,90.10654835430978,0.0007310561539983773,1
2025-12-04,680.51513671875,SPY,681.4895687361658,677.4824173401821,681.4199577792665,61970300,0.49713134765625,0.0007310561539983773,671.6327634302004,668.1386291503907,611.9204870605469,59.21204640994533,8.038889616000073,1895105500.0,2.870612738406976,1.6267918753753343,1.2438208630316416,650.9281033600967,669.682339477539,688.4365755949814,5.600934954346776,0.7888093434830958,94.70358845698848,92.10021614836825,0.0018995368427094927,1
2025-12-05,681.8078002929688,SPY,684.4925257185774,680.7040993957534,681.5890143183475,79241000,1.29266357421875,0.0018995368427094927,672.6018145599878,668.6882995605469,612.3212646484375,60.15662714359086,7.7487824291306,1974346500.0,3.320040646467419,1.6609758267486217,1.6590648197187972,651.0361255801322,670.4469848632813,689.8578441464304,5.790423320975148,0.7926407137356873,95.65805850096257,93.80941257460508,-0.0030042775146746914,0
2025-12-08,679.7594604492188,SPY,682.7524282821314,677.7111260885928,682.7027235077143,55231500,-2.04833984375,-0.0030042775146746914,673.283495120867,669.1220288085938,612.7632540893554,57.86966325530193,7.555390983731174,1919115000.0,3.4709209783926553,1.4494849269390864,2.021436051453569,651.3179899787776,671.0764038085938,690.83481763841,5.888573556656214,0.7197306098408038,92.42964458504167,94.26376384766424,-0.0008630551776172002,0
2025-12-09,679.1727905273438,SPY,681.5095218770947,678.7253868572307,679.2822138612034,58310100,-0.586669921875,-0.0008630551776172002,673.8443803976743,669.5070361328125,613.2157650756836,57.19894467371519,7.214586986312093,1860804900.0,3.5027775298267443,1.1850731826985403,2.317704347128204,651.2809480227804,671.1559509277344,691.0309538326883,5.922618395167576,0.7016814698832362,88.62543142897675,92.23771150499367,0.006632177546088913,1
2025-12-10,683.6771850585938,SPY,685.0692222502689,677.4526176554032,678.6955405173951,85671300,4.50439453125,0.006632177546088913,674.7808379844284,669.9324145507812,613.7054354858399,60.942003308425335,7.243302529780212,1946476200.0,3.8471435936446596,1.2235513972131642,2.6235921964314954,651.0499644792395,671.3831604003906,691.7163563215416,6.057106320338752,0.8023141247907478,89.79871076904584,90.28459559435476,0.002326948130527251,1
2025-12-11,685.26806640625,SPY,685.3476304583654,678.3076987410943,681.2609148661827,86173700,1.59088134765625,0.002326948130527251,675.7796216436496,670.3444677734375,614.20158203125,62.19935680381495,7.2287760431724175,2032649900.0,4.200011886834773,1.2611357523226214,2.9388761345121512,650.7317380950442,671.6710174560546,692.6102968170651,6.234980761956263,0.8246780540001166,93.95586317971298,90.79333512591184,-0.01075196892753394,0
2025-12-12,677.9000854492188,SPY,684.9797692517327,675.3247225627367,684.2737672143002,113160300,-7.36798095703125,-0.01075196892753394,675.9815705775134,670.5938500976563,614.7076602172851,53.59416890334867,7.422673743196765,1919489600.0,3.840853101316384,0.7215815734433861,3.1192715278729977,651.1086382077124,672.1542663574219,693.1998945071314,6.262142250100178,0.6365086147803145,89.68014886736664,91.14490760537514,-0.0015108877827512135,0
2025-12-15,676.8758544921875,SPY,681.8774049984522,675.4042533093998,681.8574988128718,90811000,-1.02423095703125,-0.0015108877827512135,676.066740474149,670.8229443359374,615.1636196899414,52.50668423066944,7.354850739329313,1828678600.0,3.433985451117792,0.25177113859583544,3.1822143125219564,651.5355277323492,672.5917755126953,693.6480232930414,6.261226659899488,0.6017294017477065,79.43881622759899,87.69160942489286,-0.00273229759527871,0
2025-12-16,675.0264282226562,SPY,677.2239376857725,671.1584377196804,675.3843754405706,122030600,-1.84942626953125,-0.00273229759527871,675.967663116864,670.9673229980468,615.6616381835937,50.51354666885661,7.262754255526659,1706648000.0,2.928548182867189,-0.20293290372381412,3.131481086591003,652.7548631027481,673.2480407714844,693.7412184402207,6.087853637198219,0.5433897436483192,55.26164772091669,74.7935376052941,-0.011003620102041367,0
2025-12-17,667.5986938476562,SPY,676.5874893555698,667.3998140691156,676.0406154817738,110625200,-7.427734375,-0.011003620102041367,675.1706184245585,671.0126647949219,616.1565737915039,43.389717050923416,7.400248614878629,1596022800.0,1.9066507355726117,-0.9798642808147138,2.8865150163873254,654.6293669597283,673.8108367919922,692.9923066242561,5.693428714678069,0.3380691626173796,31.323901379106115,55.34145510920726,0.0075513325776148665,1
2025-12-18,672.6399536132812,SPY,676.8857972779194,671.0788959983324,673.7635606688432,108650100,5.041259765625,0.0075513325776148665,674.9296027282463,671.0794836425781,616.6461587524414,48.67978801882478,7.535023958834669,1704672900.0,1.486442395086101,-1.1200580970409795,2.6065004921270805,656.5625465351904,674.4989166259766,692.4352867167627,5.31842813936859,0.4481789513907761,19.188248858113422,35.257932652712064,0.009063445479451815,1
2025-12-19,678.7363891601562,SPY,679.2350273728672,674.6275542880097,674.747283458469,103599500,6.096435546875,0.009063445479451815,675.2921538169996,671.3070104980469,617.2172357177734,54.2477952833055,7.467884658888332,1808272400.0,1.626605164596981,-0.7839162620240798,2.410521426621061,662.4056331614918,675.9939575195312,689.5822818775707,4.020250242442994,0.6009113253541983,31.15624030972201,27.222796848980504,0.006229892278320159,1
2025-12-22,682.96484375,SPY,683.4933686131409,678.7364013691785,682.0772531068674,69556700,4.22845458984375,0.006229892278320159,676.0228861915712,671.9798522949219,617.7936349487304,57.677619093059015,7.274248572752355,1877829100.0,2.0551951061148657,-0.28426105640495614,2.339456162519822,667.3249526393602,677.3772613525391,687.429570065718,2.9680089033715733,0.7779253282450114,59.69480932759905,36.67976616514482,0.004570454818432879,1
2025-12-23,686.0863037109375,SPY,686.325640311278,682.0074163952171,682.0572680421344,64840000,3.1214599609375,0.004570454818432879,676.9813069077013,672.5158581542969,618.4612445068359,60.0580202477707,7.063103954417251,1942669100.0,2.616569272494303,0.2216904879795849,2.394878784514718,669.443832432342,678.4343872070312,687.4249419817205,2.6503829830033947,0.9255530774056556,82.87443169828407,57.90849377853504,0.0035176203055324873,1
2025-12-24,688.4996948242188,SPY,688.9484813838191,685.9267046355759,686.0763204450832,39445600,2.41339111328125,0.0035176203055324873,678.078296233084,673.116240234375,619.1638879394532,61.8448683728907,6.774437725404816,1982114700.0,3.2190951124837284,0.6593730623752085,2.55972205010852,669.9385626030106,679.2994598388672,688.6603570747237,2.7560443631375775,0.991418437439439,94.45884632660962,79.0093624508309,-0.00010141503224314619,0
2025-12-26,688.4298706054688,SPY,689.7761694005526,687.392725060237,688.758988861415,41613300,-0.06982421875,-0.00010141503224314619,679.0641604590253,673.6567590332031,619.8516430664063,61.75878488494,6.460795340755585,1940501400.0,3.64890464929897,0.8713460793523602,2.77755856994661,669.914007281597,679.9293609619141,689.9447146422311,2.945998291983762,0.924373912039698,96.87870612607121,91.4039947169883,-0.003563628207054803,0
2025-12-29,685.9765625,SPY,687.322922191004,684.2014421207446,685.6674092439482,62559500,-2.45330810546875,-0.003563628207054803,679.7224844629276,674.2382983398437,620.5638491821289,58.6688153548754,6.301340565324772,1877941900.0,3.748361564039328,0.7766423952741746,2.9717191687651536,669.8998110529595,680.2521484375,690.6044858220404,3.0436764979924407,0.7764793036521662,91.64008892268372,94.32588045845483,-0.0012211007345822589,0
2025-12-30,685.138916015625,SPY,686.6846823672308,684.7100944386586,685.5777200962995,47160700,-0.837646484375,-0.0012211007345822589,680.238335086994,674.7285083007813,621.2157312011718,57.60897856953396,5.99228680555673,1830781200.0,3.7167464749650208,0.5960218449598935,3.1207246300051272,670.2839853643899,680.6881713867188,691.0923574090476,3.0569610167114103,0.7138920151636233,85.42634410943079,91.31504638606191,-0.007408967373390696,0
2025-12-31,680.062744140625,SPY,685.4879304984822,679.8533550408816,685.2685588951464,74144800,-5.076171875,-0.007408967373390696,680.2216121397207,674.9797778320312,621.8208428955078,51.53348688398791,5.966735994988434,1756636400.0,3.244683945348811,0.09916745227494683,3.145516493073864,670.4903784138037,680.8077392578125,691.1251001018213,3.030917614202319,0.46389604238664817,72.96210624031933,83.34284642414461,0.0018330397334518356,1
2026-01-02,681.309326171875,SPY,684.999261161205,677.9684744567207,683.842447277036,89377200,1.24658203125,0.0018330397334518356,680.3252039523069,675.2561779785157,622.4623986816406,52.848576332548554,6.042739617095281,1846013600.0,2.937300371129936,-0.1665728975551426,3.1038732686850787,670.5593599544743,680.8723052978515,691.1852506412288,3.0293331842498072,0.521187975862982,66.00947512741135,74.79930849238714,0.006660113816063129,1
2026-01-05,685.846923828125,SPY,687.5522884526621,684.5106074856512,684.6701449336617,71927200,4.53759765625,0.006660113816063129,680.8510820357182,675.692734375,623.0965298461914,57.3817177191361,6.05704123593041,1917940800.0,3.0249728781963086,-0.06312031239101623,3.088093190587325,670.603411079072,681.1388946533203,691.6743782275687,3.093490522108743,0.7234367858686805,67.0641714828768,68.67858428353581,0.005947183373089304,1
2026-01-06,689.92578125,SPY,690.4344019511112,685.9067890249802,686.0563439630641,69273800,4.078857421875,0.005947183373089304,681.715339103745,676.1321166992187,623.759137878418,61.01041156850834,5.952072442148683,1987214600.0,3.3845684786034553,0.23718023041290426,3.147388248190551,670.3336480747562,681.5447937011719,692.7559393275876,3.289921874549986,0.8737792652108991,80.79792255297588,71.29052305442133,-0.0032233567922274053,0
2026-01-07,687.701904296875,SPY,692.0699799720542,687.4426026835383,690.3047811958188,75588300,-2.223876953125,-0.0032233567922274053,682.2854881697574,676.4178430175781,624.4097073364258,58.10552786128348,5.857451359746338,1911626300.0,3.4503290527063655,0.24235264361265152,3.207976409093714,670.4526390961489,681.9419158935547,693.4311926909604,3.369576361163032,0.7506680143967341,87.50873755449352,78.45694386344871,-0.00010153268198576093,0
2026-01-08,687.632080078125,SPY,688.7390423054183,685.6175622141362,686.9439569075789,64019200,-0.06982421875,-0.00010153268198576093,682.7946873991258,676.5432775878907,625.0099996948243,58.012132857643266,5.662024840570315,1847607100.0,3.4569608576705377,0.19918755886145867,3.257773298809079,670.6931252262544,682.3648803710937,694.036635515933,3.420971823312994,0.7256387167854621,86.314730063036,84.8737967235018,0.006613342394092614,1
2026-01-09,692.1796264648438,SPY,693.4162394407576,687.3029303433501,688.7489932725086,80125500,4.54754638671875,0.006613342394092614,683.6884911196704,676.7234692382813,625.626208190918,62.26609552371112,5.694259430344402,1927732600.0,3.7855283840598304,0.42220406820060097,3.3633243158592294,670.3630811605417,682.7900024414063,695.2169237222708,3.6400419562180084,0.8777936550501837,84.85685806175401,86.22677522642783,0.0015704538117717881,1
2026-01-12,693.2666625976562,SPY,694.1941832506386,688.7490319805348,688.7988836287034,63976000,1.0870361328125,0.0015704538117717881,684.6006979270976,676.918837890625,626.2818124389648,63.2252124556702,5.676465990327215,1991708600.0,4.086528292719549,0.5785631814882559,3.5079651112312935,669.9796136131233,683.1899322509765,696.4002508888298,3.867246285180994,0.8813961881966103,88.85337094526297,86.67498635668431,-0.0019994751058702853,0
2026-01-13,691.8804931640625,SPY,694.194181802135,689.467040360938,693.595779418591,78309700,-1.38616943359375,-0.0019994751058702853,685.2940117591895,677.2368273925781,626.9379504394532,61.092725733854294,5.60865709396077,1913398900.0,4.16520669035458,0.5257932632986293,3.639413427055951,670.3957441793325,683.8889526367187,697.382161094105,3.9460232265380117,0.7961319597404268,91.14751243147445,88.28591381283047,-0.0049152373416185835,0
2026-01-14,688.479736328125,SPY,689.8360176539858,684.1714948792828,689.1180078469732,94676700,-3.4007568359375,-0.0049152373416185835,685.5974140990882,677.4424560546875,627.6335375976563,56.094030809843574,5.75868146473355,1818722200.0,3.908097121072501,0.21494695521324036,3.6931501658592607,671.23666685507,684.4691467285156,697.7016266019613,3.8664941836141242,0.6515433855923579,81.60191792786462,87.20093376820067,0.0027232143965294497,1
2026-01-15,690.3546142578125,SPY,693.5558934557131,689.3673203481677,692.678285342935,77862000,1.8748779296875,0.0027232143965294497,686.0504807808715,677.6601257324219,628.3200601196289,58.12812758951457,5.709929726366017,1896584200.0,3.8116841922815183,0.09482722113780584,3.7168569711437125,672.5137735379745,685.2355560302734,697.9573385225723,3.7131121934182962,0.7011926485395387,75.6195427214775,82.78965769360552,-0.0008378739908954103,0
2026-01-16,689.7761840820312,SPY,692.359156800422,688.22043529661,691.7707369284135,79289200,-0.57843017578125,-0.0008378739908954103,686.4053096666962,678.0273095703125,628.995880432129,57.24695083580736,5.597700567612159,1817295000.0,3.6465664227415573,-0.05623243872172434,3.7027988614632816,676.4027496910717,686.3444305419922,696.2861113929127,2.8969946891154317,0.6725942318758544,71.29654907241108,76.17266990725106,-0.020356785723545046,0
2026-01-20,675.7345581054688,SPY,682.9049778344743,674.7272992054969,679.6338820353151,111623300,-14.0416259765625,-0.020356785723545046,685.389047613246,678.0671264648438,629.5839434814453,40.99893279561845,6.272785161106599,1705671700.0,2.3555146288435935,-1.0778273860957506,3.433342014939344,677.35079515203,686.4991607666016,695.6475263811732,2.6652226651976667,-0.08833474276469863,51.427445976349,66.11451259007917,0.011541079202094462,1
2026-01-21,683.5332641601562,SPY,686.8641332264262,676.2830453044572,677.7989248999835,127844500,7.7987060546875,0.011541079202094462,685.2123063319993,678.4074938964844,630.3485235595704,49.56143319611041,6.619698729667378,1833516200.0,1.939282343071227,-1.195247737494494,3.134530080565721,678.1850769243503,686.7390045166015,695.2929321088528,2.4911727850007384,0.31261588189329176,41.060481410311326,54.59482548635713,0.005223230019727687,1
2026-01-22,687.103515625,SPY,689.2476843606095,685.0491285530771,687.9711412752974,77112200,3.57025146484375,0.005223230019727687,685.3924215027614,678.806142578125,631.2862744140625,52.92928136654666,6.555035977580652,1910628400.0,1.875880727846038,-1.0069194821757463,2.8828002100217844,678.5688200512702,686.9459381103516,695.3230561694329,2.438945365082174,0.509405234206865,37.99519262675218,43.494373337804156,0.0003627802397405677,1
2026-01-23,687.352783203125,SPY,689.0781127396581,685.2884137823622,686.2757685331861,63059600,0.249267578125,0.0003627802397405677,685.5791226170818,679.0015612792969,632.2297204589844,53.16441641807212,6.357511904703167,1973688000.0,1.8247141326585279,-0.8464688618906058,2.6711829945491337,678.6399504287663,687.0092620849609,695.3785737411556,2.436447983479924,0.5205226625722439,57.88919153401574,45.648288523693076,0.005078147060609828,1
2026-01-26,690.84326171875,SPY,692.2394730275811,688.0409174669724,688.609372319757,60473800,3.490478515625,0.005078147060609828,686.080469198193,679.2357666015625,633.2296713256836,56.445402643135196,6.2524531846855185,2034161800.0,2.0422746119470503,-0.5031267060816669,2.545401318028717,678.6125642719697,687.1264404296875,695.6403165874052,2.4781104777146012,0.7182802063483896,70.4061708678126,55.43018500952684,0.003984264729684606,1
2026-01-27,693.5957641601562,SPY,694.6329705879123,691.6810104865692,692.2893344912051,55506100,2.75250244140625,0.003984264729684606,686.7962115755229,679.5174633789062,633.9856396484375,58.891041745186676,6.076542876433858,2089667900.0,2.409027038488148,-0.1090994236324554,2.518126462120603,678.4265061235175,687.3847351074219,696.3429640913263,2.606467245015107,0.846666124738158,80.8107202385582,69.7020275467955,-0.00010066990364987483,0
2026-01-28,693.5259399414062,SPY,695.9393926651097,692.0499903412962,695.1515053497095,61172200,-0.06982421875,-0.00010066990364987483,687.4371380865593,680.0232800292969,634.8600961303711,58.80084207128005,5.920318551246694,2028495700.0,2.6633453604821398,0.11617511868922925,2.5471702417929105,678.4441449072032,687.7622039794921,697.0802630517811,2.7096746574247117,0.809277711012528,88.73274200614692,79.9832110375059,-0.0019843824489698125,0
2026-01-29,692.1497192382812,SPY,695.1615135683285,682.9648421722587,694.4933553961189,97486200,-1.376220703125,-0.0019843824489698125,687.8859553391044,680.5037609863281,635.681401977539,56.94939405276614,6.3686294687340546,1931009500.0,2.722462105265322,0.14023349077792924,2.5822286144873927,678.6889210662381,688.112744140625,697.5365672150118,2.7390345999640364,0.714189881632458,88.51534837840124,86.01960354103545,-0.0029825802604032114,0
2026-01-30,690.0853271484375,SPY,692.3192774332931,685.2485609149509,689.9058246991844,101835100,-2.06439208984375,-0.0029825802604032114,688.0954193209457,681.0674450683593,636.4667794799805,54.192887361173526,6.418778543706068,1829174400.0,2.5730725835521753,-0.007324824748174308,2.5803974083003496,679.9178031222322,688.6138732910156,697.309943459799,2.525673822754474,0.5846045299119164,81.0529597339356,86.10035003949457,0.004971362130935519,1
2026-02-02,693.5159912109375,SPY,695.0318708971434,687.5423149981101,687.7019133171445,79286500,3.4306640625,0.004971362130935519,688.6116642628497,681.8109094238281,637.276774597168,57.84457874914042,6.49526264051516,1908460900.0,2.7003779537650416,0.09598443637175347,2.604393517393288,680.9618533694679,689.2242065429688,697.4865597164696,2.397580669704975,0.7597192699129229,81.03732599417341,83.53521136883676,-0.00845539643070059,0
2026-02-03,687.6520385742188,SPY,695.0617950648859,682.1670182684101,694.3138377504575,107904600,-5.86395263671875,-0.00845539643070059,688.5202713401229,682.3863830566406,638.1165231323242,50.442485209612485,6.952370794512354,1800556300.0,2.301565392982525,-0.24226249952861068,2.5438278925111355,681.1629574935246,689.3144622802735,697.4659670670223,2.3651048201668243,0.3980296430201972,73.96953284648002,78.68660619152966,-0.004843921678897134,0
2026-02-04,684.3211059570312,SPY,689.5667896413613,679.9031787408285,688.4697490630058,105204600,-3.3309326171875,-0.004843921678897134,688.1203508274475,683.09609375,638.9359094238281,46.78049799449029,7.146030802085245,1695351700.0,1.6971613215625894,-0.6773332567588373,2.3744945783214266,680.6054156849461,689.034228515625,697.463041346304,2.446558525499367,0.22041599135769563,64.91145912329759,73.30610598798367,-0.012489211256201727,0
2026-02-05,675.7744750976562,SPY,681.8279505601881,673.9494421186707,679.0854402743204,113610800,-8.546630859375,-0.012489211256201727,686.944553138896,683.5056079101563,639.7745025634765,38.964218189539324,7.376433161819193,1581740900.0,0.5225019797129562,-1.4815940788867765,2.0040960585997327,678.2186866080256,688.437857055664,698.6570275033025,2.968799679710873,-0.11958952651260167,38.15279824368749,59.01126340448837,0.019184711840951385,1
2026-02-06,688.739013671875,SPY,690.4244132010324,678.995603890688,679.6039887472712,89127600,12.96453857421875,0.019184711840951385,687.1154541420369,683.9815124511719,640.6118258666992,52.05168060893446,7.895969229073261,1670868500.0,0.6304385983755765,-1.098925968179325,1.7293645665549016,678.2801006137696,688.4932037353516,698.7063068569336,2.96679852936,0.5120340475170557,40.26114940094051,47.77513558930852,0.004821832103010459,1
2026-02-09,692.0599975585938,SPY,693.9747512796714,686.4652913399738,687.5423060693106,73885200,3.32098388671875,0.004821832103010459,687.5863630388519,684.3987475585938,641.4253671264648,54.72949611344593,7.868361422689288,1744753700.0,0.9727416313295407,-0.6052983481802889,1.5780399795098297,678.2826256106638,688.4872222900391,698.6918189694144,2.964353251301564,0.6750571522231578,52.63792339865925,43.683957014429076,-0.002637160432080843,0
2026-02-10,690.2349243164062,SPY,694.64286887948,689.7761552680904,693.0572335194393,65185700,-1.8250732421875,-0.002637160432080843,687.8386069700476,684.6868090820312,642.1740713500976,52.978422134215144,7.653958007596455,1679568000.0,1.0842525052777319,-0.3950299793856784,1.4792824846634103,678.3314281828785,688.3356353759766,698.3398425690747,2.9067817148922295,0.5949245104469632,74.55770775380824,55.818926851135984,-0.00023105881441631837,0
2026-02-11,690.075439453125,SPY,695.2413241987686,687.3029816841566,694.4933668556342,76353900,-0.15948486328125,-0.00023105881441631837,688.0516386351026,684.8979016113282,642.9024520874024,52.819384379449374,7.674271186668989,1603214100.0,1.1465399814679813,-0.2661940025563432,1.4127339840243245,678.33862945482,688.2453826904297,698.1521359260394,2.8788433558051842,0.5923641035146217,76.58352067901649,67.92638394382799,-0.0154488742279012,0
2026-02-12,679.41455078125,SPY,693.4561594586687,678.5169776231163,692.3491972008484,118829000,-10.660888671875,-0.0154488742279012,687.2290588394976,684.9578234863282,643.5764904785157,43.43333179207428,8.193193375874948,1484385100.0,0.33183346640805667,-0.8647204140930143,1.196553880501071,677.1663190718887,687.792123413086,698.4179277542833,3.089830191270006,0.10579113058974358,57.41499678043118,69.51874173775195,0.0007044854938154099,1
2026-02-13,679.8931884765625,SPY,684.410879804094,675.6747287653898,679.833354327075,96267500,0.4786376953125,0.0007044854938154099,686.5304045192181,685.0022595214843,644.235768737793,43.91520519623657,8.231976066077035,1580652600.0,-0.272069012333759,-1.174898314267864,0.902829301934105,676.179477453908,687.2690521240235,698.3586267941389,3.227142160946375,0.1674415445644779,41.73853915189796,58.57901887044853,0.0016134664707250224,1
2026-02-17,680.9901733398438,SPY,683.074507822494,673.9394826742099,678.287593220413,81354700,1.09698486328125,0.0016134664707250224,686.0027634545158,685.0217028808594,644.8994442749023,45.07014468984269,8.296479571948964,1662007300.0,-0.6546027144215714,-1.2459456130845412,0.5913428986629697,675.4792252492168,686.8297515869141,698.1802779246113,3.305193553852893,0.24276178595894787,27.976952126617807,42.376829352982305,0.005037758541617032,1
2026-02-18,684.4208374023438,SPY,687.2730943282486,680.9702998190471,682.157061237011,73570300,3.4306640625,0.005037758541617032,685.8521038304995,685.0998168945313,645.5608462524414,48.63271121285105,8.15407349603843,1735577600.0,-0.6731775391123165,-1.0116163502202289,0.3384388111079125,677.0356813443617,687.2640655517578,697.4924497591538,2.9765514363636587,0.3610128397719895,36.09402831608063,35.26983986486545,-0.0026374339404172664,0
2026-02-19,682.61572265625,SPY,684.311104689823,679.6937101433548,681.9775120282383,58649400,-1.80511474609375,-0.0026374339404172664,685.5438770519995,685.1159753417969,646.1722421264649,46.90877985897074,7.909291621963468,1676928200.0,-0.8240566830556872,-0.9299963953308799,0.10593971227519255,676.9153215357483,687.2181884765625,697.5210554173768,2.998426733627019,0.27664149955775363,40.66090295897275,34.91062780055705,0.007231864589122949,1
2026-02-20,687.5523071289062,SPY,688.1805961724377,679.8732661615737,680.4616860592505,100034000,4.93658447265625,0.007231864589122949,685.735156106943,685.2718322753906,646.8243869018555,51.927517352646696,7.937722935456364,1776962200.0,-0.5390742688615546,-0.5160111849093978,-0.02306308395215688,676.9369029901999,687.2406280517578,697.5443531133157,2.9985785592355536,0.5151245823858075,51.27947760931008,42.678136294787805,-0.010211314710874664,0
2026-02-23,680.531494140625,SPY,688.1207533479937,678.5169762252317,685.9566804858357,90558100,-7.02081298828125,-0.010211314710874664,685.239569253008,685.2990063476562,647.4647103881836,45.36014389936673,8.0567268059782,1686404100.0,-0.8697190058786646,-0.6773247375412061,-0.19239426833745843,676.1896882440201,686.8995635986328,697.6094389532454,3.1183235285531907,0.20270104706377004,45.19339461779223,45.711258395358335,0.00726845293039502,1
2026-02-24,685.4779052734375,SPY,686.4751816677359,678.1479481229125,680.0427976196477,73798700,4.9464111328125,0.00726845293039502,685.2622679216203,685.3350207519532,648.1181494140625,50.144210740478414,8.076048715895718,1760202800.0,-0.7242743190907959,-0.42550404060266994,-0.29877027848812593,676.0621316126462,686.6312957763672,697.2004599400882,3.0785559087488243,0.44543605884707693,49.672166423957,48.71501288368643,0.008438348943581309,1
2026-02-25,691.26220703125,SPY,691.7907319065998,688.2204651135966,688.3002642742074,56369500,5.7843017578125,0.008438348943581309,685.833690693966,685.4549035644532,648.7811813354492,55.09554797096109,7.950104281414761,1816572300.0,-0.14064230951316858,0.12650237517996588,-0.26714468469313446,676.2072865452494,686.5146179199219,696.8219492945943,3.0028002625502,0.7303015658831961,55.47745466326509,50.1143385683381,-0.005554476391621099,0
2026-02-26,687.422607421875,SPY,691.4117130049051,682.486077089091,691.391808867856,71671000,-3.839599609375,-0.005554476391621099,685.9850160966239,685.6453540039063,649.4285745239258,51.443338041582024,8.019785112443282,1744901300.0,0.011929151482377165,0.2232590689404093,-0.21132991745803215,676.401202975402,686.2094512939453,696.0176996124886,2.8586747967543866,0.5618436691512028,66.26073721547279,57.13678610089829,-0.004801943258527341,0
2026-02-27,684.1216430664062,SPY,684.9892686841309,679.7835149777827,681.2295779636313,83308900,-3.30096435546875,-0.004801943258527341,685.807551998508,685.7902697753906,649.9672698974609,48.46866096288397,7.992592778989639,1661592400.0,-0.13199554021366566,0.06346750179549318,-0.19546304200915884,676.3543885642307,685.8080474853516,695.2617064064725,2.756940212581226,0.4108067874557186,64.13844463423025,61.95887883765604,0.0005685787823312971,1
2026-03-02,684.5106201171875,SPY,686.744509644098,676.1734035367807,676.8515442239554,87477200,0.38897705078125,0.0005685787823312971,685.6840346764775,685.9799536132813,650.4888781738281,48.84404406437353,8.176772302441615,1749069600.0,-0.21222331979663522,-0.013408222229981087,-0.19881509756665414,676.2698017415529,685.5293121337891,694.7888225260252,2.7014192473885243,0.44499212304704,53.57349432812851,61.32422539261051,-0.00881433848279567,0
2026-03-03,678.4771118164062,SPY,680.7508704958498,667.8361281509542,673.221445388408,105003100,-6.03350830078125,-0.00881433848279567,684.9976610707564,686.1975219726562,650.976611328125,43.54527549253726,8.783752278426734,1644066500.0,-0.7539668483665309,-0.4441214006399014,-0.30984544772662953,675.7959344758075,684.7773681640625,693.7588018523176,2.623168961420238,0.14926221323133093,45.41774789166675,54.37656228467517,0.007055308353084655,1
2026-03-04,683.2639770507812,SPY,685.2186606854194,677.7689744100875,679.7735096903759,79182200,4.786865234375,0.007055308353084655,684.8325483069492,686.4100024414063,651.4740914916993,48.334144240915094,8.688461849634248,1723248700.0,-0.7879593737247887,-0.38249114079852736,-0.4054682329262614,675.6540937503131,684.5579650878906,693.461836425468,2.601349130875805,0.4273356505249439,49.55724073578096,49.51616098519207,-0.005575546846393831,0
2026-03-05,679.4544067382812,SPY,683.6629449535216,673.7699188745959,680.2223290726917,106606500,-3.8095703125,-0.005575546846393831,684.3203443480285,686.4243627929687,651.9340356445313,45.05834446565796,8.774502151726493,1616642200.0,-1.1095094470257436,-0.5632329712795857,-0.5462764757461579,675.1363885579337,684.3146301269531,693.4928716959726,2.6824624711930154,0.23523123399381396,49.18249803114392,48.05249555286387,-0.013107135070836495,0
2026-03-06,670.5487060546875,SPY,674.2685275228549,667.9358467743081,671.5758690877306,100687000,-8.90570068359375,-0.013107135070836495,683.0087597486627,686.1760400390625,652.3462380981446,38.49087731372209,8.970506281172685,1515955200.0,-2.059218425687618,-1.210353559953168,-0.84886486573445,673.6957205576676,684.0533416748046,694.4109627919416,3.028308023984761,-0.15191782299186973,40.01432587790753,46.2513548816108,0.008760025013039074,1
2026-03-09,676.4227294921875,SPY,678.0681991431876,660.5859743093405,664.5750801817165,102667700,5.8740234375,0.008760025013039074,682.3815187718556,685.9827685546875,652.7976977539063,44.261590794639275,9.578486177792287,1618622900.0,-2.311242468933301,-1.169902082559081,-1.1413403863742202,672.8065561701347,683.4375274658203,694.0684987615058,3.1110294265241962,0.1700772780526812,36.85871786245676,42.01851392383606,-0.0016071269053671289,0
2026-03-10,675.3356323242188,SPY,681.4987932365287,672.9222404542279,675.87413967305,81505300,-1.08709716796875,-0.0016071269053671289,681.7104819673186,685.7194873046875,653.29310546875,43.44915566637155,9.506919506685755,1537117600.0,-2.569078260158335,-1.1421902990272919,-1.4268879611310432,672.1859719728013,682.6013092041015,693.0166464354018,3.051660490790524,0.15120299427041364,36.447418718322155,37.77348748622881,-0.0012551629285171284,0
2026-03-11,674.4879760742188,SPY,678.2277626375325,671.5061293267642,675.7345715953234,68441700,-0.84765625,-0.0012551629285171284,681.0226242632139,685.4406494140625,653.7831378173828,42.789623132537166,9.307970492691652,1468675900.0,-2.80942841556066,-1.1060323635436933,-1.7033960520169669,671.4452393629261,681.8139617919921,692.1826842210581,3.0415107375666466,0.14672669328880333,47.52311120501583,40.27641592859824,-0.015184948869363502,0
2026-03-12,664.2459106445312,SPY,669.8207124533001,664.0564256954588,669.3319958917509,108882200,-10.2420654296875,-0.015184948869363502,679.4248420138155,685.0060363769531,654.2416348266602,35.73191580378555,9.38822619883939,1359793700.0,-3.782751524120954,-1.6634843776831896,-2.1192671464377644,668.3193857116694,680.5224853515625,692.7255849914557,3.58639131037351,-0.16690329454581934,34.51567282567746,39.495400916338475,-0.005660109501006372,0
2026-03-13,660.4862060546875,SPY,670.5088831921612,659.5587462493693,667.4472371497842,97200200,-3.75970458984375,-0.005660109501006372,677.6211623986604,684.5129821777343,654.6218151855469,33.544660660799344,9.499791251978857,1262593500.0,-4.802137784158617,-2.146296510176682,-2.655841273981935,664.5634796545345,679.5760681152344,694.5886565759344,4.418221642894663,-0.1357951565288194,19.719044291051365,33.919276107248216,0.010176866111483163,1
2026-03-16,667.2078857421875,SPY,670.239584206393,665.3030536555561,666.5596317087426,82023100,6.7216796875,0.010176866111483163,676.6294217647106,684.2558850097656,655.0525100708007,40.551076547554366,9.517904601959335,1344616600.0,-5.00987464775892,-1.8832266990215878,-3.1266479487373324,662.9936708868382,678.9418029785156,694.889935070193,4.69793788560757,0.13212252165720637,12.779248797542062,22.33798863809029,0.00263055486997521,1
2026-03-17,668.9630126953125,SPY,672.60309589337,667.8760155087483,670.5586914524959,87128000,1.755126953125,0.00263055486997521,675.8992875676252,684.0089587402343,655.4805123901367,42.262813613608046,9.223426426903847,1431744600.0,-4.975528733831766,-1.4791046280755462,-3.4964241057562195,661.848856843329,678.340444946289,694.832033049249,4.862333722196326,0.21569044192616532,18.71098628120985,17.06975978993442,-0.013953645387120184,0
2026-03-18,659.6285400390625,SPY,667.8959397089973,659.3892034355257,666.5396583763402,82062600,-9.33447265625,-0.013953645387120184,674.3496925649049,683.4845910644531,655.8651043701171,36.279754004163166,9.248453772109773,1349682000.0,-5.636548657221169,-1.7120996411719598,-3.9244490160492096,658.9773993697937,677.100830078125,695.2242607864563,5.3532442741918285,0.017964056578136083,18.043475190903468,16.51123675655179,-0.0024643404851918405,0
2026-03-19,658.0029907226562,SPY,661.1743225351036,653.3855958813168,655.1806813207687,111272500,-1.62554931640625,-0.0024643404851918405,672.7928638180241,682.8461352539063,656.2251571655273,35.34144839453155,9.144187549372415,1238409500.0,-6.2198810366016914,-1.8363456164419851,-4.383535420159706,656.1404301659074,675.8701934814453,695.5999567969832,5.838329166110654,0.047201796771732515,14.746823285835044,17.167094919316117,-0.01433577587250423,0
2026-03-20,648.5700073242188,SPY,656.6900024414062,644.719970703125,656.510009765625,163617500,-9.4329833984375,-0.01433577587250423,670.4859251043283,682.0634973144531,656.521336364746,30.424096652048853,9.439818440098046,1074792000.0,-7.358514698537647,-2.3799834227023524,-4.978531275835294,651.6537697068983,673.9210784912109,696.1883872755235,6.608283816901865,-0.06924416445089357,8.074350493085532,13.62154965660801,0.01050001924493782,1
2026-03-23,655.3800048828125,SPY,662.6199951171875,653.9400024414062,658.0700073242188,134802700,6.80999755859375,0.01050001924493782,669.0472660356126,681.4184558105469,656.8523565673828,37.215816323466676,9.769116251017381,1209594700.0,-7.623501213060649,-2.1159759497802835,-5.507525263280366,649.2216220758005,672.6635040283203,696.1053859808401,6.969868831038245,0.13135427478658623,16.556685517988928,13.12595309896983,-0.0033568497522664664,0
2026-03-24,653.1799926757812,SPY,657.030029296875,649.8800048828125,651.3200073242188,96457500,-2.20001220703125,-0.0033568497522664664,667.5360971442001,680.6384631347656,657.1866137695313,35.99343416870829,9.582038262663461,1113137200.0,-7.919733772714494,-1.9297668075473027,-5.989966965167191,646.920410269175,671.0486083984375,695.1768065277,7.1911923599240355,0.12971508218457997,19.18420774968305,14.605081253585835,0.0055727589473859585,1
2026-03-25,656.8200073242188,SPY,660.8900146484375,654.239990234375,658.6699829101562,90653800,3.6400146484375,0.0055727589473859585,666.5155171613447,679.9095300292969,657.5089657592773,39.532311761354215,9.448322813377233,1203791000.0,-7.771199894246365,-1.4249863432633383,-6.346213550983027,646.324759402165,669.3264984130859,692.3282374240068,6.873099769830123,0.22814031402301252,26.981839863915543,20.90757771052917,-0.017858744158138706,0
2026-03-26,645.0900268554688,SPY,654.8499755859375,644.8200073242188,652.0599975585938,96494400,-11.72998046875,-0.017858744158138706,664.4749942750708,678.973720703125,657.7699987792969,33.168151297418426,9.630585469564574,1107296600.0,-8.501991452563516,-1.7246223212643903,-6.7773691312991255,643.4791508492167,667.2098693847656,690.9405879203146,7.113419517439403,0.033940733902324584,18.54325417495976,21.569767262852782,-0.017051883523327982,0
2026-03-27,634.0900268554688,SPY,642.6599731445312,633.1099853515625,642.5,103649400,-11.0,-0.017051883523327982,661.5811878541563,677.8859265136718,657.959224243164,28.529762533241964,9.798403757731837,1003647200.0,-9.855153027284018,-2.462227116787914,-7.392925910496104,638.2451339620426,664.7082885742187,691.1714431863949,7.9623362810591365,-0.07850740335889514,11.976993661612356,19.167362566829215,-0.0033434623831846144,0
2026-03-30,631.969970703125,SPY,640.3699951171875,629.280029296875,640.1099853515625,99275900,-2.12005615234375,-0.0033434623831846144,658.7610719350105,676.7182336425781,658.1463522338868,27.725019721548897,9.890658190773314,904371300.0,-10.972134204505323,-2.8633666352073757,-8.108767569297948,633.6448994782788,662.0812561035157,690.5176127287525,8.589989933438275,-0.029450481248841778,2.842350708487961,11.120866181686688,0.02906792569891481,1
2026-03-31,650.3400268554688,SPY,651.5399780273438,637.97998046875,638.9400024414062,152534100,18.37005615234375,0.02906792569891481,657.9590676417208,675.9295104980469,658.4135159301758,42.784787299501424,10.582040271733703,1056905400.0,-10.256805756220842,-1.718430549538315,-8.538375206682527,632.8442761181295,660.6744018554688,688.504527592808,8.424762836029313,0.3143311478802528,18.71079912178006,11.176714497293455,0.007534463782890022,1
2026-04-01,655.239990234375,SPY,658.52001953125,653.0,653.9000244140625,97841500,4.89996337890625,0.007534463782890022,657.7001078886402,675.519619140625,658.7385467529297,46.01597778169843,10.410465443451386,1154746900.0,-9.188596294931699,-0.5201768705993359,-8.668419424332363,633.3789706353706,659.2732025146485,685.1674343939263,7.855387350952588,0.4221214149337042,38.00961633235287,19.854255387540295,0.0009004744280911581,1
2026-04-02,655.8300170898438,SPY,658.2000122070312,645.1099853515625,646.4199829101562,68358700,0.59002685546875,0.0009004744280911581,657.5220040030405,674.9655541992188,659.0384494018555,46.40845185762185,10.601862687166912,1223105600.0,-8.199899032859548,0.37481631317825226,-8.5747153460378,633.88774722223,658.0919830322266,682.2962188422232,7.355882288209341,0.45327334520826634,56.60567765918847,37.77536437110713,0.004726797348638012,1
2026-04-06,658.9299926757812,SPY,659.719970703125,655.52001953125,655.8599853515625,39105800,3.0999755859375,0.004726797348638012,657.6560981623492,674.4020837402344,659.3793103027343,48.52586671597825,10.144583293217492,1262211400.0,-7.084541028279773,1.1921394542064228,-8.276680482486196,633.9823085853317,657.5110473632812,681.0397861412308,7.156910556044152,0.5301534503377162,63.21490956507535,52.61006785220556,0.0004400741058487867,1
2026-04-07,659.219970703125,SPY,659.6099853515625,651.0599975585938,656.6500244140625,69980400,0.28997802734375,0.0004400741058487867,657.8050384043278,673.8394274902344,659.7220660400391,48.72993009035625,10.030683614628296,1332191800.0,-6.1068173811623865,1.735890481059048,-7.842707862221435,634.7489474343447,656.6509094238281,678.5528714133115,6.670808393062635,0.55864911281762,69.08519555956082,62.96859426127488,0.025469554638327674,1
2026-04-08,676.010009765625,SPY,677.0800170898438,671.4600219726562,676.3900146484375,93606100,16.7900390625,0.025469554638327674,659.5388452006418,673.5427624511718,660.1557080078124,58.891840332617335,10.589923812634757,1425797900.0,-3.93182488477521,3.12870638195698,-7.06053126673219,634.6659414509634,656.6846282958984,678.7033151408334,6.706015611199452,0.9388404632352553,81.24445161136731,71.18151891200115,0.00576909117108837,1
2026-04-09,679.9099731445312,SPY,681.1599731445312,673.77001953125,674.8400268554688,57134400,3.89996337890625,0.00576909117108837,661.4789526238694,673.2690466308594,660.5797467041016,60.83369853194362,10.361354512680935,1482932300.0,-1.8718556236498216,4.150940514465895,-6.022796138115717,633.9552916296993,656.9557281494141,679.9561646691288,7.002126790036503,0.9989958554795689,90.96157951757318,80.4304088961671,-0.0006617805145495703,0
2026-04-10,679.4600219726562,SPY,682.030029296875,678.4500122070312,681.3200073242188,42253500,-0.449951171875,-0.0006617805145495703,663.191435418992,672.9877282714843,660.9686642456055,60.47873663992745,9.876973268192565,1440678800.0,-0.2724814456113336,4.600251754003507,-4.87273319961484,632.869609287002,657.7164337158204,682.5632581446387,7.555482318860191,0.9375526602831554,96.82667655075966,89.67756922656672,0.009772397784351794,1
2026-04-13,686.0999755859375,SPY,686.2999877929688,676.5800170898438,677.4099731445312,54185800,6.63995361328125,0.009772397784351794,665.3732011491774,672.8667333984375,661.3890960693359,63.83255600825264,9.865758799259169,1494864600.0,1.5133776025794532,5.108888641755435,-3.5955110391759817,631.2411355524301,658.9971221923828,686.7531088323354,8.423704961749369,0.9882343716533967,97.4559211618029,95.08139241004524,0.01218488075237012,1
2026-04-14,694.4600219726562,SPY,694.5800170898438,687.6599731445312,687.6900024414062,63480500,8.36004638671875,0.01218488075237012,668.1433745609372,672.9542272949219,661.8277780151367,67.56467458746776,9.766778992448245,1558345100.0,3.562206738392206,5.72617422205455,-2.1639674836623444,628.7210164887458,660.3597290039063,691.9984415190668,9.58226588495475,1.0389014004980441,98.19780421016473,97.49346730757577,0.007890994867038925,1
2026-04-15,699.9400024414062,SPY,700.280029296875,694.2000122070312,695.260009765625,58240400,5.47998046875,0.007890994867038925,671.1716248352675,673.0827075195313,662.278787536621,69.76696396902184,9.503438856547923,1616585500.0,5.563969241297968,6.18234937996825,-0.6183801386702819,625.9930010671716,661.908578491211,697.8241559152503,10.85212628786508,1.0294558333446102,99.66218445530687,98.43863660909149,0.002457311622604319,1
2026-04-16,701.6599731445312,SPY,702.780029296875,698.530029296875,701.0599975585938,49972400,1.719970703125,0.002457311622604319,674.0752770551974,673.3628662109375,662.7238204956054,70.44524582377102,9.128193223937357,1666557900.0,7.206100269849003,6.259584326815428,0.946515943033575,624.1697529556766,664.0101501464844,703.8505473372923,11.999936200378508,0.972508128090821,99.27114774312726,99.04371213619963,0.012085685130224011,1
2026-04-17,710.1400146484375,SPY,712.3900146484375,705.760009765625,706.1400146484375,70661900,8.48004150390625,0.012085685130224011,677.5100139688393,673.8792443847656,663.2122451782227,73.59111148157646,9.24261095822085,1737219800.0,9.087019910537038,6.51240317400277,2.5746167365342676,622.1372279327389,666.6170013427734,711.0967747528078,13.344926193132906,0.9892449979954877,98.42998236421609,99.12110485421674,-0.001999667552905704,0
2026-04-20,708.719970703125,SPY,709.9099731445312,706.1400146484375,708.780029296875,43546800,-1.4200439453125,-0.001999667552905704,680.4823908006761,674.538154296875,663.6796875,72.20509261998316,8.868138746919362,1693673000.0,10.343839258338448,6.215378017443344,4.1284612408951045,622.384016143809,669.6244995117188,716.8649828796285,14.109544499150456,0.9137920317932605,96.94555619535305,98.2155621008988,-0.006546949154936255,0
2026-04-21,704.0800170898438,SPY,711.280029296875,702.6400146484375,710.280029296875,58941400,-4.63995361328125,-0.006546949154936255,682.7297837805968,674.8449743652344,664.0996856689453,67.71723051793911,8.851844168456372,1634731600.0,10.84050952170071,5.369638624644484,5.470870897056226,623.0207218969471,672.0595001220703,721.0982783471935,14.59358232900986,0.8264815940231656,93.33639869832136,96.23731241929683,0.010126696838070659,1
2026-04-22,711.2100219726562,SPY,711.4500122070312,708.219970703125,709.1500244140625,42518500,7.1300048828125,0.010126696838070659,685.4421874179358,675.2279748535157,664.5784381103516,70.72804675286106,8.745997807651452,1677250100.0,11.674875393656862,4.963203597280508,6.711671796376354,623.9081619130762,674.9610015869141,726.013841260752,15.127641316700231,0.8550147319652234,93.65419973983921,94.64538487783788,-0.0038807239498251933,0
2026-04-23,708.4500122070312,SPY,712.3599853515625,702.280029296875,709.5,56174000,-2.760009765625,-0.0038807239498251933,687.633408826421,675.5922766113281,665.0450759887696,68.08109825075147,8.8412805395826,1621076100.0,11.975362116664769,4.2109522562307315,7.7644098604340375,625.2145026660222,677.5425018310547,729.8705009960871,15.446410822528872,0.795324786626183,93.15684147045374,93.38247996953811,0.007749297960024215,1
2026-04-24,713.9400024414062,SPY,714.469970703125,709.010009765625,710.75,45182000,5.489990234375,0.007749297960024215,690.1387986945149,676.0695678710938,665.5207205200195,70.45004999563882,8.639757536476253,1666258100.0,12.512262763169133,3.7982823221880757,8.713980440981057,628.5909237603707,680.9850006103516,733.3790774603324,15.38773300528534,0.8144916736047688,96.99536740395034,94.60213620474777,0.0017228064887020444,1
2026-04-27,715.1699829101562,SPY,715.6300048828125,712.2999877929688,713.1699829101562,33135900,1.22998046875,0.0017228064887020444,692.5227210007665,676.7846765136719,665.9937887573242,70.96988833587424,8.260490361716789,1699394000.0,12.88843962887006,3.339567350311203,9.548872278558857,635.3067695620002,685.0389984130859,734.7712272641716,14.519532162779614,0.802932174901031,97.23282467500928,95.79501118313779,-0.004865948728146163,0
2026-04-28,711.6900024414062,SPY,712.8800048828125,709.25,711.8200073242188,43117400,-3.47998046875,-0.004865948728146163,694.3481763760656,677.4206127929688,666.4603646850586,67.35934401343648,8.093311258033893,1656276600.0,12.758683009004812,2.5678485843567636,10.190834424648049,644.4320340230589,689.025,733.617965976941,12.943787519158539,0.7541320356794198,96.23680082470942,96.82166430122301,-0.00015454109399481997,0
2026-04-29,711.5800170898438,SPY,712.2000122070312,708.3699951171875,711.0,41859200,-0.1099853515625,-0.00015454109399481997,695.989304063092,678.0324096679688,666.9204907226563,67.24290788164444,7.788790246020311,1614417400.0,12.50284998238726,1.8496124461913688,10.653237536195892,650.2125493024614,692.0869995117188,733.9614497209761,12.100920906995976,0.7327555046181308,93.05829742740134,95.50930764237334,0.009949627427204177,1
2026-04-30,718.6599731445312,SPY,719.7899780273438,710.4500122070312,714.6300048828125,67240900,7.0799560546875,0.009949627427204177,698.1484154041815,678.7171923828125,667.4292541503906,70.74819060885017,7.899588501326896,1681658300.0,12.724711199714534,1.6571789308149132,11.06753226889962,655.4719105735079,695.2579986572266,735.0440867409453,11.444985360990831,0.7940974548447906,92.53374140552522,93.94294655254532,0.0027691138283709726,1
